2026-04-15 08:44:44.249513: E external/local_xla/xla/stream_executor/cuda/cuda_fft.cc:477] Unable to register cuFFT factory: Attempting to register factory for plugin cuFFT when one has already been registered
WARNING: All log messages before absl::InitializeLog() is called are written to STDERR
E0000 00:00:1776242684.257943 1620942 cuda_dnn.cc:8310] Unable to register cuDNN factory: Attempting to register factory for plugin cuDNN when one has already been registered
E0000 00:00:1776242684.260494 1620942 cuda_blas.cc:1418] Unable to register cuBLAS factory: Attempting to register factory for plugin cuBLAS when one has already been registered
==========================================================================================
UPDATE RECORDS LIST
==========================================================================================
Excel input               : /home/kestutis/DI/2025_ZIVEO/PROJECT_TRAIN_UNET/0_SELECT_ZIVE_DATA_2023/AtsisiuntimasZiveDuomenu/Atsisiusti_visi_anotuoti_duomenys_26_04_14/visi_zive_irasai_annot-Darb.xlsx
Input directory           : /home/kestutis/DI/2025_ZIVEO/PROJECT_TRAIN_UNET/0_SELECT_ZIVE_DATA_2023/AtsisiuntimasZiveDuomenu/Atsisiusti_visi_anotuoti_duomenys_26_04_14
Sampling frequency        : 200 Hz
Denoising enabled         : True
Quiet mode                : False
Output Excel              : None
Found JSON files          : 1088
Records to process        : 1088

Denoising will be performed for each record using the specified config and model.

*****Denoising pipeline config:

Denoising config path: /home/kestutis/DI/2025_ZIVEO/PROJECT_TRAIN_UNET/CONFIG/denoising_config.yaml
Denoising model directory: /home/kestutis/DI/2025_ZIVEO/PROJECT_TRAIN_UNET/MODEL_UNET

Check if the conditions are met:
OK. 2*sliding_window_size is less than main_window_size
OK. main_window_size is less than all specified values: t_gap_max, extra_interval, t_start_gap_max, t_end_gap_max

UNet marker: _1024_0_5_3_7_0_12

2026-04-15 08:44:45.519433: E external/local_xla/xla/stream_executor/cuda/cuda_driver.cc:152] failed call to cuInit: INTERNAL: CUDA error: Failed call to cuInit: CUDA_ERROR_NO_DEVICE: no CUDA-capable device is detected

Check if the conditions are met:
OK. 2*sliding_window_size is less than main_window_size
OK. main_window_size is less than all specified values: t_gap_max, extra_interval, t_start_gap_max, t_end_gap_max

------------------------------------------------------------------------------------------
1/1088 | 1621694.321 | 1001_0 | row 4 | new: False | elapsed: 00:00
WARNING: All log messages before absl::InitializeLog() is called are written to STDERR
I0000 00:00:1776242686.173805 1621122 service.cc:148] XLA service 0x7323640195a0 initialized for platform Host (this does not guarantee that XLA will be used). Devices:
I0000 00:00:1776242686.173832 1621122 service.cc:156]   StreamExecutor device (0): Host, Default Version
I0000 00:00:1776242686.369480 1621122 device_compiler.h:188] Compiled cluster using XLA!  This line is logged at most once for the lifetime of the process.
Noise stats for 1621694.321: out=0, rdr=0, mra=5, tp_pct=2.2 with enabled detecting motions

Noise stats for 1621694.321: out=0, rdr=0, mra=0, tp_pct=0.0 with disabled detecting motions
/home/kestutis/miniconda3/envs/ITP259/lib/python3.11/site-packages/sklearn/base.py:376: InconsistentVersionWarning: Trying to unpickle estimator StandardScaler from version 0.24.1 when using version 1.5.2. This might lead to breaking code or invalid results. Use at your own risk. For more info please refer to:
https://scikit-learn.org/stable/model_persistence.html#security-maintainability-limitations
  warnings.warn(
/home/kestutis/miniconda3/envs/ITP259/lib/python3.11/site-packages/sklearn/base.py:486: UserWarning: X has feature names, but StandardScaler was fitted without feature names
  warnings.warn(
ectopy_stats={'ectN': 6006, 'ectS': 0, 'ectV': 9, 'ectU': 3} with disabled detecting motions
Done 1/1088 | 1621694.321 | record time: 00:31

------------------------------------------------------------------------------------------
2/1088 | 1626330.744 | 1001_1 | row 5 | new: False | elapsed: 00:31
Noise stats for 1626330.744: out=0, rdr=0, mra=3, tp_pct=18.5 with enabled detecting motions

Noise stats for 1626330.744: out=0, rdr=0, mra=0, tp_pct=0.0 with disabled detecting motions
/home/kestutis/miniconda3/envs/ITP259/lib/python3.11/site-packages/sklearn/base.py:486: UserWarning: X has feature names, but StandardScaler was fitted without feature names
  warnings.warn(
ectopy_stats={'ectN': 788, 'ectS': 5, 'ectV': 2, 'ectU': 3} with disabled detecting motions
Done 2/1088 | 1626330.744 | record time: 00:04

------------------------------------------------------------------------------------------
3/1088 | 1626924.927 | 1001_2 | row 6 | new: False | elapsed: 00:36
Noise stats for 1626924.927: out=0, rdr=0, mra=0, tp_pct=0.0 with enabled detecting motions

Noise stats for 1626924.927: out=0, rdr=0, mra=0, tp_pct=0.0 with disabled detecting motions
/home/kestutis/miniconda3/envs/ITP259/lib/python3.11/site-packages/sklearn/base.py:486: UserWarning: X has feature names, but StandardScaler was fitted without feature names
  warnings.warn(
ectopy_stats={'ectN': 740, 'ectS': 2, 'ectV': 4, 'ectU': 2} with disabled detecting motions
Done 3/1088 | 1626924.927 | record time: 00:04

------------------------------------------------------------------------------------------
4/1088 | 1626931.201 | 1001_5 | row 9 | new: False | elapsed: 00:40
Noise stats for 1626931.201: out=0, rdr=0, mra=1, tp_pct=2.9 with enabled detecting motions

Noise stats for 1626931.201: out=0, rdr=0, mra=0, tp_pct=0.0 with disabled detecting motions
/home/kestutis/miniconda3/envs/ITP259/lib/python3.11/site-packages/sklearn/base.py:486: UserWarning: X has feature names, but StandardScaler was fitted without feature names
  warnings.warn(
ectopy_stats={'ectN': 802, 'ectS': 2, 'ectV': 0, 'ectU': 3} with disabled detecting motions
Done 4/1088 | 1626931.201 | record time: 00:04

------------------------------------------------------------------------------------------
5/1088 | 1626933.71 | 1001_3 | row 7 | new: False | elapsed: 00:44
Noise stats for 1626933.710: out=0, rdr=0, mra=1, tp_pct=1.4 with enabled detecting motions

Noise stats for 1626933.710: out=0, rdr=0, mra=0, tp_pct=0.0 with disabled detecting motions
/home/kestutis/miniconda3/envs/ITP259/lib/python3.11/site-packages/sklearn/base.py:486: UserWarning: X has feature names, but StandardScaler was fitted without feature names
  warnings.warn(
ectopy_stats={'ectN': 863, 'ectS': 1, 'ectV': 1, 'ectU': 2} with disabled detecting motions
Done 5/1088 | 1626933.71 | record time: 00:04

------------------------------------------------------------------------------------------
6/1088 | 1626934.963 | 1001_4 | row 8 | new: False | elapsed: 00:48
Noise stats for 1626934.963: out=1, rdr=0, mra=0, tp_pct=3.5 with enabled detecting motions

Noise stats for 1626934.963: out=1, rdr=0, mra=0, tp_pct=3.5 with disabled detecting motions
/home/kestutis/miniconda3/envs/ITP259/lib/python3.11/site-packages/sklearn/base.py:486: UserWarning: X has feature names, but StandardScaler was fitted without feature names
  warnings.warn(
ectopy_stats={'ectN': 743, 'ectS': 2, 'ectV': 1, 'ectU': 2} with disabled detecting motions
Done 6/1088 | 1626934.963 | record time: 00:04

------------------------------------------------------------------------------------------
7/1088 | 1626941.468 | 1000_1 | row 2 | new: False | elapsed: 00:52
Noise stats for 1626941.468: out=0, rdr=0, mra=0, tp_pct=0.0 with enabled detecting motions

Noise stats for 1626941.468: out=0, rdr=0, mra=0, tp_pct=0.0 with disabled detecting motions
/home/kestutis/miniconda3/envs/ITP259/lib/python3.11/site-packages/sklearn/base.py:486: UserWarning: X has feature names, but StandardScaler was fitted without feature names
  warnings.warn(
ectopy_stats={'ectN': 857, 'ectS': 0, 'ectV': 2, 'ectU': 2} with disabled detecting motions
Done 7/1088 | 1626941.468 | record time: 00:04

------------------------------------------------------------------------------------------
8/1088 | 1630693.635 | 1005_2 | row 28 | new: False | elapsed: 00:56
Noise stats for 1630693.635: out=1, rdr=0, mra=0, tp_pct=0.7 with enabled detecting motions

Noise stats for 1630693.635: out=1, rdr=0, mra=0, tp_pct=0.7 with disabled detecting motions
/home/kestutis/miniconda3/envs/ITP259/lib/python3.11/site-packages/sklearn/base.py:486: UserWarning: X has feature names, but StandardScaler was fitted without feature names
  warnings.warn(
ectopy_stats={'ectN': 648, 'ectS': 0, 'ectV': 0, 'ectU': 2} with disabled detecting motions
Done 8/1088 | 1630693.635 | record time: 00:04

------------------------------------------------------------------------------------------
9/1088 | 1630714.569 | 1004_1 | row 16 | new: False | elapsed: 01:00
Noise stats for 1630714.569: out=0, rdr=0, mra=1, tp_pct=3.1 with enabled detecting motions

Noise stats for 1630714.569: out=0, rdr=0, mra=0, tp_pct=0.0 with disabled detecting motions
/home/kestutis/miniconda3/envs/ITP259/lib/python3.11/site-packages/sklearn/base.py:486: UserWarning: X has feature names, but StandardScaler was fitted without feature names
  warnings.warn(
ectopy_stats={'ectN': 604, 'ectS': 0, 'ectV': 0, 'ectU': 2} with disabled detecting motions
Done 9/1088 | 1630714.569 | record time: 00:04

------------------------------------------------------------------------------------------
10/1088 | 1630715.197 | 1004_0 | row 15 | new: False | elapsed: 01:04
Noise stats for 1630715.197: out=0, rdr=0, mra=0, tp_pct=0.0 with enabled detecting motions

Noise stats for 1630715.197: out=0, rdr=0, mra=0, tp_pct=0.0 with disabled detecting motions
/home/kestutis/miniconda3/envs/ITP259/lib/python3.11/site-packages/sklearn/base.py:486: UserWarning: X has feature names, but StandardScaler was fitted without feature names
  warnings.warn(
ectopy_stats={'ectN': 610, 'ectS': 0, 'ectV': 0, 'ectU': 2} with disabled detecting motions
Done 10/1088 | 1630715.197 | record time: 00:04

------------------------------------------------------------------------------------------
11/1088 | 1630715.664 | 1003_1 | row 14 | new: False | elapsed: 01:08
Noise stats for 1630715.664: out=0, rdr=0, mra=1, tp_pct=2.4 with enabled detecting motions

Noise stats for 1630715.664: out=0, rdr=0, mra=0, tp_pct=0.0 with disabled detecting motions
/home/kestutis/miniconda3/envs/ITP259/lib/python3.11/site-packages/sklearn/base.py:486: UserWarning: X has feature names, but StandardScaler was fitted without feature names
  warnings.warn(
ectopy_stats={'ectN': 578, 'ectS': 0, 'ectV': 2, 'ectU': 3} with disabled detecting motions
Done 11/1088 | 1630715.664 | record time: 00:04

------------------------------------------------------------------------------------------
12/1088 | 1630717.159 | 1005_8 | row 34 | new: False | elapsed: 01:12
Noise stats for 1630717.159: out=0, rdr=0, mra=0, tp_pct=0.0 with enabled detecting motions

Noise stats for 1630717.159: out=0, rdr=0, mra=0, tp_pct=0.0 with disabled detecting motions
/home/kestutis/miniconda3/envs/ITP259/lib/python3.11/site-packages/sklearn/base.py:486: UserWarning: X has feature names, but StandardScaler was fitted without feature names
  warnings.warn(
ectopy_stats={'ectN': 558, 'ectS': 0, 'ectV': 0, 'ectU': 3} with disabled detecting motions
Done 12/1088 | 1630717.159 | record time: 00:04

------------------------------------------------------------------------------------------
13/1088 | 1630718.396 | 1005_5 | row 31 | new: False | elapsed: 01:15
Noise stats for 1630718.396: out=0, rdr=0, mra=0, tp_pct=0.0 with enabled detecting motions

Noise stats for 1630718.396: out=0, rdr=0, mra=0, tp_pct=0.0 with disabled detecting motions
/home/kestutis/miniconda3/envs/ITP259/lib/python3.11/site-packages/sklearn/base.py:486: UserWarning: X has feature names, but StandardScaler was fitted without feature names
  warnings.warn(
ectopy_stats={'ectN': 546, 'ectS': 0, 'ectV': 0, 'ectU': 2} with disabled detecting motions
Done 13/1088 | 1630718.396 | record time: 00:04

------------------------------------------------------------------------------------------
14/1088 | 1630719.014 | 1005_15 | row 25 | new: False | elapsed: 01:19
Noise stats for 1630719.014: out=0, rdr=0, mra=0, tp_pct=0.0 with enabled detecting motions

Noise stats for 1630719.014: out=0, rdr=0, mra=0, tp_pct=0.0 with disabled detecting motions
/home/kestutis/miniconda3/envs/ITP259/lib/python3.11/site-packages/sklearn/base.py:486: UserWarning: X has feature names, but StandardScaler was fitted without feature names
  warnings.warn(
ectopy_stats={'ectN': 541, 'ectS': 0, 'ectV': 0, 'ectU': 2} with disabled detecting motions
Done 14/1088 | 1630719.014 | record time: 00:04

------------------------------------------------------------------------------------------
15/1088 | 1630719.632 | 1005_14 | row 24 | new: False | elapsed: 01:22
Noise stats for 1630719.632: out=0, rdr=0, mra=0, tp_pct=0.0 with enabled detecting motions

Noise stats for 1630719.632: out=0, rdr=0, mra=0, tp_pct=0.0 with disabled detecting motions
/home/kestutis/miniconda3/envs/ITP259/lib/python3.11/site-packages/sklearn/base.py:486: UserWarning: X has feature names, but StandardScaler was fitted without feature names
  warnings.warn(
ectopy_stats={'ectN': 538, 'ectS': 0, 'ectV': 0, 'ectU': 2} with disabled detecting motions
Done 15/1088 | 1630719.632 | record time: 00:04

------------------------------------------------------------------------------------------
16/1088 | 1630720.872 | 1005_13 | row 23 | new: False | elapsed: 01:26
Noise stats for 1630720.872: out=1, rdr=0, mra=0, tp_pct=0.7 with enabled detecting motions

Noise stats for 1630720.872: out=1, rdr=0, mra=0, tp_pct=0.7 with disabled detecting motions
/home/kestutis/miniconda3/envs/ITP259/lib/python3.11/site-packages/sklearn/base.py:486: UserWarning: X has feature names, but StandardScaler was fitted without feature names
  warnings.warn(
ectopy_stats={'ectN': 552, 'ectS': 0, 'ectV': 0, 'ectU': 2} with disabled detecting motions
Done 16/1088 | 1630720.872 | record time: 00:04

------------------------------------------------------------------------------------------
17/1088 | 1630721.49 | 1005_6 | row 32 | new: False | elapsed: 01:30
Noise stats for 1630721.490: out=0, rdr=0, mra=0, tp_pct=0.0 with enabled detecting motions

Noise stats for 1630721.490: out=0, rdr=0, mra=0, tp_pct=0.0 with disabled detecting motions
/home/kestutis/miniconda3/envs/ITP259/lib/python3.11/site-packages/sklearn/base.py:486: UserWarning: X has feature names, but StandardScaler was fitted without feature names
  warnings.warn(
ectopy_stats={'ectN': 548, 'ectS': 0, 'ectV': 1, 'ectU': 2} with disabled detecting motions
Done 17/1088 | 1630721.49 | record time: 00:04

------------------------------------------------------------------------------------------
18/1088 | 1630722.107 | 1005_12 | row 22 | new: False | elapsed: 01:33
Noise stats for 1630722.107: out=0, rdr=0, mra=0, tp_pct=0.0 with enabled detecting motions

Noise stats for 1630722.107: out=0, rdr=0, mra=0, tp_pct=0.0 with disabled detecting motions
/home/kestutis/miniconda3/envs/ITP259/lib/python3.11/site-packages/sklearn/base.py:486: UserWarning: X has feature names, but StandardScaler was fitted without feature names
  warnings.warn(
ectopy_stats={'ectN': 549, 'ectS': 0, 'ectV': 0, 'ectU': 2} with disabled detecting motions
Done 18/1088 | 1630722.107 | record time: 00:04

------------------------------------------------------------------------------------------
19/1088 | 1630725.247 | 1005_11 | row 21 | new: False | elapsed: 01:37
Noise stats for 1630725.247: out=3, rdr=0, mra=0, tp_pct=5.9 with enabled detecting motions

Noise stats for 1630725.247: out=3, rdr=0, mra=0, tp_pct=5.9 with disabled detecting motions
/home/kestutis/miniconda3/envs/ITP259/lib/python3.11/site-packages/sklearn/base.py:486: UserWarning: X has feature names, but StandardScaler was fitted without feature names
  warnings.warn(
ectopy_stats={'ectN': 536, 'ectS': 0, 'ectV': 1, 'ectU': 2} with disabled detecting motions
Done 19/1088 | 1630725.247 | record time: 00:04

------------------------------------------------------------------------------------------
20/1088 | 1630725.864 | 1005_17 | row 27 | new: False | elapsed: 01:40
Noise stats for 1630725.864: out=1, rdr=0, mra=1, tp_pct=4.2 with enabled detecting motions

Noise stats for 1630725.864: out=1, rdr=0, mra=0, tp_pct=2.0 with disabled detecting motions
/home/kestutis/miniconda3/envs/ITP259/lib/python3.11/site-packages/sklearn/base.py:486: UserWarning: X has feature names, but StandardScaler was fitted without feature names
  warnings.warn(
ectopy_stats={'ectN': 558, 'ectS': 0, 'ectV': 0, 'ectU': 2} with disabled detecting motions
Done 20/1088 | 1630725.864 | record time: 00:04

------------------------------------------------------------------------------------------
21/1088 | 1630726.223 | 1003_0 | row 13 | new: False | elapsed: 01:44
Noise stats for 1630726.223: out=0, rdr=0, mra=0, tp_pct=0.0 with enabled detecting motions

Noise stats for 1630726.223: out=0, rdr=0, mra=0, tp_pct=0.0 with disabled detecting motions
/home/kestutis/miniconda3/envs/ITP259/lib/python3.11/site-packages/sklearn/base.py:486: UserWarning: X has feature names, but StandardScaler was fitted without feature names
  warnings.warn(
ectopy_stats={'ectN': 601, 'ectS': 0, 'ectV': 1, 'ectU': 2} with disabled detecting motions
Done 21/1088 | 1630726.223 | record time: 00:04

------------------------------------------------------------------------------------------
22/1088 | 1630727.721 | 1005_10 | row 20 | new: False | elapsed: 01:48
Noise stats for 1630727.721: out=3, rdr=0, mra=2, tp_pct=10.8 with enabled detecting motions

Noise stats for 1630727.721: out=3, rdr=0, mra=0, tp_pct=7.2 with disabled detecting motions
/home/kestutis/miniconda3/envs/ITP259/lib/python3.11/site-packages/sklearn/base.py:486: UserWarning: X has feature names, but StandardScaler was fitted without feature names
  warnings.warn(
ectopy_stats={'ectN': 539, 'ectS': 0, 'ectV': 0, 'ectU': 2} with disabled detecting motions
Done 22/1088 | 1630727.721 | record time: 00:04

------------------------------------------------------------------------------------------
23/1088 | 1630729.576 | 1004_2 | row 17 | new: False | elapsed: 01:52
Noise stats for 1630729.576: out=0, rdr=0, mra=0, tp_pct=0.0 with enabled detecting motions

Noise stats for 1630729.576: out=0, rdr=0, mra=0, tp_pct=0.0 with disabled detecting motions
/home/kestutis/miniconda3/envs/ITP259/lib/python3.11/site-packages/sklearn/base.py:486: UserWarning: X has feature names, but StandardScaler was fitted without feature names
  warnings.warn(
ectopy_stats={'ectN': 641, 'ectS': 0, 'ectV': 0, 'ectU': 2} with disabled detecting motions
Done 23/1088 | 1630729.576 | record time: 00:04

------------------------------------------------------------------------------------------
24/1088 | 1630733.29 | 1005_7 | row 33 | new: False | elapsed: 01:55
Noise stats for 1630733.290: out=0, rdr=0, mra=0, tp_pct=0.0 with enabled detecting motions

Noise stats for 1630733.290: out=0, rdr=0, mra=0, tp_pct=0.0 with disabled detecting motions
/home/kestutis/miniconda3/envs/ITP259/lib/python3.11/site-packages/sklearn/base.py:486: UserWarning: X has feature names, but StandardScaler was fitted without feature names
  warnings.warn(
ectopy_stats={'ectN': 567, 'ectS': 0, 'ectV': 0, 'ectU': 2} with disabled detecting motions
Done 24/1088 | 1630733.29 | record time: 00:04

------------------------------------------------------------------------------------------
25/1088 | 1630733.908 | 1005_0 | row 18 | new: False | elapsed: 01:59
Noise stats for 1630733.908: out=0, rdr=0, mra=0, tp_pct=0.0 with enabled detecting motions

Noise stats for 1630733.908: out=0, rdr=0, mra=0, tp_pct=0.0 with disabled detecting motions
/home/kestutis/miniconda3/envs/ITP259/lib/python3.11/site-packages/sklearn/base.py:486: UserWarning: X has feature names, but StandardScaler was fitted without feature names
  warnings.warn(
ectopy_stats={'ectN': 562, 'ectS': 0, 'ectV': 0, 'ectU': 2} with disabled detecting motions
Done 25/1088 | 1630733.908 | record time: 00:04

------------------------------------------------------------------------------------------
26/1088 | 1630734.526 | 1005_3 | row 29 | new: False | elapsed: 02:03
Noise stats for 1630734.526: out=1, rdr=0, mra=0, tp_pct=1.8 with enabled detecting motions

Noise stats for 1630734.526: out=1, rdr=0, mra=0, tp_pct=1.8 with disabled detecting motions
/home/kestutis/miniconda3/envs/ITP259/lib/python3.11/site-packages/sklearn/base.py:486: UserWarning: X has feature names, but StandardScaler was fitted without feature names
  warnings.warn(
ectopy_stats={'ectN': 563, 'ectS': 0, 'ectV': 0, 'ectU': 2} with disabled detecting motions
Done 26/1088 | 1630734.526 | record time: 00:04

------------------------------------------------------------------------------------------
27/1088 | 1630735.143 | 1005_1 | row 19 | new: False | elapsed: 02:06
Noise stats for 1630735.143: out=0, rdr=0, mra=0, tp_pct=0.0 with enabled detecting motions

Noise stats for 1630735.143: out=0, rdr=0, mra=0, tp_pct=0.0 with disabled detecting motions
/home/kestutis/miniconda3/envs/ITP259/lib/python3.11/site-packages/sklearn/base.py:486: UserWarning: X has feature names, but StandardScaler was fitted without feature names
  warnings.warn(
ectopy_stats={'ectN': 540, 'ectS': 0, 'ectV': 0, 'ectU': 2} with disabled detecting motions
Done 27/1088 | 1630735.143 | record time: 00:04

------------------------------------------------------------------------------------------
28/1088 | 1630735.765 | 1005_9 | row 35 | new: False | elapsed: 02:10
Noise stats for 1630735.765: out=1, rdr=0, mra=0, tp_pct=0.7 with enabled detecting motions

Noise stats for 1630735.765: out=1, rdr=0, mra=0, tp_pct=0.7 with disabled detecting motions
/home/kestutis/miniconda3/envs/ITP259/lib/python3.11/site-packages/sklearn/base.py:486: UserWarning: X has feature names, but StandardScaler was fitted without feature names
  warnings.warn(
ectopy_stats={'ectN': 567, 'ectS': 0, 'ectV': 0, 'ectU': 3} with disabled detecting motions
Done 28/1088 | 1630735.765 | record time: 00:04

------------------------------------------------------------------------------------------
29/1088 | 1630736.382 | 1005_4 | row 30 | new: False | elapsed: 02:13
Noise stats for 1630736.382: out=0, rdr=0, mra=0, tp_pct=0.0 with enabled detecting motions

Noise stats for 1630736.382: out=0, rdr=0, mra=0, tp_pct=0.0 with disabled detecting motions
/home/kestutis/miniconda3/envs/ITP259/lib/python3.11/site-packages/sklearn/base.py:486: UserWarning: X has feature names, but StandardScaler was fitted without feature names
  warnings.warn(
ectopy_stats={'ectN': 539, 'ectS': 0, 'ectV': 1, 'ectU': 3} with disabled detecting motions
Done 29/1088 | 1630736.382 | record time: 00:04

------------------------------------------------------------------------------------------
30/1088 | 1630737 | 1005_16 | row 26 | new: False | elapsed: 02:17
Noise stats for 1630737.000: out=2, rdr=0, mra=0, tp_pct=2.6 with enabled detecting motions

Noise stats for 1630737.000: out=2, rdr=0, mra=0, tp_pct=2.6 with disabled detecting motions
/home/kestutis/miniconda3/envs/ITP259/lib/python3.11/site-packages/sklearn/base.py:486: UserWarning: X has feature names, but StandardScaler was fitted without feature names
  warnings.warn(
ectopy_stats={'ectN': 542, 'ectS': 0, 'ectV': 0, 'ectU': 3} with disabled detecting motions
Done 30/1088 | 1630737 | record time: 00:04

------------------------------------------------------------------------------------------
31/1088 | 1630757.303 | 1008_4 | row 61 | new: False | elapsed: 02:21
Noise stats for 1630757.303: out=5, rdr=0, mra=1, tp_pct=10.3 with enabled detecting motions

Noise stats for 1630757.303: out=5, rdr=0, mra=0, tp_pct=7.6 with disabled detecting motions
/home/kestutis/miniconda3/envs/ITP259/lib/python3.11/site-packages/sklearn/base.py:486: UserWarning: X has feature names, but StandardScaler was fitted without feature names
  warnings.warn(
ectopy_stats={'ectN': 664, 'ectS': 1, 'ectV': 11, 'ectU': 3} with disabled detecting motions
Done 31/1088 | 1630757.303 | record time: 00:04

------------------------------------------------------------------------------------------
32/1088 | 1630757.924 | 1008_3 | row 60 | new: False | elapsed: 02:25
Noise stats for 1630757.924: out=5, rdr=0, mra=3, tp_pct=16.0 with enabled detecting motions

Noise stats for 1630757.924: out=5, rdr=0, mra=0, tp_pct=9.0 with disabled detecting motions
/home/kestutis/miniconda3/envs/ITP259/lib/python3.11/site-packages/sklearn/base.py:486: UserWarning: X has feature names, but StandardScaler was fitted without feature names
  warnings.warn(
ectopy_stats={'ectN': 659, 'ectS': 0, 'ectV': 10, 'ectU': 4} with disabled detecting motions
Done 32/1088 | 1630757.924 | record time: 00:04

------------------------------------------------------------------------------------------
33/1088 | 1630758.549 | 1008_12 | row 46 | new: False | elapsed: 02:28
Noise stats for 1630758.549: out=0, rdr=0, mra=3, tp_pct=14.4 with enabled detecting motions

Noise stats for 1630758.549: out=0, rdr=0, mra=0, tp_pct=0.0 with disabled detecting motions
/home/kestutis/miniconda3/envs/ITP259/lib/python3.11/site-packages/sklearn/base.py:486: UserWarning: X has feature names, but StandardScaler was fitted without feature names
  warnings.warn(
ectopy_stats={'ectN': 703, 'ectS': 0, 'ectV': 11, 'ectU': 2} with disabled detecting motions
Done 33/1088 | 1630758.549 | record time: 00:04

------------------------------------------------------------------------------------------
34/1088 | 1630759.17 | 1008_9 | row 66 | new: False | elapsed: 02:32
Noise stats for 1630759.170: out=2, rdr=0, mra=10, tp_pct=30.5 with enabled detecting motions

Noise stats for 1630759.170: out=2, rdr=0, mra=0, tp_pct=5.1 with disabled detecting motions
/home/kestutis/miniconda3/envs/ITP259/lib/python3.11/site-packages/sklearn/base.py:486: UserWarning: X has feature names, but StandardScaler was fitted without feature names
  warnings.warn(
ectopy_stats={'ectN': 795, 'ectS': 2, 'ectV': 12, 'ectU': 7} with disabled detecting motions
Done 34/1088 | 1630759.17 | record time: 00:04

------------------------------------------------------------------------------------------
35/1088 | 1630759.79 | 1008_5 | row 62 | new: False | elapsed: 02:37
Noise stats for 1630759.790: out=0, rdr=0, mra=3, tp_pct=12.9 with enabled detecting motions

Noise stats for 1630759.790: out=0, rdr=0, mra=0, tp_pct=0.0 with disabled detecting motions
/home/kestutis/miniconda3/envs/ITP259/lib/python3.11/site-packages/sklearn/base.py:486: UserWarning: X has feature names, but StandardScaler was fitted without feature names
  warnings.warn(
ectopy_stats={'ectN': 922, 'ectS': 0, 'ectV': 23, 'ectU': 5} with disabled detecting motions
Done 35/1088 | 1630759.79 | record time: 00:05

------------------------------------------------------------------------------------------
36/1088 | 1630761.032 | 1008_18 | row 52 | new: False | elapsed: 02:41
Noise stats for 1630761.032: out=1, rdr=0, mra=8, tp_pct=29.0 with enabled detecting motions

Noise stats for 1630761.032: out=1, rdr=0, mra=0, tp_pct=1.8 with disabled detecting motions
/home/kestutis/miniconda3/envs/ITP259/lib/python3.11/site-packages/sklearn/base.py:486: UserWarning: X has feature names, but StandardScaler was fitted without feature names
  warnings.warn(
ectopy_stats={'ectN': 928, 'ectS': 2, 'ectV': 17, 'ectU': 7} with disabled detecting motions
Done 36/1088 | 1630761.032 | record time: 00:05

------------------------------------------------------------------------------------------
37/1088 | 1630762.273 | 1008_10 | row 44 | new: False | elapsed: 02:46
Noise stats for 1630762.273: out=2, rdr=0, mra=1, tp_pct=6.4 with enabled detecting motions

Noise stats for 1630762.273: out=2, rdr=0, mra=0, tp_pct=3.6 with disabled detecting motions
/home/kestutis/miniconda3/envs/ITP259/lib/python3.11/site-packages/sklearn/base.py:486: UserWarning: X has feature names, but StandardScaler was fitted without feature names
  warnings.warn(
ectopy_stats={'ectN': 837, 'ectS': 0, 'ectV': 11, 'ectU': 3} with disabled detecting motions
Done 37/1088 | 1630762.273 | record time: 00:04

------------------------------------------------------------------------------------------
38/1088 | 1630762.894 | 1008_6 | row 63 | new: False | elapsed: 02:50
Noise stats for 1630762.894: out=4, rdr=0, mra=1, tp_pct=9.6 with enabled detecting motions

Noise stats for 1630762.894: out=4, rdr=0, mra=0, tp_pct=7.0 with disabled detecting motions
/home/kestutis/miniconda3/envs/ITP259/lib/python3.11/site-packages/sklearn/base.py:486: UserWarning: X has feature names, but StandardScaler was fitted without feature names
  warnings.warn(
ectopy_stats={'ectN': 750, 'ectS': 0, 'ectV': 11, 'ectU': 2} with disabled detecting motions
Done 38/1088 | 1630762.894 | record time: 00:04

------------------------------------------------------------------------------------------
39/1088 | 1630763.516 | 1008_2 | row 54 | new: False | elapsed: 02:54
Noise stats for 1630763.516: out=2, rdr=0, mra=2, tp_pct=8.0 with enabled detecting motions

Noise stats for 1630763.516: out=2, rdr=0, mra=0, tp_pct=3.6 with disabled detecting motions
/home/kestutis/miniconda3/envs/ITP259/lib/python3.11/site-packages/sklearn/base.py:486: UserWarning: X has feature names, but StandardScaler was fitted without feature names
  warnings.warn(
ectopy_stats={'ectN': 782, 'ectS': 0, 'ectV': 14, 'ectU': 3} with disabled detecting motions
Done 39/1088 | 1630763.516 | record time: 00:04

------------------------------------------------------------------------------------------
40/1088 | 1630764.137 | 1008_1 | row 43 | new: False | elapsed: 02:58
Noise stats for 1630764.137: out=0, rdr=0, mra=0, tp_pct=0.0 with enabled detecting motions

Noise stats for 1630764.137: out=0, rdr=0, mra=0, tp_pct=0.0 with disabled detecting motions
/home/kestutis/miniconda3/envs/ITP259/lib/python3.11/site-packages/sklearn/base.py:486: UserWarning: X has feature names, but StandardScaler was fitted without feature names
  warnings.warn(
ectopy_stats={'ectN': 808, 'ectS': 1, 'ectV': 18, 'ectU': 7} with disabled detecting motions
Done 40/1088 | 1630764.137 | record time: 00:04

------------------------------------------------------------------------------------------
41/1088 | 1630768.486 | 1008_8 | row 65 | new: False | elapsed: 03:03
Noise stats for 1630768.486: out=0, rdr=0, mra=0, tp_pct=0.0 with enabled detecting motions

Noise stats for 1630768.486: out=0, rdr=0, mra=0, tp_pct=0.0 with disabled detecting motions
/home/kestutis/miniconda3/envs/ITP259/lib/python3.11/site-packages/sklearn/base.py:486: UserWarning: X has feature names, but StandardScaler was fitted without feature names
  warnings.warn(
ectopy_stats={'ectN': 730, 'ectS': 2, 'ectV': 10, 'ectU': 9} with disabled detecting motions
Done 41/1088 | 1630768.486 | record time: 00:04

------------------------------------------------------------------------------------------
42/1088 | 1630770.348 | 1008_7 | row 64 | new: False | elapsed: 03:07
Noise stats for 1630770.348: out=0, rdr=0, mra=0, tp_pct=0.0 with enabled detecting motions

Noise stats for 1630770.348: out=0, rdr=0, mra=0, tp_pct=0.0 with disabled detecting motions
/home/kestutis/miniconda3/envs/ITP259/lib/python3.11/site-packages/sklearn/base.py:486: UserWarning: X has feature names, but StandardScaler was fitted without feature names
  warnings.warn(
ectopy_stats={'ectN': 786, 'ectS': 2, 'ectV': 13, 'ectU': 6} with disabled detecting motions
Done 42/1088 | 1630770.348 | record time: 00:04

------------------------------------------------------------------------------------------
43/1088 | 1630771.589 | 1008_0 | row 42 | new: False | elapsed: 03:11
Noise stats for 1630771.589: out=0, rdr=0, mra=0, tp_pct=0.0 with enabled detecting motions

Noise stats for 1630771.589: out=0, rdr=0, mra=0, tp_pct=0.0 with disabled detecting motions
/home/kestutis/miniconda3/envs/ITP259/lib/python3.11/site-packages/sklearn/base.py:486: UserWarning: X has feature names, but StandardScaler was fitted without feature names
  warnings.warn(
ectopy_stats={'ectN': 710, 'ectS': 1, 'ectV': 24, 'ectU': 6} with disabled detecting motions
Done 43/1088 | 1630771.589 | record time: 00:04

------------------------------------------------------------------------------------------
44/1088 | 1630777.178 | 1008_23 | row 58 | new: False | elapsed: 03:15
Noise stats for 1630777.178: out=0, rdr=0, mra=0, tp_pct=0.0 with enabled detecting motions

Noise stats for 1630777.178: out=0, rdr=0, mra=0, tp_pct=0.0 with disabled detecting motions
/home/kestutis/miniconda3/envs/ITP259/lib/python3.11/site-packages/sklearn/base.py:486: UserWarning: X has feature names, but StandardScaler was fitted without feature names
  warnings.warn(
ectopy_stats={'ectN': 788, 'ectS': 1, 'ectV': 6, 'ectU': 3} with disabled detecting motions
Done 44/1088 | 1630777.178 | record time: 00:04

------------------------------------------------------------------------------------------
45/1088 | 1630795.799 | 1006_0 | row 36 | new: False | elapsed: 03:19
Noise stats for 1630795.799: out=2, rdr=0, mra=1, tp_pct=8.8 with enabled detecting motions

Noise stats for 1630795.799: out=2, rdr=0, mra=0, tp_pct=4.7 with disabled detecting motions
/home/kestutis/miniconda3/envs/ITP259/lib/python3.11/site-packages/sklearn/base.py:486: UserWarning: X has feature names, but StandardScaler was fitted without feature names
  warnings.warn(
ectopy_stats={'ectN': 566, 'ectS': 0, 'ectV': 2, 'ectU': 2} with disabled detecting motions
Done 45/1088 | 1630795.799 | record time: 00:04

------------------------------------------------------------------------------------------
46/1088 | 1630797.676 | 1006_1 | row 37 | new: False | elapsed: 03:23
Noise stats for 1630797.676: out=0, rdr=0, mra=4, tp_pct=9.0 with enabled detecting motions

Noise stats for 1630797.676: out=0, rdr=0, mra=0, tp_pct=0.0 with disabled detecting motions
/home/kestutis/miniconda3/envs/ITP259/lib/python3.11/site-packages/sklearn/base.py:486: UserWarning: X has feature names, but StandardScaler was fitted without feature names
  warnings.warn(
ectopy_stats={'ectN': 578, 'ectS': 0, 'ectV': 1, 'ectU': 2} with disabled detecting motions
Done 46/1088 | 1630797.676 | record time: 00:04

------------------------------------------------------------------------------------------
47/1088 | 1630806.377 | 1008_20 | row 55 | new: False | elapsed: 03:27
Noise stats for 1630806.377: out=0, rdr=0, mra=4, tp_pct=12.9 with enabled detecting motions

Noise stats for 1630806.377: out=0, rdr=0, mra=0, tp_pct=0.0 with disabled detecting motions
/home/kestutis/miniconda3/envs/ITP259/lib/python3.11/site-packages/sklearn/base.py:486: UserWarning: X has feature names, but StandardScaler was fitted without feature names
  warnings.warn(
ectopy_stats={'ectN': 663, 'ectS': 0, 'ectV': 8, 'ectU': 4} with disabled detecting motions
Done 47/1088 | 1630806.377 | record time: 00:04

------------------------------------------------------------------------------------------
48/1088 | 1630806.998 | 1008_21 | row 56 | new: False | elapsed: 03:31
Noise stats for 1630806.998: out=0, rdr=0, mra=6, tp_pct=38.4 with enabled detecting motions

Noise stats for 1630806.998: out=0, rdr=0, mra=0, tp_pct=0.0 with disabled detecting motions
/home/kestutis/miniconda3/envs/ITP259/lib/python3.11/site-packages/sklearn/base.py:486: UserWarning: X has feature names, but StandardScaler was fitted without feature names
  warnings.warn(
ectopy_stats={'ectN': 630, 'ectS': 0, 'ectV': 38, 'ectU': 7} with disabled detecting motions
Done 48/1088 | 1630806.998 | record time: 00:04

------------------------------------------------------------------------------------------
49/1088 | 1630807.618 | 1008_24 | row 59 | new: False | elapsed: 03:34
Noise stats for 1630807.618: out=0, rdr=0, mra=0, tp_pct=0.0 with enabled detecting motions

Noise stats for 1630807.618: out=0, rdr=0, mra=0, tp_pct=0.0 with disabled detecting motions
/home/kestutis/miniconda3/envs/ITP259/lib/python3.11/site-packages/sklearn/base.py:486: UserWarning: X has feature names, but StandardScaler was fitted without feature names
  warnings.warn(
ectopy_stats={'ectN': 668, 'ectS': 0, 'ectV': 2, 'ectU': 2} with disabled detecting motions
Done 49/1088 | 1630807.618 | record time: 00:04

------------------------------------------------------------------------------------------
50/1088 | 1630808.238 | 1008_22 | row 57 | new: False | elapsed: 03:38
Noise stats for 1630808.238: out=1, rdr=0, mra=0, tp_pct=1.8 with enabled detecting motions

Noise stats for 1630808.238: out=1, rdr=0, mra=0, tp_pct=1.8 with disabled detecting motions
/home/kestutis/miniconda3/envs/ITP259/lib/python3.11/site-packages/sklearn/base.py:486: UserWarning: X has feature names, but StandardScaler was fitted without feature names
  warnings.warn(
ectopy_stats={'ectN': 654, 'ectS': 0, 'ectV': 1, 'ectU': 4} with disabled detecting motions
Done 50/1088 | 1630808.238 | record time: 00:04

------------------------------------------------------------------------------------------
51/1088 | 1630808.306 | 1006_3 | row 39 | new: False | elapsed: 03:42
Noise stats for 1630808.306: out=0, rdr=0, mra=2, tp_pct=4.9 with enabled detecting motions

Noise stats for 1630808.306: out=0, rdr=0, mra=0, tp_pct=0.0 with disabled detecting motions
/home/kestutis/miniconda3/envs/ITP259/lib/python3.11/site-packages/sklearn/base.py:486: UserWarning: X has feature names, but StandardScaler was fitted without feature names
  warnings.warn(
ectopy_stats={'ectN': 634, 'ectS': 0, 'ectV': 2, 'ectU': 2} with disabled detecting motions
Done 51/1088 | 1630808.306 | record time: 00:04

------------------------------------------------------------------------------------------
52/1088 | 1630808.859 | 1008_13 | row 47 | new: False | elapsed: 03:46
Noise stats for 1630808.859: out=0, rdr=0, mra=0, tp_pct=0.0 with enabled detecting motions

Noise stats for 1630808.859: out=0, rdr=0, mra=0, tp_pct=0.0 with disabled detecting motions
/home/kestutis/miniconda3/envs/ITP259/lib/python3.11/site-packages/sklearn/base.py:486: UserWarning: X has feature names, but StandardScaler was fitted without feature names
  warnings.warn(
ectopy_stats={'ectN': 665, 'ectS': 0, 'ectV': 6, 'ectU': 3} with disabled detecting motions
Done 52/1088 | 1630808.859 | record time: 00:04

------------------------------------------------------------------------------------------
53/1088 | 1630809.483 | 1008_15 | row 49 | new: False | elapsed: 03:50
Noise stats for 1630809.483: out=0, rdr=0, mra=1, tp_pct=2.8 with enabled detecting motions

Noise stats for 1630809.483: out=0, rdr=0, mra=0, tp_pct=0.0 with disabled detecting motions
/home/kestutis/miniconda3/envs/ITP259/lib/python3.11/site-packages/sklearn/base.py:486: UserWarning: X has feature names, but StandardScaler was fitted without feature names
  warnings.warn(
ectopy_stats={'ectN': 666, 'ectS': 0, 'ectV': 6, 'ectU': 2} with disabled detecting motions
Done 53/1088 | 1630809.483 | record time: 00:04

------------------------------------------------------------------------------------------
54/1088 | 1630810.103 | 1008_19 | row 53 | new: False | elapsed: 03:54
Noise stats for 1630810.103: out=2, rdr=0, mra=0, tp_pct=3.6 with enabled detecting motions

Noise stats for 1630810.103: out=2, rdr=0, mra=0, tp_pct=3.6 with disabled detecting motions
/home/kestutis/miniconda3/envs/ITP259/lib/python3.11/site-packages/sklearn/base.py:486: UserWarning: X has feature names, but StandardScaler was fitted without feature names
  warnings.warn(
ectopy_stats={'ectN': 639, 'ectS': 0, 'ectV': 4, 'ectU': 4} with disabled detecting motions
Done 54/1088 | 1630810.103 | record time: 00:04

------------------------------------------------------------------------------------------
55/1088 | 1630810.723 | 1008_17 | row 51 | new: False | elapsed: 03:58
Noise stats for 1630810.723: out=2, rdr=0, mra=0, tp_pct=3.5 with enabled detecting motions

Noise stats for 1630810.723: out=2, rdr=0, mra=0, tp_pct=3.5 with disabled detecting motions
/home/kestutis/miniconda3/envs/ITP259/lib/python3.11/site-packages/sklearn/base.py:486: UserWarning: X has feature names, but StandardScaler was fitted without feature names
  warnings.warn(
ectopy_stats={'ectN': 643, 'ectS': 0, 'ectV': 3, 'ectU': 3} with disabled detecting motions
Done 55/1088 | 1630810.723 | record time: 00:04

------------------------------------------------------------------------------------------
56/1088 | 1630811.343 | 1008_16 | row 50 | new: False | elapsed: 04:01
Noise stats for 1630811.343: out=0, rdr=0, mra=1, tp_pct=6.8 with enabled detecting motions

Noise stats for 1630811.343: out=0, rdr=0, mra=0, tp_pct=0.0 with disabled detecting motions
/home/kestutis/miniconda3/envs/ITP259/lib/python3.11/site-packages/sklearn/base.py:486: UserWarning: X has feature names, but StandardScaler was fitted without feature names
  warnings.warn(
ectopy_stats={'ectN': 667, 'ectS': 0, 'ectV': 6, 'ectU': 5} with disabled detecting motions
Done 56/1088 | 1630811.343 | record time: 00:04

------------------------------------------------------------------------------------------
57/1088 | 1630811.963 | 1008_14 | row 48 | new: False | elapsed: 04:05
Noise stats for 1630811.963: out=1, rdr=0, mra=1, tp_pct=4.4 with enabled detecting motions

Noise stats for 1630811.963: out=1, rdr=0, mra=0, tp_pct=1.9 with disabled detecting motions
/home/kestutis/miniconda3/envs/ITP259/lib/python3.11/site-packages/sklearn/base.py:486: UserWarning: X has feature names, but StandardScaler was fitted without feature names
  warnings.warn(
ectopy_stats={'ectN': 653, 'ectS': 0, 'ectV': 7, 'ectU': 4} with disabled detecting motions
Done 57/1088 | 1630811.963 | record time: 00:04

------------------------------------------------------------------------------------------
58/1088 | 1630812.584 | 1008_11 | row 45 | new: False | elapsed: 04:09
Noise stats for 1630812.584: out=1, rdr=0, mra=0, tp_pct=1.6 with enabled detecting motions

Noise stats for 1630812.584: out=1, rdr=0, mra=0, tp_pct=1.6 with disabled detecting motions
/home/kestutis/miniconda3/envs/ITP259/lib/python3.11/site-packages/sklearn/base.py:486: UserWarning: X has feature names, but StandardScaler was fitted without feature names
  warnings.warn(
ectopy_stats={'ectN': 657, 'ectS': 0, 'ectV': 4, 'ectU': 4} with disabled detecting motions
Done 58/1088 | 1630812.584 | record time: 00:04

------------------------------------------------------------------------------------------
59/1088 | 1630813.935 | 1006_2 | row 38 | new: False | elapsed: 04:13
Noise stats for 1630813.935: out=0, rdr=0, mra=1, tp_pct=1.8 with enabled detecting motions

Noise stats for 1630813.935: out=0, rdr=0, mra=0, tp_pct=0.0 with disabled detecting motions
/home/kestutis/miniconda3/envs/ITP259/lib/python3.11/site-packages/sklearn/base.py:486: UserWarning: X has feature names, but StandardScaler was fitted without feature names
  warnings.warn(
ectopy_stats={'ectN': 673, 'ectS': 0, 'ectV': 0, 'ectU': 2} with disabled detecting motions
Done 59/1088 | 1630813.935 | record time: 00:04

------------------------------------------------------------------------------------------
60/1088 | 1630844.567 | 1016_1 | row 212 | new: False | elapsed: 04:17
Noise stats for 1630844.567: out=0, rdr=0, mra=8, tp_pct=25.0 with enabled detecting motions

Noise stats for 1630844.567: out=0, rdr=0, mra=0, tp_pct=0.0 with disabled detecting motions
/home/kestutis/miniconda3/envs/ITP259/lib/python3.11/site-packages/sklearn/base.py:486: UserWarning: X has feature names, but StandardScaler was fitted without feature names
  warnings.warn(
ectopy_stats={'ectN': 892, 'ectS': 0, 'ectV': 1, 'ectU': 10} with disabled detecting motions
Done 60/1088 | 1630844.567 | record time: 00:04

------------------------------------------------------------------------------------------
61/1088 | 1630859.89 | 1010_1 | row 97 | new: False | elapsed: 04:21
Noise stats for 1630859.890: out=0, rdr=0, mra=1, tp_pct=3.1 with enabled detecting motions

Noise stats for 1630859.890: out=0, rdr=0, mra=0, tp_pct=0.0 with disabled detecting motions
/home/kestutis/miniconda3/envs/ITP259/lib/python3.11/site-packages/sklearn/base.py:486: UserWarning: X has feature names, but StandardScaler was fitted without feature names
  warnings.warn(
ectopy_stats={'ectN': 452, 'ectS': 0, 'ectV': 73, 'ectU': 245} with disabled detecting motions
Done 61/1088 | 1630859.89 | record time: 00:04

------------------------------------------------------------------------------------------
62/1088 | 1630869.824 | 1010_0 | row 96 | new: False | elapsed: 04:25
Noise stats for 1630869.824: out=0, rdr=0, mra=1, tp_pct=3.4 with enabled detecting motions

Noise stats for 1630869.824: out=0, rdr=0, mra=0, tp_pct=0.0 with disabled detecting motions
/home/kestutis/miniconda3/envs/ITP259/lib/python3.11/site-packages/sklearn/base.py:486: UserWarning: X has feature names, but StandardScaler was fitted without feature names
  warnings.warn(
ectopy_stats={'ectN': 745, 'ectS': 0, 'ectV': 1, 'ectU': 3} with disabled detecting motions
Done 62/1088 | 1630869.824 | record time: 00:04

------------------------------------------------------------------------------------------
63/1088 | 1630876.859 | 1011_2 | row 100 | new: False | elapsed: 04:29
Noise stats for 1630876.859: out=0, rdr=0, mra=0, tp_pct=0.0 with enabled detecting motions

Noise stats for 1630876.859: out=0, rdr=0, mra=0, tp_pct=0.0 with disabled detecting motions
/home/kestutis/miniconda3/envs/ITP259/lib/python3.11/site-packages/sklearn/base.py:486: UserWarning: X has feature names, but StandardScaler was fitted without feature names
  warnings.warn(
ectopy_stats={'ectN': 789, 'ectS': 0, 'ectV': 1, 'ectU': 2} with disabled detecting motions
Done 63/1088 | 1630876.859 | record time: 00:04

------------------------------------------------------------------------------------------
64/1088 | 1630878.738 | 1011_1 | row 99 | new: False | elapsed: 04:33
Noise stats for 1630878.738: out=0, rdr=0, mra=0, tp_pct=0.0 with enabled detecting motions

Noise stats for 1630878.738: out=0, rdr=0, mra=0, tp_pct=0.0 with disabled detecting motions
/home/kestutis/miniconda3/envs/ITP259/lib/python3.11/site-packages/sklearn/base.py:486: UserWarning: X has feature names, but StandardScaler was fitted without feature names
  warnings.warn(
ectopy_stats={'ectN': 711, 'ectS': 0, 'ectV': 1, 'ectU': 2} with disabled detecting motions
Done 64/1088 | 1630878.738 | record time: 00:04

------------------------------------------------------------------------------------------
65/1088 | 1630890.629 | 1011_0 | row 98 | new: False | elapsed: 04:37
Noise stats for 1630890.629: out=1, rdr=0, mra=0, tp_pct=1.8 with enabled detecting motions

Noise stats for 1630890.629: out=1, rdr=0, mra=0, tp_pct=1.8 with disabled detecting motions
/home/kestutis/miniconda3/envs/ITP259/lib/python3.11/site-packages/sklearn/base.py:486: UserWarning: X has feature names, but StandardScaler was fitted without feature names
  warnings.warn(
ectopy_stats={'ectN': 588, 'ectS': 0, 'ectV': 0, 'ectU': 2} with disabled detecting motions
Done 65/1088 | 1630890.629 | record time: 00:04

------------------------------------------------------------------------------------------
66/1088 | 1630900.296 | 1016_0 | row 211 | new: False | elapsed: 04:41
Noise stats for 1630900.296: out=1, rdr=0, mra=2, tp_pct=7.2 with enabled detecting motions

Noise stats for 1630900.296: out=1, rdr=0, mra=0, tp_pct=1.8 with disabled detecting motions
/home/kestutis/miniconda3/envs/ITP259/lib/python3.11/site-packages/sklearn/base.py:486: UserWarning: X has feature names, but StandardScaler was fitted without feature names
  warnings.warn(
ectopy_stats={'ectN': 617, 'ectS': 0, 'ectV': 1, 'ectU': 3} with disabled detecting motions
Done 66/1088 | 1630900.296 | record time: 00:04

------------------------------------------------------------------------------------------
67/1088 | 1630929.231 | 1015_52 | row 194 | new: False | elapsed: 04:45
Noise stats for 1630929.231: out=0, rdr=0, mra=0, tp_pct=0.0 with enabled detecting motions

Noise stats for 1630929.231: out=0, rdr=0, mra=0, tp_pct=0.0 with disabled detecting motions
/home/kestutis/miniconda3/envs/ITP259/lib/python3.11/site-packages/sklearn/base.py:486: UserWarning: X has feature names, but StandardScaler was fitted without feature names
  warnings.warn(
ectopy_stats={'ectN': 688, 'ectS': 1, 'ectV': 4, 'ectU': 3} with disabled detecting motions
Done 67/1088 | 1630929.231 | record time: 00:04

------------------------------------------------------------------------------------------
68/1088 | 1630929.855 | 1015_45 | row 186 | new: False | elapsed: 04:49
Noise stats for 1630929.855: out=0, rdr=0, mra=2, tp_pct=4.9 with enabled detecting motions

Noise stats for 1630929.855: out=0, rdr=0, mra=0, tp_pct=0.0 with disabled detecting motions
/home/kestutis/miniconda3/envs/ITP259/lib/python3.11/site-packages/sklearn/base.py:486: UserWarning: X has feature names, but StandardScaler was fitted without feature names
  warnings.warn(
ectopy_stats={'ectN': 701, 'ectS': 0, 'ectV': 10, 'ectU': 3} with disabled detecting motions
Done 68/1088 | 1630929.855 | record time: 00:04

------------------------------------------------------------------------------------------
69/1088 | 1630930.48 | 1015_53 | row 195 | new: False | elapsed: 04:53
Noise stats for 1630930.480: out=0, rdr=0, mra=1, tp_pct=3.6 with enabled detecting motions

Noise stats for 1630930.480: out=0, rdr=0, mra=0, tp_pct=0.0 with disabled detecting motions
/home/kestutis/miniconda3/envs/ITP259/lib/python3.11/site-packages/sklearn/base.py:486: UserWarning: X has feature names, but StandardScaler was fitted without feature names
  warnings.warn(
ectopy_stats={'ectN': 714, 'ectS': 0, 'ectV': 5, 'ectU': 2} with disabled detecting motions
Done 69/1088 | 1630930.48 | record time: 00:04

------------------------------------------------------------------------------------------
70/1088 | 1630931.105 | 1015_32 | row 172 | new: False | elapsed: 04:57
Noise stats for 1630931.105: out=0, rdr=0, mra=0, tp_pct=0.0 with enabled detecting motions

Noise stats for 1630931.105: out=0, rdr=0, mra=0, tp_pct=0.0 with disabled detecting motions
/home/kestutis/miniconda3/envs/ITP259/lib/python3.11/site-packages/sklearn/base.py:486: UserWarning: X has feature names, but StandardScaler was fitted without feature names
  warnings.warn(
ectopy_stats={'ectN': 673, 'ectS': 0, 'ectV': 15, 'ectU': 2} with disabled detecting motions
Done 70/1088 | 1630931.105 | record time: 00:04

------------------------------------------------------------------------------------------
71/1088 | 1630931.73 | 1015_55 | row 197 | new: False | elapsed: 05:00
Noise stats for 1630931.730: out=0, rdr=0, mra=0, tp_pct=0.0 with enabled detecting motions

Noise stats for 1630931.730: out=0, rdr=0, mra=0, tp_pct=0.0 with disabled detecting motions
/home/kestutis/miniconda3/envs/ITP259/lib/python3.11/site-packages/sklearn/base.py:486: UserWarning: X has feature names, but StandardScaler was fitted without feature names
  warnings.warn(
ectopy_stats={'ectN': 732, 'ectS': 1, 'ectV': 3, 'ectU': 2} with disabled detecting motions
Done 71/1088 | 1630931.73 | record time: 00:04

------------------------------------------------------------------------------------------
72/1088 | 1630937.367 | 1015_12 | row 150 | new: False | elapsed: 05:05
Noise stats for 1630937.367: out=0, rdr=0, mra=1, tp_pct=2.4 with enabled detecting motions

Noise stats for 1630937.367: out=0, rdr=0, mra=0, tp_pct=0.0 with disabled detecting motions
/home/kestutis/miniconda3/envs/ITP259/lib/python3.11/site-packages/sklearn/base.py:486: UserWarning: X has feature names, but StandardScaler was fitted without feature names
  warnings.warn(
ectopy_stats={'ectN': 638, 'ectS': 0, 'ectV': 28, 'ectU': 3} with disabled detecting motions
Done 72/1088 | 1630937.367 | record time: 00:04

------------------------------------------------------------------------------------------
73/1088 | 1630937.996 | 1015_31 | row 171 | new: False | elapsed: 05:08
Noise stats for 1630937.996: out=0, rdr=0, mra=2, tp_pct=4.7 with enabled detecting motions

Noise stats for 1630937.996: out=0, rdr=0, mra=0, tp_pct=0.0 with disabled detecting motions
/home/kestutis/miniconda3/envs/ITP259/lib/python3.11/site-packages/sklearn/base.py:486: UserWarning: X has feature names, but StandardScaler was fitted without feature names
  warnings.warn(
ectopy_stats={'ectN': 642, 'ectS': 2, 'ectV': 17, 'ectU': 2} with disabled detecting motions
Done 73/1088 | 1630937.996 | record time: 00:04

------------------------------------------------------------------------------------------
74/1088 | 1630938.621 | 1015_11 | row 149 | new: False | elapsed: 05:12
Noise stats for 1630938.621: out=0, rdr=0, mra=0, tp_pct=0.0 with enabled detecting motions

Noise stats for 1630938.621: out=0, rdr=0, mra=0, tp_pct=0.0 with disabled detecting motions
/home/kestutis/miniconda3/envs/ITP259/lib/python3.11/site-packages/sklearn/base.py:486: UserWarning: X has feature names, but StandardScaler was fitted without feature names
  warnings.warn(
ectopy_stats={'ectN': 628, 'ectS': 1, 'ectV': 30, 'ectU': 2} with disabled detecting motions
Done 74/1088 | 1630938.621 | record time: 00:04

------------------------------------------------------------------------------------------
75/1088 | 1630939.246 | 1015_5 | row 191 | new: False | elapsed: 05:16
Noise stats for 1630939.246: out=0, rdr=0, mra=0, tp_pct=0.0 with enabled detecting motions

Noise stats for 1630939.246: out=0, rdr=0, mra=0, tp_pct=0.0 with disabled detecting motions
/home/kestutis/miniconda3/envs/ITP259/lib/python3.11/site-packages/sklearn/base.py:486: UserWarning: X has feature names, but StandardScaler was fitted without feature names
  warnings.warn(
ectopy_stats={'ectN': 595, 'ectS': 2, 'ectV': 38, 'ectU': 2} with disabled detecting motions
Done 75/1088 | 1630939.246 | record time: 00:04

------------------------------------------------------------------------------------------
76/1088 | 1630939.875 | 1015_8 | row 209 | new: False | elapsed: 05:20
Noise stats for 1630939.875: out=0, rdr=0, mra=0, tp_pct=0.0 with enabled detecting motions

Noise stats for 1630939.875: out=0, rdr=0, mra=0, tp_pct=0.0 with disabled detecting motions
/home/kestutis/miniconda3/envs/ITP259/lib/python3.11/site-packages/sklearn/base.py:486: UserWarning: X has feature names, but StandardScaler was fitted without feature names
  warnings.warn(
ectopy_stats={'ectN': 600, 'ectS': 0, 'ectV': 34, 'ectU': 2} with disabled detecting motions
Done 76/1088 | 1630939.875 | record time: 00:04

------------------------------------------------------------------------------------------
77/1088 | 1630940.501 | 1015_30 | row 170 | new: False | elapsed: 05:24
Noise stats for 1630940.501: out=0, rdr=0, mra=4, tp_pct=9.9 with enabled detecting motions

Noise stats for 1630940.501: out=0, rdr=0, mra=0, tp_pct=0.0 with disabled detecting motions
/home/kestutis/miniconda3/envs/ITP259/lib/python3.11/site-packages/sklearn/base.py:486: UserWarning: X has feature names, but StandardScaler was fitted without feature names
  warnings.warn(
ectopy_stats={'ectN': 625, 'ectS': 0, 'ectV': 19, 'ectU': 2} with disabled detecting motions
Done 77/1088 | 1630940.501 | record time: 00:04

------------------------------------------------------------------------------------------
78/1088 | 1630941.126 | 1015_22 | row 161 | new: False | elapsed: 05:28
Noise stats for 1630941.126: out=0, rdr=0, mra=0, tp_pct=0.0 with enabled detecting motions

Noise stats for 1630941.126: out=0, rdr=0, mra=0, tp_pct=0.0 with disabled detecting motions
/home/kestutis/miniconda3/envs/ITP259/lib/python3.11/site-packages/sklearn/base.py:486: UserWarning: X has feature names, but StandardScaler was fitted without feature names
  warnings.warn(
ectopy_stats={'ectN': 560, 'ectS': 0, 'ectV': 22, 'ectU': 2} with disabled detecting motions
Done 78/1088 | 1630941.126 | record time: 00:04

------------------------------------------------------------------------------------------
79/1088 | 1630941.751 | 1015_17 | row 155 | new: False | elapsed: 05:31
Noise stats for 1630941.751: out=0, rdr=0, mra=0, tp_pct=0.0 with enabled detecting motions

Noise stats for 1630941.751: out=0, rdr=0, mra=0, tp_pct=0.0 with disabled detecting motions
/home/kestutis/miniconda3/envs/ITP259/lib/python3.11/site-packages/sklearn/base.py:486: UserWarning: X has feature names, but StandardScaler was fitted without feature names
  warnings.warn(
ectopy_stats={'ectN': 575, 'ectS': 0, 'ectV': 25, 'ectU': 3} with disabled detecting motions
Done 79/1088 | 1630941.751 | record time: 00:04

------------------------------------------------------------------------------------------
80/1088 | 1630942.376 | 1015_20 | row 159 | new: False | elapsed: 05:35
Noise stats for 1630942.376: out=0, rdr=0, mra=0, tp_pct=0.0 with enabled detecting motions

Noise stats for 1630942.376: out=0, rdr=0, mra=0, tp_pct=0.0 with disabled detecting motions
/home/kestutis/miniconda3/envs/ITP259/lib/python3.11/site-packages/sklearn/base.py:486: UserWarning: X has feature names, but StandardScaler was fitted without feature names
  warnings.warn(
ectopy_stats={'ectN': 593, 'ectS': 0, 'ectV': 23, 'ectU': 2} with disabled detecting motions
Done 80/1088 | 1630942.376 | record time: 00:04

------------------------------------------------------------------------------------------
81/1088 | 1630943.629 | 1015_40 | row 181 | new: False | elapsed: 05:39
Noise stats for 1630943.629: out=0, rdr=0, mra=1, tp_pct=2.4 with enabled detecting motions

Noise stats for 1630943.629: out=0, rdr=0, mra=0, tp_pct=0.0 with disabled detecting motions
/home/kestutis/miniconda3/envs/ITP259/lib/python3.11/site-packages/sklearn/base.py:486: UserWarning: X has feature names, but StandardScaler was fitted without feature names
  warnings.warn(
ectopy_stats={'ectN': 624, 'ectS': 0, 'ectV': 13, 'ectU': 2} with disabled detecting motions
Done 81/1088 | 1630943.629 | record time: 00:04

------------------------------------------------------------------------------------------
82/1088 | 1630944.253 | 1015_38 | row 178 | new: False | elapsed: 05:43
Noise stats for 1630944.253: out=0, rdr=0, mra=0, tp_pct=0.0 with enabled detecting motions

Noise stats for 1630944.253: out=0, rdr=0, mra=0, tp_pct=0.0 with disabled detecting motions
/home/kestutis/miniconda3/envs/ITP259/lib/python3.11/site-packages/sklearn/base.py:486: UserWarning: X has feature names, but StandardScaler was fitted without feature names
  warnings.warn(
ectopy_stats={'ectN': 624, 'ectS': 0, 'ectV': 12, 'ectU': 2} with disabled detecting motions
Done 82/1088 | 1630944.253 | record time: 00:04

------------------------------------------------------------------------------------------
83/1088 | 1630946.132 | 1015_43 | row 184 | new: False | elapsed: 05:46
Noise stats for 1630946.132: out=0, rdr=0, mra=0, tp_pct=0.0 with enabled detecting motions

Noise stats for 1630946.132: out=0, rdr=0, mra=0, tp_pct=0.0 with disabled detecting motions
/home/kestutis/miniconda3/envs/ITP259/lib/python3.11/site-packages/sklearn/base.py:486: UserWarning: X has feature names, but StandardScaler was fitted without feature names
  warnings.warn(
ectopy_stats={'ectN': 701, 'ectS': 0, 'ectV': 11, 'ectU': 2} with disabled detecting motions
Done 83/1088 | 1630946.132 | record time: 00:04

------------------------------------------------------------------------------------------
84/1088 | 1630946.757 | 1015_29 | row 168 | new: False | elapsed: 05:50
Noise stats for 1630946.757: out=0, rdr=0, mra=0, tp_pct=0.0 with enabled detecting motions

Noise stats for 1630946.757: out=0, rdr=0, mra=0, tp_pct=0.0 with disabled detecting motions
/home/kestutis/miniconda3/envs/ITP259/lib/python3.11/site-packages/sklearn/base.py:486: UserWarning: X has feature names, but StandardScaler was fitted without feature names
  warnings.warn(
ectopy_stats={'ectN': 600, 'ectS': 0, 'ectV': 18, 'ectU': 3} with disabled detecting motions
Done 84/1088 | 1630946.757 | record time: 00:04

------------------------------------------------------------------------------------------
85/1088 | 1630947.302 | 1014_0 | row 145 | new: False | elapsed: 05:54
Noise stats for 1630947.302: out=4, rdr=0, mra=0, tp_pct=27.1 with enabled detecting motions

Noise stats for 1630947.302: out=4, rdr=0, mra=0, tp_pct=27.1 with disabled detecting motions
/home/kestutis/miniconda3/envs/ITP259/lib/python3.11/site-packages/sklearn/base.py:486: UserWarning: X has feature names, but StandardScaler was fitted without feature names
  warnings.warn(
ectopy_stats={'ectN': 562, 'ectS': 0, 'ectV': 8, 'ectU': 26} with disabled detecting motions
Done 85/1088 | 1630947.302 | record time: 00:03

------------------------------------------------------------------------------------------
86/1088 | 1630947.382 | 1015_63 | row 206 | new: False | elapsed: 05:57
Noise stats for 1630947.382: out=0, rdr=0, mra=1, tp_pct=3.3 with enabled detecting motions

Noise stats for 1630947.382: out=0, rdr=0, mra=0, tp_pct=0.0 with disabled detecting motions
/home/kestutis/miniconda3/envs/ITP259/lib/python3.11/site-packages/sklearn/base.py:486: UserWarning: X has feature names, but StandardScaler was fitted without feature names
  warnings.warn(
ectopy_stats={'ectN': 843, 'ectS': 2, 'ectV': 3, 'ectU': 7} with disabled detecting motions
Done 86/1088 | 1630947.382 | record time: 00:04

------------------------------------------------------------------------------------------
87/1088 | 1630948.636 | 1015_62 | row 205 | new: False | elapsed: 06:02
Noise stats for 1630948.636: out=0, rdr=0, mra=1, tp_pct=2.3 with enabled detecting motions

Noise stats for 1630948.636: out=0, rdr=0, mra=0, tp_pct=0.0 with disabled detecting motions
/home/kestutis/miniconda3/envs/ITP259/lib/python3.11/site-packages/sklearn/base.py:486: UserWarning: X has feature names, but StandardScaler was fitted without feature names
  warnings.warn(
ectopy_stats={'ectN': 881, 'ectS': 0, 'ectV': 1, 'ectU': 2} with disabled detecting motions
Done 87/1088 | 1630948.636 | record time: 00:04

------------------------------------------------------------------------------------------
88/1088 | 1630958.655 | 1015_14 | row 152 | new: False | elapsed: 06:06
Noise stats for 1630958.655: out=0, rdr=0, mra=0, tp_pct=0.0 with enabled detecting motions

Noise stats for 1630958.655: out=0, rdr=0, mra=0, tp_pct=0.0 with disabled detecting motions
/home/kestutis/miniconda3/envs/ITP259/lib/python3.11/site-packages/sklearn/base.py:486: UserWarning: X has feature names, but StandardScaler was fitted without feature names
  warnings.warn(
ectopy_stats={'ectN': 620, 'ectS': 1, 'ectV': 28, 'ectU': 3} with disabled detecting motions
Done 88/1088 | 1630958.655 | record time: 00:04

------------------------------------------------------------------------------------------
89/1088 | 1630959.214 | 1007_1 | row 41 | new: False | elapsed: 06:10
Noise stats for 1630959.214: out=0, rdr=0, mra=0, tp_pct=0.0 with enabled detecting motions

Noise stats for 1630959.214: out=0, rdr=0, mra=0, tp_pct=0.0 with disabled detecting motions
/home/kestutis/miniconda3/envs/ITP259/lib/python3.11/site-packages/sklearn/base.py:486: UserWarning: X has feature names, but StandardScaler was fitted without feature names
  warnings.warn(
ectopy_stats={'ectN': 610, 'ectS': 0, 'ectV': 0, 'ectU': 2} with disabled detecting motions
Done 89/1088 | 1630959.214 | record time: 00:04

------------------------------------------------------------------------------------------
90/1088 | 1630959.28 | 1015_51 | row 193 | new: False | elapsed: 06:13
Noise stats for 1630959.280: out=0, rdr=0, mra=1, tp_pct=2.3 with enabled detecting motions

Noise stats for 1630959.280: out=0, rdr=0, mra=0, tp_pct=0.0 with disabled detecting motions
/home/kestutis/miniconda3/envs/ITP259/lib/python3.11/site-packages/sklearn/base.py:486: UserWarning: X has feature names, but StandardScaler was fitted without feature names
  warnings.warn(
ectopy_stats={'ectN': 705, 'ectS': 1, 'ectV': 5, 'ectU': 2} with disabled detecting motions
Done 90/1088 | 1630959.28 | record time: 00:04

------------------------------------------------------------------------------------------
91/1088 | 1630968.051 | 1015_34 | row 174 | new: False | elapsed: 06:17
Noise stats for 1630968.051: out=0, rdr=0, mra=1, tp_pct=2.4 with enabled detecting motions

Noise stats for 1630968.051: out=0, rdr=0, mra=0, tp_pct=0.0 with disabled detecting motions
/home/kestutis/miniconda3/envs/ITP259/lib/python3.11/site-packages/sklearn/base.py:486: UserWarning: X has feature names, but StandardScaler was fitted without feature names
  warnings.warn(
ectopy_stats={'ectN': 689, 'ectS': 2, 'ectV': 13, 'ectU': 2} with disabled detecting motions
Done 91/1088 | 1630968.051 | record time: 00:04

------------------------------------------------------------------------------------------
92/1088 | 1630968.676 | 1015_24 | row 163 | new: False | elapsed: 06:21
Noise stats for 1630968.676: out=0, rdr=0, mra=0, tp_pct=0.0 with enabled detecting motions

Noise stats for 1630968.676: out=0, rdr=0, mra=0, tp_pct=0.0 with disabled detecting motions
/home/kestutis/miniconda3/envs/ITP259/lib/python3.11/site-packages/sklearn/base.py:486: UserWarning: X has feature names, but StandardScaler was fitted without feature names
  warnings.warn(
ectopy_stats={'ectN': 541, 'ectS': 0, 'ectV': 24, 'ectU': 4} with disabled detecting motions
Done 92/1088 | 1630968.676 | record time: 00:04

------------------------------------------------------------------------------------------
93/1088 | 1630969.301 | 1015_13 | row 151 | new: False | elapsed: 06:25
Noise stats for 1630969.301: out=0, rdr=0, mra=1, tp_pct=2.4 with enabled detecting motions

Noise stats for 1630969.301: out=0, rdr=0, mra=0, tp_pct=0.0 with disabled detecting motions
/home/kestutis/miniconda3/envs/ITP259/lib/python3.11/site-packages/sklearn/base.py:486: UserWarning: X has feature names, but StandardScaler was fitted without feature names
  warnings.warn(
ectopy_stats={'ectN': 540, 'ectS': 0, 'ectV': 30, 'ectU': 2} with disabled detecting motions
Done 93/1088 | 1630969.301 | record time: 00:04

------------------------------------------------------------------------------------------
94/1088 | 1630969.93 | 1015_44 | row 185 | new: False | elapsed: 06:29
Noise stats for 1630969.930: out=0, rdr=0, mra=1, tp_pct=2.4 with enabled detecting motions

Noise stats for 1630969.930: out=0, rdr=0, mra=0, tp_pct=0.0 with disabled detecting motions
/home/kestutis/miniconda3/envs/ITP259/lib/python3.11/site-packages/sklearn/base.py:486: UserWarning: X has feature names, but StandardScaler was fitted without feature names
  warnings.warn(
ectopy_stats={'ectN': 541, 'ectS': 0, 'ectV': 12, 'ectU': 2} with disabled detecting motions
Done 94/1088 | 1630969.93 | record time: 00:04

------------------------------------------------------------------------------------------
95/1088 | 1630970.555 | 1015_26 | row 165 | new: False | elapsed: 06:32
Noise stats for 1630970.555: out=0, rdr=0, mra=1, tp_pct=2.4 with enabled detecting motions

Noise stats for 1630970.555: out=0, rdr=0, mra=0, tp_pct=0.0 with disabled detecting motions
/home/kestutis/miniconda3/envs/ITP259/lib/python3.11/site-packages/sklearn/base.py:486: UserWarning: X has feature names, but StandardScaler was fitted without feature names
  warnings.warn(
ectopy_stats={'ectN': 547, 'ectS': 0, 'ectV': 18, 'ectU': 3} with disabled detecting motions
Done 95/1088 | 1630970.555 | record time: 00:04

------------------------------------------------------------------------------------------
96/1088 | 1630971.181 | 1015_28 | row 167 | new: False | elapsed: 06:36
Noise stats for 1630971.181: out=0, rdr=0, mra=1, tp_pct=2.3 with enabled detecting motions

Noise stats for 1630971.181: out=0, rdr=0, mra=0, tp_pct=0.0 with disabled detecting motions
/home/kestutis/miniconda3/envs/ITP259/lib/python3.11/site-packages/sklearn/base.py:486: UserWarning: X has feature names, but StandardScaler was fitted without feature names
  warnings.warn(
ectopy_stats={'ectN': 562, 'ectS': 1, 'ectV': 19, 'ectU': 2} with disabled detecting motions
Done 96/1088 | 1630971.181 | record time: 00:04

------------------------------------------------------------------------------------------
97/1088 | 1630971.811 | 1015_25 | row 164 | new: False | elapsed: 06:40
Noise stats for 1630971.811: out=0, rdr=0, mra=0, tp_pct=0.0 with enabled detecting motions

Noise stats for 1630971.811: out=0, rdr=0, mra=0, tp_pct=0.0 with disabled detecting motions
/home/kestutis/miniconda3/envs/ITP259/lib/python3.11/site-packages/sklearn/base.py:486: UserWarning: X has feature names, but StandardScaler was fitted without feature names
  warnings.warn(
ectopy_stats={'ectN': 543, 'ectS': 0, 'ectV': 21, 'ectU': 2} with disabled detecting motions
Done 97/1088 | 1630971.811 | record time: 00:04

------------------------------------------------------------------------------------------
98/1088 | 1630972.436 | 1015_27 | row 166 | new: False | elapsed: 06:43
Noise stats for 1630972.436: out=0, rdr=0, mra=1, tp_pct=2.4 with enabled detecting motions

Noise stats for 1630972.436: out=0, rdr=0, mra=0, tp_pct=0.0 with disabled detecting motions
/home/kestutis/miniconda3/envs/ITP259/lib/python3.11/site-packages/sklearn/base.py:486: UserWarning: X has feature names, but StandardScaler was fitted without feature names
  warnings.warn(
ectopy_stats={'ectN': 607, 'ectS': 3, 'ectV': 23, 'ectU': 5} with disabled detecting motions
Done 98/1088 | 1630972.436 | record time: 00:04

------------------------------------------------------------------------------------------
99/1088 | 1630973.062 | 1015_37 | row 177 | new: False | elapsed: 06:47
Noise stats for 1630973.062: out=0, rdr=0, mra=0, tp_pct=0.0 with enabled detecting motions

Noise stats for 1630973.062: out=0, rdr=0, mra=0, tp_pct=0.0 with disabled detecting motions
/home/kestutis/miniconda3/envs/ITP259/lib/python3.11/site-packages/sklearn/base.py:486: UserWarning: X has feature names, but StandardScaler was fitted without feature names
  warnings.warn(
ectopy_stats={'ectN': 569, 'ectS': 2, 'ectV': 13, 'ectU': 3} with disabled detecting motions
Done 99/1088 | 1630973.062 | record time: 00:04

------------------------------------------------------------------------------------------
100/1088 | 1630973.692 | 1015_54 | row 196 | new: False | elapsed: 06:51
Noise stats for 1630973.692: out=0, rdr=0, mra=0, tp_pct=0.0 with enabled detecting motions

Noise stats for 1630973.692: out=0, rdr=0, mra=0, tp_pct=0.0 with disabled detecting motions
/home/kestutis/miniconda3/envs/ITP259/lib/python3.11/site-packages/sklearn/base.py:486: UserWarning: X has feature names, but StandardScaler was fitted without feature names
  warnings.warn(
ectopy_stats={'ectN': 611, 'ectS': 2, 'ectV': 6, 'ectU': 3} with disabled detecting motions
Done 100/1088 | 1630973.692 | record time: 00:04

------------------------------------------------------------------------------------------
101/1088 | 1630974.317 | 1015_35 | row 175 | new: False | elapsed: 06:55
Noise stats for 1630974.317: out=0, rdr=0, mra=0, tp_pct=0.0 with enabled detecting motions

Noise stats for 1630974.317: out=0, rdr=0, mra=0, tp_pct=0.0 with disabled detecting motions
/home/kestutis/miniconda3/envs/ITP259/lib/python3.11/site-packages/sklearn/base.py:486: UserWarning: X has feature names, but StandardScaler was fitted without feature names
  warnings.warn(
ectopy_stats={'ectN': 534, 'ectS': 7, 'ectV': 19, 'ectU': 3} with disabled detecting motions
Done 101/1088 | 1630974.317 | record time: 00:04

------------------------------------------------------------------------------------------
102/1088 | 1630974.942 | 1015_58 | row 200 | new: False | elapsed: 06:58
Noise stats for 1630974.942: out=0, rdr=0, mra=0, tp_pct=0.0 with enabled detecting motions

Noise stats for 1630974.942: out=0, rdr=0, mra=0, tp_pct=0.0 with disabled detecting motions
/home/kestutis/miniconda3/envs/ITP259/lib/python3.11/site-packages/sklearn/base.py:486: UserWarning: X has feature names, but StandardScaler was fitted without feature names
  warnings.warn(
ectopy_stats={'ectN': 578, 'ectS': 2, 'ectV': 0, 'ectU': 4} with disabled detecting motions
Done 102/1088 | 1630974.942 | record time: 00:04

------------------------------------------------------------------------------------------
103/1088 | 1630979.952 | 1015_64 | row 207 | new: False | elapsed: 07:02
Noise stats for 1630979.952: out=0, rdr=0, mra=0, tp_pct=0.0 with enabled detecting motions

Noise stats for 1630979.952: out=0, rdr=0, mra=0, tp_pct=0.0 with disabled detecting motions
/home/kestutis/miniconda3/envs/ITP259/lib/python3.11/site-packages/sklearn/base.py:486: UserWarning: X has feature names, but StandardScaler was fitted without feature names
  warnings.warn(
ectopy_stats={'ectN': 552, 'ectS': 6, 'ectV': 2, 'ectU': 2} with disabled detecting motions
Done 103/1088 | 1630979.952 | record time: 00:04

------------------------------------------------------------------------------------------
104/1088 | 1630982.455 | 1015_50 | row 192 | new: False | elapsed: 07:05
Noise stats for 1630982.455: out=0, rdr=0, mra=0, tp_pct=0.0 with enabled detecting motions

Noise stats for 1630982.455: out=0, rdr=0, mra=0, tp_pct=0.0 with disabled detecting motions
/home/kestutis/miniconda3/envs/ITP259/lib/python3.11/site-packages/sklearn/base.py:486: UserWarning: X has feature names, but StandardScaler was fitted without feature names
  warnings.warn(
ectopy_stats={'ectN': 543, 'ectS': 4, 'ectV': 5, 'ectU': 2} with disabled detecting motions
Done 104/1088 | 1630982.455 | record time: 00:04

------------------------------------------------------------------------------------------
105/1088 | 1630983.083 | 1015_57 | row 199 | new: False | elapsed: 07:09
Noise stats for 1630983.083: out=0, rdr=0, mra=0, tp_pct=0.0 with enabled detecting motions

Noise stats for 1630983.083: out=0, rdr=0, mra=0, tp_pct=0.0 with disabled detecting motions
/home/kestutis/miniconda3/envs/ITP259/lib/python3.11/site-packages/sklearn/base.py:486: UserWarning: X has feature names, but StandardScaler was fitted without feature names
  warnings.warn(
ectopy_stats={'ectN': 546, 'ectS': 4, 'ectV': 2, 'ectU': 2} with disabled detecting motions
Done 105/1088 | 1630983.083 | record time: 00:04

------------------------------------------------------------------------------------------
106/1088 | 1630983.707 | 1015_9 | row 210 | new: False | elapsed: 07:13
Noise stats for 1630983.707: out=0, rdr=0, mra=0, tp_pct=0.0 with enabled detecting motions

Noise stats for 1630983.707: out=0, rdr=0, mra=0, tp_pct=0.0 with disabled detecting motions
/home/kestutis/miniconda3/envs/ITP259/lib/python3.11/site-packages/sklearn/base.py:486: UserWarning: X has feature names, but StandardScaler was fitted without feature names
  warnings.warn(
ectopy_stats={'ectN': 498, 'ectS': 6, 'ectV': 37, 'ectU': 3} with disabled detecting motions
Done 106/1088 | 1630983.707 | record time: 00:04

------------------------------------------------------------------------------------------
107/1088 | 1630984.331 | 1015_4 | row 180 | new: False | elapsed: 07:16
Noise stats for 1630984.331: out=0, rdr=0, mra=0, tp_pct=0.0 with enabled detecting motions

Noise stats for 1630984.331: out=0, rdr=0, mra=0, tp_pct=0.0 with disabled detecting motions
/home/kestutis/miniconda3/envs/ITP259/lib/python3.11/site-packages/sklearn/base.py:486: UserWarning: X has feature names, but StandardScaler was fitted without feature names
  warnings.warn(
ectopy_stats={'ectN': 503, 'ectS': 6, 'ectV': 41, 'ectU': 2} with disabled detecting motions
Done 107/1088 | 1630984.331 | record time: 00:04

------------------------------------------------------------------------------------------
108/1088 | 1630984.96 | 1015_42 | row 183 | new: False | elapsed: 07:20
Noise stats for 1630984.960: out=0, rdr=0, mra=1, tp_pct=2.3 with enabled detecting motions

Noise stats for 1630984.960: out=0, rdr=0, mra=0, tp_pct=0.0 with disabled detecting motions
/home/kestutis/miniconda3/envs/ITP259/lib/python3.11/site-packages/sklearn/base.py:486: UserWarning: X has feature names, but StandardScaler was fitted without feature names
  warnings.warn(
ectopy_stats={'ectN': 545, 'ectS': 5, 'ectV': 13, 'ectU': 2} with disabled detecting motions
Done 108/1088 | 1630984.96 | record time: 00:04

------------------------------------------------------------------------------------------
109/1088 | 1630985.584 | 1015_47 | row 188 | new: False | elapsed: 07:24
Noise stats for 1630985.584: out=0, rdr=0, mra=0, tp_pct=0.0 with enabled detecting motions

Noise stats for 1630985.584: out=0, rdr=0, mra=0, tp_pct=0.0 with disabled detecting motions
/home/kestutis/miniconda3/envs/ITP259/lib/python3.11/site-packages/sklearn/base.py:486: UserWarning: X has feature names, but StandardScaler was fitted without feature names
  warnings.warn(
ectopy_stats={'ectN': 554, 'ectS': 0, 'ectV': 7, 'ectU': 2} with disabled detecting motions
Done 109/1088 | 1630985.584 | record time: 00:04

------------------------------------------------------------------------------------------
110/1088 | 1630986.207 | 1015_61 | row 204 | new: False | elapsed: 07:27
Noise stats for 1630986.207: out=0, rdr=0, mra=0, tp_pct=0.0 with enabled detecting motions

Noise stats for 1630986.207: out=0, rdr=0, mra=0, tp_pct=0.0 with disabled detecting motions
/home/kestutis/miniconda3/envs/ITP259/lib/python3.11/site-packages/sklearn/base.py:486: UserWarning: X has feature names, but StandardScaler was fitted without feature names
  warnings.warn(
ectopy_stats={'ectN': 567, 'ectS': 6, 'ectV': 1, 'ectU': 2} with disabled detecting motions
Done 110/1088 | 1630986.207 | record time: 00:04

------------------------------------------------------------------------------------------
111/1088 | 1630986.835 | 1015_60 | row 203 | new: False | elapsed: 07:31
Noise stats for 1630986.835: out=0, rdr=0, mra=0, tp_pct=0.0 with enabled detecting motions

Noise stats for 1630986.835: out=0, rdr=0, mra=0, tp_pct=0.0 with disabled detecting motions
/home/kestutis/miniconda3/envs/ITP259/lib/python3.11/site-packages/sklearn/base.py:486: UserWarning: X has feature names, but StandardScaler was fitted without feature names
  warnings.warn(
ectopy_stats={'ectN': 565, 'ectS': 0, 'ectV': 1, 'ectU': 2} with disabled detecting motions
Done 111/1088 | 1630986.835 | record time: 00:04

------------------------------------------------------------------------------------------
112/1088 | 1630987.458 | 1015_46 | row 187 | new: False | elapsed: 07:34
Noise stats for 1630987.458: out=0, rdr=0, mra=0, tp_pct=0.0 with enabled detecting motions

Noise stats for 1630987.458: out=0, rdr=0, mra=0, tp_pct=0.0 with disabled detecting motions
/home/kestutis/miniconda3/envs/ITP259/lib/python3.11/site-packages/sklearn/base.py:486: UserWarning: X has feature names, but StandardScaler was fitted without feature names
  warnings.warn(
ectopy_stats={'ectN': 561, 'ectS': 2, 'ectV': 9, 'ectU': 2} with disabled detecting motions
Done 112/1088 | 1630987.458 | record time: 00:04

------------------------------------------------------------------------------------------
113/1088 | 1630988.083 | 1015_56 | row 198 | new: False | elapsed: 07:38
Noise stats for 1630988.083: out=0, rdr=0, mra=0, tp_pct=0.0 with enabled detecting motions

Noise stats for 1630988.083: out=0, rdr=0, mra=0, tp_pct=0.0 with disabled detecting motions
/home/kestutis/miniconda3/envs/ITP259/lib/python3.11/site-packages/sklearn/base.py:486: UserWarning: X has feature names, but StandardScaler was fitted without feature names
  warnings.warn(
ectopy_stats={'ectN': 554, 'ectS': 2, 'ectV': 2, 'ectU': 2} with disabled detecting motions
Done 113/1088 | 1630988.083 | record time: 00:04

------------------------------------------------------------------------------------------
114/1088 | 1630988.706 | 1015_59 | row 201 | new: False | elapsed: 07:42
Noise stats for 1630988.706: out=0, rdr=0, mra=0, tp_pct=0.0 with enabled detecting motions

Noise stats for 1630988.706: out=0, rdr=0, mra=0, tp_pct=0.0 with disabled detecting motions
/home/kestutis/miniconda3/envs/ITP259/lib/python3.11/site-packages/sklearn/base.py:486: UserWarning: X has feature names, but StandardScaler was fitted without feature names
  warnings.warn(
ectopy_stats={'ectN': 575, 'ectS': 2, 'ectV': 1, 'ectU': 2} with disabled detecting motions
Done 114/1088 | 1630988.706 | record time: 00:04

------------------------------------------------------------------------------------------
115/1088 | 1630991.83 | 1015_33 | row 173 | new: False | elapsed: 07:45
Noise stats for 1630991.830: out=0, rdr=0, mra=0, tp_pct=0.0 with enabled detecting motions

Noise stats for 1630991.830: out=0, rdr=0, mra=0, tp_pct=0.0 with disabled detecting motions
/home/kestutis/miniconda3/envs/ITP259/lib/python3.11/site-packages/sklearn/base.py:486: UserWarning: X has feature names, but StandardScaler was fitted without feature names
  warnings.warn(
ectopy_stats={'ectN': 520, 'ectS': 8, 'ectV': 14, 'ectU': 3} with disabled detecting motions
Done 115/1088 | 1630991.83 | record time: 00:04

------------------------------------------------------------------------------------------
116/1088 | 1630992.454 | 1015_7 | row 208 | new: False | elapsed: 07:49
Noise stats for 1630992.454: out=0, rdr=0, mra=1, tp_pct=2.4 with enabled detecting motions

Noise stats for 1630992.454: out=0, rdr=0, mra=0, tp_pct=0.0 with disabled detecting motions
/home/kestutis/miniconda3/envs/ITP259/lib/python3.11/site-packages/sklearn/base.py:486: UserWarning: X has feature names, but StandardScaler was fitted without feature names
  warnings.warn(
ectopy_stats={'ectN': 498, 'ectS': 6, 'ectV': 41, 'ectU': 2} with disabled detecting motions
Done 116/1088 | 1630992.454 | record time: 00:04

------------------------------------------------------------------------------------------
117/1088 | 1630993.079 | 1015_39 | row 179 | new: False | elapsed: 07:53
Noise stats for 1630993.079: out=0, rdr=0, mra=1, tp_pct=2.5 with enabled detecting motions

Noise stats for 1630993.079: out=0, rdr=0, mra=0, tp_pct=0.0 with disabled detecting motions
/home/kestutis/miniconda3/envs/ITP259/lib/python3.11/site-packages/sklearn/base.py:486: UserWarning: X has feature names, but StandardScaler was fitted without feature names
  warnings.warn(
ectopy_stats={'ectN': 549, 'ectS': 4, 'ectV': 14, 'ectU': 4} with disabled detecting motions
Done 117/1088 | 1630993.079 | record time: 00:04

------------------------------------------------------------------------------------------
118/1088 | 1630993.708 | 1015_48 | row 189 | new: False | elapsed: 07:56
Noise stats for 1630993.708: out=0, rdr=0, mra=1, tp_pct=2.4 with enabled detecting motions

Noise stats for 1630993.708: out=0, rdr=0, mra=0, tp_pct=0.0 with disabled detecting motions
/home/kestutis/miniconda3/envs/ITP259/lib/python3.11/site-packages/sklearn/base.py:486: UserWarning: X has feature names, but StandardScaler was fitted without feature names
  warnings.warn(
ectopy_stats={'ectN': 560, 'ectS': 0, 'ectV': 7, 'ectU': 2} with disabled detecting motions
Done 118/1088 | 1630993.708 | record time: 00:04

------------------------------------------------------------------------------------------
119/1088 | 1630994.333 | 1015_23 | row 162 | new: False | elapsed: 08:00
Noise stats for 1630994.333: out=0, rdr=0, mra=0, tp_pct=0.0 with enabled detecting motions

Noise stats for 1630994.333: out=0, rdr=0, mra=0, tp_pct=0.0 with disabled detecting motions
/home/kestutis/miniconda3/envs/ITP259/lib/python3.11/site-packages/sklearn/base.py:486: UserWarning: X has feature names, but StandardScaler was fitted without feature names
  warnings.warn(
ectopy_stats={'ectN': 525, 'ectS': 0, 'ectV': 27, 'ectU': 2} with disabled detecting motions
Done 119/1088 | 1630994.333 | record time: 00:04

------------------------------------------------------------------------------------------
120/1088 | 1630994.958 | 1015_10 | row 148 | new: False | elapsed: 08:03
Noise stats for 1630994.958: out=0, rdr=0, mra=0, tp_pct=0.0 with enabled detecting motions

Noise stats for 1630994.958: out=0, rdr=0, mra=0, tp_pct=0.0 with disabled detecting motions
/home/kestutis/miniconda3/envs/ITP259/lib/python3.11/site-packages/sklearn/base.py:486: UserWarning: X has feature names, but StandardScaler was fitted without feature names
  warnings.warn(
ectopy_stats={'ectN': 533, 'ectS': 0, 'ectV': 33, 'ectU': 2} with disabled detecting motions
Done 120/1088 | 1630994.958 | record time: 00:04

------------------------------------------------------------------------------------------
121/1088 | 1630995.587 | 1015_0 | row 146 | new: False | elapsed: 08:07
Noise stats for 1630995.587: out=0, rdr=0, mra=0, tp_pct=0.0 with enabled detecting motions

Noise stats for 1630995.587: out=0, rdr=0, mra=0, tp_pct=0.0 with disabled detecting motions
/home/kestutis/miniconda3/envs/ITP259/lib/python3.11/site-packages/sklearn/base.py:486: UserWarning: X has feature names, but StandardScaler was fitted without feature names
  warnings.warn(
ectopy_stats={'ectN': 487, 'ectS': 1, 'ectV': 69, 'ectU': 2} with disabled detecting motions
Done 121/1088 | 1630995.587 | record time: 00:04

------------------------------------------------------------------------------------------
122/1088 | 1630996.212 | 1015_6 | row 202 | new: False | elapsed: 08:11
Noise stats for 1630996.212: out=0, rdr=0, mra=0, tp_pct=0.0 with enabled detecting motions

Noise stats for 1630996.212: out=0, rdr=0, mra=0, tp_pct=0.0 with disabled detecting motions
/home/kestutis/miniconda3/envs/ITP259/lib/python3.11/site-packages/sklearn/base.py:486: UserWarning: X has feature names, but StandardScaler was fitted without feature names
  warnings.warn(
ectopy_stats={'ectN': 494, 'ectS': 9, 'ectV': 38, 'ectU': 2} with disabled detecting motions
Done 122/1088 | 1630996.212 | record time: 00:04

------------------------------------------------------------------------------------------
123/1088 | 1630996.837 | 1015_2 | row 158 | new: False | elapsed: 08:14
Noise stats for 1630996.837: out=0, rdr=0, mra=1, tp_pct=3.0 with enabled detecting motions

Noise stats for 1630996.837: out=0, rdr=0, mra=0, tp_pct=0.0 with disabled detecting motions
/home/kestutis/miniconda3/envs/ITP259/lib/python3.11/site-packages/sklearn/base.py:486: UserWarning: X has feature names, but StandardScaler was fitted without feature names
  warnings.warn(
ectopy_stats={'ectN': 509, 'ectS': 2, 'ectV': 47, 'ectU': 5} with disabled detecting motions
Done 123/1088 | 1630996.837 | record time: 00:04

------------------------------------------------------------------------------------------
124/1088 | 1630997.466 | 1015_1 | row 147 | new: False | elapsed: 08:18
Noise stats for 1630997.466: out=0, rdr=0, mra=0, tp_pct=0.0 with enabled detecting motions

Noise stats for 1630997.466: out=0, rdr=0, mra=0, tp_pct=0.0 with disabled detecting motions
/home/kestutis/miniconda3/envs/ITP259/lib/python3.11/site-packages/sklearn/base.py:486: UserWarning: X has feature names, but StandardScaler was fitted without feature names
  warnings.warn(
ectopy_stats={'ectN': 520, 'ectS': 4, 'ectV': 48, 'ectU': 2} with disabled detecting motions
Done 124/1088 | 1630997.466 | record time: 00:04

------------------------------------------------------------------------------------------
125/1088 | 1630998.09 | 1015_16 | row 154 | new: False | elapsed: 08:22
Noise stats for 1630998.090: out=0, rdr=0, mra=1, tp_pct=2.3 with enabled detecting motions

Noise stats for 1630998.090: out=0, rdr=0, mra=0, tp_pct=0.0 with disabled detecting motions
/home/kestutis/miniconda3/envs/ITP259/lib/python3.11/site-packages/sklearn/base.py:486: UserWarning: X has feature names, but StandardScaler was fitted without feature names
  warnings.warn(
ectopy_stats={'ectN': 515, 'ectS': 6, 'ectV': 29, 'ectU': 4} with disabled detecting motions
Done 125/1088 | 1630998.09 | record time: 00:04

------------------------------------------------------------------------------------------
126/1088 | 1630998.715 | 1015_19 | row 157 | new: False | elapsed: 08:25
Noise stats for 1630998.715: out=0, rdr=0, mra=0, tp_pct=0.0 with enabled detecting motions

Noise stats for 1630998.715: out=0, rdr=0, mra=0, tp_pct=0.0 with disabled detecting motions
/home/kestutis/miniconda3/envs/ITP259/lib/python3.11/site-packages/sklearn/base.py:486: UserWarning: X has feature names, but StandardScaler was fitted without feature names
  warnings.warn(
ectopy_stats={'ectN': 524, 'ectS': 6, 'ectV': 23, 'ectU': 2} with disabled detecting motions
Done 126/1088 | 1630998.715 | record time: 00:04

------------------------------------------------------------------------------------------
127/1088 | 1630999.344 | 1015_21 | row 160 | new: False | elapsed: 08:29
Noise stats for 1630999.344: out=0, rdr=0, mra=0, tp_pct=0.0 with enabled detecting motions

Noise stats for 1630999.344: out=0, rdr=0, mra=0, tp_pct=0.0 with disabled detecting motions
/home/kestutis/miniconda3/envs/ITP259/lib/python3.11/site-packages/sklearn/base.py:486: UserWarning: X has feature names, but StandardScaler was fitted without feature names
  warnings.warn(
ectopy_stats={'ectN': 535, 'ectS': 3, 'ectV': 22, 'ectU': 3} with disabled detecting motions
Done 127/1088 | 1630999.344 | record time: 00:04

------------------------------------------------------------------------------------------
128/1088 | 1630999.968 | 1015_18 | row 156 | new: False | elapsed: 08:32
Noise stats for 1630999.968: out=0, rdr=0, mra=0, tp_pct=0.0 with enabled detecting motions

Noise stats for 1630999.968: out=0, rdr=0, mra=0, tp_pct=0.0 with disabled detecting motions
/home/kestutis/miniconda3/envs/ITP259/lib/python3.11/site-packages/sklearn/base.py:486: UserWarning: X has feature names, but StandardScaler was fitted without feature names
  warnings.warn(
ectopy_stats={'ectN': 511, 'ectS': 3, 'ectV': 26, 'ectU': 2} with disabled detecting motions
Done 128/1088 | 1630999.968 | record time: 00:04

------------------------------------------------------------------------------------------
129/1088 | 1631000.593 | 1015_3 | row 169 | new: False | elapsed: 08:36
Noise stats for 1631000.593: out=0, rdr=0, mra=0, tp_pct=0.0 with enabled detecting motions

Noise stats for 1631000.593: out=0, rdr=0, mra=0, tp_pct=0.0 with disabled detecting motions
/home/kestutis/miniconda3/envs/ITP259/lib/python3.11/site-packages/sklearn/base.py:486: UserWarning: X has feature names, but StandardScaler was fitted without feature names
  warnings.warn(
ectopy_stats={'ectN': 525, 'ectS': 0, 'ectV': 41, 'ectU': 2} with disabled detecting motions
Done 129/1088 | 1631000.593 | record time: 00:04

------------------------------------------------------------------------------------------
130/1088 | 1631001.238 | 1007_0 | row 40 | new: False | elapsed: 08:40
Noise stats for 1631001.238: out=0, rdr=0, mra=1, tp_pct=2.4 with enabled detecting motions

Noise stats for 1631001.238: out=0, rdr=0, mra=0, tp_pct=0.0 with disabled detecting motions
/home/kestutis/miniconda3/envs/ITP259/lib/python3.11/site-packages/sklearn/base.py:486: UserWarning: X has feature names, but StandardScaler was fitted without feature names
  warnings.warn(
ectopy_stats={'ectN': 646, 'ectS': 0, 'ectV': 1, 'ectU': 2} with disabled detecting motions
Done 130/1088 | 1631001.238 | record time: 00:04

------------------------------------------------------------------------------------------
131/1088 | 1631001.847 | 1015_41 | row 182 | new: False | elapsed: 08:43
Noise stats for 1631001.847: out=0, rdr=0, mra=1, tp_pct=2.9 with enabled detecting motions

Noise stats for 1631001.847: out=0, rdr=0, mra=0, tp_pct=0.0 with disabled detecting motions
/home/kestutis/miniconda3/envs/ITP259/lib/python3.11/site-packages/sklearn/base.py:486: UserWarning: X has feature names, but StandardScaler was fitted without feature names
  warnings.warn(
ectopy_stats={'ectN': 632, 'ectS': 0, 'ectV': 12, 'ectU': 2} with disabled detecting motions
Done 131/1088 | 1631001.847 | record time: 00:04

------------------------------------------------------------------------------------------
132/1088 | 1631002.473 | 1015_36 | row 176 | new: False | elapsed: 08:47
Noise stats for 1631002.473: out=0, rdr=0, mra=2, tp_pct=5.3 with enabled detecting motions

Noise stats for 1631002.473: out=0, rdr=0, mra=0, tp_pct=0.0 with disabled detecting motions
/home/kestutis/miniconda3/envs/ITP259/lib/python3.11/site-packages/sklearn/base.py:486: UserWarning: X has feature names, but StandardScaler was fitted without feature names
  warnings.warn(
ectopy_stats={'ectN': 595, 'ectS': 2, 'ectV': 11, 'ectU': 2} with disabled detecting motions
Done 132/1088 | 1631002.473 | record time: 00:04

------------------------------------------------------------------------------------------
133/1088 | 1631003.102 | 1015_15 | row 153 | new: False | elapsed: 08:51
Noise stats for 1631003.102: out=0, rdr=0, mra=1, tp_pct=2.2 with enabled detecting motions

Noise stats for 1631003.102: out=0, rdr=0, mra=0, tp_pct=0.0 with disabled detecting motions
/home/kestutis/miniconda3/envs/ITP259/lib/python3.11/site-packages/sklearn/base.py:486: UserWarning: X has feature names, but StandardScaler was fitted without feature names
  warnings.warn(
ectopy_stats={'ectN': 555, 'ectS': 0, 'ectV': 26, 'ectU': 3} with disabled detecting motions
Done 133/1088 | 1631003.102 | record time: 00:04

------------------------------------------------------------------------------------------
134/1088 | 1631003.727 | 1015_49 | row 190 | new: False | elapsed: 08:55
Noise stats for 1631003.727: out=0, rdr=0, mra=1, tp_pct=2.3 with enabled detecting motions

Noise stats for 1631003.727: out=0, rdr=0, mra=0, tp_pct=0.0 with disabled detecting motions
/home/kestutis/miniconda3/envs/ITP259/lib/python3.11/site-packages/sklearn/base.py:486: UserWarning: X has feature names, but StandardScaler was fitted without feature names
  warnings.warn(
ectopy_stats={'ectN': 702, 'ectS': 4, 'ectV': 6, 'ectU': 3} with disabled detecting motions
Done 134/1088 | 1631003.727 | record time: 00:04

------------------------------------------------------------------------------------------
135/1088 | 1631009.724 | 1019_41 | row 295 | new: False | elapsed: 08:59
Noise stats for 1631009.724: out=1, rdr=0, mra=0, tp_pct=0.7 with enabled detecting motions

Noise stats for 1631009.724: out=1, rdr=0, mra=0, tp_pct=0.7 with disabled detecting motions
/home/kestutis/miniconda3/envs/ITP259/lib/python3.11/site-packages/sklearn/base.py:486: UserWarning: X has feature names, but StandardScaler was fitted without feature names
  warnings.warn(
ectopy_stats={'ectN': 765, 'ectS': 0, 'ectV': 48, 'ectU': 3} with disabled detecting motions
Done 135/1088 | 1631009.724 | record time: 00:04

------------------------------------------------------------------------------------------
136/1088 | 1631010.352 | 1019_63 | row 319 | new: False | elapsed: 09:03
Noise stats for 1631010.352: out=0, rdr=0, mra=0, tp_pct=0.0 with enabled detecting motions

Noise stats for 1631010.352: out=0, rdr=0, mra=0, tp_pct=0.0 with disabled detecting motions
/home/kestutis/miniconda3/envs/ITP259/lib/python3.11/site-packages/sklearn/base.py:486: UserWarning: X has feature names, but StandardScaler was fitted without feature names
  warnings.warn(
ectopy_stats={'ectN': 663, 'ectS': 0, 'ectV': 30, 'ectU': 2} with disabled detecting motions
Done 136/1088 | 1631010.352 | record time: 00:04

------------------------------------------------------------------------------------------
137/1088 | 1631010.979 | 1019_65 | row 321 | new: False | elapsed: 09:07
Noise stats for 1631010.979: out=0, rdr=0, mra=3, tp_pct=10.9 with enabled detecting motions

Noise stats for 1631010.979: out=0, rdr=0, mra=0, tp_pct=0.0 with disabled detecting motions
/home/kestutis/miniconda3/envs/ITP259/lib/python3.11/site-packages/sklearn/base.py:486: UserWarning: X has feature names, but StandardScaler was fitted without feature names
  warnings.warn(
ectopy_stats={'ectN': 674, 'ectS': 0, 'ectV': 28, 'ectU': 3} with disabled detecting motions
Done 137/1088 | 1631010.979 | record time: 00:04

------------------------------------------------------------------------------------------
138/1088 | 1631011.609 | 1019_26 | row 278 | new: False | elapsed: 09:11
Noise stats for 1631011.609: out=0, rdr=0, mra=0, tp_pct=0.0 with enabled detecting motions

Noise stats for 1631011.609: out=0, rdr=0, mra=0, tp_pct=0.0 with disabled detecting motions
/home/kestutis/miniconda3/envs/ITP259/lib/python3.11/site-packages/sklearn/base.py:486: UserWarning: X has feature names, but StandardScaler was fitted without feature names
  warnings.warn(
ectopy_stats={'ectN': 666, 'ectS': 0, 'ectV': 58, 'ectU': 2} with disabled detecting motions
Done 138/1088 | 1631011.609 | record time: 00:04

------------------------------------------------------------------------------------------
139/1088 | 1631012.235 | 1019_2 | row 271 | new: False | elapsed: 09:15
Noise stats for 1631012.235: out=0, rdr=0, mra=0, tp_pct=0.0 with enabled detecting motions

Noise stats for 1631012.235: out=0, rdr=0, mra=0, tp_pct=0.0 with disabled detecting motions
/home/kestutis/miniconda3/envs/ITP259/lib/python3.11/site-packages/sklearn/base.py:486: UserWarning: X has feature names, but StandardScaler was fitted without feature names
  warnings.warn(
ectopy_stats={'ectN': 769, 'ectS': 1, 'ectV': 106, 'ectU': 2} with disabled detecting motions
Done 139/1088 | 1631012.235 | record time: 00:04

------------------------------------------------------------------------------------------
140/1088 | 1631012.861 | 1019_4 | row 293 | new: False | elapsed: 09:19
Noise stats for 1631012.861: out=1, rdr=0, mra=0, tp_pct=2.0 with enabled detecting motions

Noise stats for 1631012.861: out=1, rdr=0, mra=0, tp_pct=2.0 with disabled detecting motions
/home/kestutis/miniconda3/envs/ITP259/lib/python3.11/site-packages/sklearn/base.py:486: UserWarning: X has feature names, but StandardScaler was fitted without feature names
  warnings.warn(
ectopy_stats={'ectN': 710, 'ectS': 0, 'ectV': 112, 'ectU': 2} with disabled detecting motions
Done 140/1088 | 1631012.861 | record time: 00:04

------------------------------------------------------------------------------------------
141/1088 | 1631013.491 | 1019_1 | row 224 | new: False | elapsed: 09:24
Noise stats for 1631013.491: out=0, rdr=0, mra=0, tp_pct=0.0 with enabled detecting motions

Noise stats for 1631013.491: out=0, rdr=0, mra=0, tp_pct=0.0 with disabled detecting motions
/home/kestutis/miniconda3/envs/ITP259/lib/python3.11/site-packages/sklearn/base.py:486: UserWarning: X has feature names, but StandardScaler was fitted without feature names
  warnings.warn(
ectopy_stats={'ectN': 668, 'ectS': 0, 'ectV': 106, 'ectU': 5} with disabled detecting motions
Done 141/1088 | 1631013.491 | record time: 00:04

------------------------------------------------------------------------------------------
142/1088 | 1631014.117 | 1019_7 | row 326 | new: False | elapsed: 09:28
Noise stats for 1631014.117: out=2, rdr=0, mra=0, tp_pct=5.0 with enabled detecting motions

Noise stats for 1631014.117: out=2, rdr=0, mra=0, tp_pct=5.0 with disabled detecting motions
/home/kestutis/miniconda3/envs/ITP259/lib/python3.11/site-packages/sklearn/base.py:486: UserWarning: X has feature names, but StandardScaler was fitted without feature names
  warnings.warn(
ectopy_stats={'ectN': 646, 'ectS': 0, 'ectV': 88, 'ectU': 3} with disabled detecting motions
Done 142/1088 | 1631014.117 | record time: 00:04

------------------------------------------------------------------------------------------
143/1088 | 1631014.743 | 1019_44 | row 298 | new: False | elapsed: 09:32
Noise stats for 1631014.743: out=0, rdr=0, mra=0, tp_pct=0.0 with enabled detecting motions

Noise stats for 1631014.743: out=0, rdr=0, mra=0, tp_pct=0.0 with disabled detecting motions
/home/kestutis/miniconda3/envs/ITP259/lib/python3.11/site-packages/sklearn/base.py:486: UserWarning: X has feature names, but StandardScaler was fitted without feature names
  warnings.warn(
ectopy_stats={'ectN': 673, 'ectS': 0, 'ectV': 40, 'ectU': 6} with disabled detecting motions
Done 143/1088 | 1631014.743 | record time: 00:04

------------------------------------------------------------------------------------------
144/1088 | 1631015.373 | 1019_17 | row 268 | new: False | elapsed: 09:36
Noise stats for 1631015.373: out=0, rdr=0, mra=0, tp_pct=0.0 with enabled detecting motions

Noise stats for 1631015.373: out=0, rdr=0, mra=0, tp_pct=0.0 with disabled detecting motions
/home/kestutis/miniconda3/envs/ITP259/lib/python3.11/site-packages/sklearn/base.py:486: UserWarning: X has feature names, but StandardScaler was fitted without feature names
  warnings.warn(
ectopy_stats={'ectN': 611, 'ectS': 0, 'ectV': 69, 'ectU': 6} with disabled detecting motions
Done 144/1088 | 1631015.373 | record time: 00:04

------------------------------------------------------------------------------------------
145/1088 | 1631015.999 | 1019_15 | row 266 | new: False | elapsed: 09:40
Noise stats for 1631015.999: out=0, rdr=0, mra=0, tp_pct=0.0 with enabled detecting motions

Noise stats for 1631015.999: out=0, rdr=0, mra=0, tp_pct=0.0 with disabled detecting motions
/home/kestutis/miniconda3/envs/ITP259/lib/python3.11/site-packages/sklearn/base.py:486: UserWarning: X has feature names, but StandardScaler was fitted without feature names
  warnings.warn(
ectopy_stats={'ectN': 582, 'ectS': 0, 'ectV': 73, 'ectU': 7} with disabled detecting motions
Done 145/1088 | 1631015.999 | record time: 00:05

------------------------------------------------------------------------------------------
146/1088 | 1631016.625 | 1019_20 | row 272 | new: False | elapsed: 09:45
Noise stats for 1631016.625: out=0, rdr=0, mra=0, tp_pct=0.0 with enabled detecting motions

Noise stats for 1631016.625: out=0, rdr=0, mra=0, tp_pct=0.0 with disabled detecting motions
/home/kestutis/miniconda3/envs/ITP259/lib/python3.11/site-packages/sklearn/base.py:486: UserWarning: X has feature names, but StandardScaler was fitted without feature names
  warnings.warn(
ectopy_stats={'ectN': 577, 'ectS': 2, 'ectV': 63, 'ectU': 4} with disabled detecting motions
Done 146/1088 | 1631016.625 | record time: 00:04

------------------------------------------------------------------------------------------
147/1088 | 1631017.254 | 1019_42 | row 296 | new: False | elapsed: 09:49
Noise stats for 1631017.254: out=0, rdr=0, mra=0, tp_pct=0.0 with enabled detecting motions

Noise stats for 1631017.254: out=0, rdr=0, mra=0, tp_pct=0.0 with disabled detecting motions
/home/kestutis/miniconda3/envs/ITP259/lib/python3.11/site-packages/sklearn/base.py:486: UserWarning: X has feature names, but StandardScaler was fitted without feature names
  warnings.warn(
ectopy_stats={'ectN': 588, 'ectS': 0, 'ectV': 46, 'ectU': 5} with disabled detecting motions
Done 147/1088 | 1631017.254 | record time: 00:04

------------------------------------------------------------------------------------------
148/1088 | 1631017.88 | 1019_49 | row 303 | new: False | elapsed: 09:52
Noise stats for 1631017.880: out=0, rdr=0, mra=0, tp_pct=0.0 with enabled detecting motions

Noise stats for 1631017.880: out=0, rdr=0, mra=0, tp_pct=0.0 with disabled detecting motions
/home/kestutis/miniconda3/envs/ITP259/lib/python3.11/site-packages/sklearn/base.py:486: UserWarning: X has feature names, but StandardScaler was fitted without feature names
  warnings.warn(
ectopy_stats={'ectN': 632, 'ectS': 0, 'ectV': 41, 'ectU': 4} with disabled detecting motions
Done 148/1088 | 1631017.88 | record time: 00:04

------------------------------------------------------------------------------------------
149/1088 | 1631018.506 | 1019_53 | row 308 | new: False | elapsed: 09:56
Noise stats for 1631018.506: out=0, rdr=0, mra=0, tp_pct=0.0 with enabled detecting motions

Noise stats for 1631018.506: out=0, rdr=0, mra=0, tp_pct=0.0 with disabled detecting motions
/home/kestutis/miniconda3/envs/ITP259/lib/python3.11/site-packages/sklearn/base.py:486: UserWarning: X has feature names, but StandardScaler was fitted without feature names
  warnings.warn(
ectopy_stats={'ectN': 643, 'ectS': 0, 'ectV': 40, 'ectU': 2} with disabled detecting motions
Done 149/1088 | 1631018.506 | record time: 00:04

------------------------------------------------------------------------------------------
150/1088 | 1631019.136 | 1019_46 | row 300 | new: False | elapsed: 10:00
Noise stats for 1631019.136: out=0, rdr=0, mra=1, tp_pct=2.3 with enabled detecting motions

Noise stats for 1631019.136: out=0, rdr=0, mra=0, tp_pct=0.0 with disabled detecting motions
/home/kestutis/miniconda3/envs/ITP259/lib/python3.11/site-packages/sklearn/base.py:486: UserWarning: X has feature names, but StandardScaler was fitted without feature names
  warnings.warn(
ectopy_stats={'ectN': 735, 'ectS': 0, 'ectV': 48, 'ectU': 2} with disabled detecting motions
Done 150/1088 | 1631019.136 | record time: 00:04

------------------------------------------------------------------------------------------
151/1088 | 1631019.761 | 1019_72 | row 329 | new: False | elapsed: 10:04
Noise stats for 1631019.761: out=0, rdr=0, mra=0, tp_pct=0.0 with enabled detecting motions

Noise stats for 1631019.761: out=0, rdr=0, mra=0, tp_pct=0.0 with disabled detecting motions
/home/kestutis/miniconda3/envs/ITP259/lib/python3.11/site-packages/sklearn/base.py:486: UserWarning: X has feature names, but StandardScaler was fitted without feature names
  warnings.warn(
ectopy_stats={'ectN': 721, 'ectS': 0, 'ectV': 21, 'ectU': 2} with disabled detecting motions
Done 151/1088 | 1631019.761 | record time: 00:04

------------------------------------------------------------------------------------------
152/1088 | 1631020.387 | 1019_67 | row 323 | new: False | elapsed: 10:09
Noise stats for 1631020.387: out=0, rdr=0, mra=0, tp_pct=0.0 with enabled detecting motions

Noise stats for 1631020.387: out=0, rdr=0, mra=0, tp_pct=0.0 with disabled detecting motions
/home/kestutis/miniconda3/envs/ITP259/lib/python3.11/site-packages/sklearn/base.py:486: UserWarning: X has feature names, but StandardScaler was fitted without feature names
  warnings.warn(
ectopy_stats={'ectN': 581, 'ectS': 0, 'ectV': 26, 'ectU': 3} with disabled detecting motions
Done 152/1088 | 1631020.387 | record time: 00:04

------------------------------------------------------------------------------------------
153/1088 | 1631021.018 | 1019_48 | row 302 | new: False | elapsed: 10:12
Noise stats for 1631021.018: out=0, rdr=0, mra=0, tp_pct=0.0 with enabled detecting motions

Noise stats for 1631021.018: out=0, rdr=0, mra=0, tp_pct=0.0 with disabled detecting motions
/home/kestutis/miniconda3/envs/ITP259/lib/python3.11/site-packages/sklearn/base.py:486: UserWarning: X has feature names, but StandardScaler was fitted without feature names
  warnings.warn(
ectopy_stats={'ectN': 615, 'ectS': 0, 'ectV': 36, 'ectU': 8} with disabled detecting motions
Done 153/1088 | 1631021.018 | record time: 00:04

------------------------------------------------------------------------------------------
154/1088 | 1631021.644 | 1019_30 | row 283 | new: False | elapsed: 10:16
Noise stats for 1631021.644: out=0, rdr=0, mra=0, tp_pct=0.0 with enabled detecting motions

Noise stats for 1631021.644: out=0, rdr=0, mra=0, tp_pct=0.0 with disabled detecting motions
/home/kestutis/miniconda3/envs/ITP259/lib/python3.11/site-packages/sklearn/base.py:486: UserWarning: X has feature names, but StandardScaler was fitted without feature names
  warnings.warn(
ectopy_stats={'ectN': 738, 'ectS': 0, 'ectV': 57, 'ectU': 2} with disabled detecting motions
Done 154/1088 | 1631021.644 | record time: 00:04

------------------------------------------------------------------------------------------
155/1088 | 1631022.27 | 1019_23 | row 275 | new: False | elapsed: 10:20
Noise stats for 1631022.270: out=0, rdr=0, mra=0, tp_pct=0.0 with enabled detecting motions

Noise stats for 1631022.270: out=0, rdr=0, mra=0, tp_pct=0.0 with disabled detecting motions
/home/kestutis/miniconda3/envs/ITP259/lib/python3.11/site-packages/sklearn/base.py:486: UserWarning: X has feature names, but StandardScaler was fitted without feature names
  warnings.warn(
ectopy_stats={'ectN': 727, 'ectS': 1, 'ectV': 64, 'ectU': 2} with disabled detecting motions
Done 155/1088 | 1631022.27 | record time: 00:04

------------------------------------------------------------------------------------------
156/1088 | 1631022.899 | 1019_62 | row 318 | new: False | elapsed: 10:25
Noise stats for 1631022.899: out=0, rdr=0, mra=0, tp_pct=0.0 with enabled detecting motions

Noise stats for 1631022.899: out=0, rdr=0, mra=0, tp_pct=0.0 with disabled detecting motions
/home/kestutis/miniconda3/envs/ITP259/lib/python3.11/site-packages/sklearn/base.py:486: UserWarning: X has feature names, but StandardScaler was fitted without feature names
  warnings.warn(
ectopy_stats={'ectN': 640, 'ectS': 0, 'ectV': 27, 'ectU': 7} with disabled detecting motions
Done 156/1088 | 1631022.899 | record time: 00:04

------------------------------------------------------------------------------------------
157/1088 | 1631023.524 | 1019_69 | row 325 | new: False | elapsed: 10:28
Noise stats for 1631023.524: out=0, rdr=0, mra=1, tp_pct=2.4 with enabled detecting motions

Noise stats for 1631023.524: out=0, rdr=0, mra=0, tp_pct=0.0 with disabled detecting motions
/home/kestutis/miniconda3/envs/ITP259/lib/python3.11/site-packages/sklearn/base.py:486: UserWarning: X has feature names, but StandardScaler was fitted without feature names
  warnings.warn(
ectopy_stats={'ectN': 702, 'ectS': 0, 'ectV': 25, 'ectU': 2} with disabled detecting motions
Done 157/1088 | 1631023.524 | record time: 00:04

------------------------------------------------------------------------------------------
158/1088 | 1631024.15 | 1019_10 | row 225 | new: False | elapsed: 10:33
Noise stats for 1631024.150: out=0, rdr=0, mra=0, tp_pct=0.0 with enabled detecting motions

Noise stats for 1631024.150: out=0, rdr=0, mra=0, tp_pct=0.0 with disabled detecting motions
/home/kestutis/miniconda3/envs/ITP259/lib/python3.11/site-packages/sklearn/base.py:486: UserWarning: X has feature names, but StandardScaler was fitted without feature names
  warnings.warn(
ectopy_stats={'ectN': 807, 'ectS': 0, 'ectV': 88, 'ectU': 3} with disabled detecting motions
Done 158/1088 | 1631024.15 | record time: 00:04

------------------------------------------------------------------------------------------
159/1088 | 1631024.779 | 1019_22 | row 274 | new: False | elapsed: 10:37
Noise stats for 1631024.779: out=0, rdr=0, mra=0, tp_pct=0.0 with enabled detecting motions

Noise stats for 1631024.779: out=0, rdr=0, mra=0, tp_pct=0.0 with disabled detecting motions
/home/kestutis/miniconda3/envs/ITP259/lib/python3.11/site-packages/sklearn/base.py:486: UserWarning: X has feature names, but StandardScaler was fitted without feature names
  warnings.warn(
ectopy_stats={'ectN': 798, 'ectS': 0, 'ectV': 65, 'ectU': 4} with disabled detecting motions
Done 159/1088 | 1631024.779 | record time: 00:04

------------------------------------------------------------------------------------------
160/1088 | 1631025.404 | 1019_31 | row 284 | new: False | elapsed: 10:41
Noise stats for 1631025.404: out=0, rdr=0, mra=0, tp_pct=0.0 with enabled detecting motions

Noise stats for 1631025.404: out=0, rdr=0, mra=0, tp_pct=0.0 with disabled detecting motions
/home/kestutis/miniconda3/envs/ITP259/lib/python3.11/site-packages/sklearn/base.py:486: UserWarning: X has feature names, but StandardScaler was fitted without feature names
  warnings.warn(
ectopy_stats={'ectN': 760, 'ectS': 0, 'ectV': 53, 'ectU': 3} with disabled detecting motions
Done 160/1088 | 1631025.404 | record time: 00:04

------------------------------------------------------------------------------------------
161/1088 | 1631026.03 | 1019_16 | row 267 | new: False | elapsed: 10:46
Noise stats for 1631026.030: out=0, rdr=0, mra=1, tp_pct=2.6 with enabled detecting motions

Noise stats for 1631026.030: out=0, rdr=0, mra=0, tp_pct=0.0 with disabled detecting motions
/home/kestutis/miniconda3/envs/ITP259/lib/python3.11/site-packages/sklearn/base.py:486: UserWarning: X has feature names, but StandardScaler was fitted without feature names
  warnings.warn(
ectopy_stats={'ectN': 720, 'ectS': 0, 'ectV': 73, 'ectU': 2} with disabled detecting motions
Done 161/1088 | 1631026.03 | record time: 00:04

------------------------------------------------------------------------------------------
162/1088 | 1631026.659 | 1019_59 | row 314 | new: False | elapsed: 10:50
Noise stats for 1631026.659: out=0, rdr=0, mra=0, tp_pct=0.0 with enabled detecting motions

Noise stats for 1631026.659: out=0, rdr=0, mra=0, tp_pct=0.0 with disabled detecting motions
/home/kestutis/miniconda3/envs/ITP259/lib/python3.11/site-packages/sklearn/base.py:486: UserWarning: X has feature names, but StandardScaler was fitted without feature names
  warnings.warn(
ectopy_stats={'ectN': 675, 'ectS': 0, 'ectV': 32, 'ectU': 2} with disabled detecting motions
Done 162/1088 | 1631026.659 | record time: 00:04

------------------------------------------------------------------------------------------
163/1088 | 1631027.284 | 1019_40 | row 294 | new: False | elapsed: 10:54
Noise stats for 1631027.284: out=0, rdr=0, mra=0, tp_pct=0.0 with enabled detecting motions

Noise stats for 1631027.284: out=0, rdr=0, mra=0, tp_pct=0.0 with disabled detecting motions
/home/kestutis/miniconda3/envs/ITP259/lib/python3.11/site-packages/sklearn/base.py:486: UserWarning: X has feature names, but StandardScaler was fitted without feature names
  warnings.warn(
ectopy_stats={'ectN': 687, 'ectS': 1, 'ectV': 49, 'ectU': 6} with disabled detecting motions
Done 163/1088 | 1631027.284 | record time: 00:04

------------------------------------------------------------------------------------------
164/1088 | 1631027.89 | 1013_39 | row 137 | new: False | elapsed: 10:58
Noise stats for 1631027.890: out=0, rdr=0, mra=2, tp_pct=11.1 with enabled detecting motions

Noise stats for 1631027.890: out=0, rdr=0, mra=0, tp_pct=0.0 with disabled detecting motions
/home/kestutis/miniconda3/envs/ITP259/lib/python3.11/site-packages/sklearn/base.py:486: UserWarning: X has feature names, but StandardScaler was fitted without feature names
  warnings.warn(
ectopy_stats={'ectN': 1002, 'ectS': 0, 'ectV': 3, 'ectU': 2} with disabled detecting motions
Done 164/1088 | 1631027.89 | record time: 00:05

------------------------------------------------------------------------------------------
165/1088 | 1631027.91 | 1019_19 | row 270 | new: False | elapsed: 11:03
Noise stats for 1631027.910: out=0, rdr=0, mra=0, tp_pct=0.0 with enabled detecting motions

Noise stats for 1631027.910: out=0, rdr=0, mra=0, tp_pct=0.0 with disabled detecting motions
/home/kestutis/miniconda3/envs/ITP259/lib/python3.11/site-packages/sklearn/base.py:486: UserWarning: X has feature names, but StandardScaler was fitted without feature names
  warnings.warn(
ectopy_stats={'ectN': 751, 'ectS': 0, 'ectV': 65, 'ectU': 8} with disabled detecting motions
Done 165/1088 | 1631027.91 | record time: 00:04

------------------------------------------------------------------------------------------
166/1088 | 1631028.536 | 1019_34 | row 287 | new: False | elapsed: 11:07
Noise stats for 1631028.536: out=0, rdr=0, mra=0, tp_pct=0.0 with enabled detecting motions

Noise stats for 1631028.536: out=0, rdr=0, mra=0, tp_pct=0.0 with disabled detecting motions
/home/kestutis/miniconda3/envs/ITP259/lib/python3.11/site-packages/sklearn/base.py:486: UserWarning: X has feature names, but StandardScaler was fitted without feature names
  warnings.warn(
ectopy_stats={'ectN': 697, 'ectS': 0, 'ectV': 55, 'ectU': 4} with disabled detecting motions
Done 166/1088 | 1631028.536 | record time: 00:04

------------------------------------------------------------------------------------------
167/1088 | 1631029.161 | 1019_18 | row 269 | new: False | elapsed: 11:11
Noise stats for 1631029.161: out=0, rdr=0, mra=0, tp_pct=0.0 with enabled detecting motions

Noise stats for 1631029.161: out=0, rdr=0, mra=0, tp_pct=0.0 with disabled detecting motions
/home/kestutis/miniconda3/envs/ITP259/lib/python3.11/site-packages/sklearn/base.py:486: UserWarning: X has feature names, but StandardScaler was fitted without feature names
  warnings.warn(
ectopy_stats={'ectN': 684, 'ectS': 0, 'ectV': 51, 'ectU': 22} with disabled detecting motions
Done 167/1088 | 1631029.161 | record time: 00:04

------------------------------------------------------------------------------------------
168/1088 | 1631029.205 | 1013_36 | row 134 | new: False | elapsed: 11:15
Noise stats for 1631029.205: out=0, rdr=0, mra=4, tp_pct=11.1 with enabled detecting motions

Noise stats for 1631029.205: out=0, rdr=0, mra=0, tp_pct=0.0 with disabled detecting motions
/home/kestutis/miniconda3/envs/ITP259/lib/python3.11/site-packages/sklearn/base.py:486: UserWarning: X has feature names, but StandardScaler was fitted without feature names
  warnings.warn(
ectopy_stats={'ectN': 820, 'ectS': 2, 'ectV': 1, 'ectU': 2} with disabled detecting motions
Done 168/1088 | 1631029.205 | record time: 00:04

------------------------------------------------------------------------------------------
169/1088 | 1631029.786 | 1019_9 | row 348 | new: False | elapsed: 11:19
Noise stats for 1631029.786: out=0, rdr=0, mra=0, tp_pct=0.0 with enabled detecting motions

Noise stats for 1631029.786: out=0, rdr=0, mra=0, tp_pct=0.0 with disabled detecting motions
/home/kestutis/miniconda3/envs/ITP259/lib/python3.11/site-packages/sklearn/base.py:486: UserWarning: X has feature names, but StandardScaler was fitted without feature names
  warnings.warn(
ectopy_stats={'ectN': 701, 'ectS': 1, 'ectV': 67, 'ectU': 23} with disabled detecting motions
Done 169/1088 | 1631029.786 | record time: 00:04

------------------------------------------------------------------------------------------
170/1088 | 1631030.415 | 1019_11 | row 236 | new: False | elapsed: 11:23
Noise stats for 1631030.415: out=0, rdr=0, mra=0, tp_pct=0.0 with enabled detecting motions

Noise stats for 1631030.415: out=0, rdr=0, mra=0, tp_pct=0.0 with disabled detecting motions
/home/kestutis/miniconda3/envs/ITP259/lib/python3.11/site-packages/sklearn/base.py:486: UserWarning: X has feature names, but StandardScaler was fitted without feature names
  warnings.warn(
ectopy_stats={'ectN': 839, 'ectS': 0, 'ectV': 81, 'ectU': 3} with disabled detecting motions
Done 170/1088 | 1631030.415 | record time: 00:05

------------------------------------------------------------------------------------------
171/1088 | 1631030.505 | 1013_37 | row 135 | new: False | elapsed: 11:28
Noise stats for 1631030.505: out=1, rdr=0, mra=1, tp_pct=4.4 with enabled detecting motions

Noise stats for 1631030.505: out=1, rdr=0, mra=0, tp_pct=1.7 with disabled detecting motions
/home/kestutis/miniconda3/envs/ITP259/lib/python3.11/site-packages/sklearn/base.py:486: UserWarning: X has feature names, but StandardScaler was fitted without feature names
  warnings.warn(
ectopy_stats={'ectN': 757, 'ectS': 0, 'ectV': 1, 'ectU': 2} with disabled detecting motions
Done 171/1088 | 1631030.505 | record time: 00:04

------------------------------------------------------------------------------------------
172/1088 | 1631031.04 | 1019_12 | row 247 | new: False | elapsed: 11:32
Noise stats for 1631031.040: out=1, rdr=0, mra=3, tp_pct=7.1 with enabled detecting motions

Noise stats for 1631031.040: out=1, rdr=0, mra=0, tp_pct=1.7 with disabled detecting motions
/home/kestutis/miniconda3/envs/ITP259/lib/python3.11/site-packages/sklearn/base.py:486: UserWarning: X has feature names, but StandardScaler was fitted without feature names
  warnings.warn(
ectopy_stats={'ectN': 767, 'ectS': 0, 'ectV': 84, 'ectU': 3} with disabled detecting motions
Done 172/1088 | 1631031.04 | record time: 00:04

------------------------------------------------------------------------------------------
173/1088 | 1631031.665 | 1019_51 | row 306 | new: False | elapsed: 11:36
Noise stats for 1631031.665: out=0, rdr=0, mra=0, tp_pct=0.0 with enabled detecting motions

Noise stats for 1631031.665: out=0, rdr=0, mra=0, tp_pct=0.0 with disabled detecting motions
/home/kestutis/miniconda3/envs/ITP259/lib/python3.11/site-packages/sklearn/base.py:486: UserWarning: X has feature names, but StandardScaler was fitted without feature names
  warnings.warn(
ectopy_stats={'ectN': 693, 'ectS': 0, 'ectV': 23, 'ectU': 20} with disabled detecting motions
Done 173/1088 | 1631031.665 | record time: 00:04

------------------------------------------------------------------------------------------
174/1088 | 1631031.749 | 1013_30 | row 128 | new: False | elapsed: 11:40
Noise stats for 1631031.749: out=0, rdr=0, mra=3, tp_pct=7.4 with enabled detecting motions

Noise stats for 1631031.749: out=0, rdr=0, mra=0, tp_pct=0.0 with disabled detecting motions
/home/kestutis/miniconda3/envs/ITP259/lib/python3.11/site-packages/sklearn/base.py:486: UserWarning: X has feature names, but StandardScaler was fitted without feature names
  warnings.warn(
ectopy_stats={'ectN': 865, 'ectS': 0, 'ectV': 4, 'ectU': 2} with disabled detecting motions
Done 174/1088 | 1631031.749 | record time: 00:04

------------------------------------------------------------------------------------------
175/1088 | 1631032.294 | 1019_5 | row 304 | new: False | elapsed: 11:45
Noise stats for 1631032.294: out=0, rdr=0, mra=1, tp_pct=3.6 with enabled detecting motions

Noise stats for 1631032.294: out=0, rdr=0, mra=0, tp_pct=0.0 with disabled detecting motions
/home/kestutis/miniconda3/envs/ITP259/lib/python3.11/site-packages/sklearn/base.py:486: UserWarning: X has feature names, but StandardScaler was fitted without feature names
  warnings.warn(
ectopy_stats={'ectN': 716, 'ectS': 0, 'ectV': 76, 'ectU': 20} with disabled detecting motions
Done 175/1088 | 1631032.294 | record time: 00:04

------------------------------------------------------------------------------------------
176/1088 | 1631032.393 | 1013_22 | row 119 | new: False | elapsed: 11:49
Noise stats for 1631032.393: out=1, rdr=0, mra=2, tp_pct=7.1 with enabled detecting motions

Noise stats for 1631032.393: out=1, rdr=0, mra=0, tp_pct=2.0 with disabled detecting motions
/home/kestutis/miniconda3/envs/ITP259/lib/python3.11/site-packages/sklearn/base.py:486: UserWarning: X has feature names, but StandardScaler was fitted without feature names
  warnings.warn(
ectopy_stats={'ectN': 831, 'ectS': 0, 'ectV': 53, 'ectU': 9} with disabled detecting motions
Done 176/1088 | 1631032.393 | record time: 00:05

------------------------------------------------------------------------------------------
177/1088 | 1631032.919 | 1019_3 | row 282 | new: False | elapsed: 11:54
Noise stats for 1631032.919: out=0, rdr=0, mra=0, tp_pct=0.0 with enabled detecting motions

Noise stats for 1631032.919: out=0, rdr=0, mra=0, tp_pct=0.0 with disabled detecting motions
/home/kestutis/miniconda3/envs/ITP259/lib/python3.11/site-packages/sklearn/base.py:486: UserWarning: X has feature names, but StandardScaler was fitted without feature names
  warnings.warn(
ectopy_stats={'ectN': 860, 'ectS': 0, 'ectV': 100, 'ectU': 2} with disabled detecting motions
Done 177/1088 | 1631032.919 | record time: 00:05

------------------------------------------------------------------------------------------
178/1088 | 1631033.093 | 1013_33 | row 131 | new: False | elapsed: 11:58
Noise stats for 1631033.093: out=0, rdr=0, mra=4, tp_pct=10.5 with enabled detecting motions

Noise stats for 1631033.093: out=0, rdr=0, mra=0, tp_pct=0.0 with disabled detecting motions
/home/kestutis/miniconda3/envs/ITP259/lib/python3.11/site-packages/sklearn/base.py:486: UserWarning: X has feature names, but StandardScaler was fitted without feature names
  warnings.warn(
ectopy_stats={'ectN': 752, 'ectS': 1, 'ectV': 4, 'ectU': 2} with disabled detecting motions
Done 178/1088 | 1631033.093 | record time: 00:04

------------------------------------------------------------------------------------------
179/1088 | 1631033.544 | 1019_55 | row 310 | new: False | elapsed: 12:02
Noise stats for 1631033.544: out=0, rdr=0, mra=0, tp_pct=0.0 with enabled detecting motions

Noise stats for 1631033.544: out=0, rdr=0, mra=0, tp_pct=0.0 with disabled detecting motions
/home/kestutis/miniconda3/envs/ITP259/lib/python3.11/site-packages/sklearn/base.py:486: UserWarning: X has feature names, but StandardScaler was fitted without feature names
  warnings.warn(
ectopy_stats={'ectN': 955, 'ectS': 0, 'ectV': 36, 'ectU': 3} with disabled detecting motions
Done 179/1088 | 1631033.544 | record time: 00:05

------------------------------------------------------------------------------------------
180/1088 | 1631034.173 | 1019_35 | row 288 | new: False | elapsed: 12:07
Noise stats for 1631034.173: out=0, rdr=0, mra=0, tp_pct=0.0 with enabled detecting motions

Noise stats for 1631034.173: out=0, rdr=0, mra=0, tp_pct=0.0 with disabled detecting motions
/home/kestutis/miniconda3/envs/ITP259/lib/python3.11/site-packages/sklearn/base.py:486: UserWarning: X has feature names, but StandardScaler was fitted without feature names
  warnings.warn(
ectopy_stats={'ectN': 974, 'ectS': 0, 'ectV': 49, 'ectU': 3} with disabled detecting motions
Done 180/1088 | 1631034.173 | record time: 00:05

------------------------------------------------------------------------------------------
181/1088 | 1631034.798 | 1019_14 | row 265 | new: False | elapsed: 12:12
Noise stats for 1631034.798: out=0, rdr=0, mra=0, tp_pct=0.0 with enabled detecting motions

Noise stats for 1631034.798: out=0, rdr=0, mra=0, tp_pct=0.0 with disabled detecting motions
/home/kestutis/miniconda3/envs/ITP259/lib/python3.11/site-packages/sklearn/base.py:486: UserWarning: X has feature names, but StandardScaler was fitted without feature names
  warnings.warn(
ectopy_stats={'ectN': 848, 'ectS': 0, 'ectV': 78, 'ectU': 3} with disabled detecting motions
Done 181/1088 | 1631034.798 | record time: 00:05

------------------------------------------------------------------------------------------
182/1088 | 1631035.423 | 1019_13 | row 258 | new: False | elapsed: 12:16
Noise stats for 1631035.423: out=0, rdr=0, mra=0, tp_pct=0.0 with enabled detecting motions

Noise stats for 1631035.423: out=0, rdr=0, mra=0, tp_pct=0.0 with disabled detecting motions
/home/kestutis/miniconda3/envs/ITP259/lib/python3.11/site-packages/sklearn/base.py:486: UserWarning: X has feature names, but StandardScaler was fitted without feature names
  warnings.warn(
ectopy_stats={'ectN': 837, 'ectS': 0, 'ectV': 79, 'ectU': 3} with disabled detecting motions
Done 182/1088 | 1631035.423 | record time: 00:05

------------------------------------------------------------------------------------------
183/1088 | 1631036.053 | 1019_0 | row 223 | new: False | elapsed: 12:21
Noise stats for 1631036.053: out=0, rdr=0, mra=0, tp_pct=0.0 with enabled detecting motions

Noise stats for 1631036.053: out=0, rdr=0, mra=0, tp_pct=0.0 with disabled detecting motions
/home/kestutis/miniconda3/envs/ITP259/lib/python3.11/site-packages/sklearn/base.py:486: UserWarning: X has feature names, but StandardScaler was fitted without feature names
  warnings.warn(
ectopy_stats={'ectN': 872, 'ectS': 0, 'ectV': 124, 'ectU': 2} with disabled detecting motions
Done 183/1088 | 1631036.053 | record time: 00:05

------------------------------------------------------------------------------------------
184/1088 | 1631036.678 | 1019_8 | row 337 | new: False | elapsed: 12:26
Noise stats for 1631036.678: out=0, rdr=0, mra=0, tp_pct=0.0 with enabled detecting motions

Noise stats for 1631036.678: out=0, rdr=0, mra=0, tp_pct=0.0 with disabled detecting motions
/home/kestutis/miniconda3/envs/ITP259/lib/python3.11/site-packages/sklearn/base.py:486: UserWarning: X has feature names, but StandardScaler was fitted without feature names
  warnings.warn(
ectopy_stats={'ectN': 865, 'ectS': 2, 'ectV': 85, 'ectU': 2} with disabled detecting motions
Done 184/1088 | 1631036.678 | record time: 00:05

------------------------------------------------------------------------------------------
185/1088 | 1631037.236 | 1013_28 | row 125 | new: False | elapsed: 12:30
Noise stats for 1631037.236: out=3, rdr=0, mra=4, tp_pct=15.3 with enabled detecting motions

Noise stats for 1631037.236: out=3, rdr=0, mra=0, tp_pct=5.0 with disabled detecting motions
/home/kestutis/miniconda3/envs/ITP259/lib/python3.11/site-packages/sklearn/base.py:486: UserWarning: X has feature names, but StandardScaler was fitted without feature names
  warnings.warn(
ectopy_stats={'ectN': 909, 'ectS': 2, 'ectV': 23, 'ectU': 13} with disabled detecting motions
Done 185/1088 | 1631037.236 | record time: 00:04

------------------------------------------------------------------------------------------
186/1088 | 1631037.304 | 1019_6 | row 315 | new: False | elapsed: 12:35
Noise stats for 1631037.304: out=0, rdr=0, mra=1, tp_pct=2.8 with enabled detecting motions

Noise stats for 1631037.304: out=0, rdr=0, mra=0, tp_pct=0.0 with disabled detecting motions
/home/kestutis/miniconda3/envs/ITP259/lib/python3.11/site-packages/sklearn/base.py:486: UserWarning: X has feature names, but StandardScaler was fitted without feature names
  warnings.warn(
ectopy_stats={'ectN': 811, 'ectS': 0, 'ectV': 88, 'ectU': 5} with disabled detecting motions
Done 186/1088 | 1631037.304 | record time: 00:04

------------------------------------------------------------------------------------------
187/1088 | 1631037.93 | 1019_21 | row 273 | new: False | elapsed: 12:39
Noise stats for 1631037.930: out=0, rdr=0, mra=0, tp_pct=0.0 with enabled detecting motions

Noise stats for 1631037.930: out=0, rdr=0, mra=0, tp_pct=0.0 with disabled detecting motions
/home/kestutis/miniconda3/envs/ITP259/lib/python3.11/site-packages/sklearn/base.py:486: UserWarning: X has feature names, but StandardScaler was fitted without feature names
  warnings.warn(
ectopy_stats={'ectN': 787, 'ectS': 0, 'ectV': 67, 'ectU': 3} with disabled detecting motions
Done 187/1088 | 1631037.93 | record time: 00:04

------------------------------------------------------------------------------------------
188/1088 | 1631038.555 | 1019_28 | row 280 | new: False | elapsed: 12:44
Noise stats for 1631038.555: out=0, rdr=0, mra=1, tp_pct=2.3 with enabled detecting motions

Noise stats for 1631038.555: out=0, rdr=0, mra=0, tp_pct=0.0 with disabled detecting motions
/home/kestutis/miniconda3/envs/ITP259/lib/python3.11/site-packages/sklearn/base.py:486: UserWarning: X has feature names, but StandardScaler was fitted without feature names
  warnings.warn(
ectopy_stats={'ectN': 746, 'ectS': 2, 'ectV': 53, 'ectU': 3} with disabled detecting motions
Done 188/1088 | 1631038.555 | record time: 00:04

------------------------------------------------------------------------------------------
189/1088 | 1631039.181 | 1019_47 | row 301 | new: False | elapsed: 12:48
Noise stats for 1631039.181: out=0, rdr=0, mra=0, tp_pct=0.0 with enabled detecting motions

Noise stats for 1631039.181: out=0, rdr=0, mra=0, tp_pct=0.0 with disabled detecting motions
/home/kestutis/miniconda3/envs/ITP259/lib/python3.11/site-packages/sklearn/base.py:486: UserWarning: X has feature names, but StandardScaler was fitted without feature names
  warnings.warn(
ectopy_stats={'ectN': 611, 'ectS': 0, 'ectV': 38, 'ectU': 7} with disabled detecting motions
Done 189/1088 | 1631039.181 | record time: 00:04

------------------------------------------------------------------------------------------
190/1088 | 1631039.807 | 1019_37 | row 290 | new: False | elapsed: 12:52
Noise stats for 1631039.807: out=0, rdr=0, mra=0, tp_pct=0.0 with enabled detecting motions

Noise stats for 1631039.807: out=0, rdr=0, mra=0, tp_pct=0.0 with disabled detecting motions
/home/kestutis/miniconda3/envs/ITP259/lib/python3.11/site-packages/sklearn/base.py:486: UserWarning: X has feature names, but StandardScaler was fitted without feature names
  warnings.warn(
ectopy_stats={'ectN': 624, 'ectS': 0, 'ectV': 47, 'ectU': 7} with disabled detecting motions
Done 190/1088 | 1631039.807 | record time: 00:04

------------------------------------------------------------------------------------------
191/1088 | 1631039.923 | 1013_32 | row 130 | new: False | elapsed: 12:56
Noise stats for 1631039.923: out=1, rdr=0, mra=2, tp_pct=5.9 with enabled detecting motions

Noise stats for 1631039.923: out=1, rdr=0, mra=0, tp_pct=0.7 with disabled detecting motions
/home/kestutis/miniconda3/envs/ITP259/lib/python3.11/site-packages/sklearn/base.py:486: UserWarning: X has feature names, but StandardScaler was fitted without feature names
  warnings.warn(
ectopy_stats={'ectN': 885, 'ectS': 1, 'ectV': 6, 'ectU': 6} with disabled detecting motions
Done 191/1088 | 1631039.923 | record time: 00:04

------------------------------------------------------------------------------------------
192/1088 | 1631040.432 | 1019_33 | row 286 | new: False | elapsed: 13:00
Noise stats for 1631040.432: out=0, rdr=0, mra=0, tp_pct=0.0 with enabled detecting motions

Noise stats for 1631040.432: out=0, rdr=0, mra=0, tp_pct=0.0 with disabled detecting motions
/home/kestutis/miniconda3/envs/ITP259/lib/python3.11/site-packages/sklearn/base.py:486: UserWarning: X has feature names, but StandardScaler was fitted without feature names
  warnings.warn(
ectopy_stats={'ectN': 626, 'ectS': 1, 'ectV': 54, 'ectU': 3} with disabled detecting motions
Done 192/1088 | 1631040.432 | record time: 00:04

------------------------------------------------------------------------------------------
193/1088 | 1631041.058 | 1019_79 | row 336 | new: False | elapsed: 13:04
Noise stats for 1631041.058: out=0, rdr=0, mra=0, tp_pct=0.0 with enabled detecting motions

Noise stats for 1631041.058: out=0, rdr=0, mra=0, tp_pct=0.0 with disabled detecting motions
/home/kestutis/miniconda3/envs/ITP259/lib/python3.11/site-packages/sklearn/base.py:486: UserWarning: X has feature names, but StandardScaler was fitted without feature names
  warnings.warn(
ectopy_stats={'ectN': 593, 'ectS': 0, 'ectV': 7, 'ectU': 7} with disabled detecting motions
Done 193/1088 | 1631041.058 | record time: 00:04

------------------------------------------------------------------------------------------
194/1088 | 1631041.684 | 1019_52 | row 307 | new: False | elapsed: 13:08
Noise stats for 1631041.684: out=0, rdr=0, mra=4, tp_pct=22.0 with enabled detecting motions

Noise stats for 1631041.684: out=0, rdr=0, mra=0, tp_pct=0.0 with disabled detecting motions
/home/kestutis/miniconda3/envs/ITP259/lib/python3.11/site-packages/sklearn/base.py:486: UserWarning: X has feature names, but StandardScaler was fitted without feature names
  warnings.warn(
ectopy_stats={'ectN': 622, 'ectS': 0, 'ectV': 38, 'ectU': 5} with disabled detecting motions
Done 194/1088 | 1631041.684 | record time: 00:04

------------------------------------------------------------------------------------------
195/1088 | 1631042.309 | 1019_38 | row 291 | new: False | elapsed: 13:11
Noise stats for 1631042.309: out=0, rdr=0, mra=1, tp_pct=2.8 with enabled detecting motions

Noise stats for 1631042.309: out=0, rdr=0, mra=0, tp_pct=0.0 with disabled detecting motions
/home/kestutis/miniconda3/envs/ITP259/lib/python3.11/site-packages/sklearn/base.py:486: UserWarning: X has feature names, but StandardScaler was fitted without feature names
  warnings.warn(
ectopy_stats={'ectN': 666, 'ectS': 1, 'ectV': 50, 'ectU': 3} with disabled detecting motions
Done 195/1088 | 1631042.309 | record time: 00:04

------------------------------------------------------------------------------------------
196/1088 | 1631042.935 | 1019_39 | row 292 | new: False | elapsed: 13:15
Noise stats for 1631042.935: out=0, rdr=0, mra=0, tp_pct=0.0 with enabled detecting motions

Noise stats for 1631042.935: out=0, rdr=0, mra=0, tp_pct=0.0 with disabled detecting motions
/home/kestutis/miniconda3/envs/ITP259/lib/python3.11/site-packages/sklearn/base.py:486: UserWarning: X has feature names, but StandardScaler was fitted without feature names
  warnings.warn(
ectopy_stats={'ectN': 738, 'ectS': 0, 'ectV': 49, 'ectU': 5} with disabled detecting motions
Done 196/1088 | 1631042.935 | record time: 00:04

------------------------------------------------------------------------------------------
197/1088 | 1631043.288 | 1013_35 | row 133 | new: False | elapsed: 13:20
Noise stats for 1631043.288: out=0, rdr=0, mra=1, tp_pct=2.7 with enabled detecting motions

Noise stats for 1631043.288: out=0, rdr=0, mra=0, tp_pct=0.0 with disabled detecting motions
/home/kestutis/miniconda3/envs/ITP259/lib/python3.11/site-packages/sklearn/base.py:486: UserWarning: X has feature names, but StandardScaler was fitted without feature names
  warnings.warn(
ectopy_stats={'ectN': 801, 'ectS': 0, 'ectV': 2, 'ectU': 2} with disabled detecting motions
Done 197/1088 | 1631043.288 | record time: 00:04

------------------------------------------------------------------------------------------
198/1088 | 1631043.56 | 1019_56 | row 311 | new: False | elapsed: 13:24
Noise stats for 1631043.560: out=0, rdr=0, mra=0, tp_pct=0.0 with enabled detecting motions

Noise stats for 1631043.560: out=0, rdr=0, mra=0, tp_pct=0.0 with disabled detecting motions
/home/kestutis/miniconda3/envs/ITP259/lib/python3.11/site-packages/sklearn/base.py:486: UserWarning: X has feature names, but StandardScaler was fitted without feature names
  warnings.warn(
ectopy_stats={'ectN': 669, 'ectS': 1, 'ectV': 33, 'ectU': 3} with disabled detecting motions
Done 198/1088 | 1631043.56 | record time: 00:04

------------------------------------------------------------------------------------------
199/1088 | 1631044.186 | 1019_80 | row 338 | new: False | elapsed: 13:28
Noise stats for 1631044.186: out=0, rdr=0, mra=0, tp_pct=0.0 with enabled detecting motions

Noise stats for 1631044.186: out=0, rdr=0, mra=0, tp_pct=0.0 with disabled detecting motions
/home/kestutis/miniconda3/envs/ITP259/lib/python3.11/site-packages/sklearn/base.py:486: UserWarning: X has feature names, but StandardScaler was fitted without feature names
  warnings.warn(
ectopy_stats={'ectN': 636, 'ectS': 0, 'ectV': 9, 'ectU': 6} with disabled detecting motions
Done 199/1088 | 1631044.186 | record time: 00:04

------------------------------------------------------------------------------------------
200/1088 | 1631044.811 | 1019_64 | row 320 | new: False | elapsed: 13:32
Noise stats for 1631044.811: out=0, rdr=0, mra=1, tp_pct=2.5 with enabled detecting motions

Noise stats for 1631044.811: out=0, rdr=0, mra=0, tp_pct=0.0 with disabled detecting motions
/home/kestutis/miniconda3/envs/ITP259/lib/python3.11/site-packages/sklearn/base.py:486: UserWarning: X has feature names, but StandardScaler was fitted without feature names
  warnings.warn(
ectopy_stats={'ectN': 642, 'ectS': 0, 'ectV': 21, 'ectU': 11} with disabled detecting motions
Done 200/1088 | 1631044.811 | record time: 00:04

------------------------------------------------------------------------------------------
201/1088 | 1631045.436 | 1019_70 | row 327 | new: False | elapsed: 13:36
Noise stats for 1631045.436: out=0, rdr=0, mra=1, tp_pct=2.4 with enabled detecting motions

Noise stats for 1631045.436: out=0, rdr=0, mra=0, tp_pct=0.0 with disabled detecting motions
/home/kestutis/miniconda3/envs/ITP259/lib/python3.11/site-packages/sklearn/base.py:486: UserWarning: X has feature names, but StandardScaler was fitted without feature names
  warnings.warn(
ectopy_stats={'ectN': 630, 'ectS': 0, 'ectV': 24, 'ectU': 3} with disabled detecting motions
Done 201/1088 | 1631045.436 | record time: 00:04

------------------------------------------------------------------------------------------
202/1088 | 1631046.061 | 1019_66 | row 322 | new: False | elapsed: 13:39
Noise stats for 1631046.061: out=0, rdr=0, mra=0, tp_pct=0.0 with enabled detecting motions

Noise stats for 1631046.061: out=0, rdr=0, mra=0, tp_pct=0.0 with disabled detecting motions
/home/kestutis/miniconda3/envs/ITP259/lib/python3.11/site-packages/sklearn/base.py:486: UserWarning: X has feature names, but StandardScaler was fitted without feature names
  warnings.warn(
ectopy_stats={'ectN': 626, 'ectS': 0, 'ectV': 22, 'ectU': 9} with disabled detecting motions
Done 202/1088 | 1631046.061 | record time: 00:04

------------------------------------------------------------------------------------------
203/1088 | 1631046.686 | 1019_45 | row 299 | new: False | elapsed: 13:43
Noise stats for 1631046.686: out=0, rdr=0, mra=0, tp_pct=0.0 with enabled detecting motions

Noise stats for 1631046.686: out=0, rdr=0, mra=0, tp_pct=0.0 with disabled detecting motions
/home/kestutis/miniconda3/envs/ITP259/lib/python3.11/site-packages/sklearn/base.py:486: UserWarning: X has feature names, but StandardScaler was fitted without feature names
  warnings.warn(
ectopy_stats={'ectN': 610, 'ectS': 0, 'ectV': 42, 'ectU': 5} with disabled detecting motions
Done 203/1088 | 1631046.686 | record time: 00:04

------------------------------------------------------------------------------------------
204/1088 | 1631047.03 | 1013_27 | row 124 | new: False | elapsed: 13:47
Noise stats for 1631047.030: out=1, rdr=0, mra=2, tp_pct=8.5 with enabled detecting motions

Noise stats for 1631047.030: out=1, rdr=0, mra=0, tp_pct=0.7 with disabled detecting motions
/home/kestutis/miniconda3/envs/ITP259/lib/python3.11/site-packages/sklearn/base.py:486: UserWarning: X has feature names, but StandardScaler was fitted without feature names
  warnings.warn(
ectopy_stats={'ectN': 676, 'ectS': 0, 'ectV': 19, 'ectU': 2} with disabled detecting motions
Done 204/1088 | 1631047.03 | record time: 00:04

------------------------------------------------------------------------------------------
205/1088 | 1631047.315 | 1019_50 | row 305 | new: False | elapsed: 13:51
Noise stats for 1631047.315: out=0, rdr=0, mra=1, tp_pct=4.0 with enabled detecting motions

Noise stats for 1631047.315: out=0, rdr=0, mra=0, tp_pct=0.0 with disabled detecting motions
/home/kestutis/miniconda3/envs/ITP259/lib/python3.11/site-packages/sklearn/base.py:486: UserWarning: X has feature names, but StandardScaler was fitted without feature names
  warnings.warn(
ectopy_stats={'ectN': 641, 'ectS': 0, 'ectV': 38, 'ectU': 5} with disabled detecting motions
Done 205/1088 | 1631047.315 | record time: 00:04

------------------------------------------------------------------------------------------
206/1088 | 1631047.94 | 1019_25 | row 277 | new: False | elapsed: 13:55
Noise stats for 1631047.940: out=0, rdr=0, mra=0, tp_pct=0.0 with enabled detecting motions

Noise stats for 1631047.940: out=0, rdr=0, mra=0, tp_pct=0.0 with disabled detecting motions
/home/kestutis/miniconda3/envs/ITP259/lib/python3.11/site-packages/sklearn/base.py:486: UserWarning: X has feature names, but StandardScaler was fitted without feature names
  warnings.warn(
ectopy_stats={'ectN': 702, 'ectS': 2, 'ectV': 60, 'ectU': 3} with disabled detecting motions
Done 206/1088 | 1631047.94 | record time: 00:04

------------------------------------------------------------------------------------------
207/1088 | 1631048.565 | 1019_71 | row 328 | new: False | elapsed: 13:59
Noise stats for 1631048.565: out=0, rdr=0, mra=0, tp_pct=0.0 with enabled detecting motions

Noise stats for 1631048.565: out=0, rdr=0, mra=0, tp_pct=0.0 with disabled detecting motions
/home/kestutis/miniconda3/envs/ITP259/lib/python3.11/site-packages/sklearn/base.py:486: UserWarning: X has feature names, but StandardScaler was fitted without feature names
  warnings.warn(
ectopy_stats={'ectN': 690, 'ectS': 0, 'ectV': 22, 'ectU': 2} with disabled detecting motions
Done 207/1088 | 1631048.565 | record time: 00:04

------------------------------------------------------------------------------------------
208/1088 | 1631049.194 | 1019_73 | row 330 | new: False | elapsed: 14:03
Noise stats for 1631049.194: out=0, rdr=0, mra=0, tp_pct=0.0 with enabled detecting motions

Noise stats for 1631049.194: out=0, rdr=0, mra=0, tp_pct=0.0 with disabled detecting motions
/home/kestutis/miniconda3/envs/ITP259/lib/python3.11/site-packages/sklearn/base.py:486: UserWarning: X has feature names, but StandardScaler was fitted without feature names
  warnings.warn(
ectopy_stats={'ectN': 642, 'ectS': 0, 'ectV': 19, 'ectU': 3} with disabled detecting motions
Done 208/1088 | 1631049.194 | record time: 00:04

------------------------------------------------------------------------------------------
209/1088 | 1631049.818 | 1019_24 | row 276 | new: False | elapsed: 14:07
Noise stats for 1631049.818: out=0, rdr=0, mra=1, tp_pct=2.4 with enabled detecting motions

Noise stats for 1631049.818: out=0, rdr=0, mra=0, tp_pct=0.0 with disabled detecting motions
/home/kestutis/miniconda3/envs/ITP259/lib/python3.11/site-packages/sklearn/base.py:486: UserWarning: X has feature names, but StandardScaler was fitted without feature names
  warnings.warn(
ectopy_stats={'ectN': 698, 'ectS': 0, 'ectV': 66, 'ectU': 4} with disabled detecting motions
Done 209/1088 | 1631049.818 | record time: 00:04

------------------------------------------------------------------------------------------
210/1088 | 1631050.134 | 1013_31 | row 129 | new: False | elapsed: 14:11
Noise stats for 1631050.134: out=0, rdr=0, mra=2, tp_pct=7.9 with enabled detecting motions

Noise stats for 1631050.134: out=0, rdr=0, mra=0, tp_pct=0.0 with disabled detecting motions
/home/kestutis/miniconda3/envs/ITP259/lib/python3.11/site-packages/sklearn/base.py:486: UserWarning: X has feature names, but StandardScaler was fitted without feature names
  warnings.warn(
ectopy_stats={'ectN': 656, 'ectS': 0, 'ectV': 4, 'ectU': 2} with disabled detecting motions
Done 210/1088 | 1631050.134 | record time: 00:04

------------------------------------------------------------------------------------------
211/1088 | 1631050.443 | 1019_29 | row 281 | new: False | elapsed: 14:15
Noise stats for 1631050.443: out=0, rdr=0, mra=0, tp_pct=0.0 with enabled detecting motions

Noise stats for 1631050.443: out=0, rdr=0, mra=0, tp_pct=0.0 with disabled detecting motions
/home/kestutis/miniconda3/envs/ITP259/lib/python3.11/site-packages/sklearn/base.py:486: UserWarning: X has feature names, but StandardScaler was fitted without feature names
  warnings.warn(
ectopy_stats={'ectN': 684, 'ectS': 1, 'ectV': 57, 'ectU': 3} with disabled detecting motions
Done 211/1088 | 1631050.443 | record time: 00:04

------------------------------------------------------------------------------------------
212/1088 | 1631051.071 | 1019_100 | row 226 | new: False | elapsed: 14:19
Noise stats for 1631051.071: out=0, rdr=0, mra=0, tp_pct=0.0 with enabled detecting motions

Noise stats for 1631051.071: out=0, rdr=0, mra=0, tp_pct=0.0 with disabled detecting motions
/home/kestutis/miniconda3/envs/ITP259/lib/python3.11/site-packages/sklearn/base.py:486: UserWarning: X has feature names, but StandardScaler was fitted without feature names
  warnings.warn(
ectopy_stats={'ectN': 537, 'ectS': 0, 'ectV': 3, 'ectU': 3} with disabled detecting motions
Done 212/1088 | 1631051.071 | record time: 00:04

------------------------------------------------------------------------------------------
213/1088 | 1631051.696 | 1019_85 | row 343 | new: False | elapsed: 14:23
Noise stats for 1631051.696: out=0, rdr=0, mra=0, tp_pct=0.0 with enabled detecting motions

Noise stats for 1631051.696: out=0, rdr=0, mra=0, tp_pct=0.0 with disabled detecting motions
/home/kestutis/miniconda3/envs/ITP259/lib/python3.11/site-packages/sklearn/base.py:486: UserWarning: X has feature names, but StandardScaler was fitted without feature names
  warnings.warn(
ectopy_stats={'ectN': 541, 'ectS': 0, 'ectV': 8, 'ectU': 4} with disabled detecting motions
Done 213/1088 | 1631051.696 | record time: 00:04

------------------------------------------------------------------------------------------
214/1088 | 1631052.321 | 1019_106 | row 232 | new: False | elapsed: 14:26
Noise stats for 1631052.321: out=0, rdr=0, mra=0, tp_pct=0.0 with enabled detecting motions

Noise stats for 1631052.321: out=0, rdr=0, mra=0, tp_pct=0.0 with disabled detecting motions
/home/kestutis/miniconda3/envs/ITP259/lib/python3.11/site-packages/sklearn/base.py:486: UserWarning: X has feature names, but StandardScaler was fitted without feature names
  warnings.warn(
ectopy_stats={'ectN': 527, 'ectS': 0, 'ectV': 4, 'ectU': 2} with disabled detecting motions
Done 214/1088 | 1631052.321 | record time: 00:04

------------------------------------------------------------------------------------------
215/1088 | 1631052.95 | 1019_110 | row 237 | new: False | elapsed: 14:30
Noise stats for 1631052.950: out=0, rdr=0, mra=0, tp_pct=0.0 with enabled detecting motions

Noise stats for 1631052.950: out=0, rdr=0, mra=0, tp_pct=0.0 with disabled detecting motions
/home/kestutis/miniconda3/envs/ITP259/lib/python3.11/site-packages/sklearn/base.py:486: UserWarning: X has feature names, but StandardScaler was fitted without feature names
  warnings.warn(
ectopy_stats={'ectN': 527, 'ectS': 0, 'ectV': 3, 'ectU': 2} with disabled detecting motions
Done 215/1088 | 1631052.95 | record time: 00:04

------------------------------------------------------------------------------------------
216/1088 | 1631053.575 | 1019_99 | row 358 | new: False | elapsed: 14:33
Noise stats for 1631053.575: out=0, rdr=0, mra=0, tp_pct=0.0 with enabled detecting motions

Noise stats for 1631053.575: out=0, rdr=0, mra=0, tp_pct=0.0 with disabled detecting motions
/home/kestutis/miniconda3/envs/ITP259/lib/python3.11/site-packages/sklearn/base.py:486: UserWarning: X has feature names, but StandardScaler was fitted without feature names
  warnings.warn(
ectopy_stats={'ectN': 517, 'ectS': 0, 'ectV': 3, 'ectU': 3} with disabled detecting motions
Done 216/1088 | 1631053.575 | record time: 00:04

------------------------------------------------------------------------------------------
217/1088 | 1631054.2 | 1019_112 | row 239 | new: False | elapsed: 14:37
Noise stats for 1631054.200: out=0, rdr=0, mra=1, tp_pct=3.6 with enabled detecting motions

Noise stats for 1631054.200: out=0, rdr=0, mra=0, tp_pct=0.0 with disabled detecting motions
/home/kestutis/miniconda3/envs/ITP259/lib/python3.11/site-packages/sklearn/base.py:486: UserWarning: X has feature names, but StandardScaler was fitted without feature names
  warnings.warn(
ectopy_stats={'ectN': 502, 'ectS': 1, 'ectV': 1, 'ectU': 3} with disabled detecting motions
Done 217/1088 | 1631054.2 | record time: 00:04

------------------------------------------------------------------------------------------
218/1088 | 1631054.829 | 1019_113 | row 240 | new: False | elapsed: 14:41
Noise stats for 1631054.829: out=0, rdr=0, mra=1, tp_pct=2.5 with enabled detecting motions

Noise stats for 1631054.829: out=0, rdr=0, mra=0, tp_pct=0.0 with disabled detecting motions
/home/kestutis/miniconda3/envs/ITP259/lib/python3.11/site-packages/sklearn/base.py:486: UserWarning: X has feature names, but StandardScaler was fitted without feature names
  warnings.warn(
ectopy_stats={'ectN': 509, 'ectS': 0, 'ectV': 1, 'ectU': 4} with disabled detecting motions
Done 218/1088 | 1631054.829 | record time: 00:04

------------------------------------------------------------------------------------------
219/1088 | 1631055.453 | 1019_121 | row 249 | new: False | elapsed: 14:44
Noise stats for 1631055.453: out=0, rdr=0, mra=3, tp_pct=7.5 with enabled detecting motions

Noise stats for 1631055.453: out=0, rdr=0, mra=0, tp_pct=0.0 with disabled detecting motions
/home/kestutis/miniconda3/envs/ITP259/lib/python3.11/site-packages/sklearn/base.py:486: UserWarning: X has feature names, but StandardScaler was fitted without feature names
  warnings.warn(
ectopy_stats={'ectN': 514, 'ectS': 0, 'ectV': 1, 'ectU': 3} with disabled detecting motions
Done 219/1088 | 1631055.453 | record time: 00:04

------------------------------------------------------------------------------------------
220/1088 | 1631055.852 | 1009_23 | row 83 | new: False | elapsed: 14:48
Noise stats for 1631055.852: out=2, rdr=0, mra=0, tp_pct=2.3 with enabled detecting motions

Noise stats for 1631055.852: out=2, rdr=0, mra=0, tp_pct=2.3 with disabled detecting motions
/home/kestutis/miniconda3/envs/ITP259/lib/python3.11/site-packages/sklearn/base.py:486: UserWarning: X has feature names, but StandardScaler was fitted without feature names
  warnings.warn(
ectopy_stats={'ectN': 897, 'ectS': 3, 'ectV': 3, 'ectU': 3} with disabled detecting motions
Done 220/1088 | 1631055.852 | record time: 00:04

------------------------------------------------------------------------------------------
221/1088 | 1631056.078 | 1019_83 | row 341 | new: False | elapsed: 14:52
Noise stats for 1631056.078: out=0, rdr=0, mra=1, tp_pct=3.2 with enabled detecting motions

Noise stats for 1631056.078: out=0, rdr=0, mra=0, tp_pct=0.0 with disabled detecting motions
/home/kestutis/miniconda3/envs/ITP259/lib/python3.11/site-packages/sklearn/base.py:486: UserWarning: X has feature names, but StandardScaler was fitted without feature names
  warnings.warn(
ectopy_stats={'ectN': 514, 'ectS': 0, 'ectV': 7, 'ectU': 7} with disabled detecting motions
Done 221/1088 | 1631056.078 | record time: 00:04

------------------------------------------------------------------------------------------
222/1088 | 1631056.479 | 1009_13 | row 72 | new: False | elapsed: 14:56
Noise stats for 1631056.479: out=0, rdr=0, mra=0, tp_pct=0.0 with enabled detecting motions

Noise stats for 1631056.479: out=0, rdr=0, mra=0, tp_pct=0.0 with disabled detecting motions
/home/kestutis/miniconda3/envs/ITP259/lib/python3.11/site-packages/sklearn/base.py:486: UserWarning: X has feature names, but StandardScaler was fitted without feature names
  warnings.warn(
ectopy_stats={'ectN': 790, 'ectS': 4, 'ectV': 4, 'ectU': 2} with disabled detecting motions
Done 222/1088 | 1631056.479 | record time: 00:04

------------------------------------------------------------------------------------------
223/1088 | 1631056.707 | 1019_92 | row 351 | new: False | elapsed: 15:00
Noise stats for 1631056.707: out=0, rdr=0, mra=2, tp_pct=4.6 with enabled detecting motions

Noise stats for 1631056.707: out=0, rdr=0, mra=0, tp_pct=0.0 with disabled detecting motions
/home/kestutis/miniconda3/envs/ITP259/lib/python3.11/site-packages/sklearn/base.py:486: UserWarning: X has feature names, but StandardScaler was fitted without feature names
  warnings.warn(
ectopy_stats={'ectN': 534, 'ectS': 0, 'ectV': 3, 'ectU': 5} with disabled detecting motions
Done 223/1088 | 1631056.707 | record time: 00:04

------------------------------------------------------------------------------------------
224/1088 | 1631057.107 | 1009_12 | row 71 | new: False | elapsed: 15:04
Noise stats for 1631057.107: out=0, rdr=0, mra=1, tp_pct=2.3 with enabled detecting motions

Noise stats for 1631057.107: out=0, rdr=0, mra=0, tp_pct=0.0 with disabled detecting motions
/home/kestutis/miniconda3/envs/ITP259/lib/python3.11/site-packages/sklearn/base.py:486: UserWarning: X has feature names, but StandardScaler was fitted without feature names
  warnings.warn(
ectopy_stats={'ectN': 769, 'ectS': 1, 'ectV': 7, 'ectU': 2} with disabled detecting motions
Done 224/1088 | 1631057.107 | record time: 00:04

------------------------------------------------------------------------------------------
225/1088 | 1631057.331 | 1019_75 | row 332 | new: False | elapsed: 15:08
Noise stats for 1631057.331: out=0, rdr=0, mra=0, tp_pct=0.0 with enabled detecting motions

Noise stats for 1631057.331: out=0, rdr=0, mra=0, tp_pct=0.0 with disabled detecting motions
/home/kestutis/miniconda3/envs/ITP259/lib/python3.11/site-packages/sklearn/base.py:486: UserWarning: X has feature names, but StandardScaler was fitted without feature names
  warnings.warn(
ectopy_stats={'ectN': 597, 'ectS': 1, 'ectV': 9, 'ectU': 7} with disabled detecting motions
Done 225/1088 | 1631057.331 | record time: 00:04

------------------------------------------------------------------------------------------
226/1088 | 1631057.738 | 1009_5 | row 91 | new: False | elapsed: 15:12
Noise stats for 1631057.738: out=0, rdr=0, mra=0, tp_pct=0.0 with enabled detecting motions

Noise stats for 1631057.738: out=0, rdr=0, mra=0, tp_pct=0.0 with disabled detecting motions
/home/kestutis/miniconda3/envs/ITP259/lib/python3.11/site-packages/sklearn/base.py:486: UserWarning: X has feature names, but StandardScaler was fitted without feature names
  warnings.warn(
ectopy_stats={'ectN': 760, 'ectS': 5, 'ectV': 4, 'ectU': 3} with disabled detecting motions
Done 226/1088 | 1631057.738 | record time: 00:04

------------------------------------------------------------------------------------------
227/1088 | 1631057.956 | 1019_93 | row 352 | new: False | elapsed: 15:16
Noise stats for 1631057.956: out=0, rdr=0, mra=0, tp_pct=0.0 with enabled detecting motions

Noise stats for 1631057.956: out=0, rdr=0, mra=0, tp_pct=0.0 with disabled detecting motions
/home/kestutis/miniconda3/envs/ITP259/lib/python3.11/site-packages/sklearn/base.py:486: UserWarning: X has feature names, but StandardScaler was fitted without feature names
  warnings.warn(
ectopy_stats={'ectN': 533, 'ectS': 0, 'ectV': 2, 'ectU': 5} with disabled detecting motions
Done 227/1088 | 1631057.956 | record time: 00:04

------------------------------------------------------------------------------------------
228/1088 | 1631058.364 | 1009_25 | row 85 | new: False | elapsed: 15:19
Noise stats for 1631058.364: out=0, rdr=0, mra=0, tp_pct=0.0 with enabled detecting motions

Noise stats for 1631058.364: out=0, rdr=0, mra=0, tp_pct=0.0 with disabled detecting motions
/home/kestutis/miniconda3/envs/ITP259/lib/python3.11/site-packages/sklearn/base.py:486: UserWarning: X has feature names, but StandardScaler was fitted without feature names
  warnings.warn(
ectopy_stats={'ectN': 759, 'ectS': 2, 'ectV': 7, 'ectU': 2} with disabled detecting motions
Done 228/1088 | 1631058.364 | record time: 00:04

------------------------------------------------------------------------------------------
229/1088 | 1631058.584 | 1019_84 | row 342 | new: False | elapsed: 15:23
Noise stats for 1631058.584: out=0, rdr=0, mra=1, tp_pct=2.4 with enabled detecting motions

Noise stats for 1631058.584: out=0, rdr=0, mra=0, tp_pct=0.0 with disabled detecting motions
/home/kestutis/miniconda3/envs/ITP259/lib/python3.11/site-packages/sklearn/base.py:486: UserWarning: X has feature names, but StandardScaler was fitted without feature names
  warnings.warn(
ectopy_stats={'ectN': 510, 'ectS': 0, 'ectV': 5, 'ectU': 7} with disabled detecting motions
Done 229/1088 | 1631058.584 | record time: 00:04

------------------------------------------------------------------------------------------
230/1088 | 1631058.853 | 1013_38 | row 136 | new: False | elapsed: 15:27
Noise stats for 1631058.853: out=0, rdr=0, mra=1, tp_pct=2.3 with enabled detecting motions

Noise stats for 1631058.853: out=0, rdr=0, mra=0, tp_pct=0.0 with disabled detecting motions
/home/kestutis/miniconda3/envs/ITP259/lib/python3.11/site-packages/sklearn/base.py:486: UserWarning: X has feature names, but StandardScaler was fitted without feature names
  warnings.warn(
ectopy_stats={'ectN': 602, 'ectS': 0, 'ectV': 1, 'ectU': 3} with disabled detecting motions
Done 230/1088 | 1631058.853 | record time: 00:04

------------------------------------------------------------------------------------------
231/1088 | 1631059.208 | 1019_76 | row 333 | new: False | elapsed: 15:31
Noise stats for 1631059.208: out=0, rdr=0, mra=3, tp_pct=9.4 with enabled detecting motions

Noise stats for 1631059.208: out=0, rdr=0, mra=0, tp_pct=0.0 with disabled detecting motions
/home/kestutis/miniconda3/envs/ITP259/lib/python3.11/site-packages/sklearn/base.py:486: UserWarning: X has feature names, but StandardScaler was fitted without feature names
  warnings.warn(
ectopy_stats={'ectN': 522, 'ectS': 0, 'ectV': 4, 'ectU': 11} with disabled detecting motions
Done 231/1088 | 1631059.208 | record time: 00:04

------------------------------------------------------------------------------------------
232/1088 | 1631059.618 | 1009_19 | row 78 | new: False | elapsed: 15:34
Noise stats for 1631059.618: out=0, rdr=0, mra=0, tp_pct=0.0 with enabled detecting motions

Noise stats for 1631059.618: out=0, rdr=0, mra=0, tp_pct=0.0 with disabled detecting motions
/home/kestutis/miniconda3/envs/ITP259/lib/python3.11/site-packages/sklearn/base.py:486: UserWarning: X has feature names, but StandardScaler was fitted without feature names
  warnings.warn(
ectopy_stats={'ectN': 863, 'ectS': 1, 'ectV': 6, 'ectU': 7} with disabled detecting motions
Done 232/1088 | 1631059.618 | record time: 00:04

------------------------------------------------------------------------------------------
233/1088 | 1631059.832 | 1019_78 | row 335 | new: False | elapsed: 15:39
Noise stats for 1631059.832: out=0, rdr=0, mra=1, tp_pct=2.7 with enabled detecting motions

Noise stats for 1631059.832: out=0, rdr=0, mra=0, tp_pct=0.0 with disabled detecting motions
/home/kestutis/miniconda3/envs/ITP259/lib/python3.11/site-packages/sklearn/base.py:486: UserWarning: X has feature names, but StandardScaler was fitted without feature names
  warnings.warn(
ectopy_stats={'ectN': 524, 'ectS': 0, 'ectV': 8, 'ectU': 6} with disabled detecting motions
Done 233/1088 | 1631059.832 | record time: 00:04

------------------------------------------------------------------------------------------
234/1088 | 1631060.461 | 1019_105 | row 231 | new: False | elapsed: 15:42
Noise stats for 1631060.461: out=0, rdr=0, mra=4, tp_pct=9.6 with enabled detecting motions

Noise stats for 1631060.461: out=0, rdr=0, mra=0, tp_pct=0.0 with disabled detecting motions
/home/kestutis/miniconda3/envs/ITP259/lib/python3.11/site-packages/sklearn/base.py:486: UserWarning: X has feature names, but StandardScaler was fitted without feature names
  warnings.warn(
ectopy_stats={'ectN': 539, 'ectS': 0, 'ectV': 0, 'ectU': 6} with disabled detecting motions
Done 234/1088 | 1631060.461 | record time: 00:04

------------------------------------------------------------------------------------------
235/1088 | 1631061.085 | 1019_86 | row 344 | new: False | elapsed: 15:46
Noise stats for 1631061.085: out=0, rdr=0, mra=4, tp_pct=11.7 with enabled detecting motions

Noise stats for 1631061.085: out=0, rdr=0, mra=0, tp_pct=0.0 with disabled detecting motions
/home/kestutis/miniconda3/envs/ITP259/lib/python3.11/site-packages/sklearn/base.py:486: UserWarning: X has feature names, but StandardScaler was fitted without feature names
  warnings.warn(
ectopy_stats={'ectN': 543, 'ectS': 0, 'ectV': 3, 'ectU': 8} with disabled detecting motions
Done 235/1088 | 1631061.085 | record time: 00:04

------------------------------------------------------------------------------------------
236/1088 | 1631061.335 | 1013_29 | row 126 | new: False | elapsed: 15:49
Noise stats for 1631061.335: out=0, rdr=0, mra=2, tp_pct=9.5 with enabled detecting motions

Noise stats for 1631061.335: out=0, rdr=0, mra=0, tp_pct=0.0 with disabled detecting motions
/home/kestutis/miniconda3/envs/ITP259/lib/python3.11/site-packages/sklearn/base.py:486: UserWarning: X has feature names, but StandardScaler was fitted without feature names
  warnings.warn(
ectopy_stats={'ectN': 669, 'ectS': 0, 'ectV': 9, 'ectU': 2} with disabled detecting motions
Done 236/1088 | 1631061.335 | record time: 00:04

------------------------------------------------------------------------------------------
237/1088 | 1631061.71 | 1019_124 | row 252 | new: False | elapsed: 15:53
Noise stats for 1631061.710: out=0, rdr=0, mra=1, tp_pct=2.4 with enabled detecting motions

Noise stats for 1631061.710: out=0, rdr=0, mra=0, tp_pct=0.0 with disabled detecting motions
/home/kestutis/miniconda3/envs/ITP259/lib/python3.11/site-packages/sklearn/base.py:486: UserWarning: X has feature names, but StandardScaler was fitted without feature names
  warnings.warn(
ectopy_stats={'ectN': 587, 'ectS': 0, 'ectV': 0, 'ectU': 4} with disabled detecting motions
Done 237/1088 | 1631061.71 | record time: 00:04

------------------------------------------------------------------------------------------
238/1088 | 1631062.338 | 1019_109 | row 235 | new: False | elapsed: 15:57
Noise stats for 1631062.338: out=0, rdr=0, mra=0, tp_pct=0.0 with enabled detecting motions

Noise stats for 1631062.338: out=0, rdr=0, mra=0, tp_pct=0.0 with disabled detecting motions
/home/kestutis/miniconda3/envs/ITP259/lib/python3.11/site-packages/sklearn/base.py:486: UserWarning: X has feature names, but StandardScaler was fitted without feature names
  warnings.warn(
ectopy_stats={'ectN': 549, 'ectS': 0, 'ectV': 2, 'ectU': 3} with disabled detecting motions
Done 238/1088 | 1631062.338 | record time: 00:04

------------------------------------------------------------------------------------------
239/1088 | 1631062.962 | 1019_125 | row 253 | new: False | elapsed: 16:01
Noise stats for 1631062.962: out=0, rdr=0, mra=0, tp_pct=0.0 with enabled detecting motions

Noise stats for 1631062.962: out=0, rdr=0, mra=0, tp_pct=0.0 with disabled detecting motions
/home/kestutis/miniconda3/envs/ITP259/lib/python3.11/site-packages/sklearn/base.py:486: UserWarning: X has feature names, but StandardScaler was fitted without feature names
  warnings.warn(
ectopy_stats={'ectN': 554, 'ectS': 0, 'ectV': 1, 'ectU': 3} with disabled detecting motions
Done 239/1088 | 1631062.962 | record time: 00:04

------------------------------------------------------------------------------------------
240/1088 | 1631063.587 | 1019_111 | row 238 | new: False | elapsed: 16:04
Noise stats for 1631063.587: out=0, rdr=0, mra=0, tp_pct=0.0 with enabled detecting motions

Noise stats for 1631063.587: out=0, rdr=0, mra=0, tp_pct=0.0 with disabled detecting motions
/home/kestutis/miniconda3/envs/ITP259/lib/python3.11/site-packages/sklearn/base.py:486: UserWarning: X has feature names, but StandardScaler was fitted without feature names
  warnings.warn(
ectopy_stats={'ectN': 551, 'ectS': 0, 'ectV': 0, 'ectU': 5} with disabled detecting motions
Done 240/1088 | 1631063.587 | record time: 00:04

------------------------------------------------------------------------------------------
241/1088 | 1631064.216 | 1019_87 | row 345 | new: False | elapsed: 16:08
Noise stats for 1631064.216: out=0, rdr=0, mra=1, tp_pct=2.4 with enabled detecting motions

Noise stats for 1631064.216: out=0, rdr=0, mra=0, tp_pct=0.0 with disabled detecting motions
/home/kestutis/miniconda3/envs/ITP259/lib/python3.11/site-packages/sklearn/base.py:486: UserWarning: X has feature names, but StandardScaler was fitted without feature names
  warnings.warn(
ectopy_stats={'ectN': 538, 'ectS': 0, 'ectV': 5, 'ectU': 6} with disabled detecting motions
Done 241/1088 | 1631064.216 | record time: 00:04

------------------------------------------------------------------------------------------
242/1088 | 1631064.84 | 1019_127 | row 255 | new: False | elapsed: 16:11
Noise stats for 1631064.840: out=0, rdr=0, mra=1, tp_pct=2.6 with enabled detecting motions

Noise stats for 1631064.840: out=0, rdr=0, mra=0, tp_pct=0.0 with disabled detecting motions
/home/kestutis/miniconda3/envs/ITP259/lib/python3.11/site-packages/sklearn/base.py:486: UserWarning: X has feature names, but StandardScaler was fitted without feature names
  warnings.warn(
ectopy_stats={'ectN': 580, 'ectS': 0, 'ectV': 0, 'ectU': 6} with disabled detecting motions
Done 242/1088 | 1631064.84 | record time: 00:04

------------------------------------------------------------------------------------------
243/1088 | 1631065.465 | 1019_89 | row 347 | new: False | elapsed: 16:15
Noise stats for 1631065.465: out=0, rdr=0, mra=3, tp_pct=7.2 with enabled detecting motions

Noise stats for 1631065.465: out=0, rdr=0, mra=0, tp_pct=0.0 with disabled detecting motions
/home/kestutis/miniconda3/envs/ITP259/lib/python3.11/site-packages/sklearn/base.py:486: UserWarning: X has feature names, but StandardScaler was fitted without feature names
  warnings.warn(
ectopy_stats={'ectN': 526, 'ectS': 1, 'ectV': 3, 'ectU': 5} with disabled detecting motions
Done 243/1088 | 1631065.465 | record time: 00:04

------------------------------------------------------------------------------------------
244/1088 | 1631066.094 | 1019_95 | row 354 | new: False | elapsed: 16:19
Noise stats for 1631066.094: out=0, rdr=0, mra=0, tp_pct=0.0 with enabled detecting motions

Noise stats for 1631066.094: out=0, rdr=0, mra=0, tp_pct=0.0 with disabled detecting motions
/home/kestutis/miniconda3/envs/ITP259/lib/python3.11/site-packages/sklearn/base.py:486: UserWarning: X has feature names, but StandardScaler was fitted without feature names
  warnings.warn(
ectopy_stats={'ectN': 507, 'ectS': 0, 'ectV': 3, 'ectU': 5} with disabled detecting motions
Done 244/1088 | 1631066.094 | record time: 00:04

------------------------------------------------------------------------------------------
245/1088 | 1631066.719 | 1019_104 | row 230 | new: False | elapsed: 16:22
Noise stats for 1631066.719: out=0, rdr=0, mra=0, tp_pct=0.0 with enabled detecting motions

Noise stats for 1631066.719: out=0, rdr=0, mra=0, tp_pct=0.0 with disabled detecting motions
/home/kestutis/miniconda3/envs/ITP259/lib/python3.11/site-packages/sklearn/base.py:486: UserWarning: X has feature names, but StandardScaler was fitted without feature names
  warnings.warn(
ectopy_stats={'ectN': 514, 'ectS': 0, 'ectV': 3, 'ectU': 3} with disabled detecting motions
Done 245/1088 | 1631066.719 | record time: 00:04

------------------------------------------------------------------------------------------
246/1088 | 1631067.343 | 1019_129 | row 257 | new: False | elapsed: 16:26
Noise stats for 1631067.343: out=0, rdr=0, mra=0, tp_pct=0.0 with enabled detecting motions

Noise stats for 1631067.343: out=0, rdr=0, mra=0, tp_pct=0.0 with disabled detecting motions
/home/kestutis/miniconda3/envs/ITP259/lib/python3.11/site-packages/sklearn/base.py:486: UserWarning: X has feature names, but StandardScaler was fitted without feature names
  warnings.warn(
ectopy_stats={'ectN': 519, 'ectS': 0, 'ectV': 1, 'ectU': 3} with disabled detecting motions
Done 246/1088 | 1631067.343 | record time: 00:04

------------------------------------------------------------------------------------------
247/1088 | 1631067.972 | 1019_82 | row 340 | new: False | elapsed: 16:29
Noise stats for 1631067.972: out=0, rdr=0, mra=2, tp_pct=5.0 with enabled detecting motions

Noise stats for 1631067.972: out=0, rdr=0, mra=0, tp_pct=0.0 with disabled detecting motions
/home/kestutis/miniconda3/envs/ITP259/lib/python3.11/site-packages/sklearn/base.py:486: UserWarning: X has feature names, but StandardScaler was fitted without feature names
  warnings.warn(
ectopy_stats={'ectN': 557, 'ectS': 0, 'ectV': 7, 'ectU': 6} with disabled detecting motions
Done 247/1088 | 1631067.972 | record time: 00:04

------------------------------------------------------------------------------------------
248/1088 | 1631068.242 | 1013_24 | row 121 | new: False | elapsed: 16:33
Noise stats for 1631068.242: out=0, rdr=0, mra=2, tp_pct=8.8 with enabled detecting motions

Noise stats for 1631068.242: out=0, rdr=0, mra=0, tp_pct=0.0 with disabled detecting motions
/home/kestutis/miniconda3/envs/ITP259/lib/python3.11/site-packages/sklearn/base.py:486: UserWarning: X has feature names, but StandardScaler was fitted without feature names
  warnings.warn(
ectopy_stats={'ectN': 644, 'ectS': 0, 'ectV': 33, 'ectU': 2} with disabled detecting motions
Done 248/1088 | 1631068.242 | record time: 00:04

------------------------------------------------------------------------------------------
249/1088 | 1631068.596 | 1019_103 | row 229 | new: False | elapsed: 16:37
Noise stats for 1631068.596: out=1, rdr=0, mra=3, tp_pct=6.5 with enabled detecting motions

Noise stats for 1631068.596: out=1, rdr=0, mra=0, tp_pct=2.0 with disabled detecting motions
/home/kestutis/miniconda3/envs/ITP259/lib/python3.11/site-packages/sklearn/base.py:486: UserWarning: X has feature names, but StandardScaler was fitted without feature names
  warnings.warn(
ectopy_stats={'ectN': 535, 'ectS': 0, 'ectV': 1, 'ectU': 5} with disabled detecting motions
Done 249/1088 | 1631068.596 | record time: 00:04

------------------------------------------------------------------------------------------
250/1088 | 1631068.862 | 1013_17 | row 113 | new: False | elapsed: 16:40
Noise stats for 1631068.862: out=0, rdr=0, mra=3, tp_pct=7.8 with enabled detecting motions

Noise stats for 1631068.862: out=0, rdr=0, mra=0, tp_pct=0.0 with disabled detecting motions
/home/kestutis/miniconda3/envs/ITP259/lib/python3.11/site-packages/sklearn/base.py:486: UserWarning: X has feature names, but StandardScaler was fitted without feature names
  warnings.warn(
ectopy_stats={'ectN': 622, 'ectS': 0, 'ectV': 68, 'ectU': 3} with disabled detecting motions
Done 250/1088 | 1631068.862 | record time: 00:04

------------------------------------------------------------------------------------------
251/1088 | 1631069.221 | 1019_122 | row 250 | new: False | elapsed: 16:44
Noise stats for 1631069.221: out=0, rdr=0, mra=0, tp_pct=0.0 with enabled detecting motions

Noise stats for 1631069.221: out=0, rdr=0, mra=0, tp_pct=0.0 with disabled detecting motions
/home/kestutis/miniconda3/envs/ITP259/lib/python3.11/site-packages/sklearn/base.py:486: UserWarning: X has feature names, but StandardScaler was fitted without feature names
  warnings.warn(
ectopy_stats={'ectN': 519, 'ectS': 0, 'ectV': 1, 'ectU': 3} with disabled detecting motions
Done 251/1088 | 1631069.221 | record time: 00:04

------------------------------------------------------------------------------------------
252/1088 | 1631069.482 | 1013_19 | row 115 | new: False | elapsed: 16:48
Noise stats for 1631069.482: out=0, rdr=0, mra=1, tp_pct=5.5 with enabled detecting motions

Noise stats for 1631069.482: out=0, rdr=0, mra=0, tp_pct=0.0 with disabled detecting motions
/home/kestutis/miniconda3/envs/ITP259/lib/python3.11/site-packages/sklearn/base.py:486: UserWarning: X has feature names, but StandardScaler was fitted without feature names
  warnings.warn(
ectopy_stats={'ectN': 625, 'ectS': 0, 'ectV': 58, 'ectU': 3} with disabled detecting motions
Done 252/1088 | 1631069.482 | record time: 00:04

------------------------------------------------------------------------------------------
253/1088 | 1631069.85 | 1019_119 | row 246 | new: False | elapsed: 16:52
Noise stats for 1631069.850: out=0, rdr=0, mra=0, tp_pct=0.0 with enabled detecting motions

Noise stats for 1631069.850: out=0, rdr=0, mra=0, tp_pct=0.0 with disabled detecting motions
/home/kestutis/miniconda3/envs/ITP259/lib/python3.11/site-packages/sklearn/base.py:486: UserWarning: X has feature names, but StandardScaler was fitted without feature names
  warnings.warn(
ectopy_stats={'ectN': 512, 'ectS': 1, 'ectV': 1, 'ectU': 3} with disabled detecting motions
Done 253/1088 | 1631069.85 | record time: 00:04

------------------------------------------------------------------------------------------
254/1088 | 1631070.122 | 1013_25 | row 122 | new: False | elapsed: 16:55
Noise stats for 1631070.122: out=0, rdr=0, mra=0, tp_pct=0.0 with enabled detecting motions

Noise stats for 1631070.122: out=0, rdr=0, mra=0, tp_pct=0.0 with disabled detecting motions
/home/kestutis/miniconda3/envs/ITP259/lib/python3.11/site-packages/sklearn/base.py:486: UserWarning: X has feature names, but StandardScaler was fitted without feature names
  warnings.warn(
ectopy_stats={'ectN': 654, 'ectS': 0, 'ectV': 22, 'ectU': 2} with disabled detecting motions
Done 254/1088 | 1631070.122 | record time: 00:04

------------------------------------------------------------------------------------------
255/1088 | 1631070.474 | 1019_107 | row 233 | new: False | elapsed: 16:59
Noise stats for 1631070.474: out=0, rdr=0, mra=0, tp_pct=0.0 with enabled detecting motions

Noise stats for 1631070.474: out=0, rdr=0, mra=0, tp_pct=0.0 with disabled detecting motions
/home/kestutis/miniconda3/envs/ITP259/lib/python3.11/site-packages/sklearn/base.py:486: UserWarning: X has feature names, but StandardScaler was fitted without feature names
  warnings.warn(
ectopy_stats={'ectN': 508, 'ectS': 0, 'ectV': 3, 'ectU': 3} with disabled detecting motions
Done 255/1088 | 1631070.474 | record time: 00:04

------------------------------------------------------------------------------------------
256/1088 | 1631070.997 | 1013_40 | row 139 | new: False | elapsed: 17:03
Noise stats for 1631070.997: out=0, rdr=0, mra=0, tp_pct=0.0 with enabled detecting motions

Noise stats for 1631070.997: out=0, rdr=0, mra=0, tp_pct=0.0 with disabled detecting motions
/home/kestutis/miniconda3/envs/ITP259/lib/python3.11/site-packages/sklearn/base.py:486: UserWarning: X has feature names, but StandardScaler was fitted without feature names
  warnings.warn(
ectopy_stats={'ectN': 669, 'ectS': 0, 'ectV': 0, 'ectU': 2} with disabled detecting motions
Done 256/1088 | 1631070.997 | record time: 00:04

------------------------------------------------------------------------------------------
257/1088 | 1631071.099 | 1019_128 | row 256 | new: False | elapsed: 17:07
Noise stats for 1631071.099: out=0, rdr=0, mra=1, tp_pct=2.6 with enabled detecting motions

Noise stats for 1631071.099: out=0, rdr=0, mra=0, tp_pct=0.0 with disabled detecting motions
/home/kestutis/miniconda3/envs/ITP259/lib/python3.11/site-packages/sklearn/base.py:486: UserWarning: X has feature names, but StandardScaler was fitted without feature names
  warnings.warn(
ectopy_stats={'ectN': 524, 'ectS': 0, 'ectV': 2, 'ectU': 2} with disabled detecting motions
Done 257/1088 | 1631071.099 | record time: 00:04

------------------------------------------------------------------------------------------
258/1088 | 1631071.727 | 1019_91 | row 350 | new: False | elapsed: 17:10
Noise stats for 1631071.727: out=0, rdr=0, mra=2, tp_pct=5.1 with enabled detecting motions

Noise stats for 1631071.727: out=0, rdr=0, mra=0, tp_pct=0.0 with disabled detecting motions
/home/kestutis/miniconda3/envs/ITP259/lib/python3.11/site-packages/sklearn/base.py:486: UserWarning: X has feature names, but StandardScaler was fitted without feature names
  warnings.warn(
ectopy_stats={'ectN': 619, 'ectS': 0, 'ectV': 5, 'ectU': 3} with disabled detecting motions
Done 258/1088 | 1631071.727 | record time: 00:04

------------------------------------------------------------------------------------------
259/1088 | 1631071.96 | 1013_20 | row 117 | new: False | elapsed: 17:14
Noise stats for 1631071.960: out=0, rdr=0, mra=2, tp_pct=7.1 with enabled detecting motions

Noise stats for 1631071.960: out=0, rdr=0, mra=0, tp_pct=0.0 with disabled detecting motions
/home/kestutis/miniconda3/envs/ITP259/lib/python3.11/site-packages/sklearn/base.py:486: UserWarning: X has feature names, but StandardScaler was fitted without feature names
  warnings.warn(
ectopy_stats={'ectN': 619, 'ectS': 0, 'ectV': 53, 'ectU': 2} with disabled detecting motions
Done 259/1088 | 1631071.96 | record time: 00:04

------------------------------------------------------------------------------------------
260/1088 | 1631072.351 | 1019_88 | row 346 | new: False | elapsed: 17:18
Noise stats for 1631072.351: out=0, rdr=0, mra=0, tp_pct=0.0 with enabled detecting motions

Noise stats for 1631072.351: out=0, rdr=0, mra=0, tp_pct=0.0 with disabled detecting motions
/home/kestutis/miniconda3/envs/ITP259/lib/python3.11/site-packages/sklearn/base.py:486: UserWarning: X has feature names, but StandardScaler was fitted without feature names
  warnings.warn(
ectopy_stats={'ectN': 550, 'ectS': 0, 'ectV': 7, 'ectU': 2} with disabled detecting motions
Done 260/1088 | 1631072.351 | record time: 00:04

------------------------------------------------------------------------------------------
261/1088 | 1631072.976 | 1019_126 | row 254 | new: False | elapsed: 17:21
Noise stats for 1631072.976: out=0, rdr=0, mra=0, tp_pct=0.0 with enabled detecting motions

Noise stats for 1631072.976: out=0, rdr=0, mra=0, tp_pct=0.0 with disabled detecting motions
/home/kestutis/miniconda3/envs/ITP259/lib/python3.11/site-packages/sklearn/base.py:486: UserWarning: X has feature names, but StandardScaler was fitted without feature names
  warnings.warn(
ectopy_stats={'ectN': 561, 'ectS': 0, 'ectV': 0, 'ectU': 4} with disabled detecting motions
Done 261/1088 | 1631072.976 | record time: 00:04

------------------------------------------------------------------------------------------
262/1088 | 1631072.98 | 1013_16 | row 112 | new: False | elapsed: 17:25
Noise stats for 1631072.980: out=0, rdr=0, mra=1, tp_pct=5.1 with enabled detecting motions

Noise stats for 1631072.980: out=0, rdr=0, mra=0, tp_pct=0.0 with disabled detecting motions
/home/kestutis/miniconda3/envs/ITP259/lib/python3.11/site-packages/sklearn/base.py:486: UserWarning: X has feature names, but StandardScaler was fitted without feature names
  warnings.warn(
ectopy_stats={'ectN': 587, 'ectS': 0, 'ectV': 93, 'ectU': 2} with disabled detecting motions
Done 262/1088 | 1631072.98 | record time: 00:04

------------------------------------------------------------------------------------------
263/1088 | 1631073.604 | 1019_90 | row 349 | new: False | elapsed: 17:29
Noise stats for 1631073.604: out=0, rdr=0, mra=0, tp_pct=0.0 with enabled detecting motions

Noise stats for 1631073.604: out=0, rdr=0, mra=0, tp_pct=0.0 with disabled detecting motions
/home/kestutis/miniconda3/envs/ITP259/lib/python3.11/site-packages/sklearn/base.py:486: UserWarning: X has feature names, but StandardScaler was fitted without feature names
  warnings.warn(
ectopy_stats={'ectN': 562, 'ectS': 0, 'ectV': 5, 'ectU': 4} with disabled detecting motions
Done 263/1088 | 1631073.604 | record time: 00:04

------------------------------------------------------------------------------------------
264/1088 | 1631073.608 | 1013_10 | row 106 | new: False | elapsed: 17:33
Noise stats for 1631073.608: out=0, rdr=0, mra=2, tp_pct=5.2 with enabled detecting motions

Noise stats for 1631073.608: out=0, rdr=0, mra=0, tp_pct=0.0 with disabled detecting motions
/home/kestutis/miniconda3/envs/ITP259/lib/python3.11/site-packages/sklearn/base.py:486: UserWarning: X has feature names, but StandardScaler was fitted without feature names
  warnings.warn(
ectopy_stats={'ectN': 575, 'ectS': 0, 'ectV': 148, 'ectU': 3} with disabled detecting motions
Done 264/1088 | 1631073.608 | record time: 00:04

------------------------------------------------------------------------------------------
265/1088 | 1631074.229 | 1019_101 | row 227 | new: False | elapsed: 17:37
Noise stats for 1631074.229: out=0, rdr=0, mra=0, tp_pct=0.0 with enabled detecting motions

Noise stats for 1631074.229: out=0, rdr=0, mra=0, tp_pct=0.0 with disabled detecting motions
/home/kestutis/miniconda3/envs/ITP259/lib/python3.11/site-packages/sklearn/base.py:486: UserWarning: X has feature names, but StandardScaler was fitted without feature names
  warnings.warn(
ectopy_stats={'ectN': 556, 'ectS': 0, 'ectV': 3, 'ectU': 3} with disabled detecting motions
Done 265/1088 | 1631074.229 | record time: 00:04

------------------------------------------------------------------------------------------
266/1088 | 1631074.415 | 1013_13 | row 109 | new: False | elapsed: 17:40
Noise stats for 1631074.415: out=0, rdr=0, mra=3, tp_pct=7.1 with enabled detecting motions

Noise stats for 1631074.415: out=0, rdr=0, mra=0, tp_pct=0.0 with disabled detecting motions
/home/kestutis/miniconda3/envs/ITP259/lib/python3.11/site-packages/sklearn/base.py:486: UserWarning: X has feature names, but StandardScaler was fitted without feature names
  warnings.warn(
ectopy_stats={'ectN': 583, 'ectS': 0, 'ectV': 131, 'ectU': 2} with disabled detecting motions
Done 266/1088 | 1631074.415 | record time: 00:04

------------------------------------------------------------------------------------------
267/1088 | 1631074.854 | 1019_133 | row 262 | new: False | elapsed: 17:44
Noise stats for 1631074.854: out=0, rdr=0, mra=0, tp_pct=0.0 with enabled detecting motions

Noise stats for 1631074.854: out=0, rdr=0, mra=0, tp_pct=0.0 with disabled detecting motions
/home/kestutis/miniconda3/envs/ITP259/lib/python3.11/site-packages/sklearn/base.py:486: UserWarning: X has feature names, but StandardScaler was fitted without feature names
  warnings.warn(
ectopy_stats={'ectN': 557, 'ectS': 0, 'ectV': 1, 'ectU': 2} with disabled detecting motions
Done 267/1088 | 1631074.854 | record time: 00:04

------------------------------------------------------------------------------------------
268/1088 | 1631075.042 | 1013_15 | row 111 | new: False | elapsed: 17:48
Noise stats for 1631075.042: out=0, rdr=0, mra=1, tp_pct=1.4 with enabled detecting motions

Noise stats for 1631075.042: out=0, rdr=0, mra=0, tp_pct=0.0 with disabled detecting motions
/home/kestutis/miniconda3/envs/ITP259/lib/python3.11/site-packages/sklearn/base.py:486: UserWarning: X has feature names, but StandardScaler was fitted without feature names
  warnings.warn(
ectopy_stats={'ectN': 582, 'ectS': 0, 'ectV': 127, 'ectU': 2} with disabled detecting motions
Done 268/1088 | 1631075.042 | record time: 00:04

------------------------------------------------------------------------------------------
269/1088 | 1631075.483 | 1019_123 | row 251 | new: False | elapsed: 17:52
Noise stats for 1631075.483: out=0, rdr=0, mra=0, tp_pct=0.0 with enabled detecting motions

Noise stats for 1631075.483: out=0, rdr=0, mra=0, tp_pct=0.0 with disabled detecting motions
/home/kestutis/miniconda3/envs/ITP259/lib/python3.11/site-packages/sklearn/base.py:486: UserWarning: X has feature names, but StandardScaler was fitted without feature names
  warnings.warn(
ectopy_stats={'ectN': 531, 'ectS': 0, 'ectV': 0, 'ectU': 6} with disabled detecting motions
Done 269/1088 | 1631075.483 | record time: 00:04

------------------------------------------------------------------------------------------
270/1088 | 1631075.662 | 1013_12 | row 108 | new: False | elapsed: 17:55
Noise stats for 1631075.662: out=0, rdr=0, mra=2, tp_pct=6.3 with enabled detecting motions

Noise stats for 1631075.662: out=0, rdr=0, mra=0, tp_pct=0.0 with disabled detecting motions
/home/kestutis/miniconda3/envs/ITP259/lib/python3.11/site-packages/sklearn/base.py:486: UserWarning: X has feature names, but StandardScaler was fitted without feature names
  warnings.warn(
ectopy_stats={'ectN': 570, 'ectS': 0, 'ectV': 152, 'ectU': 3} with disabled detecting motions
Done 270/1088 | 1631075.662 | record time: 00:04

------------------------------------------------------------------------------------------
271/1088 | 1631075.918 | 1009_6 | row 92 | new: False | elapsed: 17:59
Noise stats for 1631075.918: out=0, rdr=0, mra=0, tp_pct=0.0 with enabled detecting motions

Noise stats for 1631075.918: out=0, rdr=0, mra=0, tp_pct=0.0 with disabled detecting motions
/home/kestutis/miniconda3/envs/ITP259/lib/python3.11/site-packages/sklearn/base.py:486: UserWarning: X has feature names, but StandardScaler was fitted without feature names
  warnings.warn(
ectopy_stats={'ectN': 880, 'ectS': 12, 'ectV': 7, 'ectU': 2} with disabled detecting motions
Done 271/1088 | 1631075.918 | record time: 00:04

------------------------------------------------------------------------------------------
272/1088 | 1631075.931 | 1018_2 | row 216 | new: False | elapsed: 18:04
Noise stats for 1631075.931: out=0, rdr=0, mra=0, tp_pct=0.0 with enabled detecting motions

Noise stats for 1631075.931: out=0, rdr=0, mra=0, tp_pct=0.0 with disabled detecting motions
/home/kestutis/miniconda3/envs/ITP259/lib/python3.11/site-packages/sklearn/base.py:486: UserWarning: X has feature names, but StandardScaler was fitted without feature names
  warnings.warn(
ectopy_stats={'ectN': 741, 'ectS': 0, 'ectV': 2, 'ectU': 3} with disabled detecting motions
Done 272/1088 | 1631075.931 | record time: 00:04

------------------------------------------------------------------------------------------
273/1088 | 1631076.107 | 1019_94 | row 353 | new: False | elapsed: 18:08
Noise stats for 1631076.107: out=0, rdr=0, mra=0, tp_pct=0.0 with enabled detecting motions

Noise stats for 1631076.107: out=0, rdr=0, mra=0, tp_pct=0.0 with disabled detecting motions
/home/kestutis/miniconda3/envs/ITP259/lib/python3.11/site-packages/sklearn/base.py:486: UserWarning: X has feature names, but StandardScaler was fitted without feature names
  warnings.warn(
ectopy_stats={'ectN': 569, 'ectS': 0, 'ectV': 2, 'ectU': 5} with disabled detecting motions
Done 273/1088 | 1631076.107 | record time: 00:04

------------------------------------------------------------------------------------------
274/1088 | 1631076.286 | 1013_6 | row 141 | new: False | elapsed: 18:12
Noise stats for 1631076.286: out=0, rdr=0, mra=0, tp_pct=0.0 with enabled detecting motions

Noise stats for 1631076.286: out=0, rdr=0, mra=0, tp_pct=0.0 with disabled detecting motions
/home/kestutis/miniconda3/envs/ITP259/lib/python3.11/site-packages/sklearn/base.py:486: UserWarning: X has feature names, but StandardScaler was fitted without feature names
  warnings.warn(
ectopy_stats={'ectN': 539, 'ectS': 0, 'ectV': 194, 'ectU': 2} with disabled detecting motions
Done 274/1088 | 1631076.286 | record time: 00:04

------------------------------------------------------------------------------------------
275/1088 | 1631076.545 | 1009_3 | row 89 | new: False | elapsed: 18:16
Noise stats for 1631076.545: out=0, rdr=0, mra=2, tp_pct=5.7 with enabled detecting motions

Noise stats for 1631076.545: out=0, rdr=0, mra=0, tp_pct=0.0 with disabled detecting motions
/home/kestutis/miniconda3/envs/ITP259/lib/python3.11/site-packages/sklearn/base.py:486: UserWarning: X has feature names, but StandardScaler was fitted without feature names
  warnings.warn(
ectopy_stats={'ectN': 884, 'ectS': 5, 'ectV': 14, 'ectU': 2} with disabled detecting motions
Done 275/1088 | 1631076.545 | record time: 00:04

------------------------------------------------------------------------------------------
276/1088 | 1631076.732 | 1019_102 | row 228 | new: False | elapsed: 18:20
Noise stats for 1631076.732: out=0, rdr=0, mra=0, tp_pct=0.0 with enabled detecting motions

Noise stats for 1631076.732: out=0, rdr=0, mra=0, tp_pct=0.0 with disabled detecting motions
/home/kestutis/miniconda3/envs/ITP259/lib/python3.11/site-packages/sklearn/base.py:486: UserWarning: X has feature names, but StandardScaler was fitted without feature names
  warnings.warn(
ectopy_stats={'ectN': 549, 'ectS': 0, 'ectV': 2, 'ectU': 4} with disabled detecting motions
Done 276/1088 | 1631076.732 | record time: 00:04

------------------------------------------------------------------------------------------
277/1088 | 1631076.91 | 1013_8 | row 143 | new: False | elapsed: 18:24
Noise stats for 1631076.910: out=0, rdr=0, mra=1, tp_pct=1.4 with enabled detecting motions

Noise stats for 1631076.910: out=0, rdr=0, mra=0, tp_pct=0.0 with disabled detecting motions
/home/kestutis/miniconda3/envs/ITP259/lib/python3.11/site-packages/sklearn/base.py:486: UserWarning: X has feature names, but StandardScaler was fitted without feature names
  warnings.warn(
ectopy_stats={'ectN': 540, 'ectS': 0, 'ectV': 186, 'ectU': 2} with disabled detecting motions
Done 277/1088 | 1631076.91 | record time: 00:04

------------------------------------------------------------------------------------------
278/1088 | 1631077.167 | 1018_0 | row 214 | new: False | elapsed: 18:28
Noise stats for 1631077.167: out=0, rdr=0, mra=1, tp_pct=4.0 with enabled detecting motions

Noise stats for 1631077.167: out=0, rdr=0, mra=0, tp_pct=0.0 with disabled detecting motions
/home/kestutis/miniconda3/envs/ITP259/lib/python3.11/site-packages/sklearn/base.py:486: UserWarning: X has feature names, but StandardScaler was fitted without feature names
  warnings.warn(
ectopy_stats={'ectN': 657, 'ectS': 0, 'ectV': 2, 'ectU': 4} with disabled detecting motions
Done 278/1088 | 1631077.167 | record time: 00:04

------------------------------------------------------------------------------------------
279/1088 | 1631077.172 | 1009_15 | row 74 | new: False | elapsed: 18:32
Noise stats for 1631077.172: out=1, rdr=0, mra=2, tp_pct=7.6 with enabled detecting motions

Noise stats for 1631077.172: out=1, rdr=0, mra=0, tp_pct=2.0 with disabled detecting motions
/home/kestutis/miniconda3/envs/ITP259/lib/python3.11/site-packages/sklearn/base.py:486: UserWarning: X has feature names, but StandardScaler was fitted without feature names
  warnings.warn(
ectopy_stats={'ectN': 979, 'ectS': 6, 'ectV': 8, 'ectU': 2} with disabled detecting motions
Done 279/1088 | 1631077.172 | record time: 00:05

------------------------------------------------------------------------------------------
280/1088 | 1631077.36 | 1019_114 | row 241 | new: False | elapsed: 18:36
Noise stats for 1631077.360: out=0, rdr=0, mra=0, tp_pct=0.0 with enabled detecting motions

Noise stats for 1631077.360: out=0, rdr=0, mra=0, tp_pct=0.0 with disabled detecting motions
/home/kestutis/miniconda3/envs/ITP259/lib/python3.11/site-packages/sklearn/base.py:486: UserWarning: X has feature names, but StandardScaler was fitted without feature names
  warnings.warn(
ectopy_stats={'ectN': 545, 'ectS': 0, 'ectV': 3, 'ectU': 2} with disabled detecting motions
Done 280/1088 | 1631077.36 | record time: 00:04

------------------------------------------------------------------------------------------
281/1088 | 1631077.534 | 1013_5 | row 140 | new: False | elapsed: 18:40
Noise stats for 1631077.534: out=0, rdr=0, mra=0, tp_pct=0.0 with enabled detecting motions

Noise stats for 1631077.534: out=0, rdr=0, mra=0, tp_pct=0.0 with disabled detecting motions
/home/kestutis/miniconda3/envs/ITP259/lib/python3.11/site-packages/sklearn/base.py:486: UserWarning: X has feature names, but StandardScaler was fitted without feature names
  warnings.warn(
ectopy_stats={'ectN': 543, 'ectS': 0, 'ectV': 198, 'ectU': 2} with disabled detecting motions
Done 281/1088 | 1631077.534 | record time: 00:04

------------------------------------------------------------------------------------------
282/1088 | 1631077.984 | 1019_116 | row 243 | new: False | elapsed: 18:44
Noise stats for 1631077.984: out=0, rdr=0, mra=0, tp_pct=0.0 with enabled detecting motions

Noise stats for 1631077.984: out=0, rdr=0, mra=0, tp_pct=0.0 with disabled detecting motions
/home/kestutis/miniconda3/envs/ITP259/lib/python3.11/site-packages/sklearn/base.py:486: UserWarning: X has feature names, but StandardScaler was fitted without feature names
  warnings.warn(
ectopy_stats={'ectN': 537, 'ectS': 0, 'ectV': 0, 'ectU': 5} with disabled detecting motions
Done 282/1088 | 1631077.984 | record time: 00:04

------------------------------------------------------------------------------------------
283/1088 | 1631078.157 | 1013_4 | row 138 | new: False | elapsed: 18:48
Noise stats for 1631078.157: out=0, rdr=0, mra=0, tp_pct=0.0 with enabled detecting motions

Noise stats for 1631078.157: out=0, rdr=0, mra=0, tp_pct=0.0 with disabled detecting motions
/home/kestutis/miniconda3/envs/ITP259/lib/python3.11/site-packages/sklearn/base.py:486: UserWarning: X has feature names, but StandardScaler was fitted without feature names
  warnings.warn(
ectopy_stats={'ectN': 538, 'ectS': 0, 'ectV': 205, 'ectU': 2} with disabled detecting motions
Done 283/1088 | 1631078.157 | record time: 00:04

------------------------------------------------------------------------------------------
284/1088 | 1631078.608 | 1019_117 | row 244 | new: False | elapsed: 18:52
Noise stats for 1631078.608: out=0, rdr=0, mra=0, tp_pct=0.0 with enabled detecting motions

Noise stats for 1631078.608: out=0, rdr=0, mra=0, tp_pct=0.0 with disabled detecting motions
/home/kestutis/miniconda3/envs/ITP259/lib/python3.11/site-packages/sklearn/base.py:486: UserWarning: X has feature names, but StandardScaler was fitted without feature names
  warnings.warn(
ectopy_stats={'ectN': 536, 'ectS': 0, 'ectV': 1, 'ectU': 4} with disabled detecting motions
Done 284/1088 | 1631078.608 | record time: 00:04

------------------------------------------------------------------------------------------
285/1088 | 1631078.776 | 1013_3 | row 127 | new: False | elapsed: 18:55
Noise stats for 1631078.776: out=0, rdr=0, mra=2, tp_pct=4.6 with enabled detecting motions

Noise stats for 1631078.776: out=0, rdr=0, mra=0, tp_pct=0.0 with disabled detecting motions
/home/kestutis/miniconda3/envs/ITP259/lib/python3.11/site-packages/sklearn/base.py:486: UserWarning: X has feature names, but StandardScaler was fitted without feature names
  warnings.warn(
ectopy_stats={'ectN': 532, 'ectS': 0, 'ectV': 229, 'ectU': 2} with disabled detecting motions
Done 285/1088 | 1631078.776 | record time: 00:04

------------------------------------------------------------------------------------------
286/1088 | 1631079.236 | 1019_118 | row 245 | new: False | elapsed: 19:00
Noise stats for 1631079.236: out=0, rdr=0, mra=0, tp_pct=0.0 with enabled detecting motions

Noise stats for 1631079.236: out=0, rdr=0, mra=0, tp_pct=0.0 with disabled detecting motions
/home/kestutis/miniconda3/envs/ITP259/lib/python3.11/site-packages/sklearn/base.py:486: UserWarning: X has feature names, but StandardScaler was fitted without feature names
  warnings.warn(
ectopy_stats={'ectN': 519, 'ectS': 0, 'ectV': 2, 'ectU': 3} with disabled detecting motions
Done 286/1088 | 1631079.236 | record time: 00:04

------------------------------------------------------------------------------------------
287/1088 | 1631079.524 | 1013_7 | row 142 | new: False | elapsed: 19:03
Noise stats for 1631079.524: out=1, rdr=0, mra=0, tp_pct=0.7 with enabled detecting motions

Noise stats for 1631079.524: out=1, rdr=0, mra=0, tp_pct=0.7 with disabled detecting motions
/home/kestutis/miniconda3/envs/ITP259/lib/python3.11/site-packages/sklearn/base.py:486: UserWarning: X has feature names, but StandardScaler was fitted without feature names
  warnings.warn(
ectopy_stats={'ectN': 552, 'ectS': 0, 'ectV': 186, 'ectU': 2} with disabled detecting motions
Done 287/1088 | 1631079.524 | record time: 00:04

------------------------------------------------------------------------------------------
288/1088 | 1631079.642 | 1018_1 | row 215 | new: False | elapsed: 19:07
Noise stats for 1631079.642: out=0, rdr=0, mra=0, tp_pct=0.0 with enabled detecting motions

Noise stats for 1631079.642: out=0, rdr=0, mra=0, tp_pct=0.0 with disabled detecting motions
/home/kestutis/miniconda3/envs/ITP259/lib/python3.11/site-packages/sklearn/base.py:486: UserWarning: X has feature names, but StandardScaler was fitted without feature names
  warnings.warn(
ectopy_stats={'ectN': 701, 'ectS': 0, 'ectV': 1, 'ectU': 2} with disabled detecting motions
Done 288/1088 | 1631079.642 | record time: 00:04

------------------------------------------------------------------------------------------
289/1088 | 1631079.86 | 1019_97 | row 356 | new: False | elapsed: 19:11
Noise stats for 1631079.860: out=0, rdr=0, mra=4, tp_pct=10.7 with enabled detecting motions

Noise stats for 1631079.860: out=0, rdr=0, mra=0, tp_pct=0.0 with disabled detecting motions
/home/kestutis/miniconda3/envs/ITP259/lib/python3.11/site-packages/sklearn/base.py:486: UserWarning: X has feature names, but StandardScaler was fitted without feature names
  warnings.warn(
ectopy_stats={'ectN': 526, 'ectS': 0, 'ectV': 4, 'ectU': 4} with disabled detecting motions
Done 289/1088 | 1631079.86 | record time: 00:04

------------------------------------------------------------------------------------------
290/1088 | 1631080.143 | 1013_14 | row 110 | new: False | elapsed: 19:15
Noise stats for 1631080.143: out=0, rdr=0, mra=0, tp_pct=0.0 with enabled detecting motions

Noise stats for 1631080.143: out=0, rdr=0, mra=0, tp_pct=0.0 with disabled detecting motions
/home/kestutis/miniconda3/envs/ITP259/lib/python3.11/site-packages/sklearn/base.py:486: UserWarning: X has feature names, but StandardScaler was fitted without feature names
  warnings.warn(
ectopy_stats={'ectN': 594, 'ectS': 0, 'ectV': 130, 'ectU': 2} with disabled detecting motions
Done 290/1088 | 1631080.143 | record time: 00:04

------------------------------------------------------------------------------------------
291/1088 | 1631080.484 | 1019_120 | row 248 | new: False | elapsed: 19:19
Noise stats for 1631080.484: out=0, rdr=0, mra=2, tp_pct=5.3 with enabled detecting motions

Noise stats for 1631080.484: out=0, rdr=0, mra=0, tp_pct=0.0 with disabled detecting motions
/home/kestutis/miniconda3/envs/ITP259/lib/python3.11/site-packages/sklearn/base.py:486: UserWarning: X has feature names, but StandardScaler was fitted without feature names
  warnings.warn(
ectopy_stats={'ectN': 554, 'ectS': 0, 'ectV': 3, 'ectU': 2} with disabled detecting motions
Done 291/1088 | 1631080.484 | record time: 00:04

------------------------------------------------------------------------------------------
292/1088 | 1631080.771 | 1013_0 | row 104 | new: False | elapsed: 19:22
Noise stats for 1631080.771: out=1, rdr=0, mra=2, tp_pct=6.5 with enabled detecting motions

Noise stats for 1631080.771: out=1, rdr=0, mra=0, tp_pct=2.0 with disabled detecting motions
/home/kestutis/miniconda3/envs/ITP259/lib/python3.11/site-packages/sklearn/base.py:486: UserWarning: X has feature names, but StandardScaler was fitted without feature names
  warnings.warn(
ectopy_stats={'ectN': 506, 'ectS': 0, 'ectV': 362, 'ectU': 2} with disabled detecting motions
Done 292/1088 | 1631080.771 | record time: 00:04

------------------------------------------------------------------------------------------
293/1088 | 1631081.108 | 1019_132 | row 261 | new: False | elapsed: 19:27
Noise stats for 1631081.108: out=0, rdr=0, mra=2, tp_pct=5.6 with enabled detecting motions

Noise stats for 1631081.108: out=0, rdr=0, mra=0, tp_pct=0.0 with disabled detecting motions
/home/kestutis/miniconda3/envs/ITP259/lib/python3.11/site-packages/sklearn/base.py:486: UserWarning: X has feature names, but StandardScaler was fitted without feature names
  warnings.warn(
ectopy_stats={'ectN': 537, 'ectS': 0, 'ectV': 0, 'ectU': 4} with disabled detecting motions
Done 293/1088 | 1631081.108 | record time: 00:04

------------------------------------------------------------------------------------------
294/1088 | 1631081.543 | 1013_2 | row 116 | new: False | elapsed: 19:30
Noise stats for 1631081.543: out=4, rdr=0, mra=2, tp_pct=11.0 with enabled detecting motions

Noise stats for 1631081.543: out=4, rdr=0, mra=0, tp_pct=6.0 with disabled detecting motions
/home/kestutis/miniconda3/envs/ITP259/lib/python3.11/site-packages/sklearn/base.py:486: UserWarning: X has feature names, but StandardScaler was fitted without feature names
  warnings.warn(
ectopy_stats={'ectN': 813, 'ectS': 0, 'ectV': 229, 'ectU': 2} with disabled detecting motions
Done 294/1088 | 1631081.543 | record time: 00:05

------------------------------------------------------------------------------------------
295/1088 | 1631082.118 | 1018_3 | row 217 | new: False | elapsed: 19:35
Noise stats for 1631082.118: out=0, rdr=0, mra=1, tp_pct=7.7 with enabled detecting motions

Noise stats for 1631082.118: out=0, rdr=0, mra=0, tp_pct=0.0 with disabled detecting motions
/home/kestutis/miniconda3/envs/ITP259/lib/python3.11/site-packages/sklearn/base.py:486: UserWarning: X has feature names, but StandardScaler was fitted without feature names
  warnings.warn(
ectopy_stats={'ectN': 625, 'ectS': 0, 'ectV': 2, 'ectU': 2} with disabled detecting motions
Done 295/1088 | 1631082.118 | record time: 00:04

------------------------------------------------------------------------------------------
296/1088 | 1631082.171 | 1013_23 | row 120 | new: False | elapsed: 19:39
Noise stats for 1631082.171: out=0, rdr=0, mra=1, tp_pct=1.4 with enabled detecting motions

Noise stats for 1631082.171: out=0, rdr=0, mra=0, tp_pct=0.0 with disabled detecting motions
/home/kestutis/miniconda3/envs/ITP259/lib/python3.11/site-packages/sklearn/base.py:486: UserWarning: X has feature names, but StandardScaler was fitted without feature names
  warnings.warn(
ectopy_stats={'ectN': 919, 'ectS': 1, 'ectV': 44, 'ectU': 2} with disabled detecting motions
Done 296/1088 | 1631082.171 | record time: 00:05

------------------------------------------------------------------------------------------
297/1088 | 1631082.356 | 1019_135 | row 264 | new: False | elapsed: 19:44
Noise stats for 1631082.356: out=0, rdr=0, mra=7, tp_pct=21.7 with enabled detecting motions

Noise stats for 1631082.356: out=0, rdr=0, mra=0, tp_pct=0.0 with disabled detecting motions
/home/kestutis/miniconda3/envs/ITP259/lib/python3.11/site-packages/sklearn/base.py:486: UserWarning: X has feature names, but StandardScaler was fitted without feature names
  warnings.warn(
ectopy_stats={'ectN': 505, 'ectS': 0, 'ectV': 0, 'ectU': 2} with disabled detecting motions
Done 297/1088 | 1631082.356 | record time: 00:03

------------------------------------------------------------------------------------------
298/1088 | 1631082.735 | 1018_4 | row 218 | new: False | elapsed: 19:47
Noise stats for 1631082.735: out=0, rdr=0, mra=0, tp_pct=0.0 with enabled detecting motions

Noise stats for 1631082.735: out=0, rdr=0, mra=0, tp_pct=0.0 with disabled detecting motions
/home/kestutis/miniconda3/envs/ITP259/lib/python3.11/site-packages/sklearn/base.py:486: UserWarning: X has feature names, but StandardScaler was fitted without feature names
  warnings.warn(
ectopy_stats={'ectN': 568, 'ectS': 0, 'ectV': 2, 'ectU': 2} with disabled detecting motions
Done 298/1088 | 1631082.735 | record time: 00:04

------------------------------------------------------------------------------------------
299/1088 | 1631082.791 | 1013_9 | row 144 | new: False | elapsed: 19:51
Noise stats for 1631082.791: out=0, rdr=0, mra=2, tp_pct=4.7 with enabled detecting motions

Noise stats for 1631082.791: out=0, rdr=0, mra=0, tp_pct=0.0 with disabled detecting motions
/home/kestutis/miniconda3/envs/ITP259/lib/python3.11/site-packages/sklearn/base.py:486: UserWarning: X has feature names, but StandardScaler was fitted without feature names
  warnings.warn(
ectopy_stats={'ectN': 721, 'ectS': 0, 'ectV': 170, 'ectU': 2} with disabled detecting motions
Done 299/1088 | 1631082.791 | record time: 00:04

------------------------------------------------------------------------------------------
300/1088 | 1631082.981 | 1019_134 | row 263 | new: False | elapsed: 19:55
Noise stats for 1631082.981: out=0, rdr=0, mra=2, tp_pct=5.6 with enabled detecting motions

Noise stats for 1631082.981: out=0, rdr=0, mra=0, tp_pct=0.0 with disabled detecting motions
/home/kestutis/miniconda3/envs/ITP259/lib/python3.11/site-packages/sklearn/base.py:486: UserWarning: X has feature names, but StandardScaler was fitted without feature names
  warnings.warn(
ectopy_stats={'ectN': 534, 'ectS': 0, 'ectV': 1, 'ectU': 3} with disabled detecting motions
Done 300/1088 | 1631082.981 | record time: 00:04

------------------------------------------------------------------------------------------
301/1088 | 1631083.357 | 1018_8 | row 222 | new: False | elapsed: 19:59
Noise stats for 1631083.357: out=1, rdr=0, mra=0, tp_pct=0.7 with enabled detecting motions

Noise stats for 1631083.357: out=1, rdr=0, mra=0, tp_pct=0.7 with disabled detecting motions
/home/kestutis/miniconda3/envs/ITP259/lib/python3.11/site-packages/sklearn/base.py:486: UserWarning: X has feature names, but StandardScaler was fitted without feature names
  warnings.warn(
ectopy_stats={'ectN': 574, 'ectS': 0, 'ectV': 0, 'ectU': 2} with disabled detecting motions
Done 301/1088 | 1631083.357 | record time: 00:04

------------------------------------------------------------------------------------------
302/1088 | 1631083.411 | 1013_1 | row 105 | new: False | elapsed: 20:02
Noise stats for 1631083.411: out=0, rdr=0, mra=0, tp_pct=0.0 with enabled detecting motions

Noise stats for 1631083.411: out=0, rdr=0, mra=0, tp_pct=0.0 with disabled detecting motions
/home/kestutis/miniconda3/envs/ITP259/lib/python3.11/site-packages/sklearn/base.py:486: UserWarning: X has feature names, but StandardScaler was fitted without feature names
  warnings.warn(
ectopy_stats={'ectN': 719, 'ectS': 1, 'ectV': 275, 'ectU': 2} with disabled detecting motions
Done 302/1088 | 1631083.411 | record time: 00:05

------------------------------------------------------------------------------------------
303/1088 | 1631083.606 | 1019_98 | row 357 | new: False | elapsed: 20:07
Noise stats for 1631083.606: out=0, rdr=0, mra=2, tp_pct=3.9 with enabled detecting motions

Noise stats for 1631083.606: out=0, rdr=0, mra=0, tp_pct=0.0 with disabled detecting motions
/home/kestutis/miniconda3/envs/ITP259/lib/python3.11/site-packages/sklearn/base.py:486: UserWarning: X has feature names, but StandardScaler was fitted without feature names
  warnings.warn(
ectopy_stats={'ectN': 547, 'ectS': 0, 'ectV': 1, 'ectU': 5} with disabled detecting motions
Done 303/1088 | 1631083.606 | record time: 00:04

------------------------------------------------------------------------------------------
304/1088 | 1631084.032 | 1013_11 | row 107 | new: False | elapsed: 20:11
Noise stats for 1631084.032: out=0, rdr=0, mra=1, tp_pct=2.5 with enabled detecting motions

Noise stats for 1631084.032: out=0, rdr=0, mra=0, tp_pct=0.0 with disabled detecting motions
/home/kestutis/miniconda3/envs/ITP259/lib/python3.11/site-packages/sklearn/base.py:486: UserWarning: X has feature names, but StandardScaler was fitted without feature names
  warnings.warn(
ectopy_stats={'ectN': 853, 'ectS': 0, 'ectV': 154, 'ectU': 2} with disabled detecting motions
Done 304/1088 | 1631084.032 | record time: 00:05

------------------------------------------------------------------------------------------
305/1088 | 1631084.231 | 1019_131 | row 260 | new: False | elapsed: 20:16
Noise stats for 1631084.231: out=0, rdr=0, mra=1, tp_pct=1.4 with enabled detecting motions

Noise stats for 1631084.231: out=0, rdr=0, mra=0, tp_pct=0.0 with disabled detecting motions
/home/kestutis/miniconda3/envs/ITP259/lib/python3.11/site-packages/sklearn/base.py:486: UserWarning: X has feature names, but StandardScaler was fitted without feature names
  warnings.warn(
ectopy_stats={'ectN': 518, 'ectS': 0, 'ectV': 1, 'ectU': 3} with disabled detecting motions
Done 305/1088 | 1631084.231 | record time: 00:04

------------------------------------------------------------------------------------------
306/1088 | 1631084.656 | 1013_21 | row 118 | new: False | elapsed: 20:19
Noise stats for 1631084.656: out=1, rdr=0, mra=2, tp_pct=5.2 with enabled detecting motions

Noise stats for 1631084.656: out=1, rdr=0, mra=0, tp_pct=1.0 with disabled detecting motions
/home/kestutis/miniconda3/envs/ITP259/lib/python3.11/site-packages/sklearn/base.py:486: UserWarning: X has feature names, but StandardScaler was fitted without feature names
  warnings.warn(
ectopy_stats={'ectN': 841, 'ectS': 1, 'ectV': 49, 'ectU': 3} with disabled detecting motions
Done 306/1088 | 1631084.656 | record time: 00:05

------------------------------------------------------------------------------------------
307/1088 | 1631084.855 | 1019_96 | row 355 | new: False | elapsed: 20:24
Noise stats for 1631084.855: out=0, rdr=0, mra=1, tp_pct=2.4 with enabled detecting motions

Noise stats for 1631084.855: out=0, rdr=0, mra=0, tp_pct=0.0 with disabled detecting motions
/home/kestutis/miniconda3/envs/ITP259/lib/python3.11/site-packages/sklearn/base.py:486: UserWarning: X has feature names, but StandardScaler was fitted without feature names
  warnings.warn(
ectopy_stats={'ectN': 574, 'ectS': 0, 'ectV': 4, 'ectU': 3} with disabled detecting motions
Done 307/1088 | 1631084.855 | record time: 00:04

------------------------------------------------------------------------------------------
308/1088 | 1631085.276 | 1013_26 | row 123 | new: False | elapsed: 20:27
Noise stats for 1631085.276: out=0, rdr=0, mra=3, tp_pct=7.2 with enabled detecting motions

Noise stats for 1631085.276: out=0, rdr=0, mra=0, tp_pct=0.0 with disabled detecting motions
/home/kestutis/miniconda3/envs/ITP259/lib/python3.11/site-packages/sklearn/base.py:486: UserWarning: X has feature names, but StandardScaler was fitted without feature names
  warnings.warn(
ectopy_stats={'ectN': 771, 'ectS': 0, 'ectV': 21, 'ectU': 3} with disabled detecting motions
Done 308/1088 | 1631085.276 | record time: 00:04

------------------------------------------------------------------------------------------
309/1088 | 1631085.479 | 1019_108 | row 234 | new: False | elapsed: 20:32
Noise stats for 1631085.479: out=0, rdr=0, mra=0, tp_pct=0.0 with enabled detecting motions

Noise stats for 1631085.479: out=0, rdr=0, mra=0, tp_pct=0.0 with disabled detecting motions
/home/kestutis/miniconda3/envs/ITP259/lib/python3.11/site-packages/sklearn/base.py:486: UserWarning: X has feature names, but StandardScaler was fitted without feature names
  warnings.warn(
ectopy_stats={'ectN': 542, 'ectS': 0, 'ectV': 0, 'ectU': 5} with disabled detecting motions
Done 309/1088 | 1631085.479 | record time: 00:04

------------------------------------------------------------------------------------------
310/1088 | 1631085.83 | 1018_7 | row 221 | new: False | elapsed: 20:35
Noise stats for 1631085.830: out=0, rdr=0, mra=0, tp_pct=0.0 with enabled detecting motions

Noise stats for 1631085.830: out=0, rdr=0, mra=0, tp_pct=0.0 with disabled detecting motions
/home/kestutis/miniconda3/envs/ITP259/lib/python3.11/site-packages/sklearn/base.py:486: UserWarning: X has feature names, but StandardScaler was fitted without feature names
  warnings.warn(
ectopy_stats={'ectN': 610, 'ectS': 0, 'ectV': 1, 'ectU': 2} with disabled detecting motions
Done 310/1088 | 1631085.83 | record time: 00:04

------------------------------------------------------------------------------------------
311/1088 | 1631085.896 | 1013_18 | row 114 | new: False | elapsed: 20:39
Noise stats for 1631085.896: out=0, rdr=0, mra=3, tp_pct=14.7 with enabled detecting motions

Noise stats for 1631085.896: out=0, rdr=0, mra=0, tp_pct=0.0 with disabled detecting motions
/home/kestutis/miniconda3/envs/ITP259/lib/python3.11/site-packages/sklearn/base.py:486: UserWarning: X has feature names, but StandardScaler was fitted without feature names
  warnings.warn(
ectopy_stats={'ectN': 795, 'ectS': 1, 'ectV': 60, 'ectU': 2} with disabled detecting motions
Done 311/1088 | 1631085.896 | record time: 00:04

------------------------------------------------------------------------------------------
312/1088 | 1631086.104 | 1019_115 | row 242 | new: False | elapsed: 20:43
Noise stats for 1631086.104: out=0, rdr=0, mra=0, tp_pct=0.0 with enabled detecting motions

Noise stats for 1631086.104: out=0, rdr=0, mra=0, tp_pct=0.0 with disabled detecting motions
/home/kestutis/miniconda3/envs/ITP259/lib/python3.11/site-packages/sklearn/base.py:486: UserWarning: X has feature names, but StandardScaler was fitted without feature names
  warnings.warn(
ectopy_stats={'ectN': 541, 'ectS': 0, 'ectV': 0, 'ectU': 5} with disabled detecting motions
Done 312/1088 | 1631086.104 | record time: 00:04

------------------------------------------------------------------------------------------
313/1088 | 1631086.524 | 1013_34 | row 132 | new: False | elapsed: 20:47
Noise stats for 1631086.524: out=2, rdr=3, mra=0, tp_pct=93.9 with enabled detecting motions

Noise stats for 1631086.524: out=2, rdr=3, mra=0, tp_pct=93.9 with disabled detecting motions
/home/kestutis/miniconda3/envs/ITP259/lib/python3.11/site-packages/sklearn/base.py:486: UserWarning: X has feature names, but StandardScaler was fitted without feature names
  warnings.warn(
ectopy_stats={'ectN': 47, 'ectS': 0, 'ectV': 2, 'ectU': 2} with disabled detecting motions
Done 313/1088 | 1631086.524 | record time: 00:00

------------------------------------------------------------------------------------------
314/1088 | 1631086.728 | 1019_130 | row 259 | new: False | elapsed: 20:47
Noise stats for 1631086.728: out=0, rdr=0, mra=1, tp_pct=1.4 with enabled detecting motions

Noise stats for 1631086.728: out=0, rdr=0, mra=0, tp_pct=0.0 with disabled detecting motions
/home/kestutis/miniconda3/envs/ITP259/lib/python3.11/site-packages/sklearn/base.py:486: UserWarning: X has feature names, but StandardScaler was fitted without feature names
  warnings.warn(
ectopy_stats={'ectN': 523, 'ectS': 0, 'ectV': 1, 'ectU': 5} with disabled detecting motions
Done 314/1088 | 1631086.728 | record time: 00:04

------------------------------------------------------------------------------------------
315/1088 | 1631087.069 | 1018_6 | row 220 | new: False | elapsed: 20:51
Noise stats for 1631087.069: out=0, rdr=0, mra=0, tp_pct=0.0 with enabled detecting motions

Noise stats for 1631087.069: out=0, rdr=0, mra=0, tp_pct=0.0 with disabled detecting motions
/home/kestutis/miniconda3/envs/ITP259/lib/python3.11/site-packages/sklearn/base.py:486: UserWarning: X has feature names, but StandardScaler was fitted without feature names
  warnings.warn(
ectopy_stats={'ectN': 618, 'ectS': 0, 'ectV': 0, 'ectU': 2} with disabled detecting motions
Done 315/1088 | 1631087.069 | record time: 00:04

------------------------------------------------------------------------------------------
316/1088 | 1631087.357 | 1019_81 | row 339 | new: False | elapsed: 20:55
Noise stats for 1631087.357: out=0, rdr=0, mra=2, tp_pct=14.6 with enabled detecting motions

Noise stats for 1631087.357: out=0, rdr=0, mra=0, tp_pct=0.0 with disabled detecting motions
/home/kestutis/miniconda3/envs/ITP259/lib/python3.11/site-packages/sklearn/base.py:486: UserWarning: X has feature names, but StandardScaler was fitted without feature names
  warnings.warn(
ectopy_stats={'ectN': 649, 'ectS': 0, 'ectV': 11, 'ectU': 2} with disabled detecting motions
Done 316/1088 | 1631087.357 | record time: 00:04

------------------------------------------------------------------------------------------
317/1088 | 1631087.691 | 1018_5 | row 219 | new: False | elapsed: 20:59
Noise stats for 1631087.691: out=0, rdr=0, mra=1, tp_pct=2.4 with enabled detecting motions

Noise stats for 1631087.691: out=0, rdr=0, mra=0, tp_pct=0.0 with disabled detecting motions
/home/kestutis/miniconda3/envs/ITP259/lib/python3.11/site-packages/sklearn/base.py:486: UserWarning: X has feature names, but StandardScaler was fitted without feature names
  warnings.warn(
ectopy_stats={'ectN': 619, 'ectS': 0, 'ectV': 1, 'ectU': 2} with disabled detecting motions
Done 317/1088 | 1631087.691 | record time: 00:04

------------------------------------------------------------------------------------------
318/1088 | 1631087.981 | 1019_74 | row 331 | new: False | elapsed: 21:03
Noise stats for 1631087.981: out=0, rdr=0, mra=0, tp_pct=0.0 with enabled detecting motions

Noise stats for 1631087.981: out=0, rdr=0, mra=0, tp_pct=0.0 with disabled detecting motions
/home/kestutis/miniconda3/envs/ITP259/lib/python3.11/site-packages/sklearn/base.py:486: UserWarning: X has feature names, but StandardScaler was fitted without feature names
  warnings.warn(
ectopy_stats={'ectN': 752, 'ectS': 0, 'ectV': 23, 'ectU': 2} with disabled detecting motions
Done 318/1088 | 1631087.981 | record time: 00:04

------------------------------------------------------------------------------------------
319/1088 | 1631088.606 | 1019_68 | row 324 | new: False | elapsed: 21:07
Noise stats for 1631088.606: out=0, rdr=0, mra=0, tp_pct=0.0 with enabled detecting motions

Noise stats for 1631088.606: out=0, rdr=0, mra=0, tp_pct=0.0 with disabled detecting motions
/home/kestutis/miniconda3/envs/ITP259/lib/python3.11/site-packages/sklearn/base.py:486: UserWarning: X has feature names, but StandardScaler was fitted without feature names
  warnings.warn(
ectopy_stats={'ectN': 734, 'ectS': 0, 'ectV': 27, 'ectU': 3} with disabled detecting motions
Done 319/1088 | 1631088.606 | record time: 00:04

------------------------------------------------------------------------------------------
320/1088 | 1631089.235 | 1019_57 | row 312 | new: False | elapsed: 21:11
Noise stats for 1631089.235: out=0, rdr=0, mra=0, tp_pct=0.0 with enabled detecting motions

Noise stats for 1631089.235: out=0, rdr=0, mra=0, tp_pct=0.0 with disabled detecting motions
/home/kestutis/miniconda3/envs/ITP259/lib/python3.11/site-packages/sklearn/base.py:486: UserWarning: X has feature names, but StandardScaler was fitted without feature names
  warnings.warn(
ectopy_stats={'ectN': 881, 'ectS': 0, 'ectV': 35, 'ectU': 2} with disabled detecting motions
Done 320/1088 | 1631089.235 | record time: 00:04

------------------------------------------------------------------------------------------
321/1088 | 1631089.859 | 1019_54 | row 309 | new: False | elapsed: 21:15
Noise stats for 1631089.859: out=0, rdr=0, mra=0, tp_pct=0.0 with enabled detecting motions

Noise stats for 1631089.859: out=0, rdr=0, mra=0, tp_pct=0.0 with disabled detecting motions
/home/kestutis/miniconda3/envs/ITP259/lib/python3.11/site-packages/sklearn/base.py:486: UserWarning: X has feature names, but StandardScaler was fitted without feature names
  warnings.warn(
ectopy_stats={'ectN': 890, 'ectS': 0, 'ectV': 37, 'ectU': 2} with disabled detecting motions
Done 321/1088 | 1631089.859 | record time: 00:05

------------------------------------------------------------------------------------------
322/1088 | 1631090.485 | 1019_61 | row 317 | new: False | elapsed: 21:20
Noise stats for 1631090.485: out=0, rdr=0, mra=0, tp_pct=0.0 with enabled detecting motions

Noise stats for 1631090.485: out=0, rdr=0, mra=0, tp_pct=0.0 with disabled detecting motions
/home/kestutis/miniconda3/envs/ITP259/lib/python3.11/site-packages/sklearn/base.py:486: UserWarning: X has feature names, but StandardScaler was fitted without feature names
  warnings.warn(
ectopy_stats={'ectN': 788, 'ectS': 0, 'ectV': 33, 'ectU': 2} with disabled detecting motions
Done 322/1088 | 1631090.485 | record time: 00:04

------------------------------------------------------------------------------------------
323/1088 | 1631091.114 | 1019_43 | row 297 | new: False | elapsed: 21:24
Noise stats for 1631091.114: out=0, rdr=0, mra=0, tp_pct=0.0 with enabled detecting motions

Noise stats for 1631091.114: out=0, rdr=0, mra=0, tp_pct=0.0 with disabled detecting motions
/home/kestutis/miniconda3/envs/ITP259/lib/python3.11/site-packages/sklearn/base.py:486: UserWarning: X has feature names, but StandardScaler was fitted without feature names
  warnings.warn(
ectopy_stats={'ectN': 905, 'ectS': 0, 'ectV': 60, 'ectU': 2} with disabled detecting motions
Done 323/1088 | 1631091.114 | record time: 00:05

------------------------------------------------------------------------------------------
324/1088 | 1631091.739 | 1019_36 | row 289 | new: False | elapsed: 21:29
Noise stats for 1631091.739: out=0, rdr=0, mra=0, tp_pct=0.0 with enabled detecting motions

Noise stats for 1631091.739: out=0, rdr=0, mra=0, tp_pct=0.0 with disabled detecting motions
/home/kestutis/miniconda3/envs/ITP259/lib/python3.11/site-packages/sklearn/base.py:486: UserWarning: X has feature names, but StandardScaler was fitted without feature names
  warnings.warn(
ectopy_stats={'ectN': 823, 'ectS': 0, 'ectV': 51, 'ectU': 2} with disabled detecting motions
Done 324/1088 | 1631091.739 | record time: 00:04

------------------------------------------------------------------------------------------
325/1088 | 1631092.364 | 1019_60 | row 316 | new: False | elapsed: 21:33
Noise stats for 1631092.364: out=0, rdr=0, mra=0, tp_pct=0.0 with enabled detecting motions

Noise stats for 1631092.364: out=0, rdr=0, mra=0, tp_pct=0.0 with disabled detecting motions
/home/kestutis/miniconda3/envs/ITP259/lib/python3.11/site-packages/sklearn/base.py:486: UserWarning: X has feature names, but StandardScaler was fitted without feature names
  warnings.warn(
ectopy_stats={'ectN': 754, 'ectS': 1, 'ectV': 32, 'ectU': 3} with disabled detecting motions
Done 325/1088 | 1631092.364 | record time: 00:04

------------------------------------------------------------------------------------------
326/1088 | 1631092.993 | 1019_58 | row 313 | new: False | elapsed: 21:37
Noise stats for 1631092.993: out=0, rdr=0, mra=0, tp_pct=0.0 with enabled detecting motions

Noise stats for 1631092.993: out=0, rdr=0, mra=0, tp_pct=0.0 with disabled detecting motions
/home/kestutis/miniconda3/envs/ITP259/lib/python3.11/site-packages/sklearn/base.py:486: UserWarning: X has feature names, but StandardScaler was fitted without feature names
  warnings.warn(
ectopy_stats={'ectN': 747, 'ectS': 0, 'ectV': 32, 'ectU': 4} with disabled detecting motions
Done 326/1088 | 1631092.993 | record time: 00:04

------------------------------------------------------------------------------------------
327/1088 | 1631093.618 | 1019_27 | row 279 | new: False | elapsed: 21:42
Noise stats for 1631093.618: out=0, rdr=0, mra=0, tp_pct=0.0 with enabled detecting motions

Noise stats for 1631093.618: out=0, rdr=0, mra=0, tp_pct=0.0 with disabled detecting motions
/home/kestutis/miniconda3/envs/ITP259/lib/python3.11/site-packages/sklearn/base.py:486: UserWarning: X has feature names, but StandardScaler was fitted without feature names
  warnings.warn(
ectopy_stats={'ectN': 984, 'ectS': 0, 'ectV': 62, 'ectU': 2} with disabled detecting motions
Done 327/1088 | 1631093.618 | record time: 00:05

------------------------------------------------------------------------------------------
328/1088 | 1631094.243 | 1019_32 | row 285 | new: False | elapsed: 21:46
Noise stats for 1631094.243: out=0, rdr=0, mra=0, tp_pct=0.0 with enabled detecting motions

Noise stats for 1631094.243: out=0, rdr=0, mra=0, tp_pct=0.0 with disabled detecting motions
/home/kestutis/miniconda3/envs/ITP259/lib/python3.11/site-packages/sklearn/base.py:486: UserWarning: X has feature names, but StandardScaler was fitted without feature names
  warnings.warn(
ectopy_stats={'ectN': 752, 'ectS': 0, 'ectV': 57, 'ectU': 2} with disabled detecting motions
Done 328/1088 | 1631094.243 | record time: 00:04

------------------------------------------------------------------------------------------
329/1088 | 1631094.872 | 1019_77 | row 334 | new: False | elapsed: 21:51
Noise stats for 1631094.872: out=1, rdr=2, mra=0, tp_pct=11.7 with enabled detecting motions

Noise stats for 1631094.872: out=1, rdr=2, mra=0, tp_pct=11.7 with disabled detecting motions
/home/kestutis/miniconda3/envs/ITP259/lib/python3.11/site-packages/sklearn/base.py:486: UserWarning: X has feature names, but StandardScaler was fitted without feature names
  warnings.warn(
ectopy_stats={'ectN': 380, 'ectS': 0, 'ectV': 13, 'ectU': 2} with disabled detecting motions
Done 329/1088 | 1631094.872 | record time: 00:02

------------------------------------------------------------------------------------------
330/1088 | 1631099.746 | 1009_26 | row 86 | new: False | elapsed: 21:53
Noise stats for 1631099.746: out=0, rdr=0, mra=0, tp_pct=0.0 with enabled detecting motions

Noise stats for 1631099.746: out=0, rdr=0, mra=0, tp_pct=0.0 with disabled detecting motions
/home/kestutis/miniconda3/envs/ITP259/lib/python3.11/site-packages/sklearn/base.py:486: UserWarning: X has feature names, but StandardScaler was fitted without feature names
  warnings.warn(
ectopy_stats={'ectN': 883, 'ectS': 0, 'ectV': 0, 'ectU': 2} with disabled detecting motions
Done 330/1088 | 1631099.746 | record time: 00:04

------------------------------------------------------------------------------------------
331/1088 | 1631110.407 | 1009_28 | row 88 | new: False | elapsed: 21:57
Noise stats for 1631110.407: out=0, rdr=0, mra=15, tp_pct=53.2 with enabled detecting motions

Noise stats for 1631110.407: out=0, rdr=0, mra=0, tp_pct=0.0 with disabled detecting motions
/home/kestutis/miniconda3/envs/ITP259/lib/python3.11/site-packages/sklearn/base.py:486: UserWarning: X has feature names, but StandardScaler was fitted without feature names
  warnings.warn(
ectopy_stats={'ectN': 722, 'ectS': 0, 'ectV': 0, 'ectU': 2} with disabled detecting motions
Done 331/1088 | 1631110.407 | record time: 00:04

------------------------------------------------------------------------------------------
332/1088 | 1631113.542 | 1009_20 | row 80 | new: False | elapsed: 22:01
Noise stats for 1631113.542: out=0, rdr=0, mra=8, tp_pct=51.1 with enabled detecting motions

Noise stats for 1631113.542: out=0, rdr=0, mra=0, tp_pct=0.0 with disabled detecting motions
/home/kestutis/miniconda3/envs/ITP259/lib/python3.11/site-packages/sklearn/base.py:486: UserWarning: X has feature names, but StandardScaler was fitted without feature names
  warnings.warn(
ectopy_stats={'ectN': 644, 'ectS': 6, 'ectV': 0, 'ectU': 2} with disabled detecting motions
Done 332/1088 | 1631113.542 | record time: 00:04

------------------------------------------------------------------------------------------
333/1088 | 1631114.169 | 1009_22 | row 82 | new: False | elapsed: 22:05
Noise stats for 1631114.169: out=0, rdr=0, mra=12, tp_pct=52.2 with enabled detecting motions

Noise stats for 1631114.169: out=0, rdr=0, mra=0, tp_pct=0.0 with disabled detecting motions
/home/kestutis/miniconda3/envs/ITP259/lib/python3.11/site-packages/sklearn/base.py:486: UserWarning: X has feature names, but StandardScaler was fitted without feature names
  warnings.warn(
ectopy_stats={'ectN': 658, 'ectS': 7, 'ectV': 0, 'ectU': 2} with disabled detecting motions
Done 333/1088 | 1631114.169 | record time: 00:04

------------------------------------------------------------------------------------------
334/1088 | 1631115.424 | 1009_16 | row 75 | new: False | elapsed: 22:09
Noise stats for 1631115.424: out=0, rdr=0, mra=6, tp_pct=89.2 with enabled detecting motions

Noise stats for 1631115.424: out=0, rdr=0, mra=0, tp_pct=0.0 with disabled detecting motions
/home/kestutis/miniconda3/envs/ITP259/lib/python3.11/site-packages/sklearn/base.py:486: UserWarning: X has feature names, but StandardScaler was fitted without feature names
  warnings.warn(
ectopy_stats={'ectN': 661, 'ectS': 5, 'ectV': 0, 'ectU': 2} with disabled detecting motions
Done 334/1088 | 1631115.424 | record time: 00:04

------------------------------------------------------------------------------------------
335/1088 | 1631119.188 | 1009_21 | row 81 | new: False | elapsed: 22:13
Noise stats for 1631119.188: out=0, rdr=0, mra=5, tp_pct=64.5 with enabled detecting motions

Noise stats for 1631119.188: out=0, rdr=0, mra=0, tp_pct=0.0 with disabled detecting motions
/home/kestutis/miniconda3/envs/ITP259/lib/python3.11/site-packages/sklearn/base.py:486: UserWarning: X has feature names, but StandardScaler was fitted without feature names
  warnings.warn(
ectopy_stats={'ectN': 618, 'ectS': 13, 'ectV': 0, 'ectU': 2} with disabled detecting motions
Done 335/1088 | 1631119.188 | record time: 00:04

------------------------------------------------------------------------------------------
336/1088 | 1631119.815 | 1009_18 | row 77 | new: False | elapsed: 22:17
Noise stats for 1631119.815: out=0, rdr=0, mra=3, tp_pct=89.9 with enabled detecting motions

Noise stats for 1631119.815: out=0, rdr=0, mra=0, tp_pct=0.0 with disabled detecting motions
/home/kestutis/miniconda3/envs/ITP259/lib/python3.11/site-packages/sklearn/base.py:486: UserWarning: X has feature names, but StandardScaler was fitted without feature names
  warnings.warn(
ectopy_stats={'ectN': 604, 'ectS': 12, 'ectV': 0, 'ectU': 2} with disabled detecting motions
Done 336/1088 | 1631119.815 | record time: 00:04

------------------------------------------------------------------------------------------
337/1088 | 1631126.715 | 1009_17 | row 76 | new: False | elapsed: 22:20
Noise stats for 1631126.715: out=0, rdr=0, mra=6, tp_pct=22.9 with enabled detecting motions

Noise stats for 1631126.715: out=0, rdr=0, mra=0, tp_pct=0.0 with disabled detecting motions
/home/kestutis/miniconda3/envs/ITP259/lib/python3.11/site-packages/sklearn/base.py:486: UserWarning: X has feature names, but StandardScaler was fitted without feature names
  warnings.warn(
ectopy_stats={'ectN': 654, 'ectS': 7, 'ectV': 0, 'ectU': 4} with disabled detecting motions
Done 337/1088 | 1631126.715 | record time: 00:04

------------------------------------------------------------------------------------------
338/1088 | 1631129.85 | 1009_24 | row 84 | new: False | elapsed: 22:24
Noise stats for 1631129.850: out=1, rdr=0, mra=4, tp_pct=13.4 with enabled detecting motions

Noise stats for 1631129.850: out=1, rdr=0, mra=0, tp_pct=1.7 with disabled detecting motions
/home/kestutis/miniconda3/envs/ITP259/lib/python3.11/site-packages/sklearn/base.py:486: UserWarning: X has feature names, but StandardScaler was fitted without feature names
  warnings.warn(
ectopy_stats={'ectN': 650, 'ectS': 2, 'ectV': 1, 'ectU': 4} with disabled detecting motions
Done 338/1088 | 1631129.85 | record time: 00:04

------------------------------------------------------------------------------------------
339/1088 | 1631130.477 | 1009_11 | row 70 | new: False | elapsed: 22:28
Noise stats for 1631130.477: out=0, rdr=0, mra=10, tp_pct=58.8 with enabled detecting motions

Noise stats for 1631130.477: out=0, rdr=0, mra=0, tp_pct=0.0 with disabled detecting motions
/home/kestutis/miniconda3/envs/ITP259/lib/python3.11/site-packages/sklearn/base.py:486: UserWarning: X has feature names, but StandardScaler was fitted without feature names
  warnings.warn(
ectopy_stats={'ectN': 614, 'ectS': 4, 'ectV': 0, 'ectU': 2} with disabled detecting motions
Done 339/1088 | 1631130.477 | record time: 00:04

------------------------------------------------------------------------------------------
340/1088 | 1631131.731 | 1009_9 | row 95 | new: False | elapsed: 22:32
Noise stats for 1631131.731: out=0, rdr=0, mra=10, tp_pct=72.3 with enabled detecting motions

Noise stats for 1631131.731: out=0, rdr=0, mra=0, tp_pct=0.0 with disabled detecting motions
/home/kestutis/miniconda3/envs/ITP259/lib/python3.11/site-packages/sklearn/base.py:486: UserWarning: X has feature names, but StandardScaler was fitted without feature names
  warnings.warn(
ectopy_stats={'ectN': 651, 'ectS': 4, 'ectV': 0, 'ectU': 2} with disabled detecting motions
Done 340/1088 | 1631131.731 | record time: 00:04

------------------------------------------------------------------------------------------
341/1088 | 1631132.359 | 1009_10 | row 69 | new: False | elapsed: 22:36
Noise stats for 1631132.359: out=0, rdr=0, mra=7, tp_pct=26.3 with enabled detecting motions

Noise stats for 1631132.359: out=0, rdr=0, mra=0, tp_pct=0.0 with disabled detecting motions
/home/kestutis/miniconda3/envs/ITP259/lib/python3.11/site-packages/sklearn/base.py:486: UserWarning: X has feature names, but StandardScaler was fitted without feature names
  warnings.warn(
ectopy_stats={'ectN': 649, 'ectS': 5, 'ectV': 3, 'ectU': 2} with disabled detecting motions
Done 341/1088 | 1631132.359 | record time: 00:04

------------------------------------------------------------------------------------------
342/1088 | 1631132.986 | 1009_27 | row 87 | new: False | elapsed: 22:40
Noise stats for 1631132.986: out=0, rdr=0, mra=3, tp_pct=6.9 with enabled detecting motions

Noise stats for 1631132.986: out=0, rdr=0, mra=0, tp_pct=0.0 with disabled detecting motions
/home/kestutis/miniconda3/envs/ITP259/lib/python3.11/site-packages/sklearn/base.py:486: UserWarning: X has feature names, but StandardScaler was fitted without feature names
  warnings.warn(
ectopy_stats={'ectN': 668, 'ectS': 3, 'ectV': 1, 'ectU': 3} with disabled detecting motions
Done 342/1088 | 1631132.986 | record time: 00:04

------------------------------------------------------------------------------------------
343/1088 | 1631135.494 | 1009_4 | row 90 | new: False | elapsed: 22:43
Noise stats for 1631135.494: out=0, rdr=0, mra=11, tp_pct=45.7 with enabled detecting motions

Noise stats for 1631135.494: out=0, rdr=0, mra=0, tp_pct=0.0 with disabled detecting motions
/home/kestutis/miniconda3/envs/ITP259/lib/python3.11/site-packages/sklearn/base.py:486: UserWarning: X has feature names, but StandardScaler was fitted without feature names
  warnings.warn(
ectopy_stats={'ectN': 637, 'ectS': 10, 'ectV': 0, 'ectU': 2} with disabled detecting motions
Done 343/1088 | 1631135.494 | record time: 00:04

------------------------------------------------------------------------------------------
344/1088 | 1631136.121 | 1009_8 | row 94 | new: False | elapsed: 22:47
Noise stats for 1631136.121: out=0, rdr=0, mra=11, tp_pct=70.7 with enabled detecting motions

Noise stats for 1631136.121: out=0, rdr=0, mra=0, tp_pct=0.0 with disabled detecting motions
/home/kestutis/miniconda3/envs/ITP259/lib/python3.11/site-packages/sklearn/base.py:486: UserWarning: X has feature names, but StandardScaler was fitted without feature names
  warnings.warn(
ectopy_stats={'ectN': 663, 'ectS': 6, 'ectV': 0, 'ectU': 2} with disabled detecting motions
Done 344/1088 | 1631136.121 | record time: 00:04

------------------------------------------------------------------------------------------
345/1088 | 1631136.748 | 1009_14 | row 73 | new: False | elapsed: 22:51
Noise stats for 1631136.748: out=0, rdr=0, mra=8, tp_pct=30.0 with enabled detecting motions

Noise stats for 1631136.748: out=0, rdr=0, mra=0, tp_pct=0.0 with disabled detecting motions
/home/kestutis/miniconda3/envs/ITP259/lib/python3.11/site-packages/sklearn/base.py:486: UserWarning: X has feature names, but StandardScaler was fitted without feature names
  warnings.warn(
ectopy_stats={'ectN': 662, 'ectS': 4, 'ectV': 0, 'ectU': 2} with disabled detecting motions
Done 345/1088 | 1631136.748 | record time: 00:04

------------------------------------------------------------------------------------------
346/1088 | 1631137.375 | 1009_7 | row 93 | new: False | elapsed: 22:55
Noise stats for 1631137.375: out=0, rdr=0, mra=13, tp_pct=64.7 with enabled detecting motions

Noise stats for 1631137.375: out=0, rdr=0, mra=0, tp_pct=0.0 with disabled detecting motions
/home/kestutis/miniconda3/envs/ITP259/lib/python3.11/site-packages/sklearn/base.py:486: UserWarning: X has feature names, but StandardScaler was fitted without feature names
  warnings.warn(
ectopy_stats={'ectN': 676, 'ectS': 5, 'ectV': 0, 'ectU': 2} with disabled detecting motions
Done 346/1088 | 1631137.375 | record time: 00:04

------------------------------------------------------------------------------------------
347/1088 | 1631139.883 | 1009_2 | row 79 | new: False | elapsed: 22:59
Noise stats for 1631139.883: out=0, rdr=0, mra=3, tp_pct=8.8 with enabled detecting motions

Noise stats for 1631139.883: out=0, rdr=0, mra=0, tp_pct=0.0 with disabled detecting motions
/home/kestutis/miniconda3/envs/ITP259/lib/python3.11/site-packages/sklearn/base.py:486: UserWarning: X has feature names, but StandardScaler was fitted without feature names
  warnings.warn(
ectopy_stats={'ectN': 988, 'ectS': 13, 'ectV': 31, 'ectU': 5} with disabled detecting motions
Done 347/1088 | 1631139.883 | record time: 00:05

------------------------------------------------------------------------------------------
348/1088 | 1631141.137 | 1009_0 | row 67 | new: False | elapsed: 23:04
Noise stats for 1631141.137: out=0, rdr=0, mra=1, tp_pct=2.8 with enabled detecting motions

Noise stats for 1631141.137: out=0, rdr=0, mra=0, tp_pct=0.0 with disabled detecting motions
/home/kestutis/miniconda3/envs/ITP259/lib/python3.11/site-packages/sklearn/base.py:486: UserWarning: X has feature names, but StandardScaler was fitted without feature names
  warnings.warn(
ectopy_stats={'ectN': 712, 'ectS': 5, 'ectV': 21, 'ectU': 3} with disabled detecting motions
Done 348/1088 | 1631141.137 | record time: 00:04

------------------------------------------------------------------------------------------
349/1088 | 1631141.764 | 1009_1 | row 68 | new: False | elapsed: 23:08
Noise stats for 1631141.764: out=0, rdr=0, mra=2, tp_pct=4.8 with enabled detecting motions

Noise stats for 1631141.764: out=0, rdr=0, mra=0, tp_pct=0.0 with disabled detecting motions
/home/kestutis/miniconda3/envs/ITP259/lib/python3.11/site-packages/sklearn/base.py:486: UserWarning: X has feature names, but StandardScaler was fitted without feature names
  warnings.warn(
ectopy_stats={'ectN': 830, 'ectS': 5, 'ectV': 28, 'ectU': 2} with disabled detecting motions
Done 349/1088 | 1631141.764 | record time: 00:04

------------------------------------------------------------------------------------------
350/1088 | 1631280.395 | 1017_0 | row 213 | new: False | elapsed: 23:12
Noise stats for 1631280.395: out=0, rdr=0, mra=0, tp_pct=0.0 with enabled detecting motions

Noise stats for 1631280.395: out=0, rdr=0, mra=0, tp_pct=0.0 with disabled detecting motions
/home/kestutis/miniconda3/envs/ITP259/lib/python3.11/site-packages/sklearn/base.py:486: UserWarning: X has feature names, but StandardScaler was fitted without feature names
  warnings.warn(
ectopy_stats={'ectN': 516, 'ectS': 0, 'ectV': 0, 'ectU': 2} with disabled detecting motions
Done 350/1088 | 1631280.395 | record time: 00:04

------------------------------------------------------------------------------------------
351/1088 | 1631702.918 | 1012_0 | row 101 | new: False | elapsed: 23:16
Noise stats for 1631702.918: out=1, rdr=0, mra=3, tp_pct=16.1 with enabled detecting motions

Noise stats for 1631702.918: out=1, rdr=0, mra=0, tp_pct=0.7 with disabled detecting motions
/home/kestutis/miniconda3/envs/ITP259/lib/python3.11/site-packages/sklearn/base.py:486: UserWarning: X has feature names, but StandardScaler was fitted without feature names
  warnings.warn(
ectopy_stats={'ectN': 747, 'ectS': 0, 'ectV': 4, 'ectU': 4} with disabled detecting motions
Done 351/1088 | 1631702.918 | record time: 00:04

------------------------------------------------------------------------------------------
352/1088 | 1631727.631 | 1012_1 | row 102 | new: False | elapsed: 23:20
Noise stats for 1631727.631: out=0, rdr=0, mra=3, tp_pct=8.9 with enabled detecting motions

Noise stats for 1631727.631: out=0, rdr=0, mra=0, tp_pct=0.0 with disabled detecting motions
/home/kestutis/miniconda3/envs/ITP259/lib/python3.11/site-packages/sklearn/base.py:486: UserWarning: X has feature names, but StandardScaler was fitted without feature names
  warnings.warn(
ectopy_stats={'ectN': 641, 'ectS': 1, 'ectV': 6, 'ectU': 2} with disabled detecting motions
Done 352/1088 | 1631727.631 | record time: 00:04

------------------------------------------------------------------------------------------
353/1088 | 1631734.441 | 1012_2 | row 103 | new: False | elapsed: 23:24
Noise stats for 1631734.441: out=0, rdr=0, mra=0, tp_pct=0.0 with enabled detecting motions

Noise stats for 1631734.441: out=0, rdr=0, mra=0, tp_pct=0.0 with disabled detecting motions
/home/kestutis/miniconda3/envs/ITP259/lib/python3.11/site-packages/sklearn/base.py:486: UserWarning: X has feature names, but StandardScaler was fitted without feature names
  warnings.warn(
ectopy_stats={'ectN': 483, 'ectS': 2, 'ectV': 1, 'ectU': 3} with disabled detecting motions
Done 353/1088 | 1631734.441 | record time: 00:03

------------------------------------------------------------------------------------------
354/1088 | 1632121.089 | 1020_0 | row 359 | new: False | elapsed: 23:27
Noise stats for 1632121.089: out=0, rdr=0, mra=1, tp_pct=2.7 with enabled detecting motions

Noise stats for 1632121.089: out=0, rdr=0, mra=0, tp_pct=0.0 with disabled detecting motions
/home/kestutis/miniconda3/envs/ITP259/lib/python3.11/site-packages/sklearn/base.py:486: UserWarning: X has feature names, but StandardScaler was fitted without feature names
  warnings.warn(
ectopy_stats={'ectN': 657, 'ectS': 0, 'ectV': 0, 'ectU': 2} with disabled detecting motions
Done 354/1088 | 1632121.089 | record time: 00:04

------------------------------------------------------------------------------------------
355/1088 | 1632121.708 | 1020_2 | row 361 | new: False | elapsed: 23:31
Noise stats for 1632121.708: out=0, rdr=0, mra=0, tp_pct=0.0 with enabled detecting motions

Noise stats for 1632121.708: out=0, rdr=0, mra=0, tp_pct=0.0 with disabled detecting motions
/home/kestutis/miniconda3/envs/ITP259/lib/python3.11/site-packages/sklearn/base.py:486: UserWarning: X has feature names, but StandardScaler was fitted without feature names
  warnings.warn(
ectopy_stats={'ectN': 652, 'ectS': 0, 'ectV': 0, 'ectU': 2} with disabled detecting motions
Done 355/1088 | 1632121.708 | record time: 00:04

------------------------------------------------------------------------------------------
356/1088 | 1632123.567 | 1020_1 | row 360 | new: False | elapsed: 23:35
Noise stats for 1632123.567: out=0, rdr=0, mra=3, tp_pct=11.4 with enabled detecting motions

Noise stats for 1632123.567: out=0, rdr=0, mra=0, tp_pct=0.0 with disabled detecting motions
/home/kestutis/miniconda3/envs/ITP259/lib/python3.11/site-packages/sklearn/base.py:486: UserWarning: X has feature names, but StandardScaler was fitted without feature names
  warnings.warn(
ectopy_stats={'ectN': 610, 'ectS': 8, 'ectV': 5, 'ectU': 2} with disabled detecting motions
Done 356/1088 | 1632123.567 | record time: 00:04

------------------------------------------------------------------------------------------
357/1088 | 1632133.116 | 1021_0 | row 362 | new: False | elapsed: 23:39
Noise stats for 1632133.116: out=0, rdr=0, mra=0, tp_pct=0.0 with enabled detecting motions

Noise stats for 1632133.116: out=0, rdr=0, mra=0, tp_pct=0.0 with disabled detecting motions
/home/kestutis/miniconda3/envs/ITP259/lib/python3.11/site-packages/sklearn/base.py:486: UserWarning: X has feature names, but StandardScaler was fitted without feature names
  warnings.warn(
ectopy_stats={'ectN': 661, 'ectS': 0, 'ectV': 0, 'ectU': 3} with disabled detecting motions
Done 357/1088 | 1632133.116 | record time: 00:04

------------------------------------------------------------------------------------------
358/1088 | 1632241.398 | 1024_1 | row 366 | new: False | elapsed: 23:42
Noise stats for 1632241.398: out=0, rdr=0, mra=1, tp_pct=2.6 with enabled detecting motions

Noise stats for 1632241.398: out=0, rdr=0, mra=0, tp_pct=0.0 with disabled detecting motions
/home/kestutis/miniconda3/envs/ITP259/lib/python3.11/site-packages/sklearn/base.py:486: UserWarning: X has feature names, but StandardScaler was fitted without feature names
  warnings.warn(
ectopy_stats={'ectN': 625, 'ectS': 0, 'ectV': 0, 'ectU': 2} with disabled detecting motions
Done 358/1088 | 1632241.398 | record time: 00:04

------------------------------------------------------------------------------------------
359/1088 | 1632252.683 | 1024_0 | row 365 | new: False | elapsed: 23:46
Noise stats for 1632252.683: out=0, rdr=0, mra=0, tp_pct=0.0 with enabled detecting motions

Noise stats for 1632252.683: out=0, rdr=0, mra=0, tp_pct=0.0 with disabled detecting motions
/home/kestutis/miniconda3/envs/ITP259/lib/python3.11/site-packages/sklearn/base.py:486: UserWarning: X has feature names, but StandardScaler was fitted without feature names
  warnings.warn(
ectopy_stats={'ectN': 546, 'ectS': 20, 'ectV': 3, 'ectU': 2} with disabled detecting motions
Done 359/1088 | 1632252.683 | record time: 00:04

------------------------------------------------------------------------------------------
360/1088 | 1632340.564 | 1023_0 | row 364 | new: False | elapsed: 23:50
Noise stats for 1632340.564: out=0, rdr=0, mra=1, tp_pct=1.4 with enabled detecting motions

Noise stats for 1632340.564: out=0, rdr=0, mra=0, tp_pct=0.0 with disabled detecting motions
/home/kestutis/miniconda3/envs/ITP259/lib/python3.11/site-packages/sklearn/base.py:486: UserWarning: X has feature names, but StandardScaler was fitted without feature names
  warnings.warn(
ectopy_stats={'ectN': 844, 'ectS': 0, 'ectV': 0, 'ectU': 2} with disabled detecting motions
Done 360/1088 | 1632340.564 | record time: 00:04

------------------------------------------------------------------------------------------
361/1088 | 1632342.032 | 1022_0 | row 363 | new: False | elapsed: 23:54
Noise stats for 1632342.032: out=0, rdr=0, mra=2, tp_pct=99.2 with enabled detecting motions

Noise stats for 1632342.032: out=0, rdr=0, mra=0, tp_pct=0.0 with disabled detecting motions
/home/kestutis/miniconda3/envs/ITP259/lib/python3.11/site-packages/sklearn/base.py:486: UserWarning: X has feature names, but StandardScaler was fitted without feature names
  warnings.warn(
ectopy_stats={'ectN': 685, 'ectS': 0, 'ectV': 1, 'ectU': 18} with disabled detecting motions
Done 361/1088 | 1632342.032 | record time: 00:04

------------------------------------------------------------------------------------------
362/1088 | 1632394.636 | 1025_4 | row 371 | new: False | elapsed: 23:58
Noise stats for 1632394.636: out=0, rdr=0, mra=1, tp_pct=2.3 with enabled detecting motions

Noise stats for 1632394.636: out=0, rdr=0, mra=0, tp_pct=0.0 with disabled detecting motions
/home/kestutis/miniconda3/envs/ITP259/lib/python3.11/site-packages/sklearn/base.py:486: UserWarning: X has feature names, but StandardScaler was fitted without feature names
  warnings.warn(
ectopy_stats={'ectN': 513, 'ectS': 57, 'ectV': 1, 'ectU': 2} with disabled detecting motions
Done 362/1088 | 1632394.636 | record time: 00:04

------------------------------------------------------------------------------------------
363/1088 | 1632398.405 | 1025_3 | row 370 | new: False | elapsed: 24:02
Noise stats for 1632398.405: out=0, rdr=0, mra=0, tp_pct=0.0 with enabled detecting motions

Noise stats for 1632398.405: out=0, rdr=0, mra=0, tp_pct=0.0 with disabled detecting motions
/home/kestutis/miniconda3/envs/ITP259/lib/python3.11/site-packages/sklearn/base.py:486: UserWarning: X has feature names, but StandardScaler was fitted without feature names
  warnings.warn(
ectopy_stats={'ectN': 487, 'ectS': 81, 'ectV': 2, 'ectU': 2} with disabled detecting motions
Done 363/1088 | 1632398.405 | record time: 00:04

------------------------------------------------------------------------------------------
364/1088 | 1632469.959 | 1025_1 | row 368 | new: False | elapsed: 24:06
Noise stats for 1632469.959: out=0, rdr=0, mra=2, tp_pct=4.2 with enabled detecting motions

Noise stats for 1632469.959: out=0, rdr=0, mra=0, tp_pct=0.0 with disabled detecting motions
/home/kestutis/miniconda3/envs/ITP259/lib/python3.11/site-packages/sklearn/base.py:486: UserWarning: X has feature names, but StandardScaler was fitted without feature names
  warnings.warn(
ectopy_stats={'ectN': 940, 'ectS': 7, 'ectV': 7, 'ectU': 7} with disabled detecting motions
Done 364/1088 | 1632469.959 | record time: 00:05

------------------------------------------------------------------------------------------
365/1088 | 1632470.586 | 1025_2 | row 369 | new: False | elapsed: 24:10
Noise stats for 1632470.586: out=0, rdr=0, mra=2, tp_pct=6.8 with enabled detecting motions

Noise stats for 1632470.586: out=0, rdr=0, mra=0, tp_pct=0.0 with disabled detecting motions
/home/kestutis/miniconda3/envs/ITP259/lib/python3.11/site-packages/sklearn/base.py:486: UserWarning: X has feature names, but StandardScaler was fitted without feature names
  warnings.warn(
ectopy_stats={'ectN': 910, 'ectS': 0, 'ectV': 3, 'ectU': 4} with disabled detecting motions
Done 365/1088 | 1632470.586 | record time: 00:04

------------------------------------------------------------------------------------------
366/1088 | 1632471.213 | 1025_0 | row 367 | new: False | elapsed: 24:15
Noise stats for 1632471.213: out=0, rdr=0, mra=1, tp_pct=2.3 with enabled detecting motions

Noise stats for 1632471.213: out=0, rdr=0, mra=0, tp_pct=0.0 with disabled detecting motions
/home/kestutis/miniconda3/envs/ITP259/lib/python3.11/site-packages/sklearn/base.py:486: UserWarning: X has feature names, but StandardScaler was fitted without feature names
  warnings.warn(
ectopy_stats={'ectN': 862, 'ectS': 2, 'ectV': 13, 'ectU': 3} with disabled detecting motions
Done 366/1088 | 1632471.213 | record time: 00:04

------------------------------------------------------------------------------------------
367/1088 | 1632723.723 | 1026_12 | row 376 | new: False | elapsed: 24:19
Noise stats for 1632723.723: out=2, rdr=0, mra=0, tp_pct=1.6 with enabled detecting motions

Noise stats for 1632723.723: out=2, rdr=0, mra=0, tp_pct=1.6 with disabled detecting motions
/home/kestutis/miniconda3/envs/ITP259/lib/python3.11/site-packages/sklearn/base.py:486: UserWarning: X has feature names, but StandardScaler was fitted without feature names
  warnings.warn(
ectopy_stats={'ectN': 880, 'ectS': 0, 'ectV': 1, 'ectU': 2} with disabled detecting motions
Done 367/1088 | 1632723.723 | record time: 00:04

------------------------------------------------------------------------------------------
368/1088 | 1632724.351 | 1026_10 | row 374 | new: False | elapsed: 24:23
Noise stats for 1632724.351: out=5, rdr=0, mra=0, tp_pct=8.6 with enabled detecting motions

Noise stats for 1632724.351: out=5, rdr=0, mra=0, tp_pct=8.6 with disabled detecting motions
/home/kestutis/miniconda3/envs/ITP259/lib/python3.11/site-packages/sklearn/base.py:486: UserWarning: X has feature names, but StandardScaler was fitted without feature names
  warnings.warn(
ectopy_stats={'ectN': 592, 'ectS': 0, 'ectV': 0, 'ectU': 26} with disabled detecting motions
Done 368/1088 | 1632724.351 | record time: 00:04

------------------------------------------------------------------------------------------
369/1088 | 1632724.979 | 1026_8 | row 383 | new: False | elapsed: 24:27
Noise stats for 1632724.979: out=5, rdr=0, mra=0, tp_pct=10.1 with enabled detecting motions

Noise stats for 1632724.979: out=5, rdr=0, mra=0, tp_pct=10.1 with disabled detecting motions
/home/kestutis/miniconda3/envs/ITP259/lib/python3.11/site-packages/sklearn/base.py:486: UserWarning: X has feature names, but StandardScaler was fitted without feature names
  warnings.warn(
ectopy_stats={'ectN': 711, 'ectS': 0, 'ectV': 0, 'ectU': 14} with disabled detecting motions
Done 369/1088 | 1632724.979 | record time: 00:04

------------------------------------------------------------------------------------------
370/1088 | 1632725.61 | 1026_5 | row 380 | new: False | elapsed: 24:31
Noise stats for 1632725.610: out=4, rdr=0, mra=1, tp_pct=8.2 with enabled detecting motions

Noise stats for 1632725.610: out=4, rdr=0, mra=0, tp_pct=6.8 with disabled detecting motions
/home/kestutis/miniconda3/envs/ITP259/lib/python3.11/site-packages/sklearn/base.py:486: UserWarning: X has feature names, but StandardScaler was fitted without feature names
  warnings.warn(
ectopy_stats={'ectN': 667, 'ectS': 0, 'ectV': 8, 'ectU': 44} with disabled detecting motions
Done 370/1088 | 1632725.61 | record time: 00:04

------------------------------------------------------------------------------------------
371/1088 | 1632726.237 | 1026_6 | row 381 | new: False | elapsed: 24:35
Noise stats for 1632726.237: out=6, rdr=0, mra=0, tp_pct=9.4 with enabled detecting motions

Noise stats for 1632726.237: out=6, rdr=0, mra=0, tp_pct=9.4 with disabled detecting motions
/home/kestutis/miniconda3/envs/ITP259/lib/python3.11/site-packages/sklearn/base.py:486: UserWarning: X has feature names, but StandardScaler was fitted without feature names
  warnings.warn(
ectopy_stats={'ectN': 668, 'ectS': 0, 'ectV': 2, 'ectU': 12} with disabled detecting motions
Done 371/1088 | 1632726.237 | record time: 00:04

------------------------------------------------------------------------------------------
372/1088 | 1632726.869 | 1026_11 | row 375 | new: False | elapsed: 24:39
Noise stats for 1632726.869: out=1, rdr=0, mra=1, tp_pct=4.1 with enabled detecting motions

Noise stats for 1632726.869: out=1, rdr=0, mra=0, tp_pct=2.7 with disabled detecting motions
/home/kestutis/miniconda3/envs/ITP259/lib/python3.11/site-packages/sklearn/base.py:486: UserWarning: X has feature names, but StandardScaler was fitted without feature names
  warnings.warn(
ectopy_stats={'ectN': 709, 'ectS': 0, 'ectV': 3, 'ectU': 22} with disabled detecting motions
Done 372/1088 | 1632726.869 | record time: 00:04

------------------------------------------------------------------------------------------
373/1088 | 1632727.496 | 1026_9 | row 384 | new: False | elapsed: 24:43
Noise stats for 1632727.496: out=2, rdr=0, mra=2, tp_pct=8.1 with enabled detecting motions

Noise stats for 1632727.496: out=2, rdr=0, mra=0, tp_pct=4.3 with disabled detecting motions
/home/kestutis/miniconda3/envs/ITP259/lib/python3.11/site-packages/sklearn/base.py:486: UserWarning: X has feature names, but StandardScaler was fitted without feature names
  warnings.warn(
ectopy_stats={'ectN': 711, 'ectS': 0, 'ectV': 3, 'ectU': 15} with disabled detecting motions
Done 373/1088 | 1632727.496 | record time: 00:04

------------------------------------------------------------------------------------------
374/1088 | 1632728.123 | 1026_7 | row 382 | new: False | elapsed: 24:47
Noise stats for 1632728.123: out=4, rdr=0, mra=0, tp_pct=7.1 with enabled detecting motions

Noise stats for 1632728.123: out=4, rdr=0, mra=0, tp_pct=7.1 with disabled detecting motions
/home/kestutis/miniconda3/envs/ITP259/lib/python3.11/site-packages/sklearn/base.py:486: UserWarning: X has feature names, but StandardScaler was fitted without feature names
  warnings.warn(
ectopy_stats={'ectN': 679, 'ectS': 0, 'ectV': 5, 'ectU': 9} with disabled detecting motions
Done 374/1088 | 1632728.123 | record time: 00:04

------------------------------------------------------------------------------------------
375/1088 | 1632728.75 | 1026_4 | row 379 | new: False | elapsed: 24:51
Noise stats for 1632728.750: out=6, rdr=0, mra=2, tp_pct=16.7 with enabled detecting motions

Noise stats for 1632728.750: out=6, rdr=0, mra=0, tp_pct=12.7 with disabled detecting motions
/home/kestutis/miniconda3/envs/ITP259/lib/python3.11/site-packages/sklearn/base.py:486: UserWarning: X has feature names, but StandardScaler was fitted without feature names
  warnings.warn(
ectopy_stats={'ectN': 644, 'ectS': 0, 'ectV': 25, 'ectU': 68} with disabled detecting motions
Done 375/1088 | 1632728.75 | record time: 00:04

------------------------------------------------------------------------------------------
376/1088 | 1632729.377 | 1026_1 | row 373 | new: False | elapsed: 24:55
Noise stats for 1632729.377: out=15, rdr=0, mra=0, tp_pct=28.6 with enabled detecting motions

Noise stats for 1632729.377: out=15, rdr=0, mra=0, tp_pct=28.6 with disabled detecting motions
/home/kestutis/miniconda3/envs/ITP259/lib/python3.11/site-packages/sklearn/base.py:486: UserWarning: X has feature names, but StandardScaler was fitted without feature names
  warnings.warn(
ectopy_stats={'ectN': 550, 'ectS': 0, 'ectV': 26, 'ectU': 72} with disabled detecting motions
Done 376/1088 | 1632729.377 | record time: 00:03

------------------------------------------------------------------------------------------
377/1088 | 1632730.004 | 1026_2 | row 377 | new: False | elapsed: 24:58
Noise stats for 1632730.004: out=13, rdr=0, mra=0, tp_pct=27.5 with enabled detecting motions

Noise stats for 1632730.004: out=13, rdr=0, mra=0, tp_pct=27.5 with disabled detecting motions
/home/kestutis/miniconda3/envs/ITP259/lib/python3.11/site-packages/sklearn/base.py:486: UserWarning: X has feature names, but StandardScaler was fitted without feature names
  warnings.warn(
ectopy_stats={'ectN': 560, 'ectS': 0, 'ectV': 11, 'ectU': 72} with disabled detecting motions
Done 377/1088 | 1632730.004 | record time: 00:03

------------------------------------------------------------------------------------------
378/1088 | 1632730.631 | 1026_3 | row 378 | new: False | elapsed: 25:01
Noise stats for 1632730.631: out=11, rdr=0, mra=0, tp_pct=24.4 with enabled detecting motions

Noise stats for 1632730.631: out=11, rdr=0, mra=0, tp_pct=24.4 with disabled detecting motions
/home/kestutis/miniconda3/envs/ITP259/lib/python3.11/site-packages/sklearn/base.py:486: UserWarning: X has feature names, but StandardScaler was fitted without feature names
  warnings.warn(
ectopy_stats={'ectN': 570, 'ectS': 0, 'ectV': 10, 'ectU': 38} with disabled detecting motions
Done 378/1088 | 1632730.631 | record time: 00:03

------------------------------------------------------------------------------------------
379/1088 | 1632731.258 | 1026_0 | row 372 | new: False | elapsed: 25:04
Noise stats for 1632731.258: out=17, rdr=0, mra=0, tp_pct=33.8 with enabled detecting motions

Noise stats for 1632731.258: out=17, rdr=0, mra=0, tp_pct=33.8 with disabled detecting motions
/home/kestutis/miniconda3/envs/ITP259/lib/python3.11/site-packages/sklearn/base.py:486: UserWarning: X has feature names, but StandardScaler was fitted without feature names
  warnings.warn(
ectopy_stats={'ectN': 451, 'ectS': 0, 'ectV': 3, 'ectU': 42} with disabled detecting motions
Done 379/1088 | 1632731.258 | record time: 00:03

------------------------------------------------------------------------------------------
380/1088 | 1632923.661 | 1000_2 | row 3 | new: False | elapsed: 25:07
Noise stats for 1632923.661: out=0, rdr=0, mra=2, tp_pct=1.1 with enabled detecting motions

Noise stats for 1632923.661: out=0, rdr=0, mra=0, tp_pct=0.0 with disabled detecting motions
/home/kestutis/miniconda3/envs/ITP259/lib/python3.11/site-packages/sklearn/base.py:486: UserWarning: X has feature names, but StandardScaler was fitted without feature names
  warnings.warn(
ectopy_stats={'ectN': 4844, 'ectS': 2, 'ectV': 1, 'ectU': 2} with disabled detecting motions
Done 380/1088 | 1632923.661 | record time: 00:22

------------------------------------------------------------------------------------------
381/1088 | 1632967.563 | 1028_3 | row 393 | new: False | elapsed: 25:29
Noise stats for 1632967.563: out=0, rdr=0, mra=0, tp_pct=0.0 with enabled detecting motions

Noise stats for 1632967.563: out=0, rdr=0, mra=0, tp_pct=0.0 with disabled detecting motions
/home/kestutis/miniconda3/envs/ITP259/lib/python3.11/site-packages/sklearn/base.py:486: UserWarning: X has feature names, but StandardScaler was fitted without feature names
  warnings.warn(
ectopy_stats={'ectN': 642, 'ectS': 0, 'ectV': 0, 'ectU': 2} with disabled detecting motions
Done 381/1088 | 1632967.563 | record time: 00:04

------------------------------------------------------------------------------------------
382/1088 | 1633031.843 | 1027_4 | row 389 | new: False | elapsed: 25:33
Noise stats for 1633031.843: out=1, rdr=0, mra=0, tp_pct=4.3 with enabled detecting motions

Noise stats for 1633031.843: out=1, rdr=0, mra=0, tp_pct=4.3 with disabled detecting motions
/home/kestutis/miniconda3/envs/ITP259/lib/python3.11/site-packages/sklearn/base.py:486: UserWarning: X has feature names, but StandardScaler was fitted without feature names
  warnings.warn(
ectopy_stats={'ectN': 747, 'ectS': 0, 'ectV': 2, 'ectU': 2} with disabled detecting motions
Done 382/1088 | 1633031.843 | record time: 00:04

------------------------------------------------------------------------------------------
383/1088 | 1633034.496 | 1028_2 | row 392 | new: False | elapsed: 25:37
Noise stats for 1633034.496: out=1, rdr=0, mra=1, tp_pct=5.6 with enabled detecting motions

Noise stats for 1633034.496: out=1, rdr=0, mra=0, tp_pct=3.4 with disabled detecting motions
/home/kestutis/miniconda3/envs/ITP259/lib/python3.11/site-packages/sklearn/base.py:486: UserWarning: X has feature names, but StandardScaler was fitted without feature names
  warnings.warn(
ectopy_stats={'ectN': 579, 'ectS': 1, 'ectV': 0, 'ectU': 2} with disabled detecting motions
Done 383/1088 | 1633034.496 | record time: 00:04

------------------------------------------------------------------------------------------
384/1088 | 1633034.948 | 1027_2 | row 387 | new: False | elapsed: 25:41
Noise stats for 1633034.948: out=0, rdr=0, mra=0, tp_pct=0.0 with enabled detecting motions

Noise stats for 1633034.948: out=0, rdr=0, mra=0, tp_pct=0.0 with disabled detecting motions
/home/kestutis/miniconda3/envs/ITP259/lib/python3.11/site-packages/sklearn/base.py:486: UserWarning: X has feature names, but StandardScaler was fitted without feature names
  warnings.warn(
ectopy_stats={'ectN': 749, 'ectS': 0, 'ectV': 1, 'ectU': 2} with disabled detecting motions
Done 384/1088 | 1633034.948 | record time: 00:04

------------------------------------------------------------------------------------------
385/1088 | 1633036.499 | 1029_1 | row 395 | new: False | elapsed: 25:45
Noise stats for 1633036.499: out=0, rdr=0, mra=1, tp_pct=2.4 with enabled detecting motions

Noise stats for 1633036.499: out=0, rdr=0, mra=0, tp_pct=0.0 with disabled detecting motions
/home/kestutis/miniconda3/envs/ITP259/lib/python3.11/site-packages/sklearn/base.py:486: UserWarning: X has feature names, but StandardScaler was fitted without feature names
  warnings.warn(
ectopy_stats={'ectN': 657, 'ectS': 0, 'ectV': 0, 'ectU': 2} with disabled detecting motions
Done 385/1088 | 1633036.499 | record time: 00:04

------------------------------------------------------------------------------------------
386/1088 | 1633038.054 | 1027_3 | row 388 | new: False | elapsed: 25:49
Noise stats for 1633038.054: out=0, rdr=0, mra=0, tp_pct=0.0 with enabled detecting motions

Noise stats for 1633038.054: out=0, rdr=0, mra=0, tp_pct=0.0 with disabled detecting motions
/home/kestutis/miniconda3/envs/ITP259/lib/python3.11/site-packages/sklearn/base.py:486: UserWarning: X has feature names, but StandardScaler was fitted without feature names
  warnings.warn(
ectopy_stats={'ectN': 733, 'ectS': 0, 'ectV': 1, 'ectU': 2} with disabled detecting motions
Done 386/1088 | 1633038.054 | record time: 00:04

------------------------------------------------------------------------------------------
387/1088 | 1633041.936 | 1028_1 | row 391 | new: False | elapsed: 25:53
Noise stats for 1633041.936: out=0, rdr=0, mra=0, tp_pct=0.0 with enabled detecting motions

Noise stats for 1633041.936: out=0, rdr=0, mra=0, tp_pct=0.0 with disabled detecting motions
/home/kestutis/miniconda3/envs/ITP259/lib/python3.11/site-packages/sklearn/base.py:486: UserWarning: X has feature names, but StandardScaler was fitted without feature names
  warnings.warn(
ectopy_stats={'ectN': 651, 'ectS': 1, 'ectV': 0, 'ectU': 3} with disabled detecting motions
Done 387/1088 | 1633041.936 | record time: 00:04

------------------------------------------------------------------------------------------
388/1088 | 1633043.19 | 1028_0 | row 390 | new: False | elapsed: 25:57
Noise stats for 1633043.190: out=1, rdr=0, mra=1, tp_pct=4.1 with enabled detecting motions

Noise stats for 1633043.190: out=1, rdr=0, mra=0, tp_pct=1.8 with disabled detecting motions
/home/kestutis/miniconda3/envs/ITP259/lib/python3.11/site-packages/sklearn/base.py:486: UserWarning: X has feature names, but StandardScaler was fitted without feature names
  warnings.warn(
ectopy_stats={'ectN': 651, 'ectS': 1, 'ectV': 1, 'ectU': 3} with disabled detecting motions
Done 388/1088 | 1633043.19 | record time: 00:04

------------------------------------------------------------------------------------------
389/1088 | 1633043.64 | 1027_1 | row 386 | new: False | elapsed: 26:01
Noise stats for 1633043.640: out=1, rdr=0, mra=0, tp_pct=1.6 with enabled detecting motions

Noise stats for 1633043.640: out=1, rdr=0, mra=0, tp_pct=1.6 with disabled detecting motions
/home/kestutis/miniconda3/envs/ITP259/lib/python3.11/site-packages/sklearn/base.py:486: UserWarning: X has feature names, but StandardScaler was fitted without feature names
  warnings.warn(
ectopy_stats={'ectN': 736, 'ectS': 0, 'ectV': 1, 'ectU': 2} with disabled detecting motions
Done 389/1088 | 1633043.64 | record time: 00:04

------------------------------------------------------------------------------------------
390/1088 | 1633044.261 | 1027_0 | row 385 | new: False | elapsed: 26:05
Noise stats for 1633044.261: out=0, rdr=0, mra=0, tp_pct=0.0 with enabled detecting motions

Noise stats for 1633044.261: out=0, rdr=0, mra=0, tp_pct=0.0 with disabled detecting motions
/home/kestutis/miniconda3/envs/ITP259/lib/python3.11/site-packages/sklearn/base.py:486: UserWarning: X has feature names, but StandardScaler was fitted without feature names
  warnings.warn(
ectopy_stats={'ectN': 756, 'ectS': 0, 'ectV': 1, 'ectU': 2} with disabled detecting motions
Done 390/1088 | 1633044.261 | record time: 00:04

------------------------------------------------------------------------------------------
391/1088 | 1633047.767 | 1029_0 | row 394 | new: False | elapsed: 26:09
Noise stats for 1633047.767: out=0, rdr=0, mra=0, tp_pct=0.0 with enabled detecting motions

Noise stats for 1633047.767: out=0, rdr=0, mra=0, tp_pct=0.0 with disabled detecting motions
/home/kestutis/miniconda3/envs/ITP259/lib/python3.11/site-packages/sklearn/base.py:486: UserWarning: X has feature names, but StandardScaler was fitted without feature names
  warnings.warn(
ectopy_stats={'ectN': 649, 'ectS': 1, 'ectV': 0, 'ectU': 2} with disabled detecting motions
Done 391/1088 | 1633047.767 | record time: 00:04

------------------------------------------------------------------------------------------
392/1088 | 1633323.647 | 1035_84 | row 616 | new: False | elapsed: 26:13
Noise stats for 1633323.647: out=3, rdr=0, mra=3, tp_pct=9.9 with enabled detecting motions

Noise stats for 1633323.647: out=3, rdr=0, mra=0, tp_pct=4.0 with disabled detecting motions
/home/kestutis/miniconda3/envs/ITP259/lib/python3.11/site-packages/sklearn/base.py:486: UserWarning: X has feature names, but StandardScaler was fitted without feature names
  warnings.warn(
ectopy_stats={'ectN': 683, 'ectS': 1, 'ectV': 10, 'ectU': 15} with disabled detecting motions
Done 392/1088 | 1633323.647 | record time: 00:04

------------------------------------------------------------------------------------------
393/1088 | 1633324.275 | 1035_58 | row 587 | new: False | elapsed: 26:16
Noise stats for 1633324.275: out=0, rdr=0, mra=1, tp_pct=2.4 with enabled detecting motions

Noise stats for 1633324.275: out=0, rdr=0, mra=0, tp_pct=0.0 with disabled detecting motions
/home/kestutis/miniconda3/envs/ITP259/lib/python3.11/site-packages/sklearn/base.py:486: UserWarning: X has feature names, but StandardScaler was fitted without feature names
  warnings.warn(
ectopy_stats={'ectN': 718, 'ectS': 0, 'ectV': 5, 'ectU': 3} with disabled detecting motions
Done 393/1088 | 1633324.275 | record time: 00:04

------------------------------------------------------------------------------------------
394/1088 | 1633324.902 | 1035_23 | row 549 | new: False | elapsed: 26:21
Noise stats for 1633324.902: out=0, rdr=0, mra=1, tp_pct=2.3 with enabled detecting motions

Noise stats for 1633324.902: out=0, rdr=0, mra=0, tp_pct=0.0 with disabled detecting motions
/home/kestutis/miniconda3/envs/ITP259/lib/python3.11/site-packages/sklearn/base.py:486: UserWarning: X has feature names, but StandardScaler was fitted without feature names
  warnings.warn(
ectopy_stats={'ectN': 747, 'ectS': 0, 'ectV': 6, 'ectU': 11} with disabled detecting motions
Done 394/1088 | 1633324.902 | record time: 00:04

------------------------------------------------------------------------------------------
395/1088 | 1633325.53 | 1035_32 | row 559 | new: False | elapsed: 26:25
Noise stats for 1633325.530: out=0, rdr=0, mra=2, tp_pct=4.3 with enabled detecting motions

Noise stats for 1633325.530: out=0, rdr=0, mra=0, tp_pct=0.0 with disabled detecting motions
/home/kestutis/miniconda3/envs/ITP259/lib/python3.11/site-packages/sklearn/base.py:486: UserWarning: X has feature names, but StandardScaler was fitted without feature names
  warnings.warn(
ectopy_stats={'ectN': 698, 'ectS': 0, 'ectV': 7, 'ectU': 12} with disabled detecting motions
Done 395/1088 | 1633325.53 | record time: 00:04

------------------------------------------------------------------------------------------
396/1088 | 1633325.737 | 1034_0 | row 495 | new: False | elapsed: 26:29
Noise stats for 1633325.737: out=0, rdr=0, mra=1, tp_pct=1.8 with enabled detecting motions

Noise stats for 1633325.737: out=0, rdr=0, mra=0, tp_pct=0.0 with disabled detecting motions
/home/kestutis/miniconda3/envs/ITP259/lib/python3.11/site-packages/sklearn/base.py:486: UserWarning: X has feature names, but StandardScaler was fitted without feature names
  warnings.warn(
ectopy_stats={'ectN': 978, 'ectS': 1, 'ectV': 0, 'ectU': 2} with disabled detecting motions
Done 396/1088 | 1633325.737 | record time: 00:05

------------------------------------------------------------------------------------------
397/1088 | 1633326.157 | 1035_94 | row 627 | new: False | elapsed: 26:33
Noise stats for 1633326.157: out=0, rdr=0, mra=0, tp_pct=0.0 with enabled detecting motions

Noise stats for 1633326.157: out=0, rdr=0, mra=0, tp_pct=0.0 with disabled detecting motions
/home/kestutis/miniconda3/envs/ITP259/lib/python3.11/site-packages/sklearn/base.py:486: UserWarning: X has feature names, but StandardScaler was fitted without feature names
  warnings.warn(
ectopy_stats={'ectN': 610, 'ectS': 0, 'ectV': 4, 'ectU': 2} with disabled detecting motions
Done 397/1088 | 1633326.157 | record time: 00:04

------------------------------------------------------------------------------------------
398/1088 | 1633326.785 | 1035_21 | row 547 | new: False | elapsed: 26:37
Noise stats for 1633326.785: out=0, rdr=0, mra=0, tp_pct=0.0 with enabled detecting motions

Noise stats for 1633326.785: out=0, rdr=0, mra=0, tp_pct=0.0 with disabled detecting motions
/home/kestutis/miniconda3/envs/ITP259/lib/python3.11/site-packages/sklearn/base.py:486: UserWarning: X has feature names, but StandardScaler was fitted without feature names
  warnings.warn(
ectopy_stats={'ectN': 622, 'ectS': 0, 'ectV': 8, 'ectU': 2} with disabled detecting motions
Done 398/1088 | 1633326.785 | record time: 00:04

------------------------------------------------------------------------------------------
399/1088 | 1633327.413 | 1035_95 | row 628 | new: False | elapsed: 26:41
Noise stats for 1633327.413: out=0, rdr=0, mra=0, tp_pct=0.0 with enabled detecting motions

Noise stats for 1633327.413: out=0, rdr=0, mra=0, tp_pct=0.0 with disabled detecting motions
/home/kestutis/miniconda3/envs/ITP259/lib/python3.11/site-packages/sklearn/base.py:486: UserWarning: X has feature names, but StandardScaler was fitted without feature names
  warnings.warn(
ectopy_stats={'ectN': 655, 'ectS': 0, 'ectV': 4, 'ectU': 2} with disabled detecting motions
Done 399/1088 | 1633327.413 | record time: 00:04

------------------------------------------------------------------------------------------
400/1088 | 1633328.044 | 1035_50 | row 579 | new: False | elapsed: 26:45
Noise stats for 1633328.044: out=0, rdr=0, mra=1, tp_pct=1.4 with enabled detecting motions

Noise stats for 1633328.044: out=0, rdr=0, mra=0, tp_pct=0.0 with disabled detecting motions
/home/kestutis/miniconda3/envs/ITP259/lib/python3.11/site-packages/sklearn/base.py:486: UserWarning: X has feature names, but StandardScaler was fitted without feature names
  warnings.warn(
ectopy_stats={'ectN': 691, 'ectS': 0, 'ectV': 7, 'ectU': 3} with disabled detecting motions
Done 400/1088 | 1633328.044 | record time: 00:04

------------------------------------------------------------------------------------------
401/1088 | 1633328.671 | 1035_93 | row 626 | new: False | elapsed: 26:49
Noise stats for 1633328.671: out=0, rdr=0, mra=0, tp_pct=0.0 with enabled detecting motions

Noise stats for 1633328.671: out=0, rdr=0, mra=0, tp_pct=0.0 with disabled detecting motions
/home/kestutis/miniconda3/envs/ITP259/lib/python3.11/site-packages/sklearn/base.py:486: UserWarning: X has feature names, but StandardScaler was fitted without feature names
  warnings.warn(
ectopy_stats={'ectN': 725, 'ectS': 0, 'ectV': 5, 'ectU': 2} with disabled detecting motions
Done 401/1088 | 1633328.671 | record time: 00:04

------------------------------------------------------------------------------------------
402/1088 | 1633329.298 | 1035_96 | row 629 | new: False | elapsed: 26:53
Noise stats for 1633329.298: out=0, rdr=0, mra=1, tp_pct=2.8 with enabled detecting motions

Noise stats for 1633329.298: out=0, rdr=0, mra=0, tp_pct=0.0 with disabled detecting motions
/home/kestutis/miniconda3/envs/ITP259/lib/python3.11/site-packages/sklearn/base.py:486: UserWarning: X has feature names, but StandardScaler was fitted without feature names
  warnings.warn(
ectopy_stats={'ectN': 682, 'ectS': 0, 'ectV': 4, 'ectU': 2} with disabled detecting motions
Done 402/1088 | 1633329.298 | record time: 00:04

------------------------------------------------------------------------------------------
403/1088 | 1633329.924 | 1035_62 | row 592 | new: False | elapsed: 26:57
Noise stats for 1633329.924: out=0, rdr=0, mra=0, tp_pct=0.0 with enabled detecting motions

Noise stats for 1633329.924: out=0, rdr=0, mra=0, tp_pct=0.0 with disabled detecting motions
/home/kestutis/miniconda3/envs/ITP259/lib/python3.11/site-packages/sklearn/base.py:486: UserWarning: X has feature names, but StandardScaler was fitted without feature names
  warnings.warn(
ectopy_stats={'ectN': 704, 'ectS': 0, 'ectV': 5, 'ectU': 2} with disabled detecting motions
Done 403/1088 | 1633329.924 | record time: 00:04

------------------------------------------------------------------------------------------
404/1088 | 1633330.551 | 1035_42 | row 570 | new: False | elapsed: 27:01
Noise stats for 1633330.551: out=0, rdr=0, mra=0, tp_pct=0.0 with enabled detecting motions

Noise stats for 1633330.551: out=0, rdr=0, mra=0, tp_pct=0.0 with disabled detecting motions
/home/kestutis/miniconda3/envs/ITP259/lib/python3.11/site-packages/sklearn/base.py:486: UserWarning: X has feature names, but StandardScaler was fitted without feature names
  warnings.warn(
ectopy_stats={'ectN': 677, 'ectS': 0, 'ectV': 6, 'ectU': 2} with disabled detecting motions
Done 404/1088 | 1633330.551 | record time: 00:04

------------------------------------------------------------------------------------------
405/1088 | 1633331.178 | 1035_106 | row 505 | new: False | elapsed: 27:05
Noise stats for 1633331.178: out=0, rdr=0, mra=0, tp_pct=0.0 with enabled detecting motions

Noise stats for 1633331.178: out=0, rdr=0, mra=0, tp_pct=0.0 with disabled detecting motions
/home/kestutis/miniconda3/envs/ITP259/lib/python3.11/site-packages/sklearn/base.py:486: UserWarning: X has feature names, but StandardScaler was fitted without feature names
  warnings.warn(
ectopy_stats={'ectN': 678, 'ectS': 0, 'ectV': 3, 'ectU': 2} with disabled detecting motions
Done 405/1088 | 1633331.178 | record time: 00:04

------------------------------------------------------------------------------------------
406/1088 | 1633331.805 | 1035_60 | row 590 | new: False | elapsed: 27:09
Noise stats for 1633331.805: out=1, rdr=0, mra=4, tp_pct=14.8 with enabled detecting motions

Noise stats for 1633331.805: out=1, rdr=0, mra=0, tp_pct=1.8 with disabled detecting motions
/home/kestutis/miniconda3/envs/ITP259/lib/python3.11/site-packages/sklearn/base.py:486: UserWarning: X has feature names, but StandardScaler was fitted without feature names
  warnings.warn(
ectopy_stats={'ectN': 683, 'ectS': 0, 'ectV': 14, 'ectU': 13} with disabled detecting motions
Done 406/1088 | 1633331.805 | record time: 00:04

------------------------------------------------------------------------------------------
407/1088 | 1633332.432 | 1035_10 | row 498 | new: False | elapsed: 27:13
Noise stats for 1633332.432: out=0, rdr=0, mra=0, tp_pct=0.0 with enabled detecting motions

Noise stats for 1633332.432: out=0, rdr=0, mra=0, tp_pct=0.0 with disabled detecting motions
/home/kestutis/miniconda3/envs/ITP259/lib/python3.11/site-packages/sklearn/base.py:486: UserWarning: X has feature names, but StandardScaler was fitted without feature names
  warnings.warn(
ectopy_stats={'ectN': 628, 'ectS': 0, 'ectV': 32, 'ectU': 13} with disabled detecting motions
Done 407/1088 | 1633332.432 | record time: 00:04

------------------------------------------------------------------------------------------
408/1088 | 1633333.063 | 1035_123 | row 524 | new: False | elapsed: 27:16
Noise stats for 1633333.063: out=0, rdr=0, mra=6, tp_pct=18.1 with enabled detecting motions

Noise stats for 1633333.063: out=0, rdr=0, mra=0, tp_pct=0.0 with disabled detecting motions
/home/kestutis/miniconda3/envs/ITP259/lib/python3.11/site-packages/sklearn/base.py:486: UserWarning: X has feature names, but StandardScaler was fitted without feature names
  warnings.warn(
ectopy_stats={'ectN': 708, 'ectS': 1, 'ectV': 3, 'ectU': 36} with disabled detecting motions
Done 408/1088 | 1633333.063 | record time: 00:04

------------------------------------------------------------------------------------------
409/1088 | 1633333.689 | 1035_102 | row 501 | new: False | elapsed: 27:20
Noise stats for 1633333.689: out=0, rdr=0, mra=2, tp_pct=5.2 with enabled detecting motions

Noise stats for 1633333.689: out=0, rdr=0, mra=0, tp_pct=0.0 with disabled detecting motions
/home/kestutis/miniconda3/envs/ITP259/lib/python3.11/site-packages/sklearn/base.py:486: UserWarning: X has feature names, but StandardScaler was fitted without feature names
  warnings.warn(
ectopy_stats={'ectN': 687, 'ectS': 0, 'ectV': 6, 'ectU': 13} with disabled detecting motions
Done 409/1088 | 1633333.689 | record time: 00:04

------------------------------------------------------------------------------------------
410/1088 | 1633334.316 | 1035_66 | row 596 | new: False | elapsed: 27:24
Noise stats for 1633334.316: out=0, rdr=0, mra=0, tp_pct=0.0 with enabled detecting motions

Noise stats for 1633334.316: out=0, rdr=0, mra=0, tp_pct=0.0 with disabled detecting motions
/home/kestutis/miniconda3/envs/ITP259/lib/python3.11/site-packages/sklearn/base.py:486: UserWarning: X has feature names, but StandardScaler was fitted without feature names
  warnings.warn(
ectopy_stats={'ectN': 665, 'ectS': 0, 'ectV': 5, 'ectU': 2} with disabled detecting motions
Done 410/1088 | 1633334.316 | record time: 00:04

------------------------------------------------------------------------------------------
411/1088 | 1633334.943 | 1035_92 | row 625 | new: False | elapsed: 27:28
Noise stats for 1633334.943: out=0, rdr=0, mra=3, tp_pct=10.8 with enabled detecting motions

Noise stats for 1633334.943: out=0, rdr=0, mra=0, tp_pct=0.0 with disabled detecting motions
/home/kestutis/miniconda3/envs/ITP259/lib/python3.11/site-packages/sklearn/base.py:486: UserWarning: X has feature names, but StandardScaler was fitted without feature names
  warnings.warn(
ectopy_stats={'ectN': 637, 'ectS': 0, 'ectV': 4, 'ectU': 2} with disabled detecting motions
Done 411/1088 | 1633334.943 | record time: 00:04

------------------------------------------------------------------------------------------
412/1088 | 1633335.57 | 1035_105 | row 504 | new: False | elapsed: 27:32
Noise stats for 1633335.570: out=0, rdr=0, mra=8, tp_pct=76.7 with enabled detecting motions

Noise stats for 1633335.570: out=0, rdr=0, mra=0, tp_pct=0.0 with disabled detecting motions
/home/kestutis/miniconda3/envs/ITP259/lib/python3.11/site-packages/sklearn/base.py:486: UserWarning: X has feature names, but StandardScaler was fitted without feature names
  warnings.warn(
ectopy_stats={'ectN': 632, 'ectS': 0, 'ectV': 8, 'ectU': 4} with disabled detecting motions
Done 412/1088 | 1633335.57 | record time: 00:04

------------------------------------------------------------------------------------------
413/1088 | 1633336.197 | 1035_88 | row 620 | new: False | elapsed: 27:36
Noise stats for 1633336.197: out=0, rdr=0, mra=7, tp_pct=27.8 with enabled detecting motions

Noise stats for 1633336.197: out=0, rdr=0, mra=0, tp_pct=0.0 with disabled detecting motions
/home/kestutis/miniconda3/envs/ITP259/lib/python3.11/site-packages/sklearn/base.py:486: UserWarning: X has feature names, but StandardScaler was fitted without feature names
  warnings.warn(
ectopy_stats={'ectN': 612, 'ectS': 0, 'ectV': 4, 'ectU': 2} with disabled detecting motions
Done 413/1088 | 1633336.197 | record time: 00:04

------------------------------------------------------------------------------------------
414/1088 | 1633336.824 | 1035_132 | row 534 | new: False | elapsed: 27:40
Noise stats for 1633336.824: out=0, rdr=0, mra=4, tp_pct=9.9 with enabled detecting motions

Noise stats for 1633336.824: out=0, rdr=0, mra=0, tp_pct=0.0 with disabled detecting motions
/home/kestutis/miniconda3/envs/ITP259/lib/python3.11/site-packages/sklearn/base.py:486: UserWarning: X has feature names, but StandardScaler was fitted without feature names
  warnings.warn(
ectopy_stats={'ectN': 636, 'ectS': 0, 'ectV': 2, 'ectU': 2} with disabled detecting motions
Done 414/1088 | 1633336.824 | record time: 00:04

------------------------------------------------------------------------------------------
415/1088 | 1633337.451 | 1035_100 | row 499 | new: False | elapsed: 27:44
Noise stats for 1633337.451: out=0, rdr=0, mra=0, tp_pct=0.0 with enabled detecting motions

Noise stats for 1633337.451: out=0, rdr=0, mra=0, tp_pct=0.0 with disabled detecting motions
/home/kestutis/miniconda3/envs/ITP259/lib/python3.11/site-packages/sklearn/base.py:486: UserWarning: X has feature names, but StandardScaler was fitted without feature names
  warnings.warn(
ectopy_stats={'ectN': 641, 'ectS': 0, 'ectV': 2, 'ectU': 3} with disabled detecting motions
Done 415/1088 | 1633337.451 | record time: 00:04

------------------------------------------------------------------------------------------
416/1088 | 1633338.078 | 1035_133 | row 535 | new: False | elapsed: 27:48
Noise stats for 1633338.078: out=0, rdr=0, mra=0, tp_pct=0.0 with enabled detecting motions

Noise stats for 1633338.078: out=0, rdr=0, mra=0, tp_pct=0.0 with disabled detecting motions
/home/kestutis/miniconda3/envs/ITP259/lib/python3.11/site-packages/sklearn/base.py:486: UserWarning: X has feature names, but StandardScaler was fitted without feature names
  warnings.warn(
ectopy_stats={'ectN': 618, 'ectS': 0, 'ectV': 2, 'ectU': 2} with disabled detecting motions
Done 416/1088 | 1633338.078 | record time: 00:04

------------------------------------------------------------------------------------------
417/1088 | 1633338.709 | 1035_99 | row 632 | new: False | elapsed: 27:51
Noise stats for 1633338.709: out=0, rdr=0, mra=3, tp_pct=8.2 with enabled detecting motions

Noise stats for 1633338.709: out=0, rdr=0, mra=0, tp_pct=0.0 with disabled detecting motions
/home/kestutis/miniconda3/envs/ITP259/lib/python3.11/site-packages/sklearn/base.py:486: UserWarning: X has feature names, but StandardScaler was fitted without feature names
  warnings.warn(
ectopy_stats={'ectN': 625, 'ectS': 1, 'ectV': 3, 'ectU': 4} with disabled detecting motions
Done 417/1088 | 1633338.709 | record time: 00:04

------------------------------------------------------------------------------------------
418/1088 | 1633339.335 | 1035_134 | row 536 | new: False | elapsed: 27:55
Noise stats for 1633339.335: out=0, rdr=0, mra=7, tp_pct=76.4 with enabled detecting motions

Noise stats for 1633339.335: out=0, rdr=0, mra=0, tp_pct=0.0 with disabled detecting motions
/home/kestutis/miniconda3/envs/ITP259/lib/python3.11/site-packages/sklearn/base.py:486: UserWarning: X has feature names, but StandardScaler was fitted without feature names
  warnings.warn(
ectopy_stats={'ectN': 601, 'ectS': 0, 'ectV': 2, 'ectU': 3} with disabled detecting motions
Done 418/1088 | 1633339.335 | record time: 00:04

------------------------------------------------------------------------------------------
419/1088 | 1633339.962 | 1035_111 | row 511 | new: False | elapsed: 27:59
Noise stats for 1633339.962: out=1, rdr=0, mra=7, tp_pct=31.5 with enabled detecting motions

Noise stats for 1633339.962: out=1, rdr=0, mra=0, tp_pct=1.8 with disabled detecting motions
/home/kestutis/miniconda3/envs/ITP259/lib/python3.11/site-packages/sklearn/base.py:486: UserWarning: X has feature names, but StandardScaler was fitted without feature names
  warnings.warn(
ectopy_stats={'ectN': 581, 'ectS': 0, 'ectV': 4, 'ectU': 3} with disabled detecting motions
Done 419/1088 | 1633339.962 | record time: 00:04

------------------------------------------------------------------------------------------
420/1088 | 1633340.589 | 1035_35 | row 562 | new: False | elapsed: 28:03
Noise stats for 1633340.589: out=0, rdr=0, mra=1, tp_pct=2.9 with enabled detecting motions

Noise stats for 1633340.589: out=0, rdr=0, mra=0, tp_pct=0.0 with disabled detecting motions
/home/kestutis/miniconda3/envs/ITP259/lib/python3.11/site-packages/sklearn/base.py:486: UserWarning: X has feature names, but StandardScaler was fitted without feature names
  warnings.warn(
ectopy_stats={'ectN': 589, 'ectS': 0, 'ectV': 7, 'ectU': 3} with disabled detecting motions
Done 420/1088 | 1633340.589 | record time: 00:04

------------------------------------------------------------------------------------------
421/1088 | 1633341.216 | 1035_69 | row 599 | new: False | elapsed: 28:06
Noise stats for 1633341.216: out=0, rdr=0, mra=4, tp_pct=14.0 with enabled detecting motions

Noise stats for 1633341.216: out=0, rdr=0, mra=0, tp_pct=0.0 with disabled detecting motions
/home/kestutis/miniconda3/envs/ITP259/lib/python3.11/site-packages/sklearn/base.py:486: UserWarning: X has feature names, but StandardScaler was fitted without feature names
  warnings.warn(
ectopy_stats={'ectN': 581, 'ectS': 0, 'ectV': 5, 'ectU': 2} with disabled detecting motions
Done 421/1088 | 1633341.216 | record time: 00:04

------------------------------------------------------------------------------------------
422/1088 | 1633341.843 | 1035_135 | row 537 | new: False | elapsed: 28:10
Noise stats for 1633341.843: out=0, rdr=0, mra=1, tp_pct=1.4 with enabled detecting motions

Noise stats for 1633341.843: out=0, rdr=0, mra=0, tp_pct=0.0 with disabled detecting motions
/home/kestutis/miniconda3/envs/ITP259/lib/python3.11/site-packages/sklearn/base.py:486: UserWarning: X has feature names, but StandardScaler was fitted without feature names
  warnings.warn(
ectopy_stats={'ectN': 662, 'ectS': 0, 'ectV': 1, 'ectU': 4} with disabled detecting motions
Done 422/1088 | 1633341.843 | record time: 00:04

------------------------------------------------------------------------------------------
423/1088 | 1633342.47 | 1035_86 | row 618 | new: False | elapsed: 28:14
Noise stats for 1633342.470: out=0, rdr=0, mra=0, tp_pct=0.0 with enabled detecting motions

Noise stats for 1633342.470: out=0, rdr=0, mra=0, tp_pct=0.0 with disabled detecting motions
/home/kestutis/miniconda3/envs/ITP259/lib/python3.11/site-packages/sklearn/base.py:486: UserWarning: X has feature names, but StandardScaler was fitted without feature names
  warnings.warn(
ectopy_stats={'ectN': 660, 'ectS': 0, 'ectV': 6, 'ectU': 8} with disabled detecting motions
Done 423/1088 | 1633342.47 | record time: 00:04

------------------------------------------------------------------------------------------
424/1088 | 1633343.097 | 1035_64 | row 594 | new: False | elapsed: 28:18
Noise stats for 1633343.097: out=1, rdr=0, mra=0, tp_pct=1.8 with enabled detecting motions

Noise stats for 1633343.097: out=1, rdr=0, mra=0, tp_pct=1.8 with disabled detecting motions
/home/kestutis/miniconda3/envs/ITP259/lib/python3.11/site-packages/sklearn/base.py:486: UserWarning: X has feature names, but StandardScaler was fitted without feature names
  warnings.warn(
ectopy_stats={'ectN': 719, 'ectS': 0, 'ectV': 6, 'ectU': 4} with disabled detecting motions
Done 424/1088 | 1633343.097 | record time: 00:04

------------------------------------------------------------------------------------------
425/1088 | 1633343.725 | 1035_87 | row 619 | new: False | elapsed: 28:22
Noise stats for 1633343.725: out=0, rdr=0, mra=0, tp_pct=0.0 with enabled detecting motions

Noise stats for 1633343.725: out=0, rdr=0, mra=0, tp_pct=0.0 with disabled detecting motions
/home/kestutis/miniconda3/envs/ITP259/lib/python3.11/site-packages/sklearn/base.py:486: UserWarning: X has feature names, but StandardScaler was fitted without feature names
  warnings.warn(
ectopy_stats={'ectN': 702, 'ectS': 0, 'ectV': 4, 'ectU': 4} with disabled detecting motions
Done 425/1088 | 1633343.725 | record time: 00:04

------------------------------------------------------------------------------------------
426/1088 | 1633344.356 | 1035_9 | row 622 | new: False | elapsed: 28:26
Noise stats for 1633344.356: out=0, rdr=0, mra=1, tp_pct=1.4 with enabled detecting motions

Noise stats for 1633344.356: out=0, rdr=0, mra=0, tp_pct=0.0 with disabled detecting motions
/home/kestutis/miniconda3/envs/ITP259/lib/python3.11/site-packages/sklearn/base.py:486: UserWarning: X has feature names, but StandardScaler was fitted without feature names
  warnings.warn(
ectopy_stats={'ectN': 702, 'ectS': 0, 'ectV': 8, 'ectU': 3} with disabled detecting motions
Done 426/1088 | 1633344.356 | record time: 00:04

------------------------------------------------------------------------------------------
427/1088 | 1633344.983 | 1035_47 | row 575 | new: False | elapsed: 28:30
Noise stats for 1633344.983: out=0, rdr=0, mra=0, tp_pct=0.0 with enabled detecting motions

Noise stats for 1633344.983: out=0, rdr=0, mra=0, tp_pct=0.0 with disabled detecting motions
/home/kestutis/miniconda3/envs/ITP259/lib/python3.11/site-packages/sklearn/base.py:486: UserWarning: X has feature names, but StandardScaler was fitted without feature names
  warnings.warn(
ectopy_stats={'ectN': 681, 'ectS': 0, 'ectV': 6, 'ectU': 4} with disabled detecting motions
Done 427/1088 | 1633344.983 | record time: 00:04

------------------------------------------------------------------------------------------
428/1088 | 1633345.61 | 1035_18 | row 543 | new: False | elapsed: 28:34
Noise stats for 1633345.610: out=0, rdr=0, mra=0, tp_pct=0.0 with enabled detecting motions

Noise stats for 1633345.610: out=0, rdr=0, mra=0, tp_pct=0.0 with disabled detecting motions
/home/kestutis/miniconda3/envs/ITP259/lib/python3.11/site-packages/sklearn/base.py:486: UserWarning: X has feature names, but StandardScaler was fitted without feature names
  warnings.warn(
ectopy_stats={'ectN': 670, 'ectS': 0, 'ectV': 9, 'ectU': 2} with disabled detecting motions
Done 428/1088 | 1633345.61 | record time: 00:04

------------------------------------------------------------------------------------------
429/1088 | 1633346.237 | 1035_89 | row 621 | new: False | elapsed: 28:38
Noise stats for 1633346.237: out=0, rdr=0, mra=0, tp_pct=0.0 with enabled detecting motions

Noise stats for 1633346.237: out=0, rdr=0, mra=0, tp_pct=0.0 with disabled detecting motions
/home/kestutis/miniconda3/envs/ITP259/lib/python3.11/site-packages/sklearn/base.py:486: UserWarning: X has feature names, but StandardScaler was fitted without feature names
  warnings.warn(
ectopy_stats={'ectN': 713, 'ectS': 0, 'ectV': 4, 'ectU': 3} with disabled detecting motions
Done 429/1088 | 1633346.237 | record time: 00:04

------------------------------------------------------------------------------------------
430/1088 | 1633346.864 | 1035_67 | row 597 | new: False | elapsed: 28:42
Noise stats for 1633346.864: out=0, rdr=0, mra=2, tp_pct=7.7 with enabled detecting motions

Noise stats for 1633346.864: out=0, rdr=0, mra=0, tp_pct=0.0 with disabled detecting motions
/home/kestutis/miniconda3/envs/ITP259/lib/python3.11/site-packages/sklearn/base.py:486: UserWarning: X has feature names, but StandardScaler was fitted without feature names
  warnings.warn(
ectopy_stats={'ectN': 722, 'ectS': 0, 'ectV': 7, 'ectU': 9} with disabled detecting motions
Done 430/1088 | 1633346.864 | record time: 00:04

------------------------------------------------------------------------------------------
431/1088 | 1633347.491 | 1035_128 | row 529 | new: False | elapsed: 28:46
Noise stats for 1633347.491: out=0, rdr=0, mra=0, tp_pct=0.0 with enabled detecting motions

Noise stats for 1633347.491: out=0, rdr=0, mra=0, tp_pct=0.0 with disabled detecting motions
/home/kestutis/miniconda3/envs/ITP259/lib/python3.11/site-packages/sklearn/base.py:486: UserWarning: X has feature names, but StandardScaler was fitted without feature names
  warnings.warn(
ectopy_stats={'ectN': 745, 'ectS': 0, 'ectV': 2, 'ectU': 5} with disabled detecting motions
Done 431/1088 | 1633347.491 | record time: 00:04

------------------------------------------------------------------------------------------
432/1088 | 1633348.119 | 1035_68 | row 598 | new: False | elapsed: 28:50
Noise stats for 1633348.119: out=1, rdr=0, mra=1, tp_pct=5.1 with enabled detecting motions

Noise stats for 1633348.119: out=1, rdr=0, mra=0, tp_pct=2.5 with disabled detecting motions
/home/kestutis/miniconda3/envs/ITP259/lib/python3.11/site-packages/sklearn/base.py:486: UserWarning: X has feature names, but StandardScaler was fitted without feature names
  warnings.warn(
ectopy_stats={'ectN': 691, 'ectS': 0, 'ectV': 6, 'ectU': 5} with disabled detecting motions
Done 432/1088 | 1633348.119 | record time: 00:04

------------------------------------------------------------------------------------------
433/1088 | 1633348.746 | 1035_90 | row 623 | new: False | elapsed: 28:54
Noise stats for 1633348.746: out=0, rdr=0, mra=1, tp_pct=5.5 with enabled detecting motions

Noise stats for 1633348.746: out=0, rdr=0, mra=0, tp_pct=0.0 with disabled detecting motions
/home/kestutis/miniconda3/envs/ITP259/lib/python3.11/site-packages/sklearn/base.py:486: UserWarning: X has feature names, but StandardScaler was fitted without feature names
  warnings.warn(
ectopy_stats={'ectN': 742, 'ectS': 0, 'ectV': 4, 'ectU': 6} with disabled detecting motions
Done 433/1088 | 1633348.746 | record time: 00:04

------------------------------------------------------------------------------------------
434/1088 | 1633349.374 | 1035_49 | row 577 | new: False | elapsed: 28:58
Noise stats for 1633349.374: out=0, rdr=0, mra=0, tp_pct=0.0 with enabled detecting motions

Noise stats for 1633349.374: out=0, rdr=0, mra=0, tp_pct=0.0 with disabled detecting motions
/home/kestutis/miniconda3/envs/ITP259/lib/python3.11/site-packages/sklearn/base.py:486: UserWarning: X has feature names, but StandardScaler was fitted without feature names
  warnings.warn(
ectopy_stats={'ectN': 690, 'ectS': 0, 'ectV': 6, 'ectU': 2} with disabled detecting motions
Done 434/1088 | 1633349.374 | record time: 00:04

------------------------------------------------------------------------------------------
435/1088 | 1633350.001 | 1035_30 | row 557 | new: False | elapsed: 29:02
Noise stats for 1633349.374: out=0, rdr=0, mra=0, tp_pct=0.0 with enabled detecting motions

Noise stats for 1633349.374: out=0, rdr=0, mra=0, tp_pct=0.0 with disabled detecting motions
/home/kestutis/miniconda3/envs/ITP259/lib/python3.11/site-packages/sklearn/base.py:486: UserWarning: X has feature names, but StandardScaler was fitted without feature names
  warnings.warn(
ectopy_stats={'ectN': 690, 'ectS': 0, 'ectV': 6, 'ectU': 2} with disabled detecting motions
Done 435/1088 | 1633350.001 | record time: 00:04

------------------------------------------------------------------------------------------
436/1088 | 1633350.628 | 1035_3 | row 556 | new: False | elapsed: 29:06
Noise stats for 1633350.628: out=0, rdr=0, mra=1, tp_pct=2.9 with enabled detecting motions

Noise stats for 1633350.628: out=0, rdr=0, mra=0, tp_pct=0.0 with disabled detecting motions
/home/kestutis/miniconda3/envs/ITP259/lib/python3.11/site-packages/sklearn/base.py:486: UserWarning: X has feature names, but StandardScaler was fitted without feature names
  warnings.warn(
ectopy_stats={'ectN': 702, 'ectS': 0, 'ectV': 11, 'ectU': 2} with disabled detecting motions
Done 436/1088 | 1633350.628 | record time: 00:04

------------------------------------------------------------------------------------------
437/1088 | 1633351.254 | 1035_91 | row 624 | new: False | elapsed: 29:10
Noise stats for 1633351.254: out=0, rdr=0, mra=0, tp_pct=0.0 with enabled detecting motions

Noise stats for 1633351.254: out=0, rdr=0, mra=0, tp_pct=0.0 with disabled detecting motions
/home/kestutis/miniconda3/envs/ITP259/lib/python3.11/site-packages/sklearn/base.py:486: UserWarning: X has feature names, but StandardScaler was fitted without feature names
  warnings.warn(
ectopy_stats={'ectN': 708, 'ectS': 0, 'ectV': 4, 'ectU': 2} with disabled detecting motions
Done 437/1088 | 1633351.254 | record time: 00:04

------------------------------------------------------------------------------------------
438/1088 | 1633351.881 | 1035_37 | row 564 | new: False | elapsed: 29:14
Noise stats for 1633351.881: out=0, rdr=0, mra=0, tp_pct=0.0 with enabled detecting motions

Noise stats for 1633351.881: out=0, rdr=0, mra=0, tp_pct=0.0 with disabled detecting motions
/home/kestutis/miniconda3/envs/ITP259/lib/python3.11/site-packages/sklearn/base.py:486: UserWarning: X has feature names, but StandardScaler was fitted without feature names
  warnings.warn(
ectopy_stats={'ectN': 703, 'ectS': 0, 'ectV': 6, 'ectU': 2} with disabled detecting motions
Done 438/1088 | 1633351.881 | record time: 00:04

------------------------------------------------------------------------------------------
439/1088 | 1633352.508 | 1035_44 | row 572 | new: False | elapsed: 29:18
Noise stats for 1633352.508: out=0, rdr=0, mra=1, tp_pct=3.3 with enabled detecting motions

Noise stats for 1633352.508: out=0, rdr=0, mra=0, tp_pct=0.0 with disabled detecting motions
/home/kestutis/miniconda3/envs/ITP259/lib/python3.11/site-packages/sklearn/base.py:486: UserWarning: X has feature names, but StandardScaler was fitted without feature names
  warnings.warn(
ectopy_stats={'ectN': 725, 'ectS': 0, 'ectV': 9, 'ectU': 5} with disabled detecting motions
Done 439/1088 | 1633352.508 | record time: 00:04

------------------------------------------------------------------------------------------
440/1088 | 1633353.135 | 1035_45 | row 573 | new: False | elapsed: 29:22
Noise stats for 1633353.135: out=0, rdr=0, mra=0, tp_pct=0.0 with enabled detecting motions

Noise stats for 1633353.135: out=0, rdr=0, mra=0, tp_pct=0.0 with disabled detecting motions
/home/kestutis/miniconda3/envs/ITP259/lib/python3.11/site-packages/sklearn/base.py:486: UserWarning: X has feature names, but StandardScaler was fitted without feature names
  warnings.warn(
ectopy_stats={'ectN': 687, 'ectS': 0, 'ectV': 7, 'ectU': 3} with disabled detecting motions
Done 440/1088 | 1633353.135 | record time: 00:04

------------------------------------------------------------------------------------------
441/1088 | 1633353.766 | 1035_126 | row 527 | new: False | elapsed: 29:26
Noise stats for 1633353.766: out=0, rdr=0, mra=2, tp_pct=4.9 with enabled detecting motions

Noise stats for 1633353.766: out=0, rdr=0, mra=0, tp_pct=0.0 with disabled detecting motions
/home/kestutis/miniconda3/envs/ITP259/lib/python3.11/site-packages/sklearn/base.py:486: UserWarning: X has feature names, but StandardScaler was fitted without feature names
  warnings.warn(
ectopy_stats={'ectN': 706, 'ectS': 0, 'ectV': 2, 'ectU': 2} with disabled detecting motions
Done 441/1088 | 1633353.766 | record time: 00:04

------------------------------------------------------------------------------------------
442/1088 | 1633354.392 | 1035_27 | row 553 | new: False | elapsed: 29:30
Noise stats for 1633354.392: out=0, rdr=0, mra=0, tp_pct=0.0 with enabled detecting motions

Noise stats for 1633354.392: out=0, rdr=0, mra=0, tp_pct=0.0 with disabled detecting motions
/home/kestutis/miniconda3/envs/ITP259/lib/python3.11/site-packages/sklearn/base.py:486: UserWarning: X has feature names, but StandardScaler was fitted without feature names
  warnings.warn(
ectopy_stats={'ectN': 674, 'ectS': 0, 'ectV': 7, 'ectU': 2} with disabled detecting motions
Done 442/1088 | 1633354.392 | record time: 00:04

------------------------------------------------------------------------------------------
443/1088 | 1633355.019 | 1035_26 | row 552 | new: False | elapsed: 29:34
Noise stats for 1633355.019: out=0, rdr=0, mra=0, tp_pct=0.0 with enabled detecting motions

Noise stats for 1633355.019: out=0, rdr=0, mra=0, tp_pct=0.0 with disabled detecting motions
/home/kestutis/miniconda3/envs/ITP259/lib/python3.11/site-packages/sklearn/base.py:486: UserWarning: X has feature names, but StandardScaler was fitted without feature names
  warnings.warn(
ectopy_stats={'ectN': 686, 'ectS': 0, 'ectV': 7, 'ectU': 2} with disabled detecting motions
Done 443/1088 | 1633355.019 | record time: 00:04

------------------------------------------------------------------------------------------
444/1088 | 1633355.646 | 1035_25 | row 551 | new: False | elapsed: 29:38
Noise stats for 1633355.646: out=0, rdr=0, mra=0, tp_pct=0.0 with enabled detecting motions

Noise stats for 1633355.646: out=0, rdr=0, mra=0, tp_pct=0.0 with disabled detecting motions
/home/kestutis/miniconda3/envs/ITP259/lib/python3.11/site-packages/sklearn/base.py:486: UserWarning: X has feature names, but StandardScaler was fitted without feature names
  warnings.warn(
ectopy_stats={'ectN': 652, 'ectS': 0, 'ectV': 7, 'ectU': 2} with disabled detecting motions
Done 444/1088 | 1633355.646 | record time: 00:04

------------------------------------------------------------------------------------------
445/1088 | 1633356.273 | 1035_120 | row 521 | new: False | elapsed: 29:41
Noise stats for 1633356.273: out=0, rdr=0, mra=1, tp_pct=2.6 with enabled detecting motions

Noise stats for 1633356.273: out=0, rdr=0, mra=0, tp_pct=0.0 with disabled detecting motions
/home/kestutis/miniconda3/envs/ITP259/lib/python3.11/site-packages/sklearn/base.py:486: UserWarning: X has feature names, but StandardScaler was fitted without feature names
  warnings.warn(
ectopy_stats={'ectN': 759, 'ectS': 0, 'ectV': 3, 'ectU': 2} with disabled detecting motions
Done 445/1088 | 1633356.273 | record time: 00:04

------------------------------------------------------------------------------------------
446/1088 | 1633356.9 | 1035_136 | row 538 | new: False | elapsed: 29:46
Noise stats for 1633356.900: out=0, rdr=0, mra=0, tp_pct=0.0 with enabled detecting motions

Noise stats for 1633356.900: out=0, rdr=0, mra=0, tp_pct=0.0 with disabled detecting motions
/home/kestutis/miniconda3/envs/ITP259/lib/python3.11/site-packages/sklearn/base.py:486: UserWarning: X has feature names, but StandardScaler was fitted without feature names
  warnings.warn(
ectopy_stats={'ectN': 837, 'ectS': 0, 'ectV': 126, 'ectU': 215} with disabled detecting motions
Done 446/1088 | 1633356.9 | record time: 00:05

------------------------------------------------------------------------------------------
447/1088 | 1633358.787 | 1035_73 | row 604 | new: False | elapsed: 29:50
Noise stats for 1633358.787: out=3, rdr=0, mra=5, tp_pct=22.9 with enabled detecting motions

Noise stats for 1633358.787: out=3, rdr=0, mra=0, tp_pct=7.2 with disabled detecting motions
/home/kestutis/miniconda3/envs/ITP259/lib/python3.11/site-packages/sklearn/base.py:486: UserWarning: X has feature names, but StandardScaler was fitted without feature names
  warnings.warn(
ectopy_stats={'ectN': 792, 'ectS': 1, 'ectV': 5, 'ectU': 28} with disabled detecting motions
Done 447/1088 | 1633358.787 | record time: 00:04

------------------------------------------------------------------------------------------
448/1088 | 1633359.414 | 1035_36 | row 563 | new: False | elapsed: 29:54
Noise stats for 1633359.414: out=0, rdr=0, mra=5, tp_pct=24.4 with enabled detecting motions

Noise stats for 1633359.414: out=0, rdr=0, mra=0, tp_pct=0.0 with disabled detecting motions
/home/kestutis/miniconda3/envs/ITP259/lib/python3.11/site-packages/sklearn/base.py:486: UserWarning: X has feature names, but StandardScaler was fitted without feature names
  warnings.warn(
ectopy_stats={'ectN': 809, 'ectS': 0, 'ectV': 6, 'ectU': 11} with disabled detecting motions
Done 448/1088 | 1633359.414 | record time: 00:04

------------------------------------------------------------------------------------------
449/1088 | 1633360.042 | 1035_74 | row 605 | new: False | elapsed: 29:59
Noise stats for 1633360.042: out=0, rdr=0, mra=0, tp_pct=0.0 with enabled detecting motions

Noise stats for 1633360.042: out=0, rdr=0, mra=0, tp_pct=0.0 with disabled detecting motions
/home/kestutis/miniconda3/envs/ITP259/lib/python3.11/site-packages/sklearn/base.py:486: UserWarning: X has feature names, but StandardScaler was fitted without feature names
  warnings.warn(
ectopy_stats={'ectN': 721, 'ectS': 0, 'ectV': 5, 'ectU': 2} with disabled detecting motions
Done 449/1088 | 1633360.042 | record time: 00:04

------------------------------------------------------------------------------------------
450/1088 | 1633360.669 | 1035_122 | row 523 | new: False | elapsed: 30:03
Noise stats for 1633360.669: out=0, rdr=0, mra=0, tp_pct=0.0 with enabled detecting motions

Noise stats for 1633360.669: out=0, rdr=0, mra=0, tp_pct=0.0 with disabled detecting motions
/home/kestutis/miniconda3/envs/ITP259/lib/python3.11/site-packages/sklearn/base.py:486: UserWarning: X has feature names, but StandardScaler was fitted without feature names
  warnings.warn(
ectopy_stats={'ectN': 783, 'ectS': 0, 'ectV': 2, 'ectU': 2} with disabled detecting motions
Done 450/1088 | 1633360.669 | record time: 00:04

------------------------------------------------------------------------------------------
451/1088 | 1633361.296 | 1035_39 | row 566 | new: False | elapsed: 30:07
Noise stats for 1633361.296: out=0, rdr=0, mra=0, tp_pct=0.0 with enabled detecting motions

Noise stats for 1633361.296: out=0, rdr=0, mra=0, tp_pct=0.0 with disabled detecting motions
/home/kestutis/miniconda3/envs/ITP259/lib/python3.11/site-packages/sklearn/base.py:486: UserWarning: X has feature names, but StandardScaler was fitted without feature names
  warnings.warn(
ectopy_stats={'ectN': 821, 'ectS': 0, 'ectV': 7, 'ectU': 4} with disabled detecting motions
Done 451/1088 | 1633361.296 | record time: 00:04

------------------------------------------------------------------------------------------
452/1088 | 1633361.924 | 1035_38 | row 565 | new: False | elapsed: 30:11
Noise stats for 1633361.924: out=0, rdr=0, mra=0, tp_pct=0.0 with enabled detecting motions

Noise stats for 1633361.924: out=0, rdr=0, mra=0, tp_pct=0.0 with disabled detecting motions
/home/kestutis/miniconda3/envs/ITP259/lib/python3.11/site-packages/sklearn/base.py:486: UserWarning: X has feature names, but StandardScaler was fitted without feature names
  warnings.warn(
ectopy_stats={'ectN': 686, 'ectS': 0, 'ectV': 6, 'ectU': 2} with disabled detecting motions
Done 452/1088 | 1633361.924 | record time: 00:04

------------------------------------------------------------------------------------------
453/1088 | 1633362.551 | 1035_97 | row 630 | new: False | elapsed: 30:15
Noise stats for 1633362.551: out=0, rdr=0, mra=0, tp_pct=0.0 with enabled detecting motions

Noise stats for 1633362.551: out=0, rdr=0, mra=0, tp_pct=0.0 with disabled detecting motions
/home/kestutis/miniconda3/envs/ITP259/lib/python3.11/site-packages/sklearn/base.py:486: UserWarning: X has feature names, but StandardScaler was fitted without feature names
  warnings.warn(
ectopy_stats={'ectN': 671, 'ectS': 0, 'ectV': 4, 'ectU': 2} with disabled detecting motions
Done 453/1088 | 1633362.551 | record time: 00:04

------------------------------------------------------------------------------------------
454/1088 | 1633363.178 | 1035_65 | row 595 | new: False | elapsed: 30:19
Noise stats for 1633363.178: out=0, rdr=0, mra=0, tp_pct=0.0 with enabled detecting motions

Noise stats for 1633363.178: out=0, rdr=0, mra=0, tp_pct=0.0 with disabled detecting motions
/home/kestutis/miniconda3/envs/ITP259/lib/python3.11/site-packages/sklearn/base.py:486: UserWarning: X has feature names, but StandardScaler was fitted without feature names
  warnings.warn(
ectopy_stats={'ectN': 677, 'ectS': 0, 'ectV': 5, 'ectU': 2} with disabled detecting motions
Done 454/1088 | 1633363.178 | record time: 00:04

------------------------------------------------------------------------------------------
455/1088 | 1633363.805 | 1035_59 | row 588 | new: False | elapsed: 30:23
Noise stats for 1633363.805: out=0, rdr=0, mra=1, tp_pct=2.2 with enabled detecting motions

Noise stats for 1633363.805: out=0, rdr=0, mra=0, tp_pct=0.0 with disabled detecting motions
/home/kestutis/miniconda3/envs/ITP259/lib/python3.11/site-packages/sklearn/base.py:486: UserWarning: X has feature names, but StandardScaler was fitted without feature names
  warnings.warn(
ectopy_stats={'ectN': 676, 'ectS': 0, 'ectV': 5, 'ectU': 2} with disabled detecting motions
Done 455/1088 | 1633363.805 | record time: 00:04

------------------------------------------------------------------------------------------
456/1088 | 1633364.433 | 1035_29 | row 555 | new: False | elapsed: 30:27
Noise stats for 1633364.433: out=0, rdr=0, mra=1, tp_pct=4.7 with enabled detecting motions

Noise stats for 1633364.433: out=0, rdr=0, mra=0, tp_pct=0.0 with disabled detecting motions
/home/kestutis/miniconda3/envs/ITP259/lib/python3.11/site-packages/sklearn/base.py:486: UserWarning: X has feature names, but StandardScaler was fitted without feature names
  warnings.warn(
ectopy_stats={'ectN': 677, 'ectS': 0, 'ectV': 7, 'ectU': 3} with disabled detecting motions
Done 456/1088 | 1633364.433 | record time: 00:04

------------------------------------------------------------------------------------------
457/1088 | 1633365.06 | 1035_54 | row 583 | new: False | elapsed: 30:31
Noise stats for 1633365.060: out=0, rdr=0, mra=0, tp_pct=0.0 with enabled detecting motions

Noise stats for 1633365.060: out=0, rdr=0, mra=0, tp_pct=0.0 with disabled detecting motions
/home/kestutis/miniconda3/envs/ITP259/lib/python3.11/site-packages/sklearn/base.py:486: UserWarning: X has feature names, but StandardScaler was fitted without feature names
  warnings.warn(
ectopy_stats={'ectN': 644, 'ectS': 0, 'ectV': 5, 'ectU': 2} with disabled detecting motions
Done 457/1088 | 1633365.06 | record time: 00:04

------------------------------------------------------------------------------------------
458/1088 | 1633365.691 | 1035_55 | row 584 | new: False | elapsed: 30:35
Noise stats for 1633365.691: out=0, rdr=0, mra=1, tp_pct=2.4 with enabled detecting motions

Noise stats for 1633365.691: out=0, rdr=0, mra=0, tp_pct=0.0 with disabled detecting motions
/home/kestutis/miniconda3/envs/ITP259/lib/python3.11/site-packages/sklearn/base.py:486: UserWarning: X has feature names, but StandardScaler was fitted without feature names
  warnings.warn(
ectopy_stats={'ectN': 674, 'ectS': 1, 'ectV': 5, 'ectU': 4} with disabled detecting motions
Done 458/1088 | 1633365.691 | record time: 00:04

------------------------------------------------------------------------------------------
459/1088 | 1633366.318 | 1035_56 | row 585 | new: False | elapsed: 30:39
Noise stats for 1633366.318: out=0, rdr=0, mra=0, tp_pct=0.0 with enabled detecting motions

Noise stats for 1633366.318: out=0, rdr=0, mra=0, tp_pct=0.0 with disabled detecting motions
/home/kestutis/miniconda3/envs/ITP259/lib/python3.11/site-packages/sklearn/base.py:486: UserWarning: X has feature names, but StandardScaler was fitted without feature names
  warnings.warn(
ectopy_stats={'ectN': 659, 'ectS': 0, 'ectV': 5, 'ectU': 3} with disabled detecting motions
Done 459/1088 | 1633366.318 | record time: 00:04

------------------------------------------------------------------------------------------
460/1088 | 1633366.945 | 1035_5 | row 578 | new: False | elapsed: 30:43
Noise stats for 1633366.945: out=0, rdr=0, mra=0, tp_pct=0.0 with enabled detecting motions

Noise stats for 1633366.945: out=0, rdr=0, mra=0, tp_pct=0.0 with disabled detecting motions
/home/kestutis/miniconda3/envs/ITP259/lib/python3.11/site-packages/sklearn/base.py:486: UserWarning: X has feature names, but StandardScaler was fitted without feature names
  warnings.warn(
ectopy_stats={'ectN': 671, 'ectS': 0, 'ectV': 10, 'ectU': 3} with disabled detecting motions
Done 460/1088 | 1633366.945 | record time: 00:04

------------------------------------------------------------------------------------------
461/1088 | 1633367.572 | 1035_19 | row 544 | new: False | elapsed: 30:47
Noise stats for 1633367.572: out=0, rdr=0, mra=1, tp_pct=1.4 with enabled detecting motions

Noise stats for 1633367.572: out=0, rdr=0, mra=0, tp_pct=0.0 with disabled detecting motions
/home/kestutis/miniconda3/envs/ITP259/lib/python3.11/site-packages/sklearn/base.py:486: UserWarning: X has feature names, but StandardScaler was fitted without feature names
  warnings.warn(
ectopy_stats={'ectN': 633, 'ectS': 0, 'ectV': 7, 'ectU': 2} with disabled detecting motions
Done 461/1088 | 1633367.572 | record time: 00:04

------------------------------------------------------------------------------------------
462/1088 | 1633368.199 | 1035_41 | row 569 | new: False | elapsed: 30:50
Noise stats for 1633368.199: out=0, rdr=0, mra=1, tp_pct=1.4 with enabled detecting motions

Noise stats for 1633368.199: out=0, rdr=0, mra=0, tp_pct=0.0 with disabled detecting motions
/home/kestutis/miniconda3/envs/ITP259/lib/python3.11/site-packages/sklearn/base.py:486: UserWarning: X has feature names, but StandardScaler was fitted without feature names
  warnings.warn(
ectopy_stats={'ectN': 679, 'ectS': 0, 'ectV': 6, 'ectU': 4} with disabled detecting motions
Done 462/1088 | 1633368.199 | record time: 00:04

------------------------------------------------------------------------------------------
463/1088 | 1633368.826 | 1035_4 | row 567 | new: False | elapsed: 30:54
Noise stats for 1633368.826: out=0, rdr=0, mra=0, tp_pct=0.0 with enabled detecting motions

Noise stats for 1633368.826: out=0, rdr=0, mra=0, tp_pct=0.0 with disabled detecting motions
/home/kestutis/miniconda3/envs/ITP259/lib/python3.11/site-packages/sklearn/base.py:486: UserWarning: X has feature names, but StandardScaler was fitted without feature names
  warnings.warn(
ectopy_stats={'ectN': 610, 'ectS': 0, 'ectV': 12, 'ectU': 2} with disabled detecting motions
Done 463/1088 | 1633368.826 | record time: 00:04

------------------------------------------------------------------------------------------
464/1088 | 1633369.457 | 1035_113 | row 513 | new: False | elapsed: 30:58
Noise stats for 1633369.457: out=0, rdr=0, mra=2, tp_pct=4.5 with enabled detecting motions

Noise stats for 1633369.457: out=0, rdr=0, mra=0, tp_pct=0.0 with disabled detecting motions
/home/kestutis/miniconda3/envs/ITP259/lib/python3.11/site-packages/sklearn/base.py:486: UserWarning: X has feature names, but StandardScaler was fitted without feature names
  warnings.warn(
ectopy_stats={'ectN': 637, 'ectS': 0, 'ectV': 4, 'ectU': 2} with disabled detecting motions
Done 464/1088 | 1633369.457 | record time: 00:04

------------------------------------------------------------------------------------------
465/1088 | 1633370.083 | 1035_121 | row 522 | new: False | elapsed: 31:02
Noise stats for 1633370.083: out=1, rdr=0, mra=1, tp_pct=4.2 with enabled detecting motions

Noise stats for 1633370.083: out=1, rdr=0, mra=0, tp_pct=2.0 with disabled detecting motions
/home/kestutis/miniconda3/envs/ITP259/lib/python3.11/site-packages/sklearn/base.py:486: UserWarning: X has feature names, but StandardScaler was fitted without feature names
  warnings.warn(
ectopy_stats={'ectN': 643, 'ectS': 0, 'ectV': 2, 'ectU': 2} with disabled detecting motions
Done 465/1088 | 1633370.083 | record time: 00:04

------------------------------------------------------------------------------------------
466/1088 | 1633370.711 | 1035_61 | row 591 | new: False | elapsed: 31:06
Noise stats for 1633370.711: out=0, rdr=0, mra=2, tp_pct=4.1 with enabled detecting motions

Noise stats for 1633370.711: out=0, rdr=0, mra=0, tp_pct=0.0 with disabled detecting motions
/home/kestutis/miniconda3/envs/ITP259/lib/python3.11/site-packages/sklearn/base.py:486: UserWarning: X has feature names, but StandardScaler was fitted without feature names
  warnings.warn(
ectopy_stats={'ectN': 642, 'ectS': 0, 'ectV': 4, 'ectU': 4} with disabled detecting motions
Done 466/1088 | 1633370.711 | record time: 00:04

------------------------------------------------------------------------------------------
467/1088 | 1633371.338 | 1035_12 | row 520 | new: False | elapsed: 31:10
Noise stats for 1633371.338: out=0, rdr=0, mra=2, tp_pct=6.5 with enabled detecting motions

Noise stats for 1633371.338: out=0, rdr=0, mra=0, tp_pct=0.0 with disabled detecting motions
/home/kestutis/miniconda3/envs/ITP259/lib/python3.11/site-packages/sklearn/base.py:486: UserWarning: X has feature names, but StandardScaler was fitted without feature names
  warnings.warn(
ectopy_stats={'ectN': 633, 'ectS': 0, 'ectV': 10, 'ectU': 3} with disabled detecting motions
Done 467/1088 | 1633371.338 | record time: 00:04

------------------------------------------------------------------------------------------
468/1088 | 1633371.965 | 1035_109 | row 508 | new: False | elapsed: 31:13
Noise stats for 1633371.965: out=0, rdr=0, mra=0, tp_pct=0.0 with enabled detecting motions

Noise stats for 1633371.965: out=0, rdr=0, mra=0, tp_pct=0.0 with disabled detecting motions
/home/kestutis/miniconda3/envs/ITP259/lib/python3.11/site-packages/sklearn/base.py:486: UserWarning: X has feature names, but StandardScaler was fitted without feature names
  warnings.warn(
ectopy_stats={'ectN': 640, 'ectS': 0, 'ectV': 3, 'ectU': 2} with disabled detecting motions
Done 468/1088 | 1633371.965 | record time: 00:04

------------------------------------------------------------------------------------------
469/1088 | 1633372.592 | 1035_24 | row 550 | new: False | elapsed: 31:17
Noise stats for 1633372.592: out=0, rdr=0, mra=2, tp_pct=4.8 with enabled detecting motions

Noise stats for 1633372.592: out=0, rdr=0, mra=0, tp_pct=0.0 with disabled detecting motions
/home/kestutis/miniconda3/envs/ITP259/lib/python3.11/site-packages/sklearn/base.py:486: UserWarning: X has feature names, but StandardScaler was fitted without feature names
  warnings.warn(
ectopy_stats={'ectN': 647, 'ectS': 0, 'ectV': 7, 'ectU': 2} with disabled detecting motions
Done 469/1088 | 1633372.592 | record time: 00:04

------------------------------------------------------------------------------------------
470/1088 | 1633373.219 | 1035_110 | row 510 | new: False | elapsed: 31:21
Noise stats for 1633373.219: out=0, rdr=0, mra=1, tp_pct=2.3 with enabled detecting motions

Noise stats for 1633373.219: out=0, rdr=0, mra=0, tp_pct=0.0 with disabled detecting motions
/home/kestutis/miniconda3/envs/ITP259/lib/python3.11/site-packages/sklearn/base.py:486: UserWarning: X has feature names, but StandardScaler was fitted without feature names
  warnings.warn(
ectopy_stats={'ectN': 639, 'ectS': 0, 'ectV': 4, 'ectU': 2} with disabled detecting motions
Done 470/1088 | 1633373.219 | record time: 00:04

------------------------------------------------------------------------------------------
471/1088 | 1633373.847 | 1035_53 | row 582 | new: False | elapsed: 31:25
Noise stats for 1633373.847: out=1, rdr=0, mra=3, tp_pct=10.1 with enabled detecting motions

Noise stats for 1633373.847: out=1, rdr=0, mra=0, tp_pct=1.6 with disabled detecting motions
/home/kestutis/miniconda3/envs/ITP259/lib/python3.11/site-packages/sklearn/base.py:486: UserWarning: X has feature names, but StandardScaler was fitted without feature names
  warnings.warn(
ectopy_stats={'ectN': 658, 'ectS': 0, 'ectV': 6, 'ectU': 4} with disabled detecting motions
Done 471/1088 | 1633373.847 | record time: 00:04

------------------------------------------------------------------------------------------
472/1088 | 1633374.478 | 1035_28 | row 554 | new: False | elapsed: 31:29
Noise stats for 1633374.478: out=0, rdr=0, mra=1, tp_pct=2.4 with enabled detecting motions

Noise stats for 1633374.478: out=0, rdr=0, mra=0, tp_pct=0.0 with disabled detecting motions
/home/kestutis/miniconda3/envs/ITP259/lib/python3.11/site-packages/sklearn/base.py:486: UserWarning: X has feature names, but StandardScaler was fitted without feature names
  warnings.warn(
ectopy_stats={'ectN': 620, 'ectS': 0, 'ectV': 31, 'ectU': 3} with disabled detecting motions
Done 472/1088 | 1633374.478 | record time: 00:04

------------------------------------------------------------------------------------------
473/1088 | 1633375.105 | 1035_52 | row 581 | new: False | elapsed: 31:33
Noise stats for 1633375.105: out=0, rdr=0, mra=0, tp_pct=0.0 with enabled detecting motions

Noise stats for 1633375.105: out=0, rdr=0, mra=0, tp_pct=0.0 with disabled detecting motions
/home/kestutis/miniconda3/envs/ITP259/lib/python3.11/site-packages/sklearn/base.py:486: UserWarning: X has feature names, but StandardScaler was fitted without feature names
  warnings.warn(
ectopy_stats={'ectN': 682, 'ectS': 0, 'ectV': 6, 'ectU': 32} with disabled detecting motions
Done 473/1088 | 1633375.105 | record time: 00:04

------------------------------------------------------------------------------------------
474/1088 | 1633375.732 | 1035_75 | row 606 | new: False | elapsed: 31:37
Noise stats for 1633375.732: out=0, rdr=0, mra=0, tp_pct=0.0 with enabled detecting motions

Noise stats for 1633375.732: out=0, rdr=0, mra=0, tp_pct=0.0 with disabled detecting motions
/home/kestutis/miniconda3/envs/ITP259/lib/python3.11/site-packages/sklearn/base.py:486: UserWarning: X has feature names, but StandardScaler was fitted without feature names
  warnings.warn(
ectopy_stats={'ectN': 596, 'ectS': 0, 'ectV': 5, 'ectU': 2} with disabled detecting motions
Done 474/1088 | 1633375.732 | record time: 00:04

------------------------------------------------------------------------------------------
475/1088 | 1633376.36 | 1035_48 | row 576 | new: False | elapsed: 31:40
Noise stats for 1633376.360: out=0, rdr=0, mra=1, tp_pct=2.3 with enabled detecting motions

Noise stats for 1633376.360: out=0, rdr=0, mra=0, tp_pct=0.0 with disabled detecting motions
/home/kestutis/miniconda3/envs/ITP259/lib/python3.11/site-packages/sklearn/base.py:486: UserWarning: X has feature names, but StandardScaler was fitted without feature names
  warnings.warn(
ectopy_stats={'ectN': 607, 'ectS': 0, 'ectV': 6, 'ectU': 3} with disabled detecting motions
Done 475/1088 | 1633376.36 | record time: 00:04

------------------------------------------------------------------------------------------
476/1088 | 1633376.987 | 1035_22 | row 548 | new: False | elapsed: 31:44
Noise stats for 1633376.987: out=0, rdr=0, mra=0, tp_pct=0.0 with enabled detecting motions

Noise stats for 1633376.987: out=0, rdr=0, mra=0, tp_pct=0.0 with disabled detecting motions
/home/kestutis/miniconda3/envs/ITP259/lib/python3.11/site-packages/sklearn/base.py:486: UserWarning: X has feature names, but StandardScaler was fitted without feature names
  warnings.warn(
ectopy_stats={'ectN': 612, 'ectS': 0, 'ectV': 8, 'ectU': 2} with disabled detecting motions
Done 476/1088 | 1633376.987 | record time: 00:04

------------------------------------------------------------------------------------------
477/1088 | 1633377.616 | 1035_11 | row 509 | new: False | elapsed: 31:48
Noise stats for 1633377.616: out=0, rdr=0, mra=0, tp_pct=0.0 with enabled detecting motions

Noise stats for 1633377.616: out=0, rdr=0, mra=0, tp_pct=0.0 with disabled detecting motions
/home/kestutis/miniconda3/envs/ITP259/lib/python3.11/site-packages/sklearn/base.py:486: UserWarning: X has feature names, but StandardScaler was fitted without feature names
  warnings.warn(
ectopy_stats={'ectN': 588, 'ectS': 0, 'ectV': 9, 'ectU': 2} with disabled detecting motions
Done 477/1088 | 1633377.616 | record time: 00:04

------------------------------------------------------------------------------------------
478/1088 | 1633378.247 | 1035_43 | row 571 | new: False | elapsed: 31:52
Noise stats for 1633378.247: out=0, rdr=0, mra=1, tp_pct=1.4 with enabled detecting motions

Noise stats for 1633378.247: out=0, rdr=0, mra=0, tp_pct=0.0 with disabled detecting motions
/home/kestutis/miniconda3/envs/ITP259/lib/python3.11/site-packages/sklearn/base.py:486: UserWarning: X has feature names, but StandardScaler was fitted without feature names
  warnings.warn(
ectopy_stats={'ectN': 617, 'ectS': 0, 'ectV': 6, 'ectU': 2} with disabled detecting motions
Done 478/1088 | 1633378.247 | record time: 00:04

------------------------------------------------------------------------------------------
479/1088 | 1633378.874 | 1035_20 | row 546 | new: False | elapsed: 31:56
Noise stats for 1633378.874: out=1, rdr=0, mra=1, tp_pct=4.7 with enabled detecting motions

Noise stats for 1633378.874: out=1, rdr=0, mra=0, tp_pct=1.8 with disabled detecting motions
/home/kestutis/miniconda3/envs/ITP259/lib/python3.11/site-packages/sklearn/base.py:486: UserWarning: X has feature names, but StandardScaler was fitted without feature names
  warnings.warn(
ectopy_stats={'ectN': 654, 'ectS': 1, 'ectV': 6, 'ectU': 3} with disabled detecting motions
Done 479/1088 | 1633378.874 | record time: 00:04

------------------------------------------------------------------------------------------
480/1088 | 1633379.501 | 1035_14 | row 539 | new: False | elapsed: 31:59
Noise stats for 1633379.501: out=1, rdr=0, mra=0, tp_pct=1.6 with enabled detecting motions

Noise stats for 1633379.501: out=1, rdr=0, mra=0, tp_pct=1.6 with disabled detecting motions
/home/kestutis/miniconda3/envs/ITP259/lib/python3.11/site-packages/sklearn/base.py:486: UserWarning: X has feature names, but StandardScaler was fitted without feature names
  warnings.warn(
ectopy_stats={'ectN': 602, 'ectS': 0, 'ectV': 10, 'ectU': 2} with disabled detecting motions
Done 480/1088 | 1633379.501 | record time: 00:04

------------------------------------------------------------------------------------------
481/1088 | 1633380.128 | 1035_1 | row 497 | new: False | elapsed: 32:03
Noise stats for 1633380.128: out=0, rdr=0, mra=0, tp_pct=0.0 with enabled detecting motions

Noise stats for 1633380.128: out=0, rdr=0, mra=0, tp_pct=0.0 with disabled detecting motions
/home/kestutis/miniconda3/envs/ITP259/lib/python3.11/site-packages/sklearn/base.py:486: UserWarning: X has feature names, but StandardScaler was fitted without feature names
  warnings.warn(
ectopy_stats={'ectN': 605, 'ectS': 0, 'ectV': 14, 'ectU': 2} with disabled detecting motions
Done 481/1088 | 1633380.128 | record time: 00:04

------------------------------------------------------------------------------------------
482/1088 | 1633380.755 | 1035_0 | row 496 | new: False | elapsed: 32:07
Noise stats for 1633380.755: out=0, rdr=0, mra=0, tp_pct=0.0 with enabled detecting motions

Noise stats for 1633380.755: out=0, rdr=0, mra=0, tp_pct=0.0 with disabled detecting motions
/home/kestutis/miniconda3/envs/ITP259/lib/python3.11/site-packages/sklearn/base.py:486: UserWarning: X has feature names, but StandardScaler was fitted without feature names
  warnings.warn(
ectopy_stats={'ectN': 607, 'ectS': 0, 'ectV': 18, 'ectU': 2} with disabled detecting motions
Done 482/1088 | 1633380.755 | record time: 00:04

------------------------------------------------------------------------------------------
483/1088 | 1633381.382 | 1035_2 | row 545 | new: False | elapsed: 32:11
Noise stats for 1633381.382: out=0, rdr=0, mra=0, tp_pct=0.0 with enabled detecting motions

Noise stats for 1633381.382: out=0, rdr=0, mra=0, tp_pct=0.0 with disabled detecting motions
/home/kestutis/miniconda3/envs/ITP259/lib/python3.11/site-packages/sklearn/base.py:486: UserWarning: X has feature names, but StandardScaler was fitted without feature names
  warnings.warn(
ectopy_stats={'ectN': 646, 'ectS': 0, 'ectV': 12, 'ectU': 2} with disabled detecting motions
Done 483/1088 | 1633381.382 | record time: 00:04

------------------------------------------------------------------------------------------
484/1088 | 1633382.009 | 1035_7 | row 600 | new: False | elapsed: 32:15
Noise stats for 1633382.009: out=0, rdr=0, mra=0, tp_pct=0.0 with enabled detecting motions

Noise stats for 1633382.009: out=0, rdr=0, mra=0, tp_pct=0.0 with disabled detecting motions
/home/kestutis/miniconda3/envs/ITP259/lib/python3.11/site-packages/sklearn/base.py:486: UserWarning: X has feature names, but StandardScaler was fitted without feature names
  warnings.warn(
ectopy_stats={'ectN': 646, 'ectS': 0, 'ectV': 10, 'ectU': 2} with disabled detecting motions
Done 484/1088 | 1633382.009 | record time: 00:04

------------------------------------------------------------------------------------------
485/1088 | 1633382.636 | 1035_125 | row 526 | new: False | elapsed: 32:19
Noise stats for 1633382.636: out=1, rdr=0, mra=4, tp_pct=11.8 with enabled detecting motions

Noise stats for 1633382.636: out=1, rdr=0, mra=0, tp_pct=1.6 with disabled detecting motions
/home/kestutis/miniconda3/envs/ITP259/lib/python3.11/site-packages/sklearn/base.py:486: UserWarning: X has feature names, but StandardScaler was fitted without feature names
  warnings.warn(
ectopy_stats={'ectN': 707, 'ectS': 0, 'ectV': 7, 'ectU': 4} with disabled detecting motions
Done 485/1088 | 1633382.636 | record time: 00:04

------------------------------------------------------------------------------------------
486/1088 | 1633383.267 | 1035_116 | row 516 | new: False | elapsed: 32:22
Noise stats for 1633383.267: out=0, rdr=0, mra=1, tp_pct=2.4 with enabled detecting motions

Noise stats for 1633383.267: out=0, rdr=0, mra=0, tp_pct=0.0 with disabled detecting motions
/home/kestutis/miniconda3/envs/ITP259/lib/python3.11/site-packages/sklearn/base.py:486: UserWarning: X has feature names, but StandardScaler was fitted without feature names
  warnings.warn(
ectopy_stats={'ectN': 602, 'ectS': 0, 'ectV': 3, 'ectU': 2} with disabled detecting motions
Done 486/1088 | 1633383.267 | record time: 00:04

------------------------------------------------------------------------------------------
487/1088 | 1633383.894 | 1035_118 | row 518 | new: False | elapsed: 32:26
Noise stats for 1633383.894: out=0, rdr=0, mra=3, tp_pct=17.3 with enabled detecting motions

Noise stats for 1633383.894: out=0, rdr=0, mra=0, tp_pct=0.0 with disabled detecting motions
/home/kestutis/miniconda3/envs/ITP259/lib/python3.11/site-packages/sklearn/base.py:486: UserWarning: X has feature names, but StandardScaler was fitted without feature names
  warnings.warn(
ectopy_stats={'ectN': 569, 'ectS': 0, 'ectV': 3, 'ectU': 2} with disabled detecting motions
Done 487/1088 | 1633383.894 | record time: 00:04

------------------------------------------------------------------------------------------
488/1088 | 1633384.521 | 1035_77 | row 608 | new: False | elapsed: 32:30
Noise stats for 1633384.521: out=0, rdr=0, mra=7, tp_pct=92.1 with enabled detecting motions

Noise stats for 1633384.521: out=0, rdr=0, mra=0, tp_pct=0.0 with disabled detecting motions
/home/kestutis/miniconda3/envs/ITP259/lib/python3.11/site-packages/sklearn/base.py:486: UserWarning: X has feature names, but StandardScaler was fitted without feature names
  warnings.warn(
ectopy_stats={'ectN': 572, 'ectS': 0, 'ectV': 6, 'ectU': 2} with disabled detecting motions
Done 488/1088 | 1633384.521 | record time: 00:04

------------------------------------------------------------------------------------------
489/1088 | 1633385.148 | 1035_70 | row 601 | new: False | elapsed: 32:34
Noise stats for 1633385.148: out=0, rdr=0, mra=11, tp_pct=70.8 with enabled detecting motions

Noise stats for 1633385.148: out=0, rdr=0, mra=0, tp_pct=0.0 with disabled detecting motions
/home/kestutis/miniconda3/envs/ITP259/lib/python3.11/site-packages/sklearn/base.py:486: UserWarning: X has feature names, but StandardScaler was fitted without feature names
  warnings.warn(
ectopy_stats={'ectN': 572, 'ectS': 0, 'ectV': 5, 'ectU': 5} with disabled detecting motions
Done 489/1088 | 1633385.148 | record time: 00:04

------------------------------------------------------------------------------------------
490/1088 | 1633385.774 | 1035_117 | row 517 | new: False | elapsed: 32:37
Noise stats for 1633385.774: out=0, rdr=0, mra=2, tp_pct=96.5 with enabled detecting motions

Noise stats for 1633385.774: out=0, rdr=0, mra=0, tp_pct=0.0 with disabled detecting motions
/home/kestutis/miniconda3/envs/ITP259/lib/python3.11/site-packages/sklearn/base.py:486: UserWarning: X has feature names, but StandardScaler was fitted without feature names
  warnings.warn(
ectopy_stats={'ectN': 561, 'ectS': 0, 'ectV': 3, 'ectU': 2} with disabled detecting motions
Done 490/1088 | 1633385.774 | record time: 00:04

------------------------------------------------------------------------------------------
491/1088 | 1633386.401 | 1035_17 | row 542 | new: False | elapsed: 32:41
Noise stats for 1633386.401: out=0, rdr=0, mra=7, tp_pct=74.3 with enabled detecting motions

Noise stats for 1633386.401: out=0, rdr=0, mra=0, tp_pct=0.0 with disabled detecting motions
/home/kestutis/miniconda3/envs/ITP259/lib/python3.11/site-packages/sklearn/base.py:486: UserWarning: X has feature names, but StandardScaler was fitted without feature names
  warnings.warn(
ectopy_stats={'ectN': 579, 'ectS': 0, 'ectV': 9, 'ectU': 3} with disabled detecting motions
Done 491/1088 | 1633386.401 | record time: 00:04

------------------------------------------------------------------------------------------
492/1088 | 1633387.028 | 1035_80 | row 612 | new: False | elapsed: 32:45
Noise stats for 1633387.028: out=0, rdr=0, mra=12, tp_pct=81.2 with enabled detecting motions

Noise stats for 1633387.028: out=0, rdr=0, mra=0, tp_pct=0.0 with disabled detecting motions
/home/kestutis/miniconda3/envs/ITP259/lib/python3.11/site-packages/sklearn/base.py:486: UserWarning: X has feature names, but StandardScaler was fitted without feature names
  warnings.warn(
ectopy_stats={'ectN': 566, 'ectS': 0, 'ectV': 4, 'ectU': 3} with disabled detecting motions
Done 492/1088 | 1633387.028 | record time: 00:04

------------------------------------------------------------------------------------------
493/1088 | 1633387.656 | 1035_46 | row 574 | new: False | elapsed: 32:48
Noise stats for 1633387.656: out=0, rdr=0, mra=10, tp_pct=84.9 with enabled detecting motions

Noise stats for 1633387.656: out=0, rdr=0, mra=0, tp_pct=0.0 with disabled detecting motions
/home/kestutis/miniconda3/envs/ITP259/lib/python3.11/site-packages/sklearn/base.py:486: UserWarning: X has feature names, but StandardScaler was fitted without feature names
  warnings.warn(
ectopy_stats={'ectN': 542, 'ectS': 0, 'ectV': 8, 'ectU': 6} with disabled detecting motions
Done 493/1088 | 1633387.656 | record time: 00:04

------------------------------------------------------------------------------------------
494/1088 | 1633388.283 | 1035_82 | row 614 | new: False | elapsed: 32:52
Noise stats for 1633388.283: out=0, rdr=0, mra=9, tp_pct=86.9 with enabled detecting motions

Noise stats for 1633388.283: out=0, rdr=0, mra=0, tp_pct=0.0 with disabled detecting motions
/home/kestutis/miniconda3/envs/ITP259/lib/python3.11/site-packages/sklearn/base.py:486: UserWarning: X has feature names, but StandardScaler was fitted without feature names
  warnings.warn(
ectopy_stats={'ectN': 526, 'ectS': 0, 'ectV': 4, 'ectU': 2} with disabled detecting motions
Done 494/1088 | 1633388.283 | record time: 00:04

------------------------------------------------------------------------------------------
495/1088 | 1633388.91 | 1035_115 | row 515 | new: False | elapsed: 32:55
Noise stats for 1633388.910: out=0, rdr=0, mra=13, tp_pct=54.6 with enabled detecting motions

Noise stats for 1633388.910: out=0, rdr=0, mra=0, tp_pct=0.0 with disabled detecting motions
/home/kestutis/miniconda3/envs/ITP259/lib/python3.11/site-packages/sklearn/base.py:486: UserWarning: X has feature names, but StandardScaler was fitted without feature names
  warnings.warn(
ectopy_stats={'ectN': 523, 'ectS': 0, 'ectV': 3, 'ectU': 2} with disabled detecting motions
Done 495/1088 | 1633388.91 | record time: 00:04

------------------------------------------------------------------------------------------
496/1088 | 1633389.537 | 1035_131 | row 533 | new: False | elapsed: 32:59
Noise stats for 1633389.537: out=0, rdr=0, mra=8, tp_pct=45.7 with enabled detecting motions

Noise stats for 1633389.537: out=0, rdr=0, mra=0, tp_pct=0.0 with disabled detecting motions
/home/kestutis/miniconda3/envs/ITP259/lib/python3.11/site-packages/sklearn/base.py:486: UserWarning: X has feature names, but StandardScaler was fitted without feature names
  warnings.warn(
ectopy_stats={'ectN': 547, 'ectS': 0, 'ectV': 2, 'ectU': 3} with disabled detecting motions
Done 496/1088 | 1633389.537 | record time: 00:04

------------------------------------------------------------------------------------------
497/1088 | 1633390.168 | 1035_40 | row 568 | new: False | elapsed: 33:03
Noise stats for 1633390.168: out=0, rdr=0, mra=2, tp_pct=6.7 with enabled detecting motions

Noise stats for 1633390.168: out=0, rdr=0, mra=0, tp_pct=0.0 with disabled detecting motions
/home/kestutis/miniconda3/envs/ITP259/lib/python3.11/site-packages/sklearn/base.py:486: UserWarning: X has feature names, but StandardScaler was fitted without feature names
  warnings.warn(
ectopy_stats={'ectN': 575, 'ectS': 0, 'ectV': 5, 'ectU': 4} with disabled detecting motions
Done 497/1088 | 1633390.168 | record time: 00:04

------------------------------------------------------------------------------------------
498/1088 | 1633390.794 | 1035_114 | row 514 | new: False | elapsed: 33:06
Noise stats for 1633390.794: out=0, rdr=0, mra=2, tp_pct=3.8 with enabled detecting motions

Noise stats for 1633390.794: out=0, rdr=0, mra=0, tp_pct=0.0 with disabled detecting motions
/home/kestutis/miniconda3/envs/ITP259/lib/python3.11/site-packages/sklearn/base.py:486: UserWarning: X has feature names, but StandardScaler was fitted without feature names
  warnings.warn(
ectopy_stats={'ectN': 524, 'ectS': 0, 'ectV': 3, 'ectU': 2} with disabled detecting motions
Done 498/1088 | 1633390.794 | record time: 00:04

------------------------------------------------------------------------------------------
499/1088 | 1633391.421 | 1035_112 | row 512 | new: False | elapsed: 33:10
Noise stats for 1633391.421: out=0, rdr=0, mra=1, tp_pct=5.8 with enabled detecting motions

Noise stats for 1633391.421: out=0, rdr=0, mra=0, tp_pct=0.0 with disabled detecting motions
/home/kestutis/miniconda3/envs/ITP259/lib/python3.11/site-packages/sklearn/base.py:486: UserWarning: X has feature names, but StandardScaler was fitted without feature names
  warnings.warn(
ectopy_stats={'ectN': 587, 'ectS': 0, 'ectV': 3, 'ectU': 3} with disabled detecting motions
Done 499/1088 | 1633391.421 | record time: 00:04

------------------------------------------------------------------------------------------
500/1088 | 1633392.048 | 1035_119 | row 519 | new: False | elapsed: 33:14
Noise stats for 1633392.048: out=0, rdr=0, mra=0, tp_pct=0.0 with enabled detecting motions

Noise stats for 1633392.048: out=0, rdr=0, mra=0, tp_pct=0.0 with disabled detecting motions
/home/kestutis/miniconda3/envs/ITP259/lib/python3.11/site-packages/sklearn/base.py:486: UserWarning: X has feature names, but StandardScaler was fitted without feature names
  warnings.warn(
ectopy_stats={'ectN': 560, 'ectS': 0, 'ectV': 2, 'ectU': 2} with disabled detecting motions
Done 500/1088 | 1633392.048 | record time: 00:04

------------------------------------------------------------------------------------------
501/1088 | 1633392.675 | 1035_31 | row 558 | new: False | elapsed: 33:17
Noise stats for 1633392.675: out=0, rdr=0, mra=1, tp_pct=29.0 with enabled detecting motions

Noise stats for 1633392.675: out=0, rdr=0, mra=0, tp_pct=0.0 with disabled detecting motions
/home/kestutis/miniconda3/envs/ITP259/lib/python3.11/site-packages/sklearn/base.py:486: UserWarning: X has feature names, but StandardScaler was fitted without feature names
  warnings.warn(
ectopy_stats={'ectN': 558, 'ectS': 0, 'ectV': 6, 'ectU': 2} with disabled detecting motions
Done 501/1088 | 1633392.675 | record time: 00:04

------------------------------------------------------------------------------------------
502/1088 | 1633393.302 | 1035_83 | row 615 | new: False | elapsed: 33:21
Noise stats for 1633393.302: out=0, rdr=0, mra=11, tp_pct=88.3 with enabled detecting motions

Noise stats for 1633393.302: out=0, rdr=0, mra=0, tp_pct=0.0 with disabled detecting motions
/home/kestutis/miniconda3/envs/ITP259/lib/python3.11/site-packages/sklearn/base.py:486: UserWarning: X has feature names, but StandardScaler was fitted without feature names
  warnings.warn(
ectopy_stats={'ectN': 570, 'ectS': 0, 'ectV': 4, 'ectU': 2} with disabled detecting motions
Done 502/1088 | 1633393.302 | record time: 00:04

------------------------------------------------------------------------------------------
503/1088 | 1633393.929 | 1035_71 | row 602 | new: False | elapsed: 33:24
Noise stats for 1633393.929: out=0, rdr=0, mra=9, tp_pct=90.9 with enabled detecting motions

Noise stats for 1633393.929: out=0, rdr=0, mra=0, tp_pct=0.0 with disabled detecting motions
/home/kestutis/miniconda3/envs/ITP259/lib/python3.11/site-packages/sklearn/base.py:486: UserWarning: X has feature names, but StandardScaler was fitted without feature names
  warnings.warn(
ectopy_stats={'ectN': 565, 'ectS': 0, 'ectV': 5, 'ectU': 3} with disabled detecting motions
Done 503/1088 | 1633393.929 | record time: 00:04

------------------------------------------------------------------------------------------
504/1088 | 1633394.557 | 1035_72 | row 603 | new: False | elapsed: 33:28
Noise stats for 1633394.557: out=0, rdr=0, mra=9, tp_pct=87.6 with enabled detecting motions

Noise stats for 1633394.557: out=0, rdr=0, mra=0, tp_pct=0.0 with disabled detecting motions
/home/kestutis/miniconda3/envs/ITP259/lib/python3.11/site-packages/sklearn/base.py:486: UserWarning: X has feature names, but StandardScaler was fitted without feature names
  warnings.warn(
ectopy_stats={'ectN': 555, 'ectS': 0, 'ectV': 4, 'ectU': 2} with disabled detecting motions
Done 504/1088 | 1633394.557 | record time: 00:04

------------------------------------------------------------------------------------------
505/1088 | 1633395.185 | 1035_76 | row 607 | new: False | elapsed: 33:32
Noise stats for 1633395.185: out=1, rdr=0, mra=6, tp_pct=26.1 with enabled detecting motions

Noise stats for 1633395.185: out=1, rdr=0, mra=0, tp_pct=1.7 with disabled detecting motions
/home/kestutis/miniconda3/envs/ITP259/lib/python3.11/site-packages/sklearn/base.py:486: UserWarning: X has feature names, but StandardScaler was fitted without feature names
  warnings.warn(
ectopy_stats={'ectN': 590, 'ectS': 0, 'ectV': 4, 'ectU': 3} with disabled detecting motions
Done 505/1088 | 1633395.185 | record time: 00:04

------------------------------------------------------------------------------------------
506/1088 | 1633395.812 | 1035_16 | row 541 | new: False | elapsed: 33:35
Noise stats for 1633395.812: out=0, rdr=0, mra=3, tp_pct=7.2 with enabled detecting motions

Noise stats for 1633395.812: out=0, rdr=0, mra=0, tp_pct=0.0 with disabled detecting motions
/home/kestutis/miniconda3/envs/ITP259/lib/python3.11/site-packages/sklearn/base.py:486: UserWarning: X has feature names, but StandardScaler was fitted without feature names
  warnings.warn(
ectopy_stats={'ectN': 598, 'ectS': 0, 'ectV': 10, 'ectU': 8} with disabled detecting motions
Done 506/1088 | 1633395.812 | record time: 00:04

------------------------------------------------------------------------------------------
507/1088 | 1633396.439 | 1035_15 | row 540 | new: False | elapsed: 33:39
Noise stats for 1633396.439: out=1, rdr=0, mra=3, tp_pct=9.5 with enabled detecting motions

Noise stats for 1633396.439: out=1, rdr=0, mra=0, tp_pct=2.1 with disabled detecting motions
/home/kestutis/miniconda3/envs/ITP259/lib/python3.11/site-packages/sklearn/base.py:486: UserWarning: X has feature names, but StandardScaler was fitted without feature names
  warnings.warn(
ectopy_stats={'ectN': 568, 'ectS': 0, 'ectV': 8, 'ectU': 3} with disabled detecting motions
Done 507/1088 | 1633396.439 | record time: 00:04

------------------------------------------------------------------------------------------
508/1088 | 1633397.066 | 1035_78 | row 609 | new: False | elapsed: 33:43
Noise stats for 1633397.066: out=0, rdr=0, mra=2, tp_pct=4.9 with enabled detecting motions

Noise stats for 1633397.066: out=0, rdr=0, mra=0, tp_pct=0.0 with disabled detecting motions
/home/kestutis/miniconda3/envs/ITP259/lib/python3.11/site-packages/sklearn/base.py:486: UserWarning: X has feature names, but StandardScaler was fitted without feature names
  warnings.warn(
ectopy_stats={'ectN': 525, 'ectS': 0, 'ectV': 4, 'ectU': 2} with disabled detecting motions
Done 508/1088 | 1633397.066 | record time: 00:04

------------------------------------------------------------------------------------------
509/1088 | 1633397.693 | 1035_101 | row 500 | new: False | elapsed: 33:46
Noise stats for 1633397.693: out=0, rdr=0, mra=4, tp_pct=69.1 with enabled detecting motions

Noise stats for 1633397.693: out=0, rdr=0, mra=0, tp_pct=0.0 with disabled detecting motions
/home/kestutis/miniconda3/envs/ITP259/lib/python3.11/site-packages/sklearn/base.py:486: UserWarning: X has feature names, but StandardScaler was fitted without feature names
  warnings.warn(
ectopy_stats={'ectN': 511, 'ectS': 0, 'ectV': 7, 'ectU': 3} with disabled detecting motions
Done 509/1088 | 1633397.693 | record time: 00:04

------------------------------------------------------------------------------------------
510/1088 | 1633398.32 | 1035_130 | row 532 | new: False | elapsed: 33:50
Noise stats for 1633398.320: out=0, rdr=0, mra=3, tp_pct=97.8 with enabled detecting motions

Noise stats for 1633398.320: out=0, rdr=0, mra=0, tp_pct=0.0 with disabled detecting motions
/home/kestutis/miniconda3/envs/ITP259/lib/python3.11/site-packages/sklearn/base.py:486: UserWarning: X has feature names, but StandardScaler was fitted without feature names
  warnings.warn(
ectopy_stats={'ectN': 510, 'ectS': 0, 'ectV': 10, 'ectU': 2} with disabled detecting motions
Done 510/1088 | 1633398.32 | record time: 00:04

------------------------------------------------------------------------------------------
511/1088 | 1633398.947 | 1035_129 | row 530 | new: False | elapsed: 33:53
Noise stats for 1633398.947: out=0, rdr=0, mra=2, tp_pct=48.1 with enabled detecting motions

Noise stats for 1633398.947: out=0, rdr=0, mra=0, tp_pct=0.0 with disabled detecting motions
/home/kestutis/miniconda3/envs/ITP259/lib/python3.11/site-packages/sklearn/base.py:486: UserWarning: X has feature names, but StandardScaler was fitted without feature names
  warnings.warn(
ectopy_stats={'ectN': 532, 'ectS': 0, 'ectV': 4, 'ectU': 2} with disabled detecting motions
Done 511/1088 | 1633398.947 | record time: 00:04

------------------------------------------------------------------------------------------
512/1088 | 1633399.578 | 1035_79 | row 610 | new: False | elapsed: 33:57
Noise stats for 1633399.578: out=1, rdr=0, mra=5, tp_pct=17.6 with enabled detecting motions

Noise stats for 1633399.578: out=1, rdr=0, mra=0, tp_pct=1.8 with disabled detecting motions
/home/kestutis/miniconda3/envs/ITP259/lib/python3.11/site-packages/sklearn/base.py:486: UserWarning: X has feature names, but StandardScaler was fitted without feature names
  warnings.warn(
ectopy_stats={'ectN': 527, 'ectS': 0, 'ectV': 7, 'ectU': 4} with disabled detecting motions
Done 512/1088 | 1633399.578 | record time: 00:04

------------------------------------------------------------------------------------------
513/1088 | 1633400.205 | 1035_98 | row 631 | new: False | elapsed: 34:01
Noise stats for 1633400.205: out=0, rdr=0, mra=3, tp_pct=8.6 with enabled detecting motions

Noise stats for 1633400.205: out=0, rdr=0, mra=0, tp_pct=0.0 with disabled detecting motions
/home/kestutis/miniconda3/envs/ITP259/lib/python3.11/site-packages/sklearn/base.py:486: UserWarning: X has feature names, but StandardScaler was fitted without feature names
  warnings.warn(
ectopy_stats={'ectN': 508, 'ectS': 0, 'ectV': 3, 'ectU': 2} with disabled detecting motions
Done 513/1088 | 1633400.205 | record time: 00:03

------------------------------------------------------------------------------------------
514/1088 | 1633400.832 | 1035_104 | row 503 | new: False | elapsed: 34:04
Noise stats for 1633400.832: out=0, rdr=0, mra=8, tp_pct=23.3 with enabled detecting motions

Noise stats for 1633400.832: out=0, rdr=0, mra=0, tp_pct=0.0 with disabled detecting motions
/home/kestutis/miniconda3/envs/ITP259/lib/python3.11/site-packages/sklearn/base.py:486: UserWarning: X has feature names, but StandardScaler was fitted without feature names
  warnings.warn(
ectopy_stats={'ectN': 510, 'ectS': 0, 'ectV': 3, 'ectU': 2} with disabled detecting motions
Done 514/1088 | 1633400.832 | record time: 00:04

------------------------------------------------------------------------------------------
515/1088 | 1633401.459 | 1035_127 | row 528 | new: False | elapsed: 34:08
Noise stats for 1633401.459: out=0, rdr=0, mra=0, tp_pct=0.0 with enabled detecting motions

Noise stats for 1633401.459: out=0, rdr=0, mra=0, tp_pct=0.0 with disabled detecting motions
/home/kestutis/miniconda3/envs/ITP259/lib/python3.11/site-packages/sklearn/base.py:486: UserWarning: X has feature names, but StandardScaler was fitted without feature names
  warnings.warn(
ectopy_stats={'ectN': 518, 'ectS': 0, 'ectV': 2, 'ectU': 2} with disabled detecting motions
Done 515/1088 | 1633401.459 | record time: 00:04

------------------------------------------------------------------------------------------
516/1088 | 1633402.086 | 1035_33 | row 560 | new: False | elapsed: 34:11
Noise stats for 1633402.086: out=0, rdr=0, mra=4, tp_pct=13.2 with enabled detecting motions

Noise stats for 1633402.086: out=0, rdr=0, mra=0, tp_pct=0.0 with disabled detecting motions
/home/kestutis/miniconda3/envs/ITP259/lib/python3.11/site-packages/sklearn/base.py:486: UserWarning: X has feature names, but StandardScaler was fitted without feature names
  warnings.warn(
ectopy_stats={'ectN': 527, 'ectS': 0, 'ectV': 5, 'ectU': 7} with disabled detecting motions
Done 516/1088 | 1633402.086 | record time: 00:04

------------------------------------------------------------------------------------------
517/1088 | 1633402.714 | 1035_81 | row 613 | new: False | elapsed: 34:15
Noise stats for 1633402.714: out=0, rdr=0, mra=2, tp_pct=6.6 with enabled detecting motions

Noise stats for 1633402.714: out=0, rdr=0, mra=0, tp_pct=0.0 with disabled detecting motions
/home/kestutis/miniconda3/envs/ITP259/lib/python3.11/site-packages/sklearn/base.py:486: UserWarning: X has feature names, but StandardScaler was fitted without feature names
  warnings.warn(
ectopy_stats={'ectN': 587, 'ectS': 0, 'ectV': 4, 'ectU': 3} with disabled detecting motions
Done 517/1088 | 1633402.714 | record time: 00:04

------------------------------------------------------------------------------------------
518/1088 | 1633403.341 | 1035_107 | row 506 | new: False | elapsed: 34:18
Noise stats for 1633403.341: out=0, rdr=0, mra=0, tp_pct=0.0 with enabled detecting motions

Noise stats for 1633403.341: out=0, rdr=0, mra=0, tp_pct=0.0 with disabled detecting motions
/home/kestutis/miniconda3/envs/ITP259/lib/python3.11/site-packages/sklearn/base.py:486: UserWarning: X has feature names, but StandardScaler was fitted without feature names
  warnings.warn(
ectopy_stats={'ectN': 520, 'ectS': 0, 'ectV': 3, 'ectU': 2} with disabled detecting motions
Done 518/1088 | 1633403.341 | record time: 00:04

------------------------------------------------------------------------------------------
519/1088 | 1633403.969 | 1035_108 | row 507 | new: False | elapsed: 34:22
Noise stats for 1633403.969: out=0, rdr=0, mra=0, tp_pct=0.0 with enabled detecting motions

Noise stats for 1633403.969: out=0, rdr=0, mra=0, tp_pct=0.0 with disabled detecting motions
/home/kestutis/miniconda3/envs/ITP259/lib/python3.11/site-packages/sklearn/base.py:486: UserWarning: X has feature names, but StandardScaler was fitted without feature names
  warnings.warn(
ectopy_stats={'ectN': 523, 'ectS': 0, 'ectV': 3, 'ectU': 2} with disabled detecting motions
Done 519/1088 | 1633403.969 | record time: 00:04

------------------------------------------------------------------------------------------
520/1088 | 1633404.596 | 1035_103 | row 502 | new: False | elapsed: 34:26
Noise stats for 1633404.596: out=0, rdr=0, mra=0, tp_pct=0.0 with enabled detecting motions

Noise stats for 1633404.596: out=0, rdr=0, mra=0, tp_pct=0.0 with disabled detecting motions
/home/kestutis/miniconda3/envs/ITP259/lib/python3.11/site-packages/sklearn/base.py:486: UserWarning: X has feature names, but StandardScaler was fitted without feature names
  warnings.warn(
ectopy_stats={'ectN': 522, 'ectS': 0, 'ectV': 3, 'ectU': 2} with disabled detecting motions
Done 520/1088 | 1633404.596 | record time: 00:04

------------------------------------------------------------------------------------------
521/1088 | 1633405.227 | 1035_124 | row 525 | new: False | elapsed: 34:29
Noise stats for 1633405.227: out=1, rdr=0, mra=3, tp_pct=7.5 with enabled detecting motions

Noise stats for 1633405.227: out=1, rdr=0, mra=0, tp_pct=1.8 with disabled detecting motions
/home/kestutis/miniconda3/envs/ITP259/lib/python3.11/site-packages/sklearn/base.py:486: UserWarning: X has feature names, but StandardScaler was fitted without feature names
  warnings.warn(
ectopy_stats={'ectN': 591, 'ectS': 0, 'ectV': 2, 'ectU': 4} with disabled detecting motions
Done 521/1088 | 1633405.227 | record time: 00:04

------------------------------------------------------------------------------------------
522/1088 | 1633405.853 | 1035_8 | row 611 | new: False | elapsed: 34:33
Noise stats for 1633405.853: out=0, rdr=0, mra=0, tp_pct=0.0 with enabled detecting motions

Noise stats for 1633405.853: out=0, rdr=0, mra=0, tp_pct=0.0 with disabled detecting motions
/home/kestutis/miniconda3/envs/ITP259/lib/python3.11/site-packages/sklearn/base.py:486: UserWarning: X has feature names, but StandardScaler was fitted without feature names
  warnings.warn(
ectopy_stats={'ectN': 603, 'ectS': 0, 'ectV': 36, 'ectU': 28} with disabled detecting motions
Done 522/1088 | 1633405.853 | record time: 00:04

------------------------------------------------------------------------------------------
523/1088 | 1633406.48 | 1035_63 | row 593 | new: False | elapsed: 34:37
Noise stats for 1633406.480: out=1, rdr=0, mra=0, tp_pct=1.7 with enabled detecting motions

Noise stats for 1633406.480: out=1, rdr=0, mra=0, tp_pct=1.7 with disabled detecting motions
/home/kestutis/miniconda3/envs/ITP259/lib/python3.11/site-packages/sklearn/base.py:486: UserWarning: X has feature names, but StandardScaler was fitted without feature names
  warnings.warn(
ectopy_stats={'ectN': 739, 'ectS': 0, 'ectV': 21, 'ectU': 28} with disabled detecting motions
Done 523/1088 | 1633406.48 | record time: 00:04

------------------------------------------------------------------------------------------
524/1088 | 1633407.108 | 1035_34 | row 561 | new: False | elapsed: 34:41
Noise stats for 1633407.108: out=1, rdr=0, mra=3, tp_pct=10.9 with enabled detecting motions

Noise stats for 1633407.108: out=1, rdr=0, mra=0, tp_pct=1.9 with disabled detecting motions
/home/kestutis/miniconda3/envs/ITP259/lib/python3.11/site-packages/sklearn/base.py:486: UserWarning: X has feature names, but StandardScaler was fitted without feature names
  warnings.warn(
ectopy_stats={'ectN': 776, 'ectS': 0, 'ectV': 11, 'ectU': 30} with disabled detecting motions
Done 524/1088 | 1633407.108 | record time: 00:04

------------------------------------------------------------------------------------------
525/1088 | 1633407.735 | 1035_57 | row 586 | new: False | elapsed: 34:45
Noise stats for 1633407.735: out=0, rdr=0, mra=1, tp_pct=2.9 with enabled detecting motions

Noise stats for 1633407.735: out=0, rdr=0, mra=0, tp_pct=0.0 with disabled detecting motions
/home/kestutis/miniconda3/envs/ITP259/lib/python3.11/site-packages/sklearn/base.py:486: UserWarning: X has feature names, but StandardScaler was fitted without feature names
  warnings.warn(
ectopy_stats={'ectN': 795, 'ectS': 1, 'ectV': 6, 'ectU': 42} with disabled detecting motions
Done 525/1088 | 1633407.735 | record time: 00:04

------------------------------------------------------------------------------------------
526/1088 | 1633408.362 | 1035_13 | row 531 | new: False | elapsed: 34:49
Noise stats for 1633408.362: out=0, rdr=0, mra=8, tp_pct=24.4 with enabled detecting motions

Noise stats for 1633408.362: out=0, rdr=0, mra=0, tp_pct=0.0 with disabled detecting motions
/home/kestutis/miniconda3/envs/ITP259/lib/python3.11/site-packages/sklearn/base.py:486: UserWarning: X has feature names, but StandardScaler was fitted without feature names
  warnings.warn(
ectopy_stats={'ectN': 624, 'ectS': 0, 'ectV': 41, 'ectU': 38} with disabled detecting motions
Done 526/1088 | 1633408.362 | record time: 00:04

------------------------------------------------------------------------------------------
527/1088 | 1633408.989 | 1035_6 | row 589 | new: False | elapsed: 34:53
Noise stats for 1633408.989: out=0, rdr=0, mra=0, tp_pct=0.0 with enabled detecting motions

Noise stats for 1633408.989: out=0, rdr=0, mra=0, tp_pct=0.0 with disabled detecting motions
/home/kestutis/miniconda3/envs/ITP259/lib/python3.11/site-packages/sklearn/base.py:486: UserWarning: X has feature names, but StandardScaler was fitted without feature names
  warnings.warn(
ectopy_stats={'ectN': 664, 'ectS': 0, 'ectV': 17, 'ectU': 7} with disabled detecting motions
Done 527/1088 | 1633408.989 | record time: 00:04

------------------------------------------------------------------------------------------
528/1088 | 1633409.617 | 1035_51 | row 580 | new: False | elapsed: 34:57
Noise stats for 1633409.617: out=0, rdr=0, mra=1, tp_pct=2.8 with enabled detecting motions

Noise stats for 1633409.617: out=0, rdr=0, mra=0, tp_pct=0.0 with disabled detecting motions
/home/kestutis/miniconda3/envs/ITP259/lib/python3.11/site-packages/sklearn/base.py:486: UserWarning: X has feature names, but StandardScaler was fitted without feature names
  warnings.warn(
ectopy_stats={'ectN': 686, 'ectS': 0, 'ectV': 6, 'ectU': 4} with disabled detecting motions
Done 528/1088 | 1633409.617 | record time: 00:04

------------------------------------------------------------------------------------------
529/1088 | 1633410.244 | 1035_85 | row 617 | new: False | elapsed: 35:01
Noise stats for 1633410.244: out=1, rdr=0, mra=0, tp_pct=2.5 with enabled detecting motions

Noise stats for 1633410.244: out=1, rdr=0, mra=0, tp_pct=2.5 with disabled detecting motions
/home/kestutis/miniconda3/envs/ITP259/lib/python3.11/site-packages/sklearn/base.py:486: UserWarning: X has feature names, but StandardScaler was fitted without feature names
  warnings.warn(
ectopy_stats={'ectN': 417, 'ectS': 0, 'ectV': 21, 'ectU': 8} with disabled detecting motions
Done 529/1088 | 1633410.244 | record time: 00:02

------------------------------------------------------------------------------------------
530/1088 | 1633424.804 | 1030_33 | row 423 | new: False | elapsed: 35:03
Noise stats for 1633424.804: out=3, rdr=0, mra=4, tp_pct=13.3 with enabled detecting motions

Noise stats for 1633424.804: out=3, rdr=0, mra=0, tp_pct=3.9 with disabled detecting motions
/home/kestutis/miniconda3/envs/ITP259/lib/python3.11/site-packages/sklearn/base.py:486: UserWarning: X has feature names, but StandardScaler was fitted without feature names
  warnings.warn(
ectopy_stats={'ectN': 876, 'ectS': 9, 'ectV': 13, 'ectU': 4} with disabled detecting motions
Done 530/1088 | 1633424.804 | record time: 00:05

------------------------------------------------------------------------------------------
531/1088 | 1633425.432 | 1030_32 | row 422 | new: False | elapsed: 35:08
Noise stats for 1633425.432: out=1, rdr=0, mra=4, tp_pct=9.6 with enabled detecting motions

Noise stats for 1633425.432: out=1, rdr=0, mra=0, tp_pct=1.6 with disabled detecting motions
/home/kestutis/miniconda3/envs/ITP259/lib/python3.11/site-packages/sklearn/base.py:486: UserWarning: X has feature names, but StandardScaler was fitted without feature names
  warnings.warn(
ectopy_stats={'ectN': 912, 'ectS': 11, 'ectV': 15, 'ectU': 2} with disabled detecting motions
Done 531/1088 | 1633425.432 | record time: 00:05

------------------------------------------------------------------------------------------
532/1088 | 1633426.058 | 1030_31 | row 421 | new: False | elapsed: 35:12
Noise stats for 1633426.058: out=0, rdr=0, mra=0, tp_pct=0.0 with enabled detecting motions

Noise stats for 1633426.058: out=0, rdr=0, mra=0, tp_pct=0.0 with disabled detecting motions
/home/kestutis/miniconda3/envs/ITP259/lib/python3.11/site-packages/sklearn/base.py:486: UserWarning: X has feature names, but StandardScaler was fitted without feature names
  warnings.warn(
ectopy_stats={'ectN': 879, 'ectS': 2, 'ectV': 21, 'ectU': 2} with disabled detecting motions
Done 532/1088 | 1633426.058 | record time: 00:04

------------------------------------------------------------------------------------------
533/1088 | 1633426.684 | 1030_20 | row 409 | new: False | elapsed: 35:17
Noise stats for 1633426.684: out=0, rdr=0, mra=2, tp_pct=4.5 with enabled detecting motions

Noise stats for 1633426.684: out=0, rdr=0, mra=0, tp_pct=0.0 with disabled detecting motions
/home/kestutis/miniconda3/envs/ITP259/lib/python3.11/site-packages/sklearn/base.py:486: UserWarning: X has feature names, but StandardScaler was fitted without feature names
  warnings.warn(
ectopy_stats={'ectN': 933, 'ectS': 19, 'ectV': 53, 'ectU': 2} with disabled detecting motions
Done 533/1088 | 1633426.684 | record time: 00:05

------------------------------------------------------------------------------------------
534/1088 | 1633427.309 | 1030_24 | row 413 | new: False | elapsed: 35:21
Noise stats for 1633427.309: out=0, rdr=0, mra=4, tp_pct=11.5 with enabled detecting motions

Noise stats for 1633427.309: out=0, rdr=0, mra=0, tp_pct=0.0 with disabled detecting motions
/home/kestutis/miniconda3/envs/ITP259/lib/python3.11/site-packages/sklearn/base.py:486: UserWarning: X has feature names, but StandardScaler was fitted without feature names
  warnings.warn(
ectopy_stats={'ectN': 928, 'ectS': 19, 'ectV': 32, 'ectU': 20} with disabled detecting motions
Done 534/1088 | 1633427.309 | record time: 00:05

------------------------------------------------------------------------------------------
535/1088 | 1633427.935 | 1030_12 | row 400 | new: False | elapsed: 35:26
Noise stats for 1633427.935: out=0, rdr=0, mra=3, tp_pct=8.2 with enabled detecting motions

Noise stats for 1633427.935: out=0, rdr=0, mra=0, tp_pct=0.0 with disabled detecting motions
/home/kestutis/miniconda3/envs/ITP259/lib/python3.11/site-packages/sklearn/base.py:486: UserWarning: X has feature names, but StandardScaler was fitted without feature names
  warnings.warn(
ectopy_stats={'ectN': 994, 'ectS': 64, 'ectV': 8, 'ectU': 2} with disabled detecting motions
Done 535/1088 | 1633427.935 | record time: 00:05

------------------------------------------------------------------------------------------
536/1088 | 1633428.56 | 1030_4 | row 424 | new: False | elapsed: 35:31
Noise stats for 1633428.560: out=0, rdr=0, mra=3, tp_pct=8.5 with enabled detecting motions

Noise stats for 1633428.560: out=0, rdr=0, mra=0, tp_pct=0.0 with disabled detecting motions
/home/kestutis/miniconda3/envs/ITP259/lib/python3.11/site-packages/sklearn/base.py:486: UserWarning: X has feature names, but StandardScaler was fitted without feature names
  warnings.warn(
ectopy_stats={'ectN': 993, 'ectS': 62, 'ectV': 40, 'ectU': 25} with disabled detecting motions
Done 536/1088 | 1633428.56 | record time: 00:05

------------------------------------------------------------------------------------------
537/1088 | 1633429.186 | 1030_6 | row 426 | new: False | elapsed: 35:36
Noise stats for 1633429.186: out=0, rdr=0, mra=8, tp_pct=52.8 with enabled detecting motions

Noise stats for 1633429.186: out=0, rdr=0, mra=0, tp_pct=0.0 with disabled detecting motions
/home/kestutis/miniconda3/envs/ITP259/lib/python3.11/site-packages/sklearn/base.py:486: UserWarning: X has feature names, but StandardScaler was fitted without feature names
  warnings.warn(
ectopy_stats={'ectN': 1041, 'ectS': 36, 'ectV': 106, 'ectU': 15} with disabled detecting motions
Done 537/1088 | 1633429.186 | record time: 00:05

------------------------------------------------------------------------------------------
538/1088 | 1633429.81 | 1030_11 | row 399 | new: False | elapsed: 35:41
Noise stats for 1633429.810: out=0, rdr=0, mra=7, tp_pct=67.9 with enabled detecting motions

Noise stats for 1633429.810: out=0, rdr=0, mra=0, tp_pct=0.0 with disabled detecting motions
/home/kestutis/miniconda3/envs/ITP259/lib/python3.11/site-packages/sklearn/base.py:486: UserWarning: X has feature names, but StandardScaler was fitted without feature names
  warnings.warn(
ectopy_stats={'ectN': 1046, 'ectS': 27, 'ectV': 85, 'ectU': 8} with disabled detecting motions
Done 538/1088 | 1633429.81 | record time: 00:05

------------------------------------------------------------------------------------------
539/1088 | 1633430.44 | 1030_18 | row 406 | new: False | elapsed: 35:46
Noise stats for 1633430.440: out=0, rdr=0, mra=11, tp_pct=49.5 with enabled detecting motions

Noise stats for 1633430.440: out=0, rdr=0, mra=0, tp_pct=0.0 with disabled detecting motions
/home/kestutis/miniconda3/envs/ITP259/lib/python3.11/site-packages/sklearn/base.py:486: UserWarning: X has feature names, but StandardScaler was fitted without feature names
  warnings.warn(
ectopy_stats={'ectN': 1060, 'ectS': 14, 'ectV': 59, 'ectU': 15} with disabled detecting motions
Done 539/1088 | 1633430.44 | record time: 00:05

------------------------------------------------------------------------------------------
540/1088 | 1633431.065 | 1030_25 | row 414 | new: False | elapsed: 35:51
Noise stats for 1633431.065: out=0, rdr=0, mra=6, tp_pct=39.9 with enabled detecting motions

Noise stats for 1633431.065: out=0, rdr=0, mra=0, tp_pct=0.0 with disabled detecting motions
/home/kestutis/miniconda3/envs/ITP259/lib/python3.11/site-packages/sklearn/base.py:486: UserWarning: X has feature names, but StandardScaler was fitted without feature names
  warnings.warn(
ectopy_stats={'ectN': 1025, 'ectS': 34, 'ectV': 22, 'ectU': 4} with disabled detecting motions
Done 540/1088 | 1633431.065 | record time: 00:05

------------------------------------------------------------------------------------------
541/1088 | 1633431.69 | 1030_23 | row 412 | new: False | elapsed: 35:56
Noise stats for 1633431.690: out=0, rdr=0, mra=5, tp_pct=27.7 with enabled detecting motions

Noise stats for 1633431.690: out=0, rdr=0, mra=0, tp_pct=0.0 with disabled detecting motions
/home/kestutis/miniconda3/envs/ITP259/lib/python3.11/site-packages/sklearn/base.py:486: UserWarning: X has feature names, but StandardScaler was fitted without feature names
  warnings.warn(
ectopy_stats={'ectN': 1008, 'ectS': 23, 'ectV': 35, 'ectU': 11} with disabled detecting motions
Done 541/1088 | 1633431.69 | record time: 00:05

------------------------------------------------------------------------------------------
542/1088 | 1633432.319 | 1030_29 | row 418 | new: False | elapsed: 36:01
Noise stats for 1633432.319: out=0, rdr=0, mra=3, tp_pct=10.3 with enabled detecting motions

Noise stats for 1633432.319: out=0, rdr=0, mra=0, tp_pct=0.0 with disabled detecting motions
/home/kestutis/miniconda3/envs/ITP259/lib/python3.11/site-packages/sklearn/base.py:486: UserWarning: X has feature names, but StandardScaler was fitted without feature names
  warnings.warn(
ectopy_stats={'ectN': 986, 'ectS': 12, 'ectV': 19, 'ectU': 5} with disabled detecting motions
Done 542/1088 | 1633432.319 | record time: 00:05

------------------------------------------------------------------------------------------
543/1088 | 1633432.944 | 1030_28 | row 417 | new: False | elapsed: 36:06
Noise stats for 1633432.944: out=0, rdr=0, mra=8, tp_pct=30.9 with enabled detecting motions

Noise stats for 1633432.944: out=0, rdr=0, mra=0, tp_pct=0.0 with disabled detecting motions
/home/kestutis/miniconda3/envs/ITP259/lib/python3.11/site-packages/sklearn/base.py:486: UserWarning: X has feature names, but StandardScaler was fitted without feature names
  warnings.warn(
ectopy_stats={'ectN': 966, 'ectS': 15, 'ectV': 21, 'ectU': 2} with disabled detecting motions
Done 543/1088 | 1633432.944 | record time: 00:05

------------------------------------------------------------------------------------------
544/1088 | 1633433.569 | 1030_30 | row 420 | new: False | elapsed: 36:11
Noise stats for 1633433.569: out=0, rdr=0, mra=3, tp_pct=6.9 with enabled detecting motions

Noise stats for 1633433.569: out=0, rdr=0, mra=0, tp_pct=0.0 with disabled detecting motions
/home/kestutis/miniconda3/envs/ITP259/lib/python3.11/site-packages/sklearn/base.py:486: UserWarning: X has feature names, but StandardScaler was fitted without feature names
  warnings.warn(
ectopy_stats={'ectN': 984, 'ectS': 20, 'ectV': 9, 'ectU': 2} with disabled detecting motions
Done 544/1088 | 1633433.569 | record time: 00:05

------------------------------------------------------------------------------------------
545/1088 | 1633434.198 | 1030_27 | row 416 | new: False | elapsed: 36:15
Noise stats for 1633434.198: out=0, rdr=0, mra=4, tp_pct=14.6 with enabled detecting motions

Noise stats for 1633434.198: out=0, rdr=0, mra=0, tp_pct=0.0 with disabled detecting motions
/home/kestutis/miniconda3/envs/ITP259/lib/python3.11/site-packages/sklearn/base.py:486: UserWarning: X has feature names, but StandardScaler was fitted without feature names
  warnings.warn(
ectopy_stats={'ectN': 925, 'ectS': 11, 'ectV': 30, 'ectU': 2} with disabled detecting motions
Done 545/1088 | 1633434.198 | record time: 00:05

------------------------------------------------------------------------------------------
546/1088 | 1633434.823 | 1030_19 | row 407 | new: False | elapsed: 36:20
Noise stats for 1633434.823: out=0, rdr=0, mra=6, tp_pct=29.2 with enabled detecting motions

Noise stats for 1633434.823: out=0, rdr=0, mra=0, tp_pct=0.0 with disabled detecting motions
/home/kestutis/miniconda3/envs/ITP259/lib/python3.11/site-packages/sklearn/base.py:486: UserWarning: X has feature names, but StandardScaler was fitted without feature names
  warnings.warn(
ectopy_stats={'ectN': 977, 'ectS': 29, 'ectV': 45, 'ectU': 8} with disabled detecting motions
Done 546/1088 | 1633434.823 | record time: 00:05

------------------------------------------------------------------------------------------
547/1088 | 1633435.448 | 1030_17 | row 405 | new: False | elapsed: 36:25
Noise stats for 1633435.448: out=1, rdr=0, mra=8, tp_pct=34.0 with enabled detecting motions

Noise stats for 1633435.448: out=1, rdr=0, mra=0, tp_pct=1.7 with disabled detecting motions
/home/kestutis/miniconda3/envs/ITP259/lib/python3.11/site-packages/sklearn/base.py:486: UserWarning: X has feature names, but StandardScaler was fitted without feature names
  warnings.warn(
ectopy_stats={'ectN': 991, 'ectS': 27, 'ectV': 43, 'ectU': 9} with disabled detecting motions
Done 547/1088 | 1633435.448 | record time: 00:05

------------------------------------------------------------------------------------------
548/1088 | 1633436.077 | 1030_21 | row 410 | new: False | elapsed: 36:30
Noise stats for 1633436.077: out=0, rdr=0, mra=5, tp_pct=30.2 with enabled detecting motions

Noise stats for 1633436.077: out=0, rdr=0, mra=0, tp_pct=0.0 with disabled detecting motions
/home/kestutis/miniconda3/envs/ITP259/lib/python3.11/site-packages/sklearn/base.py:486: UserWarning: X has feature names, but StandardScaler was fitted without feature names
  warnings.warn(
ectopy_stats={'ectN': 1002, 'ectS': 23, 'ectV': 33, 'ectU': 6} with disabled detecting motions
Done 548/1088 | 1633436.077 | record time: 00:05

------------------------------------------------------------------------------------------
549/1088 | 1633436.702 | 1030_1 | row 397 | new: False | elapsed: 36:35
Noise stats for 1633436.702: out=0, rdr=0, mra=10, tp_pct=44.3 with enabled detecting motions

Noise stats for 1633436.702: out=0, rdr=0, mra=0, tp_pct=0.0 with disabled detecting motions
/home/kestutis/miniconda3/envs/ITP259/lib/python3.11/site-packages/sklearn/base.py:486: UserWarning: X has feature names, but StandardScaler was fitted without feature names
  warnings.warn(
ectopy_stats={'ectN': 983, 'ectS': 53, 'ectV': 62, 'ectU': 3} with disabled detecting motions
Done 549/1088 | 1633436.702 | record time: 00:05

------------------------------------------------------------------------------------------
550/1088 | 1633437.328 | 1030_15 | row 403 | new: False | elapsed: 36:40
Noise stats for 1633437.328: out=0, rdr=0, mra=7, tp_pct=21.7 with enabled detecting motions

Noise stats for 1633437.328: out=0, rdr=0, mra=0, tp_pct=0.0 with disabled detecting motions
/home/kestutis/miniconda3/envs/ITP259/lib/python3.11/site-packages/sklearn/base.py:486: UserWarning: X has feature names, but StandardScaler was fitted without feature names
  warnings.warn(
ectopy_stats={'ectN': 1015, 'ectS': 28, 'ectV': 51, 'ectU': 18} with disabled detecting motions
Done 550/1088 | 1633437.328 | record time: 00:05

------------------------------------------------------------------------------------------
551/1088 | 1633437.957 | 1030_3 | row 419 | new: False | elapsed: 36:45
Noise stats for 1633437.957: out=0, rdr=0, mra=5, tp_pct=12.7 with enabled detecting motions

Noise stats for 1633437.957: out=0, rdr=0, mra=0, tp_pct=0.0 with disabled detecting motions
/home/kestutis/miniconda3/envs/ITP259/lib/python3.11/site-packages/sklearn/base.py:486: UserWarning: X has feature names, but StandardScaler was fitted without feature names
  warnings.warn(
ectopy_stats={'ectN': 952, 'ectS': 53, 'ectV': 39, 'ectU': 2} with disabled detecting motions
Done 551/1088 | 1633437.957 | record time: 00:05

------------------------------------------------------------------------------------------
552/1088 | 1633438.582 | 1030_14 | row 402 | new: False | elapsed: 36:49
Noise stats for 1633438.582: out=0, rdr=0, mra=3, tp_pct=13.8 with enabled detecting motions

Noise stats for 1633438.582: out=0, rdr=0, mra=0, tp_pct=0.0 with disabled detecting motions
/home/kestutis/miniconda3/envs/ITP259/lib/python3.11/site-packages/sklearn/base.py:486: UserWarning: X has feature names, but StandardScaler was fitted without feature names
  warnings.warn(
ectopy_stats={'ectN': 1013, 'ectS': 40, 'ectV': 24, 'ectU': 5} with disabled detecting motions
Done 552/1088 | 1633438.582 | record time: 00:05

------------------------------------------------------------------------------------------
553/1088 | 1633439.208 | 1030_0 | row 396 | new: False | elapsed: 36:54
Noise stats for 1633439.208: out=0, rdr=0, mra=4, tp_pct=10.5 with enabled detecting motions

Noise stats for 1633439.208: out=0, rdr=0, mra=0, tp_pct=0.0 with disabled detecting motions
/home/kestutis/miniconda3/envs/ITP259/lib/python3.11/site-packages/sklearn/base.py:486: UserWarning: X has feature names, but StandardScaler was fitted without feature names
  warnings.warn(
ectopy_stats={'ectN': 961, 'ectS': 67, 'ectV': 35, 'ectU': 2} with disabled detecting motions
Done 553/1088 | 1633439.208 | record time: 00:05

------------------------------------------------------------------------------------------
554/1088 | 1633439.837 | 1030_16 | row 404 | new: False | elapsed: 36:59
Noise stats for 1633439.837: out=1, rdr=0, mra=6, tp_pct=62.5 with enabled detecting motions

Noise stats for 1633439.837: out=1, rdr=0, mra=0, tp_pct=1.7 with disabled detecting motions
/home/kestutis/miniconda3/envs/ITP259/lib/python3.11/site-packages/sklearn/base.py:486: UserWarning: X has feature names, but StandardScaler was fitted without feature names
  warnings.warn(
ectopy_stats={'ectN': 962, 'ectS': 25, 'ectV': 69, 'ectU': 10} with disabled detecting motions
Done 554/1088 | 1633439.837 | record time: 00:05

------------------------------------------------------------------------------------------
555/1088 | 1633440.462 | 1030_22 | row 411 | new: False | elapsed: 37:04
Noise stats for 1633440.462: out=1, rdr=0, mra=8, tp_pct=76.7 with enabled detecting motions

Noise stats for 1633440.462: out=1, rdr=0, mra=0, tp_pct=1.8 with disabled detecting motions
/home/kestutis/miniconda3/envs/ITP259/lib/python3.11/site-packages/sklearn/base.py:486: UserWarning: X has feature names, but StandardScaler was fitted without feature names
  warnings.warn(
ectopy_stats={'ectN': 899, 'ectS': 11, 'ectV': 138, 'ectU': 9} with disabled detecting motions
Done 555/1088 | 1633440.462 | record time: 00:05

------------------------------------------------------------------------------------------
556/1088 | 1633441.087 | 1030_2 | row 408 | new: False | elapsed: 37:09
Noise stats for 1633441.087: out=0, rdr=0, mra=4, tp_pct=25.3 with enabled detecting motions

Noise stats for 1633441.087: out=0, rdr=0, mra=0, tp_pct=0.0 with disabled detecting motions
/home/kestutis/miniconda3/envs/ITP259/lib/python3.11/site-packages/sklearn/base.py:486: UserWarning: X has feature names, but StandardScaler was fitted without feature names
  warnings.warn(
ectopy_stats={'ectN': 974, 'ectS': 74, 'ectV': 31, 'ectU': 2} with disabled detecting motions
Done 556/1088 | 1633441.087 | record time: 00:05

------------------------------------------------------------------------------------------
557/1088 | 1633441.716 | 1030_9 | row 429 | new: False | elapsed: 37:14
Noise stats for 1633441.716: out=0, rdr=0, mra=3, tp_pct=7.4 with enabled detecting motions

Noise stats for 1633441.716: out=0, rdr=0, mra=0, tp_pct=0.0 with disabled detecting motions
/home/kestutis/miniconda3/envs/ITP259/lib/python3.11/site-packages/sklearn/base.py:486: UserWarning: X has feature names, but StandardScaler was fitted without feature names
  warnings.warn(
ectopy_stats={'ectN': 934, 'ectS': 72, 'ectV': 17, 'ectU': 4} with disabled detecting motions
Done 557/1088 | 1633441.716 | record time: 00:05

------------------------------------------------------------------------------------------
558/1088 | 1633442.341 | 1030_8 | row 428 | new: False | elapsed: 37:19
Noise stats for 1633442.341: out=0, rdr=0, mra=5, tp_pct=26.2 with enabled detecting motions

Noise stats for 1633442.341: out=0, rdr=0, mra=0, tp_pct=0.0 with disabled detecting motions
/home/kestutis/miniconda3/envs/ITP259/lib/python3.11/site-packages/sklearn/base.py:486: UserWarning: X has feature names, but StandardScaler was fitted without feature names
  warnings.warn(
ectopy_stats={'ectN': 986, 'ectS': 41, 'ectV': 50, 'ectU': 10} with disabled detecting motions
Done 558/1088 | 1633442.341 | record time: 00:05

------------------------------------------------------------------------------------------
559/1088 | 1633442.966 | 1030_5 | row 425 | new: False | elapsed: 37:23
Noise stats for 1633442.966: out=0, rdr=0, mra=2, tp_pct=4.4 with enabled detecting motions

Noise stats for 1633442.966: out=0, rdr=0, mra=0, tp_pct=0.0 with disabled detecting motions
/home/kestutis/miniconda3/envs/ITP259/lib/python3.11/site-packages/sklearn/base.py:486: UserWarning: X has feature names, but StandardScaler was fitted without feature names
  warnings.warn(
ectopy_stats={'ectN': 883, 'ectS': 53, 'ectV': 46, 'ectU': 2} with disabled detecting motions
Done 559/1088 | 1633442.966 | record time: 00:05

------------------------------------------------------------------------------------------
560/1088 | 1633443.596 | 1030_13 | row 401 | new: False | elapsed: 37:28
Noise stats for 1633443.596: out=0, rdr=0, mra=3, tp_pct=29.6 with enabled detecting motions

Noise stats for 1633443.596: out=0, rdr=0, mra=0, tp_pct=0.0 with disabled detecting motions
/home/kestutis/miniconda3/envs/ITP259/lib/python3.11/site-packages/sklearn/base.py:486: UserWarning: X has feature names, but StandardScaler was fitted without feature names
  warnings.warn(
ectopy_stats={'ectN': 934, 'ectS': 20, 'ectV': 60, 'ectU': 8} with disabled detecting motions
Done 560/1088 | 1633443.596 | record time: 00:05

------------------------------------------------------------------------------------------
561/1088 | 1633444.221 | 1030_26 | row 415 | new: False | elapsed: 37:33
Noise stats for 1633444.221: out=0, rdr=0, mra=5, tp_pct=39.3 with enabled detecting motions

Noise stats for 1633444.221: out=0, rdr=0, mra=0, tp_pct=0.0 with disabled detecting motions
/home/kestutis/miniconda3/envs/ITP259/lib/python3.11/site-packages/sklearn/base.py:486: UserWarning: X has feature names, but StandardScaler was fitted without feature names
  warnings.warn(
ectopy_stats={'ectN': 909, 'ectS': 19, 'ectV': 33, 'ectU': 8} with disabled detecting motions
Done 561/1088 | 1633444.221 | record time: 00:05

------------------------------------------------------------------------------------------
562/1088 | 1633444.847 | 1030_7 | row 427 | new: False | elapsed: 37:38
Noise stats for 1633444.847: out=0, rdr=0, mra=7, tp_pct=43.1 with enabled detecting motions

Noise stats for 1633444.847: out=0, rdr=0, mra=0, tp_pct=0.0 with disabled detecting motions
/home/kestutis/miniconda3/envs/ITP259/lib/python3.11/site-packages/sklearn/base.py:486: UserWarning: X has feature names, but StandardScaler was fitted without feature names
  warnings.warn(
ectopy_stats={'ectN': 935, 'ectS': 26, 'ectV': 53, 'ectU': 2} with disabled detecting motions
Done 562/1088 | 1633444.847 | record time: 00:05

------------------------------------------------------------------------------------------
563/1088 | 1633445.476 | 1030_10 | row 398 | new: False | elapsed: 37:42
Noise stats for 1633445.476: out=0, rdr=0, mra=12, tp_pct=67.5 with enabled detecting motions

Noise stats for 1633445.476: out=0, rdr=0, mra=0, tp_pct=0.0 with disabled detecting motions
/home/kestutis/miniconda3/envs/ITP259/lib/python3.11/site-packages/sklearn/base.py:486: UserWarning: X has feature names, but StandardScaler was fitted without feature names
  warnings.warn(
ectopy_stats={'ectN': 918, 'ectS': 18, 'ectV': 60, 'ectU': 4} with disabled detecting motions
Done 563/1088 | 1633445.476 | record time: 00:05

------------------------------------------------------------------------------------------
564/1088 | 1633505.799 | 1031_16 | row 438 | new: False | elapsed: 37:47
Noise stats for 1633505.799: out=0, rdr=0, mra=0, tp_pct=0.0 with enabled detecting motions

Noise stats for 1633505.799: out=0, rdr=0, mra=0, tp_pct=0.0 with disabled detecting motions
/home/kestutis/miniconda3/envs/ITP259/lib/python3.11/site-packages/sklearn/base.py:486: UserWarning: X has feature names, but StandardScaler was fitted without feature names
  warnings.warn(
ectopy_stats={'ectN': 933, 'ectS': 5, 'ectV': 3, 'ectU': 3} with disabled detecting motions
Done 564/1088 | 1633505.799 | record time: 00:05

------------------------------------------------------------------------------------------
565/1088 | 1633506.418 | 1031_27 | row 450 | new: False | elapsed: 37:52
Noise stats for 1633506.418: out=0, rdr=0, mra=2, tp_pct=4.7 with enabled detecting motions

Noise stats for 1633506.418: out=0, rdr=0, mra=0, tp_pct=0.0 with disabled detecting motions
/home/kestutis/miniconda3/envs/ITP259/lib/python3.11/site-packages/sklearn/base.py:486: UserWarning: X has feature names, but StandardScaler was fitted without feature names
  warnings.warn(
ectopy_stats={'ectN': 864, 'ectS': 3, 'ectV': 0, 'ectU': 2} with disabled detecting motions
Done 565/1088 | 1633506.418 | record time: 00:04

------------------------------------------------------------------------------------------
566/1088 | 1633507.037 | 1031_17 | row 439 | new: False | elapsed: 37:56
Noise stats for 1633507.037: out=0, rdr=0, mra=4, tp_pct=10.0 with enabled detecting motions

Noise stats for 1633507.037: out=0, rdr=0, mra=0, tp_pct=0.0 with disabled detecting motions
/home/kestutis/miniconda3/envs/ITP259/lib/python3.11/site-packages/sklearn/base.py:486: UserWarning: X has feature names, but StandardScaler was fitted without feature names
  warnings.warn(
ectopy_stats={'ectN': 856, 'ectS': 5, 'ectV': 0, 'ectU': 2} with disabled detecting motions
Done 566/1088 | 1633507.037 | record time: 00:04

------------------------------------------------------------------------------------------
567/1088 | 1633507.655 | 1031_3 | row 453 | new: False | elapsed: 38:00
Noise stats for 1633507.655: out=1, rdr=0, mra=6, tp_pct=17.2 with enabled detecting motions

Noise stats for 1633507.655: out=1, rdr=0, mra=0, tp_pct=1.9 with disabled detecting motions
/home/kestutis/miniconda3/envs/ITP259/lib/python3.11/site-packages/sklearn/base.py:486: UserWarning: X has feature names, but StandardScaler was fitted without feature names
  warnings.warn(
ectopy_stats={'ectN': 802, 'ectS': 14, 'ectV': 7, 'ectU': 7} with disabled detecting motions
Done 567/1088 | 1633507.655 | record time: 00:04

------------------------------------------------------------------------------------------
568/1088 | 1633508.272 | 1031_2 | row 442 | new: False | elapsed: 38:05
Noise stats for 1633508.272: out=0, rdr=0, mra=5, tp_pct=14.2 with enabled detecting motions

Noise stats for 1633508.272: out=0, rdr=0, mra=0, tp_pct=0.0 with disabled detecting motions
/home/kestutis/miniconda3/envs/ITP259/lib/python3.11/site-packages/sklearn/base.py:486: UserWarning: X has feature names, but StandardScaler was fitted without feature names
  warnings.warn(
ectopy_stats={'ectN': 769, 'ectS': 18, 'ectV': 1, 'ectU': 6} with disabled detecting motions
Done 568/1088 | 1633508.272 | record time: 00:04

------------------------------------------------------------------------------------------
569/1088 | 1633508.895 | 1031_23 | row 446 | new: False | elapsed: 38:09
Noise stats for 1633508.895: out=0, rdr=0, mra=9, tp_pct=22.6 with enabled detecting motions

Noise stats for 1633508.895: out=0, rdr=0, mra=0, tp_pct=0.0 with disabled detecting motions
/home/kestutis/miniconda3/envs/ITP259/lib/python3.11/site-packages/sklearn/base.py:486: UserWarning: X has feature names, but StandardScaler was fitted without feature names
  warnings.warn(
ectopy_stats={'ectN': 759, 'ectS': 3, 'ectV': 0, 'ectU': 3} with disabled detecting motions
Done 569/1088 | 1633508.895 | record time: 00:04

------------------------------------------------------------------------------------------
570/1088 | 1633509.207 | 1033_3 | row 491 | new: False | elapsed: 38:13
Noise stats for 1633509.207: out=0, rdr=0, mra=0, tp_pct=0.0 with enabled detecting motions

Noise stats for 1633509.207: out=0, rdr=0, mra=0, tp_pct=0.0 with disabled detecting motions
/home/kestutis/miniconda3/envs/ITP259/lib/python3.11/site-packages/sklearn/base.py:486: UserWarning: X has feature names, but StandardScaler was fitted without feature names
  warnings.warn(
ectopy_stats={'ectN': 836, 'ectS': 0, 'ectV': 4, 'ectU': 4} with disabled detecting motions
Done 570/1088 | 1633509.207 | record time: 00:05

------------------------------------------------------------------------------------------
571/1088 | 1633509.831 | 1033_1 | row 489 | new: False | elapsed: 38:18
Noise stats for 1633509.831: out=0, rdr=0, mra=0, tp_pct=0.0 with enabled detecting motions

Noise stats for 1633509.831: out=0, rdr=0, mra=0, tp_pct=0.0 with disabled detecting motions
/home/kestutis/miniconda3/envs/ITP259/lib/python3.11/site-packages/sklearn/base.py:486: UserWarning: X has feature names, but StandardScaler was fitted without feature names
  warnings.warn(
ectopy_stats={'ectN': 749, 'ectS': 0, 'ectV': 4, 'ectU': 7} with disabled detecting motions
Done 571/1088 | 1633509.831 | record time: 00:04

------------------------------------------------------------------------------------------
572/1088 | 1633511.366 | 1031_51 | row 477 | new: False | elapsed: 38:22
Noise stats for 1633511.366: out=0, rdr=0, mra=3, tp_pct=10.0 with enabled detecting motions

Noise stats for 1633511.366: out=0, rdr=0, mra=0, tp_pct=0.0 with disabled detecting motions
/home/kestutis/miniconda3/envs/ITP259/lib/python3.11/site-packages/sklearn/base.py:486: UserWarning: X has feature names, but StandardScaler was fitted without feature names
  warnings.warn(
ectopy_stats={'ectN': 876, 'ectS': 0, 'ectV': 4, 'ectU': 2} with disabled detecting motions
Done 572/1088 | 1633511.366 | record time: 00:04

------------------------------------------------------------------------------------------
573/1088 | 1633512.946 | 1033_0 | row 488 | new: False | elapsed: 38:27
Noise stats for 1633512.946: out=0, rdr=0, mra=2, tp_pct=4.7 with enabled detecting motions

Noise stats for 1633512.946: out=0, rdr=0, mra=0, tp_pct=0.0 with disabled detecting motions
/home/kestutis/miniconda3/envs/ITP259/lib/python3.11/site-packages/sklearn/base.py:486: UserWarning: X has feature names, but StandardScaler was fitted without feature names
  warnings.warn(
ectopy_stats={'ectN': 755, 'ectS': 1, 'ectV': 20, 'ectU': 13} with disabled detecting motions
Done 573/1088 | 1633512.946 | record time: 00:04

------------------------------------------------------------------------------------------
574/1088 | 1633513.57 | 1033_4 | row 492 | new: False | elapsed: 38:31
Noise stats for 1633513.570: out=0, rdr=0, mra=4, tp_pct=16.2 with enabled detecting motions

Noise stats for 1633513.570: out=0, rdr=0, mra=0, tp_pct=0.0 with disabled detecting motions
/home/kestutis/miniconda3/envs/ITP259/lib/python3.11/site-packages/sklearn/base.py:486: UserWarning: X has feature names, but StandardScaler was fitted without feature names
  warnings.warn(
ectopy_stats={'ectN': 713, 'ectS': 0, 'ectV': 1, 'ectU': 2} with disabled detecting motions
Done 574/1088 | 1633513.57 | record time: 00:04

------------------------------------------------------------------------------------------
575/1088 | 1633515.078 | 1031_50 | row 476 | new: False | elapsed: 38:35
Noise stats for 1633515.078: out=0, rdr=0, mra=5, tp_pct=14.2 with enabled detecting motions

Noise stats for 1633515.078: out=0, rdr=0, mra=0, tp_pct=0.0 with disabled detecting motions
/home/kestutis/miniconda3/envs/ITP259/lib/python3.11/site-packages/sklearn/base.py:486: UserWarning: X has feature names, but StandardScaler was fitted without feature names
  warnings.warn(
ectopy_stats={'ectN': 796, 'ectS': 1, 'ectV': 0, 'ectU': 2} with disabled detecting motions
Done 575/1088 | 1633515.078 | record time: 00:04

------------------------------------------------------------------------------------------
576/1088 | 1633515.695 | 1031_47 | row 472 | new: False | elapsed: 38:39
Noise stats for 1633515.695: out=0, rdr=0, mra=4, tp_pct=36.4 with enabled detecting motions

Noise stats for 1633515.695: out=0, rdr=0, mra=0, tp_pct=0.0 with disabled detecting motions
/home/kestutis/miniconda3/envs/ITP259/lib/python3.11/site-packages/sklearn/base.py:486: UserWarning: X has feature names, but StandardScaler was fitted without feature names
  warnings.warn(
ectopy_stats={'ectN': 786, 'ectS': 1, 'ectV': 0, 'ectU': 2} with disabled detecting motions
Done 576/1088 | 1633515.695 | record time: 00:04

------------------------------------------------------------------------------------------
577/1088 | 1633516.052 | 1033_5 | row 493 | new: False | elapsed: 38:43
Noise stats for 1633516.052: out=0, rdr=0, mra=0, tp_pct=0.0 with enabled detecting motions

Noise stats for 1633516.052: out=0, rdr=0, mra=0, tp_pct=0.0 with disabled detecting motions
/home/kestutis/miniconda3/envs/ITP259/lib/python3.11/site-packages/sklearn/base.py:486: UserWarning: X has feature names, but StandardScaler was fitted without feature names
  warnings.warn(
ectopy_stats={'ectN': 718, 'ectS': 0, 'ectV': 1, 'ectU': 2} with disabled detecting motions
Done 577/1088 | 1633516.052 | record time: 00:04

------------------------------------------------------------------------------------------
578/1088 | 1633516.312 | 1031_8 | row 485 | new: False | elapsed: 38:47
Noise stats for 1633516.312: out=0, rdr=0, mra=8, tp_pct=35.5 with enabled detecting motions

Noise stats for 1633516.312: out=0, rdr=0, mra=0, tp_pct=0.0 with disabled detecting motions
/home/kestutis/miniconda3/envs/ITP259/lib/python3.11/site-packages/sklearn/base.py:486: UserWarning: X has feature names, but StandardScaler was fitted without feature names
  warnings.warn(
ectopy_stats={'ectN': 784, 'ectS': 7, 'ectV': 0, 'ectU': 2} with disabled detecting motions
Done 578/1088 | 1633516.312 | record time: 00:04

------------------------------------------------------------------------------------------
579/1088 | 1633516.929 | 1031_19 | row 441 | new: False | elapsed: 38:52
Noise stats for 1633516.929: out=0, rdr=0, mra=9, tp_pct=45.1 with enabled detecting motions

Noise stats for 1633516.929: out=0, rdr=0, mra=0, tp_pct=0.0 with disabled detecting motions
/home/kestutis/miniconda3/envs/ITP259/lib/python3.11/site-packages/sklearn/base.py:486: UserWarning: X has feature names, but StandardScaler was fitted without feature names
  warnings.warn(
ectopy_stats={'ectN': 761, 'ectS': 5, 'ectV': 0, 'ectU': 2} with disabled detecting motions
Done 579/1088 | 1633516.929 | record time: 00:04

------------------------------------------------------------------------------------------
580/1088 | 1633517.546 | 1031_15 | row 437 | new: False | elapsed: 38:56
Noise stats for 1633517.546: out=0, rdr=0, mra=12, tp_pct=68.8 with enabled detecting motions

Noise stats for 1633517.546: out=0, rdr=0, mra=0, tp_pct=0.0 with disabled detecting motions
/home/kestutis/miniconda3/envs/ITP259/lib/python3.11/site-packages/sklearn/base.py:486: UserWarning: X has feature names, but StandardScaler was fitted without feature names
  warnings.warn(
ectopy_stats={'ectN': 757, 'ectS': 6, 'ectV': 0, 'ectU': 2} with disabled detecting motions
Done 580/1088 | 1633517.546 | record time: 00:04

------------------------------------------------------------------------------------------
581/1088 | 1633518.781 | 1031_22 | row 445 | new: False | elapsed: 39:00
Noise stats for 1633518.781: out=0, rdr=0, mra=11, tp_pct=37.8 with enabled detecting motions

Noise stats for 1633518.781: out=0, rdr=0, mra=0, tp_pct=0.0 with disabled detecting motions
/home/kestutis/miniconda3/envs/ITP259/lib/python3.11/site-packages/sklearn/base.py:486: UserWarning: X has feature names, but StandardScaler was fitted without feature names
  warnings.warn(
ectopy_stats={'ectN': 805, 'ectS': 3, 'ectV': 0, 'ectU': 2} with disabled detecting motions
Done 581/1088 | 1633518.781 | record time: 00:04

------------------------------------------------------------------------------------------
582/1088 | 1633519.398 | 1031_4 | row 464 | new: False | elapsed: 39:04
Noise stats for 1633519.398: out=0, rdr=0, mra=4, tp_pct=14.1 with enabled detecting motions

Noise stats for 1633519.398: out=0, rdr=0, mra=0, tp_pct=0.0 with disabled detecting motions
/home/kestutis/miniconda3/envs/ITP259/lib/python3.11/site-packages/sklearn/base.py:486: UserWarning: X has feature names, but StandardScaler was fitted without feature names
  warnings.warn(
ectopy_stats={'ectN': 785, 'ectS': 17, 'ectV': 0, 'ectU': 3} with disabled detecting motions
Done 582/1088 | 1633519.398 | record time: 00:04

------------------------------------------------------------------------------------------
583/1088 | 1633520.015 | 1031_13 | row 435 | new: False | elapsed: 39:08
Noise stats for 1633520.015: out=0, rdr=0, mra=2, tp_pct=5.2 with enabled detecting motions

Noise stats for 1633520.015: out=0, rdr=0, mra=0, tp_pct=0.0 with disabled detecting motions
/home/kestutis/miniconda3/envs/ITP259/lib/python3.11/site-packages/sklearn/base.py:486: UserWarning: X has feature names, but StandardScaler was fitted without feature names
  warnings.warn(
ectopy_stats={'ectN': 905, 'ectS': 6, 'ectV': 0, 'ectU': 2} with disabled detecting motions
Done 583/1088 | 1633520.015 | record time: 00:04

------------------------------------------------------------------------------------------
584/1088 | 1633520.633 | 1031_21 | row 444 | new: False | elapsed: 39:13
Noise stats for 1633520.633: out=0, rdr=0, mra=0, tp_pct=0.0 with enabled detecting motions

Noise stats for 1633520.633: out=0, rdr=0, mra=0, tp_pct=0.0 with disabled detecting motions
/home/kestutis/miniconda3/envs/ITP259/lib/python3.11/site-packages/sklearn/base.py:486: UserWarning: X has feature names, but StandardScaler was fitted without feature names
  warnings.warn(
ectopy_stats={'ectN': 1094, 'ectS': 0, 'ectV': 0, 'ectU': 2} with disabled detecting motions
Done 584/1088 | 1633520.633 | record time: 00:05

------------------------------------------------------------------------------------------
585/1088 | 1633522.486 | 1031_55 | row 481 | new: False | elapsed: 39:18
Noise stats for 1633522.486: out=0, rdr=0, mra=0, tp_pct=0.0 with enabled detecting motions

Noise stats for 1633522.486: out=0, rdr=0, mra=0, tp_pct=0.0 with disabled detecting motions
/home/kestutis/miniconda3/envs/ITP259/lib/python3.11/site-packages/sklearn/base.py:486: UserWarning: X has feature names, but StandardScaler was fitted without feature names
  warnings.warn(
ectopy_stats={'ectN': 1301, 'ectS': 1, 'ectV': 1, 'ectU': 4} with disabled detecting motions
Done 585/1088 | 1633522.486 | record time: 00:05

------------------------------------------------------------------------------------------
586/1088 | 1633523.103 | 1031_56 | row 482 | new: False | elapsed: 39:23
Noise stats for 1633523.103: out=1, rdr=0, mra=0, tp_pct=1.7 with enabled detecting motions

Noise stats for 1633523.103: out=1, rdr=0, mra=0, tp_pct=1.7 with disabled detecting motions
/home/kestutis/miniconda3/envs/ITP259/lib/python3.11/site-packages/sklearn/base.py:486: UserWarning: X has feature names, but StandardScaler was fitted without feature names
  warnings.warn(
ectopy_stats={'ectN': 1333, 'ectS': 0, 'ectV': 2, 'ectU': 4} with disabled detecting motions
Done 586/1088 | 1633523.103 | record time: 00:06

------------------------------------------------------------------------------------------
587/1088 | 1633524.117 | 1033_6 | row 494 | new: False | elapsed: 39:29
Noise stats for 1633524.117: out=0, rdr=0, mra=1, tp_pct=2.3 with enabled detecting motions

Noise stats for 1633524.117: out=0, rdr=0, mra=0, tp_pct=0.0 with disabled detecting motions
/home/kestutis/miniconda3/envs/ITP259/lib/python3.11/site-packages/sklearn/base.py:486: UserWarning: X has feature names, but StandardScaler was fitted without feature names
  warnings.warn(
ectopy_stats={'ectN': 695, 'ectS': 0, 'ectV': 0, 'ectU': 2} with disabled detecting motions
Done 587/1088 | 1633524.117 | record time: 00:04

------------------------------------------------------------------------------------------
588/1088 | 1633526.601 | 1033_2 | row 490 | new: False | elapsed: 39:33
Noise stats for 1633526.601: out=0, rdr=0, mra=0, tp_pct=0.0 with enabled detecting motions

Noise stats for 1633526.601: out=0, rdr=0, mra=0, tp_pct=0.0 with disabled detecting motions
/home/kestutis/miniconda3/envs/ITP259/lib/python3.11/site-packages/sklearn/base.py:486: UserWarning: X has feature names, but StandardScaler was fitted without feature names
  warnings.warn(
ectopy_stats={'ectN': 751, 'ectS': 0, 'ectV': 3, 'ectU': 2} with disabled detecting motions
Done 588/1088 | 1633526.601 | record time: 00:04

------------------------------------------------------------------------------------------
589/1088 | 1633526.81 | 1031_52 | row 478 | new: False | elapsed: 39:37
Noise stats for 1633526.810: out=0, rdr=0, mra=4, tp_pct=9.8 with enabled detecting motions

Noise stats for 1633526.810: out=0, rdr=0, mra=0, tp_pct=0.0 with disabled detecting motions
/home/kestutis/miniconda3/envs/ITP259/lib/python3.11/site-packages/sklearn/base.py:486: UserWarning: X has feature names, but StandardScaler was fitted without feature names
  warnings.warn(
ectopy_stats={'ectN': 893, 'ectS': 0, 'ectV': 1, 'ectU': 2} with disabled detecting motions
Done 589/1088 | 1633526.81 | record time: 00:04

------------------------------------------------------------------------------------------
590/1088 | 1633527.427 | 1031_31 | row 455 | new: False | elapsed: 39:41
Noise stats for 1633527.427: out=0, rdr=0, mra=3, tp_pct=7.1 with enabled detecting motions

Noise stats for 1633527.427: out=0, rdr=0, mra=0, tp_pct=0.0 with disabled detecting motions
/home/kestutis/miniconda3/envs/ITP259/lib/python3.11/site-packages/sklearn/base.py:486: UserWarning: X has feature names, but StandardScaler was fitted without feature names
  warnings.warn(
ectopy_stats={'ectN': 864, 'ectS': 2, 'ectV': 0, 'ectU': 2} with disabled detecting motions
Done 590/1088 | 1633527.427 | record time: 00:04

------------------------------------------------------------------------------------------
591/1088 | 1633528.665 | 1031_53 | row 479 | new: False | elapsed: 39:46
Noise stats for 1633528.665: out=0, rdr=0, mra=1, tp_pct=2.7 with enabled detecting motions

Noise stats for 1633528.665: out=0, rdr=0, mra=0, tp_pct=0.0 with disabled detecting motions
/home/kestutis/miniconda3/envs/ITP259/lib/python3.11/site-packages/sklearn/base.py:486: UserWarning: X has feature names, but StandardScaler was fitted without feature names
  warnings.warn(
ectopy_stats={'ectN': 841, 'ectS': 1, 'ectV': 0, 'ectU': 2} with disabled detecting motions
Done 591/1088 | 1633528.665 | record time: 00:04

------------------------------------------------------------------------------------------
592/1088 | 1633529.899 | 1031_0 | row 430 | new: False | elapsed: 39:50
Noise stats for 1633529.899: out=0, rdr=0, mra=4, tp_pct=9.8 with enabled detecting motions

Noise stats for 1633529.899: out=0, rdr=0, mra=0, tp_pct=0.0 with disabled detecting motions
/home/kestutis/miniconda3/envs/ITP259/lib/python3.11/site-packages/sklearn/base.py:486: UserWarning: X has feature names, but StandardScaler was fitted without feature names
  warnings.warn(
ectopy_stats={'ectN': 900, 'ectS': 25, 'ectV': 4, 'ectU': 2} with disabled detecting motions
Done 592/1088 | 1633529.899 | record time: 00:05

------------------------------------------------------------------------------------------
593/1088 | 1633530.517 | 1031_7 | row 484 | new: False | elapsed: 39:55
Noise stats for 1633530.517: out=0, rdr=0, mra=3, tp_pct=8.0 with enabled detecting motions

Noise stats for 1633530.517: out=0, rdr=0, mra=0, tp_pct=0.0 with disabled detecting motions
/home/kestutis/miniconda3/envs/ITP259/lib/python3.11/site-packages/sklearn/base.py:486: UserWarning: X has feature names, but StandardScaler was fitted without feature names
  warnings.warn(
ectopy_stats={'ectN': 778, 'ectS': 13, 'ectV': 2, 'ectU': 4} with disabled detecting motions
Done 593/1088 | 1633530.517 | record time: 00:04

------------------------------------------------------------------------------------------
594/1088 | 1633531.134 | 1031_12 | row 434 | new: False | elapsed: 39:59
Noise stats for 1633531.134: out=0, rdr=0, mra=3, tp_pct=8.0 with enabled detecting motions

Noise stats for 1633531.134: out=0, rdr=0, mra=0, tp_pct=0.0 with disabled detecting motions
/home/kestutis/miniconda3/envs/ITP259/lib/python3.11/site-packages/sklearn/base.py:486: UserWarning: X has feature names, but StandardScaler was fitted without feature names
  warnings.warn(
ectopy_stats={'ectN': 871, 'ectS': 6, 'ectV': 0, 'ectU': 2} with disabled detecting motions
Done 594/1088 | 1633531.134 | record time: 00:04

------------------------------------------------------------------------------------------
595/1088 | 1633531.751 | 1031_54 | row 480 | new: False | elapsed: 40:03
Noise stats for 1633531.751: out=0, rdr=0, mra=0, tp_pct=0.0 with enabled detecting motions

Noise stats for 1633531.751: out=0, rdr=0, mra=0, tp_pct=0.0 with disabled detecting motions
/home/kestutis/miniconda3/envs/ITP259/lib/python3.11/site-packages/sklearn/base.py:486: UserWarning: X has feature names, but StandardScaler was fitted without feature names
  warnings.warn(
ectopy_stats={'ectN': 869, 'ectS': 1, 'ectV': 0, 'ectU': 2} with disabled detecting motions
Done 595/1088 | 1633531.751 | record time: 00:04

------------------------------------------------------------------------------------------
596/1088 | 1633532.369 | 1031_11 | row 433 | new: False | elapsed: 40:08
Noise stats for 1633532.369: out=0, rdr=0, mra=4, tp_pct=10.0 with enabled detecting motions

Noise stats for 1633532.369: out=0, rdr=0, mra=0, tp_pct=0.0 with disabled detecting motions
/home/kestutis/miniconda3/envs/ITP259/lib/python3.11/site-packages/sklearn/base.py:486: UserWarning: X has feature names, but StandardScaler was fitted without feature names
  warnings.warn(
ectopy_stats={'ectN': 824, 'ectS': 6, 'ectV': 0, 'ectU': 3} with disabled detecting motions
Done 596/1088 | 1633532.369 | record time: 00:04

------------------------------------------------------------------------------------------
597/1088 | 1633532.986 | 1031_9 | row 486 | new: False | elapsed: 40:12
Noise stats for 1633532.986: out=1, rdr=0, mra=4, tp_pct=9.7 with enabled detecting motions

Noise stats for 1633532.986: out=1, rdr=0, mra=0, tp_pct=1.7 with disabled detecting motions
/home/kestutis/miniconda3/envs/ITP259/lib/python3.11/site-packages/sklearn/base.py:486: UserWarning: X has feature names, but StandardScaler was fitted without feature names
  warnings.warn(
ectopy_stats={'ectN': 777, 'ectS': 4, 'ectV': 1, 'ectU': 7} with disabled detecting motions
Done 597/1088 | 1633532.986 | record time: 00:04

------------------------------------------------------------------------------------------
598/1088 | 1633533.603 | 1031_49 | row 474 | new: False | elapsed: 40:16
Noise stats for 1633533.603: out=0, rdr=0, mra=3, tp_pct=7.2 with enabled detecting motions

Noise stats for 1633533.603: out=0, rdr=0, mra=0, tp_pct=0.0 with disabled detecting motions
/home/kestutis/miniconda3/envs/ITP259/lib/python3.11/site-packages/sklearn/base.py:486: UserWarning: X has feature names, but StandardScaler was fitted without feature names
  warnings.warn(
ectopy_stats={'ectN': 848, 'ectS': 1, 'ectV': 0, 'ectU': 4} with disabled detecting motions
Done 598/1088 | 1633533.603 | record time: 00:04

------------------------------------------------------------------------------------------
599/1088 | 1633534.838 | 1031_35 | row 459 | new: False | elapsed: 40:20
Noise stats for 1633534.838: out=1, rdr=0, mra=3, tp_pct=9.1 with enabled detecting motions

Noise stats for 1633534.838: out=1, rdr=0, mra=0, tp_pct=1.8 with disabled detecting motions
/home/kestutis/miniconda3/envs/ITP259/lib/python3.11/site-packages/sklearn/base.py:486: UserWarning: X has feature names, but StandardScaler was fitted without feature names
  warnings.warn(
ectopy_stats={'ectN': 862, 'ectS': 0, 'ectV': 1, 'ectU': 2} with disabled detecting motions
Done 599/1088 | 1633534.838 | record time: 00:04

------------------------------------------------------------------------------------------
600/1088 | 1633535.455 | 1031_32 | row 456 | new: False | elapsed: 40:25
Noise stats for 1633535.455: out=0, rdr=0, mra=1, tp_pct=2.3 with enabled detecting motions

Noise stats for 1633535.455: out=0, rdr=0, mra=0, tp_pct=0.0 with disabled detecting motions
/home/kestutis/miniconda3/envs/ITP259/lib/python3.11/site-packages/sklearn/base.py:486: UserWarning: X has feature names, but StandardScaler was fitted without feature names
  warnings.warn(
ectopy_stats={'ectN': 874, 'ectS': 1, 'ectV': 3, 'ectU': 4} with disabled detecting motions
Done 600/1088 | 1633535.455 | record time: 00:04

------------------------------------------------------------------------------------------
601/1088 | 1633536.077 | 1031_28 | row 451 | new: False | elapsed: 40:29
Noise stats for 1633536.077: out=0, rdr=0, mra=2, tp_pct=7.4 with enabled detecting motions

Noise stats for 1633536.077: out=0, rdr=0, mra=0, tp_pct=0.0 with disabled detecting motions
/home/kestutis/miniconda3/envs/ITP259/lib/python3.11/site-packages/sklearn/base.py:486: UserWarning: X has feature names, but StandardScaler was fitted without feature names
  warnings.warn(
ectopy_stats={'ectN': 904, 'ectS': 2, 'ectV': 0, 'ectU': 3} with disabled detecting motions
Done 601/1088 | 1633536.077 | record time: 00:04

------------------------------------------------------------------------------------------
602/1088 | 1633537.932 | 1031_29 | row 452 | new: False | elapsed: 40:34
Noise stats for 1633537.932: out=0, rdr=0, mra=0, tp_pct=0.0 with enabled detecting motions

Noise stats for 1633537.932: out=0, rdr=0, mra=0, tp_pct=0.0 with disabled detecting motions
/home/kestutis/miniconda3/envs/ITP259/lib/python3.11/site-packages/sklearn/base.py:486: UserWarning: X has feature names, but StandardScaler was fitted without feature names
  warnings.warn(
ectopy_stats={'ectN': 911, 'ectS': 1, 'ectV': 1, 'ectU': 3} with disabled detecting motions
Done 602/1088 | 1633537.932 | record time: 00:05

------------------------------------------------------------------------------------------
603/1088 | 1633538.549 | 1031_25 | row 448 | new: False | elapsed: 40:38
Noise stats for 1633538.549: out=0, rdr=0, mra=4, tp_pct=11.1 with enabled detecting motions

Noise stats for 1633538.549: out=0, rdr=0, mra=0, tp_pct=0.0 with disabled detecting motions
/home/kestutis/miniconda3/envs/ITP259/lib/python3.11/site-packages/sklearn/base.py:486: UserWarning: X has feature names, but StandardScaler was fitted without feature names
  warnings.warn(
ectopy_stats={'ectN': 810, 'ectS': 4, 'ectV': 0, 'ectU': 2} with disabled detecting motions
Done 603/1088 | 1633538.549 | record time: 00:04

------------------------------------------------------------------------------------------
604/1088 | 1633539.167 | 1031_14 | row 436 | new: False | elapsed: 40:42
Noise stats for 1633539.167: out=0, rdr=0, mra=1, tp_pct=2.5 with enabled detecting motions

Noise stats for 1633539.167: out=0, rdr=0, mra=0, tp_pct=0.0 with disabled detecting motions
/home/kestutis/miniconda3/envs/ITP259/lib/python3.11/site-packages/sklearn/base.py:486: UserWarning: X has feature names, but StandardScaler was fitted without feature names
  warnings.warn(
ectopy_stats={'ectN': 965, 'ectS': 4, 'ectV': 1, 'ectU': 4} with disabled detecting motions
Done 604/1088 | 1633539.167 | record time: 00:05

------------------------------------------------------------------------------------------
605/1088 | 1633540.147 | 1032_0 | row 487 | new: False | elapsed: 40:47
Noise stats for 1633540.147: out=0, rdr=0, mra=0, tp_pct=0.0 with enabled detecting motions

Noise stats for 1633540.147: out=0, rdr=0, mra=0, tp_pct=0.0 with disabled detecting motions
/home/kestutis/miniconda3/envs/ITP259/lib/python3.11/site-packages/sklearn/base.py:486: UserWarning: X has feature names, but StandardScaler was fitted without feature names
  warnings.warn(
ectopy_stats={'ectN': 647, 'ectS': 0, 'ectV': 2, 'ectU': 2} with disabled detecting motions
Done 605/1088 | 1633540.147 | record time: 00:04

------------------------------------------------------------------------------------------
606/1088 | 1633540.401 | 1031_42 | row 467 | new: False | elapsed: 40:51
Noise stats for 1633540.401: out=1, rdr=0, mra=0, tp_pct=1.8 with enabled detecting motions

Noise stats for 1633540.401: out=1, rdr=0, mra=0, tp_pct=1.8 with disabled detecting motions
/home/kestutis/miniconda3/envs/ITP259/lib/python3.11/site-packages/sklearn/base.py:486: UserWarning: X has feature names, but StandardScaler was fitted without feature names
  warnings.warn(
ectopy_stats={'ectN': 986, 'ectS': 1, 'ectV': 0, 'ectU': 3} with disabled detecting motions
Done 606/1088 | 1633540.401 | record time: 00:05

------------------------------------------------------------------------------------------
607/1088 | 1633544.105 | 1031_41 | row 466 | new: False | elapsed: 40:56
Noise stats for 1633544.105: out=2, rdr=0, mra=0, tp_pct=3.3 with enabled detecting motions

Noise stats for 1633544.105: out=2, rdr=0, mra=0, tp_pct=3.3 with disabled detecting motions
/home/kestutis/miniconda3/envs/ITP259/lib/python3.11/site-packages/sklearn/base.py:486: UserWarning: X has feature names, but StandardScaler was fitted without feature names
  warnings.warn(
ectopy_stats={'ectN': 925, 'ectS': 0, 'ectV': 0, 'ectU': 2} with disabled detecting motions
Done 607/1088 | 1633544.105 | record time: 00:04

------------------------------------------------------------------------------------------
608/1088 | 1633545.956 | 1031_40 | row 465 | new: False | elapsed: 41:00
Noise stats for 1633545.956: out=0, rdr=0, mra=1, tp_pct=2.3 with enabled detecting motions

Noise stats for 1633545.956: out=0, rdr=0, mra=0, tp_pct=0.0 with disabled detecting motions
/home/kestutis/miniconda3/envs/ITP259/lib/python3.11/site-packages/sklearn/base.py:486: UserWarning: X has feature names, but StandardScaler was fitted without feature names
  warnings.warn(
ectopy_stats={'ectN': 724, 'ectS': 0, 'ectV': 1, 'ectU': 2} with disabled detecting motions
Done 608/1088 | 1633545.956 | record time: 00:04

------------------------------------------------------------------------------------------
609/1088 | 1633546.574 | 1031_26 | row 449 | new: False | elapsed: 41:04
Noise stats for 1633546.574: out=0, rdr=0, mra=0, tp_pct=0.0 with enabled detecting motions

Noise stats for 1633546.574: out=0, rdr=0, mra=0, tp_pct=0.0 with disabled detecting motions
/home/kestutis/miniconda3/envs/ITP259/lib/python3.11/site-packages/sklearn/base.py:486: UserWarning: X has feature names, but StandardScaler was fitted without feature names
  warnings.warn(
ectopy_stats={'ectN': 885, 'ectS': 1, 'ectV': 3, 'ectU': 2} with disabled detecting motions
Done 609/1088 | 1633546.574 | record time: 00:05

------------------------------------------------------------------------------------------
610/1088 | 1633547.808 | 1031_30 | row 454 | new: False | elapsed: 41:09
Noise stats for 1633547.808: out=0, rdr=0, mra=1, tp_pct=2.9 with enabled detecting motions

Noise stats for 1633547.808: out=0, rdr=0, mra=0, tp_pct=0.0 with disabled detecting motions
/home/kestutis/miniconda3/envs/ITP259/lib/python3.11/site-packages/sklearn/base.py:486: UserWarning: X has feature names, but StandardScaler was fitted without feature names
  warnings.warn(
ectopy_stats={'ectN': 756, 'ectS': 1, 'ectV': 0, 'ectU': 2} with disabled detecting motions
Done 610/1088 | 1633547.808 | record time: 00:04

------------------------------------------------------------------------------------------
611/1088 | 1633548.426 | 1031_6 | row 483 | new: False | elapsed: 41:13
Noise stats for 1633548.426: out=0, rdr=0, mra=1, tp_pct=3.6 with enabled detecting motions

Noise stats for 1633548.426: out=0, rdr=0, mra=0, tp_pct=0.0 with disabled detecting motions
/home/kestutis/miniconda3/envs/ITP259/lib/python3.11/site-packages/sklearn/base.py:486: UserWarning: X has feature names, but StandardScaler was fitted without feature names
  warnings.warn(
ectopy_stats={'ectN': 731, 'ectS': 13, 'ectV': 0, 'ectU': 4} with disabled detecting motions
Done 611/1088 | 1633548.426 | record time: 00:04

------------------------------------------------------------------------------------------
612/1088 | 1633549.044 | 1031_1 | row 431 | new: False | elapsed: 41:17
Noise stats for 1633549.044: out=0, rdr=0, mra=3, tp_pct=6.9 with enabled detecting motions

Noise stats for 1633549.044: out=0, rdr=0, mra=0, tp_pct=0.0 with disabled detecting motions
/home/kestutis/miniconda3/envs/ITP259/lib/python3.11/site-packages/sklearn/base.py:486: UserWarning: X has feature names, but StandardScaler was fitted without feature names
  warnings.warn(
ectopy_stats={'ectN': 717, 'ectS': 25, 'ectV': 0, 'ectU': 2} with disabled detecting motions
Done 612/1088 | 1633549.044 | record time: 00:04

------------------------------------------------------------------------------------------
613/1088 | 1633552.134 | 1031_36 | row 460 | new: False | elapsed: 41:21
Noise stats for 1633552.134: out=1, rdr=0, mra=1, tp_pct=7.5 with enabled detecting motions

Noise stats for 1633552.134: out=1, rdr=0, mra=0, tp_pct=2.7 with disabled detecting motions
/home/kestutis/miniconda3/envs/ITP259/lib/python3.11/site-packages/sklearn/base.py:486: UserWarning: X has feature names, but StandardScaler was fitted without feature names
  warnings.warn(
ectopy_stats={'ectN': 915, 'ectS': 1, 'ectV': 3, 'ectU': 4} with disabled detecting motions
Done 613/1088 | 1633552.134 | record time: 00:04

------------------------------------------------------------------------------------------
614/1088 | 1633553.986 | 1031_48 | row 473 | new: False | elapsed: 41:26
Noise stats for 1633553.986: out=0, rdr=0, mra=6, tp_pct=36.6 with enabled detecting motions

Noise stats for 1633553.986: out=0, rdr=0, mra=0, tp_pct=0.0 with disabled detecting motions
/home/kestutis/miniconda3/envs/ITP259/lib/python3.11/site-packages/sklearn/base.py:486: UserWarning: X has feature names, but StandardScaler was fitted without feature names
  warnings.warn(
ectopy_stats={'ectN': 697, 'ectS': 0, 'ectV': 0, 'ectU': 2} with disabled detecting motions
Done 614/1088 | 1633553.986 | record time: 00:04

------------------------------------------------------------------------------------------
615/1088 | 1633563.258 | 1031_34 | row 458 | new: False | elapsed: 41:30
Noise stats for 1633563.258: out=0, rdr=0, mra=2, tp_pct=25.3 with enabled detecting motions

Noise stats for 1633563.258: out=0, rdr=0, mra=0, tp_pct=0.0 with disabled detecting motions
/home/kestutis/miniconda3/envs/ITP259/lib/python3.11/site-packages/sklearn/base.py:486: UserWarning: X has feature names, but StandardScaler was fitted without feature names
  warnings.warn(
ectopy_stats={'ectN': 706, 'ectS': 0, 'ectV': 1, 'ectU': 4} with disabled detecting motions
Done 615/1088 | 1633563.258 | record time: 00:04

------------------------------------------------------------------------------------------
616/1088 | 1633565.11 | 1031_46 | row 471 | new: False | elapsed: 41:34
Noise stats for 1633565.110: out=0, rdr=0, mra=1, tp_pct=100.0 with enabled detecting motions

Noise stats for 1633565.110: out=0, rdr=0, mra=0, tp_pct=0.0 with disabled detecting motions
/home/kestutis/miniconda3/envs/ITP259/lib/python3.11/site-packages/sklearn/base.py:486: UserWarning: X has feature names, but StandardScaler was fitted without feature names
  warnings.warn(
ectopy_stats={'ectN': 620, 'ectS': 2, 'ectV': 0, 'ectU': 2} with disabled detecting motions
Done 616/1088 | 1633565.11 | record time: 00:04

------------------------------------------------------------------------------------------
617/1088 | 1633565.731 | 1031_33 | row 457 | new: False | elapsed: 41:37
Noise stats for 1633565.731: out=0, rdr=0, mra=1, tp_pct=100.0 with enabled detecting motions

Noise stats for 1633565.731: out=0, rdr=0, mra=0, tp_pct=0.0 with disabled detecting motions
/home/kestutis/miniconda3/envs/ITP259/lib/python3.11/site-packages/sklearn/base.py:486: UserWarning: X has feature names, but StandardScaler was fitted without feature names
  warnings.warn(
ectopy_stats={'ectN': 629, 'ectS': 2, 'ectV': 0, 'ectU': 2} with disabled detecting motions
Done 617/1088 | 1633565.731 | record time: 00:04

------------------------------------------------------------------------------------------
618/1088 | 1633566.348 | 1031_37 | row 461 | new: False | elapsed: 41:41
Noise stats for 1633566.348: out=0, rdr=0, mra=1, tp_pct=100.0 with enabled detecting motions

Noise stats for 1633566.348: out=0, rdr=0, mra=0, tp_pct=0.0 with disabled detecting motions
/home/kestutis/miniconda3/envs/ITP259/lib/python3.11/site-packages/sklearn/base.py:486: UserWarning: X has feature names, but StandardScaler was fitted without feature names
  warnings.warn(
ectopy_stats={'ectN': 642, 'ectS': 1, 'ectV': 0, 'ectU': 2} with disabled detecting motions
Done 618/1088 | 1633566.348 | record time: 00:04

------------------------------------------------------------------------------------------
619/1088 | 1633566.965 | 1031_38 | row 462 | new: False | elapsed: 41:45
Noise stats for 1633566.965: out=0, rdr=0, mra=1, tp_pct=27.8 with enabled detecting motions

Noise stats for 1633566.965: out=0, rdr=0, mra=0, tp_pct=0.0 with disabled detecting motions
/home/kestutis/miniconda3/envs/ITP259/lib/python3.11/site-packages/sklearn/base.py:486: UserWarning: X has feature names, but StandardScaler was fitted without feature names
  warnings.warn(
ectopy_stats={'ectN': 696, 'ectS': 1, 'ectV': 0, 'ectU': 2} with disabled detecting motions
Done 619/1088 | 1633566.965 | record time: 00:04

------------------------------------------------------------------------------------------
620/1088 | 1633572.531 | 1031_39 | row 463 | new: False | elapsed: 41:49
Noise stats for 1633572.531: out=0, rdr=0, mra=6, tp_pct=95.2 with enabled detecting motions

Noise stats for 1633572.531: out=0, rdr=0, mra=0, tp_pct=0.0 with disabled detecting motions
/home/kestutis/miniconda3/envs/ITP259/lib/python3.11/site-packages/sklearn/base.py:486: UserWarning: X has feature names, but StandardScaler was fitted without feature names
  warnings.warn(
ectopy_stats={'ectN': 631, 'ectS': 2, 'ectV': 0, 'ectU': 2} with disabled detecting motions
Done 620/1088 | 1633572.531 | record time: 00:04

------------------------------------------------------------------------------------------
621/1088 | 1633581.807 | 1031_43 | row 468 | new: False | elapsed: 41:53
Noise stats for 1633581.807: out=0, rdr=0, mra=0, tp_pct=0.0 with enabled detecting motions

Noise stats for 1633581.807: out=0, rdr=0, mra=0, tp_pct=0.0 with disabled detecting motions
/home/kestutis/miniconda3/envs/ITP259/lib/python3.11/site-packages/sklearn/base.py:486: UserWarning: X has feature names, but StandardScaler was fitted without feature names
  warnings.warn(
ectopy_stats={'ectN': 642, 'ectS': 1, 'ectV': 0, 'ectU': 2} with disabled detecting motions
Done 621/1088 | 1633581.807 | record time: 00:04

------------------------------------------------------------------------------------------
622/1088 | 1633583.046 | 1031_24 | row 447 | new: False | elapsed: 41:57
Noise stats for 1633583.046: out=0, rdr=0, mra=3, tp_pct=7.7 with enabled detecting motions

Noise stats for 1633583.046: out=0, rdr=0, mra=0, tp_pct=0.0 with disabled detecting motions
/home/kestutis/miniconda3/envs/ITP259/lib/python3.11/site-packages/sklearn/base.py:486: UserWarning: X has feature names, but StandardScaler was fitted without feature names
  warnings.warn(
ectopy_stats={'ectN': 645, 'ectS': 0, 'ectV': 0, 'ectU': 2} with disabled detecting motions
Done 622/1088 | 1633583.046 | record time: 00:04

------------------------------------------------------------------------------------------
623/1088 | 1633583.663 | 1031_10 | row 432 | new: False | elapsed: 42:01
Noise stats for 1633583.663: out=0, rdr=0, mra=2, tp_pct=6.4 with enabled detecting motions

Noise stats for 1633583.663: out=0, rdr=0, mra=0, tp_pct=0.0 with disabled detecting motions
/home/kestutis/miniconda3/envs/ITP259/lib/python3.11/site-packages/sklearn/base.py:486: UserWarning: X has feature names, but StandardScaler was fitted without feature names
  warnings.warn(
ectopy_stats={'ectN': 644, 'ectS': 1, 'ectV': 0, 'ectU': 3} with disabled detecting motions
Done 623/1088 | 1633583.663 | record time: 00:04

------------------------------------------------------------------------------------------
624/1088 | 1633584.28 | 1031_20 | row 443 | new: False | elapsed: 42:04
Noise stats for 1633584.280: out=0, rdr=0, mra=0, tp_pct=0.0 with enabled detecting motions

Noise stats for 1633584.280: out=0, rdr=0, mra=0, tp_pct=0.0 with disabled detecting motions
/home/kestutis/miniconda3/envs/ITP259/lib/python3.11/site-packages/sklearn/base.py:486: UserWarning: X has feature names, but StandardScaler was fitted without feature names
  warnings.warn(
ectopy_stats={'ectN': 636, 'ectS': 0, 'ectV': 0, 'ectU': 2} with disabled detecting motions
Done 624/1088 | 1633584.28 | record time: 00:04

------------------------------------------------------------------------------------------
625/1088 | 1633584.898 | 1031_5 | row 475 | new: False | elapsed: 42:08
Noise stats for 1633584.898: out=0, rdr=0, mra=2, tp_pct=4.5 with enabled detecting motions

Noise stats for 1633584.898: out=0, rdr=0, mra=0, tp_pct=0.0 with disabled detecting motions
/home/kestutis/miniconda3/envs/ITP259/lib/python3.11/site-packages/sklearn/base.py:486: UserWarning: X has feature names, but StandardScaler was fitted without feature names
  warnings.warn(
ectopy_stats={'ectN': 803, 'ectS': 13, 'ectV': 4, 'ectU': 10} with disabled detecting motions
Done 625/1088 | 1633584.898 | record time: 00:04

------------------------------------------------------------------------------------------
626/1088 | 1633587.372 | 1031_44 | row 469 | new: False | elapsed: 42:13
Noise stats for 1633587.372: out=0, rdr=0, mra=0, tp_pct=0.0 with enabled detecting motions

Noise stats for 1633587.372: out=0, rdr=0, mra=0, tp_pct=0.0 with disabled detecting motions
/home/kestutis/miniconda3/envs/ITP259/lib/python3.11/site-packages/sklearn/base.py:486: UserWarning: X has feature names, but StandardScaler was fitted without feature names
  warnings.warn(
ectopy_stats={'ectN': 1119, 'ectS': 1, 'ectV': 2, 'ectU': 2} with disabled detecting motions
Done 626/1088 | 1633587.372 | record time: 00:05

------------------------------------------------------------------------------------------
627/1088 | 1633590.464 | 1031_45 | row 470 | new: False | elapsed: 42:18
Noise stats for 1633590.464: out=1, rdr=0, mra=0, tp_pct=1.9 with enabled detecting motions

Noise stats for 1633590.464: out=1, rdr=0, mra=0, tp_pct=1.9 with disabled detecting motions
/home/kestutis/miniconda3/envs/ITP259/lib/python3.11/site-packages/sklearn/base.py:486: UserWarning: X has feature names, but StandardScaler was fitted without feature names
  warnings.warn(
ectopy_stats={'ectN': 941, 'ectS': 1, 'ectV': 1, 'ectU': 4} with disabled detecting motions
Done 627/1088 | 1633590.464 | record time: 00:05

------------------------------------------------------------------------------------------
628/1088 | 1633591.7 | 1031_18 | row 440 | new: False | elapsed: 42:22
Noise stats for 1633591.700: out=1, rdr=2, mra=0, tp_pct=78.3 with enabled detecting motions

Noise stats for 1633591.700: out=1, rdr=2, mra=0, tp_pct=78.3 with disabled detecting motions
/home/kestutis/miniconda3/envs/ITP259/lib/python3.11/site-packages/sklearn/base.py:486: UserWarning: X has feature names, but StandardScaler was fitted without feature names
  warnings.warn(
ectopy_stats={'ectN': 214, 'ectS': 3, 'ectV': 1, 'ectU': 2} with disabled detecting motions
Done 628/1088 | 1633591.7 | record time: 00:01

------------------------------------------------------------------------------------------
629/1088 | 1633935.589 | 1037_3 | row 638 | new: False | elapsed: 42:23
Noise stats for 1633935.589: out=4, rdr=0, mra=0, tp_pct=6.4 with enabled detecting motions

Noise stats for 1633935.589: out=4, rdr=0, mra=0, tp_pct=6.4 with disabled detecting motions
/home/kestutis/miniconda3/envs/ITP259/lib/python3.11/site-packages/sklearn/base.py:486: UserWarning: X has feature names, but StandardScaler was fitted without feature names
  warnings.warn(
ectopy_stats={'ectN': 620, 'ectS': 14, 'ectV': 22, 'ectU': 20} with disabled detecting motions
Done 629/1088 | 1633935.589 | record time: 00:04

------------------------------------------------------------------------------------------
630/1088 | 1633936.216 | 1037_1 | row 636 | new: False | elapsed: 42:27
Noise stats for 1633936.216: out=3, rdr=0, mra=7, tp_pct=24.8 with enabled detecting motions

Noise stats for 1633936.216: out=3, rdr=0, mra=0, tp_pct=5.2 with disabled detecting motions
/home/kestutis/miniconda3/envs/ITP259/lib/python3.11/site-packages/sklearn/base.py:486: UserWarning: X has feature names, but StandardScaler was fitted without feature names
  warnings.warn(
ectopy_stats={'ectN': 694, 'ectS': 17, 'ectV': 18, 'ectU': 4} with disabled detecting motions
Done 630/1088 | 1633936.216 | record time: 00:04

------------------------------------------------------------------------------------------
631/1088 | 1633936.844 | 1037_5 | row 640 | new: False | elapsed: 42:31
Noise stats for 1633936.844: out=3, rdr=0, mra=3, tp_pct=13.1 with enabled detecting motions

Noise stats for 1633936.844: out=3, rdr=0, mra=0, tp_pct=4.6 with disabled detecting motions
/home/kestutis/miniconda3/envs/ITP259/lib/python3.11/site-packages/sklearn/base.py:486: UserWarning: X has feature names, but StandardScaler was fitted without feature names
  warnings.warn(
ectopy_stats={'ectN': 738, 'ectS': 6, 'ectV': 7, 'ectU': 4} with disabled detecting motions
Done 631/1088 | 1633936.844 | record time: 00:04

------------------------------------------------------------------------------------------
632/1088 | 1633937.471 | 1037_7 | row 642 | new: False | elapsed: 42:35
Noise stats for 1633937.471: out=4, rdr=0, mra=0, tp_pct=7.5 with enabled detecting motions

Noise stats for 1633937.471: out=4, rdr=0, mra=0, tp_pct=7.5 with disabled detecting motions
/home/kestutis/miniconda3/envs/ITP259/lib/python3.11/site-packages/sklearn/base.py:486: UserWarning: X has feature names, but StandardScaler was fitted without feature names
  warnings.warn(
ectopy_stats={'ectN': 744, 'ectS': 3, 'ectV': 4, 'ectU': 5} with disabled detecting motions
Done 632/1088 | 1633937.471 | record time: 00:04

------------------------------------------------------------------------------------------
633/1088 | 1633939.352 | 1037_2 | row 637 | new: False | elapsed: 42:39
Noise stats for 1633939.352: out=0, rdr=0, mra=0, tp_pct=0.0 with enabled detecting motions

Noise stats for 1633939.352: out=0, rdr=0, mra=0, tp_pct=0.0 with disabled detecting motions
/home/kestutis/miniconda3/envs/ITP259/lib/python3.11/site-packages/sklearn/base.py:486: UserWarning: X has feature names, but StandardScaler was fitted without feature names
  warnings.warn(
ectopy_stats={'ectN': 659, 'ectS': 19, 'ectV': 4, 'ectU': 6} with disabled detecting motions
Done 633/1088 | 1633939.352 | record time: 00:04

------------------------------------------------------------------------------------------
634/1088 | 1633947.509 | 1037_4 | row 639 | new: False | elapsed: 42:43
Noise stats for 1633947.509: out=0, rdr=0, mra=0, tp_pct=0.0 with enabled detecting motions

Noise stats for 1633947.509: out=0, rdr=0, mra=0, tp_pct=0.0 with disabled detecting motions
/home/kestutis/miniconda3/envs/ITP259/lib/python3.11/site-packages/sklearn/base.py:486: UserWarning: X has feature names, but StandardScaler was fitted without feature names
  warnings.warn(
ectopy_stats={'ectN': 629, 'ectS': 14, 'ectV': 8, 'ectU': 12} with disabled detecting motions
Done 634/1088 | 1633947.509 | record time: 00:04

------------------------------------------------------------------------------------------
635/1088 | 1633948.136 | 1037_0 | row 635 | new: False | elapsed: 42:47
Noise stats for 1633948.136: out=0, rdr=0, mra=2, tp_pct=4.5 with enabled detecting motions

Noise stats for 1633948.136: out=0, rdr=0, mra=0, tp_pct=0.0 with disabled detecting motions
/home/kestutis/miniconda3/envs/ITP259/lib/python3.11/site-packages/sklearn/base.py:486: UserWarning: X has feature names, but StandardScaler was fitted without feature names
  warnings.warn(
ectopy_stats={'ectN': 653, 'ectS': 29, 'ectV': 12, 'ectU': 5} with disabled detecting motions
Done 635/1088 | 1633948.136 | record time: 00:04

------------------------------------------------------------------------------------------
636/1088 | 1633958.174 | 1037_6 | row 641 | new: False | elapsed: 42:51
Noise stats for 1633958.174: out=0, rdr=0, mra=1, tp_pct=2.7 with enabled detecting motions

Noise stats for 1633958.174: out=0, rdr=0, mra=0, tp_pct=0.0 with disabled detecting motions
/home/kestutis/miniconda3/envs/ITP259/lib/python3.11/site-packages/sklearn/base.py:486: UserWarning: X has feature names, but StandardScaler was fitted without feature names
  warnings.warn(
ectopy_stats={'ectN': 774, 'ectS': 3, 'ectV': 6, 'ectU': 2} with disabled detecting motions
Done 636/1088 | 1633958.174 | record time: 00:04

------------------------------------------------------------------------------------------
637/1088 | 1634112.089 | 1036_1 | row 634 | new: False | elapsed: 42:55
Noise stats for 1634112.089: out=2, rdr=0, mra=0, tp_pct=2.6 with enabled detecting motions

Noise stats for 1634112.089: out=2, rdr=0, mra=0, tp_pct=2.6 with disabled detecting motions
/home/kestutis/miniconda3/envs/ITP259/lib/python3.11/site-packages/sklearn/base.py:486: UserWarning: X has feature names, but StandardScaler was fitted without feature names
  warnings.warn(
ectopy_stats={'ectN': 636, 'ectS': 4, 'ectV': 20, 'ectU': 28} with disabled detecting motions
Done 637/1088 | 1634112.089 | record time: 00:04

------------------------------------------------------------------------------------------
638/1088 | 1634161.029 | 1036_0 | row 633 | new: False | elapsed: 42:59
Noise stats for 1634161.029: out=0, rdr=0, mra=1, tp_pct=3.2 with enabled detecting motions

Noise stats for 1634161.029: out=0, rdr=0, mra=0, tp_pct=0.0 with disabled detecting motions
/home/kestutis/miniconda3/envs/ITP259/lib/python3.11/site-packages/sklearn/base.py:486: UserWarning: X has feature names, but StandardScaler was fitted without feature names
  warnings.warn(
ectopy_stats={'ectN': 608, 'ectS': 1, 'ectV': 0, 'ectU': 2} with disabled detecting motions
Done 638/1088 | 1634161.029 | record time: 00:04

------------------------------------------------------------------------------------------
639/1088 | 1634553.699 | 1041_1 | row 651 | new: False | elapsed: 43:02
Noise stats for 1634553.699: out=0, rdr=0, mra=3, tp_pct=7.4 with enabled detecting motions

Noise stats for 1634553.699: out=0, rdr=0, mra=0, tp_pct=0.0 with disabled detecting motions
/home/kestutis/miniconda3/envs/ITP259/lib/python3.11/site-packages/sklearn/base.py:486: UserWarning: X has feature names, but StandardScaler was fitted without feature names
  warnings.warn(
ectopy_stats={'ectN': 792, 'ectS': 7, 'ectV': 7, 'ectU': 3} with disabled detecting motions
Done 639/1088 | 1634553.699 | record time: 00:04

------------------------------------------------------------------------------------------
640/1088 | 1634554.326 | 1041_0 | row 650 | new: False | elapsed: 43:07
Noise stats for 1634554.326: out=0, rdr=0, mra=1, tp_pct=3.0 with enabled detecting motions

Noise stats for 1634554.326: out=0, rdr=0, mra=0, tp_pct=0.0 with disabled detecting motions
/home/kestutis/miniconda3/envs/ITP259/lib/python3.11/site-packages/sklearn/base.py:486: UserWarning: X has feature names, but StandardScaler was fitted without feature names
  warnings.warn(
ectopy_stats={'ectN': 797, 'ectS': 11, 'ectV': 20, 'ectU': 2} with disabled detecting motions
Done 640/1088 | 1634554.326 | record time: 00:04

------------------------------------------------------------------------------------------
641/1088 | 1634634.815 | 1043_0 | row 680 | new: False | elapsed: 43:11
Noise stats for 1634634.815: out=0, rdr=0, mra=2, tp_pct=5.4 with enabled detecting motions

Noise stats for 1634634.815: out=0, rdr=0, mra=0, tp_pct=0.0 with disabled detecting motions
/home/kestutis/miniconda3/envs/ITP259/lib/python3.11/site-packages/sklearn/base.py:486: UserWarning: X has feature names, but StandardScaler was fitted without feature names
  warnings.warn(
ectopy_stats={'ectN': 598, 'ectS': 1, 'ectV': 1, 'ectU': 2} with disabled detecting motions
Done 641/1088 | 1634634.815 | record time: 00:04

------------------------------------------------------------------------------------------
642/1088 | 1634635.441 | 1043_1 | row 681 | new: False | elapsed: 43:15
Noise stats for 1634635.441: out=2, rdr=0, mra=2, tp_pct=8.5 with enabled detecting motions

Noise stats for 1634635.441: out=2, rdr=0, mra=0, tp_pct=3.6 with disabled detecting motions
/home/kestutis/miniconda3/envs/ITP259/lib/python3.11/site-packages/sklearn/base.py:486: UserWarning: X has feature names, but StandardScaler was fitted without feature names
  warnings.warn(
ectopy_stats={'ectN': 672, 'ectS': 0, 'ectV': 0, 'ectU': 12} with disabled detecting motions
Done 642/1088 | 1634635.441 | record time: 00:04

------------------------------------------------------------------------------------------
643/1088 | 1634648.967 | 1040_0 | row 645 | new: False | elapsed: 43:19
Noise stats for 1634648.967: out=0, rdr=0, mra=4, tp_pct=13.7 with enabled detecting motions

Noise stats for 1634648.967: out=0, rdr=0, mra=0, tp_pct=0.0 with disabled detecting motions
/home/kestutis/miniconda3/envs/ITP259/lib/python3.11/site-packages/sklearn/base.py:486: UserWarning: X has feature names, but StandardScaler was fitted without feature names
  warnings.warn(
ectopy_stats={'ectN': 662, 'ectS': 0, 'ectV': 3, 'ectU': 2} with disabled detecting motions
Done 643/1088 | 1634648.967 | record time: 00:04

------------------------------------------------------------------------------------------
644/1088 | 1634649.586 | 1040_4 | row 649 | new: False | elapsed: 43:23
Noise stats for 1634649.586: out=0, rdr=0, mra=6, tp_pct=17.2 with enabled detecting motions

Noise stats for 1634649.586: out=0, rdr=0, mra=0, tp_pct=0.0 with disabled detecting motions
/home/kestutis/miniconda3/envs/ITP259/lib/python3.11/site-packages/sklearn/base.py:486: UserWarning: X has feature names, but StandardScaler was fitted without feature names
  warnings.warn(
ectopy_stats={'ectN': 668, 'ectS': 0, 'ectV': 0, 'ectU': 2} with disabled detecting motions
Done 644/1088 | 1634649.586 | record time: 00:04

------------------------------------------------------------------------------------------
645/1088 | 1634652.691 | 1040_1 | row 646 | new: False | elapsed: 43:26
Noise stats for 1634652.691: out=1, rdr=0, mra=8, tp_pct=32.3 with enabled detecting motions

Noise stats for 1634652.691: out=1, rdr=0, mra=0, tp_pct=0.7 with disabled detecting motions
/home/kestutis/miniconda3/envs/ITP259/lib/python3.11/site-packages/sklearn/base.py:486: UserWarning: X has feature names, but StandardScaler was fitted without feature names
  warnings.warn(
ectopy_stats={'ectN': 675, 'ectS': 0, 'ectV': 1, 'ectU': 3} with disabled detecting motions
Done 645/1088 | 1634652.691 | record time: 00:04

------------------------------------------------------------------------------------------
646/1088 | 1634653.93 | 1040_2 | row 647 | new: False | elapsed: 43:30
Noise stats for 1634653.930: out=0, rdr=0, mra=9, tp_pct=29.7 with enabled detecting motions

Noise stats for 1634653.930: out=0, rdr=0, mra=0, tp_pct=0.0 with disabled detecting motions
/home/kestutis/miniconda3/envs/ITP259/lib/python3.11/site-packages/sklearn/base.py:486: UserWarning: X has feature names, but StandardScaler was fitted without feature names
  warnings.warn(
ectopy_stats={'ectN': 676, 'ectS': 0, 'ectV': 2, 'ectU': 2} with disabled detecting motions
Done 646/1088 | 1634653.93 | record time: 00:04

------------------------------------------------------------------------------------------
647/1088 | 1634654.55 | 1040_3 | row 648 | new: False | elapsed: 43:34
Noise stats for 1634654.550: out=0, rdr=0, mra=9, tp_pct=61.1 with enabled detecting motions

Noise stats for 1634654.550: out=0, rdr=0, mra=0, tp_pct=0.0 with disabled detecting motions
/home/kestutis/miniconda3/envs/ITP259/lib/python3.11/site-packages/sklearn/base.py:486: UserWarning: X has feature names, but StandardScaler was fitted without feature names
  warnings.warn(
ectopy_stats={'ectN': 673, 'ectS': 0, 'ectV': 1, 'ectU': 2} with disabled detecting motions
Done 647/1088 | 1634654.55 | record time: 00:04

------------------------------------------------------------------------------------------
648/1088 | 1634678.89 | 1039_0 | row 644 | new: False | elapsed: 43:38
Noise stats for 1634678.890: out=0, rdr=0, mra=2, tp_pct=96.7 with enabled detecting motions

Noise stats for 1634678.890: out=0, rdr=0, mra=0, tp_pct=0.0 with disabled detecting motions
/home/kestutis/miniconda3/envs/ITP259/lib/python3.11/site-packages/sklearn/base.py:486: UserWarning: X has feature names, but StandardScaler was fitted without feature names
  warnings.warn(
ectopy_stats={'ectN': 624, 'ectS': 0, 'ectV': 0, 'ectU': 2} with disabled detecting motions
Done 648/1088 | 1634678.89 | record time: 00:04

------------------------------------------------------------------------------------------
649/1088 | 1634724.665 | 1042_5 | row 675 | new: False | elapsed: 43:42
Noise stats for 1634724.665: out=0, rdr=0, mra=3, tp_pct=8.1 with enabled detecting motions

Noise stats for 1634724.665: out=0, rdr=0, mra=0, tp_pct=0.0 with disabled detecting motions
/home/kestutis/miniconda3/envs/ITP259/lib/python3.11/site-packages/sklearn/base.py:486: UserWarning: X has feature names, but StandardScaler was fitted without feature names
  warnings.warn(
ectopy_stats={'ectN': 824, 'ectS': 0, 'ectV': 5, 'ectU': 2} with disabled detecting motions
Done 649/1088 | 1634724.665 | record time: 00:04

------------------------------------------------------------------------------------------
650/1088 | 1634725.292 | 1042_18 | row 662 | new: False | elapsed: 43:46
Noise stats for 1634725.292: out=0, rdr=0, mra=0, tp_pct=0.0 with enabled detecting motions

Noise stats for 1634725.292: out=0, rdr=0, mra=0, tp_pct=0.0 with disabled detecting motions
/home/kestutis/miniconda3/envs/ITP259/lib/python3.11/site-packages/sklearn/base.py:486: UserWarning: X has feature names, but StandardScaler was fitted without feature names
  warnings.warn(
ectopy_stats={'ectN': 800, 'ectS': 1, 'ectV': 3, 'ectU': 2} with disabled detecting motions
Done 650/1088 | 1634725.292 | record time: 00:04

------------------------------------------------------------------------------------------
651/1088 | 1634725.919 | 1042_25 | row 670 | new: False | elapsed: 43:51
Noise stats for 1634725.919: out=1, rdr=0, mra=1, tp_pct=4.4 with enabled detecting motions

Noise stats for 1634725.919: out=1, rdr=0, mra=0, tp_pct=2.0 with disabled detecting motions
/home/kestutis/miniconda3/envs/ITP259/lib/python3.11/site-packages/sklearn/base.py:486: UserWarning: X has feature names, but StandardScaler was fitted without feature names
  warnings.warn(
ectopy_stats={'ectN': 751, 'ectS': 0, 'ectV': 1, 'ectU': 2} with disabled detecting motions
Done 651/1088 | 1634725.919 | record time: 00:04

------------------------------------------------------------------------------------------
652/1088 | 1634727.173 | 1042_13 | row 657 | new: False | elapsed: 43:55
Noise stats for 1634727.173: out=3, rdr=0, mra=5, tp_pct=12.6 with enabled detecting motions

Noise stats for 1634727.173: out=3, rdr=0, mra=0, tp_pct=4.3 with disabled detecting motions
/home/kestutis/miniconda3/envs/ITP259/lib/python3.11/site-packages/sklearn/base.py:486: UserWarning: X has feature names, but StandardScaler was fitted without feature names
  warnings.warn(
ectopy_stats={'ectN': 767, 'ectS': 0, 'ectV': 3, 'ectU': 2} with disabled detecting motions
Done 652/1088 | 1634727.173 | record time: 00:04

------------------------------------------------------------------------------------------
653/1088 | 1634727.8 | 1042_11 | row 655 | new: False | elapsed: 43:59
Noise stats for 1634727.800: out=0, rdr=0, mra=1, tp_pct=2.7 with enabled detecting motions

Noise stats for 1634727.800: out=0, rdr=0, mra=0, tp_pct=0.0 with disabled detecting motions
/home/kestutis/miniconda3/envs/ITP259/lib/python3.11/site-packages/sklearn/base.py:486: UserWarning: X has feature names, but StandardScaler was fitted without feature names
  warnings.warn(
ectopy_stats={'ectN': 802, 'ectS': 0, 'ectV': 3, 'ectU': 3} with disabled detecting motions
Done 653/1088 | 1634727.8 | record time: 00:04

------------------------------------------------------------------------------------------
654/1088 | 1634728.431 | 1042_3 | row 673 | new: False | elapsed: 44:03
Noise stats for 1634728.431: out=2, rdr=0, mra=0, tp_pct=2.8 with enabled detecting motions

Noise stats for 1634728.431: out=2, rdr=0, mra=0, tp_pct=2.8 with disabled detecting motions
/home/kestutis/miniconda3/envs/ITP259/lib/python3.11/site-packages/sklearn/base.py:486: UserWarning: X has feature names, but StandardScaler was fitted without feature names
  warnings.warn(
ectopy_stats={'ectN': 802, 'ectS': 0, 'ectV': 7, 'ectU': 2} with disabled detecting motions
Done 654/1088 | 1634728.431 | record time: 00:04

------------------------------------------------------------------------------------------
655/1088 | 1634729.058 | 1042_2 | row 664 | new: False | elapsed: 44:07
Noise stats for 1634729.058: out=0, rdr=0, mra=1, tp_pct=2.9 with enabled detecting motions

Noise stats for 1634729.058: out=0, rdr=0, mra=0, tp_pct=0.0 with disabled detecting motions
/home/kestutis/miniconda3/envs/ITP259/lib/python3.11/site-packages/sklearn/base.py:486: UserWarning: X has feature names, but StandardScaler was fitted without feature names
  warnings.warn(
ectopy_stats={'ectN': 813, 'ectS': 0, 'ectV': 13, 'ectU': 4} with disabled detecting motions
Done 655/1088 | 1634729.058 | record time: 00:04

------------------------------------------------------------------------------------------
656/1088 | 1634729.685 | 1042_6 | row 676 | new: False | elapsed: 44:11
Noise stats for 1634729.685: out=1, rdr=0, mra=2, tp_pct=7.1 with enabled detecting motions

Noise stats for 1634729.685: out=1, rdr=0, mra=0, tp_pct=1.9 with disabled detecting motions
/home/kestutis/miniconda3/envs/ITP259/lib/python3.11/site-packages/sklearn/base.py:486: UserWarning: X has feature names, but StandardScaler was fitted without feature names
  warnings.warn(
ectopy_stats={'ectN': 805, 'ectS': 0, 'ectV': 4, 'ectU': 3} with disabled detecting motions
Done 656/1088 | 1634729.685 | record time: 00:04

------------------------------------------------------------------------------------------
657/1088 | 1634730.312 | 1042_0 | row 652 | new: False | elapsed: 44:16
Noise stats for 1634730.312: out=1, rdr=0, mra=0, tp_pct=1.8 with enabled detecting motions

Noise stats for 1634730.312: out=1, rdr=0, mra=0, tp_pct=1.8 with disabled detecting motions
/home/kestutis/miniconda3/envs/ITP259/lib/python3.11/site-packages/sklearn/base.py:486: UserWarning: X has feature names, but StandardScaler was fitted without feature names
  warnings.warn(
ectopy_stats={'ectN': 803, 'ectS': 0, 'ectV': 12, 'ectU': 2} with disabled detecting motions
Done 657/1088 | 1634730.312 | record time: 00:04

------------------------------------------------------------------------------------------
658/1088 | 1634730.943 | 1042_19 | row 663 | new: False | elapsed: 44:20
Noise stats for 1634730.943: out=0, rdr=0, mra=3, tp_pct=8.9 with enabled detecting motions

Noise stats for 1634730.943: out=0, rdr=0, mra=0, tp_pct=0.0 with disabled detecting motions
/home/kestutis/miniconda3/envs/ITP259/lib/python3.11/site-packages/sklearn/base.py:486: UserWarning: X has feature names, but StandardScaler was fitted without feature names
  warnings.warn(
ectopy_stats={'ectN': 801, 'ectS': 0, 'ectV': 3, 'ectU': 2} with disabled detecting motions
Done 658/1088 | 1634730.943 | record time: 00:04

------------------------------------------------------------------------------------------
659/1088 | 1634731.57 | 1042_8 | row 678 | new: False | elapsed: 44:24
Noise stats for 1634731.570: out=0, rdr=0, mra=2, tp_pct=4.7 with enabled detecting motions

Noise stats for 1634731.570: out=0, rdr=0, mra=0, tp_pct=0.0 with disabled detecting motions
/home/kestutis/miniconda3/envs/ITP259/lib/python3.11/site-packages/sklearn/base.py:486: UserWarning: X has feature names, but StandardScaler was fitted without feature names
  warnings.warn(
ectopy_stats={'ectN': 799, 'ectS': 0, 'ectV': 3, 'ectU': 2} with disabled detecting motions
Done 659/1088 | 1634731.57 | record time: 00:04

------------------------------------------------------------------------------------------
660/1088 | 1634732.197 | 1042_24 | row 669 | new: False | elapsed: 44:28
Noise stats for 1634732.197: out=1, rdr=0, mra=2, tp_pct=6.8 with enabled detecting motions

Noise stats for 1634732.197: out=1, rdr=0, mra=0, tp_pct=1.7 with disabled detecting motions
/home/kestutis/miniconda3/envs/ITP259/lib/python3.11/site-packages/sklearn/base.py:486: UserWarning: X has feature names, but StandardScaler was fitted without feature names
  warnings.warn(
ectopy_stats={'ectN': 747, 'ectS': 0, 'ectV': 0, 'ectU': 2} with disabled detecting motions
Done 660/1088 | 1634732.197 | record time: 00:04

------------------------------------------------------------------------------------------
661/1088 | 1634732.824 | 1042_7 | row 677 | new: False | elapsed: 44:32
Noise stats for 1634732.824: out=0, rdr=0, mra=0, tp_pct=0.0 with enabled detecting motions

Noise stats for 1634732.824: out=0, rdr=0, mra=0, tp_pct=0.0 with disabled detecting motions
/home/kestutis/miniconda3/envs/ITP259/lib/python3.11/site-packages/sklearn/base.py:486: UserWarning: X has feature names, but StandardScaler was fitted without feature names
  warnings.warn(
ectopy_stats={'ectN': 771, 'ectS': 0, 'ectV': 4, 'ectU': 3} with disabled detecting motions
Done 661/1088 | 1634732.824 | record time: 00:04

------------------------------------------------------------------------------------------
662/1088 | 1634733.451 | 1042_1 | row 653 | new: False | elapsed: 44:37
Noise stats for 1634733.451: out=0, rdr=0, mra=1, tp_pct=1.4 with enabled detecting motions

Noise stats for 1634733.451: out=0, rdr=0, mra=0, tp_pct=0.0 with disabled detecting motions
/home/kestutis/miniconda3/envs/ITP259/lib/python3.11/site-packages/sklearn/base.py:486: UserWarning: X has feature names, but StandardScaler was fitted without feature names
  warnings.warn(
ectopy_stats={'ectN': 805, 'ectS': 1, 'ectV': 12, 'ectU': 3} with disabled detecting motions
Done 662/1088 | 1634733.451 | record time: 00:04

------------------------------------------------------------------------------------------
663/1088 | 1634734.078 | 1042_15 | row 659 | new: False | elapsed: 44:41
Noise stats for 1634734.078: out=0, rdr=0, mra=1, tp_pct=2.8 with enabled detecting motions

Noise stats for 1634734.078: out=0, rdr=0, mra=0, tp_pct=0.0 with disabled detecting motions
/home/kestutis/miniconda3/envs/ITP259/lib/python3.11/site-packages/sklearn/base.py:486: UserWarning: X has feature names, but StandardScaler was fitted without feature names
  warnings.warn(
ectopy_stats={'ectN': 810, 'ectS': 0, 'ectV': 3, 'ectU': 2} with disabled detecting motions
Done 663/1088 | 1634734.078 | record time: 00:04

------------------------------------------------------------------------------------------
664/1088 | 1634734.705 | 1042_16 | row 660 | new: False | elapsed: 44:45
Noise stats for 1634734.705: out=0, rdr=0, mra=1, tp_pct=4.4 with enabled detecting motions

Noise stats for 1634734.705: out=0, rdr=0, mra=0, tp_pct=0.0 with disabled detecting motions
/home/kestutis/miniconda3/envs/ITP259/lib/python3.11/site-packages/sklearn/base.py:486: UserWarning: X has feature names, but StandardScaler was fitted without feature names
  warnings.warn(
ectopy_stats={'ectN': 809, 'ectS': 0, 'ectV': 2, 'ectU': 2} with disabled detecting motions
Done 664/1088 | 1634734.705 | record time: 00:04

------------------------------------------------------------------------------------------
665/1088 | 1634735.959 | 1042_17 | row 661 | new: False | elapsed: 44:49
Noise stats for 1634735.959: out=0, rdr=0, mra=1, tp_pct=2.4 with enabled detecting motions

Noise stats for 1634735.959: out=0, rdr=0, mra=0, tp_pct=0.0 with disabled detecting motions
/home/kestutis/miniconda3/envs/ITP259/lib/python3.11/site-packages/sklearn/base.py:486: UserWarning: X has feature names, but StandardScaler was fitted without feature names
  warnings.warn(
ectopy_stats={'ectN': 816, 'ectS': 1, 'ectV': 3, 'ectU': 2} with disabled detecting motions
Done 665/1088 | 1634735.959 | record time: 00:04

------------------------------------------------------------------------------------------
666/1088 | 1634736.586 | 1042_4 | row 674 | new: False | elapsed: 44:54
Noise stats for 1634736.586: out=0, rdr=0, mra=2, tp_pct=5.6 with enabled detecting motions

Noise stats for 1634736.586: out=0, rdr=0, mra=0, tp_pct=0.0 with disabled detecting motions
/home/kestutis/miniconda3/envs/ITP259/lib/python3.11/site-packages/sklearn/base.py:486: UserWarning: X has feature names, but StandardScaler was fitted without feature names
  warnings.warn(
ectopy_stats={'ectN': 737, 'ectS': 0, 'ectV': 2, 'ectU': 2} with disabled detecting motions
Done 666/1088 | 1634736.586 | record time: 00:04

------------------------------------------------------------------------------------------
667/1088 | 1634737.213 | 1042_10 | row 654 | new: False | elapsed: 44:58
Noise stats for 1634737.213: out=0, rdr=0, mra=5, tp_pct=18.3 with enabled detecting motions

Noise stats for 1634737.213: out=0, rdr=0, mra=0, tp_pct=0.0 with disabled detecting motions
/home/kestutis/miniconda3/envs/ITP259/lib/python3.11/site-packages/sklearn/base.py:486: UserWarning: X has feature names, but StandardScaler was fitted without feature names
  warnings.warn(
ectopy_stats={'ectN': 675, 'ectS': 0, 'ectV': 3, 'ectU': 2} with disabled detecting motions
Done 667/1088 | 1634737.213 | record time: 00:04

------------------------------------------------------------------------------------------
668/1088 | 1634740.348 | 1042_21 | row 666 | new: False | elapsed: 45:02
Noise stats for 1634740.348: out=0, rdr=0, mra=0, tp_pct=0.0 with enabled detecting motions

Noise stats for 1634740.348: out=0, rdr=0, mra=0, tp_pct=0.0 with disabled detecting motions
/home/kestutis/miniconda3/envs/ITP259/lib/python3.11/site-packages/sklearn/base.py:486: UserWarning: X has feature names, but StandardScaler was fitted without feature names
  warnings.warn(
ectopy_stats={'ectN': 639, 'ectS': 0, 'ectV': 1, 'ectU': 2} with disabled detecting motions
Done 668/1088 | 1634740.348 | record time: 00:04

------------------------------------------------------------------------------------------
669/1088 | 1634740.98 | 1042_12 | row 656 | new: False | elapsed: 45:06
Noise stats for 1634740.980: out=0, rdr=0, mra=0, tp_pct=0.0 with enabled detecting motions

Noise stats for 1634740.980: out=0, rdr=0, mra=0, tp_pct=0.0 with disabled detecting motions
/home/kestutis/miniconda3/envs/ITP259/lib/python3.11/site-packages/sklearn/base.py:486: UserWarning: X has feature names, but StandardScaler was fitted without feature names
  warnings.warn(
ectopy_stats={'ectN': 659, 'ectS': 0, 'ectV': 1, 'ectU': 4} with disabled detecting motions
Done 669/1088 | 1634740.98 | record time: 00:04

------------------------------------------------------------------------------------------
670/1088 | 1634742.234 | 1042_9 | row 679 | new: False | elapsed: 45:09
Noise stats for 1634742.234: out=0, rdr=0, mra=0, tp_pct=0.0 with enabled detecting motions

Noise stats for 1634742.234: out=0, rdr=0, mra=0, tp_pct=0.0 with disabled detecting motions
/home/kestutis/miniconda3/envs/ITP259/lib/python3.11/site-packages/sklearn/base.py:486: UserWarning: X has feature names, but StandardScaler was fitted without feature names
  warnings.warn(
ectopy_stats={'ectN': 712, 'ectS': 0, 'ectV': 3, 'ectU': 3} with disabled detecting motions
Done 670/1088 | 1634742.234 | record time: 00:04

------------------------------------------------------------------------------------------
671/1088 | 1634742.86 | 1042_26 | row 671 | new: False | elapsed: 45:13
Noise stats for 1634742.860: out=0, rdr=0, mra=0, tp_pct=0.0 with enabled detecting motions

Noise stats for 1634742.860: out=0, rdr=0, mra=0, tp_pct=0.0 with disabled detecting motions
/home/kestutis/miniconda3/envs/ITP259/lib/python3.11/site-packages/sklearn/base.py:486: UserWarning: X has feature names, but StandardScaler was fitted without feature names
  warnings.warn(
ectopy_stats={'ectN': 735, 'ectS': 0, 'ectV': 2, 'ectU': 2} with disabled detecting motions
Done 671/1088 | 1634742.86 | record time: 00:04

------------------------------------------------------------------------------------------
672/1088 | 1634744.118 | 1042_20 | row 665 | new: False | elapsed: 45:18
Noise stats for 1634744.118: out=0, rdr=0, mra=0, tp_pct=0.0 with enabled detecting motions

Noise stats for 1634744.118: out=0, rdr=0, mra=0, tp_pct=0.0 with disabled detecting motions
/home/kestutis/miniconda3/envs/ITP259/lib/python3.11/site-packages/sklearn/base.py:486: UserWarning: X has feature names, but StandardScaler was fitted without feature names
  warnings.warn(
ectopy_stats={'ectN': 659, 'ectS': 0, 'ectV': 1, 'ectU': 2} with disabled detecting motions
Done 672/1088 | 1634744.118 | record time: 00:04

------------------------------------------------------------------------------------------
673/1088 | 1634744.744 | 1042_27 | row 672 | new: False | elapsed: 45:21
Noise stats for 1634744.744: out=0, rdr=0, mra=0, tp_pct=0.0 with enabled detecting motions

Noise stats for 1634744.744: out=0, rdr=0, mra=0, tp_pct=0.0 with disabled detecting motions
/home/kestutis/miniconda3/envs/ITP259/lib/python3.11/site-packages/sklearn/base.py:486: UserWarning: X has feature names, but StandardScaler was fitted without feature names
  warnings.warn(
ectopy_stats={'ectN': 655, 'ectS': 0, 'ectV': 0, 'ectU': 2} with disabled detecting motions
Done 673/1088 | 1634744.744 | record time: 00:04

------------------------------------------------------------------------------------------
674/1088 | 1634745.371 | 1042_23 | row 668 | new: False | elapsed: 45:25
Noise stats for 1634745.371: out=0, rdr=0, mra=1, tp_pct=2.3 with enabled detecting motions

Noise stats for 1634745.371: out=0, rdr=0, mra=0, tp_pct=0.0 with disabled detecting motions
/home/kestutis/miniconda3/envs/ITP259/lib/python3.11/site-packages/sklearn/base.py:486: UserWarning: X has feature names, but StandardScaler was fitted without feature names
  warnings.warn(
ectopy_stats={'ectN': 657, 'ectS': 0, 'ectV': 1, 'ectU': 2} with disabled detecting motions
Done 674/1088 | 1634745.371 | record time: 00:04

------------------------------------------------------------------------------------------
675/1088 | 1634745.998 | 1042_14 | row 658 | new: False | elapsed: 45:29
Noise stats for 1634745.998: out=0, rdr=0, mra=0, tp_pct=0.0 with enabled detecting motions

Noise stats for 1634745.998: out=0, rdr=0, mra=0, tp_pct=0.0 with disabled detecting motions
/home/kestutis/miniconda3/envs/ITP259/lib/python3.11/site-packages/sklearn/base.py:486: UserWarning: X has feature names, but StandardScaler was fitted without feature names
  warnings.warn(
ectopy_stats={'ectN': 665, 'ectS': 0, 'ectV': 2, 'ectU': 2} with disabled detecting motions
Done 675/1088 | 1634745.998 | record time: 00:04

------------------------------------------------------------------------------------------
676/1088 | 1634746.624 | 1042_22 | row 667 | new: False | elapsed: 45:33
Noise stats for 1634746.624: out=0, rdr=0, mra=0, tp_pct=0.0 with enabled detecting motions

Noise stats for 1634746.624: out=0, rdr=0, mra=0, tp_pct=0.0 with disabled detecting motions
/home/kestutis/miniconda3/envs/ITP259/lib/python3.11/site-packages/sklearn/base.py:486: UserWarning: X has feature names, but StandardScaler was fitted without feature names
  warnings.warn(
ectopy_stats={'ectN': 682, 'ectS': 0, 'ectV': 0, 'ectU': 2} with disabled detecting motions
Done 676/1088 | 1634746.624 | record time: 00:04

------------------------------------------------------------------------------------------
677/1088 | 1634764.42 | 1038_0 | row 643 | new: False | elapsed: 45:37
Noise stats for 1634764.420: out=0, rdr=0, mra=0, tp_pct=0.0 with enabled detecting motions

Noise stats for 1634764.420: out=0, rdr=0, mra=0, tp_pct=0.0 with disabled detecting motions
/home/kestutis/miniconda3/envs/ITP259/lib/python3.11/site-packages/sklearn/base.py:486: UserWarning: X has feature names, but StandardScaler was fitted without feature names
  warnings.warn(
ectopy_stats={'ectN': 901, 'ectS': 0, 'ectV': 0, 'ectU': 2} with disabled detecting motions
Done 677/1088 | 1634764.42 | record time: 00:04

------------------------------------------------------------------------------------------
678/1088 | 1635142.988 | 1048_1 | row 687 | new: False | elapsed: 45:42
Noise stats for 1635142.988: out=0, rdr=0, mra=3, tp_pct=14.0 with enabled detecting motions

Noise stats for 1635142.988: out=0, rdr=0, mra=0, tp_pct=0.0 with disabled detecting motions
/home/kestutis/miniconda3/envs/ITP259/lib/python3.11/site-packages/sklearn/base.py:486: UserWarning: X has feature names, but StandardScaler was fitted without feature names
  warnings.warn(
ectopy_stats={'ectN': 683, 'ectS': 0, 'ectV': 0, 'ectU': 2} with disabled detecting motions
Done 678/1088 | 1635142.988 | record time: 00:04

------------------------------------------------------------------------------------------
679/1088 | 1635144.614 | 1047_0 | row 685 | new: False | elapsed: 45:45
Noise stats for 1635144.614: out=2, rdr=0, mra=0, tp_pct=4.9 with enabled detecting motions

Noise stats for 1635144.614: out=2, rdr=0, mra=0, tp_pct=4.9 with disabled detecting motions
/home/kestutis/miniconda3/envs/ITP259/lib/python3.11/site-packages/sklearn/base.py:486: UserWarning: X has feature names, but StandardScaler was fitted without feature names
  warnings.warn(
ectopy_stats={'ectN': 572, 'ectS': 0, 'ectV': 7, 'ectU': 3} with disabled detecting motions
Done 679/1088 | 1635144.614 | record time: 00:04

------------------------------------------------------------------------------------------
680/1088 | 1635145.495 | 1048_0 | row 686 | new: False | elapsed: 45:49
Noise stats for 1635145.495: out=0, rdr=0, mra=0, tp_pct=0.0 with enabled detecting motions

Noise stats for 1635145.495: out=0, rdr=0, mra=0, tp_pct=0.0 with disabled detecting motions
/home/kestutis/miniconda3/envs/ITP259/lib/python3.11/site-packages/sklearn/base.py:486: UserWarning: X has feature names, but StandardScaler was fitted without feature names
  warnings.warn(
ectopy_stats={'ectN': 676, 'ectS': 0, 'ectV': 1, 'ectU': 2} with disabled detecting motions
Done 680/1088 | 1635145.495 | record time: 00:04

------------------------------------------------------------------------------------------
681/1088 | 1635191.425 | 1045_0 | row 683 | new: False | elapsed: 45:53
Noise stats for 1635191.425: out=0, rdr=0, mra=2, tp_pct=5.7 with enabled detecting motions

Noise stats for 1635191.425: out=0, rdr=0, mra=0, tp_pct=0.0 with disabled detecting motions
/home/kestutis/miniconda3/envs/ITP259/lib/python3.11/site-packages/sklearn/base.py:486: UserWarning: X has feature names, but StandardScaler was fitted without feature names
  warnings.warn(
ectopy_stats={'ectN': 813, 'ectS': 0, 'ectV': 0, 'ectU': 2} with disabled detecting motions
Done 681/1088 | 1635191.425 | record time: 00:04

------------------------------------------------------------------------------------------
682/1088 | 1635192.891 | 1046_0 | row 684 | new: False | elapsed: 45:57
Noise stats for 1635192.891: out=0, rdr=0, mra=0, tp_pct=0.0 with enabled detecting motions

Noise stats for 1635192.891: out=0, rdr=0, mra=0, tp_pct=0.0 with disabled detecting motions
/home/kestutis/miniconda3/envs/ITP259/lib/python3.11/site-packages/sklearn/base.py:486: UserWarning: X has feature names, but StandardScaler was fitted without feature names
  warnings.warn(
ectopy_stats={'ectN': 791, 'ectS': 0, 'ectV': 0, 'ectU': 2} with disabled detecting motions
Done 682/1088 | 1635192.891 | record time: 00:04

------------------------------------------------------------------------------------------
683/1088 | 1635370.699 | 1044_0 | row 682 | new: False | elapsed: 46:01
Noise stats for 1635370.699: out=0, rdr=0, mra=6, tp_pct=37.5 with enabled detecting motions

Noise stats for 1635370.699: out=0, rdr=0, mra=0, tp_pct=0.0 with disabled detecting motions
/home/kestutis/miniconda3/envs/ITP259/lib/python3.11/site-packages/sklearn/base.py:486: UserWarning: X has feature names, but StandardScaler was fitted without feature names
  warnings.warn(
ectopy_stats={'ectN': 625, 'ectS': 0, 'ectV': 0, 'ectU': 3} with disabled detecting motions
Done 683/1088 | 1635370.699 | record time: 00:04

------------------------------------------------------------------------------------------
684/1088 | 1636072.509 | 1049_0 | row 688 | new: False | elapsed: 46:05
Noise stats for 1636072.509: out=0, rdr=0, mra=1, tp_pct=100.0 with enabled detecting motions

Noise stats for 1636072.509: out=0, rdr=0, mra=0, tp_pct=0.0 with disabled detecting motions
/home/kestutis/miniconda3/envs/ITP259/lib/python3.11/site-packages/sklearn/base.py:486: UserWarning: X has feature names, but StandardScaler was fitted without feature names
  warnings.warn(
ectopy_stats={'ectN': 671, 'ectS': 0, 'ectV': 0, 'ectU': 2} with disabled detecting motions
Done 684/1088 | 1636072.509 | record time: 00:04

------------------------------------------------------------------------------------------
685/1088 | 1636406.984 | 1054_0 | row 735 | new: False | elapsed: 46:09
Noise stats for 1636406.984: out=0, rdr=0, mra=0, tp_pct=0.0 with enabled detecting motions

Noise stats for 1636406.984: out=0, rdr=0, mra=0, tp_pct=0.0 with disabled detecting motions
/home/kestutis/miniconda3/envs/ITP259/lib/python3.11/site-packages/sklearn/base.py:486: UserWarning: X has feature names, but StandardScaler was fitted without feature names
  warnings.warn(
ectopy_stats={'ectN': 596, 'ectS': 1, 'ectV': 0, 'ectU': 3} with disabled detecting motions
Done 685/1088 | 1636406.984 | record time: 00:04

------------------------------------------------------------------------------------------
686/1088 | 1636409.501 | 1054_5 | row 747 | new: False | elapsed: 46:13
Noise stats for 1636409.501: out=0, rdr=0, mra=0, tp_pct=0.0 with enabled detecting motions

Noise stats for 1636409.501: out=0, rdr=0, mra=0, tp_pct=0.0 with disabled detecting motions
/home/kestutis/miniconda3/envs/ITP259/lib/python3.11/site-packages/sklearn/base.py:486: UserWarning: X has feature names, but StandardScaler was fitted without feature names
  warnings.warn(
ectopy_stats={'ectN': 569, 'ectS': 0, 'ectV': 1, 'ectU': 2} with disabled detecting motions
Done 686/1088 | 1636409.501 | record time: 00:04

------------------------------------------------------------------------------------------
687/1088 | 1636410.442 | 1055_5 | row 757 | new: False | elapsed: 46:17
Noise stats for 1636410.442: out=0, rdr=0, mra=2, tp_pct=5.3 with enabled detecting motions

Noise stats for 1636410.442: out=0, rdr=0, mra=0, tp_pct=0.0 with disabled detecting motions
/home/kestutis/miniconda3/envs/ITP259/lib/python3.11/site-packages/sklearn/base.py:486: UserWarning: X has feature names, but StandardScaler was fitted without feature names
  warnings.warn(
ectopy_stats={'ectN': 661, 'ectS': 0, 'ectV': 0, 'ectU': 2} with disabled detecting motions
Done 687/1088 | 1636410.442 | record time: 00:04

------------------------------------------------------------------------------------------
688/1088 | 1636411.382 | 1054_8 | row 750 | new: False | elapsed: 46:20
Noise stats for 1636411.382: out=0, rdr=0, mra=0, tp_pct=0.0 with enabled detecting motions

Noise stats for 1636411.382: out=0, rdr=0, mra=0, tp_pct=0.0 with disabled detecting motions
/home/kestutis/miniconda3/envs/ITP259/lib/python3.11/site-packages/sklearn/base.py:486: UserWarning: X has feature names, but StandardScaler was fitted without feature names
  warnings.warn(
ectopy_stats={'ectN': 592, 'ectS': 0, 'ectV': 2, 'ectU': 3} with disabled detecting motions
Done 688/1088 | 1636411.382 | record time: 00:04

------------------------------------------------------------------------------------------
689/1088 | 1636411.683 | 1055_4 | row 756 | new: False | elapsed: 46:24
Noise stats for 1636411.683: out=0, rdr=0, mra=1, tp_pct=2.7 with enabled detecting motions

Noise stats for 1636411.683: out=0, rdr=0, mra=0, tp_pct=0.0 with disabled detecting motions
/home/kestutis/miniconda3/envs/ITP259/lib/python3.11/site-packages/sklearn/base.py:486: UserWarning: X has feature names, but StandardScaler was fitted without feature names
  warnings.warn(
ectopy_stats={'ectN': 605, 'ectS': 0, 'ectV': 0, 'ectU': 3} with disabled detecting motions
Done 689/1088 | 1636411.683 | record time: 00:04

------------------------------------------------------------------------------------------
690/1088 | 1636412.009 | 1054_15 | row 742 | new: False | elapsed: 46:28
Noise stats for 1636412.009: out=0, rdr=0, mra=0, tp_pct=0.0 with enabled detecting motions

Noise stats for 1636412.009: out=0, rdr=0, mra=0, tp_pct=0.0 with disabled detecting motions
/home/kestutis/miniconda3/envs/ITP259/lib/python3.11/site-packages/sklearn/base.py:486: UserWarning: X has feature names, but StandardScaler was fitted without feature names
  warnings.warn(
ectopy_stats={'ectN': 595, 'ectS': 0, 'ectV': 1, 'ectU': 2} with disabled detecting motions
Done 690/1088 | 1636412.009 | record time: 00:04

------------------------------------------------------------------------------------------
691/1088 | 1636412.921 | 1055_1 | row 753 | new: False | elapsed: 46:32
Noise stats for 1636412.921: out=0, rdr=0, mra=0, tp_pct=0.0 with enabled detecting motions

Noise stats for 1636412.921: out=0, rdr=0, mra=0, tp_pct=0.0 with disabled detecting motions
/home/kestutis/miniconda3/envs/ITP259/lib/python3.11/site-packages/sklearn/base.py:486: UserWarning: X has feature names, but StandardScaler was fitted without feature names
  warnings.warn(
ectopy_stats={'ectN': 536, 'ectS': 0, 'ectV': 0, 'ectU': 2} with disabled detecting motions
Done 691/1088 | 1636412.921 | record time: 00:04

------------------------------------------------------------------------------------------
692/1088 | 1636413.539 | 1055_2 | row 754 | new: False | elapsed: 46:35
Noise stats for 1636413.539: out=0, rdr=0, mra=0, tp_pct=0.0 with enabled detecting motions

Noise stats for 1636413.539: out=0, rdr=0, mra=0, tp_pct=0.0 with disabled detecting motions
/home/kestutis/miniconda3/envs/ITP259/lib/python3.11/site-packages/sklearn/base.py:486: UserWarning: X has feature names, but StandardScaler was fitted without feature names
  warnings.warn(
ectopy_stats={'ectN': 519, 'ectS': 0, 'ectV': 0, 'ectU': 2} with disabled detecting motions
Done 692/1088 | 1636413.539 | record time: 00:04

------------------------------------------------------------------------------------------
693/1088 | 1636413.891 | 1054_11 | row 738 | new: False | elapsed: 46:39
Noise stats for 1636413.891: out=0, rdr=0, mra=0, tp_pct=0.0 with enabled detecting motions

Noise stats for 1636413.891: out=0, rdr=0, mra=0, tp_pct=0.0 with disabled detecting motions
/home/kestutis/miniconda3/envs/ITP259/lib/python3.11/site-packages/sklearn/base.py:486: UserWarning: X has feature names, but StandardScaler was fitted without feature names
  warnings.warn(
ectopy_stats={'ectN': 562, 'ectS': 0, 'ectV': 1, 'ectU': 2} with disabled detecting motions
Done 693/1088 | 1636413.891 | record time: 00:04

------------------------------------------------------------------------------------------
694/1088 | 1636414.518 | 1054_1 | row 736 | new: False | elapsed: 46:42
Noise stats for 1636414.518: out=0, rdr=0, mra=2, tp_pct=4.1 with enabled detecting motions

Noise stats for 1636414.518: out=0, rdr=0, mra=0, tp_pct=0.0 with disabled detecting motions
/home/kestutis/miniconda3/envs/ITP259/lib/python3.11/site-packages/sklearn/base.py:486: UserWarning: X has feature names, but StandardScaler was fitted without feature names
  warnings.warn(
ectopy_stats={'ectN': 642, 'ectS': 0, 'ectV': 3, 'ectU': 2} with disabled detecting motions
Done 694/1088 | 1636414.518 | record time: 00:04

------------------------------------------------------------------------------------------
695/1088 | 1636414.774 | 1055_3 | row 755 | new: False | elapsed: 46:46
Noise stats for 1636414.774: out=0, rdr=0, mra=1, tp_pct=2.7 with enabled detecting motions

Noise stats for 1636414.774: out=0, rdr=0, mra=0, tp_pct=0.0 with disabled detecting motions
/home/kestutis/miniconda3/envs/ITP259/lib/python3.11/site-packages/sklearn/base.py:486: UserWarning: X has feature names, but StandardScaler was fitted without feature names
  warnings.warn(
ectopy_stats={'ectN': 508, 'ectS': 0, 'ectV': 0, 'ectU': 2} with disabled detecting motions
Done 695/1088 | 1636414.774 | record time: 00:04

------------------------------------------------------------------------------------------
696/1088 | 1636416.399 | 1054_14 | row 741 | new: False | elapsed: 46:50
Noise stats for 1636416.399: out=0, rdr=0, mra=0, tp_pct=0.0 with enabled detecting motions

Noise stats for 1636416.399: out=0, rdr=0, mra=0, tp_pct=0.0 with disabled detecting motions
/home/kestutis/miniconda3/envs/ITP259/lib/python3.11/site-packages/sklearn/base.py:486: UserWarning: X has feature names, but StandardScaler was fitted without feature names
  warnings.warn(
ectopy_stats={'ectN': 561, 'ectS': 0, 'ectV': 0, 'ectU': 2} with disabled detecting motions
Done 696/1088 | 1636416.399 | record time: 00:04

------------------------------------------------------------------------------------------
697/1088 | 1636416.63 | 1055_0 | row 752 | new: False | elapsed: 46:53
Noise stats for 1636416.630: out=0, rdr=0, mra=0, tp_pct=0.0 with enabled detecting motions

Noise stats for 1636416.630: out=0, rdr=0, mra=0, tp_pct=0.0 with disabled detecting motions
/home/kestutis/miniconda3/envs/ITP259/lib/python3.11/site-packages/sklearn/base.py:486: UserWarning: X has feature names, but StandardScaler was fitted without feature names
  warnings.warn(
ectopy_stats={'ectN': 511, 'ectS': 0, 'ectV': 0, 'ectU': 2} with disabled detecting motions
Done 697/1088 | 1636416.63 | record time: 00:04

------------------------------------------------------------------------------------------
698/1088 | 1636418.28 | 1054_9 | row 751 | new: False | elapsed: 46:57
Noise stats for 1636418.280: out=0, rdr=0, mra=0, tp_pct=0.0 with enabled detecting motions

Noise stats for 1636418.280: out=0, rdr=0, mra=0, tp_pct=0.0 with disabled detecting motions
/home/kestutis/miniconda3/envs/ITP259/lib/python3.11/site-packages/sklearn/base.py:486: UserWarning: X has feature names, but StandardScaler was fitted without feature names
  warnings.warn(
ectopy_stats={'ectN': 542, 'ectS': 0, 'ectV': 0, 'ectU': 2} with disabled detecting motions
Done 698/1088 | 1636418.28 | record time: 00:04

------------------------------------------------------------------------------------------
699/1088 | 1636418.907 | 1054_3 | row 745 | new: False | elapsed: 47:01
Noise stats for 1636418.907: out=0, rdr=0, mra=0, tp_pct=0.0 with enabled detecting motions

Noise stats for 1636418.907: out=0, rdr=0, mra=0, tp_pct=0.0 with disabled detecting motions
/home/kestutis/miniconda3/envs/ITP259/lib/python3.11/site-packages/sklearn/base.py:486: UserWarning: X has feature names, but StandardScaler was fitted without feature names
  warnings.warn(
ectopy_stats={'ectN': 545, 'ectS': 0, 'ectV': 0, 'ectU': 2} with disabled detecting motions
Done 699/1088 | 1636418.907 | record time: 00:04

------------------------------------------------------------------------------------------
700/1088 | 1636419.539 | 1054_2 | row 744 | new: False | elapsed: 47:04
Noise stats for 1636419.539: out=0, rdr=0, mra=0, tp_pct=0.0 with enabled detecting motions

Noise stats for 1636419.539: out=0, rdr=0, mra=0, tp_pct=0.0 with disabled detecting motions
/home/kestutis/miniconda3/envs/ITP259/lib/python3.11/site-packages/sklearn/base.py:486: UserWarning: X has feature names, but StandardScaler was fitted without feature names
  warnings.warn(
ectopy_stats={'ectN': 558, 'ectS': 1, 'ectV': 2, 'ectU': 2} with disabled detecting motions
Done 700/1088 | 1636419.539 | record time: 00:04

------------------------------------------------------------------------------------------
701/1088 | 1636420.17 | 1054_12 | row 739 | new: False | elapsed: 47:08
Noise stats for 1636420.170: out=0, rdr=0, mra=0, tp_pct=0.0 with enabled detecting motions

Noise stats for 1636420.170: out=0, rdr=0, mra=0, tp_pct=0.0 with disabled detecting motions
/home/kestutis/miniconda3/envs/ITP259/lib/python3.11/site-packages/sklearn/base.py:486: UserWarning: X has feature names, but StandardScaler was fitted without feature names
  warnings.warn(
ectopy_stats={'ectN': 558, 'ectS': 1, 'ectV': 0, 'ectU': 2} with disabled detecting motions
Done 701/1088 | 1636420.17 | record time: 00:04

------------------------------------------------------------------------------------------
702/1088 | 1636420.797 | 1054_16 | row 743 | new: False | elapsed: 47:12
Noise stats for 1636420.797: out=0, rdr=0, mra=1, tp_pct=2.9 with enabled detecting motions

Noise stats for 1636420.797: out=0, rdr=0, mra=0, tp_pct=0.0 with disabled detecting motions
/home/kestutis/miniconda3/envs/ITP259/lib/python3.11/site-packages/sklearn/base.py:486: UserWarning: X has feature names, but StandardScaler was fitted without feature names
  warnings.warn(
ectopy_stats={'ectN': 578, 'ectS': 0, 'ectV': 0, 'ectU': 2} with disabled detecting motions
Done 702/1088 | 1636420.797 | record time: 00:04

------------------------------------------------------------------------------------------
703/1088 | 1636421.424 | 1054_10 | row 737 | new: False | elapsed: 47:15
Noise stats for 1636421.424: out=0, rdr=0, mra=0, tp_pct=0.0 with enabled detecting motions

Noise stats for 1636421.424: out=0, rdr=0, mra=0, tp_pct=0.0 with disabled detecting motions
/home/kestutis/miniconda3/envs/ITP259/lib/python3.11/site-packages/sklearn/base.py:486: UserWarning: X has feature names, but StandardScaler was fitted without feature names
  warnings.warn(
ectopy_stats={'ectN': 585, 'ectS': 0, 'ectV': 0, 'ectU': 2} with disabled detecting motions
Done 703/1088 | 1636421.424 | record time: 00:04

------------------------------------------------------------------------------------------
704/1088 | 1636422.051 | 1054_7 | row 749 | new: False | elapsed: 47:19
Noise stats for 1636422.051: out=0, rdr=0, mra=0, tp_pct=0.0 with enabled detecting motions

Noise stats for 1636422.051: out=0, rdr=0, mra=0, tp_pct=0.0 with disabled detecting motions
/home/kestutis/miniconda3/envs/ITP259/lib/python3.11/site-packages/sklearn/base.py:486: UserWarning: X has feature names, but StandardScaler was fitted without feature names
  warnings.warn(
ectopy_stats={'ectN': 582, 'ectS': 0, 'ectV': 0, 'ectU': 2} with disabled detecting motions
Done 704/1088 | 1636422.051 | record time: 00:04

------------------------------------------------------------------------------------------
705/1088 | 1636422.678 | 1054_6 | row 748 | new: False | elapsed: 47:23
Noise stats for 1636422.678: out=0, rdr=0, mra=0, tp_pct=0.0 with enabled detecting motions

Noise stats for 1636422.678: out=0, rdr=0, mra=0, tp_pct=0.0 with disabled detecting motions
/home/kestutis/miniconda3/envs/ITP259/lib/python3.11/site-packages/sklearn/base.py:486: UserWarning: X has feature names, but StandardScaler was fitted without feature names
  warnings.warn(
ectopy_stats={'ectN': 581, 'ectS': 0, 'ectV': 1, 'ectU': 2} with disabled detecting motions
Done 705/1088 | 1636422.678 | record time: 00:04

------------------------------------------------------------------------------------------
706/1088 | 1636423.305 | 1054_4 | row 746 | new: False | elapsed: 47:26
Noise stats for 1636423.305: out=0, rdr=0, mra=0, tp_pct=0.0 with enabled detecting motions

Noise stats for 1636423.305: out=0, rdr=0, mra=0, tp_pct=0.0 with disabled detecting motions
/home/kestutis/miniconda3/envs/ITP259/lib/python3.11/site-packages/sklearn/base.py:486: UserWarning: X has feature names, but StandardScaler was fitted without feature names
  warnings.warn(
ectopy_stats={'ectN': 629, 'ectS': 0, 'ectV': 2, 'ectU': 2} with disabled detecting motions
Done 706/1088 | 1636423.305 | record time: 00:04

------------------------------------------------------------------------------------------
707/1088 | 1636423.936 | 1054_13 | row 740 | new: False | elapsed: 47:30
Noise stats for 1636423.936: out=0, rdr=0, mra=0, tp_pct=0.0 with enabled detecting motions

Noise stats for 1636423.936: out=0, rdr=0, mra=0, tp_pct=0.0 with disabled detecting motions
/home/kestutis/miniconda3/envs/ITP259/lib/python3.11/site-packages/sklearn/base.py:486: UserWarning: X has feature names, but StandardScaler was fitted without feature names
  warnings.warn(
ectopy_stats={'ectN': 556, 'ectS': 1, 'ectV': 0, 'ectU': 2} with disabled detecting motions
Done 707/1088 | 1636423.936 | record time: 00:04

------------------------------------------------------------------------------------------
708/1088 | 1636450.607 | 1053_9 | row 734 | new: False | elapsed: 47:34
Noise stats for 1636450.607: out=1, rdr=0, mra=12, tp_pct=33.6 with enabled detecting motions

Noise stats for 1636450.607: out=1, rdr=0, mra=0, tp_pct=1.6 with disabled detecting motions
/home/kestutis/miniconda3/envs/ITP259/lib/python3.11/site-packages/sklearn/base.py:486: UserWarning: X has feature names, but StandardScaler was fitted without feature names
  warnings.warn(
ectopy_stats={'ectN': 400, 'ectS': 3, 'ectV': 132, 'ectU': 19} with disabled detecting motions
Done 708/1088 | 1636450.607 | record time: 00:04

------------------------------------------------------------------------------------------
709/1088 | 1636451.235 | 1053_17 | row 719 | new: False | elapsed: 47:37
Noise stats for 1636451.235: out=0, rdr=0, mra=9, tp_pct=32.6 with enabled detecting motions

Noise stats for 1636451.235: out=0, rdr=0, mra=0, tp_pct=0.0 with disabled detecting motions
/home/kestutis/miniconda3/envs/ITP259/lib/python3.11/site-packages/sklearn/base.py:486: UserWarning: X has feature names, but StandardScaler was fitted without feature names
  warnings.warn(
ectopy_stats={'ectN': 541, 'ectS': 7, 'ectV': 18, 'ectU': 5} with disabled detecting motions
Done 709/1088 | 1636451.235 | record time: 00:04

------------------------------------------------------------------------------------------
710/1088 | 1636451.86 | 1053_13 | row 715 | new: False | elapsed: 47:41
Noise stats for 1636451.860: out=0, rdr=0, mra=8, tp_pct=20.1 with enabled detecting motions

Noise stats for 1636451.860: out=0, rdr=0, mra=0, tp_pct=0.0 with disabled detecting motions
/home/kestutis/miniconda3/envs/ITP259/lib/python3.11/site-packages/sklearn/base.py:486: UserWarning: X has feature names, but StandardScaler was fitted without feature names
  warnings.warn(
ectopy_stats={'ectN': 626, 'ectS': 7, 'ectV': 13, 'ectU': 30} with disabled detecting motions
Done 710/1088 | 1636451.86 | record time: 00:04

------------------------------------------------------------------------------------------
711/1088 | 1636452.484 | 1053_4 | row 729 | new: False | elapsed: 47:45
Noise stats for 1636452.484: out=0, rdr=0, mra=1, tp_pct=1.4 with enabled detecting motions

Noise stats for 1636452.484: out=0, rdr=0, mra=0, tp_pct=0.0 with disabled detecting motions
/home/kestutis/miniconda3/envs/ITP259/lib/python3.11/site-packages/sklearn/base.py:486: UserWarning: X has feature names, but StandardScaler was fitted without feature names
  warnings.warn(
ectopy_stats={'ectN': 582, 'ectS': 9, 'ectV': 6, 'ectU': 16} with disabled detecting motions
Done 711/1088 | 1636452.484 | record time: 00:04

------------------------------------------------------------------------------------------
712/1088 | 1636478.772 | 1052_9 | row 709 | new: False | elapsed: 47:49
Noise stats for 1636478.772: out=0, rdr=0, mra=8, tp_pct=88.9 with enabled detecting motions

Noise stats for 1636478.772: out=0, rdr=0, mra=0, tp_pct=0.0 with disabled detecting motions
/home/kestutis/miniconda3/envs/ITP259/lib/python3.11/site-packages/sklearn/base.py:486: UserWarning: X has feature names, but StandardScaler was fitted without feature names
  warnings.warn(
ectopy_stats={'ectN': 644, 'ectS': 1, 'ectV': 0, 'ectU': 2} with disabled detecting motions
Done 712/1088 | 1636478.772 | record time: 00:04

------------------------------------------------------------------------------------------
713/1088 | 1636479.383 | 1053_12 | row 714 | new: False | elapsed: 47:52
Noise stats for 1636479.383: out=0, rdr=0, mra=8, tp_pct=35.2 with enabled detecting motions

Noise stats for 1636479.383: out=0, rdr=0, mra=0, tp_pct=0.0 with disabled detecting motions
/home/kestutis/miniconda3/envs/ITP259/lib/python3.11/site-packages/sklearn/base.py:486: UserWarning: X has feature names, but StandardScaler was fitted without feature names
  warnings.warn(
ectopy_stats={'ectN': 606, 'ectS': 8, 'ectV': 0, 'ectU': 2} with disabled detecting motions
Done 713/1088 | 1636479.383 | record time: 00:04

------------------------------------------------------------------------------------------
714/1088 | 1636480.01 | 1052_5 | row 705 | new: False | elapsed: 47:56
Noise stats for 1636480.010: out=0, rdr=0, mra=6, tp_pct=59.4 with enabled detecting motions

Noise stats for 1636480.010: out=0, rdr=0, mra=0, tp_pct=0.0 with disabled detecting motions
/home/kestutis/miniconda3/envs/ITP259/lib/python3.11/site-packages/sklearn/base.py:486: UserWarning: X has feature names, but StandardScaler was fitted without feature names
  warnings.warn(
ectopy_stats={'ectN': 627, 'ectS': 0, 'ectV': 3, 'ectU': 2} with disabled detecting motions
Done 714/1088 | 1636480.01 | record time: 00:04

------------------------------------------------------------------------------------------
715/1088 | 1636480.011 | 1053_11 | row 713 | new: False | elapsed: 48:00
Noise stats for 1636480.011: out=0, rdr=0, mra=7, tp_pct=21.8 with enabled detecting motions

Noise stats for 1636480.011: out=0, rdr=0, mra=0, tp_pct=0.0 with disabled detecting motions
/home/kestutis/miniconda3/envs/ITP259/lib/python3.11/site-packages/sklearn/base.py:486: UserWarning: X has feature names, but StandardScaler was fitted without feature names
  warnings.warn(
ectopy_stats={'ectN': 610, 'ectS': 9, 'ectV': 0, 'ectU': 4} with disabled detecting motions
Done 715/1088 | 1636480.011 | record time: 00:04

------------------------------------------------------------------------------------------
716/1088 | 1636480.634 | 1053_10 | row 712 | new: False | elapsed: 48:04
Noise stats for 1636480.634: out=0, rdr=0, mra=5, tp_pct=34.3 with enabled detecting motions

Noise stats for 1636480.634: out=0, rdr=0, mra=0, tp_pct=0.0 with disabled detecting motions
/home/kestutis/miniconda3/envs/ITP259/lib/python3.11/site-packages/sklearn/base.py:486: UserWarning: X has feature names, but StandardScaler was fitted without feature names
  warnings.warn(
ectopy_stats={'ectN': 699, 'ectS': 8, 'ectV': 1, 'ectU': 4} with disabled detecting motions
Done 716/1088 | 1636480.634 | record time: 00:04

------------------------------------------------------------------------------------------
717/1088 | 1636481.252 | 1052_2 | row 702 | new: False | elapsed: 48:08
Noise stats for 1636481.252: out=0, rdr=0, mra=7, tp_pct=53.8 with enabled detecting motions

Noise stats for 1636481.252: out=0, rdr=0, mra=0, tp_pct=0.0 with disabled detecting motions
/home/kestutis/miniconda3/envs/ITP259/lib/python3.11/site-packages/sklearn/base.py:486: UserWarning: X has feature names, but StandardScaler was fitted without feature names
  warnings.warn(
ectopy_stats={'ectN': 652, 'ectS': 0, 'ectV': 2, 'ectU': 2} with disabled detecting motions
Done 717/1088 | 1636481.252 | record time: 00:04

------------------------------------------------------------------------------------------
718/1088 | 1636481.258 | 1053_21 | row 724 | new: False | elapsed: 48:12
Noise stats for 1636481.258: out=0, rdr=0, mra=2, tp_pct=4.7 with enabled detecting motions

Noise stats for 1636481.258: out=0, rdr=0, mra=0, tp_pct=0.0 with disabled detecting motions
/home/kestutis/miniconda3/envs/ITP259/lib/python3.11/site-packages/sklearn/base.py:486: UserWarning: X has feature names, but StandardScaler was fitted without feature names
  warnings.warn(
ectopy_stats={'ectN': 721, 'ectS': 4, 'ectV': 2, 'ectU': 6} with disabled detecting motions
Done 718/1088 | 1636481.258 | record time: 00:04

------------------------------------------------------------------------------------------
719/1088 | 1636485.578 | 1052_8 | row 708 | new: False | elapsed: 48:16
Noise stats for 1636485.578: out=0, rdr=0, mra=4, tp_pct=75.5 with enabled detecting motions

Noise stats for 1636485.578: out=0, rdr=0, mra=0, tp_pct=0.0 with disabled detecting motions
/home/kestutis/miniconda3/envs/ITP259/lib/python3.11/site-packages/sklearn/base.py:486: UserWarning: X has feature names, but StandardScaler was fitted without feature names
  warnings.warn(
ectopy_stats={'ectN': 577, 'ectS': 1, 'ectV': 0, 'ectU': 2} with disabled detecting motions
Done 719/1088 | 1636485.578 | record time: 00:04

------------------------------------------------------------------------------------------
720/1088 | 1636486.195 | 1052_0 | row 698 | new: False | elapsed: 48:19
Noise stats for 1636486.195: out=0, rdr=0, mra=13, tp_pct=45.6 with enabled detecting motions

Noise stats for 1636486.195: out=0, rdr=0, mra=0, tp_pct=0.0 with disabled detecting motions
/home/kestutis/miniconda3/envs/ITP259/lib/python3.11/site-packages/sklearn/base.py:486: UserWarning: X has feature names, but StandardScaler was fitted without feature names
  warnings.warn(
ectopy_stats={'ectN': 562, 'ectS': 0, 'ectV': 2, 'ectU': 2} with disabled detecting motions
Done 720/1088 | 1636486.195 | record time: 00:04

------------------------------------------------------------------------------------------
721/1088 | 1636486.817 | 1052_10 | row 700 | new: False | elapsed: 48:23
Noise stats for 1636486.817: out=0, rdr=0, mra=12, tp_pct=45.8 with enabled detecting motions

Noise stats for 1636486.817: out=0, rdr=0, mra=0, tp_pct=0.0 with disabled detecting motions
/home/kestutis/miniconda3/envs/ITP259/lib/python3.11/site-packages/sklearn/base.py:486: UserWarning: X has feature names, but StandardScaler was fitted without feature names
  warnings.warn(
ectopy_stats={'ectN': 555, 'ectS': 1, 'ectV': 0, 'ectU': 2} with disabled detecting motions
Done 721/1088 | 1636486.817 | record time: 00:04

------------------------------------------------------------------------------------------
722/1088 | 1636487.434 | 1052_4 | row 704 | new: False | elapsed: 48:27
Noise stats for 1636487.434: out=0, rdr=0, mra=2, tp_pct=26.8 with enabled detecting motions

Noise stats for 1636487.434: out=0, rdr=0, mra=0, tp_pct=0.0 with disabled detecting motions
/home/kestutis/miniconda3/envs/ITP259/lib/python3.11/site-packages/sklearn/base.py:486: UserWarning: X has feature names, but StandardScaler was fitted without feature names
  warnings.warn(
ectopy_stats={'ectN': 581, 'ectS': 0, 'ectV': 1, 'ectU': 2} with disabled detecting motions
Done 722/1088 | 1636487.434 | record time: 00:04

------------------------------------------------------------------------------------------
723/1088 | 1636488.668 | 1052_1 | row 699 | new: False | elapsed: 48:30
Noise stats for 1636488.668: out=0, rdr=0, mra=1, tp_pct=38.6 with enabled detecting motions

Noise stats for 1636488.668: out=0, rdr=0, mra=0, tp_pct=0.0 with disabled detecting motions
/home/kestutis/miniconda3/envs/ITP259/lib/python3.11/site-packages/sklearn/base.py:486: UserWarning: X has feature names, but StandardScaler was fitted without feature names
  warnings.warn(
ectopy_stats={'ectN': 574, 'ectS': 0, 'ectV': 0, 'ectU': 2} with disabled detecting motions
Done 723/1088 | 1636488.668 | record time: 00:04

------------------------------------------------------------------------------------------
724/1088 | 1636489.286 | 1052_3 | row 703 | new: False | elapsed: 48:34
Noise stats for 1636489.286: out=0, rdr=0, mra=8, tp_pct=51.2 with enabled detecting motions

Noise stats for 1636489.286: out=0, rdr=0, mra=0, tp_pct=0.0 with disabled detecting motions
/home/kestutis/miniconda3/envs/ITP259/lib/python3.11/site-packages/sklearn/base.py:486: UserWarning: X has feature names, but StandardScaler was fitted without feature names
  warnings.warn(
ectopy_stats={'ectN': 688, 'ectS': 0, 'ectV': 2, 'ectU': 2} with disabled detecting motions
Done 724/1088 | 1636489.286 | record time: 00:04

------------------------------------------------------------------------------------------
725/1088 | 1636490.526 | 1052_7 | row 707 | new: False | elapsed: 48:38
Noise stats for 1636490.526: out=0, rdr=0, mra=1, tp_pct=100.0 with enabled detecting motions

Noise stats for 1636490.526: out=0, rdr=0, mra=0, tp_pct=0.0 with disabled detecting motions
/home/kestutis/miniconda3/envs/ITP259/lib/python3.11/site-packages/sklearn/base.py:486: UserWarning: X has feature names, but StandardScaler was fitted without feature names
  warnings.warn(
ectopy_stats={'ectN': 541, 'ectS': 0, 'ectV': 2, 'ectU': 2} with disabled detecting motions
Done 725/1088 | 1636490.526 | record time: 00:04

------------------------------------------------------------------------------------------
726/1088 | 1636491.143 | 1052_6 | row 706 | new: False | elapsed: 48:42
Noise stats for 1636491.143: out=0, rdr=0, mra=1, tp_pct=100.0 with enabled detecting motions

Noise stats for 1636491.143: out=0, rdr=0, mra=0, tp_pct=0.0 with disabled detecting motions
/home/kestutis/miniconda3/envs/ITP259/lib/python3.11/site-packages/sklearn/base.py:486: UserWarning: X has feature names, but StandardScaler was fitted without feature names
  warnings.warn(
ectopy_stats={'ectN': 533, 'ectS': 0, 'ectV': 1, 'ectU': 2} with disabled detecting motions
Done 726/1088 | 1636491.143 | record time: 00:04

------------------------------------------------------------------------------------------
727/1088 | 1636493.62 | 1052_11 | row 701 | new: False | elapsed: 48:45
Noise stats for 1636493.620: out=0, rdr=0, mra=1, tp_pct=100.0 with enabled detecting motions

Noise stats for 1636493.620: out=0, rdr=0, mra=0, tp_pct=0.0 with disabled detecting motions
/home/kestutis/miniconda3/envs/ITP259/lib/python3.11/site-packages/sklearn/base.py:486: UserWarning: X has feature names, but StandardScaler was fitted without feature names
  warnings.warn(
ectopy_stats={'ectN': 574, 'ectS': 0, 'ectV': 0, 'ectU': 2} with disabled detecting motions
Done 727/1088 | 1636493.62 | record time: 00:04

------------------------------------------------------------------------------------------
728/1088 | 1636494.395 | 1053_5 | row 730 | new: False | elapsed: 48:49
Noise stats for 1636494.395: out=0, rdr=0, mra=5, tp_pct=12.2 with enabled detecting motions

Noise stats for 1636494.395: out=0, rdr=0, mra=0, tp_pct=0.0 with disabled detecting motions
/home/kestutis/miniconda3/envs/ITP259/lib/python3.11/site-packages/sklearn/base.py:486: UserWarning: X has feature names, but StandardScaler was fitted without feature names
  warnings.warn(
ectopy_stats={'ectN': 495, 'ectS': 13, 'ectV': 0, 'ectU': 2} with disabled detecting motions
Done 728/1088 | 1636494.395 | record time: 00:04

------------------------------------------------------------------------------------------
729/1088 | 1636495.023 | 1053_6 | row 731 | new: False | elapsed: 48:52
Noise stats for 1636495.023: out=0, rdr=0, mra=9, tp_pct=22.9 with enabled detecting motions

Noise stats for 1636495.023: out=0, rdr=0, mra=0, tp_pct=0.0 with disabled detecting motions
/home/kestutis/miniconda3/envs/ITP259/lib/python3.11/site-packages/sklearn/base.py:486: UserWarning: X has feature names, but StandardScaler was fitted without feature names
  warnings.warn(
ectopy_stats={'ectN': 524, 'ectS': 11, 'ectV': 0, 'ectU': 3} with disabled detecting motions
Done 729/1088 | 1636495.023 | record time: 00:04

------------------------------------------------------------------------------------------
730/1088 | 1636495.646 | 1053_0 | row 710 | new: False | elapsed: 48:56
Noise stats for 1636495.646: out=0, rdr=0, mra=7, tp_pct=25.0 with enabled detecting motions

Noise stats for 1636495.646: out=0, rdr=0, mra=0, tp_pct=0.0 with disabled detecting motions
/home/kestutis/miniconda3/envs/ITP259/lib/python3.11/site-packages/sklearn/base.py:486: UserWarning: X has feature names, but StandardScaler was fitted without feature names
  warnings.warn(
ectopy_stats={'ectN': 534, 'ectS': 17, 'ectV': 0, 'ectU': 3} with disabled detecting motions
Done 730/1088 | 1636495.646 | record time: 00:04

------------------------------------------------------------------------------------------
731/1088 | 1636496.27 | 1053_1 | row 711 | new: False | elapsed: 49:00
Noise stats for 1636496.270: out=0, rdr=0, mra=5, tp_pct=12.6 with enabled detecting motions

Noise stats for 1636496.270: out=0, rdr=0, mra=0, tp_pct=0.0 with disabled detecting motions
/home/kestutis/miniconda3/envs/ITP259/lib/python3.11/site-packages/sklearn/base.py:486: UserWarning: X has feature names, but StandardScaler was fitted without feature names
  warnings.warn(
ectopy_stats={'ectN': 551, 'ectS': 15, 'ectV': 0, 'ectU': 3} with disabled detecting motions
Done 731/1088 | 1636496.27 | record time: 00:04

------------------------------------------------------------------------------------------
732/1088 | 1636496.897 | 1053_2 | row 722 | new: False | elapsed: 49:03
Noise stats for 1636496.897: out=0, rdr=0, mra=3, tp_pct=6.9 with enabled detecting motions

Noise stats for 1636496.897: out=0, rdr=0, mra=0, tp_pct=0.0 with disabled detecting motions
/home/kestutis/miniconda3/envs/ITP259/lib/python3.11/site-packages/sklearn/base.py:486: UserWarning: X has feature names, but StandardScaler was fitted without feature names
  warnings.warn(
ectopy_stats={'ectN': 545, 'ectS': 14, 'ectV': 0, 'ectU': 2} with disabled detecting motions
Done 732/1088 | 1636496.897 | record time: 00:04

------------------------------------------------------------------------------------------
733/1088 | 1636497.52 | 1053_8 | row 733 | new: False | elapsed: 49:07
Noise stats for 1636497.520: out=0, rdr=0, mra=8, tp_pct=28.1 with enabled detecting motions

Noise stats for 1636497.520: out=0, rdr=0, mra=0, tp_pct=0.0 with disabled detecting motions
/home/kestutis/miniconda3/envs/ITP259/lib/python3.11/site-packages/sklearn/base.py:486: UserWarning: X has feature names, but StandardScaler was fitted without feature names
  warnings.warn(
ectopy_stats={'ectN': 536, 'ectS': 10, 'ectV': 0, 'ectU': 3} with disabled detecting motions
Done 733/1088 | 1636497.52 | record time: 00:04

------------------------------------------------------------------------------------------
734/1088 | 1636498.144 | 1053_18 | row 720 | new: False | elapsed: 49:10
Noise stats for 1636498.144: out=0, rdr=0, mra=9, tp_pct=22.8 with enabled detecting motions

Noise stats for 1636498.144: out=0, rdr=0, mra=0, tp_pct=0.0 with disabled detecting motions
/home/kestutis/miniconda3/envs/ITP259/lib/python3.11/site-packages/sklearn/base.py:486: UserWarning: X has feature names, but StandardScaler was fitted without feature names
  warnings.warn(
ectopy_stats={'ectN': 508, 'ectS': 8, 'ectV': 0, 'ectU': 3} with disabled detecting motions
Done 734/1088 | 1636498.144 | record time: 00:04

------------------------------------------------------------------------------------------
735/1088 | 1636498.771 | 1053_7 | row 732 | new: False | elapsed: 49:14
Noise stats for 1636498.771: out=0, rdr=0, mra=5, tp_pct=12.7 with enabled detecting motions

Noise stats for 1636498.771: out=0, rdr=0, mra=0, tp_pct=0.0 with disabled detecting motions
/home/kestutis/miniconda3/envs/ITP259/lib/python3.11/site-packages/sklearn/base.py:486: UserWarning: X has feature names, but StandardScaler was fitted without feature names
  warnings.warn(
ectopy_stats={'ectN': 532, 'ectS': 10, 'ectV': 5, 'ectU': 5} with disabled detecting motions
Done 735/1088 | 1636498.771 | record time: 00:04

------------------------------------------------------------------------------------------
736/1088 | 1636499.394 | 1053_3 | row 728 | new: False | elapsed: 49:18
Noise stats for 1636499.394: out=0, rdr=0, mra=5, tp_pct=13.7 with enabled detecting motions

Noise stats for 1636499.394: out=0, rdr=0, mra=0, tp_pct=0.0 with disabled detecting motions
/home/kestutis/miniconda3/envs/ITP259/lib/python3.11/site-packages/sklearn/base.py:486: UserWarning: X has feature names, but StandardScaler was fitted without feature names
  warnings.warn(
ectopy_stats={'ectN': 522, 'ectS': 15, 'ectV': 0, 'ectU': 3} with disabled detecting motions
Done 736/1088 | 1636499.394 | record time: 00:04

------------------------------------------------------------------------------------------
737/1088 | 1636500.018 | 1053_19 | row 721 | new: False | elapsed: 49:21
Noise stats for 1636500.018: out=0, rdr=0, mra=6, tp_pct=17.5 with enabled detecting motions

Noise stats for 1636500.018: out=0, rdr=0, mra=0, tp_pct=0.0 with disabled detecting motions
/home/kestutis/miniconda3/envs/ITP259/lib/python3.11/site-packages/sklearn/base.py:486: UserWarning: X has feature names, but StandardScaler was fitted without feature names
  warnings.warn(
ectopy_stats={'ectN': 515, 'ectS': 5, 'ectV': 0, 'ectU': 3} with disabled detecting motions
Done 737/1088 | 1636500.018 | record time: 00:04

------------------------------------------------------------------------------------------
738/1088 | 1636500.646 | 1053_14 | row 716 | new: False | elapsed: 49:25
Noise stats for 1636500.646: out=0, rdr=0, mra=4, tp_pct=10.0 with enabled detecting motions

Noise stats for 1636500.646: out=0, rdr=0, mra=0, tp_pct=0.0 with disabled detecting motions
/home/kestutis/miniconda3/envs/ITP259/lib/python3.11/site-packages/sklearn/base.py:486: UserWarning: X has feature names, but StandardScaler was fitted without feature names
  warnings.warn(
ectopy_stats={'ectN': 514, 'ectS': 7, 'ectV': 0, 'ectU': 2} with disabled detecting motions
Done 738/1088 | 1636500.646 | record time: 00:04

------------------------------------------------------------------------------------------
739/1088 | 1636501.269 | 1053_15 | row 717 | new: False | elapsed: 49:28
Noise stats for 1636501.269: out=0, rdr=0, mra=10, tp_pct=46.5 with enabled detecting motions

Noise stats for 1636501.269: out=0, rdr=0, mra=0, tp_pct=0.0 with disabled detecting motions
/home/kestutis/miniconda3/envs/ITP259/lib/python3.11/site-packages/sklearn/base.py:486: UserWarning: X has feature names, but StandardScaler was fitted without feature names
  warnings.warn(
ectopy_stats={'ectN': 509, 'ectS': 9, 'ectV': 0, 'ectU': 2} with disabled detecting motions
Done 739/1088 | 1636501.269 | record time: 00:04

------------------------------------------------------------------------------------------
740/1088 | 1636501.893 | 1053_16 | row 718 | new: False | elapsed: 49:32
Noise stats for 1636501.893: out=0, rdr=0, mra=12, tp_pct=40.7 with enabled detecting motions

Noise stats for 1636501.893: out=0, rdr=0, mra=0, tp_pct=0.0 with disabled detecting motions
/home/kestutis/miniconda3/envs/ITP259/lib/python3.11/site-packages/sklearn/base.py:486: UserWarning: X has feature names, but StandardScaler was fitted without feature names
  warnings.warn(
ectopy_stats={'ectN': 503, 'ectS': 15, 'ectV': 1, 'ectU': 3} with disabled detecting motions
Done 740/1088 | 1636501.893 | record time: 00:04

------------------------------------------------------------------------------------------
741/1088 | 1636502.521 | 1053_22 | row 725 | new: False | elapsed: 49:35
Noise stats for 1636502.521: out=0, rdr=0, mra=4, tp_pct=11.8 with enabled detecting motions

Noise stats for 1636502.521: out=0, rdr=0, mra=0, tp_pct=0.0 with disabled detecting motions
/home/kestutis/miniconda3/envs/ITP259/lib/python3.11/site-packages/sklearn/base.py:486: UserWarning: X has feature names, but StandardScaler was fitted without feature names
  warnings.warn(
ectopy_stats={'ectN': 548, 'ectS': 4, 'ectV': 1, 'ectU': 2} with disabled detecting motions
Done 741/1088 | 1636502.521 | record time: 00:04

------------------------------------------------------------------------------------------
742/1088 | 1636503.145 | 1053_20 | row 723 | new: False | elapsed: 49:39
Noise stats for 1636503.145: out=0, rdr=0, mra=4, tp_pct=10.1 with enabled detecting motions

Noise stats for 1636503.145: out=0, rdr=0, mra=0, tp_pct=0.0 with disabled detecting motions
/home/kestutis/miniconda3/envs/ITP259/lib/python3.11/site-packages/sklearn/base.py:486: UserWarning: X has feature names, but StandardScaler was fitted without feature names
  warnings.warn(
ectopy_stats={'ectN': 545, 'ectS': 8, 'ectV': 3, 'ectU': 5} with disabled detecting motions
Done 742/1088 | 1636503.145 | record time: 00:04

------------------------------------------------------------------------------------------
743/1088 | 1636503.768 | 1053_23 | row 726 | new: False | elapsed: 49:43
Noise stats for 1636503.768: out=0, rdr=0, mra=2, tp_pct=4.3 with enabled detecting motions

Noise stats for 1636503.768: out=0, rdr=0, mra=0, tp_pct=0.0 with disabled detecting motions
/home/kestutis/miniconda3/envs/ITP259/lib/python3.11/site-packages/sklearn/base.py:486: UserWarning: X has feature names, but StandardScaler was fitted without feature names
  warnings.warn(
ectopy_stats={'ectN': 551, 'ectS': 4, 'ectV': 0, 'ectU': 3} with disabled detecting motions
Done 743/1088 | 1636503.768 | record time: 00:04

------------------------------------------------------------------------------------------
744/1088 | 1636504.396 | 1053_24 | row 727 | new: False | elapsed: 49:46
Noise stats for 1636504.396: out=0, rdr=0, mra=6, tp_pct=17.3 with enabled detecting motions

Noise stats for 1636504.396: out=0, rdr=0, mra=0, tp_pct=0.0 with disabled detecting motions
/home/kestutis/miniconda3/envs/ITP259/lib/python3.11/site-packages/sklearn/base.py:486: UserWarning: X has feature names, but StandardScaler was fitted without feature names
  warnings.warn(
ectopy_stats={'ectN': 542, 'ectS': 1, 'ectV': 0, 'ectU': 3} with disabled detecting motions
Done 744/1088 | 1636504.396 | record time: 00:04

------------------------------------------------------------------------------------------
745/1088 | 1636562.728 | 1051_1 | row 697 | new: False | elapsed: 49:50
Noise stats for 1636562.728: out=0, rdr=0, mra=2, tp_pct=6.2 with enabled detecting motions

Noise stats for 1636562.728: out=0, rdr=0, mra=0, tp_pct=0.0 with disabled detecting motions
/home/kestutis/miniconda3/envs/ITP259/lib/python3.11/site-packages/sklearn/base.py:486: UserWarning: X has feature names, but StandardScaler was fitted without feature names
  warnings.warn(
ectopy_stats={'ectN': 690, 'ectS': 0, 'ectV': 0, 'ectU': 2} with disabled detecting motions
Done 745/1088 | 1636562.728 | record time: 00:04

------------------------------------------------------------------------------------------
746/1088 | 1636563.972 | 1051_0 | row 696 | new: False | elapsed: 49:54
Noise stats for 1636563.972: out=0, rdr=0, mra=1, tp_pct=2.2 with enabled detecting motions

Noise stats for 1636563.972: out=0, rdr=0, mra=0, tp_pct=0.0 with disabled detecting motions
/home/kestutis/miniconda3/envs/ITP259/lib/python3.11/site-packages/sklearn/base.py:486: UserWarning: X has feature names, but StandardScaler was fitted without feature names
  warnings.warn(
ectopy_stats={'ectN': 718, 'ectS': 1, 'ectV': 2, 'ectU': 2} with disabled detecting motions
Done 746/1088 | 1636563.972 | record time: 00:04

------------------------------------------------------------------------------------------
747/1088 | 1636592.373 | 1050_6 | row 695 | new: False | elapsed: 49:58
Noise stats for 1636592.373: out=0, rdr=0, mra=0, tp_pct=0.0 with enabled detecting motions

Noise stats for 1636592.373: out=0, rdr=0, mra=0, tp_pct=0.0 with disabled detecting motions
/home/kestutis/miniconda3/envs/ITP259/lib/python3.11/site-packages/sklearn/base.py:486: UserWarning: X has feature names, but StandardScaler was fitted without feature names
  warnings.warn(
ectopy_stats={'ectN': 518, 'ectS': 0, 'ectV': 0, 'ectU': 2} with disabled detecting motions
Done 747/1088 | 1636592.373 | record time: 00:04

------------------------------------------------------------------------------------------
748/1088 | 1636593 | 1050_4 | row 693 | new: False | elapsed: 50:01
Noise stats for 1636593.000: out=0, rdr=0, mra=0, tp_pct=0.0 with enabled detecting motions

Noise stats for 1636593.000: out=0, rdr=0, mra=0, tp_pct=0.0 with disabled detecting motions
/home/kestutis/miniconda3/envs/ITP259/lib/python3.11/site-packages/sklearn/base.py:486: UserWarning: X has feature names, but StandardScaler was fitted without feature names
  warnings.warn(
ectopy_stats={'ectN': 517, 'ectS': 0, 'ectV': 0, 'ectU': 4} with disabled detecting motions
Done 748/1088 | 1636593 | record time: 00:04

------------------------------------------------------------------------------------------
749/1088 | 1636596.137 | 1050_1 | row 690 | new: False | elapsed: 50:05
Noise stats for 1636596.137: out=0, rdr=0, mra=0, tp_pct=0.0 with enabled detecting motions

Noise stats for 1636596.137: out=0, rdr=0, mra=0, tp_pct=0.0 with disabled detecting motions
/home/kestutis/miniconda3/envs/ITP259/lib/python3.11/site-packages/sklearn/base.py:486: UserWarning: X has feature names, but StandardScaler was fitted without feature names
  warnings.warn(
ectopy_stats={'ectN': 524, 'ectS': 7, 'ectV': 3, 'ectU': 8} with disabled detecting motions
Done 749/1088 | 1636596.137 | record time: 00:04

------------------------------------------------------------------------------------------
750/1088 | 1636596.765 | 1050_2 | row 691 | new: False | elapsed: 50:09
Noise stats for 1636596.765: out=0, rdr=0, mra=0, tp_pct=0.0 with enabled detecting motions

Noise stats for 1636596.765: out=0, rdr=0, mra=0, tp_pct=0.0 with disabled detecting motions
/home/kestutis/miniconda3/envs/ITP259/lib/python3.11/site-packages/sklearn/base.py:486: UserWarning: X has feature names, but StandardScaler was fitted without feature names
  warnings.warn(
ectopy_stats={'ectN': 513, 'ectS': 2, 'ectV': 1, 'ectU': 7} with disabled detecting motions
Done 750/1088 | 1636596.765 | record time: 00:04

------------------------------------------------------------------------------------------
751/1088 | 1636598.65 | 1050_5 | row 694 | new: False | elapsed: 50:12
Noise stats for 1636598.650: out=0, rdr=0, mra=0, tp_pct=0.0 with enabled detecting motions

Noise stats for 1636598.650: out=0, rdr=0, mra=0, tp_pct=0.0 with disabled detecting motions
/home/kestutis/miniconda3/envs/ITP259/lib/python3.11/site-packages/sklearn/base.py:486: UserWarning: X has feature names, but StandardScaler was fitted without feature names
  warnings.warn(
ectopy_stats={'ectN': 507, 'ectS': 3, 'ectV': 1, 'ectU': 3} with disabled detecting motions
Done 751/1088 | 1636598.65 | record time: 00:04

------------------------------------------------------------------------------------------
752/1088 | 1636599.277 | 1050_0 | row 689 | new: False | elapsed: 50:16
Noise stats for 1636599.277: out=0, rdr=0, mra=0, tp_pct=0.0 with enabled detecting motions

Noise stats for 1636599.277: out=0, rdr=0, mra=0, tp_pct=0.0 with disabled detecting motions
/home/kestutis/miniconda3/envs/ITP259/lib/python3.11/site-packages/sklearn/base.py:486: UserWarning: X has feature names, but StandardScaler was fitted without feature names
  warnings.warn(
ectopy_stats={'ectN': 486, 'ectS': 0, 'ectV': 0, 'ectU': 2} with disabled detecting motions
Done 752/1088 | 1636599.277 | record time: 00:03

------------------------------------------------------------------------------------------
753/1088 | 1636599.905 | 1050_3 | row 692 | new: False | elapsed: 50:19
Noise stats for 1636599.905: out=0, rdr=0, mra=0, tp_pct=0.0 with enabled detecting motions

Noise stats for 1636599.905: out=0, rdr=0, mra=0, tp_pct=0.0 with disabled detecting motions
/home/kestutis/miniconda3/envs/ITP259/lib/python3.11/site-packages/sklearn/base.py:486: UserWarning: X has feature names, but StandardScaler was fitted without feature names
  warnings.warn(
ectopy_stats={'ectN': 486, 'ectS': 0, 'ectV': 1, 'ectU': 2} with disabled detecting motions
Done 753/1088 | 1636599.905 | record time: 00:03

------------------------------------------------------------------------------------------
754/1088 | 1637011.157 | 1057_6 | row 786 | new: False | elapsed: 50:23
Noise stats for 1637011.157: out=0, rdr=0, mra=0, tp_pct=0.0 with enabled detecting motions

Noise stats for 1637011.157: out=0, rdr=0, mra=0, tp_pct=0.0 with disabled detecting motions
/home/kestutis/miniconda3/envs/ITP259/lib/python3.11/site-packages/sklearn/base.py:486: UserWarning: X has feature names, but StandardScaler was fitted without feature names
  warnings.warn(
ectopy_stats={'ectN': 636, 'ectS': 0, 'ectV': 0, 'ectU': 2} with disabled detecting motions
Done 754/1088 | 1637011.157 | record time: 00:04

------------------------------------------------------------------------------------------
755/1088 | 1637014.291 | 1057_1 | row 781 | new: False | elapsed: 50:27
Noise stats for 1637014.291: out=0, rdr=0, mra=0, tp_pct=0.0 with enabled detecting motions

Noise stats for 1637014.291: out=0, rdr=0, mra=0, tp_pct=0.0 with disabled detecting motions
/home/kestutis/miniconda3/envs/ITP259/lib/python3.11/site-packages/sklearn/base.py:486: UserWarning: X has feature names, but StandardScaler was fitted without feature names
  warnings.warn(
ectopy_stats={'ectN': 622, 'ectS': 0, 'ectV': 1, 'ectU': 2} with disabled detecting motions
Done 755/1088 | 1637014.291 | record time: 00:04

------------------------------------------------------------------------------------------
756/1088 | 1637014.921 | 1057_2 | row 782 | new: False | elapsed: 50:30
Noise stats for 1637014.921: out=0, rdr=0, mra=1, tp_pct=2.9 with enabled detecting motions

Noise stats for 1637014.921: out=0, rdr=0, mra=0, tp_pct=0.0 with disabled detecting motions
/home/kestutis/miniconda3/envs/ITP259/lib/python3.11/site-packages/sklearn/base.py:486: UserWarning: X has feature names, but StandardScaler was fitted without feature names
  warnings.warn(
ectopy_stats={'ectN': 639, 'ectS': 1, 'ectV': 0, 'ectU': 3} with disabled detecting motions
Done 756/1088 | 1637014.921 | record time: 00:04

------------------------------------------------------------------------------------------
757/1088 | 1637016.222 | 1061_0 | row 795 | new: False | elapsed: 50:34
Noise stats for 1637016.222: out=0, rdr=0, mra=4, tp_pct=14.5 with enabled detecting motions

Noise stats for 1637016.222: out=0, rdr=0, mra=0, tp_pct=0.0 with disabled detecting motions
/home/kestutis/miniconda3/envs/ITP259/lib/python3.11/site-packages/sklearn/base.py:486: UserWarning: X has feature names, but StandardScaler was fitted without feature names
  warnings.warn(
ectopy_stats={'ectN': 602, 'ectS': 0, 'ectV': 0, 'ectU': 2} with disabled detecting motions
Done 757/1088 | 1637016.222 | record time: 00:04

------------------------------------------------------------------------------------------
758/1088 | 1637016.804 | 1057_3 | row 783 | new: False | elapsed: 50:38
Noise stats for 1637016.804: out=0, rdr=0, mra=0, tp_pct=0.0 with enabled detecting motions

Noise stats for 1637016.804: out=0, rdr=0, mra=0, tp_pct=0.0 with disabled detecting motions
/home/kestutis/miniconda3/envs/ITP259/lib/python3.11/site-packages/sklearn/base.py:486: UserWarning: X has feature names, but StandardScaler was fitted without feature names
  warnings.warn(
ectopy_stats={'ectN': 634, 'ectS': 1, 'ectV': 0, 'ectU': 2} with disabled detecting motions
Done 758/1088 | 1637016.804 | record time: 00:04

------------------------------------------------------------------------------------------
759/1088 | 1637017.431 | 1057_0 | row 780 | new: False | elapsed: 50:42
Noise stats for 1637017.431: out=0, rdr=0, mra=1, tp_pct=2.5 with enabled detecting motions

Noise stats for 1637017.431: out=0, rdr=0, mra=0, tp_pct=0.0 with disabled detecting motions
/home/kestutis/miniconda3/envs/ITP259/lib/python3.11/site-packages/sklearn/base.py:486: UserWarning: X has feature names, but StandardScaler was fitted without feature names
  warnings.warn(
ectopy_stats={'ectN': 647, 'ectS': 0, 'ectV': 2, 'ectU': 2} with disabled detecting motions
Done 759/1088 | 1637017.431 | record time: 00:04

------------------------------------------------------------------------------------------
760/1088 | 1637021.829 | 1057_5 | row 785 | new: False | elapsed: 50:46
Noise stats for 1637021.829: out=0, rdr=0, mra=2, tp_pct=4.9 with enabled detecting motions

Noise stats for 1637021.829: out=0, rdr=0, mra=0, tp_pct=0.0 with disabled detecting motions
/home/kestutis/miniconda3/envs/ITP259/lib/python3.11/site-packages/sklearn/base.py:486: UserWarning: X has feature names, but StandardScaler was fitted without feature names
  warnings.warn(
ectopy_stats={'ectN': 643, 'ectS': 1, 'ectV': 0, 'ectU': 2} with disabled detecting motions
Done 760/1088 | 1637021.829 | record time: 00:04

------------------------------------------------------------------------------------------
761/1088 | 1637022.455 | 1060_2 | row 794 | new: False | elapsed: 50:50
Noise stats for 1637022.455: out=0, rdr=0, mra=1, tp_pct=3.6 with enabled detecting motions

Noise stats for 1637022.455: out=0, rdr=0, mra=0, tp_pct=0.0 with disabled detecting motions
/home/kestutis/miniconda3/envs/ITP259/lib/python3.11/site-packages/sklearn/base.py:486: UserWarning: X has feature names, but StandardScaler was fitted without feature names
  warnings.warn(
ectopy_stats={'ectN': 711, 'ectS': 0, 'ectV': 0, 'ectU': 3} with disabled detecting motions
Done 761/1088 | 1637022.455 | record time: 00:04

------------------------------------------------------------------------------------------
762/1088 | 1637023.072 | 1060_1 | row 793 | new: False | elapsed: 50:54
Noise stats for 1637023.072: out=0, rdr=0, mra=0, tp_pct=0.0 with enabled detecting motions

Noise stats for 1637023.072: out=0, rdr=0, mra=0, tp_pct=0.0 with disabled detecting motions
/home/kestutis/miniconda3/envs/ITP259/lib/python3.11/site-packages/sklearn/base.py:486: UserWarning: X has feature names, but StandardScaler was fitted without feature names
  warnings.warn(
ectopy_stats={'ectN': 703, 'ectS': 1, 'ectV': 1, 'ectU': 2} with disabled detecting motions
Done 762/1088 | 1637023.072 | record time: 00:04

------------------------------------------------------------------------------------------
763/1088 | 1637023.085 | 1057_4 | row 784 | new: False | elapsed: 50:58
Noise stats for 1637023.085: out=0, rdr=0, mra=12, tp_pct=35.3 with enabled detecting motions

Noise stats for 1637023.085: out=0, rdr=0, mra=0, tp_pct=0.0 with disabled detecting motions
/home/kestutis/miniconda3/envs/ITP259/lib/python3.11/site-packages/sklearn/base.py:486: UserWarning: X has feature names, but StandardScaler was fitted without feature names
  warnings.warn(
ectopy_stats={'ectN': 644, 'ectS': 1, 'ectV': 3, 'ectU': 4} with disabled detecting motions
Done 763/1088 | 1637023.085 | record time: 00:04

------------------------------------------------------------------------------------------
764/1088 | 1637025.544 | 1060_0 | row 792 | new: False | elapsed: 51:01
Noise stats for 1637025.544: out=0, rdr=0, mra=0, tp_pct=0.0 with enabled detecting motions

Noise stats for 1637025.544: out=0, rdr=0, mra=0, tp_pct=0.0 with disabled detecting motions
/home/kestutis/miniconda3/envs/ITP259/lib/python3.11/site-packages/sklearn/base.py:486: UserWarning: X has feature names, but StandardScaler was fitted without feature names
  warnings.warn(
ectopy_stats={'ectN': 710, 'ectS': 2, 'ectV': 0, 'ectU': 2} with disabled detecting motions
Done 764/1088 | 1637025.544 | record time: 00:04

------------------------------------------------------------------------------------------
765/1088 | 1637083.758 | 1058_2 | row 789 | new: False | elapsed: 51:06
Noise stats for 1637083.758: out=0, rdr=0, mra=2, tp_pct=98.8 with enabled detecting motions

Noise stats for 1637083.758: out=0, rdr=0, mra=0, tp_pct=0.0 with disabled detecting motions
/home/kestutis/miniconda3/envs/ITP259/lib/python3.11/site-packages/sklearn/base.py:486: UserWarning: X has feature names, but StandardScaler was fitted without feature names
  warnings.warn(
ectopy_stats={'ectN': 661, 'ectS': 0, 'ectV': 1, 'ectU': 3} with disabled detecting motions
Done 765/1088 | 1637083.758 | record time: 00:04

------------------------------------------------------------------------------------------
766/1088 | 1637084.378 | 1058_0 | row 787 | new: False | elapsed: 51:09
Noise stats for 1637084.378: out=0, rdr=0, mra=3, tp_pct=97.7 with enabled detecting motions

Noise stats for 1637084.378: out=0, rdr=0, mra=0, tp_pct=0.0 with disabled detecting motions
/home/kestutis/miniconda3/envs/ITP259/lib/python3.11/site-packages/sklearn/base.py:486: UserWarning: X has feature names, but StandardScaler was fitted without feature names
  warnings.warn(
ectopy_stats={'ectN': 670, 'ectS': 0, 'ectV': 3, 'ectU': 2} with disabled detecting motions
Done 766/1088 | 1637084.378 | record time: 00:04

------------------------------------------------------------------------------------------
767/1088 | 1637094.317 | 1058_1 | row 788 | new: False | elapsed: 51:13
Noise stats for 1637094.317: out=0, rdr=0, mra=4, tp_pct=24.3 with enabled detecting motions

Noise stats for 1637094.317: out=0, rdr=0, mra=0, tp_pct=0.0 with disabled detecting motions
/home/kestutis/miniconda3/envs/ITP259/lib/python3.11/site-packages/sklearn/base.py:486: UserWarning: X has feature names, but StandardScaler was fitted without feature names
  warnings.warn(
ectopy_stats={'ectN': 693, 'ectS': 1, 'ectV': 8, 'ectU': 5} with disabled detecting motions
Done 767/1088 | 1637094.317 | record time: 00:04

------------------------------------------------------------------------------------------
768/1088 | 1637162.037 | 1059_1 | row 791 | new: False | elapsed: 51:17
Noise stats for 1637162.037: out=0, rdr=0, mra=0, tp_pct=0.0 with enabled detecting motions

Noise stats for 1637162.037: out=0, rdr=0, mra=0, tp_pct=0.0 with disabled detecting motions
/home/kestutis/miniconda3/envs/ITP259/lib/python3.11/site-packages/sklearn/base.py:486: UserWarning: X has feature names, but StandardScaler was fitted without feature names
  warnings.warn(
ectopy_stats={'ectN': 587, 'ectS': 0, 'ectV': 0, 'ectU': 2} with disabled detecting motions
Done 768/1088 | 1637162.037 | record time: 00:04

------------------------------------------------------------------------------------------
769/1088 | 1637166.43 | 1059_0 | row 790 | new: False | elapsed: 51:21
Noise stats for 1637166.430: out=0, rdr=0, mra=0, tp_pct=0.0 with enabled detecting motions

Noise stats for 1637166.430: out=0, rdr=0, mra=0, tp_pct=0.0 with disabled detecting motions
/home/kestutis/miniconda3/envs/ITP259/lib/python3.11/site-packages/sklearn/base.py:486: UserWarning: X has feature names, but StandardScaler was fitted without feature names
  warnings.warn(
ectopy_stats={'ectN': 562, 'ectS': 1, 'ectV': 1, 'ectU': 2} with disabled detecting motions
Done 769/1088 | 1637166.43 | record time: 00:04

------------------------------------------------------------------------------------------
770/1088 | 1637176.83 | 1056_12 | row 762 | new: False | elapsed: 51:25
Noise stats for 1637176.830: out=0, rdr=0, mra=1, tp_pct=2.4 with enabled detecting motions

Noise stats for 1637176.830: out=0, rdr=0, mra=0, tp_pct=0.0 with disabled detecting motions
/home/kestutis/miniconda3/envs/ITP259/lib/python3.11/site-packages/sklearn/base.py:486: UserWarning: X has feature names, but StandardScaler was fitted without feature names
  warnings.warn(
ectopy_stats={'ectN': 571, 'ectS': 13, 'ectV': 0, 'ectU': 2} with disabled detecting motions
Done 770/1088 | 1637176.83 | record time: 00:04

------------------------------------------------------------------------------------------
771/1088 | 1637177.451 | 1056_4 | row 774 | new: False | elapsed: 51:28
Noise stats for 1637177.451: out=0, rdr=0, mra=8, tp_pct=24.1 with enabled detecting motions

Noise stats for 1637177.451: out=0, rdr=0, mra=0, tp_pct=0.0 with disabled detecting motions
/home/kestutis/miniconda3/envs/ITP259/lib/python3.11/site-packages/sklearn/base.py:486: UserWarning: X has feature names, but StandardScaler was fitted without feature names
  warnings.warn(
ectopy_stats={'ectN': 598, 'ectS': 16, 'ectV': 0, 'ectU': 2} with disabled detecting motions
Done 771/1088 | 1637177.451 | record time: 00:04

------------------------------------------------------------------------------------------
772/1088 | 1637178.068 | 1056_3 | row 773 | new: False | elapsed: 51:32
Noise stats for 1637178.068: out=0, rdr=0, mra=9, tp_pct=26.2 with enabled detecting motions

Noise stats for 1637178.068: out=0, rdr=0, mra=0, tp_pct=0.0 with disabled detecting motions
/home/kestutis/miniconda3/envs/ITP259/lib/python3.11/site-packages/sklearn/base.py:486: UserWarning: X has feature names, but StandardScaler was fitted without feature names
  warnings.warn(
ectopy_stats={'ectN': 622, 'ectS': 17, 'ectV': 0, 'ectU': 2} with disabled detecting motions
Done 772/1088 | 1637178.068 | record time: 00:04

------------------------------------------------------------------------------------------
773/1088 | 1637178.685 | 1056_6 | row 776 | new: False | elapsed: 51:36
Noise stats for 1637178.685: out=0, rdr=0, mra=14, tp_pct=45.3 with enabled detecting motions

Noise stats for 1637178.685: out=0, rdr=0, mra=0, tp_pct=0.0 with disabled detecting motions
/home/kestutis/miniconda3/envs/ITP259/lib/python3.11/site-packages/sklearn/base.py:486: UserWarning: X has feature names, but StandardScaler was fitted without feature names
  warnings.warn(
ectopy_stats={'ectN': 590, 'ectS': 16, 'ectV': 0, 'ectU': 3} with disabled detecting motions
Done 773/1088 | 1637178.685 | record time: 00:04

------------------------------------------------------------------------------------------
774/1088 | 1637179.302 | 1056_21 | row 772 | new: False | elapsed: 51:40
Noise stats for 1637179.302: out=0, rdr=0, mra=12, tp_pct=52.6 with enabled detecting motions

Noise stats for 1637179.302: out=0, rdr=0, mra=0, tp_pct=0.0 with disabled detecting motions
/home/kestutis/miniconda3/envs/ITP259/lib/python3.11/site-packages/sklearn/base.py:486: UserWarning: X has feature names, but StandardScaler was fitted without feature names
  warnings.warn(
ectopy_stats={'ectN': 575, 'ectS': 10, 'ectV': 0, 'ectU': 2} with disabled detecting motions
Done 774/1088 | 1637179.302 | record time: 00:04

------------------------------------------------------------------------------------------
775/1088 | 1637179.919 | 1056_16 | row 766 | new: False | elapsed: 51:43
Noise stats for 1637179.919: out=0, rdr=0, mra=13, tp_pct=35.5 with enabled detecting motions

Noise stats for 1637179.919: out=0, rdr=0, mra=0, tp_pct=0.0 with disabled detecting motions
/home/kestutis/miniconda3/envs/ITP259/lib/python3.11/site-packages/sklearn/base.py:486: UserWarning: X has feature names, but StandardScaler was fitted without feature names
  warnings.warn(
ectopy_stats={'ectN': 575, 'ectS': 11, 'ectV': 0, 'ectU': 2} with disabled detecting motions
Done 775/1088 | 1637179.919 | record time: 00:04

------------------------------------------------------------------------------------------
776/1088 | 1637180.536 | 1056_18 | row 768 | new: False | elapsed: 51:47
Noise stats for 1637180.536: out=0, rdr=0, mra=12, tp_pct=41.3 with enabled detecting motions

Noise stats for 1637180.536: out=0, rdr=0, mra=0, tp_pct=0.0 with disabled detecting motions
/home/kestutis/miniconda3/envs/ITP259/lib/python3.11/site-packages/sklearn/base.py:486: UserWarning: X has feature names, but StandardScaler was fitted without feature names
  warnings.warn(
ectopy_stats={'ectN': 563, 'ectS': 10, 'ectV': 0, 'ectU': 2} with disabled detecting motions
Done 776/1088 | 1637180.536 | record time: 00:04

------------------------------------------------------------------------------------------
777/1088 | 1637181.157 | 1056_13 | row 763 | new: False | elapsed: 51:51
Noise stats for 1637181.157: out=0, rdr=0, mra=2, tp_pct=5.9 with enabled detecting motions

Noise stats for 1637181.157: out=0, rdr=0, mra=0, tp_pct=0.0 with disabled detecting motions
/home/kestutis/miniconda3/envs/ITP259/lib/python3.11/site-packages/sklearn/base.py:486: UserWarning: X has feature names, but StandardScaler was fitted without feature names
  warnings.warn(
ectopy_stats={'ectN': 579, 'ectS': 7, 'ectV': 3, 'ectU': 7} with disabled detecting motions
Done 777/1088 | 1637181.157 | record time: 00:04

------------------------------------------------------------------------------------------
778/1088 | 1637181.774 | 1056_15 | row 765 | new: False | elapsed: 51:55
Noise stats for 1637181.774: out=0, rdr=0, mra=8, tp_pct=79.2 with enabled detecting motions

Noise stats for 1637181.774: out=0, rdr=0, mra=0, tp_pct=0.0 with disabled detecting motions
/home/kestutis/miniconda3/envs/ITP259/lib/python3.11/site-packages/sklearn/base.py:486: UserWarning: X has feature names, but StandardScaler was fitted without feature names
  warnings.warn(
ectopy_stats={'ectN': 567, 'ectS': 12, 'ectV': 7, 'ectU': 3} with disabled detecting motions
Done 778/1088 | 1637181.774 | record time: 00:04

------------------------------------------------------------------------------------------
779/1088 | 1637182.39 | 1056_10 | row 760 | new: False | elapsed: 51:58
Noise stats for 1637182.390: out=0, rdr=0, mra=12, tp_pct=71.8 with enabled detecting motions

Noise stats for 1637182.390: out=0, rdr=0, mra=0, tp_pct=0.0 with disabled detecting motions
/home/kestutis/miniconda3/envs/ITP259/lib/python3.11/site-packages/sklearn/base.py:486: UserWarning: X has feature names, but StandardScaler was fitted without feature names
  warnings.warn(
ectopy_stats={'ectN': 595, 'ectS': 17, 'ectV': 5, 'ectU': 2} with disabled detecting motions
Done 779/1088 | 1637182.39 | record time: 00:04

------------------------------------------------------------------------------------------
780/1088 | 1637183.007 | 1056_9 | row 779 | new: False | elapsed: 52:02
Noise stats for 1637183.007: out=0, rdr=0, mra=12, tp_pct=41.5 with enabled detecting motions

Noise stats for 1637183.007: out=0, rdr=0, mra=0, tp_pct=0.0 with disabled detecting motions
/home/kestutis/miniconda3/envs/ITP259/lib/python3.11/site-packages/sklearn/base.py:486: UserWarning: X has feature names, but StandardScaler was fitted without feature names
  warnings.warn(
ectopy_stats={'ectN': 607, 'ectS': 9, 'ectV': 6, 'ectU': 2} with disabled detecting motions
Done 780/1088 | 1637183.007 | record time: 00:04

------------------------------------------------------------------------------------------
781/1088 | 1637183.624 | 1056_0 | row 758 | new: False | elapsed: 52:06
Noise stats for 1637183.624: out=0, rdr=0, mra=8, tp_pct=19.9 with enabled detecting motions

Noise stats for 1637183.624: out=0, rdr=0, mra=0, tp_pct=0.0 with disabled detecting motions
/home/kestutis/miniconda3/envs/ITP259/lib/python3.11/site-packages/sklearn/base.py:486: UserWarning: X has feature names, but StandardScaler was fitted without feature names
  warnings.warn(
ectopy_stats={'ectN': 592, 'ectS': 10, 'ectV': 21, 'ectU': 2} with disabled detecting motions
Done 781/1088 | 1637183.624 | record time: 00:04

------------------------------------------------------------------------------------------
782/1088 | 1637184.241 | 1056_5 | row 775 | new: False | elapsed: 52:10
Noise stats for 1637184.241: out=0, rdr=0, mra=17, tp_pct=49.0 with enabled detecting motions

Noise stats for 1637184.241: out=0, rdr=0, mra=0, tp_pct=0.0 with disabled detecting motions
/home/kestutis/miniconda3/envs/ITP259/lib/python3.11/site-packages/sklearn/base.py:486: UserWarning: X has feature names, but StandardScaler was fitted without feature names
  warnings.warn(
ectopy_stats={'ectN': 597, 'ectS': 6, 'ectV': 11, 'ectU': 2} with disabled detecting motions
Done 782/1088 | 1637184.241 | record time: 00:04

------------------------------------------------------------------------------------------
783/1088 | 1637184.858 | 1056_8 | row 778 | new: False | elapsed: 52:14
Noise stats for 1637184.858: out=0, rdr=0, mra=7, tp_pct=16.8 with enabled detecting motions

Noise stats for 1637184.858: out=0, rdr=0, mra=0, tp_pct=0.0 with disabled detecting motions
/home/kestutis/miniconda3/envs/ITP259/lib/python3.11/site-packages/sklearn/base.py:486: UserWarning: X has feature names, but StandardScaler was fitted without feature names
  warnings.warn(
ectopy_stats={'ectN': 583, 'ectS': 7, 'ectV': 11, 'ectU': 8} with disabled detecting motions
Done 783/1088 | 1637184.858 | record time: 00:04

------------------------------------------------------------------------------------------
784/1088 | 1637185.475 | 1056_7 | row 777 | new: False | elapsed: 52:17
Noise stats for 1637185.475: out=0, rdr=0, mra=12, tp_pct=50.9 with enabled detecting motions

Noise stats for 1637185.475: out=0, rdr=0, mra=0, tp_pct=0.0 with disabled detecting motions
/home/kestutis/miniconda3/envs/ITP259/lib/python3.11/site-packages/sklearn/base.py:486: UserWarning: X has feature names, but StandardScaler was fitted without feature names
  warnings.warn(
ectopy_stats={'ectN': 555, 'ectS': 15, 'ectV': 1, 'ectU': 2} with disabled detecting motions
Done 784/1088 | 1637185.475 | record time: 00:04

------------------------------------------------------------------------------------------
785/1088 | 1637186.092 | 1056_2 | row 770 | new: False | elapsed: 52:21
Noise stats for 1637186.092: out=0, rdr=0, mra=15, tp_pct=48.4 with enabled detecting motions

Noise stats for 1637186.092: out=0, rdr=0, mra=0, tp_pct=0.0 with disabled detecting motions
/home/kestutis/miniconda3/envs/ITP259/lib/python3.11/site-packages/sklearn/base.py:486: UserWarning: X has feature names, but StandardScaler was fitted without feature names
  warnings.warn(
ectopy_stats={'ectN': 556, 'ectS': 16, 'ectV': 3, 'ectU': 2} with disabled detecting motions
Done 785/1088 | 1637186.092 | record time: 00:04

------------------------------------------------------------------------------------------
786/1088 | 1637186.713 | 1056_19 | row 769 | new: False | elapsed: 52:25
Noise stats for 1637186.713: out=0, rdr=0, mra=9, tp_pct=78.3 with enabled detecting motions

Noise stats for 1637186.713: out=0, rdr=0, mra=0, tp_pct=0.0 with disabled detecting motions
/home/kestutis/miniconda3/envs/ITP259/lib/python3.11/site-packages/sklearn/base.py:486: UserWarning: X has feature names, but StandardScaler was fitted without feature names
  warnings.warn(
ectopy_stats={'ectN': 563, 'ectS': 10, 'ectV': 0, 'ectU': 2} with disabled detecting motions
Done 786/1088 | 1637186.713 | record time: 00:04

------------------------------------------------------------------------------------------
787/1088 | 1637187.33 | 1056_20 | row 771 | new: False | elapsed: 52:28
Noise stats for 1637187.330: out=0, rdr=0, mra=6, tp_pct=93.3 with enabled detecting motions

Noise stats for 1637187.330: out=0, rdr=0, mra=0, tp_pct=0.0 with disabled detecting motions
/home/kestutis/miniconda3/envs/ITP259/lib/python3.11/site-packages/sklearn/base.py:486: UserWarning: X has feature names, but StandardScaler was fitted without feature names
  warnings.warn(
ectopy_stats={'ectN': 543, 'ectS': 10, 'ectV': 1, 'ectU': 2} with disabled detecting motions
Done 787/1088 | 1637187.33 | record time: 00:04

------------------------------------------------------------------------------------------
788/1088 | 1637187.947 | 1056_11 | row 761 | new: False | elapsed: 52:32
Noise stats for 1637187.947: out=0, rdr=0, mra=6, tp_pct=92.2 with enabled detecting motions

Noise stats for 1637187.947: out=0, rdr=0, mra=0, tp_pct=0.0 with disabled detecting motions
/home/kestutis/miniconda3/envs/ITP259/lib/python3.11/site-packages/sklearn/base.py:486: UserWarning: X has feature names, but StandardScaler was fitted without feature names
  warnings.warn(
ectopy_stats={'ectN': 536, 'ectS': 15, 'ectV': 0, 'ectU': 2} with disabled detecting motions
Done 788/1088 | 1637187.947 | record time: 00:04

------------------------------------------------------------------------------------------
789/1088 | 1637188.569 | 1056_17 | row 767 | new: False | elapsed: 52:36
Noise stats for 1637188.569: out=0, rdr=0, mra=8, tp_pct=93.5 with enabled detecting motions

Noise stats for 1637188.569: out=0, rdr=0, mra=0, tp_pct=0.0 with disabled detecting motions
/home/kestutis/miniconda3/envs/ITP259/lib/python3.11/site-packages/sklearn/base.py:486: UserWarning: X has feature names, but StandardScaler was fitted without feature names
  warnings.warn(
ectopy_stats={'ectN': 540, 'ectS': 11, 'ectV': 0, 'ectU': 3} with disabled detecting motions
Done 789/1088 | 1637188.569 | record time: 00:04

------------------------------------------------------------------------------------------
790/1088 | 1637189.186 | 1056_1 | row 759 | new: False | elapsed: 52:39
Noise stats for 1637189.186: out=0, rdr=0, mra=11, tp_pct=45.0 with enabled detecting motions

Noise stats for 1637189.186: out=0, rdr=0, mra=0, tp_pct=0.0 with disabled detecting motions
/home/kestutis/miniconda3/envs/ITP259/lib/python3.11/site-packages/sklearn/base.py:486: UserWarning: X has feature names, but StandardScaler was fitted without feature names
  warnings.warn(
ectopy_stats={'ectN': 557, 'ectS': 24, 'ectV': 3, 'ectU': 4} with disabled detecting motions
Done 790/1088 | 1637189.186 | record time: 00:04

------------------------------------------------------------------------------------------
791/1088 | 1637189.804 | 1056_14 | row 764 | new: False | elapsed: 52:43
Noise stats for 1637189.804: out=0, rdr=0, mra=1, tp_pct=100.0 with enabled detecting motions

Noise stats for 1637189.804: out=0, rdr=0, mra=0, tp_pct=0.0 with disabled detecting motions
/home/kestutis/miniconda3/envs/ITP259/lib/python3.11/site-packages/sklearn/base.py:486: UserWarning: X has feature names, but StandardScaler was fitted without feature names
  warnings.warn(
ectopy_stats={'ectN': 548, 'ectS': 31, 'ectV': 0, 'ectU': 7} with disabled detecting motions
Done 791/1088 | 1637189.804 | record time: 00:04

------------------------------------------------------------------------------------------
792/1088 | 1637262.757 | 1063_1 | row 799 | new: False | elapsed: 52:47
Noise stats for 1637262.757: out=0, rdr=0, mra=3, tp_pct=9.8 with enabled detecting motions

Noise stats for 1637262.757: out=0, rdr=0, mra=0, tp_pct=0.0 with disabled detecting motions
/home/kestutis/miniconda3/envs/ITP259/lib/python3.11/site-packages/sklearn/base.py:486: UserWarning: X has feature names, but StandardScaler was fitted without feature names
  warnings.warn(
ectopy_stats={'ectN': 592, 'ectS': 3, 'ectV': 1, 'ectU': 2} with disabled detecting motions
Done 792/1088 | 1637262.757 | record time: 00:04

------------------------------------------------------------------------------------------
793/1088 | 1637277.147 | 1063_0 | row 798 | new: False | elapsed: 52:50
Noise stats for 1637277.147: out=0, rdr=0, mra=1, tp_pct=6.1 with enabled detecting motions

Noise stats for 1637277.147: out=0, rdr=0, mra=0, tp_pct=0.0 with disabled detecting motions
/home/kestutis/miniconda3/envs/ITP259/lib/python3.11/site-packages/sklearn/base.py:486: UserWarning: X has feature names, but StandardScaler was fitted without feature names
  warnings.warn(
ectopy_stats={'ectN': 491, 'ectS': 1, 'ectV': 5, 'ectU': 3} with disabled detecting motions
Done 793/1088 | 1637277.147 | record time: 00:04

------------------------------------------------------------------------------------------
794/1088 | 1637580.246 | 1065_15 | row 826 | new: False | elapsed: 52:54
Noise stats for 1637580.246: out=0, rdr=0, mra=1, tp_pct=2.9 with enabled detecting motions

Noise stats for 1637580.246: out=0, rdr=0, mra=0, tp_pct=0.0 with disabled detecting motions
/home/kestutis/miniconda3/envs/ITP259/lib/python3.11/site-packages/sklearn/base.py:486: UserWarning: X has feature names, but StandardScaler was fitted without feature names
  warnings.warn(
ectopy_stats={'ectN': 811, 'ectS': 44, 'ectV': 2, 'ectU': 8} with disabled detecting motions
Done 794/1088 | 1637580.246 | record time: 00:04

------------------------------------------------------------------------------------------
795/1088 | 1637582.986 | 1066_0 | row 837 | new: False | elapsed: 52:58
Noise stats for 1637582.986: out=0, rdr=0, mra=0, tp_pct=0.0 with enabled detecting motions

Noise stats for 1637582.986: out=0, rdr=0, mra=0, tp_pct=0.0 with disabled detecting motions
/home/kestutis/miniconda3/envs/ITP259/lib/python3.11/site-packages/sklearn/base.py:486: UserWarning: X has feature names, but StandardScaler was fitted without feature names
  warnings.warn(
ectopy_stats={'ectN': 570, 'ectS': 0, 'ectV': 2, 'ectU': 2} with disabled detecting motions
Done 795/1088 | 1637582.986 | record time: 00:04

------------------------------------------------------------------------------------------
796/1088 | 1637583.611 | 1066_1 | row 838 | new: False | elapsed: 53:02
Noise stats for 1637583.611: out=0, rdr=0, mra=0, tp_pct=0.0 with enabled detecting motions

Noise stats for 1637583.611: out=0, rdr=0, mra=0, tp_pct=0.0 with disabled detecting motions
/home/kestutis/miniconda3/envs/ITP259/lib/python3.11/site-packages/sklearn/base.py:486: UserWarning: X has feature names, but StandardScaler was fitted without feature names
  warnings.warn(
ectopy_stats={'ectN': 563, 'ectS': 0, 'ectV': 0, 'ectU': 2} with disabled detecting motions
Done 796/1088 | 1637583.611 | record time: 00:04

------------------------------------------------------------------------------------------
797/1088 | 1637584.237 | 1066_2 | row 839 | new: False | elapsed: 53:06
Noise stats for 1637584.237: out=0, rdr=0, mra=1, tp_pct=1.4 with enabled detecting motions

Noise stats for 1637584.237: out=0, rdr=0, mra=0, tp_pct=0.0 with disabled detecting motions
/home/kestutis/miniconda3/envs/ITP259/lib/python3.11/site-packages/sklearn/base.py:486: UserWarning: X has feature names, but StandardScaler was fitted without feature names
  warnings.warn(
ectopy_stats={'ectN': 554, 'ectS': 0, 'ectV': 1, 'ectU': 2} with disabled detecting motions
Done 797/1088 | 1637584.237 | record time: 00:04

------------------------------------------------------------------------------------------
798/1088 | 1637584.866 | 1066_5 | row 842 | new: False | elapsed: 53:09
Noise stats for 1637584.866: out=0, rdr=0, mra=0, tp_pct=0.0 with enabled detecting motions

Noise stats for 1637584.866: out=0, rdr=0, mra=0, tp_pct=0.0 with disabled detecting motions
/home/kestutis/miniconda3/envs/ITP259/lib/python3.11/site-packages/sklearn/base.py:486: UserWarning: X has feature names, but StandardScaler was fitted without feature names
  warnings.warn(
ectopy_stats={'ectN': 545, 'ectS': 0, 'ectV': 1, 'ectU': 2} with disabled detecting motions
Done 798/1088 | 1637584.866 | record time: 00:04

------------------------------------------------------------------------------------------
799/1088 | 1637585.491 | 1066_4 | row 841 | new: False | elapsed: 53:13
Noise stats for 1637585.491: out=0, rdr=0, mra=5, tp_pct=13.5 with enabled detecting motions

Noise stats for 1637585.491: out=0, rdr=0, mra=0, tp_pct=0.0 with disabled detecting motions
/home/kestutis/miniconda3/envs/ITP259/lib/python3.11/site-packages/sklearn/base.py:486: UserWarning: X has feature names, but StandardScaler was fitted without feature names
  warnings.warn(
ectopy_stats={'ectN': 583, 'ectS': 0, 'ectV': 2, 'ectU': 3} with disabled detecting motions
Done 799/1088 | 1637585.491 | record time: 00:04

------------------------------------------------------------------------------------------
800/1088 | 1637586.745 | 1066_3 | row 840 | new: False | elapsed: 53:17
Noise stats for 1637586.745: out=0, rdr=0, mra=2, tp_pct=4.3 with enabled detecting motions

Noise stats for 1637586.745: out=0, rdr=0, mra=0, tp_pct=0.0 with disabled detecting motions
/home/kestutis/miniconda3/envs/ITP259/lib/python3.11/site-packages/sklearn/base.py:486: UserWarning: X has feature names, but StandardScaler was fitted without feature names
  warnings.warn(
ectopy_stats={'ectN': 528, 'ectS': 0, 'ectV': 0, 'ectU': 2} with disabled detecting motions
Done 800/1088 | 1637586.745 | record time: 00:04

------------------------------------------------------------------------------------------
801/1088 | 1637615.384 | 1065_10 | row 821 | new: False | elapsed: 53:20
Noise stats for 1637615.384: out=0, rdr=0, mra=1, tp_pct=2.4 with enabled detecting motions

Noise stats for 1637615.384: out=0, rdr=0, mra=0, tp_pct=0.0 with disabled detecting motions
/home/kestutis/miniconda3/envs/ITP259/lib/python3.11/site-packages/sklearn/base.py:486: UserWarning: X has feature names, but StandardScaler was fitted without feature names
  warnings.warn(
ectopy_stats={'ectN': 677, 'ectS': 76, 'ectV': 25, 'ectU': 3} with disabled detecting motions
Done 801/1088 | 1637615.384 | record time: 00:04

------------------------------------------------------------------------------------------
802/1088 | 1637619.15 | 1065_14 | row 825 | new: False | elapsed: 53:24
Noise stats for 1637619.150: out=0, rdr=0, mra=0, tp_pct=0.0 with enabled detecting motions

Noise stats for 1637619.150: out=0, rdr=0, mra=0, tp_pct=0.0 with disabled detecting motions
/home/kestutis/miniconda3/envs/ITP259/lib/python3.11/site-packages/sklearn/base.py:486: UserWarning: X has feature names, but StandardScaler was fitted without feature names
  warnings.warn(
ectopy_stats={'ectN': 790, 'ectS': 50, 'ectV': 4, 'ectU': 7} with disabled detecting motions
Done 802/1088 | 1637619.15 | record time: 00:04

------------------------------------------------------------------------------------------
803/1088 | 1637619.35 | 1064_12 | row 804 | new: False | elapsed: 53:29
Noise stats for 1637619.350: out=0, rdr=0, mra=8, tp_pct=42.6 with enabled detecting motions

Noise stats for 1637619.350: out=0, rdr=0, mra=0, tp_pct=0.0 with disabled detecting motions
/home/kestutis/miniconda3/envs/ITP259/lib/python3.11/site-packages/sklearn/base.py:486: UserWarning: X has feature names, but StandardScaler was fitted without feature names
  warnings.warn(
ectopy_stats={'ectN': 672, 'ectS': 8, 'ectV': 6, 'ectU': 8} with disabled detecting motions
Done 803/1088 | 1637619.35 | record time: 00:04

------------------------------------------------------------------------------------------
804/1088 | 1637619.776 | 1065_13 | row 824 | new: False | elapsed: 53:33
Noise stats for 1637619.776: out=1, rdr=0, mra=1, tp_pct=4.3 with enabled detecting motions

Noise stats for 1637619.776: out=1, rdr=0, mra=0, tp_pct=1.8 with disabled detecting motions
/home/kestutis/miniconda3/envs/ITP259/lib/python3.11/site-packages/sklearn/base.py:486: UserWarning: X has feature names, but StandardScaler was fitted without feature names
  warnings.warn(
ectopy_stats={'ectN': 760, 'ectS': 47, 'ectV': 15, 'ectU': 10} with disabled detecting motions
Done 804/1088 | 1637619.776 | record time: 00:04

------------------------------------------------------------------------------------------
805/1088 | 1637620.159 | 1064_13 | row 805 | new: False | elapsed: 53:37
Noise stats for 1637620.159: out=0, rdr=0, mra=9, tp_pct=31.3 with enabled detecting motions

Noise stats for 1637620.159: out=0, rdr=0, mra=0, tp_pct=0.0 with disabled detecting motions
/home/kestutis/miniconda3/envs/ITP259/lib/python3.11/site-packages/sklearn/base.py:486: UserWarning: X has feature names, but StandardScaler was fitted without feature names
  warnings.warn(
ectopy_stats={'ectN': 684, 'ectS': 11, 'ectV': 11, 'ectU': 5} with disabled detecting motions
Done 805/1088 | 1637620.159 | record time: 00:04

------------------------------------------------------------------------------------------
806/1088 | 1637620.403 | 1065_8 | row 835 | new: False | elapsed: 53:41
Noise stats for 1637620.403: out=0, rdr=0, mra=1, tp_pct=2.2 with enabled detecting motions

Noise stats for 1637620.403: out=0, rdr=0, mra=0, tp_pct=0.0 with disabled detecting motions
/home/kestutis/miniconda3/envs/ITP259/lib/python3.11/site-packages/sklearn/base.py:486: UserWarning: X has feature names, but StandardScaler was fitted without feature names
  warnings.warn(
ectopy_stats={'ectN': 686, 'ectS': 111, 'ectV': 3, 'ectU': 3} with disabled detecting motions
Done 806/1088 | 1637620.403 | record time: 00:04

------------------------------------------------------------------------------------------
807/1088 | 1637620.776 | 1064_14 | row 806 | new: False | elapsed: 53:45
Noise stats for 1637620.776: out=0, rdr=0, mra=0, tp_pct=0.0 with enabled detecting motions

Noise stats for 1637620.776: out=0, rdr=0, mra=0, tp_pct=0.0 with disabled detecting motions
/home/kestutis/miniconda3/envs/ITP259/lib/python3.11/site-packages/sklearn/base.py:486: UserWarning: X has feature names, but StandardScaler was fitted without feature names
  warnings.warn(
ectopy_stats={'ectN': 678, 'ectS': 12, 'ectV': 12, 'ectU': 3} with disabled detecting motions
Done 807/1088 | 1637620.776 | record time: 00:04

------------------------------------------------------------------------------------------
808/1088 | 1637621.03 | 1065_12 | row 823 | new: False | elapsed: 53:49
Noise stats for 1637621.030: out=1, rdr=0, mra=0, tp_pct=2.2 with enabled detecting motions

Noise stats for 1637621.030: out=1, rdr=0, mra=0, tp_pct=2.2 with disabled detecting motions
/home/kestutis/miniconda3/envs/ITP259/lib/python3.11/site-packages/sklearn/base.py:486: UserWarning: X has feature names, but StandardScaler was fitted without feature names
  warnings.warn(
ectopy_stats={'ectN': 730, 'ectS': 64, 'ectV': 8, 'ectU': 6} with disabled detecting motions
Done 808/1088 | 1637621.03 | record time: 00:04

------------------------------------------------------------------------------------------
809/1088 | 1637621.569 | 1064_11 | row 803 | new: False | elapsed: 53:53
Noise stats for 1637621.569: out=0, rdr=0, mra=3, tp_pct=7.2 with enabled detecting motions

Noise stats for 1637621.569: out=0, rdr=0, mra=0, tp_pct=0.0 with disabled detecting motions
/home/kestutis/miniconda3/envs/ITP259/lib/python3.11/site-packages/sklearn/base.py:486: UserWarning: X has feature names, but StandardScaler was fitted without feature names
  warnings.warn(
ectopy_stats={'ectN': 662, 'ectS': 14, 'ectV': 13, 'ectU': 6} with disabled detecting motions
Done 809/1088 | 1637621.569 | record time: 00:04

------------------------------------------------------------------------------------------
810/1088 | 1637621.657 | 1065_16 | row 827 | new: False | elapsed: 53:57
Noise stats for 1637621.657: out=0, rdr=0, mra=1, tp_pct=2.3 with enabled detecting motions

Noise stats for 1637621.657: out=0, rdr=0, mra=0, tp_pct=0.0 with disabled detecting motions
/home/kestutis/miniconda3/envs/ITP259/lib/python3.11/site-packages/sklearn/base.py:486: UserWarning: X has feature names, but StandardScaler was fitted without feature names
  warnings.warn(
ectopy_stats={'ectN': 689, 'ectS': 34, 'ectV': 0, 'ectU': 2} with disabled detecting motions
Done 810/1088 | 1637621.657 | record time: 00:04

------------------------------------------------------------------------------------------
811/1088 | 1637622.186 | 1064_6 | row 815 | new: False | elapsed: 54:01
Noise stats for 1637622.186: out=0, rdr=0, mra=0, tp_pct=0.0 with enabled detecting motions

Noise stats for 1637622.186: out=0, rdr=0, mra=0, tp_pct=0.0 with disabled detecting motions
/home/kestutis/miniconda3/envs/ITP259/lib/python3.11/site-packages/sklearn/base.py:486: UserWarning: X has feature names, but StandardScaler was fitted without feature names
  warnings.warn(
ectopy_stats={'ectN': 642, 'ectS': 23, 'ectV': 22, 'ectU': 9} with disabled detecting motions
Done 811/1088 | 1637622.186 | record time: 00:04

------------------------------------------------------------------------------------------
812/1088 | 1637622.288 | 1065_6 | row 833 | new: False | elapsed: 54:05
Noise stats for 1637622.288: out=0, rdr=0, mra=1, tp_pct=2.3 with enabled detecting motions

Noise stats for 1637622.288: out=0, rdr=0, mra=0, tp_pct=0.0 with disabled detecting motions
/home/kestutis/miniconda3/envs/ITP259/lib/python3.11/site-packages/sklearn/base.py:486: UserWarning: X has feature names, but StandardScaler was fitted without feature names
  warnings.warn(
ectopy_stats={'ectN': 625, 'ectS': 81, 'ectV': 58, 'ectU': 5} with disabled detecting motions
Done 812/1088 | 1637622.288 | record time: 00:04

------------------------------------------------------------------------------------------
813/1088 | 1637622.803 | 1064_2 | row 811 | new: False | elapsed: 54:09
Noise stats for 1637622.803: out=0, rdr=0, mra=5, tp_pct=15.7 with enabled detecting motions

Noise stats for 1637622.803: out=0, rdr=0, mra=0, tp_pct=0.0 with disabled detecting motions
/home/kestutis/miniconda3/envs/ITP259/lib/python3.11/site-packages/sklearn/base.py:486: UserWarning: X has feature names, but StandardScaler was fitted without feature names
  warnings.warn(
ectopy_stats={'ectN': 634, 'ectS': 26, 'ectV': 8, 'ectU': 10} with disabled detecting motions
Done 813/1088 | 1637622.803 | record time: 00:04

------------------------------------------------------------------------------------------
814/1088 | 1637622.914 | 1065_7 | row 834 | new: False | elapsed: 54:13
Noise stats for 1637622.914: out=0, rdr=0, mra=0, tp_pct=0.0 with enabled detecting motions

Noise stats for 1637622.914: out=0, rdr=0, mra=0, tp_pct=0.0 with disabled detecting motions
/home/kestutis/miniconda3/envs/ITP259/lib/python3.11/site-packages/sklearn/base.py:486: UserWarning: X has feature names, but StandardScaler was fitted without feature names
  warnings.warn(
ectopy_stats={'ectN': 593, 'ectS': 86, 'ectV': 42, 'ectU': 3} with disabled detecting motions
Done 814/1088 | 1637622.914 | record time: 00:04

------------------------------------------------------------------------------------------
815/1088 | 1637623.456 | 1064_0 | row 800 | new: False | elapsed: 54:17
Noise stats for 1637623.456: out=0, rdr=0, mra=3, tp_pct=7.0 with enabled detecting motions

Noise stats for 1637623.456: out=0, rdr=0, mra=0, tp_pct=0.0 with disabled detecting motions
/home/kestutis/miniconda3/envs/ITP259/lib/python3.11/site-packages/sklearn/base.py:486: UserWarning: X has feature names, but StandardScaler was fitted without feature names
  warnings.warn(
ectopy_stats={'ectN': 637, 'ectS': 26, 'ectV': 3, 'ectU': 16} with disabled detecting motions
Done 815/1088 | 1637623.456 | record time: 00:04

------------------------------------------------------------------------------------------
816/1088 | 1637623.546 | 1065_9 | row 836 | new: False | elapsed: 54:21
Noise stats for 1637623.546: out=0, rdr=0, mra=0, tp_pct=0.0 with enabled detecting motions

Noise stats for 1637623.546: out=0, rdr=0, mra=0, tp_pct=0.0 with disabled detecting motions
/home/kestutis/miniconda3/envs/ITP259/lib/python3.11/site-packages/sklearn/base.py:486: UserWarning: X has feature names, but StandardScaler was fitted without feature names
  warnings.warn(
ectopy_stats={'ectN': 583, 'ectS': 100, 'ectV': 44, 'ectU': 4} with disabled detecting motions
Done 816/1088 | 1637623.546 | record time: 00:04

------------------------------------------------------------------------------------------
817/1088 | 1637624.073 | 1064_18 | row 810 | new: False | elapsed: 54:25
Noise stats for 1637624.073: out=0, rdr=0, mra=3, tp_pct=8.3 with enabled detecting motions

Noise stats for 1637624.073: out=0, rdr=0, mra=0, tp_pct=0.0 with disabled detecting motions
/home/kestutis/miniconda3/envs/ITP259/lib/python3.11/site-packages/sklearn/base.py:486: UserWarning: X has feature names, but StandardScaler was fitted without feature names
  warnings.warn(
ectopy_stats={'ectN': 658, 'ectS': 4, 'ectV': 1, 'ectU': 4} with disabled detecting motions
Done 817/1088 | 1637624.073 | record time: 00:04

------------------------------------------------------------------------------------------
818/1088 | 1637624.172 | 1065_2 | row 829 | new: False | elapsed: 54:29
Noise stats for 1637624.172: out=0, rdr=0, mra=0, tp_pct=0.0 with enabled detecting motions

Noise stats for 1637624.172: out=0, rdr=0, mra=0, tp_pct=0.0 with disabled detecting motions
/home/kestutis/miniconda3/envs/ITP259/lib/python3.11/site-packages/sklearn/base.py:486: UserWarning: X has feature names, but StandardScaler was fitted without feature names
  warnings.warn(
ectopy_stats={'ectN': 564, 'ectS': 111, 'ectV': 71, 'ectU': 3} with disabled detecting motions
Done 818/1088 | 1637624.172 | record time: 00:04

------------------------------------------------------------------------------------------
819/1088 | 1637624.695 | 1064_17 | row 809 | new: False | elapsed: 54:33
Noise stats for 1637624.695: out=0, rdr=0, mra=1, tp_pct=3.9 with enabled detecting motions

Noise stats for 1637624.695: out=0, rdr=0, mra=0, tp_pct=0.0 with disabled detecting motions
/home/kestutis/miniconda3/envs/ITP259/lib/python3.11/site-packages/sklearn/base.py:486: UserWarning: X has feature names, but StandardScaler was fitted without feature names
  warnings.warn(
ectopy_stats={'ectN': 671, 'ectS': 5, 'ectV': 2, 'ectU': 4} with disabled detecting motions
Done 819/1088 | 1637624.695 | record time: 00:04

------------------------------------------------------------------------------------------
820/1088 | 1637624.799 | 1065_1 | row 820 | new: False | elapsed: 54:37
Noise stats for 1637624.799: out=0, rdr=0, mra=0, tp_pct=0.0 with enabled detecting motions

Noise stats for 1637624.799: out=0, rdr=0, mra=0, tp_pct=0.0 with disabled detecting motions
/home/kestutis/miniconda3/envs/ITP259/lib/python3.11/site-packages/sklearn/base.py:486: UserWarning: X has feature names, but StandardScaler was fitted without feature names
  warnings.warn(
ectopy_stats={'ectN': 568, 'ectS': 111, 'ectV': 86, 'ectU': 2} with disabled detecting motions
Done 820/1088 | 1637624.799 | record time: 00:04

------------------------------------------------------------------------------------------
821/1088 | 1637625.312 | 1064_16 | row 808 | new: False | elapsed: 54:41
Noise stats for 1637625.312: out=0, rdr=0, mra=2, tp_pct=9.3 with enabled detecting motions

Noise stats for 1637625.312: out=0, rdr=0, mra=0, tp_pct=0.0 with disabled detecting motions
/home/kestutis/miniconda3/envs/ITP259/lib/python3.11/site-packages/sklearn/base.py:486: UserWarning: X has feature names, but StandardScaler was fitted without feature names
  warnings.warn(
ectopy_stats={'ectN': 685, 'ectS': 15, 'ectV': 3, 'ectU': 9} with disabled detecting motions
Done 821/1088 | 1637625.312 | record time: 00:04

------------------------------------------------------------------------------------------
822/1088 | 1637625.426 | 1065_0 | row 819 | new: False | elapsed: 54:45
Noise stats for 1637625.426: out=0, rdr=0, mra=1, tp_pct=2.7 with enabled detecting motions

Noise stats for 1637625.426: out=0, rdr=0, mra=0, tp_pct=0.0 with disabled detecting motions
/home/kestutis/miniconda3/envs/ITP259/lib/python3.11/site-packages/sklearn/base.py:486: UserWarning: X has feature names, but StandardScaler was fitted without feature names
  warnings.warn(
ectopy_stats={'ectN': 637, 'ectS': 65, 'ectV': 119, 'ectU': 2} with disabled detecting motions
Done 822/1088 | 1637625.426 | record time: 00:04

------------------------------------------------------------------------------------------
823/1088 | 1637625.93 | 1064_15 | row 807 | new: False | elapsed: 54:50
Noise stats for 1637625.930: out=0, rdr=0, mra=0, tp_pct=0.0 with enabled detecting motions

Noise stats for 1637625.930: out=0, rdr=0, mra=0, tp_pct=0.0 with disabled detecting motions
/home/kestutis/miniconda3/envs/ITP259/lib/python3.11/site-packages/sklearn/base.py:486: UserWarning: X has feature names, but StandardScaler was fitted without feature names
  warnings.warn(
ectopy_stats={'ectN': 652, 'ectS': 11, 'ectV': 3, 'ectU': 9} with disabled detecting motions
Done 823/1088 | 1637625.93 | record time: 00:04

------------------------------------------------------------------------------------------
824/1088 | 1637626.053 | 1065_5 | row 832 | new: False | elapsed: 54:53
Noise stats for 1637626.053: out=0, rdr=0, mra=0, tp_pct=0.0 with enabled detecting motions

Noise stats for 1637626.053: out=0, rdr=0, mra=0, tp_pct=0.0 with disabled detecting motions
/home/kestutis/miniconda3/envs/ITP259/lib/python3.11/site-packages/sklearn/base.py:486: UserWarning: X has feature names, but StandardScaler was fitted without feature names
  warnings.warn(
ectopy_stats={'ectN': 651, 'ectS': 83, 'ectV': 41, 'ectU': 3} with disabled detecting motions
Done 824/1088 | 1637626.053 | record time: 00:04

------------------------------------------------------------------------------------------
825/1088 | 1637626.547 | 1064_10 | row 802 | new: False | elapsed: 54:58
Noise stats for 1637626.547: out=0, rdr=0, mra=8, tp_pct=21.3 with enabled detecting motions

Noise stats for 1637626.547: out=0, rdr=0, mra=0, tp_pct=0.0 with disabled detecting motions
/home/kestutis/miniconda3/envs/ITP259/lib/python3.11/site-packages/sklearn/base.py:486: UserWarning: X has feature names, but StandardScaler was fitted without feature names
  warnings.warn(
ectopy_stats={'ectN': 647, 'ectS': 13, 'ectV': 10, 'ectU': 7} with disabled detecting motions
Done 825/1088 | 1637626.547 | record time: 00:04

------------------------------------------------------------------------------------------
826/1088 | 1637626.68 | 1065_3 | row 830 | new: False | elapsed: 55:02
Noise stats for 1637626.680: out=0, rdr=0, mra=0, tp_pct=0.0 with enabled detecting motions

Noise stats for 1637626.680: out=0, rdr=0, mra=0, tp_pct=0.0 with disabled detecting motions
/home/kestutis/miniconda3/envs/ITP259/lib/python3.11/site-packages/sklearn/base.py:486: UserWarning: X has feature names, but StandardScaler was fitted without feature names
  warnings.warn(
ectopy_stats={'ectN': 587, 'ectS': 112, 'ectV': 52, 'ectU': 3} with disabled detecting motions
Done 826/1088 | 1637626.68 | record time: 00:04

------------------------------------------------------------------------------------------
827/1088 | 1637627.168 | 1064_3 | row 812 | new: False | elapsed: 55:06
Noise stats for 1637627.168: out=0, rdr=0, mra=1, tp_pct=2.5 with enabled detecting motions

Noise stats for 1637627.168: out=0, rdr=0, mra=0, tp_pct=0.0 with disabled detecting motions
/home/kestutis/miniconda3/envs/ITP259/lib/python3.11/site-packages/sklearn/base.py:486: UserWarning: X has feature names, but StandardScaler was fitted without feature names
  warnings.warn(
ectopy_stats={'ectN': 639, 'ectS': 21, 'ectV': 15, 'ectU': 18} with disabled detecting motions
Done 827/1088 | 1637627.168 | record time: 00:04

------------------------------------------------------------------------------------------
828/1088 | 1637627.307 | 1065_11 | row 822 | new: False | elapsed: 55:10
Noise stats for 1637627.307: out=1, rdr=0, mra=3, tp_pct=8.7 with enabled detecting motions

Noise stats for 1637627.307: out=1, rdr=0, mra=0, tp_pct=1.7 with disabled detecting motions
/home/kestutis/miniconda3/envs/ITP259/lib/python3.11/site-packages/sklearn/base.py:486: UserWarning: X has feature names, but StandardScaler was fitted without feature names
  warnings.warn(
ectopy_stats={'ectN': 689, 'ectS': 68, 'ectV': 20, 'ectU': 4} with disabled detecting motions
Done 828/1088 | 1637627.307 | record time: 00:04

------------------------------------------------------------------------------------------
829/1088 | 1637627.785 | 1064_9 | row 818 | new: False | elapsed: 55:14
Noise stats for 1637627.785: out=0, rdr=0, mra=4, tp_pct=9.3 with enabled detecting motions

Noise stats for 1637627.785: out=0, rdr=0, mra=0, tp_pct=0.0 with disabled detecting motions
/home/kestutis/miniconda3/envs/ITP259/lib/python3.11/site-packages/sklearn/base.py:486: UserWarning: X has feature names, but StandardScaler was fitted without feature names
  warnings.warn(
ectopy_stats={'ectN': 642, 'ectS': 14, 'ectV': 12, 'ectU': 9} with disabled detecting motions
Done 829/1088 | 1637627.785 | record time: 00:04

------------------------------------------------------------------------------------------
830/1088 | 1637628.331 | 1065_4 | row 831 | new: False | elapsed: 55:18
Noise stats for 1637628.331: out=0, rdr=0, mra=0, tp_pct=0.0 with enabled detecting motions

Noise stats for 1637628.331: out=0, rdr=0, mra=0, tp_pct=0.0 with disabled detecting motions
/home/kestutis/miniconda3/envs/ITP259/lib/python3.11/site-packages/sklearn/base.py:486: UserWarning: X has feature names, but StandardScaler was fitted without feature names
  warnings.warn(
ectopy_stats={'ectN': 549, 'ectS': 86, 'ectV': 64, 'ectU': 3} with disabled detecting motions
Done 830/1088 | 1637628.331 | record time: 00:04

------------------------------------------------------------------------------------------
831/1088 | 1637628.402 | 1064_5 | row 814 | new: False | elapsed: 55:22
Noise stats for 1637628.402: out=0, rdr=0, mra=3, tp_pct=8.6 with enabled detecting motions

Noise stats for 1637628.402: out=0, rdr=0, mra=0, tp_pct=0.0 with disabled detecting motions
/home/kestutis/miniconda3/envs/ITP259/lib/python3.11/site-packages/sklearn/base.py:486: UserWarning: X has feature names, but StandardScaler was fitted without feature names
  warnings.warn(
ectopy_stats={'ectN': 631, 'ectS': 21, 'ectV': 10, 'ectU': 12} with disabled detecting motions
Done 831/1088 | 1637628.402 | record time: 00:04

------------------------------------------------------------------------------------------
832/1088 | 1637629.02 | 1064_8 | row 817 | new: False | elapsed: 55:26
Noise stats for 1637629.020: out=0, rdr=0, mra=1, tp_pct=2.3 with enabled detecting motions

Noise stats for 1637629.020: out=0, rdr=0, mra=0, tp_pct=0.0 with disabled detecting motions
/home/kestutis/miniconda3/envs/ITP259/lib/python3.11/site-packages/sklearn/base.py:486: UserWarning: X has feature names, but StandardScaler was fitted without feature names
  warnings.warn(
ectopy_stats={'ectN': 657, 'ectS': 8, 'ectV': 1, 'ectU': 10} with disabled detecting motions
Done 832/1088 | 1637629.02 | record time: 00:04

------------------------------------------------------------------------------------------
833/1088 | 1637629.641 | 1064_4 | row 813 | new: False | elapsed: 55:29
Noise stats for 1637629.641: out=0, rdr=0, mra=2, tp_pct=6.3 with enabled detecting motions

Noise stats for 1637629.641: out=0, rdr=0, mra=0, tp_pct=0.0 with disabled detecting motions
/home/kestutis/miniconda3/envs/ITP259/lib/python3.11/site-packages/sklearn/base.py:486: UserWarning: X has feature names, but StandardScaler was fitted without feature names
  warnings.warn(
ectopy_stats={'ectN': 650, 'ectS': 22, 'ectV': 30, 'ectU': 18} with disabled detecting motions
Done 833/1088 | 1637629.641 | record time: 00:04

------------------------------------------------------------------------------------------
834/1088 | 1637630.258 | 1064_7 | row 816 | new: False | elapsed: 55:33
Noise stats for 1637630.258: out=0, rdr=0, mra=3, tp_pct=15.1 with enabled detecting motions

Noise stats for 1637630.258: out=0, rdr=0, mra=0, tp_pct=0.0 with disabled detecting motions
/home/kestutis/miniconda3/envs/ITP259/lib/python3.11/site-packages/sklearn/base.py:486: UserWarning: X has feature names, but StandardScaler was fitted without feature names
  warnings.warn(
ectopy_stats={'ectN': 652, 'ectS': 22, 'ectV': 9, 'ectU': 11} with disabled detecting motions
Done 834/1088 | 1637630.258 | record time: 00:04

------------------------------------------------------------------------------------------
835/1088 | 1637631.801 | 1064_1 | row 801 | new: False | elapsed: 55:37
Noise stats for 1637631.801: out=0, rdr=0, mra=0, tp_pct=0.0 with enabled detecting motions

Noise stats for 1637631.801: out=0, rdr=0, mra=0, tp_pct=0.0 with disabled detecting motions
/home/kestutis/miniconda3/envs/ITP259/lib/python3.11/site-packages/sklearn/base.py:486: UserWarning: X has feature names, but StandardScaler was fitted without feature names
  warnings.warn(
ectopy_stats={'ectN': 593, 'ectS': 27, 'ectV': 37, 'ectU': 11} with disabled detecting motions
Done 835/1088 | 1637631.801 | record time: 00:04

------------------------------------------------------------------------------------------
836/1088 | 1637658.889 | 1065_17 | row 828 | new: False | elapsed: 55:41
Noise stats for 1637658.889: out=0, rdr=0, mra=5, tp_pct=21.3 with enabled detecting motions

Noise stats for 1637658.889: out=0, rdr=0, mra=0, tp_pct=0.0 with disabled detecting motions
/home/kestutis/miniconda3/envs/ITP259/lib/python3.11/site-packages/sklearn/base.py:486: UserWarning: X has feature names, but StandardScaler was fitted without feature names
  warnings.warn(
ectopy_stats={'ectN': 800, 'ectS': 12, 'ectV': 0, 'ectU': 2} with disabled detecting motions
Done 836/1088 | 1637658.889 | record time: 00:04

------------------------------------------------------------------------------------------
837/1088 | 1637661.027 | 1062_1 | row 797 | new: False | elapsed: 55:46
Noise stats for 1637661.027: out=0, rdr=0, mra=0, tp_pct=0.0 with enabled detecting motions

Noise stats for 1637661.027: out=0, rdr=0, mra=0, tp_pct=0.0 with disabled detecting motions
/home/kestutis/miniconda3/envs/ITP259/lib/python3.11/site-packages/sklearn/base.py:486: UserWarning: X has feature names, but StandardScaler was fitted without feature names
  warnings.warn(
ectopy_stats={'ectN': 834, 'ectS': 0, 'ectV': 0, 'ectU': 2} with disabled detecting motions
Done 837/1088 | 1637661.027 | record time: 00:04

------------------------------------------------------------------------------------------
838/1088 | 1637671.583 | 1062_0 | row 796 | new: False | elapsed: 55:50
Noise stats for 1637671.583: out=0, rdr=0, mra=1, tp_pct=2.5 with enabled detecting motions

Noise stats for 1637671.583: out=0, rdr=0, mra=0, tp_pct=0.0 with disabled detecting motions
/home/kestutis/miniconda3/envs/ITP259/lib/python3.11/site-packages/sklearn/base.py:486: UserWarning: X has feature names, but StandardScaler was fitted without feature names
  warnings.warn(
ectopy_stats={'ectN': 817, 'ectS': 0, 'ectV': 2, 'ectU': 2} with disabled detecting motions
Done 838/1088 | 1637671.583 | record time: 00:04

------------------------------------------------------------------------------------------
839/1088 | 1638191.746 | 1067_6 | row 859 | new: False | elapsed: 55:54
Noise stats for 1638191.746: out=0, rdr=0, mra=0, tp_pct=0.0 with enabled detecting motions

Noise stats for 1638191.746: out=0, rdr=0, mra=0, tp_pct=0.0 with disabled detecting motions
/home/kestutis/miniconda3/envs/ITP259/lib/python3.11/site-packages/sklearn/base.py:486: UserWarning: X has feature names, but StandardScaler was fitted without feature names
  warnings.warn(
ectopy_stats={'ectN': 679, 'ectS': 3, 'ectV': 83, 'ectU': 2} with disabled detecting motions
Done 839/1088 | 1638191.746 | record time: 00:04

------------------------------------------------------------------------------------------
840/1088 | 1638192.366 | 1067_14 | row 849 | new: False | elapsed: 55:58
Noise stats for 1638192.366: out=0, rdr=0, mra=0, tp_pct=0.0 with enabled detecting motions

Noise stats for 1638192.366: out=0, rdr=0, mra=0, tp_pct=0.0 with disabled detecting motions
/home/kestutis/miniconda3/envs/ITP259/lib/python3.11/site-packages/sklearn/base.py:486: UserWarning: X has feature names, but StandardScaler was fitted without feature names
  warnings.warn(
ectopy_stats={'ectN': 728, 'ectS': 1, 'ectV': 38, 'ectU': 2} with disabled detecting motions
Done 840/1088 | 1638192.366 | record time: 00:04

------------------------------------------------------------------------------------------
841/1088 | 1638192.99 | 1067_16 | row 851 | new: False | elapsed: 56:02
Noise stats for 1638192.990: out=0, rdr=0, mra=0, tp_pct=0.0 with enabled detecting motions

Noise stats for 1638192.990: out=0, rdr=0, mra=0, tp_pct=0.0 with disabled detecting motions
/home/kestutis/miniconda3/envs/ITP259/lib/python3.11/site-packages/sklearn/base.py:486: UserWarning: X has feature names, but StandardScaler was fitted without feature names
  warnings.warn(
ectopy_stats={'ectN': 738, 'ectS': 1, 'ectV': 20, 'ectU': 2} with disabled detecting motions
Done 841/1088 | 1638192.99 | record time: 00:04

------------------------------------------------------------------------------------------
842/1088 | 1638193.61 | 1067_19 | row 854 | new: False | elapsed: 56:07
Noise stats for 1638193.610: out=0, rdr=0, mra=0, tp_pct=0.0 with enabled detecting motions

Noise stats for 1638193.610: out=0, rdr=0, mra=0, tp_pct=0.0 with disabled detecting motions
/home/kestutis/miniconda3/envs/ITP259/lib/python3.11/site-packages/sklearn/base.py:486: UserWarning: X has feature names, but StandardScaler was fitted without feature names
  warnings.warn(
ectopy_stats={'ectN': 736, 'ectS': 0, 'ectV': 14, 'ectU': 2} with disabled detecting motions
Done 842/1088 | 1638193.61 | record time: 00:04

------------------------------------------------------------------------------------------
843/1088 | 1638194.23 | 1067_17 | row 852 | new: False | elapsed: 56:11
Noise stats for 1638194.230: out=0, rdr=0, mra=0, tp_pct=0.0 with enabled detecting motions

Noise stats for 1638194.230: out=0, rdr=0, mra=0, tp_pct=0.0 with disabled detecting motions
/home/kestutis/miniconda3/envs/ITP259/lib/python3.11/site-packages/sklearn/base.py:486: UserWarning: X has feature names, but StandardScaler was fitted without feature names
  warnings.warn(
ectopy_stats={'ectN': 723, 'ectS': 1, 'ectV': 23, 'ectU': 2} with disabled detecting motions
Done 843/1088 | 1638194.23 | record time: 00:04

------------------------------------------------------------------------------------------
844/1088 | 1638194.85 | 1067_13 | row 848 | new: False | elapsed: 56:15
Noise stats for 1638194.850: out=0, rdr=0, mra=0, tp_pct=0.0 with enabled detecting motions

Noise stats for 1638194.850: out=0, rdr=0, mra=0, tp_pct=0.0 with disabled detecting motions
/home/kestutis/miniconda3/envs/ITP259/lib/python3.11/site-packages/sklearn/base.py:486: UserWarning: X has feature names, but StandardScaler was fitted without feature names
  warnings.warn(
ectopy_stats={'ectN': 767, 'ectS': 0, 'ectV': 46, 'ectU': 3} with disabled detecting motions
Done 844/1088 | 1638194.85 | record time: 00:04

------------------------------------------------------------------------------------------
845/1088 | 1638195.47 | 1067_4 | row 857 | new: False | elapsed: 56:19
Noise stats for 1638195.470: out=0, rdr=0, mra=0, tp_pct=0.0 with enabled detecting motions

Noise stats for 1638195.470: out=0, rdr=0, mra=0, tp_pct=0.0 with disabled detecting motions
/home/kestutis/miniconda3/envs/ITP259/lib/python3.11/site-packages/sklearn/base.py:486: UserWarning: X has feature names, but StandardScaler was fitted without feature names
  warnings.warn(
ectopy_stats={'ectN': 613, 'ectS': 3, 'ectV': 108, 'ectU': 3} with disabled detecting motions
Done 845/1088 | 1638195.47 | record time: 00:04

------------------------------------------------------------------------------------------
846/1088 | 1638196.09 | 1067_12 | row 847 | new: False | elapsed: 56:23
Noise stats for 1638196.090: out=0, rdr=0, mra=1, tp_pct=2.4 with enabled detecting motions

Noise stats for 1638196.090: out=0, rdr=0, mra=0, tp_pct=0.0 with disabled detecting motions
/home/kestutis/miniconda3/envs/ITP259/lib/python3.11/site-packages/sklearn/base.py:486: UserWarning: X has feature names, but StandardScaler was fitted without feature names
  warnings.warn(
ectopy_stats={'ectN': 694, 'ectS': 1, 'ectV': 52, 'ectU': 2} with disabled detecting motions
Done 846/1088 | 1638196.09 | record time: 00:04

------------------------------------------------------------------------------------------
847/1088 | 1638196.711 | 1067_9 | row 862 | new: False | elapsed: 56:27
Noise stats for 1638196.711: out=0, rdr=0, mra=0, tp_pct=0.0 with enabled detecting motions

Noise stats for 1638196.711: out=0, rdr=0, mra=0, tp_pct=0.0 with disabled detecting motions
/home/kestutis/miniconda3/envs/ITP259/lib/python3.11/site-packages/sklearn/base.py:486: UserWarning: X has feature names, but StandardScaler was fitted without feature names
  warnings.warn(
ectopy_stats={'ectN': 639, 'ectS': 2, 'ectV': 70, 'ectU': 2} with disabled detecting motions
Done 847/1088 | 1638196.711 | record time: 00:04

------------------------------------------------------------------------------------------
848/1088 | 1638197.335 | 1067_10 | row 845 | new: False | elapsed: 56:31
Noise stats for 1638197.335: out=0, rdr=0, mra=0, tp_pct=0.0 with enabled detecting motions

Noise stats for 1638197.335: out=0, rdr=0, mra=0, tp_pct=0.0 with disabled detecting motions
/home/kestutis/miniconda3/envs/ITP259/lib/python3.11/site-packages/sklearn/base.py:486: UserWarning: X has feature names, but StandardScaler was fitted without feature names
  warnings.warn(
ectopy_stats={'ectN': 698, 'ectS': 1, 'ectV': 54, 'ectU': 2} with disabled detecting motions
Done 848/1088 | 1638197.335 | record time: 00:04

------------------------------------------------------------------------------------------
849/1088 | 1638197.955 | 1067_2 | row 855 | new: False | elapsed: 56:35
Noise stats for 1638197.955: out=0, rdr=0, mra=0, tp_pct=0.0 with enabled detecting motions

Noise stats for 1638197.955: out=0, rdr=0, mra=0, tp_pct=0.0 with disabled detecting motions
/home/kestutis/miniconda3/envs/ITP259/lib/python3.11/site-packages/sklearn/base.py:486: UserWarning: X has feature names, but StandardScaler was fitted without feature names
  warnings.warn(
ectopy_stats={'ectN': 682, 'ectS': 0, 'ectV': 123, 'ectU': 2} with disabled detecting motions
Done 849/1088 | 1638197.955 | record time: 00:04

------------------------------------------------------------------------------------------
850/1088 | 1638198.575 | 1067_1 | row 844 | new: False | elapsed: 56:39
Noise stats for 1638198.575: out=0, rdr=0, mra=0, tp_pct=0.0 with enabled detecting motions

Noise stats for 1638198.575: out=0, rdr=0, mra=0, tp_pct=0.0 with disabled detecting motions
/home/kestutis/miniconda3/envs/ITP259/lib/python3.11/site-packages/sklearn/base.py:486: UserWarning: X has feature names, but StandardScaler was fitted without feature names
  warnings.warn(
ectopy_stats={'ectN': 704, 'ectS': 0, 'ectV': 146, 'ectU': 2} with disabled detecting motions
Done 850/1088 | 1638198.575 | record time: 00:04

------------------------------------------------------------------------------------------
851/1088 | 1638199.199 | 1067_5 | row 858 | new: False | elapsed: 56:44
Noise stats for 1638199.199: out=0, rdr=0, mra=0, tp_pct=0.0 with enabled detecting motions

Noise stats for 1638199.199: out=0, rdr=0, mra=0, tp_pct=0.0 with disabled detecting motions
/home/kestutis/miniconda3/envs/ITP259/lib/python3.11/site-packages/sklearn/base.py:486: UserWarning: X has feature names, but StandardScaler was fitted without feature names
  warnings.warn(
ectopy_stats={'ectN': 711, 'ectS': 0, 'ectV': 106, 'ectU': 2} with disabled detecting motions
Done 851/1088 | 1638199.199 | record time: 00:04

------------------------------------------------------------------------------------------
852/1088 | 1638199.819 | 1067_7 | row 860 | new: False | elapsed: 56:48
Noise stats for 1638199.819: out=0, rdr=0, mra=0, tp_pct=0.0 with enabled detecting motions

Noise stats for 1638199.819: out=0, rdr=0, mra=0, tp_pct=0.0 with disabled detecting motions
/home/kestutis/miniconda3/envs/ITP259/lib/python3.11/site-packages/sklearn/base.py:486: UserWarning: X has feature names, but StandardScaler was fitted without feature names
  warnings.warn(
ectopy_stats={'ectN': 725, 'ectS': 0, 'ectV': 70, 'ectU': 2} with disabled detecting motions
Done 852/1088 | 1638199.819 | record time: 00:04

------------------------------------------------------------------------------------------
853/1088 | 1638200.442 | 1067_3 | row 856 | new: False | elapsed: 56:52
Noise stats for 1638200.442: out=0, rdr=0, mra=0, tp_pct=0.0 with enabled detecting motions

Noise stats for 1638200.442: out=0, rdr=0, mra=0, tp_pct=0.0 with disabled detecting motions
/home/kestutis/miniconda3/envs/ITP259/lib/python3.11/site-packages/sklearn/base.py:486: UserWarning: X has feature names, but StandardScaler was fitted without feature names
  warnings.warn(
ectopy_stats={'ectN': 735, 'ectS': 1, 'ectV': 122, 'ectU': 2} with disabled detecting motions
Done 853/1088 | 1638200.442 | record time: 00:04

------------------------------------------------------------------------------------------
854/1088 | 1638201.062 | 1067_0 | row 843 | new: False | elapsed: 56:57
Noise stats for 1638201.062: out=0, rdr=0, mra=1, tp_pct=1.4 with enabled detecting motions

Noise stats for 1638201.062: out=0, rdr=0, mra=0, tp_pct=0.0 with disabled detecting motions
/home/kestutis/miniconda3/envs/ITP259/lib/python3.11/site-packages/sklearn/base.py:486: UserWarning: X has feature names, but StandardScaler was fitted without feature names
  warnings.warn(
ectopy_stats={'ectN': 797, 'ectS': 0, 'ectV': 197, 'ectU': 2} with disabled detecting motions
Done 854/1088 | 1638201.062 | record time: 00:05

------------------------------------------------------------------------------------------
855/1088 | 1638202.921 | 1067_11 | row 846 | new: False | elapsed: 57:01
Noise stats for 1638202.921: out=0, rdr=0, mra=0, tp_pct=0.0 with enabled detecting motions

Noise stats for 1638202.921: out=0, rdr=0, mra=0, tp_pct=0.0 with disabled detecting motions
/home/kestutis/miniconda3/envs/ITP259/lib/python3.11/site-packages/sklearn/base.py:486: UserWarning: X has feature names, but StandardScaler was fitted without feature names
  warnings.warn(
ectopy_stats={'ectN': 706, 'ectS': 0, 'ectV': 52, 'ectU': 2} with disabled detecting motions
Done 855/1088 | 1638202.921 | record time: 00:04

------------------------------------------------------------------------------------------
856/1088 | 1638203.541 | 1067_18 | row 853 | new: False | elapsed: 57:05
Noise stats for 1638203.541: out=0, rdr=0, mra=0, tp_pct=0.0 with enabled detecting motions

Noise stats for 1638203.541: out=0, rdr=0, mra=0, tp_pct=0.0 with disabled detecting motions
/home/kestutis/miniconda3/envs/ITP259/lib/python3.11/site-packages/sklearn/base.py:486: UserWarning: X has feature names, but StandardScaler was fitted without feature names
  warnings.warn(
ectopy_stats={'ectN': 726, 'ectS': 1, 'ectV': 16, 'ectU': 2} with disabled detecting motions
Done 856/1088 | 1638203.541 | record time: 00:04

------------------------------------------------------------------------------------------
857/1088 | 1638204.161 | 1067_15 | row 850 | new: False | elapsed: 57:10
Noise stats for 1638204.161: out=0, rdr=0, mra=0, tp_pct=0.0 with enabled detecting motions

Noise stats for 1638204.161: out=0, rdr=0, mra=0, tp_pct=0.0 with disabled detecting motions
/home/kestutis/miniconda3/envs/ITP259/lib/python3.11/site-packages/sklearn/base.py:486: UserWarning: X has feature names, but StandardScaler was fitted without feature names
  warnings.warn(
ectopy_stats={'ectN': 700, 'ectS': 2, 'ectV': 24, 'ectU': 2} with disabled detecting motions
Done 857/1088 | 1638204.161 | record time: 00:04

------------------------------------------------------------------------------------------
858/1088 | 1638204.781 | 1067_8 | row 861 | new: False | elapsed: 57:14
Noise stats for 1638204.781: out=0, rdr=0, mra=0, tp_pct=0.0 with enabled detecting motions

Noise stats for 1638204.781: out=0, rdr=0, mra=0, tp_pct=0.0 with disabled detecting motions
/home/kestutis/miniconda3/envs/ITP259/lib/python3.11/site-packages/sklearn/base.py:486: UserWarning: X has feature names, but StandardScaler was fitted without feature names
  warnings.warn(
ectopy_stats={'ectN': 717, 'ectS': 0, 'ectV': 65, 'ectU': 2} with disabled detecting motions
Done 858/1088 | 1638204.781 | record time: 00:04

------------------------------------------------------------------------------------------
859/1088 | 1638218.882 | 1068_1 | row 864 | new: False | elapsed: 57:18
Noise stats for 1638218.882: out=0, rdr=0, mra=0, tp_pct=0.0 with enabled detecting motions

Noise stats for 1638218.882: out=0, rdr=0, mra=0, tp_pct=0.0 with disabled detecting motions
/home/kestutis/miniconda3/envs/ITP259/lib/python3.11/site-packages/sklearn/base.py:486: UserWarning: X has feature names, but StandardScaler was fitted without feature names
  warnings.warn(
ectopy_stats={'ectN': 664, 'ectS': 1, 'ectV': 1, 'ectU': 2} with disabled detecting motions
Done 859/1088 | 1638218.882 | record time: 00:04

------------------------------------------------------------------------------------------
860/1088 | 1638220.136 | 1068_0 | row 863 | new: False | elapsed: 57:22
Noise stats for 1638220.136: out=1, rdr=0, mra=0, tp_pct=1.8 with enabled detecting motions

Noise stats for 1638220.136: out=1, rdr=0, mra=0, tp_pct=1.8 with disabled detecting motions
/home/kestutis/miniconda3/envs/ITP259/lib/python3.11/site-packages/sklearn/base.py:486: UserWarning: X has feature names, but StandardScaler was fitted without feature names
  warnings.warn(
ectopy_stats={'ectN': 684, 'ectS': 0, 'ectV': 0, 'ectU': 2} with disabled detecting motions
Done 860/1088 | 1638220.136 | record time: 00:04

------------------------------------------------------------------------------------------
861/1088 | 1638220.763 | 1068_2 | row 865 | new: False | elapsed: 57:26
Noise stats for 1638220.763: out=0, rdr=0, mra=0, tp_pct=0.0 with enabled detecting motions

Noise stats for 1638220.763: out=0, rdr=0, mra=0, tp_pct=0.0 with disabled detecting motions
/home/kestutis/miniconda3/envs/ITP259/lib/python3.11/site-packages/sklearn/base.py:486: UserWarning: X has feature names, but StandardScaler was fitted without feature names
  warnings.warn(
ectopy_stats={'ectN': 731, 'ectS': 0, 'ectV': 0, 'ectU': 2} with disabled detecting motions
Done 861/1088 | 1638220.763 | record time: 00:04

------------------------------------------------------------------------------------------
862/1088 | 1638793.707 | 1071_3 | row 910 | new: False | elapsed: 57:30
Noise stats for 1638793.707: out=1, rdr=0, mra=0, tp_pct=0.7 with enabled detecting motions

Noise stats for 1638793.707: out=1, rdr=0, mra=0, tp_pct=0.7 with disabled detecting motions
/home/kestutis/miniconda3/envs/ITP259/lib/python3.11/site-packages/sklearn/base.py:486: UserWarning: X has feature names, but StandardScaler was fitted without feature names
  warnings.warn(
ectopy_stats={'ectN': 657, 'ectS': 0, 'ectV': 20, 'ectU': 3} with disabled detecting motions
Done 862/1088 | 1638793.707 | record time: 00:04

------------------------------------------------------------------------------------------
863/1088 | 1638794.33 | 1071_20 | row 905 | new: False | elapsed: 57:34
Noise stats for 1638794.330: out=2, rdr=0, mra=2, tp_pct=7.0 with enabled detecting motions

Noise stats for 1638794.330: out=2, rdr=0, mra=0, tp_pct=4.6 with disabled detecting motions
/home/kestutis/miniconda3/envs/ITP259/lib/python3.11/site-packages/sklearn/base.py:486: UserWarning: X has feature names, but StandardScaler was fitted without feature names
  warnings.warn(
ectopy_stats={'ectN': 702, 'ectS': 2, 'ectV': 8, 'ectU': 4} with disabled detecting motions
Done 863/1088 | 1638794.33 | record time: 00:04

------------------------------------------------------------------------------------------
864/1088 | 1638794.951 | 1071_12 | row 896 | new: False | elapsed: 57:38
Noise stats for 1638794.951: out=1, rdr=0, mra=1, tp_pct=4.5 with enabled detecting motions

Noise stats for 1638794.951: out=1, rdr=0, mra=0, tp_pct=2.1 with disabled detecting motions
/home/kestutis/miniconda3/envs/ITP259/lib/python3.11/site-packages/sklearn/base.py:486: UserWarning: X has feature names, but StandardScaler was fitted without feature names
  warnings.warn(
ectopy_stats={'ectN': 754, 'ectS': 1, 'ectV': 15, 'ectU': 6} with disabled detecting motions
Done 864/1088 | 1638794.951 | record time: 00:04

------------------------------------------------------------------------------------------
865/1088 | 1638795.571 | 1071_10 | row 894 | new: False | elapsed: 57:42
Noise stats for 1638795.571: out=2, rdr=0, mra=0, tp_pct=4.5 with enabled detecting motions

Noise stats for 1638795.571: out=2, rdr=0, mra=0, tp_pct=4.5 with disabled detecting motions
/home/kestutis/miniconda3/envs/ITP259/lib/python3.11/site-packages/sklearn/base.py:486: UserWarning: X has feature names, but StandardScaler was fitted without feature names
  warnings.warn(
ectopy_stats={'ectN': 739, 'ectS': 2, 'ectV': 15, 'ectU': 5} with disabled detecting motions
Done 865/1088 | 1638795.571 | record time: 00:04

------------------------------------------------------------------------------------------
866/1088 | 1638796.192 | 1071_8 | row 915 | new: False | elapsed: 57:46
Noise stats for 1638796.192: out=5, rdr=0, mra=0, tp_pct=15.6 with enabled detecting motions

Noise stats for 1638796.192: out=5, rdr=0, mra=0, tp_pct=15.6 with disabled detecting motions
/home/kestutis/miniconda3/envs/ITP259/lib/python3.11/site-packages/sklearn/base.py:486: UserWarning: X has feature names, but StandardScaler was fitted without feature names
  warnings.warn(
ectopy_stats={'ectN': 602, 'ectS': 5, 'ectV': 28, 'ectU': 14} with disabled detecting motions
Done 866/1088 | 1638796.192 | record time: 00:03

------------------------------------------------------------------------------------------
867/1088 | 1638796.812 | 1071_1 | row 893 | new: False | elapsed: 57:49
Noise stats for 1638796.812: out=1, rdr=0, mra=1, tp_pct=5.0 with enabled detecting motions

Noise stats for 1638796.812: out=1, rdr=0, mra=0, tp_pct=2.1 with disabled detecting motions
/home/kestutis/miniconda3/envs/ITP259/lib/python3.11/site-packages/sklearn/base.py:486: UserWarning: X has feature names, but StandardScaler was fitted without feature names
  warnings.warn(
ectopy_stats={'ectN': 674, 'ectS': 1, 'ectV': 25, 'ectU': 8} with disabled detecting motions
Done 867/1088 | 1638796.812 | record time: 00:04

------------------------------------------------------------------------------------------
868/1088 | 1638797.432 | 1071_11 | row 895 | new: False | elapsed: 57:53
Noise stats for 1638797.432: out=0, rdr=0, mra=3, tp_pct=7.0 with enabled detecting motions

Noise stats for 1638797.432: out=0, rdr=0, mra=0, tp_pct=0.0 with disabled detecting motions
/home/kestutis/miniconda3/envs/ITP259/lib/python3.11/site-packages/sklearn/base.py:486: UserWarning: X has feature names, but StandardScaler was fitted without feature names
  warnings.warn(
ectopy_stats={'ectN': 721, 'ectS': 1, 'ectV': 17, 'ectU': 2} with disabled detecting motions
Done 868/1088 | 1638797.432 | record time: 00:04

------------------------------------------------------------------------------------------
869/1088 | 1638798.056 | 1071_7 | row 914 | new: False | elapsed: 57:57
Noise stats for 1638798.056: out=0, rdr=0, mra=0, tp_pct=0.0 with enabled detecting motions

Noise stats for 1638798.056: out=0, rdr=0, mra=0, tp_pct=0.0 with disabled detecting motions
/home/kestutis/miniconda3/envs/ITP259/lib/python3.11/site-packages/sklearn/base.py:486: UserWarning: X has feature names, but StandardScaler was fitted without feature names
  warnings.warn(
ectopy_stats={'ectN': 725, 'ectS': 1, 'ectV': 15, 'ectU': 6} with disabled detecting motions
Done 869/1088 | 1638798.056 | record time: 00:04

------------------------------------------------------------------------------------------
870/1088 | 1638798.676 | 1071_9 | row 916 | new: False | elapsed: 58:01
Noise stats for 1638798.676: out=0, rdr=0, mra=4, tp_pct=17.5 with enabled detecting motions

Noise stats for 1638798.676: out=0, rdr=0, mra=0, tp_pct=0.0 with disabled detecting motions
/home/kestutis/miniconda3/envs/ITP259/lib/python3.11/site-packages/sklearn/base.py:486: UserWarning: X has feature names, but StandardScaler was fitted without feature names
  warnings.warn(
ectopy_stats={'ectN': 690, 'ectS': 0, 'ectV': 14, 'ectU': 5} with disabled detecting motions
Done 870/1088 | 1638798.676 | record time: 00:04

------------------------------------------------------------------------------------------
871/1088 | 1638799.296 | 1071_17 | row 901 | new: False | elapsed: 58:05
Noise stats for 1638799.296: out=0, rdr=0, mra=0, tp_pct=0.0 with enabled detecting motions

Noise stats for 1638799.296: out=0, rdr=0, mra=0, tp_pct=0.0 with disabled detecting motions
/home/kestutis/miniconda3/envs/ITP259/lib/python3.11/site-packages/sklearn/base.py:486: UserWarning: X has feature names, but StandardScaler was fitted without feature names
  warnings.warn(
ectopy_stats={'ectN': 771, 'ectS': 6, 'ectV': 25, 'ectU': 26} with disabled detecting motions
Done 871/1088 | 1638799.296 | record time: 00:04

------------------------------------------------------------------------------------------
872/1088 | 1638799.92 | 1071_4 | row 911 | new: False | elapsed: 58:09
Noise stats for 1638799.920: out=0, rdr=0, mra=0, tp_pct=0.0 with enabled detecting motions

Noise stats for 1638799.920: out=0, rdr=0, mra=0, tp_pct=0.0 with disabled detecting motions
/home/kestutis/miniconda3/envs/ITP259/lib/python3.11/site-packages/sklearn/base.py:486: UserWarning: X has feature names, but StandardScaler was fitted without feature names
  warnings.warn(
ectopy_stats={'ectN': 765, 'ectS': 1, 'ectV': 13, 'ectU': 8} with disabled detecting motions
Done 872/1088 | 1638799.92 | record time: 00:04

------------------------------------------------------------------------------------------
873/1088 | 1638800.54 | 1071_0 | row 892 | new: False | elapsed: 58:14
Noise stats for 1638800.540: out=0, rdr=0, mra=1, tp_pct=2.3 with enabled detecting motions

Noise stats for 1638800.540: out=0, rdr=0, mra=0, tp_pct=0.0 with disabled detecting motions
/home/kestutis/miniconda3/envs/ITP259/lib/python3.11/site-packages/sklearn/base.py:486: UserWarning: X has feature names, but StandardScaler was fitted without feature names
  warnings.warn(
ectopy_stats={'ectN': 707, 'ectS': 0, 'ectV': 15, 'ectU': 5} with disabled detecting motions
Done 873/1088 | 1638800.54 | record time: 00:04

------------------------------------------------------------------------------------------
874/1088 | 1638801.16 | 1071_6 | row 913 | new: False | elapsed: 58:18
Noise stats for 1638801.160: out=2, rdr=0, mra=0, tp_pct=3.5 with enabled detecting motions

Noise stats for 1638801.160: out=2, rdr=0, mra=0, tp_pct=3.5 with disabled detecting motions
/home/kestutis/miniconda3/envs/ITP259/lib/python3.11/site-packages/sklearn/base.py:486: UserWarning: X has feature names, but StandardScaler was fitted without feature names
  warnings.warn(
ectopy_stats={'ectN': 694, 'ectS': 0, 'ectV': 15, 'ectU': 11} with disabled detecting motions
Done 874/1088 | 1638801.16 | record time: 00:04

------------------------------------------------------------------------------------------
875/1088 | 1638801.784 | 1071_16 | row 900 | new: False | elapsed: 58:22
Noise stats for 1638801.784: out=5, rdr=0, mra=0, tp_pct=12.7 with enabled detecting motions

Noise stats for 1638801.784: out=5, rdr=0, mra=0, tp_pct=12.7 with disabled detecting motions
/home/kestutis/miniconda3/envs/ITP259/lib/python3.11/site-packages/sklearn/base.py:486: UserWarning: X has feature names, but StandardScaler was fitted without feature names
  warnings.warn(
ectopy_stats={'ectN': 656, 'ectS': 1, 'ectV': 21, 'ectU': 13} with disabled detecting motions
Done 875/1088 | 1638801.784 | record time: 00:04

------------------------------------------------------------------------------------------
876/1088 | 1638802.404 | 1071_13 | row 897 | new: False | elapsed: 58:25
Noise stats for 1638802.404: out=1, rdr=0, mra=0, tp_pct=0.7 with enabled detecting motions

Noise stats for 1638802.404: out=1, rdr=0, mra=0, tp_pct=0.7 with disabled detecting motions
/home/kestutis/miniconda3/envs/ITP259/lib/python3.11/site-packages/sklearn/base.py:486: UserWarning: X has feature names, but StandardScaler was fitted without feature names
  warnings.warn(
ectopy_stats={'ectN': 778, 'ectS': 2, 'ectV': 20, 'ectU': 12} with disabled detecting motions
Done 876/1088 | 1638802.404 | record time: 00:04

------------------------------------------------------------------------------------------
877/1088 | 1638803.024 | 1071_14 | row 898 | new: False | elapsed: 58:30
Noise stats for 1638803.024: out=0, rdr=0, mra=1, tp_pct=2.5 with enabled detecting motions

Noise stats for 1638803.024: out=0, rdr=0, mra=0, tp_pct=0.0 with disabled detecting motions
/home/kestutis/miniconda3/envs/ITP259/lib/python3.11/site-packages/sklearn/base.py:486: UserWarning: X has feature names, but StandardScaler was fitted without feature names
  warnings.warn(
ectopy_stats={'ectN': 717, 'ectS': 5, 'ectV': 13, 'ectU': 12} with disabled detecting motions
Done 877/1088 | 1638803.024 | record time: 00:04

------------------------------------------------------------------------------------------
878/1088 | 1638803.644 | 1071_2 | row 904 | new: False | elapsed: 58:34
Noise stats for 1638803.644: out=0, rdr=0, mra=0, tp_pct=0.0 with enabled detecting motions

Noise stats for 1638803.644: out=0, rdr=0, mra=0, tp_pct=0.0 with disabled detecting motions
/home/kestutis/miniconda3/envs/ITP259/lib/python3.11/site-packages/sklearn/base.py:486: UserWarning: X has feature names, but StandardScaler was fitted without feature names
  warnings.warn(
ectopy_stats={'ectN': 690, 'ectS': 0, 'ectV': 26, 'ectU': 10} with disabled detecting motions
Done 878/1088 | 1638803.644 | record time: 00:04

------------------------------------------------------------------------------------------
879/1088 | 1638804.264 | 1071_5 | row 912 | new: False | elapsed: 58:38
Noise stats for 1638804.264: out=1, rdr=0, mra=0, tp_pct=2.2 with enabled detecting motions

Noise stats for 1638804.264: out=1, rdr=0, mra=0, tp_pct=2.2 with disabled detecting motions
/home/kestutis/miniconda3/envs/ITP259/lib/python3.11/site-packages/sklearn/base.py:486: UserWarning: X has feature names, but StandardScaler was fitted without feature names
  warnings.warn(
ectopy_stats={'ectN': 660, 'ectS': 1, 'ectV': 21, 'ectU': 7} with disabled detecting motions
Done 879/1088 | 1638804.264 | record time: 00:04

------------------------------------------------------------------------------------------
880/1088 | 1638804.885 | 1071_15 | row 899 | new: False | elapsed: 58:42
Noise stats for 1638804.885: out=1, rdr=0, mra=1, tp_pct=5.0 with enabled detecting motions

Noise stats for 1638804.885: out=1, rdr=0, mra=0, tp_pct=1.6 with disabled detecting motions
/home/kestutis/miniconda3/envs/ITP259/lib/python3.11/site-packages/sklearn/base.py:486: UserWarning: X has feature names, but StandardScaler was fitted without feature names
  warnings.warn(
ectopy_stats={'ectN': 676, 'ectS': 0, 'ectV': 14, 'ectU': 6} with disabled detecting motions
Done 880/1088 | 1638804.885 | record time: 00:04

------------------------------------------------------------------------------------------
881/1088 | 1638805.509 | 1071_18 | row 902 | new: False | elapsed: 58:45
Noise stats for 1638805.509: out=0, rdr=0, mra=0, tp_pct=0.0 with enabled detecting motions

Noise stats for 1638805.509: out=0, rdr=0, mra=0, tp_pct=0.0 with disabled detecting motions
/home/kestutis/miniconda3/envs/ITP259/lib/python3.11/site-packages/sklearn/base.py:486: UserWarning: X has feature names, but StandardScaler was fitted without feature names
  warnings.warn(
ectopy_stats={'ectN': 670, 'ectS': 1, 'ectV': 9, 'ectU': 3} with disabled detecting motions
Done 881/1088 | 1638805.509 | record time: 00:04

------------------------------------------------------------------------------------------
882/1088 | 1638805.76 | 1070_5 | row 887 | new: False | elapsed: 58:49
Noise stats for 1638805.760: out=0, rdr=0, mra=0, tp_pct=0.0 with enabled detecting motions

Noise stats for 1638805.760: out=0, rdr=0, mra=0, tp_pct=0.0 with disabled detecting motions
/home/kestutis/miniconda3/envs/ITP259/lib/python3.11/site-packages/sklearn/base.py:486: UserWarning: X has feature names, but StandardScaler was fitted without feature names
  warnings.warn(
ectopy_stats={'ectN': 564, 'ectS': 0, 'ectV': 2, 'ectU': 4} with disabled detecting motions
Done 882/1088 | 1638805.76 | record time: 00:04

------------------------------------------------------------------------------------------
883/1088 | 1638806.132 | 1071_23 | row 908 | new: False | elapsed: 58:53
Noise stats for 1638806.132: out=1, rdr=0, mra=0, tp_pct=1.9 with enabled detecting motions

Noise stats for 1638806.132: out=1, rdr=0, mra=0, tp_pct=1.9 with disabled detecting motions
/home/kestutis/miniconda3/envs/ITP259/lib/python3.11/site-packages/sklearn/base.py:486: UserWarning: X has feature names, but StandardScaler was fitted without feature names
  warnings.warn(
ectopy_stats={'ectN': 727, 'ectS': 0, 'ectV': 9, 'ectU': 9} with disabled detecting motions
Done 883/1088 | 1638806.132 | record time: 00:04

------------------------------------------------------------------------------------------
884/1088 | 1638806.392 | 1070_12 | row 876 | new: False | elapsed: 58:57
Noise stats for 1638806.392: out=0, rdr=0, mra=1, tp_pct=1.4 with enabled detecting motions

Noise stats for 1638806.392: out=0, rdr=0, mra=0, tp_pct=0.0 with disabled detecting motions
/home/kestutis/miniconda3/envs/ITP259/lib/python3.11/site-packages/sklearn/base.py:486: UserWarning: X has feature names, but StandardScaler was fitted without feature names
  warnings.warn(
ectopy_stats={'ectN': 574, 'ectS': 0, 'ectV': 1, 'ectU': 2} with disabled detecting motions
Done 884/1088 | 1638806.392 | record time: 00:04

------------------------------------------------------------------------------------------
885/1088 | 1638807.019 | 1070_16 | row 880 | new: False | elapsed: 59:01
Noise stats for 1638807.019: out=0, rdr=0, mra=0, tp_pct=0.0 with enabled detecting motions

Noise stats for 1638807.019: out=0, rdr=0, mra=0, tp_pct=0.0 with disabled detecting motions
/home/kestutis/miniconda3/envs/ITP259/lib/python3.11/site-packages/sklearn/base.py:486: UserWarning: X has feature names, but StandardScaler was fitted without feature names
  warnings.warn(
ectopy_stats={'ectN': 567, 'ectS': 0, 'ectV': 1, 'ectU': 2} with disabled detecting motions
Done 885/1088 | 1638807.019 | record time: 00:04

------------------------------------------------------------------------------------------
886/1088 | 1638807.647 | 1070_3 | row 885 | new: False | elapsed: 59:04
Noise stats for 1638807.647: out=0, rdr=0, mra=0, tp_pct=0.0 with enabled detecting motions

Noise stats for 1638807.647: out=0, rdr=0, mra=0, tp_pct=0.0 with disabled detecting motions
/home/kestutis/miniconda3/envs/ITP259/lib/python3.11/site-packages/sklearn/base.py:486: UserWarning: X has feature names, but StandardScaler was fitted without feature names
  warnings.warn(
ectopy_stats={'ectN': 541, 'ectS': 0, 'ectV': 1, 'ectU': 5} with disabled detecting motions
Done 886/1088 | 1638807.647 | record time: 00:04

------------------------------------------------------------------------------------------
887/1088 | 1638808.275 | 1070_11 | row 875 | new: False | elapsed: 59:08
Noise stats for 1638808.275: out=0, rdr=0, mra=0, tp_pct=0.0 with enabled detecting motions

Noise stats for 1638808.275: out=0, rdr=0, mra=0, tp_pct=0.0 with disabled detecting motions
/home/kestutis/miniconda3/envs/ITP259/lib/python3.11/site-packages/sklearn/base.py:486: UserWarning: X has feature names, but StandardScaler was fitted without feature names
  warnings.warn(
ectopy_stats={'ectN': 534, 'ectS': 1, 'ectV': 0, 'ectU': 3} with disabled detecting motions
Done 887/1088 | 1638808.275 | record time: 00:04

------------------------------------------------------------------------------------------
888/1088 | 1638808.902 | 1070_15 | row 879 | new: False | elapsed: 59:12
Noise stats for 1638808.902: out=0, rdr=0, mra=0, tp_pct=0.0 with enabled detecting motions

Noise stats for 1638808.902: out=0, rdr=0, mra=0, tp_pct=0.0 with disabled detecting motions
/home/kestutis/miniconda3/envs/ITP259/lib/python3.11/site-packages/sklearn/base.py:486: UserWarning: X has feature names, but StandardScaler was fitted without feature names
  warnings.warn(
ectopy_stats={'ectN': 553, 'ectS': 0, 'ectV': 2, 'ectU': 2} with disabled detecting motions
Done 888/1088 | 1638808.902 | record time: 00:04

------------------------------------------------------------------------------------------
889/1088 | 1638810.784 | 1070_19 | row 883 | new: False | elapsed: 59:15
Noise stats for 1638810.784: out=0, rdr=0, mra=2, tp_pct=41.7 with enabled detecting motions

Noise stats for 1638810.784: out=0, rdr=0, mra=0, tp_pct=0.0 with disabled detecting motions
/home/kestutis/miniconda3/envs/ITP259/lib/python3.11/site-packages/sklearn/base.py:486: UserWarning: X has feature names, but StandardScaler was fitted without feature names
  warnings.warn(
ectopy_stats={'ectN': 714, 'ectS': 0, 'ectV': 0, 'ectU': 2} with disabled detecting motions
Done 889/1088 | 1638810.784 | record time: 00:04

------------------------------------------------------------------------------------------
890/1088 | 1638811.413 | 1070_7 | row 889 | new: False | elapsed: 59:19
Noise stats for 1638811.413: out=0, rdr=0, mra=3, tp_pct=70.8 with enabled detecting motions

Noise stats for 1638811.413: out=0, rdr=0, mra=0, tp_pct=0.0 with disabled detecting motions
/home/kestutis/miniconda3/envs/ITP259/lib/python3.11/site-packages/sklearn/base.py:486: UserWarning: X has feature names, but StandardScaler was fitted without feature names
  warnings.warn(
ectopy_stats={'ectN': 642, 'ectS': 1, 'ectV': 3, 'ectU': 2} with disabled detecting motions
Done 890/1088 | 1638811.413 | record time: 00:04

------------------------------------------------------------------------------------------
891/1088 | 1638812.04 | 1070_6 | row 888 | new: False | elapsed: 59:23
Noise stats for 1638812.040: out=0, rdr=0, mra=0, tp_pct=0.0 with enabled detecting motions

Noise stats for 1638812.040: out=0, rdr=0, mra=0, tp_pct=0.0 with disabled detecting motions
/home/kestutis/miniconda3/envs/ITP259/lib/python3.11/site-packages/sklearn/base.py:486: UserWarning: X has feature names, but StandardScaler was fitted without feature names
  warnings.warn(
ectopy_stats={'ectN': 540, 'ectS': 2, 'ectV': 0, 'ectU': 2} with disabled detecting motions
Done 891/1088 | 1638812.04 | record time: 00:04

------------------------------------------------------------------------------------------
892/1088 | 1638812.667 | 1070_13 | row 877 | new: False | elapsed: 59:27
Noise stats for 1638812.667: out=0, rdr=0, mra=0, tp_pct=0.0 with enabled detecting motions

Noise stats for 1638812.667: out=0, rdr=0, mra=0, tp_pct=0.0 with disabled detecting motions
/home/kestutis/miniconda3/envs/ITP259/lib/python3.11/site-packages/sklearn/base.py:486: UserWarning: X has feature names, but StandardScaler was fitted without feature names
  warnings.warn(
ectopy_stats={'ectN': 542, 'ectS': 0, 'ectV': 1, 'ectU': 2} with disabled detecting motions
Done 892/1088 | 1638812.667 | record time: 00:04

------------------------------------------------------------------------------------------
893/1088 | 1638813.294 | 1070_0 | row 872 | new: False | elapsed: 59:30
Noise stats for 1638813.294: out=0, rdr=0, mra=0, tp_pct=0.0 with enabled detecting motions

Noise stats for 1638813.294: out=0, rdr=0, mra=0, tp_pct=0.0 with disabled detecting motions
/home/kestutis/miniconda3/envs/ITP259/lib/python3.11/site-packages/sklearn/base.py:486: UserWarning: X has feature names, but StandardScaler was fitted without feature names
  warnings.warn(
ectopy_stats={'ectN': 610, 'ectS': 1, 'ectV': 6, 'ectU': 2} with disabled detecting motions
Done 893/1088 | 1638813.294 | record time: 00:04

------------------------------------------------------------------------------------------
894/1088 | 1638813.922 | 1070_14 | row 878 | new: False | elapsed: 59:34
Noise stats for 1638813.922: out=0, rdr=0, mra=2, tp_pct=5.2 with enabled detecting motions

Noise stats for 1638813.922: out=0, rdr=0, mra=0, tp_pct=0.0 with disabled detecting motions
/home/kestutis/miniconda3/envs/ITP259/lib/python3.11/site-packages/sklearn/base.py:486: UserWarning: X has feature names, but StandardScaler was fitted without feature names
  warnings.warn(
ectopy_stats={'ectN': 623, 'ectS': 2, 'ectV': 1, 'ectU': 2} with disabled detecting motions
Done 894/1088 | 1638813.922 | record time: 00:04

------------------------------------------------------------------------------------------
895/1088 | 1638814.549 | 1070_1 | row 873 | new: False | elapsed: 59:38
Noise stats for 1638814.549: out=0, rdr=0, mra=1, tp_pct=2.5 with enabled detecting motions

Noise stats for 1638814.549: out=0, rdr=0, mra=0, tp_pct=0.0 with disabled detecting motions
/home/kestutis/miniconda3/envs/ITP259/lib/python3.11/site-packages/sklearn/base.py:486: UserWarning: X has feature names, but StandardScaler was fitted without feature names
  warnings.warn(
ectopy_stats={'ectN': 631, 'ectS': 0, 'ectV': 4, 'ectU': 3} with disabled detecting motions
Done 895/1088 | 1638814.549 | record time: 00:04

------------------------------------------------------------------------------------------
896/1088 | 1638815.176 | 1070_9 | row 891 | new: False | elapsed: 59:42
Noise stats for 1638815.176: out=0, rdr=0, mra=2, tp_pct=5.3 with enabled detecting motions

Noise stats for 1638815.176: out=0, rdr=0, mra=0, tp_pct=0.0 with disabled detecting motions
/home/kestutis/miniconda3/envs/ITP259/lib/python3.11/site-packages/sklearn/base.py:486: UserWarning: X has feature names, but StandardScaler was fitted without feature names
  warnings.warn(
ectopy_stats={'ectN': 600, 'ectS': 1, 'ectV': 1, 'ectU': 4} with disabled detecting motions
Done 896/1088 | 1638815.176 | record time: 00:04

------------------------------------------------------------------------------------------
897/1088 | 1638815.807 | 1070_4 | row 886 | new: False | elapsed: 59:46
Noise stats for 1638815.807: out=0, rdr=0, mra=0, tp_pct=0.0 with enabled detecting motions

Noise stats for 1638815.807: out=0, rdr=0, mra=0, tp_pct=0.0 with disabled detecting motions
/home/kestutis/miniconda3/envs/ITP259/lib/python3.11/site-packages/sklearn/base.py:486: UserWarning: X has feature names, but StandardScaler was fitted without feature names
  warnings.warn(
ectopy_stats={'ectN': 620, 'ectS': 1, 'ectV': 4, 'ectU': 2} with disabled detecting motions
Done 897/1088 | 1638815.807 | record time: 00:04

------------------------------------------------------------------------------------------
898/1088 | 1638816.434 | 1070_2 | row 884 | new: False | elapsed: 59:49
Noise stats for 1638816.434: out=0, rdr=0, mra=0, tp_pct=0.0 with enabled detecting motions

Noise stats for 1638816.434: out=0, rdr=0, mra=0, tp_pct=0.0 with disabled detecting motions
/home/kestutis/miniconda3/envs/ITP259/lib/python3.11/site-packages/sklearn/base.py:486: UserWarning: X has feature names, but StandardScaler was fitted without feature names
  warnings.warn(
ectopy_stats={'ectN': 620, 'ectS': 1, 'ectV': 3, 'ectU': 2} with disabled detecting motions
Done 898/1088 | 1638816.434 | record time: 00:04

------------------------------------------------------------------------------------------
899/1088 | 1638817.061 | 1070_8 | row 890 | new: False | elapsed: 59:53
Noise stats for 1638817.061: out=0, rdr=0, mra=0, tp_pct=0.0 with enabled detecting motions

Noise stats for 1638817.061: out=0, rdr=0, mra=0, tp_pct=0.0 with disabled detecting motions
/home/kestutis/miniconda3/envs/ITP259/lib/python3.11/site-packages/sklearn/base.py:486: UserWarning: X has feature names, but StandardScaler was fitted without feature names
  warnings.warn(
ectopy_stats={'ectN': 623, 'ectS': 3, 'ectV': 2, 'ectU': 3} with disabled detecting motions
Done 899/1088 | 1638817.061 | record time: 00:04

------------------------------------------------------------------------------------------
900/1088 | 1638817.688 | 1070_17 | row 881 | new: False | elapsed: 59:57
Noise stats for 1638817.688: out=0, rdr=0, mra=1, tp_pct=3.6 with enabled detecting motions

Noise stats for 1638817.688: out=0, rdr=0, mra=0, tp_pct=0.0 with disabled detecting motions
/home/kestutis/miniconda3/envs/ITP259/lib/python3.11/site-packages/sklearn/base.py:486: UserWarning: X has feature names, but StandardScaler was fitted without feature names
  warnings.warn(
ectopy_stats={'ectN': 635, 'ectS': 11, 'ectV': 1, 'ectU': 15} with disabled detecting motions
Done 900/1088 | 1638817.688 | record time: 00:04

------------------------------------------------------------------------------------------
901/1088 | 1638818.315 | 1070_18 | row 882 | new: False | elapsed: 60:01
Noise stats for 1638818.315: out=0, rdr=0, mra=0, tp_pct=0.0 with enabled detecting motions

Noise stats for 1638818.315: out=0, rdr=0, mra=0, tp_pct=0.0 with disabled detecting motions
/home/kestutis/miniconda3/envs/ITP259/lib/python3.11/site-packages/sklearn/base.py:486: UserWarning: X has feature names, but StandardScaler was fitted without feature names
  warnings.warn(
ectopy_stats={'ectN': 572, 'ectS': 31, 'ectV': 1, 'ectU': 38} with disabled detecting motions
Done 901/1088 | 1638818.315 | record time: 00:04

------------------------------------------------------------------------------------------
902/1088 | 1638818.345 | 1069_2 | row 868 | new: False | elapsed: 60:05
Noise stats for 1638818.345: out=0, rdr=0, mra=0, tp_pct=0.0 with enabled detecting motions

Noise stats for 1638818.345: out=0, rdr=0, mra=0, tp_pct=0.0 with disabled detecting motions
/home/kestutis/miniconda3/envs/ITP259/lib/python3.11/site-packages/sklearn/base.py:486: UserWarning: X has feature names, but StandardScaler was fitted without feature names
  warnings.warn(
ectopy_stats={'ectN': 697, 'ectS': 1, 'ectV': 0, 'ectU': 2} with disabled detecting motions
Done 902/1088 | 1638818.345 | record time: 00:04

------------------------------------------------------------------------------------------
903/1088 | 1638818.942 | 1070_10 | row 874 | new: False | elapsed: 60:09
Noise stats for 1638818.942: out=0, rdr=0, mra=0, tp_pct=0.0 with enabled detecting motions

Noise stats for 1638818.942: out=0, rdr=0, mra=0, tp_pct=0.0 with disabled detecting motions
/home/kestutis/miniconda3/envs/ITP259/lib/python3.11/site-packages/sklearn/base.py:486: UserWarning: X has feature names, but StandardScaler was fitted without feature names
  warnings.warn(
ectopy_stats={'ectN': 546, 'ectS': 48, 'ectV': 2, 'ectU': 47} with disabled detecting motions
Done 903/1088 | 1638818.942 | record time: 00:04

------------------------------------------------------------------------------------------
904/1088 | 1638820.854 | 1069_3 | row 869 | new: False | elapsed: 60:12
Noise stats for 1638820.854: out=0, rdr=0, mra=1, tp_pct=2.6 with enabled detecting motions

Noise stats for 1638820.854: out=0, rdr=0, mra=0, tp_pct=0.0 with disabled detecting motions
/home/kestutis/miniconda3/envs/ITP259/lib/python3.11/site-packages/sklearn/base.py:486: UserWarning: X has feature names, but StandardScaler was fitted without feature names
  warnings.warn(
ectopy_stats={'ectN': 687, 'ectS': 1, 'ectV': 0, 'ectU': 2} with disabled detecting motions
Done 904/1088 | 1638820.854 | record time: 00:04

------------------------------------------------------------------------------------------
905/1088 | 1638821.479 | 1069_0 | row 866 | new: False | elapsed: 60:16
Noise stats for 1638821.479: out=0, rdr=0, mra=0, tp_pct=0.0 with enabled detecting motions

Noise stats for 1638821.479: out=0, rdr=0, mra=0, tp_pct=0.0 with disabled detecting motions
/home/kestutis/miniconda3/envs/ITP259/lib/python3.11/site-packages/sklearn/base.py:486: UserWarning: X has feature names, but StandardScaler was fitted without feature names
  warnings.warn(
ectopy_stats={'ectN': 785, 'ectS': 1, 'ectV': 2, 'ectU': 2} with disabled detecting motions
Done 905/1088 | 1638821.479 | record time: 00:04

------------------------------------------------------------------------------------------
906/1088 | 1638825.866 | 1069_1 | row 867 | new: False | elapsed: 60:20
Noise stats for 1638825.866: out=0, rdr=0, mra=1, tp_pct=2.8 with enabled detecting motions

Noise stats for 1638825.866: out=0, rdr=0, mra=0, tp_pct=0.0 with disabled detecting motions
/home/kestutis/miniconda3/envs/ITP259/lib/python3.11/site-packages/sklearn/base.py:486: UserWarning: X has feature names, but StandardScaler was fitted without feature names
  warnings.warn(
ectopy_stats={'ectN': 518, 'ectS': 2, 'ectV': 0, 'ectU': 3} with disabled detecting motions
Done 906/1088 | 1638825.866 | record time: 00:04

------------------------------------------------------------------------------------------
907/1088 | 1638826.496 | 1069_4 | row 870 | new: False | elapsed: 60:24
Noise stats for 1638826.496: out=0, rdr=0, mra=1, tp_pct=2.8 with enabled detecting motions

Noise stats for 1638826.496: out=0, rdr=0, mra=0, tp_pct=0.0 with disabled detecting motions
/home/kestutis/miniconda3/envs/ITP259/lib/python3.11/site-packages/sklearn/base.py:486: UserWarning: X has feature names, but StandardScaler was fitted without feature names
  warnings.warn(
ectopy_stats={'ectN': 532, 'ectS': 0, 'ectV': 1, 'ectU': 2} with disabled detecting motions
Done 907/1088 | 1638826.496 | record time: 00:04

------------------------------------------------------------------------------------------
908/1088 | 1638828.999 | 1069_5 | row 871 | new: False | elapsed: 60:28
Noise stats for 1638828.999: out=0, rdr=0, mra=1, tp_pct=3.6 with enabled detecting motions

Noise stats for 1638828.999: out=0, rdr=0, mra=0, tp_pct=0.0 with disabled detecting motions
/home/kestutis/miniconda3/envs/ITP259/lib/python3.11/site-packages/sklearn/base.py:486: UserWarning: X has feature names, but StandardScaler was fitted without feature names
  warnings.warn(
ectopy_stats={'ectN': 584, 'ectS': 0, 'ectV': 1, 'ectU': 2} with disabled detecting motions
Done 908/1088 | 1638828.999 | record time: 00:04

------------------------------------------------------------------------------------------
909/1088 | 1638829.105 | 1071_21 | row 906 | new: False | elapsed: 60:31
Noise stats for 1638829.105: out=0, rdr=0, mra=0, tp_pct=0.0 with enabled detecting motions

Noise stats for 1638829.105: out=0, rdr=0, mra=0, tp_pct=0.0 with disabled detecting motions
/home/kestutis/miniconda3/envs/ITP259/lib/python3.11/site-packages/sklearn/base.py:486: UserWarning: X has feature names, but StandardScaler was fitted without feature names
  warnings.warn(
ectopy_stats={'ectN': 644, 'ectS': 4, 'ectV': 7, 'ectU': 6} with disabled detecting motions
Done 909/1088 | 1638829.105 | record time: 00:04

------------------------------------------------------------------------------------------
910/1088 | 1638830.348 | 1071_19 | row 903 | new: False | elapsed: 60:35
Noise stats for 1638830.348: out=0, rdr=0, mra=6, tp_pct=15.2 with enabled detecting motions

Noise stats for 1638830.348: out=0, rdr=0, mra=0, tp_pct=0.0 with disabled detecting motions
/home/kestutis/miniconda3/envs/ITP259/lib/python3.11/site-packages/sklearn/base.py:486: UserWarning: X has feature names, but StandardScaler was fitted without feature names
  warnings.warn(
ectopy_stats={'ectN': 638, 'ectS': 4, 'ectV': 17, 'ectU': 6} with disabled detecting motions
Done 910/1088 | 1638830.348 | record time: 00:04

------------------------------------------------------------------------------------------
911/1088 | 1638830.967 | 1071_24 | row 909 | new: False | elapsed: 60:39
Noise stats for 1638830.967: out=0, rdr=0, mra=4, tp_pct=10.4 with enabled detecting motions

Noise stats for 1638830.967: out=0, rdr=0, mra=0, tp_pct=0.0 with disabled detecting motions
/home/kestutis/miniconda3/envs/ITP259/lib/python3.11/site-packages/sklearn/base.py:486: UserWarning: X has feature names, but StandardScaler was fitted without feature names
  warnings.warn(
ectopy_stats={'ectN': 646, 'ectS': 0, 'ectV': 8, 'ectU': 2} with disabled detecting motions
Done 911/1088 | 1638830.967 | record time: 00:04

------------------------------------------------------------------------------------------
912/1088 | 1638831.587 | 1071_22 | row 907 | new: False | elapsed: 60:43
Noise stats for 1638831.587: out=0, rdr=0, mra=1, tp_pct=2.2 with enabled detecting motions

Noise stats for 1638831.587: out=0, rdr=0, mra=0, tp_pct=0.0 with disabled detecting motions
/home/kestutis/miniconda3/envs/ITP259/lib/python3.11/site-packages/sklearn/base.py:486: UserWarning: X has feature names, but StandardScaler was fitted without feature names
  warnings.warn(
ectopy_stats={'ectN': 601, 'ectS': 1, 'ectV': 16, 'ectU': 2} with disabled detecting motions
Done 912/1088 | 1638831.587 | record time: 00:04

------------------------------------------------------------------------------------------
913/1088 | 1638906.836 | 1072_18 | row 927 | new: False | elapsed: 60:47
Noise stats for 1638906.836: out=0, rdr=0, mra=0, tp_pct=0.0 with enabled detecting motions

Noise stats for 1638906.836: out=0, rdr=0, mra=0, tp_pct=0.0 with disabled detecting motions
/home/kestutis/miniconda3/envs/ITP259/lib/python3.11/site-packages/sklearn/base.py:486: UserWarning: X has feature names, but StandardScaler was fitted without feature names
  warnings.warn(
ectopy_stats={'ectN': 635, 'ectS': 0, 'ectV': 18, 'ectU': 3} with disabled detecting motions
Done 913/1088 | 1638906.836 | record time: 00:04

------------------------------------------------------------------------------------------
914/1088 | 1638907.46 | 1072_19 | row 928 | new: False | elapsed: 60:51
Noise stats for 1638907.460: out=0, rdr=0, mra=0, tp_pct=0.0 with enabled detecting motions

Noise stats for 1638907.460: out=0, rdr=0, mra=0, tp_pct=0.0 with disabled detecting motions
/home/kestutis/miniconda3/envs/ITP259/lib/python3.11/site-packages/sklearn/base.py:486: UserWarning: X has feature names, but StandardScaler was fitted without feature names
  warnings.warn(
ectopy_stats={'ectN': 597, 'ectS': 0, 'ectV': 16, 'ectU': 2} with disabled detecting motions
Done 914/1088 | 1638907.46 | record time: 00:04

------------------------------------------------------------------------------------------
915/1088 | 1638908.084 | 1072_17 | row 926 | new: False | elapsed: 60:54
Noise stats for 1638908.084: out=0, rdr=0, mra=0, tp_pct=0.0 with enabled detecting motions

Noise stats for 1638908.084: out=0, rdr=0, mra=0, tp_pct=0.0 with disabled detecting motions
/home/kestutis/miniconda3/envs/ITP259/lib/python3.11/site-packages/sklearn/base.py:486: UserWarning: X has feature names, but StandardScaler was fitted without feature names
  warnings.warn(
ectopy_stats={'ectN': 572, 'ectS': 1, 'ectV': 21, 'ectU': 2} with disabled detecting motions
Done 915/1088 | 1638908.084 | record time: 00:04

------------------------------------------------------------------------------------------
916/1088 | 1638908.708 | 1072_16 | row 925 | new: False | elapsed: 60:58
Noise stats for 1638908.708: out=0, rdr=0, mra=0, tp_pct=0.0 with enabled detecting motions

Noise stats for 1638908.708: out=0, rdr=0, mra=0, tp_pct=0.0 with disabled detecting motions
/home/kestutis/miniconda3/envs/ITP259/lib/python3.11/site-packages/sklearn/base.py:486: UserWarning: X has feature names, but StandardScaler was fitted without feature names
  warnings.warn(
ectopy_stats={'ectN': 527, 'ectS': 0, 'ectV': 76, 'ectU': 2} with disabled detecting motions
Done 916/1088 | 1638908.708 | record time: 00:04

------------------------------------------------------------------------------------------
917/1088 | 1638909.332 | 1072_3 | row 930 | new: False | elapsed: 61:02
Noise stats for 1638909.332: out=0, rdr=0, mra=0, tp_pct=0.0 with enabled detecting motions

Noise stats for 1638909.332: out=0, rdr=0, mra=0, tp_pct=0.0 with disabled detecting motions
/home/kestutis/miniconda3/envs/ITP259/lib/python3.11/site-packages/sklearn/base.py:486: UserWarning: X has feature names, but StandardScaler was fitted without feature names
  warnings.warn(
ectopy_stats={'ectN': 483, 'ectS': 0, 'ectV': 126, 'ectU': 2} with disabled detecting motions
Done 917/1088 | 1638909.332 | record time: 00:04

------------------------------------------------------------------------------------------
918/1088 | 1638909.955 | 1072_0 | row 917 | new: False | elapsed: 61:06
Noise stats for 1638909.955: out=0, rdr=0, mra=0, tp_pct=0.0 with enabled detecting motions

Noise stats for 1638909.955: out=0, rdr=0, mra=0, tp_pct=0.0 with disabled detecting motions
/home/kestutis/miniconda3/envs/ITP259/lib/python3.11/site-packages/sklearn/base.py:486: UserWarning: X has feature names, but StandardScaler was fitted without feature names
  warnings.warn(
ectopy_stats={'ectN': 465, 'ectS': 1, 'ectV': 153, 'ectU': 2} with disabled detecting motions
Done 918/1088 | 1638909.955 | record time: 00:04

------------------------------------------------------------------------------------------
919/1088 | 1638910.575 | 1072_9 | row 936 | new: False | elapsed: 61:09
Noise stats for 1638910.575: out=0, rdr=0, mra=1, tp_pct=4.0 with enabled detecting motions

Noise stats for 1638910.575: out=0, rdr=0, mra=0, tp_pct=0.0 with disabled detecting motions
/home/kestutis/miniconda3/envs/ITP259/lib/python3.11/site-packages/sklearn/base.py:486: UserWarning: X has feature names, but StandardScaler was fitted without feature names
  warnings.warn(
ectopy_stats={'ectN': 526, 'ectS': 1, 'ectV': 110, 'ectU': 5} with disabled detecting motions
Done 919/1088 | 1638910.575 | record time: 00:04

------------------------------------------------------------------------------------------
920/1088 | 1638911.195 | 1072_13 | row 922 | new: False | elapsed: 61:13
Noise stats for 1638911.195: out=0, rdr=0, mra=0, tp_pct=0.0 with enabled detecting motions

Noise stats for 1638911.195: out=0, rdr=0, mra=0, tp_pct=0.0 with disabled detecting motions
/home/kestutis/miniconda3/envs/ITP259/lib/python3.11/site-packages/sklearn/base.py:486: UserWarning: X has feature names, but StandardScaler was fitted without feature names
  warnings.warn(
ectopy_stats={'ectN': 553, 'ectS': 0, 'ectV': 96, 'ectU': 4} with disabled detecting motions
Done 920/1088 | 1638911.195 | record time: 00:04

------------------------------------------------------------------------------------------
921/1088 | 1638911.815 | 1072_5 | row 932 | new: False | elapsed: 61:17
Noise stats for 1638911.815: out=0, rdr=0, mra=0, tp_pct=0.0 with enabled detecting motions

Noise stats for 1638911.815: out=0, rdr=0, mra=0, tp_pct=0.0 with disabled detecting motions
/home/kestutis/miniconda3/envs/ITP259/lib/python3.11/site-packages/sklearn/base.py:486: UserWarning: X has feature names, but StandardScaler was fitted without feature names
  warnings.warn(
ectopy_stats={'ectN': 486, 'ectS': 0, 'ectV': 122, 'ectU': 3} with disabled detecting motions
Done 921/1088 | 1638911.815 | record time: 00:04

------------------------------------------------------------------------------------------
922/1088 | 1638912.435 | 1072_4 | row 931 | new: False | elapsed: 61:21
Noise stats for 1638912.435: out=0, rdr=0, mra=0, tp_pct=0.0 with enabled detecting motions

Noise stats for 1638912.435: out=0, rdr=0, mra=0, tp_pct=0.0 with disabled detecting motions
/home/kestutis/miniconda3/envs/ITP259/lib/python3.11/site-packages/sklearn/base.py:486: UserWarning: X has feature names, but StandardScaler was fitted without feature names
  warnings.warn(
ectopy_stats={'ectN': 482, 'ectS': 0, 'ectV': 127, 'ectU': 3} with disabled detecting motions
Done 922/1088 | 1638912.435 | record time: 00:04

------------------------------------------------------------------------------------------
923/1088 | 1638913.055 | 1072_11 | row 920 | new: False | elapsed: 61:25
Noise stats for 1638913.055: out=0, rdr=0, mra=0, tp_pct=0.0 with enabled detecting motions

Noise stats for 1638913.055: out=0, rdr=0, mra=0, tp_pct=0.0 with disabled detecting motions
/home/kestutis/miniconda3/envs/ITP259/lib/python3.11/site-packages/sklearn/base.py:486: UserWarning: X has feature names, but StandardScaler was fitted without feature names
  warnings.warn(
ectopy_stats={'ectN': 492, 'ectS': 0, 'ectV': 112, 'ectU': 2} with disabled detecting motions
Done 923/1088 | 1638913.055 | record time: 00:04

------------------------------------------------------------------------------------------
924/1088 | 1638913.675 | 1072_2 | row 929 | new: False | elapsed: 61:28
Noise stats for 1638913.675: out=0, rdr=0, mra=0, tp_pct=0.0 with enabled detecting motions

Noise stats for 1638913.675: out=0, rdr=0, mra=0, tp_pct=0.0 with disabled detecting motions
/home/kestutis/miniconda3/envs/ITP259/lib/python3.11/site-packages/sklearn/base.py:486: UserWarning: X has feature names, but StandardScaler was fitted without feature names
  warnings.warn(
ectopy_stats={'ectN': 501, 'ectS': 1, 'ectV': 130, 'ectU': 4} with disabled detecting motions
Done 924/1088 | 1638913.675 | record time: 00:04

------------------------------------------------------------------------------------------
925/1088 | 1638914.295 | 1072_12 | row 921 | new: False | elapsed: 61:32
Noise stats for 1638914.295: out=0, rdr=0, mra=0, tp_pct=0.0 with enabled detecting motions

Noise stats for 1638914.295: out=0, rdr=0, mra=0, tp_pct=0.0 with disabled detecting motions
/home/kestutis/miniconda3/envs/ITP259/lib/python3.11/site-packages/sklearn/base.py:486: UserWarning: X has feature names, but StandardScaler was fitted without feature names
  warnings.warn(
ectopy_stats={'ectN': 517, 'ectS': 0, 'ectV': 109, 'ectU': 3} with disabled detecting motions
Done 925/1088 | 1638914.295 | record time: 00:04

------------------------------------------------------------------------------------------
926/1088 | 1638914.916 | 1072_15 | row 924 | new: False | elapsed: 61:36
Noise stats for 1638914.916: out=0, rdr=0, mra=0, tp_pct=0.0 with enabled detecting motions

Noise stats for 1638914.916: out=0, rdr=0, mra=0, tp_pct=0.0 with disabled detecting motions
/home/kestutis/miniconda3/envs/ITP259/lib/python3.11/site-packages/sklearn/base.py:486: UserWarning: X has feature names, but StandardScaler was fitted without feature names
  warnings.warn(
ectopy_stats={'ectN': 550, 'ectS': 0, 'ectV': 88, 'ectU': 3} with disabled detecting motions
Done 926/1088 | 1638914.916 | record time: 00:04

------------------------------------------------------------------------------------------
927/1088 | 1638915.536 | 1072_14 | row 923 | new: False | elapsed: 61:40
Noise stats for 1638915.536: out=0, rdr=0, mra=0, tp_pct=0.0 with enabled detecting motions

Noise stats for 1638915.536: out=0, rdr=0, mra=0, tp_pct=0.0 with disabled detecting motions
/home/kestutis/miniconda3/envs/ITP259/lib/python3.11/site-packages/sklearn/base.py:486: UserWarning: X has feature names, but StandardScaler was fitted without feature names
  warnings.warn(
ectopy_stats={'ectN': 536, 'ectS': 0, 'ectV': 95, 'ectU': 2} with disabled detecting motions
Done 927/1088 | 1638915.536 | record time: 00:04

------------------------------------------------------------------------------------------
928/1088 | 1638916.156 | 1072_8 | row 935 | new: False | elapsed: 61:44
Noise stats for 1638916.156: out=0, rdr=0, mra=0, tp_pct=0.0 with enabled detecting motions

Noise stats for 1638916.156: out=0, rdr=0, mra=0, tp_pct=0.0 with disabled detecting motions
/home/kestutis/miniconda3/envs/ITP259/lib/python3.11/site-packages/sklearn/base.py:486: UserWarning: X has feature names, but StandardScaler was fitted without feature names
  warnings.warn(
ectopy_stats={'ectN': 536, 'ectS': 0, 'ectV': 113, 'ectU': 2} with disabled detecting motions
Done 928/1088 | 1638916.156 | record time: 00:04

------------------------------------------------------------------------------------------
929/1088 | 1638916.776 | 1072_6 | row 933 | new: False | elapsed: 61:47
Noise stats for 1638916.776: out=0, rdr=0, mra=0, tp_pct=0.0 with enabled detecting motions

Noise stats for 1638916.776: out=0, rdr=0, mra=0, tp_pct=0.0 with disabled detecting motions
/home/kestutis/miniconda3/envs/ITP259/lib/python3.11/site-packages/sklearn/base.py:486: UserWarning: X has feature names, but StandardScaler was fitted without feature names
  warnings.warn(
ectopy_stats={'ectN': 492, 'ectS': 0, 'ectV': 122, 'ectU': 4} with disabled detecting motions
Done 929/1088 | 1638916.776 | record time: 00:04

------------------------------------------------------------------------------------------
930/1088 | 1638917.396 | 1072_1 | row 918 | new: False | elapsed: 61:51
Noise stats for 1638917.396: out=0, rdr=0, mra=0, tp_pct=0.0 with enabled detecting motions

Noise stats for 1638917.396: out=0, rdr=0, mra=0, tp_pct=0.0 with disabled detecting motions
/home/kestutis/miniconda3/envs/ITP259/lib/python3.11/site-packages/sklearn/base.py:486: UserWarning: X has feature names, but StandardScaler was fitted without feature names
  warnings.warn(
ectopy_stats={'ectN': 480, 'ectS': 0, 'ectV': 136, 'ectU': 3} with disabled detecting motions
Done 930/1088 | 1638917.396 | record time: 00:04

------------------------------------------------------------------------------------------
931/1088 | 1638918.016 | 1072_10 | row 919 | new: False | elapsed: 61:55
Noise stats for 1638918.016: out=0, rdr=0, mra=0, tp_pct=0.0 with enabled detecting motions

Noise stats for 1638918.016: out=0, rdr=0, mra=0, tp_pct=0.0 with disabled detecting motions
/home/kestutis/miniconda3/envs/ITP259/lib/python3.11/site-packages/sklearn/base.py:486: UserWarning: X has feature names, but StandardScaler was fitted without feature names
  warnings.warn(
ectopy_stats={'ectN': 498, 'ectS': 0, 'ectV': 111, 'ectU': 2} with disabled detecting motions
Done 931/1088 | 1638918.016 | record time: 00:04

------------------------------------------------------------------------------------------
932/1088 | 1638918.64 | 1072_7 | row 934 | new: False | elapsed: 61:59
Noise stats for 1638918.640: out=0, rdr=0, mra=0, tp_pct=0.0 with enabled detecting motions

Noise stats for 1638918.640: out=0, rdr=0, mra=0, tp_pct=0.0 with disabled detecting motions
/home/kestutis/miniconda3/envs/ITP259/lib/python3.11/site-packages/sklearn/base.py:486: UserWarning: X has feature names, but StandardScaler was fitted without feature names
  warnings.warn(
ectopy_stats={'ectN': 497, 'ectS': 0, 'ectV': 116, 'ectU': 3} with disabled detecting motions
Done 932/1088 | 1638918.64 | record time: 00:04

------------------------------------------------------------------------------------------
933/1088 | 1638970.111 | 1073_1 | row 938 | new: False | elapsed: 62:03
Noise stats for 1638970.111: out=0, rdr=0, mra=1, tp_pct=100.0 with enabled detecting motions

Noise stats for 1638970.111: out=0, rdr=0, mra=0, tp_pct=0.0 with disabled detecting motions
/home/kestutis/miniconda3/envs/ITP259/lib/python3.11/site-packages/sklearn/base.py:486: UserWarning: X has feature names, but StandardScaler was fitted without feature names
  warnings.warn(
ectopy_stats={'ectN': 569, 'ectS': 0, 'ectV': 1, 'ectU': 2} with disabled detecting motions
Done 933/1088 | 1638970.111 | record time: 00:04

------------------------------------------------------------------------------------------
934/1088 | 1638974.535 | 1073_0 | row 937 | new: False | elapsed: 62:06
Noise stats for 1638974.535: out=0, rdr=0, mra=11, tp_pct=34.5 with enabled detecting motions

Noise stats for 1638974.535: out=0, rdr=0, mra=0, tp_pct=0.0 with disabled detecting motions
/home/kestutis/miniconda3/envs/ITP259/lib/python3.11/site-packages/sklearn/base.py:486: UserWarning: X has feature names, but StandardScaler was fitted without feature names
  warnings.warn(
ectopy_stats={'ectN': 599, 'ectS': 0, 'ectV': 0, 'ectU': 2} with disabled detecting motions
Done 934/1088 | 1638974.535 | record time: 00:04

------------------------------------------------------------------------------------------
935/1088 | 1639449.6 | 1074_4 | row 949 | new: False | elapsed: 62:10
Noise stats for 1639449.600: out=0, rdr=0, mra=0, tp_pct=0.0 with enabled detecting motions

Noise stats for 1639449.600: out=0, rdr=0, mra=0, tp_pct=0.0 with disabled detecting motions
/home/kestutis/miniconda3/envs/ITP259/lib/python3.11/site-packages/sklearn/base.py:486: UserWarning: X has feature names, but StandardScaler was fitted without feature names
  warnings.warn(
ectopy_stats={'ectN': 524, 'ectS': 61, 'ectV': 7, 'ectU': 3} with disabled detecting motions
Done 935/1088 | 1639449.6 | record time: 00:04

------------------------------------------------------------------------------------------
936/1088 | 1639450.85 | 1074_3 | row 948 | new: False | elapsed: 62:14
Noise stats for 1639450.850: out=0, rdr=0, mra=0, tp_pct=0.0 with enabled detecting motions

Noise stats for 1639450.850: out=0, rdr=0, mra=0, tp_pct=0.0 with disabled detecting motions
/home/kestutis/miniconda3/envs/ITP259/lib/python3.11/site-packages/sklearn/base.py:486: UserWarning: X has feature names, but StandardScaler was fitted without feature names
  warnings.warn(
ectopy_stats={'ectN': 482, 'ectS': 76, 'ectV': 15, 'ectU': 2} with disabled detecting motions
Done 936/1088 | 1639450.85 | record time: 00:04

------------------------------------------------------------------------------------------
937/1088 | 1639451.479 | 1074_0 | row 939 | new: False | elapsed: 62:17
Noise stats for 1639451.479: out=0, rdr=0, mra=0, tp_pct=0.0 with enabled detecting motions

Noise stats for 1639451.479: out=0, rdr=0, mra=0, tp_pct=0.0 with disabled detecting motions
/home/kestutis/miniconda3/envs/ITP259/lib/python3.11/site-packages/sklearn/base.py:486: UserWarning: X has feature names, but StandardScaler was fitted without feature names
  warnings.warn(
ectopy_stats={'ectN': 482, 'ectS': 77, 'ectV': 13, 'ectU': 3} with disabled detecting motions
Done 937/1088 | 1639451.479 | record time: 00:04

------------------------------------------------------------------------------------------
938/1088 | 1639452.104 | 1074_1 | row 940 | new: False | elapsed: 62:21
Noise stats for 1639452.104: out=0, rdr=0, mra=0, tp_pct=0.0 with enabled detecting motions

Noise stats for 1639452.104: out=0, rdr=0, mra=0, tp_pct=0.0 with disabled detecting motions
/home/kestutis/miniconda3/envs/ITP259/lib/python3.11/site-packages/sklearn/base.py:486: UserWarning: X has feature names, but StandardScaler was fitted without feature names
  warnings.warn(
ectopy_stats={'ectN': 502, 'ectS': 64, 'ectV': 19, 'ectU': 2} with disabled detecting motions
Done 938/1088 | 1639452.104 | record time: 00:04

------------------------------------------------------------------------------------------
939/1088 | 1639452.729 | 1074_2 | row 947 | new: False | elapsed: 62:25
Noise stats for 1639452.729: out=1, rdr=0, mra=2, tp_pct=6.5 with enabled detecting motions

Noise stats for 1639452.729: out=1, rdr=0, mra=0, tp_pct=1.7 with disabled detecting motions
/home/kestutis/miniconda3/envs/ITP259/lib/python3.11/site-packages/sklearn/base.py:486: UserWarning: X has feature names, but StandardScaler was fitted without feature names
  warnings.warn(
ectopy_stats={'ectN': 521, 'ectS': 62, 'ectV': 15, 'ectU': 2} with disabled detecting motions
Done 939/1088 | 1639452.729 | record time: 00:04

------------------------------------------------------------------------------------------
940/1088 | 1639456.175 | 1074_9 | row 954 | new: False | elapsed: 62:28
Noise stats for 1639456.175: out=2, rdr=0, mra=2, tp_pct=7.4 with enabled detecting motions

Noise stats for 1639456.175: out=2, rdr=0, mra=0, tp_pct=3.6 with disabled detecting motions
/home/kestutis/miniconda3/envs/ITP259/lib/python3.11/site-packages/sklearn/base.py:486: UserWarning: X has feature names, but StandardScaler was fitted without feature names
  warnings.warn(
ectopy_stats={'ectN': 603, 'ectS': 9, 'ectV': 23, 'ectU': 2} with disabled detecting motions
Done 940/1088 | 1639456.175 | record time: 00:04

------------------------------------------------------------------------------------------
941/1088 | 1639458.049 | 1074_5 | row 950 | new: False | elapsed: 62:32
Noise stats for 1639458.049: out=0, rdr=0, mra=1, tp_pct=1.4 with enabled detecting motions

Noise stats for 1639458.049: out=0, rdr=0, mra=0, tp_pct=0.0 with disabled detecting motions
/home/kestutis/miniconda3/envs/ITP259/lib/python3.11/site-packages/sklearn/base.py:486: UserWarning: X has feature names, but StandardScaler was fitted without feature names
  warnings.warn(
ectopy_stats={'ectN': 583, 'ectS': 8, 'ectV': 38, 'ectU': 9} with disabled detecting motions
Done 941/1088 | 1639458.049 | record time: 00:04

------------------------------------------------------------------------------------------
942/1088 | 1639458.674 | 1074_13 | row 944 | new: False | elapsed: 62:36
Noise stats for 1639458.674: out=0, rdr=0, mra=0, tp_pct=0.0 with enabled detecting motions

Noise stats for 1639458.674: out=0, rdr=0, mra=0, tp_pct=0.0 with disabled detecting motions
/home/kestutis/miniconda3/envs/ITP259/lib/python3.11/site-packages/sklearn/base.py:486: UserWarning: X has feature names, but StandardScaler was fitted without feature names
  warnings.warn(
ectopy_stats={'ectN': 635, 'ectS': 4, 'ectV': 5, 'ectU': 3} with disabled detecting motions
Done 942/1088 | 1639458.674 | record time: 00:04

------------------------------------------------------------------------------------------
943/1088 | 1639459.299 | 1074_11 | row 942 | new: False | elapsed: 62:40
Noise stats for 1639459.299: out=0, rdr=0, mra=0, tp_pct=0.0 with enabled detecting motions

Noise stats for 1639459.299: out=0, rdr=0, mra=0, tp_pct=0.0 with disabled detecting motions
/home/kestutis/miniconda3/envs/ITP259/lib/python3.11/site-packages/sklearn/base.py:486: UserWarning: X has feature names, but StandardScaler was fitted without feature names
  warnings.warn(
ectopy_stats={'ectN': 624, 'ectS': 5, 'ectV': 15, 'ectU': 9} with disabled detecting motions
Done 943/1088 | 1639459.299 | record time: 00:04

------------------------------------------------------------------------------------------
944/1088 | 1639459.928 | 1074_12 | row 943 | new: False | elapsed: 62:44
Noise stats for 1639459.928: out=0, rdr=0, mra=0, tp_pct=0.0 with enabled detecting motions

Noise stats for 1639459.928: out=0, rdr=0, mra=0, tp_pct=0.0 with disabled detecting motions
/home/kestutis/miniconda3/envs/ITP259/lib/python3.11/site-packages/sklearn/base.py:486: UserWarning: X has feature names, but StandardScaler was fitted without feature names
  warnings.warn(
ectopy_stats={'ectN': 624, 'ectS': 3, 'ectV': 11, 'ectU': 3} with disabled detecting motions
Done 944/1088 | 1639459.928 | record time: 00:04

------------------------------------------------------------------------------------------
945/1088 | 1639460.553 | 1074_14 | row 945 | new: False | elapsed: 62:48
Noise stats for 1639460.553: out=0, rdr=0, mra=0, tp_pct=0.0 with enabled detecting motions

Noise stats for 1639460.553: out=0, rdr=0, mra=0, tp_pct=0.0 with disabled detecting motions
/home/kestutis/miniconda3/envs/ITP259/lib/python3.11/site-packages/sklearn/base.py:486: UserWarning: X has feature names, but StandardScaler was fitted without feature names
  warnings.warn(
ectopy_stats={'ectN': 631, 'ectS': 1, 'ectV': 8, 'ectU': 2} with disabled detecting motions
Done 945/1088 | 1639460.553 | record time: 00:04

------------------------------------------------------------------------------------------
946/1088 | 1639461.177 | 1074_15 | row 946 | new: False | elapsed: 62:51
Noise stats for 1639461.177: out=0, rdr=0, mra=1, tp_pct=1.4 with enabled detecting motions

Noise stats for 1639461.177: out=0, rdr=0, mra=0, tp_pct=0.0 with disabled detecting motions
/home/kestutis/miniconda3/envs/ITP259/lib/python3.11/site-packages/sklearn/base.py:486: UserWarning: X has feature names, but StandardScaler was fitted without feature names
  warnings.warn(
ectopy_stats={'ectN': 654, 'ectS': 0, 'ectV': 0, 'ectU': 2} with disabled detecting motions
Done 946/1088 | 1639461.177 | record time: 00:04

------------------------------------------------------------------------------------------
947/1088 | 1639461.806 | 1074_8 | row 953 | new: False | elapsed: 62:55
Noise stats for 1639461.806: out=1, rdr=0, mra=0, tp_pct=0.7 with enabled detecting motions

Noise stats for 1639461.806: out=1, rdr=0, mra=0, tp_pct=0.7 with disabled detecting motions
/home/kestutis/miniconda3/envs/ITP259/lib/python3.11/site-packages/sklearn/base.py:486: UserWarning: X has feature names, but StandardScaler was fitted without feature names
  warnings.warn(
ectopy_stats={'ectN': 634, 'ectS': 2, 'ectV': 27, 'ectU': 9} with disabled detecting motions
Done 947/1088 | 1639461.806 | record time: 00:04

------------------------------------------------------------------------------------------
948/1088 | 1639462.431 | 1074_6 | row 951 | new: False | elapsed: 62:59
Noise stats for 1639462.431: out=0, rdr=0, mra=0, tp_pct=0.0 with enabled detecting motions

Noise stats for 1639462.431: out=0, rdr=0, mra=0, tp_pct=0.0 with disabled detecting motions
/home/kestutis/miniconda3/envs/ITP259/lib/python3.11/site-packages/sklearn/base.py:486: UserWarning: X has feature names, but StandardScaler was fitted without feature names
  warnings.warn(
ectopy_stats={'ectN': 616, 'ectS': 4, 'ectV': 25, 'ectU': 11} with disabled detecting motions
Done 948/1088 | 1639462.431 | record time: 00:04

------------------------------------------------------------------------------------------
949/1088 | 1639463.056 | 1074_10 | row 941 | new: False | elapsed: 63:03
Noise stats for 1639463.056: out=0, rdr=0, mra=0, tp_pct=0.0 with enabled detecting motions

Noise stats for 1639463.056: out=0, rdr=0, mra=0, tp_pct=0.0 with disabled detecting motions
/home/kestutis/miniconda3/envs/ITP259/lib/python3.11/site-packages/sklearn/base.py:486: UserWarning: X has feature names, but StandardScaler was fitted without feature names
  warnings.warn(
ectopy_stats={'ectN': 604, 'ectS': 3, 'ectV': 16, 'ectU': 15} with disabled detecting motions
Done 949/1088 | 1639463.056 | record time: 00:04

------------------------------------------------------------------------------------------
950/1088 | 1639464.936 | 1074_7 | row 952 | new: False | elapsed: 63:07
Noise stats for 1639464.936: out=0, rdr=0, mra=0, tp_pct=0.0 with enabled detecting motions

Noise stats for 1639464.936: out=0, rdr=0, mra=0, tp_pct=0.0 with disabled detecting motions
/home/kestutis/miniconda3/envs/ITP259/lib/python3.11/site-packages/sklearn/base.py:486: UserWarning: X has feature names, but StandardScaler was fitted without feature names
  warnings.warn(
ectopy_stats={'ectN': 624, 'ectS': 1, 'ectV': 30, 'ectU': 10} with disabled detecting motions
Done 950/1088 | 1639464.936 | record time: 00:04

------------------------------------------------------------------------------------------
951/1088 | 1640017.996 | 1075_2 | row 957 | new: False | elapsed: 63:11
Noise stats for 1640017.996: out=0, rdr=0, mra=1, tp_pct=1.4 with enabled detecting motions

Noise stats for 1640017.996: out=0, rdr=0, mra=0, tp_pct=0.0 with disabled detecting motions
/home/kestutis/miniconda3/envs/ITP259/lib/python3.11/site-packages/sklearn/base.py:486: UserWarning: X has feature names, but StandardScaler was fitted without feature names
  warnings.warn(
ectopy_stats={'ectN': 519, 'ectS': 0, 'ectV': 0, 'ectU': 2} with disabled detecting motions
Done 951/1088 | 1640017.996 | record time: 00:04

------------------------------------------------------------------------------------------
952/1088 | 1640019.242 | 1075_3 | row 958 | new: False | elapsed: 63:14
Noise stats for 1640019.242: out=0, rdr=0, mra=0, tp_pct=0.0 with enabled detecting motions

Noise stats for 1640019.242: out=0, rdr=0, mra=0, tp_pct=0.0 with disabled detecting motions
/home/kestutis/miniconda3/envs/ITP259/lib/python3.11/site-packages/sklearn/base.py:486: UserWarning: X has feature names, but StandardScaler was fitted without feature names
  warnings.warn(
ectopy_stats={'ectN': 496, 'ectS': 0, 'ectV': 2, 'ectU': 3} with disabled detecting motions
Done 952/1088 | 1640019.242 | record time: 00:03

------------------------------------------------------------------------------------------
953/1088 | 1640019.862 | 1075_7 | row 962 | new: False | elapsed: 63:18
Noise stats for 1640019.862: out=0, rdr=0, mra=0, tp_pct=0.0 with enabled detecting motions

Noise stats for 1640019.862: out=0, rdr=0, mra=0, tp_pct=0.0 with disabled detecting motions
/home/kestutis/miniconda3/envs/ITP259/lib/python3.11/site-packages/sklearn/base.py:486: UserWarning: X has feature names, but StandardScaler was fitted without feature names
  warnings.warn(
ectopy_stats={'ectN': 531, 'ectS': 0, 'ectV': 0, 'ectU': 2} with disabled detecting motions
Done 953/1088 | 1640019.862 | record time: 00:04

------------------------------------------------------------------------------------------
954/1088 | 1640020.482 | 1075_4 | row 959 | new: False | elapsed: 63:21
Noise stats for 1640020.482: out=0, rdr=0, mra=0, tp_pct=0.0 with enabled detecting motions

Noise stats for 1640020.482: out=0, rdr=0, mra=0, tp_pct=0.0 with disabled detecting motions
/home/kestutis/miniconda3/envs/ITP259/lib/python3.11/site-packages/sklearn/base.py:486: UserWarning: X has feature names, but StandardScaler was fitted without feature names
  warnings.warn(
ectopy_stats={'ectN': 494, 'ectS': 1, 'ectV': 0, 'ectU': 2} with disabled detecting motions
Done 954/1088 | 1640020.482 | record time: 00:03

------------------------------------------------------------------------------------------
955/1088 | 1640024.852 | 1075_1 | row 956 | new: False | elapsed: 63:25
Noise stats for 1640024.852: out=0, rdr=0, mra=0, tp_pct=0.0 with enabled detecting motions

Noise stats for 1640024.852: out=0, rdr=0, mra=0, tp_pct=0.0 with disabled detecting motions
/home/kestutis/miniconda3/envs/ITP259/lib/python3.11/site-packages/sklearn/base.py:486: UserWarning: X has feature names, but StandardScaler was fitted without feature names
  warnings.warn(
ectopy_stats={'ectN': 509, 'ectS': 0, 'ectV': 5, 'ectU': 4} with disabled detecting motions
Done 955/1088 | 1640024.852 | record time: 00:04

------------------------------------------------------------------------------------------
956/1088 | 1640028.703 | 1075_0 | row 955 | new: False | elapsed: 63:28
Noise stats for 1640028.703: out=0, rdr=0, mra=0, tp_pct=0.0 with enabled detecting motions

Noise stats for 1640028.703: out=0, rdr=0, mra=0, tp_pct=0.0 with disabled detecting motions
/home/kestutis/miniconda3/envs/ITP259/lib/python3.11/site-packages/sklearn/base.py:486: UserWarning: X has feature names, but StandardScaler was fitted without feature names
  warnings.warn(
ectopy_stats={'ectN': 454, 'ectS': 0, 'ectV': 1, 'ectU': 2} with disabled detecting motions
Done 956/1088 | 1640028.703 | record time: 00:03

------------------------------------------------------------------------------------------
957/1088 | 1640030.539 | 1075_5 | row 960 | new: False | elapsed: 63:32
Noise stats for 1640030.539: out=0, rdr=0, mra=0, tp_pct=0.0 with enabled detecting motions

Noise stats for 1640030.539: out=0, rdr=0, mra=0, tp_pct=0.0 with disabled detecting motions
/home/kestutis/miniconda3/envs/ITP259/lib/python3.11/site-packages/sklearn/base.py:486: UserWarning: X has feature names, but StandardScaler was fitted without feature names
  warnings.warn(
ectopy_stats={'ectN': 489, 'ectS': 0, 'ectV': 0, 'ectU': 2} with disabled detecting motions
Done 957/1088 | 1640030.539 | record time: 00:03

------------------------------------------------------------------------------------------
958/1088 | 1640034.194 | 1075_6 | row 961 | new: False | elapsed: 63:35
Noise stats for 1640034.194: out=1, rdr=0, mra=0, tp_pct=0.7 with enabled detecting motions

Noise stats for 1640034.194: out=1, rdr=0, mra=0, tp_pct=0.7 with disabled detecting motions
/home/kestutis/miniconda3/envs/ITP259/lib/python3.11/site-packages/sklearn/base.py:486: UserWarning: X has feature names, but StandardScaler was fitted without feature names
  warnings.warn(
ectopy_stats={'ectN': 448, 'ectS': 0, 'ectV': 1, 'ectU': 3} with disabled detecting motions
Done 958/1088 | 1640034.194 | record time: 00:03

------------------------------------------------------------------------------------------
959/1088 | 1640590.013 | 1077_11 | row 967 | new: False | elapsed: 63:38
Noise stats for 1640590.013: out=3, rdr=0, mra=1, tp_pct=6.4 with enabled detecting motions

Noise stats for 1640590.013: out=3, rdr=0, mra=0, tp_pct=4.0 with disabled detecting motions
/home/kestutis/miniconda3/envs/ITP259/lib/python3.11/site-packages/sklearn/base.py:486: UserWarning: X has feature names, but StandardScaler was fitted without feature names
  warnings.warn(
ectopy_stats={'ectN': 546, 'ectS': 1, 'ectV': 20, 'ectU': 34} with disabled detecting motions
Done 959/1088 | 1640590.013 | record time: 00:04

------------------------------------------------------------------------------------------
960/1088 | 1640632.299 | 1077_6 | row 972 | new: False | elapsed: 63:42
Noise stats for 1640632.299: out=2, rdr=0, mra=3, tp_pct=8.9 with enabled detecting motions

Noise stats for 1640632.299: out=2, rdr=0, mra=0, tp_pct=4.3 with disabled detecting motions
/home/kestutis/miniconda3/envs/ITP259/lib/python3.11/site-packages/sklearn/base.py:486: UserWarning: X has feature names, but StandardScaler was fitted without feature names
  warnings.warn(
ectopy_stats={'ectN': 565, 'ectS': 0, 'ectV': 0, 'ectU': 4} with disabled detecting motions
Done 960/1088 | 1640632.299 | record time: 00:04

------------------------------------------------------------------------------------------
961/1088 | 1640632.924 | 1077_2 | row 968 | new: False | elapsed: 63:46
Noise stats for 1640632.924: out=1, rdr=0, mra=1, tp_pct=3.0 with enabled detecting motions

Noise stats for 1640632.924: out=1, rdr=0, mra=0, tp_pct=0.7 with disabled detecting motions
/home/kestutis/miniconda3/envs/ITP259/lib/python3.11/site-packages/sklearn/base.py:486: UserWarning: X has feature names, but StandardScaler was fitted without feature names
  warnings.warn(
ectopy_stats={'ectN': 584, 'ectS': 1, 'ectV': 0, 'ectU': 2} with disabled detecting motions
Done 961/1088 | 1640632.924 | record time: 00:04

------------------------------------------------------------------------------------------
962/1088 | 1640633.548 | 1077_0 | row 964 | new: False | elapsed: 63:49
Noise stats for 1640633.548: out=1, rdr=0, mra=0, tp_pct=3.0 with enabled detecting motions

Noise stats for 1640633.548: out=1, rdr=0, mra=0, tp_pct=3.0 with disabled detecting motions
/home/kestutis/miniconda3/envs/ITP259/lib/python3.11/site-packages/sklearn/base.py:486: UserWarning: X has feature names, but StandardScaler was fitted without feature names
  warnings.warn(
ectopy_stats={'ectN': 569, 'ectS': 0, 'ectV': 0, 'ectU': 3} with disabled detecting motions
Done 962/1088 | 1640633.548 | record time: 00:04

------------------------------------------------------------------------------------------
963/1088 | 1640634.173 | 1077_4 | row 970 | new: False | elapsed: 63:53
Noise stats for 1640634.173: out=0, rdr=0, mra=1, tp_pct=1.4 with enabled detecting motions

Noise stats for 1640634.173: out=0, rdr=0, mra=0, tp_pct=0.0 with disabled detecting motions
/home/kestutis/miniconda3/envs/ITP259/lib/python3.11/site-packages/sklearn/base.py:486: UserWarning: X has feature names, but StandardScaler was fitted without feature names
  warnings.warn(
ectopy_stats={'ectN': 591, 'ectS': 0, 'ectV': 0, 'ectU': 2} with disabled detecting motions
Done 963/1088 | 1640634.173 | record time: 00:04

------------------------------------------------------------------------------------------
964/1088 | 1640634.797 | 1077_8 | row 974 | new: False | elapsed: 63:57
Noise stats for 1640634.797: out=0, rdr=0, mra=0, tp_pct=0.0 with enabled detecting motions

Noise stats for 1640634.797: out=0, rdr=0, mra=0, tp_pct=0.0 with disabled detecting motions
/home/kestutis/miniconda3/envs/ITP259/lib/python3.11/site-packages/sklearn/base.py:486: UserWarning: X has feature names, but StandardScaler was fitted without feature names
  warnings.warn(
ectopy_stats={'ectN': 590, 'ectS': 0, 'ectV': 0, 'ectU': 2} with disabled detecting motions
Done 964/1088 | 1640634.797 | record time: 00:04

------------------------------------------------------------------------------------------
965/1088 | 1640635.422 | 1077_9 | row 975 | new: False | elapsed: 64:00
Noise stats for 1640635.422: out=0, rdr=0, mra=0, tp_pct=0.0 with enabled detecting motions

Noise stats for 1640635.422: out=0, rdr=0, mra=0, tp_pct=0.0 with disabled detecting motions
/home/kestutis/miniconda3/envs/ITP259/lib/python3.11/site-packages/sklearn/base.py:486: UserWarning: X has feature names, but StandardScaler was fitted without feature names
  warnings.warn(
ectopy_stats={'ectN': 595, 'ectS': 0, 'ectV': 0, 'ectU': 2} with disabled detecting motions
Done 965/1088 | 1640635.422 | record time: 00:04

------------------------------------------------------------------------------------------
966/1088 | 1640636.05 | 1077_5 | row 971 | new: False | elapsed: 64:04
Noise stats for 1640636.050: out=1, rdr=0, mra=0, tp_pct=0.7 with enabled detecting motions

Noise stats for 1640636.050: out=1, rdr=0, mra=0, tp_pct=0.7 with disabled detecting motions
/home/kestutis/miniconda3/envs/ITP259/lib/python3.11/site-packages/sklearn/base.py:486: UserWarning: X has feature names, but StandardScaler was fitted without feature names
  warnings.warn(
ectopy_stats={'ectN': 587, 'ectS': 0, 'ectV': 0, 'ectU': 2} with disabled detecting motions
Done 966/1088 | 1640636.05 | record time: 00:04

------------------------------------------------------------------------------------------
967/1088 | 1640636.674 | 1077_3 | row 969 | new: False | elapsed: 64:08
Noise stats for 1640636.674: out=0, rdr=0, mra=0, tp_pct=0.0 with enabled detecting motions

Noise stats for 1640636.674: out=0, rdr=0, mra=0, tp_pct=0.0 with disabled detecting motions
/home/kestutis/miniconda3/envs/ITP259/lib/python3.11/site-packages/sklearn/base.py:486: UserWarning: X has feature names, but StandardScaler was fitted without feature names
  warnings.warn(
ectopy_stats={'ectN': 594, 'ectS': 0, 'ectV': 0, 'ectU': 2} with disabled detecting motions
Done 967/1088 | 1640636.674 | record time: 00:04

------------------------------------------------------------------------------------------
968/1088 | 1640637.299 | 1077_1 | row 965 | new: False | elapsed: 64:11
Noise stats for 1640637.299: out=0, rdr=0, mra=0, tp_pct=0.0 with enabled detecting motions

Noise stats for 1640637.299: out=0, rdr=0, mra=0, tp_pct=0.0 with disabled detecting motions
/home/kestutis/miniconda3/envs/ITP259/lib/python3.11/site-packages/sklearn/base.py:486: UserWarning: X has feature names, but StandardScaler was fitted without feature names
  warnings.warn(
ectopy_stats={'ectN': 584, 'ectS': 1, 'ectV': 0, 'ectU': 2} with disabled detecting motions
Done 968/1088 | 1640637.299 | record time: 00:04

------------------------------------------------------------------------------------------
969/1088 | 1640645.58 | 1077_10 | row 966 | new: False | elapsed: 64:15
Noise stats for 1640645.580: out=1, rdr=0, mra=8, tp_pct=27.7 with enabled detecting motions

Noise stats for 1640645.580: out=1, rdr=0, mra=0, tp_pct=0.7 with disabled detecting motions
/home/kestutis/miniconda3/envs/ITP259/lib/python3.11/site-packages/sklearn/base.py:486: UserWarning: X has feature names, but StandardScaler was fitted without feature names
  warnings.warn(
ectopy_stats={'ectN': 530, 'ectS': 0, 'ectV': 0, 'ectU': 2} with disabled detecting motions
Done 969/1088 | 1640645.58 | record time: 00:04

------------------------------------------------------------------------------------------
970/1088 | 1640650.27 | 1077_7 | row 973 | new: False | elapsed: 64:19
Noise stats for 1640650.270: out=1, rdr=0, mra=5, tp_pct=78.3 with enabled detecting motions

Noise stats for 1640650.270: out=1, rdr=0, mra=0, tp_pct=0.7 with disabled detecting motions
/home/kestutis/miniconda3/envs/ITP259/lib/python3.11/site-packages/sklearn/base.py:486: UserWarning: X has feature names, but StandardScaler was fitted without feature names
  warnings.warn(
ectopy_stats={'ectN': 484, 'ectS': 0, 'ectV': 0, 'ectU': 2} with disabled detecting motions
Done 970/1088 | 1640650.27 | record time: 00:03

------------------------------------------------------------------------------------------
971/1088 | 1641199.904 | 1076_0 | row 963 | new: False | elapsed: 64:22
Noise stats for 1641199.904: out=1, rdr=0, mra=1, tp_pct=5.2 with enabled detecting motions

Noise stats for 1641199.904: out=1, rdr=0, mra=0, tp_pct=1.8 with disabled detecting motions
/home/kestutis/miniconda3/envs/ITP259/lib/python3.11/site-packages/sklearn/base.py:486: UserWarning: X has feature names, but StandardScaler was fitted without feature names
  warnings.warn(
ectopy_stats={'ectN': 650, 'ectS': 0, 'ectV': 0, 'ectU': 4} with disabled detecting motions
Done 971/1088 | 1641199.904 | record time: 00:04

------------------------------------------------------------------------------------------
972/1088 | 1642011.715 | 1078_0 | row 976 | new: False | elapsed: 64:26
Noise stats for 1642011.715: out=0, rdr=0, mra=4, tp_pct=19.5 with enabled detecting motions

Noise stats for 1642011.715: out=0, rdr=0, mra=0, tp_pct=0.0 with disabled detecting motions
/home/kestutis/miniconda3/envs/ITP259/lib/python3.11/site-packages/sklearn/base.py:486: UserWarning: X has feature names, but StandardScaler was fitted without feature names
  warnings.warn(
ectopy_stats={'ectN': 570, 'ectS': 0, 'ectV': 1, 'ectU': 3} with disabled detecting motions
Done 972/1088 | 1642011.715 | record time: 00:04

------------------------------------------------------------------------------------------
973/1088 | 1642448.79 | 1080_2 | row 996 | new: False | elapsed: 64:30
Noise stats for 1642448.790: out=0, rdr=0, mra=0, tp_pct=0.0 with enabled detecting motions

Noise stats for 1642448.790: out=0, rdr=0, mra=0, tp_pct=0.0 with disabled detecting motions
/home/kestutis/miniconda3/envs/ITP259/lib/python3.11/site-packages/sklearn/base.py:486: UserWarning: X has feature names, but StandardScaler was fitted without feature names
  warnings.warn(
ectopy_stats={'ectN': 605, 'ectS': 1, 'ectV': 1, 'ectU': 3} with disabled detecting motions
Done 973/1088 | 1642448.79 | record time: 00:04

------------------------------------------------------------------------------------------
974/1088 | 1642449.414 | 1080_7 | row 1001 | new: False | elapsed: 64:33
Noise stats for 1642449.414: out=0, rdr=0, mra=0, tp_pct=0.0 with enabled detecting motions

Noise stats for 1642449.414: out=0, rdr=0, mra=0, tp_pct=0.0 with disabled detecting motions
/home/kestutis/miniconda3/envs/ITP259/lib/python3.11/site-packages/sklearn/base.py:486: UserWarning: X has feature names, but StandardScaler was fitted without feature names
  warnings.warn(
ectopy_stats={'ectN': 592, 'ectS': 0, 'ectV': 1, 'ectU': 2} with disabled detecting motions
Done 974/1088 | 1642449.414 | record time: 00:04

------------------------------------------------------------------------------------------
975/1088 | 1642450.038 | 1080_3 | row 997 | new: False | elapsed: 64:37
Noise stats for 1642450.038: out=0, rdr=0, mra=0, tp_pct=0.0 with enabled detecting motions

Noise stats for 1642450.038: out=0, rdr=0, mra=0, tp_pct=0.0 with disabled detecting motions
/home/kestutis/miniconda3/envs/ITP259/lib/python3.11/site-packages/sklearn/base.py:486: UserWarning: X has feature names, but StandardScaler was fitted without feature names
  warnings.warn(
ectopy_stats={'ectN': 550, 'ectS': 2, 'ectV': 0, 'ectU': 2} with disabled detecting motions
Done 975/1088 | 1642450.038 | record time: 00:04

------------------------------------------------------------------------------------------
976/1088 | 1642451.29 | 1080_12 | row 994 | new: False | elapsed: 64:41
Noise stats for 1642451.290: out=0, rdr=0, mra=0, tp_pct=0.0 with enabled detecting motions

Noise stats for 1642451.290: out=0, rdr=0, mra=0, tp_pct=0.0 with disabled detecting motions
/home/kestutis/miniconda3/envs/ITP259/lib/python3.11/site-packages/sklearn/base.py:486: UserWarning: X has feature names, but StandardScaler was fitted without feature names
  warnings.warn(
ectopy_stats={'ectN': 546, 'ectS': 1, 'ectV': 0, 'ectU': 2} with disabled detecting motions
Done 976/1088 | 1642451.29 | record time: 00:04

------------------------------------------------------------------------------------------
977/1088 | 1642452.541 | 1080_11 | row 993 | new: False | elapsed: 64:44
Noise stats for 1642452.541: out=0, rdr=0, mra=2, tp_pct=5.6 with enabled detecting motions

Noise stats for 1642452.541: out=0, rdr=0, mra=0, tp_pct=0.0 with disabled detecting motions
/home/kestutis/miniconda3/envs/ITP259/lib/python3.11/site-packages/sklearn/base.py:486: UserWarning: X has feature names, but StandardScaler was fitted without feature names
  warnings.warn(
ectopy_stats={'ectN': 586, 'ectS': 0, 'ectV': 1, 'ectU': 2} with disabled detecting motions
Done 977/1088 | 1642452.541 | record time: 00:04

------------------------------------------------------------------------------------------
978/1088 | 1642453.164 | 1080_10 | row 992 | new: False | elapsed: 64:48
Noise stats for 1642453.164: out=0, rdr=0, mra=0, tp_pct=0.0 with enabled detecting motions

Noise stats for 1642453.164: out=0, rdr=0, mra=0, tp_pct=0.0 with disabled detecting motions
/home/kestutis/miniconda3/envs/ITP259/lib/python3.11/site-packages/sklearn/base.py:486: UserWarning: X has feature names, but StandardScaler was fitted without feature names
  warnings.warn(
ectopy_stats={'ectN': 569, 'ectS': 0, 'ectV': 1, 'ectU': 2} with disabled detecting motions
Done 978/1088 | 1642453.164 | record time: 00:04

------------------------------------------------------------------------------------------
979/1088 | 1642454.416 | 1080_9 | row 1003 | new: False | elapsed: 64:52
Noise stats for 1642454.416: out=0, rdr=0, mra=1, tp_pct=2.3 with enabled detecting motions

Noise stats for 1642454.416: out=0, rdr=0, mra=0, tp_pct=0.0 with disabled detecting motions
/home/kestutis/miniconda3/envs/ITP259/lib/python3.11/site-packages/sklearn/base.py:486: UserWarning: X has feature names, but StandardScaler was fitted without feature names
  warnings.warn(
ectopy_stats={'ectN': 589, 'ectS': 0, 'ectV': 0, 'ectU': 2} with disabled detecting motions
Done 979/1088 | 1642454.416 | record time: 00:04

------------------------------------------------------------------------------------------
980/1088 | 1642455.039 | 1080_13 | row 995 | new: False | elapsed: 64:55
Noise stats for 1642455.039: out=0, rdr=0, mra=1, tp_pct=4.5 with enabled detecting motions

Noise stats for 1642455.039: out=0, rdr=0, mra=0, tp_pct=0.0 with disabled detecting motions
/home/kestutis/miniconda3/envs/ITP259/lib/python3.11/site-packages/sklearn/base.py:486: UserWarning: X has feature names, but StandardScaler was fitted without feature names
  warnings.warn(
ectopy_stats={'ectN': 565, 'ectS': 0, 'ectV': 0, 'ectU': 2} with disabled detecting motions
Done 980/1088 | 1642455.039 | record time: 00:04

------------------------------------------------------------------------------------------
981/1088 | 1642455.663 | 1080_1 | row 991 | new: False | elapsed: 64:59
Noise stats for 1642455.663: out=0, rdr=0, mra=0, tp_pct=0.0 with enabled detecting motions

Noise stats for 1642455.663: out=0, rdr=0, mra=0, tp_pct=0.0 with disabled detecting motions
/home/kestutis/miniconda3/envs/ITP259/lib/python3.11/site-packages/sklearn/base.py:486: UserWarning: X has feature names, but StandardScaler was fitted without feature names
  warnings.warn(
ectopy_stats={'ectN': 550, 'ectS': 1, 'ectV': 2, 'ectU': 2} with disabled detecting motions
Done 981/1088 | 1642455.663 | record time: 00:04

------------------------------------------------------------------------------------------
982/1088 | 1642456.291 | 1080_6 | row 1000 | new: False | elapsed: 65:03
Noise stats for 1642456.291: out=0, rdr=0, mra=0, tp_pct=0.0 with enabled detecting motions

Noise stats for 1642456.291: out=0, rdr=0, mra=0, tp_pct=0.0 with disabled detecting motions
/home/kestutis/miniconda3/envs/ITP259/lib/python3.11/site-packages/sklearn/base.py:486: UserWarning: X has feature names, but StandardScaler was fitted without feature names
  warnings.warn(
ectopy_stats={'ectN': 552, 'ectS': 1, 'ectV': 0, 'ectU': 2} with disabled detecting motions
Done 982/1088 | 1642456.291 | record time: 00:04

------------------------------------------------------------------------------------------
983/1088 | 1642456.915 | 1080_8 | row 1002 | new: False | elapsed: 65:06
Noise stats for 1642456.915: out=0, rdr=0, mra=0, tp_pct=0.0 with enabled detecting motions

Noise stats for 1642456.915: out=0, rdr=0, mra=0, tp_pct=0.0 with disabled detecting motions
/home/kestutis/miniconda3/envs/ITP259/lib/python3.11/site-packages/sklearn/base.py:486: UserWarning: X has feature names, but StandardScaler was fitted without feature names
  warnings.warn(
ectopy_stats={'ectN': 554, 'ectS': 1, 'ectV': 0, 'ectU': 2} with disabled detecting motions
Done 983/1088 | 1642456.915 | record time: 00:04

------------------------------------------------------------------------------------------
984/1088 | 1642458.792 | 1080_5 | row 999 | new: False | elapsed: 65:10
Noise stats for 1642458.792: out=0, rdr=0, mra=0, tp_pct=0.0 with enabled detecting motions

Noise stats for 1642458.792: out=0, rdr=0, mra=0, tp_pct=0.0 with disabled detecting motions
/home/kestutis/miniconda3/envs/ITP259/lib/python3.11/site-packages/sklearn/base.py:486: UserWarning: X has feature names, but StandardScaler was fitted without feature names
  warnings.warn(
ectopy_stats={'ectN': 562, 'ectS': 1, 'ectV': 0, 'ectU': 2} with disabled detecting motions
Done 984/1088 | 1642458.792 | record time: 00:04

------------------------------------------------------------------------------------------
985/1088 | 1642459.417 | 1080_4 | row 998 | new: False | elapsed: 65:14
Noise stats for 1642459.417: out=0, rdr=0, mra=0, tp_pct=0.0 with enabled detecting motions

Noise stats for 1642459.417: out=0, rdr=0, mra=0, tp_pct=0.0 with disabled detecting motions
/home/kestutis/miniconda3/envs/ITP259/lib/python3.11/site-packages/sklearn/base.py:486: UserWarning: X has feature names, but StandardScaler was fitted without feature names
  warnings.warn(
ectopy_stats={'ectN': 578, 'ectS': 1, 'ectV': 0, 'ectU': 2} with disabled detecting motions
Done 985/1088 | 1642459.417 | record time: 00:04

------------------------------------------------------------------------------------------
986/1088 | 1642460.045 | 1080_0 | row 990 | new: False | elapsed: 65:17
Noise stats for 1642460.045: out=0, rdr=0, mra=0, tp_pct=0.0 with enabled detecting motions

Noise stats for 1642460.045: out=0, rdr=0, mra=0, tp_pct=0.0 with disabled detecting motions
/home/kestutis/miniconda3/envs/ITP259/lib/python3.11/site-packages/sklearn/base.py:486: UserWarning: X has feature names, but StandardScaler was fitted without feature names
  warnings.warn(
ectopy_stats={'ectN': 594, 'ectS': 0, 'ectV': 0, 'ectU': 2} with disabled detecting motions
Done 986/1088 | 1642460.045 | record time: 00:04

------------------------------------------------------------------------------------------
987/1088 | 1642626.165 | 1079_9 | row 989 | new: False | elapsed: 65:21
Noise stats for 1642626.165: out=0, rdr=0, mra=1, tp_pct=2.8 with enabled detecting motions

Noise stats for 1642626.165: out=0, rdr=0, mra=0, tp_pct=0.0 with disabled detecting motions
/home/kestutis/miniconda3/envs/ITP259/lib/python3.11/site-packages/sklearn/base.py:486: UserWarning: X has feature names, but StandardScaler was fitted without feature names
  warnings.warn(
ectopy_stats={'ectN': 580, 'ectS': 10, 'ectV': 2, 'ectU': 3} with disabled detecting motions
Done 987/1088 | 1642626.165 | record time: 00:04

------------------------------------------------------------------------------------------
988/1088 | 1642626.785 | 1079_7 | row 987 | new: False | elapsed: 65:25
Noise stats for 1642626.785: out=0, rdr=0, mra=1, tp_pct=2.8 with enabled detecting motions

Noise stats for 1642626.785: out=0, rdr=0, mra=0, tp_pct=0.0 with disabled detecting motions
/home/kestutis/miniconda3/envs/ITP259/lib/python3.11/site-packages/sklearn/base.py:486: UserWarning: X has feature names, but StandardScaler was fitted without feature names
  warnings.warn(
ectopy_stats={'ectN': 564, 'ectS': 17, 'ectV': 4, 'ectU': 4} with disabled detecting motions
Done 988/1088 | 1642626.785 | record time: 00:04

------------------------------------------------------------------------------------------
989/1088 | 1642627.41 | 1079_2 | row 982 | new: False | elapsed: 65:29
Noise stats for 1642627.410: out=0, rdr=0, mra=0, tp_pct=0.0 with enabled detecting motions

Noise stats for 1642627.410: out=0, rdr=0, mra=0, tp_pct=0.0 with disabled detecting motions
/home/kestutis/miniconda3/envs/ITP259/lib/python3.11/site-packages/sklearn/base.py:486: UserWarning: X has feature names, but StandardScaler was fitted without feature names
  warnings.warn(
ectopy_stats={'ectN': 484, 'ectS': 82, 'ectV': 14, 'ectU': 10} with disabled detecting motions
Done 989/1088 | 1642627.41 | record time: 00:04

------------------------------------------------------------------------------------------
990/1088 | 1642628.03 | 1079_1 | row 978 | new: False | elapsed: 65:32
Noise stats for 1642628.030: out=0, rdr=0, mra=0, tp_pct=0.0 with enabled detecting motions

Noise stats for 1642628.030: out=0, rdr=0, mra=0, tp_pct=0.0 with disabled detecting motions
/home/kestutis/miniconda3/envs/ITP259/lib/python3.11/site-packages/sklearn/base.py:486: UserWarning: X has feature names, but StandardScaler was fitted without feature names
  warnings.warn(
ectopy_stats={'ectN': 489, 'ectS': 85, 'ectV': 11, 'ectU': 11} with disabled detecting motions
Done 990/1088 | 1642628.03 | record time: 00:04

------------------------------------------------------------------------------------------
991/1088 | 1642629.274 | 1079_5 | row 985 | new: False | elapsed: 65:36
Noise stats for 1642629.274: out=0, rdr=0, mra=4, tp_pct=11.2 with enabled detecting motions

Noise stats for 1642629.274: out=0, rdr=0, mra=0, tp_pct=0.0 with disabled detecting motions
/home/kestutis/miniconda3/envs/ITP259/lib/python3.11/site-packages/sklearn/base.py:486: UserWarning: X has feature names, but StandardScaler was fitted without feature names
  warnings.warn(
ectopy_stats={'ectN': 516, 'ectS': 30, 'ectV': 0, 'ectU': 11} with disabled detecting motions
Done 991/1088 | 1642629.274 | record time: 00:04

------------------------------------------------------------------------------------------
992/1088 | 1642629.898 | 1079_4 | row 984 | new: False | elapsed: 65:40
Noise stats for 1642629.898: out=0, rdr=0, mra=10, tp_pct=36.2 with enabled detecting motions

Noise stats for 1642629.898: out=0, rdr=0, mra=0, tp_pct=0.0 with disabled detecting motions
/home/kestutis/miniconda3/envs/ITP259/lib/python3.11/site-packages/sklearn/base.py:486: UserWarning: X has feature names, but StandardScaler was fitted without feature names
  warnings.warn(
ectopy_stats={'ectN': 524, 'ectS': 34, 'ectV': 0, 'ectU': 5} with disabled detecting motions
Done 992/1088 | 1642629.898 | record time: 00:04

------------------------------------------------------------------------------------------
993/1088 | 1642630.518 | 1079_0 | row 977 | new: False | elapsed: 65:43
Noise stats for 1642630.518: out=0, rdr=0, mra=7, tp_pct=16.4 with enabled detecting motions

Noise stats for 1642630.518: out=0, rdr=0, mra=0, tp_pct=0.0 with disabled detecting motions
/home/kestutis/miniconda3/envs/ITP259/lib/python3.11/site-packages/sklearn/base.py:486: UserWarning: X has feature names, but StandardScaler was fitted without feature names
  warnings.warn(
ectopy_stats={'ectN': 465, 'ectS': 76, 'ectV': 2, 'ectU': 10} with disabled detecting motions
Done 993/1088 | 1642630.518 | record time: 00:04

------------------------------------------------------------------------------------------
994/1088 | 1642631.138 | 1079_3 | row 983 | new: False | elapsed: 65:47
Noise stats for 1642631.138: out=0, rdr=0, mra=9, tp_pct=22.3 with enabled detecting motions

Noise stats for 1642631.138: out=0, rdr=0, mra=0, tp_pct=0.0 with disabled detecting motions
/home/kestutis/miniconda3/envs/ITP259/lib/python3.11/site-packages/sklearn/base.py:486: UserWarning: X has feature names, but StandardScaler was fitted without feature names
  warnings.warn(
ectopy_stats={'ectN': 496, 'ectS': 42, 'ectV': 2, 'ectU': 7} with disabled detecting motions
Done 994/1088 | 1642631.138 | record time: 00:04

------------------------------------------------------------------------------------------
995/1088 | 1642632.378 | 1079_10 | row 979 | new: False | elapsed: 65:50
Noise stats for 1642632.378: out=0, rdr=0, mra=4, tp_pct=13.1 with enabled detecting motions

Noise stats for 1642632.378: out=0, rdr=0, mra=0, tp_pct=0.0 with disabled detecting motions
/home/kestutis/miniconda3/envs/ITP259/lib/python3.11/site-packages/sklearn/base.py:486: UserWarning: X has feature names, but StandardScaler was fitted without feature names
  warnings.warn(
ectopy_stats={'ectN': 534, 'ectS': 18, 'ectV': 2, 'ectU': 2} with disabled detecting motions
Done 995/1088 | 1642632.378 | record time: 00:04

------------------------------------------------------------------------------------------
996/1088 | 1642632.998 | 1079_12 | row 981 | new: False | elapsed: 65:54
Noise stats for 1642632.998: out=0, rdr=0, mra=3, tp_pct=10.5 with enabled detecting motions

Noise stats for 1642632.998: out=0, rdr=0, mra=0, tp_pct=0.0 with disabled detecting motions
/home/kestutis/miniconda3/envs/ITP259/lib/python3.11/site-packages/sklearn/base.py:486: UserWarning: X has feature names, but StandardScaler was fitted without feature names
  warnings.warn(
ectopy_stats={'ectN': 533, 'ectS': 16, 'ectV': 2, 'ectU': 3} with disabled detecting motions
Done 996/1088 | 1642632.998 | record time: 00:04

------------------------------------------------------------------------------------------
997/1088 | 1642633.618 | 1079_6 | row 986 | new: False | elapsed: 65:58
Noise stats for 1642633.618: out=0, rdr=0, mra=5, tp_pct=15.0 with enabled detecting motions

Noise stats for 1642633.618: out=0, rdr=0, mra=0, tp_pct=0.0 with disabled detecting motions
/home/kestutis/miniconda3/envs/ITP259/lib/python3.11/site-packages/sklearn/base.py:486: UserWarning: X has feature names, but StandardScaler was fitted without feature names
  warnings.warn(
ectopy_stats={'ectN': 502, 'ectS': 31, 'ectV': 1, 'ectU': 6} with disabled detecting motions
Done 997/1088 | 1642633.618 | record time: 00:04

------------------------------------------------------------------------------------------
998/1088 | 1642634.862 | 1079_11 | row 980 | new: False | elapsed: 66:01
Noise stats for 1642634.862: out=0, rdr=0, mra=6, tp_pct=42.5 with enabled detecting motions

Noise stats for 1642634.862: out=0, rdr=0, mra=0, tp_pct=0.0 with disabled detecting motions
/home/kestutis/miniconda3/envs/ITP259/lib/python3.11/site-packages/sklearn/base.py:486: UserWarning: X has feature names, but StandardScaler was fitted without feature names
  warnings.warn(
ectopy_stats={'ectN': 542, 'ectS': 16, 'ectV': 1, 'ectU': 2} with disabled detecting motions
Done 998/1088 | 1642634.862 | record time: 00:04

------------------------------------------------------------------------------------------
999/1088 | 1642635.482 | 1079_8 | row 988 | new: False | elapsed: 66:05
Noise stats for 1642635.482: out=0, rdr=0, mra=4, tp_pct=9.7 with enabled detecting motions

Noise stats for 1642635.482: out=0, rdr=0, mra=0, tp_pct=0.0 with disabled detecting motions
/home/kestutis/miniconda3/envs/ITP259/lib/python3.11/site-packages/sklearn/base.py:486: UserWarning: X has feature names, but StandardScaler was fitted without feature names
  warnings.warn(
ectopy_stats={'ectN': 510, 'ectS': 30, 'ectV': 1, 'ectU': 5} with disabled detecting motions
Done 999/1088 | 1642635.482 | record time: 00:04

------------------------------------------------------------------------------------------
1000/1088 | 1643053.84 | 1086_6 | row 1050 | new: False | elapsed: 66:08
Noise stats for 1643053.840: out=0, rdr=0, mra=0, tp_pct=0.0 with enabled detecting motions

Noise stats for 1643053.840: out=0, rdr=0, mra=0, tp_pct=0.0 with disabled detecting motions
/home/kestutis/miniconda3/envs/ITP259/lib/python3.11/site-packages/sklearn/base.py:486: UserWarning: X has feature names, but StandardScaler was fitted without feature names
  warnings.warn(
ectopy_stats={'ectN': 539, 'ectS': 25, 'ectV': 27, 'ectU': 15} with disabled detecting motions
Done 1000/1088 | 1643053.84 | record time: 00:04

------------------------------------------------------------------------------------------
1001/1088 | 1643054.465 | 1086_3 | row 1047 | new: False | elapsed: 66:12
Noise stats for 1643054.465: out=0, rdr=0, mra=0, tp_pct=0.0 with enabled detecting motions

Noise stats for 1643054.465: out=0, rdr=0, mra=0, tp_pct=0.0 with disabled detecting motions
/home/kestutis/miniconda3/envs/ITP259/lib/python3.11/site-packages/sklearn/base.py:486: UserWarning: X has feature names, but StandardScaler was fitted without feature names
  warnings.warn(
ectopy_stats={'ectN': 520, 'ectS': 39, 'ectV': 30, 'ectU': 35} with disabled detecting motions
Done 1001/1088 | 1643054.465 | record time: 00:04

------------------------------------------------------------------------------------------
1002/1088 | 1643055.09 | 1086_4 | row 1048 | new: False | elapsed: 66:16
Noise stats for 1643055.090: out=0, rdr=0, mra=1, tp_pct=2.7 with enabled detecting motions

Noise stats for 1643055.090: out=0, rdr=0, mra=0, tp_pct=0.0 with disabled detecting motions
/home/kestutis/miniconda3/envs/ITP259/lib/python3.11/site-packages/sklearn/base.py:486: UserWarning: X has feature names, but StandardScaler was fitted without feature names
  warnings.warn(
ectopy_stats={'ectN': 539, 'ectS': 44, 'ectV': 34, 'ectU': 28} with disabled detecting motions
Done 1002/1088 | 1643055.09 | record time: 00:04

------------------------------------------------------------------------------------------
1003/1088 | 1643055.715 | 1086_10 | row 1039 | new: False | elapsed: 66:20
Noise stats for 1643055.715: out=0, rdr=0, mra=0, tp_pct=0.0 with enabled detecting motions

Noise stats for 1643055.715: out=0, rdr=0, mra=0, tp_pct=0.0 with disabled detecting motions
/home/kestutis/miniconda3/envs/ITP259/lib/python3.11/site-packages/sklearn/base.py:486: UserWarning: X has feature names, but StandardScaler was fitted without feature names
  warnings.warn(
ectopy_stats={'ectN': 512, 'ectS': 45, 'ectV': 17, 'ectU': 39} with disabled detecting motions
Done 1003/1088 | 1643055.715 | record time: 00:04

------------------------------------------------------------------------------------------
1004/1088 | 1643056.964 | 1086_0 | row 1037 | new: False | elapsed: 66:23
Noise stats for 1643056.964: out=0, rdr=0, mra=0, tp_pct=0.0 with enabled detecting motions

Noise stats for 1643056.964: out=0, rdr=0, mra=0, tp_pct=0.0 with disabled detecting motions
/home/kestutis/miniconda3/envs/ITP259/lib/python3.11/site-packages/sklearn/base.py:486: UserWarning: X has feature names, but StandardScaler was fitted without feature names
  warnings.warn(
ectopy_stats={'ectN': 524, 'ectS': 52, 'ectV': 33, 'ectU': 34} with disabled detecting motions
Done 1004/1088 | 1643056.964 | record time: 00:04

------------------------------------------------------------------------------------------
1005/1088 | 1643057.588 | 1086_13 | row 1042 | new: False | elapsed: 66:27
Noise stats for 1643057.588: out=0, rdr=0, mra=0, tp_pct=0.0 with enabled detecting motions

Noise stats for 1643057.588: out=0, rdr=0, mra=0, tp_pct=0.0 with disabled detecting motions
/home/kestutis/miniconda3/envs/ITP259/lib/python3.11/site-packages/sklearn/base.py:486: UserWarning: X has feature names, but StandardScaler was fitted without feature names
  warnings.warn(
ectopy_stats={'ectN': 526, 'ectS': 36, 'ectV': 24, 'ectU': 27} with disabled detecting motions
Done 1005/1088 | 1643057.588 | record time: 00:04

------------------------------------------------------------------------------------------
1006/1088 | 1643058.841 | 1086_16 | row 1045 | new: False | elapsed: 66:31
Noise stats for 1643058.841: out=0, rdr=0, mra=0, tp_pct=0.0 with enabled detecting motions

Noise stats for 1643058.841: out=0, rdr=0, mra=0, tp_pct=0.0 with disabled detecting motions
/home/kestutis/miniconda3/envs/ITP259/lib/python3.11/site-packages/sklearn/base.py:486: UserWarning: X has feature names, but StandardScaler was fitted without feature names
  warnings.warn(
ectopy_stats={'ectN': 513, 'ectS': 43, 'ectV': 15, 'ectU': 28} with disabled detecting motions
Done 1006/1088 | 1643058.841 | record time: 00:04

------------------------------------------------------------------------------------------
1007/1088 | 1643059.466 | 1086_8 | row 1052 | new: False | elapsed: 66:34
Noise stats for 1643059.466: out=0, rdr=0, mra=0, tp_pct=0.0 with enabled detecting motions

Noise stats for 1643059.466: out=0, rdr=0, mra=0, tp_pct=0.0 with disabled detecting motions
/home/kestutis/miniconda3/envs/ITP259/lib/python3.11/site-packages/sklearn/base.py:486: UserWarning: X has feature names, but StandardScaler was fitted without feature names
  warnings.warn(
ectopy_stats={'ectN': 526, 'ectS': 41, 'ectV': 18, 'ectU': 39} with disabled detecting motions
Done 1007/1088 | 1643059.466 | record time: 00:04

------------------------------------------------------------------------------------------
1008/1088 | 1643059.99 | 1085_0 | row 1036 | new: False | elapsed: 66:38
Noise stats for 1643059.990: out=0, rdr=0, mra=11, tp_pct=46.7 with enabled detecting motions

Noise stats for 1643059.990: out=0, rdr=0, mra=0, tp_pct=0.0 with disabled detecting motions
/home/kestutis/miniconda3/envs/ITP259/lib/python3.11/site-packages/sklearn/base.py:486: UserWarning: X has feature names, but StandardScaler was fitted without feature names
  warnings.warn(
ectopy_stats={'ectN': 577, 'ectS': 0, 'ectV': 5, 'ectU': 11} with disabled detecting motions
Done 1008/1088 | 1643059.99 | record time: 00:04

------------------------------------------------------------------------------------------
1009/1088 | 1643060.093 | 1086_14 | row 1043 | new: False | elapsed: 66:42
Noise stats for 1643060.093: out=0, rdr=0, mra=0, tp_pct=0.0 with enabled detecting motions

Noise stats for 1643060.093: out=0, rdr=0, mra=0, tp_pct=0.0 with disabled detecting motions
/home/kestutis/miniconda3/envs/ITP259/lib/python3.11/site-packages/sklearn/base.py:486: UserWarning: X has feature names, but StandardScaler was fitted without feature names
  warnings.warn(
ectopy_stats={'ectN': 512, 'ectS': 46, 'ectV': 17, 'ectU': 28} with disabled detecting motions
Done 1009/1088 | 1643060.093 | record time: 00:04

------------------------------------------------------------------------------------------
1010/1088 | 1643060.716 | 1086_15 | row 1044 | new: False | elapsed: 66:46
Noise stats for 1643060.716: out=0, rdr=0, mra=0, tp_pct=0.0 with enabled detecting motions

Noise stats for 1643060.716: out=0, rdr=0, mra=0, tp_pct=0.0 with disabled detecting motions
/home/kestutis/miniconda3/envs/ITP259/lib/python3.11/site-packages/sklearn/base.py:486: UserWarning: X has feature names, but StandardScaler was fitted without feature names
  warnings.warn(
ectopy_stats={'ectN': 507, 'ectS': 45, 'ectV': 17, 'ectU': 27} with disabled detecting motions
Done 1010/1088 | 1643060.716 | record time: 00:04

------------------------------------------------------------------------------------------
1011/1088 | 1643061.34 | 1086_9 | row 1053 | new: False | elapsed: 66:49
Noise stats for 1643061.340: out=0, rdr=0, mra=0, tp_pct=0.0 with enabled detecting motions

Noise stats for 1643061.340: out=0, rdr=0, mra=0, tp_pct=0.0 with disabled detecting motions
/home/kestutis/miniconda3/envs/ITP259/lib/python3.11/site-packages/sklearn/base.py:486: UserWarning: X has feature names, but StandardScaler was fitted without feature names
  warnings.warn(
ectopy_stats={'ectN': 509, 'ectS': 59, 'ectV': 35, 'ectU': 18} with disabled detecting motions
Done 1011/1088 | 1643061.34 | record time: 00:04

------------------------------------------------------------------------------------------
1012/1088 | 1643062.591 | 1086_1 | row 1038 | new: False | elapsed: 66:53
Noise stats for 1643062.591: out=0, rdr=0, mra=1, tp_pct=2.3 with enabled detecting motions

Noise stats for 1643062.591: out=0, rdr=0, mra=0, tp_pct=0.0 with disabled detecting motions
/home/kestutis/miniconda3/envs/ITP259/lib/python3.11/site-packages/sklearn/base.py:486: UserWarning: X has feature names, but StandardScaler was fitted without feature names
  warnings.warn(
ectopy_stats={'ectN': 500, 'ectS': 77, 'ectV': 27, 'ectU': 15} with disabled detecting motions
Done 1012/1088 | 1643062.591 | record time: 00:04

------------------------------------------------------------------------------------------
1013/1088 | 1643063.215 | 1086_2 | row 1046 | new: False | elapsed: 66:57
Noise stats for 1643063.215: out=0, rdr=0, mra=0, tp_pct=0.0 with enabled detecting motions

Noise stats for 1643063.215: out=0, rdr=0, mra=0, tp_pct=0.0 with disabled detecting motions
/home/kestutis/miniconda3/envs/ITP259/lib/python3.11/site-packages/sklearn/base.py:486: UserWarning: X has feature names, but StandardScaler was fitted without feature names
  warnings.warn(
ectopy_stats={'ectN': 503, 'ectS': 72, 'ectV': 33, 'ectU': 14} with disabled detecting motions
Done 1013/1088 | 1643063.215 | record time: 00:04

------------------------------------------------------------------------------------------
1014/1088 | 1643063.844 | 1086_12 | row 1041 | new: False | elapsed: 67:00
Noise stats for 1643063.844: out=0, rdr=0, mra=0, tp_pct=0.0 with enabled detecting motions

Noise stats for 1643063.844: out=0, rdr=0, mra=0, tp_pct=0.0 with disabled detecting motions
/home/kestutis/miniconda3/envs/ITP259/lib/python3.11/site-packages/sklearn/base.py:486: UserWarning: X has feature names, but StandardScaler was fitted without feature names
  warnings.warn(
ectopy_stats={'ectN': 501, 'ectS': 53, 'ectV': 25, 'ectU': 16} with disabled detecting motions
Done 1014/1088 | 1643063.844 | record time: 00:04

------------------------------------------------------------------------------------------
1015/1088 | 1643064.468 | 1086_5 | row 1049 | new: False | elapsed: 67:04
Noise stats for 1643064.468: out=0, rdr=0, mra=0, tp_pct=0.0 with enabled detecting motions

Noise stats for 1643064.468: out=0, rdr=0, mra=0, tp_pct=0.0 with disabled detecting motions
/home/kestutis/miniconda3/envs/ITP259/lib/python3.11/site-packages/sklearn/base.py:486: UserWarning: X has feature names, but StandardScaler was fitted without feature names
  warnings.warn(
ectopy_stats={'ectN': 500, 'ectS': 61, 'ectV': 30, 'ectU': 20} with disabled detecting motions
Done 1015/1088 | 1643064.468 | record time: 00:04

------------------------------------------------------------------------------------------
1016/1088 | 1643064.901 | 1083_3 | row 1023 | new: False | elapsed: 67:08
Noise stats for 1643064.901: out=1, rdr=0, mra=2, tp_pct=6.9 with enabled detecting motions

Noise stats for 1643064.901: out=1, rdr=0, mra=0, tp_pct=0.7 with disabled detecting motions
/home/kestutis/miniconda3/envs/ITP259/lib/python3.11/site-packages/sklearn/base.py:486: UserWarning: X has feature names, but StandardScaler was fitted without feature names
  warnings.warn(
ectopy_stats={'ectN': 673, 'ectS': 2, 'ectV': 6, 'ectU': 2} with disabled detecting motions
Done 1016/1088 | 1643064.901 | record time: 00:04

------------------------------------------------------------------------------------------
1017/1088 | 1643065.093 | 1086_11 | row 1040 | new: False | elapsed: 67:12
Noise stats for 1643065.093: out=0, rdr=0, mra=0, tp_pct=0.0 with enabled detecting motions

Noise stats for 1643065.093: out=0, rdr=0, mra=0, tp_pct=0.0 with disabled detecting motions
/home/kestutis/miniconda3/envs/ITP259/lib/python3.11/site-packages/sklearn/base.py:486: UserWarning: X has feature names, but StandardScaler was fitted without feature names
  warnings.warn(
ectopy_stats={'ectN': 499, 'ectS': 61, 'ectV': 37, 'ectU': 16} with disabled detecting motions
Done 1017/1088 | 1643065.093 | record time: 00:04

------------------------------------------------------------------------------------------
1018/1088 | 1643065.525 | 1083_1 | row 1021 | new: False | elapsed: 67:16
Noise stats for 1643065.525: out=0, rdr=0, mra=0, tp_pct=0.0 with enabled detecting motions

Noise stats for 1643065.525: out=0, rdr=0, mra=0, tp_pct=0.0 with disabled detecting motions
/home/kestutis/miniconda3/envs/ITP259/lib/python3.11/site-packages/sklearn/base.py:486: UserWarning: X has feature names, but StandardScaler was fitted without feature names
  warnings.warn(
ectopy_stats={'ectN': 603, 'ectS': 0, 'ectV': 0, 'ectU': 2} with disabled detecting motions
Done 1018/1088 | 1643065.525 | record time: 00:04

------------------------------------------------------------------------------------------
1019/1088 | 1643065.721 | 1086_7 | row 1051 | new: False | elapsed: 67:19
Noise stats for 1643065.721: out=0, rdr=0, mra=0, tp_pct=0.0 with enabled detecting motions

Noise stats for 1643065.721: out=0, rdr=0, mra=0, tp_pct=0.0 with disabled detecting motions
/home/kestutis/miniconda3/envs/ITP259/lib/python3.11/site-packages/sklearn/base.py:486: UserWarning: X has feature names, but StandardScaler was fitted without feature names
  warnings.warn(
ectopy_stats={'ectN': 499, 'ectS': 59, 'ectV': 37, 'ectU': 19} with disabled detecting motions
Done 1019/1088 | 1643065.721 | record time: 00:04

------------------------------------------------------------------------------------------
1020/1088 | 1643068.627 | 1083_0 | row 1020 | new: False | elapsed: 67:23
Noise stats for 1643068.627: out=0, rdr=0, mra=1, tp_pct=2.5 with enabled detecting motions

Noise stats for 1643068.627: out=0, rdr=0, mra=0, tp_pct=0.0 with disabled detecting motions
/home/kestutis/miniconda3/envs/ITP259/lib/python3.11/site-packages/sklearn/base.py:486: UserWarning: X has feature names, but StandardScaler was fitted without feature names
  warnings.warn(
ectopy_stats={'ectN': 602, 'ectS': 0, 'ectV': 3, 'ectU': 4} with disabled detecting motions
Done 1020/1088 | 1643068.627 | record time: 00:04

------------------------------------------------------------------------------------------
1021/1088 | 1643069.252 | 1083_2 | row 1022 | new: False | elapsed: 67:27
Noise stats for 1643069.252: out=1, rdr=0, mra=0, tp_pct=0.7 with enabled detecting motions

Noise stats for 1643069.252: out=1, rdr=0, mra=0, tp_pct=0.7 with disabled detecting motions
/home/kestutis/miniconda3/envs/ITP259/lib/python3.11/site-packages/sklearn/base.py:486: UserWarning: X has feature names, but StandardScaler was fitted without feature names
  warnings.warn(
ectopy_stats={'ectN': 583, 'ectS': 0, 'ectV': 3, 'ectU': 2} with disabled detecting motions
Done 1021/1088 | 1643069.252 | record time: 00:04

------------------------------------------------------------------------------------------
1022/1088 | 1643069.278 | 1084_0 | row 1024 | new: False | elapsed: 67:30
Noise stats for 1643069.278: out=0, rdr=0, mra=7, tp_pct=20.2 with enabled detecting motions

Noise stats for 1643069.278: out=0, rdr=0, mra=0, tp_pct=0.0 with disabled detecting motions
/home/kestutis/miniconda3/envs/ITP259/lib/python3.11/site-packages/sklearn/base.py:486: UserWarning: X has feature names, but StandardScaler was fitted without feature names
  warnings.warn(
ectopy_stats={'ectN': 612, 'ectS': 7, 'ectV': 12, 'ectU': 2} with disabled detecting motions
Done 1022/1088 | 1643069.278 | record time: 00:04

------------------------------------------------------------------------------------------
1023/1088 | 1643069.905 | 1084_7 | row 1033 | new: False | elapsed: 67:34
Noise stats for 1643069.905: out=1, rdr=0, mra=2, tp_pct=6.1 with enabled detecting motions

Noise stats for 1643069.905: out=1, rdr=0, mra=0, tp_pct=0.7 with disabled detecting motions
/home/kestutis/miniconda3/envs/ITP259/lib/python3.11/site-packages/sklearn/base.py:486: UserWarning: X has feature names, but StandardScaler was fitted without feature names
  warnings.warn(
ectopy_stats={'ectN': 580, 'ectS': 3, 'ectV': 2, 'ectU': 2} with disabled detecting motions
Done 1023/1088 | 1643069.905 | record time: 00:04

------------------------------------------------------------------------------------------
1024/1088 | 1643070.532 | 1084_4 | row 1030 | new: False | elapsed: 67:38
Noise stats for 1643070.532: out=1, rdr=0, mra=3, tp_pct=10.0 with enabled detecting motions

Noise stats for 1643070.532: out=1, rdr=0, mra=0, tp_pct=1.6 with disabled detecting motions
/home/kestutis/miniconda3/envs/ITP259/lib/python3.11/site-packages/sklearn/base.py:486: UserWarning: X has feature names, but StandardScaler was fitted without feature names
  warnings.warn(
ectopy_stats={'ectN': 566, 'ectS': 19, 'ectV': 6, 'ectU': 6} with disabled detecting motions
Done 1024/1088 | 1643070.532 | record time: 00:04

------------------------------------------------------------------------------------------
1025/1088 | 1643073.187 | 1084_11 | row 1027 | new: False | elapsed: 67:42
Noise stats for 1643073.187: out=1, rdr=0, mra=1, tp_pct=4.0 with enabled detecting motions

Noise stats for 1643073.187: out=1, rdr=0, mra=0, tp_pct=0.7 with disabled detecting motions
/home/kestutis/miniconda3/envs/ITP259/lib/python3.11/site-packages/sklearn/base.py:486: UserWarning: X has feature names, but StandardScaler was fitted without feature names
  warnings.warn(
ectopy_stats={'ectN': 539, 'ectS': 1, 'ectV': 0, 'ectU': 2} with disabled detecting motions
Done 1025/1088 | 1643073.187 | record time: 00:04

------------------------------------------------------------------------------------------
1026/1088 | 1643073.813 | 1084_5 | row 1031 | new: False | elapsed: 67:45
Noise stats for 1643073.813: out=0, rdr=0, mra=4, tp_pct=10.4 with enabled detecting motions

Noise stats for 1643073.813: out=0, rdr=0, mra=0, tp_pct=0.0 with disabled detecting motions
/home/kestutis/miniconda3/envs/ITP259/lib/python3.11/site-packages/sklearn/base.py:486: UserWarning: X has feature names, but StandardScaler was fitted without feature names
  warnings.warn(
ectopy_stats={'ectN': 543, 'ectS': 15, 'ectV': 7, 'ectU': 4} with disabled detecting motions
Done 1026/1088 | 1643073.813 | record time: 00:04

------------------------------------------------------------------------------------------
1027/1088 | 1643074.44 | 1084_3 | row 1029 | new: False | elapsed: 67:49
Noise stats for 1643074.440: out=0, rdr=0, mra=1, tp_pct=1.8 with enabled detecting motions

Noise stats for 1643074.440: out=0, rdr=0, mra=0, tp_pct=0.0 with disabled detecting motions
/home/kestutis/miniconda3/envs/ITP259/lib/python3.11/site-packages/sklearn/base.py:486: UserWarning: X has feature names, but StandardScaler was fitted without feature names
  warnings.warn(
ectopy_stats={'ectN': 558, 'ectS': 6, 'ectV': 1, 'ectU': 2} with disabled detecting motions
Done 1027/1088 | 1643074.44 | record time: 00:04

------------------------------------------------------------------------------------------
1028/1088 | 1643075.066 | 1084_6 | row 1032 | new: False | elapsed: 67:53
Noise stats for 1643075.066: out=0, rdr=0, mra=1, tp_pct=2.8 with enabled detecting motions

Noise stats for 1643075.066: out=0, rdr=0, mra=0, tp_pct=0.0 with disabled detecting motions
/home/kestutis/miniconda3/envs/ITP259/lib/python3.11/site-packages/sklearn/base.py:486: UserWarning: X has feature names, but StandardScaler was fitted without feature names
  warnings.warn(
ectopy_stats={'ectN': 550, 'ectS': 5, 'ectV': 2, 'ectU': 2} with disabled detecting motions
Done 1028/1088 | 1643075.066 | record time: 00:04

------------------------------------------------------------------------------------------
1029/1088 | 1643076.319 | 1084_8 | row 1034 | new: False | elapsed: 67:56
Noise stats for 1643076.319: out=0, rdr=0, mra=2, tp_pct=5.5 with enabled detecting motions

Noise stats for 1643076.319: out=0, rdr=0, mra=0, tp_pct=0.0 with disabled detecting motions
/home/kestutis/miniconda3/envs/ITP259/lib/python3.11/site-packages/sklearn/base.py:486: UserWarning: X has feature names, but StandardScaler was fitted without feature names
  warnings.warn(
ectopy_stats={'ectN': 584, 'ectS': 7, 'ectV': 2, 'ectU': 2} with disabled detecting motions
Done 1029/1088 | 1643076.319 | record time: 00:04

------------------------------------------------------------------------------------------
1030/1088 | 1643076.946 | 1084_1 | row 1025 | new: False | elapsed: 68:00
Noise stats for 1643076.946: out=0, rdr=0, mra=3, tp_pct=6.5 with enabled detecting motions

Noise stats for 1643076.946: out=0, rdr=0, mra=0, tp_pct=0.0 with disabled detecting motions
/home/kestutis/miniconda3/envs/ITP259/lib/python3.11/site-packages/sklearn/base.py:486: UserWarning: X has feature names, but StandardScaler was fitted without feature names
  warnings.warn(
ectopy_stats={'ectN': 584, 'ectS': 4, 'ectV': 0, 'ectU': 2} with disabled detecting motions
Done 1030/1088 | 1643076.946 | record time: 00:04

------------------------------------------------------------------------------------------
1031/1088 | 1643077.573 | 1084_2 | row 1028 | new: False | elapsed: 68:04
Noise stats for 1643077.573: out=0, rdr=0, mra=2, tp_pct=5.1 with enabled detecting motions

Noise stats for 1643077.573: out=0, rdr=0, mra=0, tp_pct=0.0 with disabled detecting motions
/home/kestutis/miniconda3/envs/ITP259/lib/python3.11/site-packages/sklearn/base.py:486: UserWarning: X has feature names, but StandardScaler was fitted without feature names
  warnings.warn(
ectopy_stats={'ectN': 543, 'ectS': 8, 'ectV': 2, 'ectU': 2} with disabled detecting motions
Done 1031/1088 | 1643077.573 | record time: 00:04

------------------------------------------------------------------------------------------
1032/1088 | 1643078.2 | 1084_10 | row 1026 | new: False | elapsed: 68:07
Noise stats for 1643078.200: out=0, rdr=0, mra=2, tp_pct=4.3 with enabled detecting motions

Noise stats for 1643078.200: out=0, rdr=0, mra=0, tp_pct=0.0 with disabled detecting motions
/home/kestutis/miniconda3/envs/ITP259/lib/python3.11/site-packages/sklearn/base.py:486: UserWarning: X has feature names, but StandardScaler was fitted without feature names
  warnings.warn(
ectopy_stats={'ectN': 517, 'ectS': 22, 'ectV': 3, 'ectU': 2} with disabled detecting motions
Done 1032/1088 | 1643078.2 | record time: 00:04

------------------------------------------------------------------------------------------
1033/1088 | 1643078.826 | 1084_9 | row 1035 | new: False | elapsed: 68:11
Noise stats for 1643078.826: out=1, rdr=0, mra=3, tp_pct=22.5 with enabled detecting motions

Noise stats for 1643078.826: out=1, rdr=0, mra=0, tp_pct=2.2 with disabled detecting motions
/home/kestutis/miniconda3/envs/ITP259/lib/python3.11/site-packages/sklearn/base.py:486: UserWarning: X has feature names, but StandardScaler was fitted without feature names
  warnings.warn(
ectopy_stats={'ectN': 492, 'ectS': 26, 'ectV': 9, 'ectU': 4} with disabled detecting motions
Done 1033/1088 | 1643078.826 | record time: 00:04

------------------------------------------------------------------------------------------
1034/1088 | 1643240.229 | 1082_0 | row 1019 | new: False | elapsed: 68:14
Noise stats for 1643240.229: out=0, rdr=0, mra=0, tp_pct=0.0 with enabled detecting motions

Noise stats for 1643240.229: out=0, rdr=0, mra=0, tp_pct=0.0 with disabled detecting motions
/home/kestutis/miniconda3/envs/ITP259/lib/python3.11/site-packages/sklearn/base.py:486: UserWarning: X has feature names, but StandardScaler was fitted without feature names
  warnings.warn(
ectopy_stats={'ectN': 738, 'ectS': 2, 'ectV': 0, 'ectU': 2} with disabled detecting motions
Done 1034/1088 | 1643240.229 | record time: 00:04

------------------------------------------------------------------------------------------
1035/1088 | 1643661.403 | 1081_10 | row 1006 | new: False | elapsed: 68:18
Noise stats for 1643661.403: out=0, rdr=0, mra=0, tp_pct=0.0 with enabled detecting motions

Noise stats for 1643661.403: out=0, rdr=0, mra=0, tp_pct=0.0 with disabled detecting motions
/home/kestutis/miniconda3/envs/ITP259/lib/python3.11/site-packages/sklearn/base.py:486: UserWarning: X has feature names, but StandardScaler was fitted without feature names
  warnings.warn(
ectopy_stats={'ectN': 675, 'ectS': 4, 'ectV': 6, 'ectU': 12} with disabled detecting motions
Done 1035/1088 | 1643661.403 | record time: 00:05

------------------------------------------------------------------------------------------
1036/1088 | 1643662.013 | 1081_5 | row 1014 | new: False | elapsed: 68:23
Noise stats for 1643662.013: out=0, rdr=0, mra=0, tp_pct=0.0 with enabled detecting motions

Noise stats for 1643662.013: out=0, rdr=0, mra=0, tp_pct=0.0 with disabled detecting motions
/home/kestutis/miniconda3/envs/ITP259/lib/python3.11/site-packages/sklearn/base.py:486: UserWarning: X has feature names, but StandardScaler was fitted without feature names
  warnings.warn(
ectopy_stats={'ectN': 647, 'ectS': 3, 'ectV': 0, 'ectU': 2} with disabled detecting motions
Done 1036/1088 | 1643662.013 | record time: 00:04

------------------------------------------------------------------------------------------
1037/1088 | 1643662.627 | 1081_14 | row 1010 | new: False | elapsed: 68:27
Noise stats for 1643662.627: out=1, rdr=0, mra=0, tp_pct=1.6 with enabled detecting motions

Noise stats for 1643662.627: out=1, rdr=0, mra=0, tp_pct=1.6 with disabled detecting motions
/home/kestutis/miniconda3/envs/ITP259/lib/python3.11/site-packages/sklearn/base.py:486: UserWarning: X has feature names, but StandardScaler was fitted without feature names
  warnings.warn(
ectopy_stats={'ectN': 698, 'ectS': 1, 'ectV': 2, 'ectU': 4} with disabled detecting motions
Done 1037/1088 | 1643662.627 | record time: 00:04

------------------------------------------------------------------------------------------
1038/1088 | 1643663.847 | 1081_11 | row 1007 | new: False | elapsed: 68:31
Noise stats for 1643663.847: out=0, rdr=0, mra=1, tp_pct=3.5 with enabled detecting motions

Noise stats for 1643663.847: out=0, rdr=0, mra=0, tp_pct=0.0 with disabled detecting motions
/home/kestutis/miniconda3/envs/ITP259/lib/python3.11/site-packages/sklearn/base.py:486: UserWarning: X has feature names, but StandardScaler was fitted without feature names
  warnings.warn(
ectopy_stats={'ectN': 616, 'ectS': 1, 'ectV': 1, 'ectU': 3} with disabled detecting motions
Done 1038/1088 | 1643663.847 | record time: 00:04

------------------------------------------------------------------------------------------
1039/1088 | 1643665.068 | 1081_3 | row 1012 | new: False | elapsed: 68:35
Noise stats for 1643665.068: out=0, rdr=0, mra=0, tp_pct=0.0 with enabled detecting motions

Noise stats for 1643665.068: out=0, rdr=0, mra=0, tp_pct=0.0 with disabled detecting motions
/home/kestutis/miniconda3/envs/ITP259/lib/python3.11/site-packages/sklearn/base.py:486: UserWarning: X has feature names, but StandardScaler was fitted without feature names
  warnings.warn(
ectopy_stats={'ectN': 592, 'ectS': 5, 'ectV': 0, 'ectU': 2} with disabled detecting motions
Done 1039/1088 | 1643665.068 | record time: 00:04

------------------------------------------------------------------------------------------
1040/1088 | 1643666.287 | 1081_0 | row 1004 | new: False | elapsed: 68:39
Noise stats for 1643666.287: out=0, rdr=0, mra=0, tp_pct=0.0 with enabled detecting motions

Noise stats for 1643666.287: out=0, rdr=0, mra=0, tp_pct=0.0 with disabled detecting motions
/home/kestutis/miniconda3/envs/ITP259/lib/python3.11/site-packages/sklearn/base.py:486: UserWarning: X has feature names, but StandardScaler was fitted without feature names
  warnings.warn(
ectopy_stats={'ectN': 596, 'ectS': 6, 'ectV': 0, 'ectU': 2} with disabled detecting motions
Done 1040/1088 | 1643666.287 | record time: 00:04

------------------------------------------------------------------------------------------
1041/1088 | 1643666.9 | 1081_4 | row 1013 | new: False | elapsed: 68:43
Noise stats for 1643666.900: out=0, rdr=0, mra=1, tp_pct=2.4 with enabled detecting motions

Noise stats for 1643666.900: out=0, rdr=0, mra=0, tp_pct=0.0 with disabled detecting motions
/home/kestutis/miniconda3/envs/ITP259/lib/python3.11/site-packages/sklearn/base.py:486: UserWarning: X has feature names, but StandardScaler was fitted without feature names
  warnings.warn(
ectopy_stats={'ectN': 619, 'ectS': 4, 'ectV': 0, 'ectU': 2} with disabled detecting motions
Done 1041/1088 | 1643666.9 | record time: 00:04

------------------------------------------------------------------------------------------
1042/1088 | 1643668.117 | 1081_1 | row 1005 | new: False | elapsed: 68:46
Noise stats for 1643668.117: out=0, rdr=0, mra=0, tp_pct=0.0 with enabled detecting motions

Noise stats for 1643668.117: out=0, rdr=0, mra=0, tp_pct=0.0 with disabled detecting motions
/home/kestutis/miniconda3/envs/ITP259/lib/python3.11/site-packages/sklearn/base.py:486: UserWarning: X has feature names, but StandardScaler was fitted without feature names
  warnings.warn(
ectopy_stats={'ectN': 642, 'ectS': 6, 'ectV': 0, 'ectU': 2} with disabled detecting motions
Done 1042/1088 | 1643668.117 | record time: 00:04

------------------------------------------------------------------------------------------
1043/1088 | 1643668.725 | 1081_8 | row 1017 | new: False | elapsed: 68:50
Noise stats for 1643668.725: out=0, rdr=0, mra=0, tp_pct=0.0 with enabled detecting motions

Noise stats for 1643668.725: out=0, rdr=0, mra=0, tp_pct=0.0 with disabled detecting motions
/home/kestutis/miniconda3/envs/ITP259/lib/python3.11/site-packages/sklearn/base.py:486: UserWarning: X has feature names, but StandardScaler was fitted without feature names
  warnings.warn(
ectopy_stats={'ectN': 663, 'ectS': 2, 'ectV': 0, 'ectU': 2} with disabled detecting motions
Done 1043/1088 | 1643668.725 | record time: 00:04

------------------------------------------------------------------------------------------
1044/1088 | 1643669.334 | 1081_6 | row 1015 | new: False | elapsed: 68:54
Noise stats for 1643669.334: out=0, rdr=0, mra=9, tp_pct=42.1 with enabled detecting motions

Noise stats for 1643669.334: out=0, rdr=0, mra=0, tp_pct=0.0 with disabled detecting motions
/home/kestutis/miniconda3/envs/ITP259/lib/python3.11/site-packages/sklearn/base.py:486: UserWarning: X has feature names, but StandardScaler was fitted without feature names
  warnings.warn(
ectopy_stats={'ectN': 659, 'ectS': 3, 'ectV': 0, 'ectU': 2} with disabled detecting motions
Done 1044/1088 | 1643669.334 | record time: 00:04

------------------------------------------------------------------------------------------
1045/1088 | 1643669.942 | 1081_12 | row 1008 | new: False | elapsed: 68:58
Noise stats for 1643669.942: out=1, rdr=0, mra=13, tp_pct=50.9 with enabled detecting motions

Noise stats for 1643669.942: out=1, rdr=0, mra=0, tp_pct=1.7 with disabled detecting motions
/home/kestutis/miniconda3/envs/ITP259/lib/python3.11/site-packages/sklearn/base.py:486: UserWarning: X has feature names, but StandardScaler was fitted without feature names
  warnings.warn(
ectopy_stats={'ectN': 633, 'ectS': 3, 'ectV': 0, 'ectU': 3} with disabled detecting motions
Done 1045/1088 | 1643669.942 | record time: 00:04

------------------------------------------------------------------------------------------
1046/1088 | 1643671.159 | 1081_7 | row 1016 | new: False | elapsed: 69:02
Noise stats for 1643671.159: out=0, rdr=0, mra=12, tp_pct=58.0 with enabled detecting motions

Noise stats for 1643671.159: out=0, rdr=0, mra=0, tp_pct=0.0 with disabled detecting motions
/home/kestutis/miniconda3/envs/ITP259/lib/python3.11/site-packages/sklearn/base.py:486: UserWarning: X has feature names, but StandardScaler was fitted without feature names
  warnings.warn(
ectopy_stats={'ectN': 661, 'ectS': 3, 'ectV': 0, 'ectU': 2} with disabled detecting motions
Done 1046/1088 | 1643671.159 | record time: 00:04

------------------------------------------------------------------------------------------
1047/1088 | 1643671.773 | 1081_9 | row 1018 | new: False | elapsed: 69:06
Noise stats for 1643671.773: out=0, rdr=0, mra=7, tp_pct=29.3 with enabled detecting motions

Noise stats for 1643671.773: out=0, rdr=0, mra=0, tp_pct=0.0 with disabled detecting motions
/home/kestutis/miniconda3/envs/ITP259/lib/python3.11/site-packages/sklearn/base.py:486: UserWarning: X has feature names, but StandardScaler was fitted without feature names
  warnings.warn(
ectopy_stats={'ectN': 638, 'ectS': 4, 'ectV': 0, 'ectU': 2} with disabled detecting motions
Done 1047/1088 | 1643671.773 | record time: 00:04

------------------------------------------------------------------------------------------
1048/1088 | 1643679.715 | 1081_2 | row 1011 | new: False | elapsed: 69:09
Noise stats for 1643679.715: out=0, rdr=0, mra=6, tp_pct=14.4 with enabled detecting motions

Noise stats for 1643679.715: out=0, rdr=0, mra=0, tp_pct=0.0 with disabled detecting motions
/home/kestutis/miniconda3/envs/ITP259/lib/python3.11/site-packages/sklearn/base.py:486: UserWarning: X has feature names, but StandardScaler was fitted without feature names
  warnings.warn(
ectopy_stats={'ectN': 610, 'ectS': 6, 'ectV': 0, 'ectU': 2} with disabled detecting motions
Done 1048/1088 | 1643679.715 | record time: 00:04

------------------------------------------------------------------------------------------
1049/1088 | 1643680.937 | 1081_13 | row 1009 | new: False | elapsed: 69:13
Noise stats for 1643680.937: out=0, rdr=0, mra=5, tp_pct=12.5 with enabled detecting motions

Noise stats for 1643680.937: out=0, rdr=0, mra=0, tp_pct=0.0 with disabled detecting motions
/home/kestutis/miniconda3/envs/ITP259/lib/python3.11/site-packages/sklearn/base.py:486: UserWarning: X has feature names, but StandardScaler was fitted without feature names
  warnings.warn(
ectopy_stats={'ectN': 622, 'ectS': 3, 'ectV': 0, 'ectU': 2} with disabled detecting motions
Done 1049/1088 | 1643680.937 | record time: 00:04

------------------------------------------------------------------------------------------
1050/1088 | 1643753.69 | 1087_1 | row 1055 | new: False | elapsed: 69:17
Noise stats for 1643753.690: out=0, rdr=0, mra=1, tp_pct=4.1 with enabled detecting motions

Noise stats for 1643753.690: out=0, rdr=0, mra=0, tp_pct=0.0 with disabled detecting motions
/home/kestutis/miniconda3/envs/ITP259/lib/python3.11/site-packages/sklearn/base.py:486: UserWarning: X has feature names, but StandardScaler was fitted without feature names
  warnings.warn(
ectopy_stats={'ectN': 777, 'ectS': 0, 'ectV': 0, 'ectU': 2} with disabled detecting motions
Done 1050/1088 | 1643753.69 | record time: 00:04

------------------------------------------------------------------------------------------
1051/1088 | 1643754.914 | 1087_0 | row 1054 | new: False | elapsed: 69:21
Noise stats for 1643754.914: out=0, rdr=0, mra=3, tp_pct=7.2 with enabled detecting motions

Noise stats for 1643754.914: out=0, rdr=0, mra=0, tp_pct=0.0 with disabled detecting motions
/home/kestutis/miniconda3/envs/ITP259/lib/python3.11/site-packages/sklearn/base.py:486: UserWarning: X has feature names, but StandardScaler was fitted without feature names
  warnings.warn(
ectopy_stats={'ectN': 828, 'ectS': 0, 'ectV': 2, 'ectU': 3} with disabled detecting motions
Done 1051/1088 | 1643754.914 | record time: 00:04

------------------------------------------------------------------------------------------
1052/1088 | 1644276.762 | 1092_1 | row 1065 | new: False | elapsed: 69:25
Noise stats for 1644276.762: out=0, rdr=0, mra=0, tp_pct=0.0 with enabled detecting motions

Noise stats for 1644276.762: out=0, rdr=0, mra=0, tp_pct=0.0 with disabled detecting motions
/home/kestutis/miniconda3/envs/ITP259/lib/python3.11/site-packages/sklearn/base.py:486: UserWarning: X has feature names, but StandardScaler was fitted without feature names
  warnings.warn(
ectopy_stats={'ectN': 657, 'ectS': 0, 'ectV': 5, 'ectU': 10} with disabled detecting motions
Done 1052/1088 | 1644276.762 | record time: 00:04

------------------------------------------------------------------------------------------
1053/1088 | 1644286.178 | 1092_0 | row 1064 | new: False | elapsed: 69:29
Noise stats for 1644286.178: out=0, rdr=0, mra=0, tp_pct=0.0 with enabled detecting motions

Noise stats for 1644286.178: out=0, rdr=0, mra=0, tp_pct=0.0 with disabled detecting motions
/home/kestutis/miniconda3/envs/ITP259/lib/python3.11/site-packages/sklearn/base.py:486: UserWarning: X has feature names, but StandardScaler was fitted without feature names
  warnings.warn(
ectopy_stats={'ectN': 610, 'ectS': 0, 'ectV': 3, 'ectU': 5} with disabled detecting motions
Done 1053/1088 | 1644286.178 | record time: 00:04

------------------------------------------------------------------------------------------
1054/1088 | 1644334.517 | 1088_0 | row 1056 | new: False | elapsed: 69:33
Noise stats for 1644334.517: out=0, rdr=0, mra=3, tp_pct=9.6 with enabled detecting motions

Noise stats for 1644334.517: out=0, rdr=0, mra=0, tp_pct=0.0 with disabled detecting motions
/home/kestutis/miniconda3/envs/ITP259/lib/python3.11/site-packages/sklearn/base.py:486: UserWarning: X has feature names, but StandardScaler was fitted without feature names
  warnings.warn(
ectopy_stats={'ectN': 631, 'ectS': 0, 'ectV': 1, 'ectU': 5} with disabled detecting motions
Done 1054/1088 | 1644334.517 | record time: 00:04

------------------------------------------------------------------------------------------
1055/1088 | 1644397.212 | 1091_0 | row 1063 | new: False | elapsed: 69:37
Noise stats for 1644397.212: out=0, rdr=0, mra=1, tp_pct=2.4 with enabled detecting motions

Noise stats for 1644397.212: out=0, rdr=0, mra=0, tp_pct=0.0 with disabled detecting motions
/home/kestutis/miniconda3/envs/ITP259/lib/python3.11/site-packages/sklearn/base.py:486: UserWarning: X has feature names, but StandardScaler was fitted without feature names
  warnings.warn(
ectopy_stats={'ectN': 878, 'ectS': 0, 'ectV': 0, 'ectU': 2} with disabled detecting motions
Done 1055/1088 | 1644397.212 | record time: 00:04

------------------------------------------------------------------------------------------
1056/1088 | 1644864.613 | 1089_4 | row 1061 | new: False | elapsed: 69:41
Noise stats for 1644864.613: out=0, rdr=0, mra=0, tp_pct=0.0 with enabled detecting motions

Noise stats for 1644864.613: out=0, rdr=0, mra=0, tp_pct=0.0 with disabled detecting motions
/home/kestutis/miniconda3/envs/ITP259/lib/python3.11/site-packages/sklearn/base.py:486: UserWarning: X has feature names, but StandardScaler was fitted without feature names
  warnings.warn(
ectopy_stats={'ectN': 776, 'ectS': 0, 'ectV': 0, 'ectU': 2} with disabled detecting motions
Done 1056/1088 | 1644864.613 | record time: 00:04

------------------------------------------------------------------------------------------
1057/1088 | 1644865.865 | 1089_1 | row 1058 | new: False | elapsed: 69:46
Noise stats for 1644865.865: out=0, rdr=0, mra=0, tp_pct=0.0 with enabled detecting motions

Noise stats for 1644865.865: out=0, rdr=0, mra=0, tp_pct=0.0 with disabled detecting motions
/home/kestutis/miniconda3/envs/ITP259/lib/python3.11/site-packages/sklearn/base.py:486: UserWarning: X has feature names, but StandardScaler was fitted without feature names
  warnings.warn(
ectopy_stats={'ectN': 771, 'ectS': 0, 'ectV': 1, 'ectU': 2} with disabled detecting motions
Done 1057/1088 | 1644865.865 | record time: 00:04

------------------------------------------------------------------------------------------
1058/1088 | 1644866.492 | 1089_2 | row 1059 | new: False | elapsed: 69:50
Noise stats for 1644866.492: out=0, rdr=0, mra=0, tp_pct=0.0 with enabled detecting motions

Noise stats for 1644866.492: out=0, rdr=0, mra=0, tp_pct=0.0 with disabled detecting motions
/home/kestutis/miniconda3/envs/ITP259/lib/python3.11/site-packages/sklearn/base.py:486: UserWarning: X has feature names, but StandardScaler was fitted without feature names
  warnings.warn(
ectopy_stats={'ectN': 825, 'ectS': 0, 'ectV': 2, 'ectU': 2} with disabled detecting motions
Done 1058/1088 | 1644866.492 | record time: 00:04

------------------------------------------------------------------------------------------
1059/1088 | 1644867.119 | 1089_3 | row 1060 | new: False | elapsed: 69:54
Noise stats for 1644867.119: out=0, rdr=0, mra=0, tp_pct=0.0 with enabled detecting motions

Noise stats for 1644867.119: out=0, rdr=0, mra=0, tp_pct=0.0 with disabled detecting motions
/home/kestutis/miniconda3/envs/ITP259/lib/python3.11/site-packages/sklearn/base.py:486: UserWarning: X has feature names, but StandardScaler was fitted without feature names
  warnings.warn(
ectopy_stats={'ectN': 841, 'ectS': 0, 'ectV': 1, 'ectU': 2} with disabled detecting motions
Done 1059/1088 | 1644867.119 | record time: 00:04

------------------------------------------------------------------------------------------
1060/1088 | 1644875.9 | 1089_0 | row 1057 | new: False | elapsed: 69:58
Noise stats for 1644875.900: out=0, rdr=0, mra=0, tp_pct=0.0 with enabled detecting motions

Noise stats for 1644875.900: out=0, rdr=0, mra=0, tp_pct=0.0 with disabled detecting motions
/home/kestutis/miniconda3/envs/ITP259/lib/python3.11/site-packages/sklearn/base.py:486: UserWarning: X has feature names, but StandardScaler was fitted without feature names
  warnings.warn(
ectopy_stats={'ectN': 653, 'ectS': 0, 'ectV': 1, 'ectU': 2} with disabled detecting motions
Done 1060/1088 | 1644875.9 | record time: 00:04

------------------------------------------------------------------------------------------
1061/1088 | 1645122.733 | 1093_1 | row 1067 | new: False | elapsed: 70:02
Noise stats for 1645122.733: out=0, rdr=0, mra=0, tp_pct=0.0 with enabled detecting motions

Noise stats for 1645122.733: out=0, rdr=0, mra=0, tp_pct=0.0 with disabled detecting motions
/home/kestutis/miniconda3/envs/ITP259/lib/python3.11/site-packages/sklearn/base.py:486: UserWarning: X has feature names, but StandardScaler was fitted without feature names
  warnings.warn(
ectopy_stats={'ectN': 740, 'ectS': 0, 'ectV': 0, 'ectU': 2} with disabled detecting motions
Done 1061/1088 | 1645122.733 | record time: 00:04

------------------------------------------------------------------------------------------
1062/1088 | 1645125.869 | 1093_0 | row 1066 | new: False | elapsed: 70:06
Noise stats for 1645125.869: out=0, rdr=0, mra=3, tp_pct=9.8 with enabled detecting motions

Noise stats for 1645125.869: out=0, rdr=0, mra=0, tp_pct=0.0 with disabled detecting motions
/home/kestutis/miniconda3/envs/ITP259/lib/python3.11/site-packages/sklearn/base.py:486: UserWarning: X has feature names, but StandardScaler was fitted without feature names
  warnings.warn(
ectopy_stats={'ectN': 653, 'ectS': 0, 'ectV': 1, 'ectU': 2} with disabled detecting motions
Done 1062/1088 | 1645125.869 | record time: 00:04

------------------------------------------------------------------------------------------
1063/1088 | 1645142.882 | 1090_0 | row 1062 | new: False | elapsed: 70:10
Noise stats for 1645142.882: out=0, rdr=0, mra=1, tp_pct=2.3 with enabled detecting motions

Noise stats for 1645142.882: out=0, rdr=0, mra=0, tp_pct=0.0 with disabled detecting motions
/home/kestutis/miniconda3/envs/ITP259/lib/python3.11/site-packages/sklearn/base.py:486: UserWarning: X has feature names, but StandardScaler was fitted without feature names
  warnings.warn(
ectopy_stats={'ectN': 544, 'ectS': 6, 'ectV': 2, 'ectU': 3} with disabled detecting motions
Done 1063/1088 | 1645142.882 | record time: 00:04

------------------------------------------------------------------------------------------
1064/1088 | 1645577.455 | 1095_0 | row 1069 | new: False | elapsed: 70:14
Noise stats for 1645577.455: out=0, rdr=0, mra=0, tp_pct=0.0 with enabled detecting motions

Noise stats for 1645577.455: out=0, rdr=0, mra=0, tp_pct=0.0 with disabled detecting motions
/home/kestutis/miniconda3/envs/ITP259/lib/python3.11/site-packages/sklearn/base.py:486: UserWarning: X has feature names, but StandardScaler was fitted without feature names
  warnings.warn(
ectopy_stats={'ectN': 838, 'ectS': 0, 'ectV': 0, 'ectU': 2} with disabled detecting motions
Done 1064/1088 | 1645577.455 | record time: 00:04

------------------------------------------------------------------------------------------
1065/1088 | 1645648.095 | 1096_0 | row 1070 | new: False | elapsed: 70:18
Noise stats for 1645648.095: out=0, rdr=0, mra=1, tp_pct=1.4 with enabled detecting motions

Noise stats for 1645648.095: out=0, rdr=0, mra=0, tp_pct=0.0 with disabled detecting motions
/home/kestutis/miniconda3/envs/ITP259/lib/python3.11/site-packages/sklearn/base.py:486: UserWarning: X has feature names, but StandardScaler was fitted without feature names
  warnings.warn(
ectopy_stats={'ectN': 699, 'ectS': 0, 'ectV': 0, 'ectU': 2} with disabled detecting motions
Done 1065/1088 | 1645648.095 | record time: 00:04

------------------------------------------------------------------------------------------
1066/1088 | 1646060.915 | 1100_1 | row 1081 | new: False | elapsed: 70:22
Noise stats for 1646060.915: out=0, rdr=0, mra=1, tp_pct=1.4 with enabled detecting motions

Noise stats for 1646060.915: out=0, rdr=0, mra=0, tp_pct=0.0 with disabled detecting motions
/home/kestutis/miniconda3/envs/ITP259/lib/python3.11/site-packages/sklearn/base.py:486: UserWarning: X has feature names, but StandardScaler was fitted without feature names
  warnings.warn(
ectopy_stats={'ectN': 650, 'ectS': 0, 'ectV': 0, 'ectU': 2} with disabled detecting motions
Done 1066/1088 | 1646060.915 | record time: 00:04

------------------------------------------------------------------------------------------
1067/1088 | 1646116.344 | 1100_0 | row 1080 | new: False | elapsed: 70:26
Noise stats for 1646116.344: out=0, rdr=0, mra=1, tp_pct=100.0 with enabled detecting motions

Noise stats for 1646116.344: out=0, rdr=0, mra=0, tp_pct=0.0 with disabled detecting motions
/home/kestutis/miniconda3/envs/ITP259/lib/python3.11/site-packages/sklearn/base.py:486: UserWarning: X has feature names, but StandardScaler was fitted without feature names
  warnings.warn(
ectopy_stats={'ectN': 790, 'ectS': 0, 'ectV': 4, 'ectU': 3} with disabled detecting motions
Done 1067/1088 | 1646116.344 | record time: 00:04

------------------------------------------------------------------------------------------
1068/1088 | 1646244.67 | 1099_0 | row 1079 | new: False | elapsed: 70:30
Noise stats for 1646244.670: out=0, rdr=0, mra=5, tp_pct=12.4 with enabled detecting motions

Noise stats for 1646244.670: out=0, rdr=0, mra=0, tp_pct=0.0 with disabled detecting motions
/home/kestutis/miniconda3/envs/ITP259/lib/python3.11/site-packages/sklearn/base.py:486: UserWarning: X has feature names, but StandardScaler was fitted without feature names
  warnings.warn(
ectopy_stats={'ectN': 574, 'ectS': 0, 'ectV': 0, 'ectU': 2} with disabled detecting motions
Done 1068/1088 | 1646244.67 | record time: 00:04

------------------------------------------------------------------------------------------
1069/1088 | 1646268.026 | 1101_1 | row 1083 | new: False | elapsed: 70:34
Noise stats for 1646268.026: out=0, rdr=0, mra=0, tp_pct=0.0 with enabled detecting motions

Noise stats for 1646268.026: out=0, rdr=0, mra=0, tp_pct=0.0 with disabled detecting motions
/home/kestutis/miniconda3/envs/ITP259/lib/python3.11/site-packages/sklearn/base.py:486: UserWarning: X has feature names, but StandardScaler was fitted without feature names
  warnings.warn(
ectopy_stats={'ectN': 696, 'ectS': 59, 'ectV': 159, 'ectU': 2} with disabled detecting motions
Done 1069/1088 | 1646268.026 | record time: 00:05

------------------------------------------------------------------------------------------
1070/1088 | 1646268.646 | 1101_0 | row 1082 | new: False | elapsed: 70:38
Noise stats for 1646268.646: out=0, rdr=0, mra=3, tp_pct=7.7 with enabled detecting motions

Noise stats for 1646268.646: out=0, rdr=0, mra=0, tp_pct=0.0 with disabled detecting motions
/home/kestutis/miniconda3/envs/ITP259/lib/python3.11/site-packages/sklearn/base.py:486: UserWarning: X has feature names, but StandardScaler was fitted without feature names
  warnings.warn(
ectopy_stats={'ectN': 664, 'ectS': 57, 'ectV': 199, 'ectU': 2} with disabled detecting motions
Done 1070/1088 | 1646268.646 | record time: 00:05

------------------------------------------------------------------------------------------
1071/1088 | 1646711.162 | 1098_0 | row 1078 | new: False | elapsed: 70:43
Noise stats for 1646711.162: out=0, rdr=0, mra=8, tp_pct=21.4 with enabled detecting motions

Noise stats for 1646711.162: out=0, rdr=0, mra=0, tp_pct=0.0 with disabled detecting motions
/home/kestutis/miniconda3/envs/ITP259/lib/python3.11/site-packages/sklearn/base.py:486: UserWarning: X has feature names, but StandardScaler was fitted without feature names
  warnings.warn(
ectopy_stats={'ectN': 506, 'ectS': 11, 'ectV': 13, 'ectU': 3} with disabled detecting motions
Done 1071/1088 | 1646711.162 | record time: 00:04

------------------------------------------------------------------------------------------
1072/1088 | 1646775.41 | 1097_6 | row 1077 | new: False | elapsed: 70:47
Noise stats for 1646775.410: out=1, rdr=0, mra=13, tp_pct=57.9 with enabled detecting motions

Noise stats for 1646775.410: out=1, rdr=0, mra=0, tp_pct=3.5 with disabled detecting motions
/home/kestutis/miniconda3/envs/ITP259/lib/python3.11/site-packages/sklearn/base.py:486: UserWarning: X has feature names, but StandardScaler was fitted without feature names
  warnings.warn(
ectopy_stats={'ectN': 586, 'ectS': 0, 'ectV': 0, 'ectU': 2} with disabled detecting motions
Done 1072/1088 | 1646775.41 | record time: 00:04

------------------------------------------------------------------------------------------
1073/1088 | 1646776.657 | 1097_3 | row 1074 | new: False | elapsed: 70:50
Noise stats for 1646776.657: out=0, rdr=0, mra=0, tp_pct=0.0 with enabled detecting motions

Noise stats for 1646776.657: out=0, rdr=0, mra=0, tp_pct=0.0 with disabled detecting motions
/home/kestutis/miniconda3/envs/ITP259/lib/python3.11/site-packages/sklearn/base.py:486: UserWarning: X has feature names, but StandardScaler was fitted without feature names
  warnings.warn(
ectopy_stats={'ectN': 549, 'ectS': 0, 'ectV': 0, 'ectU': 2} with disabled detecting motions
Done 1073/1088 | 1646776.657 | record time: 00:04

------------------------------------------------------------------------------------------
1074/1088 | 1646777.284 | 1097_0 | row 1071 | new: False | elapsed: 70:54
Noise stats for 1646777.284: out=1, rdr=0, mra=1, tp_pct=4.8 with enabled detecting motions

Noise stats for 1646777.284: out=1, rdr=0, mra=0, tp_pct=1.8 with disabled detecting motions
/home/kestutis/miniconda3/envs/ITP259/lib/python3.11/site-packages/sklearn/base.py:486: UserWarning: X has feature names, but StandardScaler was fitted without feature names
  warnings.warn(
ectopy_stats={'ectN': 538, 'ectS': 1, 'ectV': 0, 'ectU': 3} with disabled detecting motions
Done 1074/1088 | 1646777.284 | record time: 00:04

------------------------------------------------------------------------------------------
1075/1088 | 1646777.907 | 1097_5 | row 1076 | new: False | elapsed: 70:57
Noise stats for 1646777.907: out=0, rdr=0, mra=0, tp_pct=0.0 with enabled detecting motions

Noise stats for 1646777.907: out=0, rdr=0, mra=0, tp_pct=0.0 with disabled detecting motions
/home/kestutis/miniconda3/envs/ITP259/lib/python3.11/site-packages/sklearn/base.py:486: UserWarning: X has feature names, but StandardScaler was fitted without feature names
  warnings.warn(
ectopy_stats={'ectN': 519, 'ectS': 0, 'ectV': 0, 'ectU': 2} with disabled detecting motions
Done 1075/1088 | 1646777.907 | record time: 00:04

------------------------------------------------------------------------------------------
1076/1088 | 1646778.531 | 1097_2 | row 1073 | new: False | elapsed: 71:01
Noise stats for 1646778.531: out=0, rdr=0, mra=0, tp_pct=0.0 with enabled detecting motions

Noise stats for 1646778.531: out=0, rdr=0, mra=0, tp_pct=0.0 with disabled detecting motions
/home/kestutis/miniconda3/envs/ITP259/lib/python3.11/site-packages/sklearn/base.py:486: UserWarning: X has feature names, but StandardScaler was fitted without feature names
  warnings.warn(
ectopy_stats={'ectN': 520, 'ectS': 0, 'ectV': 0, 'ectU': 2} with disabled detecting motions
Done 1076/1088 | 1646778.531 | record time: 00:04

------------------------------------------------------------------------------------------
1077/1088 | 1646779.158 | 1097_4 | row 1075 | new: False | elapsed: 71:04
Noise stats for 1646779.158: out=0, rdr=0, mra=0, tp_pct=0.0 with enabled detecting motions

Noise stats for 1646779.158: out=0, rdr=0, mra=0, tp_pct=0.0 with disabled detecting motions
/home/kestutis/miniconda3/envs/ITP259/lib/python3.11/site-packages/sklearn/base.py:486: UserWarning: X has feature names, but StandardScaler was fitted without feature names
  warnings.warn(
ectopy_stats={'ectN': 569, 'ectS': 0, 'ectV': 0, 'ectU': 2} with disabled detecting motions
Done 1077/1088 | 1646779.158 | record time: 00:04

------------------------------------------------------------------------------------------
1078/1088 | 1646779.781 | 1097_1 | row 1072 | new: False | elapsed: 71:08
Noise stats for 1646779.781: out=0, rdr=0, mra=0, tp_pct=0.0 with enabled detecting motions

Noise stats for 1646779.781: out=0, rdr=0, mra=0, tp_pct=0.0 with disabled detecting motions
/home/kestutis/miniconda3/envs/ITP259/lib/python3.11/site-packages/sklearn/base.py:486: UserWarning: X has feature names, but StandardScaler was fitted without feature names
  warnings.warn(
ectopy_stats={'ectN': 649, 'ectS': 0, 'ectV': 0, 'ectU': 2} with disabled detecting motions
Done 1078/1088 | 1646779.781 | record time: 00:04

------------------------------------------------------------------------------------------
1079/1088 | 1646863.274 | 1094_0 | row 1068 | new: False | elapsed: 71:12
Noise stats for 1646863.274: out=0, rdr=0, mra=0, tp_pct=0.0 with enabled detecting motions

Noise stats for 1646863.274: out=0, rdr=0, mra=0, tp_pct=0.0 with disabled detecting motions
/home/kestutis/miniconda3/envs/ITP259/lib/python3.11/site-packages/sklearn/base.py:486: UserWarning: X has feature names, but StandardScaler was fitted without feature names
  warnings.warn(
ectopy_stats={'ectN': 706, 'ectS': 0, 'ectV': 0, 'ectU': 2} with disabled detecting motions
Done 1079/1088 | 1646863.274 | record time: 00:04

------------------------------------------------------------------------------------------
1080/1088 | 1670177.65 | 1001_7 | row 11 | new: False | elapsed: 71:16
Noise stats for 1670177.650: out=0, rdr=0, mra=0, tp_pct=0.0 with enabled detecting motions

Noise stats for 1670177.650: out=0, rdr=0, mra=0, tp_pct=0.0 with disabled detecting motions
/home/kestutis/miniconda3/envs/ITP259/lib/python3.11/site-packages/sklearn/base.py:486: UserWarning: X has feature names, but StandardScaler was fitted without feature names
  warnings.warn(
ectopy_stats={'ectN': 796, 'ectS': 3, 'ectV': 0, 'ectU': 2} with disabled detecting motions
Done 1080/1088 | 1670177.65 | record time: 00:04

------------------------------------------------------------------------------------------
1081/1088 | 1670183.201 | 1001_8 | row 12 | new: False | elapsed: 71:20
Noise stats for 1670183.201: out=0, rdr=0, mra=0, tp_pct=0.0 with enabled detecting motions

Noise stats for 1670183.201: out=0, rdr=0, mra=0, tp_pct=0.0 with disabled detecting motions
/home/kestutis/miniconda3/envs/ITP259/lib/python3.11/site-packages/sklearn/base.py:486: UserWarning: X has feature names, but StandardScaler was fitted without feature names
  warnings.warn(
ectopy_stats={'ectN': 735, 'ectS': 0, 'ectV': 2, 'ectU': 2} with disabled detecting motions
Done 1081/1088 | 1670183.201 | record time: 00:04

------------------------------------------------------------------------------------------
1082/1088 | 1670188.752 | 1001_6 | row 10 | new: False | elapsed: 71:24
Noise stats for 1670188.752: out=0, rdr=0, mra=0, tp_pct=0.0 with enabled detecting motions

Noise stats for 1670188.752: out=0, rdr=0, mra=0, tp_pct=0.0 with disabled detecting motions
/home/kestutis/miniconda3/envs/ITP259/lib/python3.11/site-packages/sklearn/base.py:486: UserWarning: X has feature names, but StandardScaler was fitted without feature names
  warnings.warn(
ectopy_stats={'ectN': 716, 'ectS': 0, 'ectV': 3, 'ectU': 2} with disabled detecting motions
Done 1082/1088 | 1670188.752 | record time: 00:04

------------------------------------------------------------------------------------------
1083/1088 | 1740295.071 | None | row 1087 | new: False | elapsed: 71:28
Noise stats for 1740295.071: out=0, rdr=0, mra=7, tp_pct=21.1 with enabled detecting motions

Noise stats for 1740295.071: out=0, rdr=0, mra=0, tp_pct=0.0 with disabled detecting motions
/home/kestutis/miniconda3/envs/ITP259/lib/python3.11/site-packages/sklearn/base.py:486: UserWarning: X has feature names, but StandardScaler was fitted without feature names
  warnings.warn(
ectopy_stats={'ectN': 663, 'ectS': 0, 'ectV': 6, 'ectU': 5} with disabled detecting motions
Done 1083/1088 | 1740295.071 | record time: 00:04

------------------------------------------------------------------------------------------
1084/1088 | 1742295.469 | 1103_0 | row 1086 | new: False | elapsed: 71:32
Noise stats for 1742295.469: out=0, rdr=0, mra=3, tp_pct=6.3 with enabled detecting motions

Noise stats for 1742295.469: out=0, rdr=0, mra=0, tp_pct=0.0 with disabled detecting motions
/home/kestutis/miniconda3/envs/ITP259/lib/python3.11/site-packages/sklearn/base.py:486: UserWarning: X has feature names, but StandardScaler was fitted without feature names
  warnings.warn(
ectopy_stats={'ectN': 631, 'ectS': 2, 'ectV': 29, 'ectU': 7} with disabled detecting motions
Done 1084/1088 | 1742295.469 | record time: 00:04

------------------------------------------------------------------------------------------
1085/1088 | 1742319.328 | None | row 1088 | new: False | elapsed: 71:36
Noise stats for 1742319.328: out=0, rdr=0, mra=3, tp_pct=7.9 with enabled detecting motions

Noise stats for 1742319.328: out=0, rdr=0, mra=0, tp_pct=0.0 with disabled detecting motions
/home/kestutis/miniconda3/envs/ITP259/lib/python3.11/site-packages/sklearn/base.py:486: UserWarning: X has feature names, but StandardScaler was fitted without feature names
  warnings.warn(
ectopy_stats={'ectN': 610, 'ectS': 0, 'ectV': 18, 'ectU': 7} with disabled detecting motions
Done 1085/1088 | 1742319.328 | record time: 00:04

------------------------------------------------------------------------------------------
1086/1088 | 1742362.474 | None | row 1089 | new: False | elapsed: 71:40
Noise stats for 1742362.474: out=0, rdr=0, mra=3, tp_pct=7.5 with enabled detecting motions

Noise stats for 1742362.474: out=0, rdr=0, mra=0, tp_pct=0.0 with disabled detecting motions
/home/kestutis/miniconda3/envs/ITP259/lib/python3.11/site-packages/sklearn/base.py:486: UserWarning: X has feature names, but StandardScaler was fitted without feature names
  warnings.warn(
ectopy_stats={'ectN': 642, 'ectS': 1, 'ectV': 13, 'ectU': 8} with disabled detecting motions
Done 1086/1088 | 1742362.474 | record time: 00:04

------------------------------------------------------------------------------------------
1087/1088 | 1743958.63 | 1102_1 | row 1085 | new: False | elapsed: 71:44
Noise stats for 1743958.630: out=0, rdr=0, mra=0, tp_pct=0.0 with enabled detecting motions

Noise stats for 1743958.630: out=0, rdr=0, mra=0, tp_pct=0.0 with disabled detecting motions
/home/kestutis/miniconda3/envs/ITP259/lib/python3.11/site-packages/sklearn/base.py:486: UserWarning: X has feature names, but StandardScaler was fitted without feature names
  warnings.warn(
ectopy_stats={'ectN': 606, 'ectS': 0, 'ectV': 110, 'ectU': 2} with disabled detecting motions
Done 1087/1088 | 1743958.63 | record time: 00:04

------------------------------------------------------------------------------------------
1088/1088 | 1743959.255 | 1102_0 | row 1084 | new: False | elapsed: 71:48
Noise stats for 1743959.255: out=0, rdr=0, mra=0, tp_pct=0.0 with enabled detecting motions

Noise stats for 1743959.255: out=0, rdr=0, mra=0, tp_pct=0.0 with disabled detecting motions
/home/kestutis/miniconda3/envs/ITP259/lib/python3.11/site-packages/sklearn/base.py:486: UserWarning: X has feature names, but StandardScaler was fitted without feature names
  warnings.warn(
ectopy_stats={'ectN': 611, 'ectS': 0, 'ectV': 101, 'ectU': 2} with disabled detecting motions
Done 1088/1088 | 1743959.255 | record time: 00:05

==========================================================================================
Total cycle time: 01:11 (hh:mm)
==========================================================================================
Processed JSON files: 1088
Changed rows: 1088
Added new rows: 0
Saved: /home/kestutis/DI/2025_ZIVEO/PROJECT_TRAIN_UNET/0_SELECT_ZIVE_DATA_2023/AtsisiuntimasZiveDuomenu/Atsisiusti_visi_anotuoti_duomenys_26_04_14/visi_zive_irasai_annot-Darb_updated_1024_0_5_3_7_0_12.xlsx
