filename,samples,basename,quality,noni,tag,cmt,mark,rpk_cnt,hN,hS,hV,hU,mlS,mlV,mlU,h_nz_cnt,h_nz_len,h_nz_frac%,ml_nz_cnt,ml_nz_len,ml_nz_frac%,flags,recordingId,userId,notes
1000_1,127999,1626941.468,0,,,,x,861,859,2,0,0,0,0,0,0,0,0,0,0,0,"EXTERNALLY_ANNOTATED,FOR_EXTERNAL_ANNOTATING,PSEUDO_ANNOTATED",60f945e187cf66e97e37810e,6034c808d6c2740008035ede,Truputi plaukioja amplitudė
1000_2,575999,1632923.661,1,,9999,,,4850,4849,1,0,0,0,0,0,0,0,0,0,0,0,"EXTERNALLY_ANNOTATED,FOR_EXTERNAL_ANNOTATING,PSEUDO_ANNOTATED",615516b62312e50c3f168e38,6034c808d6c2740008035ede,"Labai ilgas, > 4000. Praleistas pikas, gydytojas pažymėjo. Kokybė nėra aiški"
1001_0,908799,1621694.321,1,,9999,,,6018,6009,0,9,0,0,0,0,0,0,0,0,0,0,FULLY_ANNOTATED_PROFESSIONALLY,60a92aa454352a03116dc1f5,60a917b354352a3df86dc1f2,"keliasdešimt sekundžių pradžia nenusistovėjusi, izolinija, nemažai pašokinėja, pasitaiko nedideli raumenų triukšmai,  10 pūpsnių triukšmo intervalas ties 488800, 608300, 693800, 703000, 855000,860600,864600, 867100, 876800, kažkokie triukšmai  užsideda ant izolinijos pabaigoje"
1001_1,127999,1626330.744,0,,,,,797,788,5,0,4,0,0,0,0,0,0,0,0,0,"EXTERNALLY_ANNOTATED,FOR_EXTERNAL_ANNOTATING,PSEUDO_ANNOTATED",60efffba87cf660aac377fe7,60a917b354352a3df86dc1f2,"Yra S. Nedidelis, bet pastovus  BW, yra epizodų su EMG"
1001_2,127999,1626924.927,0,11,,,x,746,741,4,1,0,0,0,0,11,15698,12.264158313736825,0,0,0,FULLY_ANNOTATED_PROFESSIONALLY,60f9188487cf669c7e3780b8,60a917b354352a3df86dc1f2,"izolinija šokinėja nedaug, vietomis išlenda raumenų triušmai"
1001_3,127999,1626933.71,0,4,,,x,869,865,4,0,0,0,0,0,4,8200,6.406300049219135,0,0,0,FULLY_ANNOTATED_PROFESSIONALLY,60f9188487cf6678b43780c3,60a917b354352a3df86dc1f2,"BW nedidelis, bet nuolatinis, yra ryškių EMG epizodų"
1001_4,115199,1626934.963,0,,,,xx,764,761,2,0,1,0,0,0,0,0,0,0,0,0,"EXTERNALLY_ANNOTATED,FOR_EXTERNAL_ANNOTATING,PSEUDO_ANNOTATED",60f9188487cf6632713780c5,60a917b354352a3df86dc1f2,Paskutinės 16 sekundžių diržas nuimtas
1001_5,127999,1626931.201,0,5,,,x,806,805,1,0,0,0,0,0,5,4480,3.500027343963625,0,0,0,FULLY_ANNOTATED_PROFESSIONALLY,60f9188487cf66240e3780bf,60a917b354352a3df86dc1f2,"Neaišku, kas yra ties 12300 klausimas gydytojui. Gal verta užblokuoti 3 pūpsnius pradedant reikšme 68100, gal dar 2 - ties 92700, nors dabartiniam ML nepakenkė"
1001_6,128000,1670188.752,0,1,1111,,NC,720,718,0,2,0,0,0,0,1,300,0.234375,0,0,0,FULLY_ANNOTATED_PROFESSIONALLY,638d8f609e4d4309eebbb0f1,60a917b354352a3df86dc1f2,
1001_7,128000,1670177.65,0,2,,,,801,798,3,0,0,0,0,0,2,440,0.34375,0,0,0,FULLY_ANNOTATED_PROFESSIONALLY,638d8e519e4d43245abbb0c5,60a917b354352a3df86dc1f2,
1001_8,128000,1670183.201,0,1,1111,,x,739,737,0,2,0,0,0,0,1,600,0.46875,0,0,0,FULLY_ANNOTATED_PROFESSIONALLY,638d8f5d9e4d43301ebbb0df,60a917b354352a3df86dc1f2,
1002_0,127999,1625408.182,1,,,,,1185,1166,2,17,0,0,0,0,0,0,0,0,0,0,"EXTERNALLY_ANNOTATED,FOR_EXTERNAL_ANNOTATING,PSEUDO_ANNOTATED",60e1db5a93b55be9569e9eca,60e1d80f93b55b41529e9eaa,"Triukšminga judant, yra daug BW ir intensyvių EMG"
1002_1,127999,1625402.027,0,20,3333,,NC,765,748,4,13,0,0,0,0,20,26800,20.937663575496686,0,0,0,"AI_DATASET,FULLY_ANNOTATED_PROFESSIONALLY",60e1db5a93b55b56919e9ec0,60e1d80f93b55b41529e9eaa,"izolinija vaikšto nedaug, vietomis išlenda raumenų triušmai, 13 V, bet atpažino tik 5, 8 min."
1002_3,127999,1625403.256,1,,,,,817,808,0,9,0,0,0,0,0,0,0,0,0,0,"EXTERNALLY_ANNOTATED,FOR_EXTERNAL_ANNOTATING,PSEUDO_ANNOTATED",60e1db5a93b55be2659e9ec2,60e1d80f93b55b41529e9eaa,"Antroje dalyje yra nemažai BW bangavimų ir epizodų su EMG, gal net EMA"
1002_4,127999,1625405.103,1,,,,,1302,1293,2,7,0,0,0,0,0,0,0,0,0,0,"EXTERNALLY_ANNOTATED,FOR_EXTERNAL_ANNOTATING,PSEUDO_ANNOTATED",60e1db5a93b55b2f5b9e9ec5,60e1d80f93b55b41529e9eaa,"izolinija vietomis  pašokinėja, nemažai izolinijos bangavimų, yra ir raumenų triukšmų"
1002_5,127999,1625405.717,2,,3333,,NC,1293,1285,1,7,0,0,0,0,0,0,0,0,0,0,"EXTERNALLY_ANNOTATED,FOR_EXTERNAL_ANNOTATING,PSEUDO_ANNOTATED",60e1db5a93b55b6ad19e9ec6,60e1d80f93b55b41529e9eaa,"kokybė 3-4, Pilnas triukšmų, netinkamas analizei, bet tinka demonstracijai"
1002_6,127999,1625403.874,1,,,,,1141,1136,0,5,0,0,0,0,0,0,0,0,0,0,"EXTERNALLY_ANNOTATED,FOR_EXTERNAL_ANNOTATING,PSEUDO_ANNOTATED",60e1db5a93b55b14359e9ec3,60e1d80f93b55b41529e9eaa,"BW, kartais staigūs, yra nemažai vietų su stipriu EMG "
1003_0,127999,1630726.223,0,,,,,604,603,0,1,0,0,0,0,0,0,0,0,0,0,FULLY_ANNOTATED_PROFESSIONALLY,613f57ea3d08d45609cdcc86,613b1bc63d08d41309cdc8f1,
1003_1,127999,1630715.664,0,,,,,583,583,0,0,0,0,0,0,0,0,0,0,0,0,FULLY_ANNOTATED_PROFESSIONALLY,613f57ea3d08d4628bcdcc7a,613b1bc63d08d41309cdc8f1,"Pageidautina užblokuoti 2 pūpsnius ties 15600, sutrikdytas ML"
1004_0,127999,1630715.197,0,6,1111,,x,612,610,2,0,0,0,0,0,6,8600,6.718802490644459,0,0,0,FULLY_ANNOTATED_PROFESSIONALLY,613f59083d08d46e7acdce29,613b1c013d08d44862cdc8f2,"labai stabilus įrašas, be triukšmų"
1004_1,127999,1630714.569,0,,,,,606,605,1,0,0,0,0,0,0,0,0,0,0,0,FULLY_ANNOTATED_PROFESSIONALLY,613f59083d08d40605cdce2a,613b1c013d08d44862cdc8f2,
1004_2,127999,1630729.576,0,,,,,643,643,0,0,0,0,0,0,0,0,0,0,0,0,FULLY_ANNOTATED_PROFESSIONALLY,613f59083d08d45544cdce09,613b1c013d08d44862cdc8f2,
1005_0,127999,1630733.908,0,1,1111,,x,564,559,5,0,0,0,0,0,1,100,0.07812561035633091,0,0,0,FULLY_ANNOTATED_PROFESSIONALLY,613f56f73d08d4485dcdcb87,613b1c6f3d08d4370acdc8f3,"labai stabilus įrašas,  be triukšmų,  5 S, nei vieno nerado"
1005_1,127999,1630735.143,0,,,,,542,538,4,0,0,0,0,0,0,0,0,0,0,0,FULLY_ANNOTATED_PROFESSIONALLY,613f56f73d08d422c4cdcb86,613b1c6f3d08d4370acdc8f3,"Anotuoti 4 S, ML nerado nei vieno."
1005_10,127999,1630727.721,0,,,,,587,586,1,0,0,0,0,0,0,0,0,0,0,0,FULLY_ANNOTATED_PROFESSIONALLY,613f56f73d08d46a71cdcb7c,613b1c6f3d08d4370acdc8f3,"Didžioji dalis švari, tik pasitaiko staigių BW ir keletas EMA"
1005_11,127999,1630725.247,0,,,,,574,573,1,0,0,0,0,0,0,0,0,0,0,0,FULLY_ANNOTATED_PROFESSIONALLY,613f56f73d08d4301acdcb77,613b1c6f3d08d4370acdc8f3,"Švarus, išskyrus keturius trumpus epizodus su trikdžiais"
1005_12,127999,1630722.107,0,,,,,551,550,1,0,0,0,0,0,0,0,0,0,0,0,FULLY_ANNOTATED_PROFESSIONALLY,613f56f73d08d446e6cdcb73,613b1c6f3d08d4370acdc8f3,
1005_13,127999,1630720.872,0,,,,,558,557,1,0,0,0,0,0,0,0,0,0,0,0,FULLY_ANNOTATED_PROFESSIONALLY,613f56f73d08d4a8f0cdcb71,613b1c6f3d08d4370acdc8f3,"labai geras, tik pora vietų su mažais triukšmais"
1005_14,127999,1630719.632,0,,,,,540,539,1,0,0,0,0,0,0,0,0,0,0,0,FULLY_ANNOTATED_PROFESSIONALLY,613f56f73d08d4126ecdcb6e,613b1c6f3d08d4370acdc8f3,Idealus
1005_15,127999,1630719.014,0,,,,,543,542,1,0,0,0,0,0,0,0,0,0,0,0,FULLY_ANNOTATED_PROFESSIONALLY,613f56f73d08d45121cdcb6f,613b1c6f3d08d4370acdc8f3,Idealus
1005_16,127999,1630737,0,,,,,563,562,1,0,0,0,0,0,0,0,0,0,0,0,FULLY_ANNOTATED_PROFESSIONALLY,613f56f73d08d4518bcdcb8e,613b1c6f3d08d4370acdc8f3,"labai geras, tik pora vietų su mažais triukšmais"
1005_17,127999,1630725.864,0,,,,,573,573,0,0,0,0,0,0,0,0,0,0,0,0,FULLY_ANNOTATED_PROFESSIONALLY,613f56f73d08d46bfecdcb79,613b1c6f3d08d4370acdc8f3,
1005_2,127999,1630693.635,0,,,,,654,651,3,0,0,0,0,0,0,0,0,0,0,0,"EXTERNALLY_ANNOTATED,FOR_EXTERNAL_ANNOTATING,PSEUDO_ANNOTATED",613f56f73d08d4dc87cdcb40,613b1c6f3d08d4370acdc8f3,"Anotuoti 2 S, ML nerado nei vieno."
1005_3,127999,1630734.526,0,,,,,579,576,3,0,0,0,0,0,0,0,0,0,0,0,FULLY_ANNOTATED_PROFESSIONALLY,613f56f73d08d40b6fcdcb88,613b1c6f3d08d4370acdc8f3,"Intervalą nuo 62600, apie 10 pūpsnių verta užblokuoti, ML nepakenkė"
1005_4,127999,1630736.382,0,1,1111,,x,542,540,1,1,0,0,0,0,1,400,0.31250244142532363,0,0,0,FULLY_ANNOTATED_PROFESSIONALLY,613f56f73d08d4bc97cdcb8a,613b1c6f3d08d4370acdc8f3,Labai švarus
1005_5,127999,1630718.396,0,,,,,548,546,2,0,0,0,0,0,0,0,0,0,0,0,FULLY_ANNOTATED_PROFESSIONALLY,613f56f73d08d47b8ecdcb6d,613b1c6f3d08d4370acdc8f3,"Anotuoti 2 S, ML nerado nei vieno."
1005_6,127999,1630721.49,0,,,,,551,549,1,1,0,0,0,0,0,0,0,0,0,0,FULLY_ANNOTATED_PROFESSIONALLY,613f56f73d08d41969cdcb72,613b1c6f3d08d4370acdc8f3,"Anotuoti 1 S ir 1 V, ML S nerado, V rado."
1005_7,127999,1630733.29,0,,,,,569,567,2,0,0,0,0,0,0,0,0,0,0,0,FULLY_ANNOTATED_PROFESSIONALLY,613f56f73d08d4baddcdcb83,613b1c6f3d08d4370acdc8f3,Idealus
1005_8,127999,1630717.159,0,,,,,560,559,1,0,0,0,0,0,0,0,0,0,0,0,FULLY_ANNOTATED_PROFESSIONALLY,613f56f73d08d432decdcb6b,613b1c6f3d08d4370acdc8f3,
1005_9,127999,1630735.765,0,,,,,574,573,1,0,0,0,0,0,0,0,0,0,0,0,FULLY_ANNOTATED_PROFESSIONALLY,613f56f73d08d455c1cdcb8d,613b1c6f3d08d4370acdc8f3,
1006_0,127999,1630795.799,1,,,,,608,607,0,1,0,0,0,0,0,0,0,0,0,0,FULLY_ANNOTATED_PROFESSIONALLY,613f59533d08d41a8bcdceb8,613b1c9c3d08d43181cdc8f4,"Yra epizodų su BW, ties 38000 - EMA"
1006_1,127999,1630797.676,0,1,1111,,NC,581,580,0,1,0,0,0,0,1,400,0.31250244142532363,0,0,0,FULLY_ANNOTATED_PROFESSIONALLY,613f59533d08d413facdcebb,613b1c9c3d08d43181cdc8f4,"labai stabilus įrašas,  be triukšmų,  1 V, rado"
1006_2,127999,1630813.935,0,4,3333,,xx,675,674,1,0,0,0,0,0,4,11200,8.750068359909061,0,0,0,FULLY_ANNOTATED_PROFESSIONALLY,613f59533d08d4e57fcdced5,613b1c9c3d08d43181cdc8f4,"Yra keletas epizodų su BW, EMG, EMA"
1006_3,127999,1630808.306,0,6,3333,,xx,637,637,0,0,0,0,0,0,6,4300,3.3594012453222293,0,0,0,FULLY_ANNOTATED_PROFESSIONALLY,613f59533d08d47abacdcecc,613b1c9c3d08d43181cdc8f4,Yra keletas epizodų su BW šuoliu
1007_0,127999,1631001.238,0,,,,,649,648,1,0,0,0,0,0,0,0,0,0,0,0,FULLY_ANNOTATED_PROFESSIONALLY,613b22203d08d4b817cdc96f,613b1cc33d08d4c0d5cdc8f5,"labai stabilus įrašas, beveik be triukšmų (tik poroje vietų),  1 S, pripažino kaip V, nemažai U"
1007_1,127999,1630959.214,0,2,1111,,x,612,612,0,0,0,0,0,0,2,1200,0.9375073242759709,0,0,0,FULLY_ANNOTATED_PROFESSIONALLY,613b221f3d08d453a1cdc914,613b1cc33d08d4c0d5cdc8f5,Labai geras 
1008_0,127999,1630771.589,0,1,1111,,x,747,724,2,21,0,0,0,0,1,100,0.07812561035633091,0,0,0,"EXTERNALLY_ANNOTATED,FOR_EXTERNAL_ANNOTATING",613f58593d08d4cec1cdccf1,613b1d0c3d08d413ffcdc8f6,Gana silpnas BW
1008_1,127999,1630764.137,0,,,,,840,817,1,22,0,0,0,0,0,0,0,0,0,0,"EXTERNALLY_ANNOTATED,FOR_EXTERNAL_ANNOTATING",613f58593d08d44f8dcdccf5,613b1d0c3d08d413ffcdc8f6,"Ryškus BW, bet be staigių šuolių"
1008_10,127999,1630762.273,0,,,,,886,876,2,8,0,0,0,0,0,0,0,0,0,0,"EXTERNALLY_ANNOTATED,FOR_EXTERNAL_ANNOTATING",613f58593d08d401b0cdccf4,613b1d0c3d08d413ffcdc8f6,"Ryškus BW, bet be staigių šuolių, silpnas EMG"
1008_11,127999,1630812.584,0,,,,x,676,667,0,9,0,0,0,0,0,0,0,0,0,0,FULLY_ANNOTATED_PROFESSIONALLY,613f585a3d08d49213cdcd47,613b1d0c3d08d413ffcdc8f6,Švarus
1008_12,127999,1630758.549,0,5,1111,,x,717,708,4,5,0,0,0,0,5,7800,6.093797607793811,0,0,0,"EXTERNALLY_ANNOTATED,FOR_EXTERNAL_ANNOTATING",613f58593d08d461c8cdcce8,613b1d0c3d08d413ffcdc8f6,"Nedidelis BW, ryškesnis įrašo pabaigoje"
1008_13,127999,1630808.859,0,,,,,675,666,0,8,1,0,0,0,0,0,0,0,0,0,FULLY_ANNOTATED_PROFESSIONALLY,613f58593d08d4d1accdcd3b,613b1d0c3d08d413ffcdc8f6,Švarus
1008_14,127999,1630811.963,0,,,,,678,670,0,8,0,0,0,0,0,0,0,0,0,0,FULLY_ANNOTATED_PROFESSIONALLY,613f58593d08d418e6cdcd41,613b1d0c3d08d413ffcdc8f6,Nedidelis BW ir kartais nedidelis EMG
1008_15,127999,1630809.483,0,,,,,676,668,0,8,0,0,0,0,0,0,0,0,0,0,FULLY_ANNOTATED_PROFESSIONALLY,613f58593d08d4bdedcdcd3c,613b1d0c3d08d413ffcdc8f6,Švarus
1008_16,127999,1630811.343,0,,,,,678,671,0,7,0,0,0,0,0,0,0,0,0,0,FULLY_ANNOTATED_PROFESSIONALLY,613f58593d08d4975fcdcd40,613b1d0c3d08d413ffcdc8f6,Tik pabaigoje atsiranda trikdžiai
1008_17,127999,1630810.723,0,,,,,675,665,0,7,3,0,0,0,0,0,0,0,0,0,FULLY_ANNOTATED_PROFESSIONALLY,613f58593d08d461accdcd3f,613b1d0c3d08d413ffcdc8f6,
1008_18,127999,1630761.032,2,,,,,974,967,0,7,0,0,0,0,0,0,0,0,0,0,"EXTERNALLY_ANNOTATED,FOR_EXTERNAL_ANNOTATING",613f58593d08d42c00cdccf6,613b1d0c3d08d413ffcdc8f6,
1008_19,127999,1630810.103,0,,,,,675,668,0,6,1,0,0,0,0,0,0,0,0,0,FULLY_ANNOTATED_PROFESSIONALLY,613f58593d08d47206cdcd3e,613b1d0c3d08d413ffcdc8f6,Labai švarus
1008_2,127999,1630763.516,1,,,,,835,814,0,21,0,0,0,0,0,0,0,0,0,0,"EXTERNALLY_ANNOTATED,FOR_EXTERNAL_ANNOTATING",613f58593d08d40aeacdcceb,613b1d0c3d08d413ffcdc8f6,"daug BW, yra šokinėjančių BW, nedideli EMG"
1008_20,127999,1630806.377,1,,,,,677,673,0,4,0,0,0,0,0,0,0,0,0,0,FULLY_ANNOTATED_PROFESSIONALLY,613f58593d08d40cf3cdcd38,613b1d0c3d08d413ffcdc8f6,"Yra BW bangų ir šuolių, EMG maži, kartais matosi EMA epizodų"
1008_21,127999,1630806.998,1,,,,,675,671,0,4,0,0,0,0,0,0,0,0,0,0,FULLY_ANNOTATED_PROFESSIONALLY,613f58593d08d406adcdcd3a,613b1d0c3d08d413ffcdc8f6,"izolinija vaikščioja nedaug, bet dažnai, beveik visur išlenda raumenų triušmai, nemažai surasta U"
1008_22,127999,1630808.238,0,,,,,674,671,0,3,0,0,0,0,0,0,0,0,0,0,FULLY_ANNOTATED_PROFESSIONALLY,613f58593d08d45725cdcd39,613b1d0c3d08d413ffcdc8f6,Gera kokybė
1008_23,127999,1630777.178,0,,,,,799,796,0,3,0,0,0,0,0,0,0,0,0,0,"EXTERNALLY_ANNOTATED,FOR_EXTERNAL_ANNOTATING",613f58593d08d48446cdcd06,613b1d0c3d08d413ffcdc8f6,Trikdis pasirodo pačioje pabaigoje
1008_24,127999,1630807.618,0,,,,,672,671,0,1,0,0,0,0,0,0,0,0,0,0,FULLY_ANNOTATED_PROFESSIONALLY,613f58593d08d46c2fcdcd3d,613b1d0c3d08d413ffcdc8f6,Idealus
1008_3,127999,1630757.924,1,,,,,742,723,11,8,0,0,0,0,0,0,0,0,0,0,"AI_DATASET,EXTERNALLY_ANNOTATED,FOR_EXTERNAL_ANNOTATING",613f58593d08d48596cdcce9,613b1d0c3d08d413ffcdc8f6,"daug BW, yra šokinėjančių BW, nedideli EMG"
1008_4,127999,1630757.303,1,,,,,738,720,4,14,0,0,0,0,0,0,0,0,0,0,"EXTERNALLY_ANNOTATED,FOR_EXTERNAL_ANNOTATING",613f58593d08d43c7dcdccea,613b1d0c3d08d413ffcdc8f6,Lyg tai pradžioje išlenda EMA
1008_5,127999,1630759.79,1,,,,,951,935,0,16,0,0,0,0,0,0,0,0,0,0,FULLY_ANNOTATED_PROFESSIONALLY,613f58593d08d40e08cdccf3,613b1d0c3d08d413ffcdc8f6,"EMG, kartais nesilpnas, pastovus, netvarkingas  BW  "
1008_6,127999,1630762.894,0,,,,,821,807,2,12,0,0,0,0,0,0,0,0,0,0,"EXTERNALLY_ANNOTATED,FOR_EXTERNAL_ANNOTATING",613f58593d08d42662cdccf7,613b1d0c3d08d413ffcdc8f6,"Neintensyvus BW, silpnas EMG"
1008_7,127999,1630770.348,0,,,,,813,799,4,10,0,0,0,0,0,0,0,0,0,0,"EXTERNALLY_ANNOTATED,FOR_EXTERNAL_ANNOTATING",613f58593d08d40c60cdccef,613b1d0c3d08d413ffcdc8f6,Stebimas BW
1008_8,127999,1630768.486,0,,,,,756,743,1,12,0,0,0,0,0,0,0,0,0,0,"EXTERNALLY_ANNOTATED,FOR_EXTERNAL_ANNOTATING",613f58593d08d46025cdccf0,613b1d0c3d08d413ffcdc8f6,
1008_9,127999,1630759.17,1,,,,,858,848,1,9,0,0,0,0,0,0,0,0,0,0,"EXTERNALLY_ANNOTATED,FOR_EXTERNAL_ANNOTATING",613f58593d08d48eefcdccec,613b1d0c3d08d413ffcdc8f6,"Intensyvus BW, dažnas nelabai intensyvus EMG "
1009_0,127999,1631141.137,0,,,,,740,719,21,0,0,0,0,0,0,0,0,0,0,0,FULLY_ANNOTATED_PROFESSIONALLY,613b22d53d08d4ea5fcdc9ec,613b1d673d08d4d1f3cdc8f8,
1009_1,127999,1631141.764,0,,3333,,xx,865,845,20,0,0,0,0,0,0,0,0,0,0,0,"AI_DATASET,FULLY_ANNOTATED_PROFESSIONALLY",613b22d53d08d4fe94cdc9ed,613b1d673d08d4d1f3cdc8f8,Labai geras 
1009_10,127999,1631132.359,0,,,,,659,655,4,0,0,0,0,0,0,0,0,0,0,0,FULLY_ANNOTATED_PROFESSIONALLY,613b22d43d08d40c22cdc9d9,613b1d673d08d4d1f3cdc8f8,Labai geras 
1009_11,127999,1631130.477,0,,,,,620,617,3,0,0,0,0,0,0,0,0,0,0,0,FULLY_ANNOTATED_PROFESSIONALLY,613b22d43d08d4c0c9cdc9d7,613b1d673d08d4d1f3cdc8f8,Idealus
1009_12,127999,1631057.107,0,2,1111,,x,779,776,3,0,0,0,0,0,2,8800,6.875053711357119,0,0,0,"EXTERNALLY_ANNOTATED,FOR_EXTERNAL_ANNOTATING",613b22d43d08d443f5cdc98e,613b1d673d08d4d1f3cdc8f8,Idealus
1009_13,127999,1631056.479,0,1,1111,,x,800,797,3,0,0,0,0,0,1,200,0.15625122071266181,0,0,0,"EXTERNALLY_ANNOTATED,FOR_EXTERNAL_ANNOTATING",613b22d43d08d43f31cdc98d,613b1d673d08d4d1f3cdc8f8,Idealus
1009_14,127999,1631136.748,0,,,,x,668,665,3,0,0,0,0,0,0,0,0,0,0,0,FULLY_ANNOTATED_PROFESSIONALLY,613b22d43d08d4f064cdc9e1,613b1d673d08d4d1f3cdc8f8,Idealus
1009_15,127999,1631077.172,0,,,,,1011,1009,2,0,0,0,0,0,0,0,0,0,0,0,FULLY_ANNOTATED_PROFESSIONALLY,613b22d53d08d41499cdca02,613b1d673d08d4d1f3cdc8f8,Labai geras 
1009_16,127999,1631115.424,0,,,,,668,666,2,0,0,0,0,0,0,0,0,0,0,0,FULLY_ANNOTATED_PROFESSIONALLY,613b22d43d08d485eccdc9c0,613b1d673d08d4d1f3cdc8f8,Labai geras 
1009_17,127999,1631126.715,0,,,,,665,663,2,0,0,0,0,0,0,0,0,0,0,0,FULLY_ANNOTATED_PROFESSIONALLY,613b22d43d08d4b9b1cdc9d1,613b1d673d08d4d1f3cdc8f8,Labai geras 
1009_18,127999,1631119.815,0,,,,,618,616,2,0,0,0,0,0,0,0,0,0,0,0,FULLY_ANNOTATED_PROFESSIONALLY,613b22d43d08d4df06cdc9c5,613b1d673d08d4d1f3cdc8f8,Idealus
1009_19,127999,1631059.618,0,,,,,877,875,2,0,0,0,0,0,0,0,0,0,0,0,FULLY_ANNOTATED_PROFESSIONALLY,613b22d43d08d47e3bcdc99f,613b1d673d08d4d1f3cdc8f8,"yra triukšmo atkarpų, ištryniau vieną R"
1009_2,127999,1631139.883,1,,,,,1037,1019,13,0,5,0,0,0,0,0,0,0,0,0,"EXTERNALLY_ANNOTATED,FOR_EXTERNAL_ANNOTATING",613b22d53d08d40ad7cdc9e7,613b1d673d08d4d1f3cdc8f8,"34200 - raumenų triukšmų segmentas - 6 pikai, 43200 - 7 pikai, 46200 - 9 pikai, 49800 - 10 pikų, 52000 - 5 pikai ir t.t., tokių segmentų yra nemažai"
1009_20,127999,1631113.542,0,,,,,652,650,2,0,0,0,0,0,0,0,0,0,0,0,FULLY_ANNOTATED_PROFESSIONALLY,613b22d43d08d40d95cdc9ba,613b1d673d08d4d1f3cdc8f8,Labai geras 
1009_21,127999,1631119.188,0,,,,,633,632,1,0,0,0,0,0,0,0,0,0,0,0,FULLY_ANNOTATED_PROFESSIONALLY,613b22d43d08d4d092cdc9c8,613b1d673d08d4d1f3cdc8f8,Idealus
1009_22,127999,1631114.169,0,,,,,667,666,1,0,0,0,0,0,0,0,0,0,0,0,FULLY_ANNOTATED_PROFESSIONALLY,613b22d43d08d4dc48cdc9bb,613b1d673d08d4d1f3cdc8f8,Idealus
1009_23,127999,1631055.852,0,,,,,929,928,1,0,0,0,0,0,0,0,0,0,0,0,"EXTERNALLY_ANNOTATED,FOR_EXTERNAL_ANNOTATING",613b22d43d08d4165ccdc98c,613b1d673d08d4d1f3cdc8f8,geras
1009_24,127999,1631129.85,0,,,,,672,671,1,0,0,0,0,0,0,0,0,0,0,0,FULLY_ANNOTATED_PROFESSIONALLY,613b22d43d08d4b069cdc9d6,613b1d673d08d4d1f3cdc8f8,"Daug maž gera kokybė, tiik 2 vietose staigūs izolinijos šuoliai"
1009_25,127999,1631058.364,0,,,,,770,769,1,0,0,0,0,0,0,0,0,0,0,0,FULLY_ANNOTATED_PROFESSIONALLY,613b22d43d08d47526cdc997,613b1d673d08d4d1f3cdc8f8,Idealus
1009_26,127999,1631099.746,0,,,,,885,884,1,0,0,0,0,0,0,0,0,0,0,0,FULLY_ANNOTATED_PROFESSIONALLY,613b22d43d08d4f763cdc9a6,613b1d673d08d4d1f3cdc8f8,Idealus
1009_27,127999,1631132.986,0,,,,,675,674,1,0,0,0,0,0,0,0,0,0,0,0,FULLY_ANNOTATED_PROFESSIONALLY,613b22d43d08d45b77cdc9da,613b1d673d08d4d1f3cdc8f8,Labai geras 
1009_28,127999,1631110.407,0,,,,,724,724,0,0,0,0,0,0,0,0,0,0,0,0,FULLY_ANNOTATED_PROFESSIONALLY,613b22d43d08d4d147cdc9b8,613b1d673d08d4d1f3cdc8f8,"geras, visą laiką banguojanti izolinija"
1009_3,127999,1631076.545,0,,,,,905,897,8,0,0,0,0,0,0,0,0,0,0,0,FULLY_ANNOTATED_PROFESSIONALLY,613b22d53d08d471a4cdca04,613b1d673d08d4d1f3cdc8f8,"geras, tik keletas vietų su triukšmais"
1009_4,127999,1631135.494,0,,,,,649,644,5,0,0,0,0,0,0,0,0,0,0,0,FULLY_ANNOTATED_PROFESSIONALLY,613b22d43d08d42818cdc9de,613b1d673d08d4d1f3cdc8f8,Labai geras 
1009_5,127999,1631057.738,0,,,,,772,767,5,0,0,0,0,0,0,0,0,0,0,0,"EXTERNALLY_ANNOTATED,FOR_EXTERNAL_ANNOTATING",613b22d43d08d4642dcdc98f,613b1d673d08d4d1f3cdc8f8,Labai geras 
1009_6,127999,1631075.918,0,,,,,901,896,5,0,0,0,0,0,0,0,0,0,0,0,FULLY_ANNOTATED_PROFESSIONALLY,613b22d53d08d4e16acdca03,613b1d673d08d4d1f3cdc8f8,"geras, tik keletas vietų su triukšmais"
1009_7,127999,1631137.375,0,,,,,683,678,5,0,0,0,0,0,0,0,0,0,0,0,FULLY_ANNOTATED_PROFESSIONALLY,613b22d43d08d41583cdc9e3,613b1d673d08d4d1f3cdc8f8,Idealus
1009_8,127999,1631136.121,0,,,,,671,666,5,0,0,0,0,0,0,0,0,0,0,0,FULLY_ANNOTATED_PROFESSIONALLY,613b22d43d08d4efb6cdc9e0,613b1d673d08d4d1f3cdc8f8,Idealus
1009_9,127999,1631131.731,0,,,,,657,653,4,0,0,0,0,0,0,0,0,0,0,0,FULLY_ANNOTATED_PROFESSIONALLY,613b22d43d08d40a7acdc9dd,613b1d673d08d4d1f3cdc8f8,Idealus
1010_0,127999,1630869.824,0,3,1111,,x,749,748,1,0,0,0,0,0,3,1600,1.2500097657012945,0,0,0,FULLY_ANNOTATED_PROFESSIONALLY,613f58b73d08d439a0cdcda2,613b1d903d08d4df57cdc8f9,Idealus
1010_1,127999,1630859.89,0,,,,,770,770,0,0,0,0,0,0,0,0,0,0,0,0,FULLY_ANNOTATED_PROFESSIONALLY,613f58b73d08d44842cdcd91,613b1d903d08d4df57cdc8f9,"Visai gera kokybė, tačiau labai daug U sužymimi kaip U"
1011_0,127999,1630890.629,0,1,1111,,x,604,600,0,4,0,0,0,0,1,1200,0.9375073242759709,0,0,0,FULLY_ANNOTATED_PROFESSIONALLY,613f59b33d08d46608cdcf38,613b1db23d08d4ea68cdc8fa,Skilvelinės tachikardijos epizodas.
1011_1,127999,1630878.738,0,6,1111,,x,714,713,1,0,0,0,0,0,6,9200,7.187556152782444,0,0,0,FULLY_ANNOTATED_PROFESSIONALLY,613f59b33d08d40c95cdcf25,613b1db23d08d4ea68cdc8fa,Idealus
1011_2,127999,1630876.859,0,,,,,792,792,0,0,0,0,0,0,0,0,0,0,0,0,FULLY_ANNOTATED_PROFESSIONALLY,613f59b33d08d4d31dcdcf22,613b1db23d08d4ea68cdc8fa,Idealus
1012_0,127999,1631702.918,0,,3333,,xx,761,756,1,4,0,0,0,0,0,0,0,0,0,0,"EXTERNALLY_ANNOTATED,FOR_EXTERNAL_ANNOTATING,PSEUDO_ANNOTATED",61448382bd0cc51834275263,6143507abd0cc5051b275171,geras 
1012_1,127999,1631727.631,0,,,,,646,644,2,0,0,0,0,0,0,0,0,0,0,0,"EXTERNALLY_ANNOTATED,FOR_EXTERNAL_ANNOTATING,PSEUDO_ANNOTATED",61448349bd0cc5604f2751e0,6143507abd0cc5051b275171,"Silpnas EMG per visą EKG, vietomis sustiprėja"
1012_2,127999,1631734.441,0,,3333,,xx,487,485,2,0,0,0,0,0,0,0,0,0,0,0,"EXTERNALLY_ANNOTATED,FOR_EXTERNAL_ANNOTATING,PSEUDO_ANNOTATED",61448349bd0cc5c9052751df,6143507abd0cc5051b275171,Labai švarus
1013_0,127999,1631080.771,0,,,,x,890,509,0,381,0,0,0,0,0,0,0,0,0,0,FULLY_ANNOTATED_PROFESSIONALLY,6144cd8bbd0cc52fe9275398,6144c4fbbd0cc552e427535f,"izolinija vaikšto nedaug, labai nedaug vietomis išlenda raumenų triušmai, 381 V, bet atpažino 326, 8 min."
1013_1,127999,1631083.411,0,,,,x,997,719,0,278,0,0,0,0,0,0,0,0,0,0,FULLY_ANNOTATED_PROFESSIONALLY,6144cd8bbd0cc555682753a9,6144c4fbbd0cc552e427535f,"Labai geras, daug V ir bigeminija. Raumenų triukšmo segmentas, nuo 15200, 1 pikas, nuo 89600, apie 12 pikų, daug daugiau tokių segmentų"
1013_10,127999,1631073.608,0,,,,x,726,568,0,158,0,0,0,0,0,0,0,0,0,0,FULLY_ANNOTATED_PROFESSIONALLY,6144cd8bbd0cc511df2753b2,6144c4fbbd0cc552e427535f,"geras, daug V ir bigeminija"
1013_11,127999,1631084.032,1,,,,,1009,851,0,158,0,0,0,0,0,0,0,0,0,0,FULLY_ANNOTATED_PROFESSIONALLY,6144cd8bbd0cc50c862753b8,6144c4fbbd0cc552e427535f,"daug aukšto dažnio triukšmo, daug V"
1013_12,127999,1631075.662,0,,,,,725,570,0,155,0,0,0,0,0,0,0,0,0,0,FULLY_ANNOTATED_PROFESSIONALLY,6144cd8bbd0cc567292753b5,6144c4fbbd0cc552e427535f,"geras, daug V ir bigeminija"
1013_13,127999,1631074.415,0,3,1111,,x,716,584,0,132,0,0,0,0,3,2900,2.265642700333596,0,0,0,FULLY_ANNOTATED_PROFESSIONALLY,6144cd8bbd0cc524f92753b3,6144c4fbbd0cc552e427535f,"Idealus, daug V ir bigeminija, yra ML neatpažintų V"
1013_14,127999,1631080.143,0,1,1111,,x,726,597,0,129,0,0,0,0,1,2000,1.5625122071266182,0,0,0,FULLY_ANNOTATED_PROFESSIONALLY,6144cd8bbd0cc5b5c3275399,6144c4fbbd0cc552e427535f,"labai geras, daug V ir bigeminija, "
1013_15,127999,1631075.042,0,,,,,711,583,0,128,0,0,0,0,0,0,0,0,0,0,FULLY_ANNOTATED_PROFESSIONALLY,6144cd8bbd0cc56eda2753b4,6144c4fbbd0cc552e427535f,"Idealus, daug V ir bigeminija, yra ML neatpažintų V"
1013_16,127999,1631072.98,0,,,,,682,589,0,93,0,0,0,0,0,0,0,0,0,0,FULLY_ANNOTATED_PROFESSIONALLY,6144cd8bbd0cc5050f2753b1,6144c4fbbd0cc552e427535f,"Idealus, daug V ir bigeminija, yra ML neatpažintų V"
1013_17,127999,1631068.862,0,,,,,693,625,0,68,0,0,0,0,0,0,0,0,0,0,FULLY_ANNOTATED_PROFESSIONALLY,6144cd8bbd0cc5e6492753ac,6144c4fbbd0cc552e427535f,"Idealus, daug V ir bigeminija"
1013_18,127999,1631085.896,0,,,,,858,791,0,67,0,0,0,0,0,0,0,0,0,0,FULLY_ANNOTATED_PROFESSIONALLY,6144cd8bbd0cc5113c2753bb,6144c4fbbd0cc552e427535f,"geras, daug V ir bigeminija"
1013_19,127999,1631069.482,0,,,,,686,631,0,55,0,0,0,0,0,0,0,0,0,0,FULLY_ANNOTATED_PROFESSIONALLY,6144cd8bbd0cc563942753ad,6144c4fbbd0cc552e427535f,"geras, daug V ir bigeminija"
1013_2,127999,1631081.543,1,,,,,1116,873,0,243,0,0,0,0,0,0,0,0,0,0,FULLY_ANNOTATED_PROFESSIONALLY,6144cd8bbd0cc5da6b275397,6144c4fbbd0cc552e427535f,"Nuolat lenda raumenų triukšmai, yra karts nuo karto nedideli izolinijos šuoliai"
1013_20,127999,1631071.96,0,,,,,674,621,0,53,0,0,0,0,0,0,0,0,0,0,FULLY_ANNOTATED_PROFESSIONALLY,6144cd8bbd0cc53d8f2753b0,6144c4fbbd0cc552e427535f,idealus
1013_21,127999,1631084.656,0,,,,,907,855,0,52,0,0,0,0,0,0,0,0,0,0,FULLY_ANNOTATED_PROFESSIONALLY,6144cd8bbd0cc54a342753b9,6144c4fbbd0cc552e427535f,"pusė su aukšto dažnio triukšmais, kita pusė ideali"
1013_22,127999,1631032.393,1,,,,,911,862,0,49,0,0,0,0,0,0,0,0,0,0,FULLY_ANNOTATED_PROFESSIONALLY,6144cd8bbd0cc52ca32753a4,6144c4fbbd0cc552e427535f,"Naudota cluster testavimui.  Yra intervalų su paplaukiančia izolinija, taip pat yra intervalų su padidėjusiu raumenų triukšmu, bei kontaktinio triūkšmo. Daug V, nemažai akivaizdžių (apie 20%) neatpažinta"
1013_23,127999,1631082.171,0,,,,,966,920,0,46,0,0,0,0,0,0,0,0,0,0,FULLY_ANNOTATED_PROFESSIONALLY,6144cd8bbd0cc5c10c27539f,6144c4fbbd0cc552e427535f,"geras, daug V"
1013_24,127999,1631068.242,0,,,,,679,646,0,33,0,0,0,0,0,0,0,0,0,0,FULLY_ANNOTATED_PROFESSIONALLY,6144cd8bbd0cc59ea72753ab,6144c4fbbd0cc552e427535f,"geras, daug V ir bigeminija"
1013_25,127999,1631070.122,0,,,,,678,655,0,23,0,0,0,0,0,0,0,0,0,0,FULLY_ANNOTATED_PROFESSIONALLY,6144cd8bbd0cc540cb2753ae,6144c4fbbd0cc552e427535f,idealus
1013_26,127999,1631085.276,0,,,,,794,774,0,20,0,0,0,0,0,0,0,0,0,0,FULLY_ANNOTATED_PROFESSIONALLY,6144cd8bbd0cc56ae62753ba,6144c4fbbd0cc552e427535f,"Silpnas BW, kartais pasirodo nedidelis EMG"
1013_27,127999,1631047.03,0,,,,,703,684,0,19,0,0,0,0,0,0,0,0,0,0,FULLY_ANNOTATED_PROFESSIONALLY,6144cd8bbd0cc5674f275389,6144c4fbbd0cc552e427535f,su aukšto dažnio triukšmais
1013_28,127999,1631037.236,2,,,,,999,984,0,15,0,0,0,0,0,0,0,0,0,0,FULLY_ANNOTATED_PROFESSIONALLY,6144cd8bbd0cc5dcdc27536c,6144c4fbbd0cc552e427535f,
1013_29,127999,1631061.335,0,,,,,680,671,0,9,0,0,0,0,0,0,0,0,0,0,FULLY_ANNOTATED_PROFESSIONALLY,6144cd8bbd0cc5aad427537f,6144c4fbbd0cc552e427535f,su aukšto dažnio triukšmais
1013_3,127999,1631078.776,0,,,,,763,531,0,232,0,0,0,0,0,0,0,0,0,0,FULLY_ANNOTATED_PROFESSIONALLY,6144cd8bbd0cc5c5a327539b,6144c4fbbd0cc552e427535f,"Labai geras, daug V ir bigeminija"
1013_30,127999,1631031.749,1,,,,,871,867,0,4,0,0,0,0,0,0,0,0,0,0,FULLY_ANNOTATED_PROFESSIONALLY,6144cd8bbd0cc5275a27536b,6144c4fbbd0cc552e427535f,daug triukšmo
1013_31,127999,1631050.134,0,,,,,662,658,0,4,0,0,0,0,0,0,0,0,0,0,FULLY_ANNOTATED_PROFESSIONALLY,6144cd8bbd0cc580df2753a3,6144c4fbbd0cc552e427535f,"pusė su aukšto dažnio triukšmais, kita pusė ideali, ištryniau vieną R"
1013_32,127999,1631039.923,1,,3333,,NC,904,900,0,4,0,0,0,0,0,0,0,0,0,0,FULLY_ANNOTATED_PROFESSIONALLY,6144cd8bbd0cc50d1d27537e,6144c4fbbd0cc552e427535f,"Nuo 61200 prasideda aiškiai matomi raumenų triukšmai, 82400, 112000 ir dr keletą vietų - intensyvus izolinijos"
1013_33,127999,1631033.093,0,,,,,759,755,0,4,0,0,0,0,0,0,0,0,0,0,FULLY_ANNOTATED_PROFESSIONALLY,6144cd8bbd0cc5d0fe27536d,6144c4fbbd0cc552e427535f,geras
1013_34,115199,1631086.524,2,,,,,109,107,0,2,0,0,0,0,0,0,0,0,0,0,FULLY_ANNOTATED_PROFESSIONALLY,6144cd8bbd0cc55b932753bc,6144c4fbbd0cc552e427535f,"tik pradžioje truputis R, po to be kūno"
1013_35,127999,1631043.288,0,,,,,805,803,0,2,0,0,0,0,0,0,0,0,0,0,FULLY_ANNOTATED_PROFESSIONALLY,6144cd8bbd0cc502b7275370,6144c4fbbd0cc552e427535f,beveik idealus
1013_36,127999,1631029.205,0,,,,,825,823,1,1,0,0,0,0,0,0,0,0,0,0,FULLY_ANNOTATED_PROFESSIONALLY,6144cd8bbd0cc5bedf275378,6144c4fbbd0cc552e427535f,beveik idealus
1013_37,127999,1631030.505,0,,,,,774,773,0,1,0,0,0,0,0,0,0,0,0,0,FULLY_ANNOTATED_PROFESSIONALLY,6144cd8bbd0cc5276f275387,6144c4fbbd0cc552e427535f,"BW nedidelis ir pastovus, yra pora epizodų su šuoliais"
1013_38,127999,1631058.853,0,,,,,605,604,1,0,0,0,0,0,0,0,0,0,0,0,FULLY_ANNOTATED_PROFESSIONALLY,6144cd8bbd0cc5a5fd2753a0,6144c4fbbd0cc552e427535f,"Ryškus BW tik pačioje pradžioje, toliau kokybė gera"
1013_39,127999,1631027.89,0,,,,,1007,1006,0,1,0,0,0,0,0,0,0,0,0,0,FULLY_ANNOTATED_PROFESSIONALLY,6144cd8bbd0cc51436275385,6144c4fbbd0cc552e427535f,daug aukšto dažnio triukšmo
1013_4,127999,1631078.157,0,,,,,745,540,0,205,0,0,0,0,0,0,0,0,0,0,FULLY_ANNOTATED_PROFESSIONALLY,6144cd8bbd0cc58e7f27539c,6144c4fbbd0cc552e427535f,"Idealus, daug V ir bigeminija"
1013_40,127999,1631070.997,0,,,,,671,671,0,0,0,0,0,0,0,0,0,0,0,0,FULLY_ANNOTATED_PROFESSIONALLY,6144cd8bbd0cc52fcc2753af,6144c4fbbd0cc552e427535f,Idealus
1013_5,127999,1631077.534,0,,,,,742,544,0,198,0,0,0,0,0,0,0,0,0,0,FULLY_ANNOTATED_PROFESSIONALLY,6144cd8bbd0cc525b727539d,6144c4fbbd0cc552e427535f,"Idealus, daug V ir bigeminija"
1013_6,127999,1631076.286,0,,,,,735,541,0,194,0,0,0,0,0,0,0,0,0,0,FULLY_ANNOTATED_PROFESSIONALLY,6144cd8bbd0cc50b5e2753b6,6144c4fbbd0cc552e427535f,"Idealus, daug V ir bigeminija, yra ML neatpažintų V"
1013_7,127999,1631079.524,0,,,,,746,557,0,189,0,0,0,0,0,0,0,0,0,0,FULLY_ANNOTATED_PROFESSIONALLY,6144cd8bbd0cc5633d27539a,6144c4fbbd0cc552e427535f,"Idealus, daug V ir bigeminija, yra ML neatpažintų V"
1013_8,127999,1631076.91,0,,,,,728,542,0,186,0,0,0,0,0,0,0,0,0,0,FULLY_ANNOTATED_PROFESSIONALLY,6144cd8bbd0cc5acb62753b7,6144c4fbbd0cc552e427535f,"Idealus, daug V ir bigeminija, yra ML neatpažintų V"
1013_9,127999,1631082.791,0,,,,,893,724,0,169,0,0,0,0,0,0,0,0,0,0,FULLY_ANNOTATED_PROFESSIONALLY,6144cd8bbd0cc5f2cd27539e,6144c4fbbd0cc552e427535f,"Idealus, daug V ir bigeminija"
1014_0,127999,1630947.302,2,,,,,816,816,0,0,0,0,0,0,0,0,0,0,0,0,FULLY_ANNOTATED_PROFESSIONALLY,6145ae5ebd0cc5e15f2756e4,6144c532bd0cc54c83275360,"triukšmų, panašu į kontaktinius"
1015_0,127999,1630995.587,0,4,1111,,*,558,493,0,65,0,0,0,0,4,2100,1.640637817482949,0,0,0,FULLY_ANNOTATED_PROFESSIONALLY,6145b1a6bd0cc52da6275905,6144c588bd0cc52ba0275362,"Idealus, daug V"
1015_1,127999,1630997.466,0,,,,,571,524,0,47,0,0,0,0,0,0,0,0,0,0,FULLY_ANNOTATED_PROFESSIONALLY,6145b1a6bd0cc5261f275908,6144c588bd0cc52ba0275362,
1015_10,127999,1630994.958,0,,,,,567,536,0,31,0,0,0,0,0,0,0,0,0,0,FULLY_ANNOTATED_PROFESSIONALLY,6145b1a6bd0cc54db8275904,6144c588bd0cc52ba0275362,"BW, bet staigių nėra, vienas didesnis kalnelis"
1015_11,127999,1630938.621,0,,,,,660,629,0,31,0,0,0,0,0,0,0,0,0,0,FULLY_ANNOTATED_PROFESSIONALLY,6145b1a6bd0cc5915527591d,6144c588bd0cc52ba0275362,"Nedidelis BW, išskyrus vieną kitą kalnelį, antroje dalyje pradeda matytis EMG"
1015_12,127999,1630937.367,0,,,,,668,640,0,28,0,0,0,0,0,0,0,0,0,0,FULLY_ANNOTATED_PROFESSIONALLY,6145b1a6bd0cc5dc58275920,6144c588bd0cc52ba0275362,"Yra keletas epizodų su ryškiu EMG ir BW kalneliu, šiaip BW nedidelis"
1015_13,127999,1630969.301,0,,,,,572,544,0,28,0,0,0,0,0,0,0,0,0,0,"EXTERNALLY_ANNOTATED,FOR_EXTERNAL_ANNOTATING",6145b1a6bd0cc51ff42758d7,6144c588bd0cc52ba0275362,"labai geras,  V  "
1015_14,127999,1630958.655,0,,,,,652,624,0,28,0,0,0,0,0,0,0,0,0,0,"EXTERNALLY_ANNOTATED,FOR_EXTERNAL_ANNOTATING",6145b1a6bd0cc5f3d72758ba,6144c588bd0cc52ba0275362,"labai geras,  V  "
1015_15,127999,1631003.102,0,,,,,584,557,0,27,0,0,0,0,0,0,0,0,0,0,FULLY_ANNOTATED_PROFESSIONALLY,6145b1a6bd0cc5259c275911,6144c588bd0cc52ba0275362,"labai geras,  V  "
1015_16,127999,1630998.09,0,,,,,549,522,0,27,0,0,0,0,0,0,0,0,0,0,FULLY_ANNOTATED_PROFESSIONALLY,6145b1a6bd0cc527f5275909,6144c588bd0cc52ba0275362,Nedidelis BW
1015_17,127999,1630941.751,0,1,1111,,*,603,578,0,25,0,0,0,0,1,200,0.15625122071266181,0,0,0,"EXTERNALLY_ANNOTATED,FOR_EXTERNAL_ANNOTATING",6145b1a6bd0cc582a4275926,6144c588bd0cc52ba0275362,"idealus,  V  "
1015_18,127999,1630999.968,0,,,,,539,515,0,24,0,0,0,0,0,0,0,0,0,0,FULLY_ANNOTATED_PROFESSIONALLY,6145b1a6bd0cc5334d27590c,6144c588bd0cc52ba0275362,"Silpnas, bet pastovus BW"
1015_19,127999,1630998.715,0,,,,,550,527,0,23,0,0,0,0,0,0,0,0,0,0,FULLY_ANNOTATED_PROFESSIONALLY,6145b1a6bd0cc585e427590a,6144c588bd0cc52ba0275362,"Ryškus BW, bei AMG epizodas, bet abu - tik pradžioje"
1015_2,127999,1630996.837,0,,,,,560,514,0,46,0,0,0,0,0,0,0,0,0,0,FULLY_ANNOTATED_PROFESSIONALLY,6145b1a6bd0cc59811275910,6144c588bd0cc52ba0275362,"Silpnas BW per visą įrašą, apie 118500 išlenda BW šuolis kartu su EMG"
1015_20,127999,1630942.376,0,,,,,618,595,0,23,0,0,0,0,0,0,0,0,0,0,FULLY_ANNOTATED_PROFESSIONALLY,6145b1a6bd0cc52e84275927,6144c588bd0cc52ba0275362,"idealus,  V  "
1015_21,127999,1630999.344,0,,,,,561,538,0,23,0,0,0,0,0,0,0,0,0,0,FULLY_ANNOTATED_PROFESSIONALLY,6145b1a6bd0cc56cf727590b,6144c588bd0cc52ba0275362,"Yra tik vienoje vietoje staigus izolinijos šoktelėjimas su triukšmų išlindimu ties 119000, ML V gaudo neblogai, yra dubletų, tripletų"
1015_22,127999,1630941.126,0,,,,,584,562,0,22,0,0,0,0,0,0,0,0,0,0,"EXTERNALLY_ANNOTATED,FOR_EXTERNAL_ANNOTATING",6145b1a6bd0cc53681275925,6144c588bd0cc52ba0275362,"idealus,  V  "
1015_23,127999,1630994.333,0,,,,,554,532,0,22,0,0,0,0,0,0,0,0,0,0,FULLY_ANNOTATED_PROFESSIONALLY,6145b1a6bd0cc54029275903,6144c588bd0cc52ba0275362,"idealus,  V  "
1015_24,127999,1630968.676,0,,,,,569,548,0,21,0,0,0,0,0,0,0,0,0,0,FULLY_ANNOTATED_PROFESSIONALLY,6145b1a6bd0cc57b132758da,6144c588bd0cc52ba0275362,"geras, V "
1015_25,127999,1630971.811,0,,,,,566,546,0,20,0,0,0,0,0,0,0,0,0,0,FULLY_ANNOTATED_PROFESSIONALLY,6145b1a6bd0cc526c92758de,6144c588bd0cc52ba0275362,"idealus,  V  "
1015_26,127999,1630970.555,0,,,,,568,549,0,19,0,0,0,0,0,0,0,0,0,0,FULLY_ANNOTATED_PROFESSIONALLY,6145b1a6bd0cc52dcd2758dc,6144c588bd0cc52ba0275362,"idealus,  V  "
1015_27,127999,1630972.436,1,,,,,633,614,0,19,0,0,0,0,0,0,0,0,0,0,FULLY_ANNOTATED_PROFESSIONALLY,6145b1a6bd0cc557ab2758df,6144c588bd0cc52ba0275362,"BW, kartais ryškus ir staigus, yra vietų su EMG "
1015_28,127999,1630971.181,0,,,,,583,564,0,19,0,0,0,0,0,0,0,0,0,0,FULLY_ANNOTATED_PROFESSIONALLY,6145b1a6bd0cc5f7342758dd,6144c588bd0cc52ba0275362,"Pastovus nedidelis BW, silpnas EMG, kartais sustiprėja"
1015_29,127999,1630946.757,0,,,,,621,603,0,18,0,0,0,0,0,0,0,0,0,0,FULLY_ANNOTATED_PROFESSIONALLY,6145b1a6bd0cc5939627592c,6144c588bd0cc52ba0275362,beveik idealus
1015_3,127999,1631000.593,0,,,,,568,528,0,40,0,0,0,0,0,0,0,0,0,0,FULLY_ANNOTATED_PROFESSIONALLY,6145b1a6bd0cc5b10527590d,6144c588bd0cc52ba0275362,labai geras
1015_30,127999,1630940.501,0,,,,,646,629,0,17,0,0,0,0,0,0,0,0,0,0,"EXTERNALLY_ANNOTATED,FOR_EXTERNAL_ANNOTATING",6145b1a6bd0cc50dcc275924,6144c588bd0cc52ba0275362,"geras, ištryniau vieną R, aukštas dažnis"
1015_31,127999,1630937.996,0,,,,,663,647,0,16,0,0,0,0,0,0,0,0,0,0,FULLY_ANNOTATED_PROFESSIONALLY,6145b1a6bd0cc5b84e275921,6144c588bd0cc52ba0275362,"Nedidelis BW, nedidelis EMG, bet yra keleta staigių BW šuolių su padidėjusiu EMG"
1015_32,127999,1630931.105,0,,,,,690,675,0,15,0,0,0,0,0,0,0,0,0,0,"EXTERNALLY_ANNOTATED,FOR_EXTERNAL_ANNOTATING",6145b1a6bd0cc536d32758c6,6144c588bd0cc52ba0275362,idealus
1015_33,127999,1630991.83,0,,,,,537,523,0,14,0,0,0,0,0,0,0,0,0,0,FULLY_ANNOTATED_PROFESSIONALLY,6145b1a6bd0cc53e572758ff,6144c588bd0cc52ba0275362,
1015_34,127999,1630968.051,0,,,,,705,692,0,13,0,0,0,0,0,0,0,0,0,0,FULLY_ANNOTATED_PROFESSIONALLY,6145b1a6bd0cc55ce42758d6,6144c588bd0cc52ba0275362,"Šiaip gera kokybė, tik įrašo pabaigoje  yra epizodas su ryškiu  EMG ir staigiu BW šuoliu"
1015_35,127999,1630974.317,1,,,,,559,546,0,13,0,0,0,0,0,0,0,0,0,0,FULLY_ANNOTATED_PROFESSIONALLY,6145b1a6bd0cc570b82758e2,6144c588bd0cc52ba0275362,
1015_36,127999,1631002.473,1,,,,,609,596,0,13,0,0,0,0,0,0,0,0,0,0,FULLY_ANNOTATED_PROFESSIONALLY,6145b1a6bd0cc57a35275919,6144c588bd0cc52ba0275362,"Iki vidurio kokybė gera, bet nuo vidurio yra tarpų su izolinijos šokinėjimu ir raumenų triukšmais. Gerai ML atpažista V"
1015_37,127999,1630973.062,0,,,,,586,573,0,13,0,0,0,0,0,0,0,0,0,0,FULLY_ANNOTATED_PROFESSIONALLY,6145b1a6bd0cc52b202758e0,6144c588bd0cc52ba0275362,"Šiaip gera kokybė, tik įrašo pradžioje yra keletas didelio EMG, ir BW šuolio epizodų"
1015_38,127999,1630944.253,0,,,,,638,626,0,12,0,0,0,0,0,0,0,0,0,0,"EXTERNALLY_ANNOTATED,FOR_EXTERNAL_ANNOTATING",6145b1a6bd0cc58f5227592a,6144c588bd0cc52ba0275362,idealus
1015_39,127999,1630993.079,0,,,,,570,558,0,12,0,0,0,0,0,0,0,0,0,0,FULLY_ANNOTATED_PROFESSIONALLY,6145b1a6bd0cc504ff275901,6144c588bd0cc52ba0275362,"Šiaip gera kokybė, yra tik pora epizodų su padidėjusiu  EMG ir staigiu BW šuoliu"
1015_4,127999,1630984.331,0,,,,,547,507,0,40,0,0,0,0,0,0,0,0,0,0,FULLY_ANNOTATED_PROFESSIONALLY,6145b1a6bd0cc56a5d2758f2,6144c588bd0cc52ba0275362,"Idealus, daug V"
1015_40,127999,1630943.629,0,,,,,639,627,0,12,0,0,0,0,0,0,0,0,0,0,"EXTERNALLY_ANNOTATED,FOR_EXTERNAL_ANNOTATING",6145b1a6bd0cc52951275929,6144c588bd0cc52ba0275362,beveik idealus
1015_41,127999,1631001.847,0,,,,,646,634,0,12,0,0,0,0,0,0,0,0,0,0,FULLY_ANNOTATED_PROFESSIONALLY,6145b1a6bd0cc5304427590f,6144c588bd0cc52ba0275362,"geras, yra aukšto dažnio"
1015_42,127999,1630984.96,0,,,,,562,550,0,12,0,0,0,0,0,0,0,0,0,0,FULLY_ANNOTATED_PROFESSIONALLY,6145b1a6bd0cc574182758f3,6144c588bd0cc52ba0275362,"Silpnas, bet pastovus BW (išskyrus epizodą ties 100000)"
1015_43,127999,1630946.132,0,,,,,714,703,0,11,0,0,0,0,0,0,0,0,0,0,FULLY_ANNOTATED_PROFESSIONALLY,6145b1a6bd0cc520bf27592f,6144c588bd0cc52ba0275362,"pradžia negraži, paskui susitvarko"
1015_44,127999,1630969.93,0,,,,,555,545,0,10,0,0,0,0,0,0,0,0,0,0,"EXTERNALLY_ANNOTATED,FOR_EXTERNAL_ANNOTATING",6145b1a6bd0cc509112758d9,6144c588bd0cc52ba0275362,geras
1015_45,127999,1630929.855,0,,,,,714,704,0,10,0,0,0,0,0,0,0,0,0,0,FULLY_ANNOTATED_PROFESSIONALLY,6145b1a6bd0cc56e2b2758d0,6144c588bd0cc52ba0275362,"geras, yra aukšto dažnio"
1015_46,127999,1630987.458,0,,,,,571,563,0,8,0,0,0,0,0,0,0,0,0,0,FULLY_ANNOTATED_PROFESSIONALLY,6145b1a6bd0cc5ab1b2758f6,6144c588bd0cc52ba0275362,Nedidelis BW
1015_47,127999,1630985.584,0,,,,,563,556,0,7,0,0,0,0,0,0,0,0,0,0,FULLY_ANNOTATED_PROFESSIONALLY,6145b1a6bd0cc5749b2758f4,6144c588bd0cc52ba0275362,idealus
1015_48,127999,1630993.708,0,,,,,569,563,0,6,0,0,0,0,0,0,0,0,0,0,FULLY_ANNOTATED_PROFESSIONALLY,6145b1a6bd0cc57731275902,6144c588bd0cc52ba0275362,beveik idealus
1015_49,127999,1631003.727,0,,,,,714,709,0,5,0,0,0,0,0,0,0,0,0,0,"EXTERNALLY_ANNOTATED,FOR_EXTERNAL_ANNOTATING",6145b1a6bd0cc545ed275912,6144c588bd0cc52ba0275362,"geras, ištryniau du R, aukštas dažnis"
1015_5,127999,1630939.246,0,,,,,636,598,0,38,0,0,0,0,0,0,0,0,0,0,FULLY_ANNOTATED_PROFESSIONALLY,6145b1a6bd0cc5e68627592b,6144c588bd0cc52ba0275362,"Švarus, nedidelis BW"
1015_50,127999,1630982.455,0,,,,,552,547,0,5,0,0,0,0,0,0,0,0,0,0,FULLY_ANNOTATED_PROFESSIONALLY,6145b1a6bd0cc50b032758ef,6144c588bd0cc52ba0275362,"Švarus, labai nedidelis nuolatinis BW"
1015_51,127999,1630959.28,0,,,,,713,708,0,5,0,0,0,0,0,0,0,0,0,0,"EXTERNALLY_ANNOTATED,FOR_EXTERNAL_ANNOTATING",6145b1a6bd0cc549da2758b9,6144c588bd0cc52ba0275362,"geras, ištryniau vieną R, aukštas dažnis"
1015_52,127999,1630929.231,0,,,,,696,692,0,4,0,0,0,0,0,0,0,0,0,0,FULLY_ANNOTATED_PROFESSIONALLY,6145b1a6bd0cc57f572758c8,6144c588bd0cc52ba0275362,"geras, ištryniau vieną R, "
1015_53,127999,1630930.48,0,,,,,721,717,0,4,0,0,0,0,0,0,0,0,0,0,"EXTERNALLY_ANNOTATED,FOR_EXTERNAL_ANNOTATING",6145b1a6bd0cc5dd642758c7,6144c588bd0cc52ba0275362,geras
1015_54,127999,1630973.692,0,,,,,621,618,0,3,0,0,0,0,0,0,0,0,0,0,FULLY_ANNOTATED_PROFESSIONALLY,6145b1a6bd0cc5328d2758e1,6144c588bd0cc52ba0275362,"Yra BW, antroje dalyje yra epizodų su didele amplitude, yra EMG epizodų"
1015_55,127999,1630931.73,0,,,,,738,735,0,3,0,0,0,0,0,0,0,0,0,0,"EXTERNALLY_ANNOTATED,FOR_EXTERNAL_ANNOTATING",6145b1a6bd0cc51f4f2758c5,6144c588bd0cc52ba0275362,"geras, ištryniau vieną R, "
1015_56,127999,1630988.083,0,,,,,560,558,0,2,0,0,0,0,0,0,0,0,0,0,FULLY_ANNOTATED_PROFESSIONALLY,6145b1a6bd0cc540d62758f9,6144c588bd0cc52ba0275362,"geras, ištryniau vieną R, "
1015_57,127999,1630983.083,0,,,,,552,550,0,2,0,0,0,0,0,0,0,0,0,0,FULLY_ANNOTATED_PROFESSIONALLY,6145b1a6bd0cc58aac2758f0,6144c588bd0cc52ba0275362,"Nedidelis nuolatinis BW, labai silpnas EMG "
1015_58,127999,1630974.942,0,,,,,583,582,0,1,0,0,0,0,0,0,0,0,0,0,FULLY_ANNOTATED_PROFESSIONALLY,6145b1a6bd0cc5010c2758e3,6144c588bd0cc52ba0275362,"Nedidelis nuolatinis BW, labai silpnas EMG "
1015_59,127999,1630988.706,0,,,,,579,578,0,1,0,0,0,0,0,0,0,0,0,0,FULLY_ANNOTATED_PROFESSIONALLY,6145b1a6bd0cc5e3632758fa,6144c588bd0cc52ba0275362,geras
1015_6,127999,1630996.212,0,,,,,537,501,0,36,0,0,0,0,0,0,0,0,0,0,FULLY_ANNOTATED_PROFESSIONALLY,6145b1a6bd0cc57acc275906,6144c588bd0cc52ba0275362,Švarus
1015_60,127999,1630986.835,0,,,,,568,567,0,1,0,0,0,0,0,0,0,0,0,0,FULLY_ANNOTATED_PROFESSIONALLY,6145b1a6bd0cc5194d2758fe,6144c588bd0cc52ba0275362,"Yra BW bangų, ypač pirmoje dalyje, kartais matosi silpnas EMG"
1015_61,127999,1630986.207,0,,,,,575,574,0,1,0,0,0,0,0,0,0,0,0,0,"EXTERNALLY_ANNOTATED,FOR_EXTERNAL_ANNOTATING",6145b1a6bd0cc5c86a2758f5,6144c588bd0cc52ba0275362,"idealus, ištryniau vieną R"
1015_62,127999,1630948.636,0,,,,,884,883,0,1,0,0,0,0,0,0,0,0,0,0,FULLY_ANNOTATED_PROFESSIONALLY,6145b1a6bd0cc54ef427592d,6144c588bd0cc52ba0275362,geras
1015_63,127999,1630947.382,2,,,,,854,853,0,1,0,0,0,0,0,0,0,0,0,0,FULLY_ANNOTATED_PROFESSIONALLY,6145b1a6bd0cc5e70c275931,6144c588bd0cc52ba0275362,"Prastas įrašas, pilnas visokių trikdžių"
1015_64,127999,1630979.952,0,,,,,557,557,0,0,0,0,0,0,0,0,0,0,0,0,FULLY_ANNOTATED_PROFESSIONALLY,6145b1a6bd0cc5088e2758ea,6144c588bd0cc52ba0275362,"Nedidelis, bet nuolatinis BW"
1015_7,127999,1630992.454,0,,,,,541,506,0,35,0,0,0,0,0,0,0,0,0,0,FULLY_ANNOTATED_PROFESSIONALLY,6145b1a6bd0cc56a63275900,6144c588bd0cc52ba0275362,Keletoje vietų išlindo BW
1015_8,127999,1630939.875,0,,,,,636,602,0,34,0,0,0,0,0,0,0,0,0,0,FULLY_ANNOTATED_PROFESSIONALLY,6145b1a6bd0cc5f1c4275923,6144c588bd0cc52ba0275362,"labai geras, daug V  "
1015_9,127999,1630983.707,0,,,,,539,507,0,32,0,0,0,0,0,0,0,0,0,0,FULLY_ANNOTATED_PROFESSIONALLY,6145b1a6bd0cc5ea362758f1,6144c588bd0cc52ba0275362,"Silpnas, bet pastovus BW"
1016_0,127999,1630900.296,0,,,,,634,633,1,0,0,0,0,0,0,0,0,0,0,0,FULLY_ANNOTATED_PROFESSIONALLY,6145aeb6bd0cc516152757b5,6144c5b1bd0cc5a681275363,"geras, keli didelio triukšmo epizodai"
1016_1,127999,1630844.567,2,,,,,903,903,0,0,0,0,0,0,0,0,0,0,0,0,"EXTERNALLY_ANNOTATED,FOR_EXTERNAL_ANNOTATING",6145aeb6bd0cc5e8392757d1,6144c5b1bd0cc5a681275363,
1017_0,127999,1631280.395,0,1,1111,,*,518,518,0,0,0,0,0,0,1,200,0.15625122071266181,0,0,0,FULLY_ANNOTATED_PROFESSIONALLY,6145a8e4bd0cc5fb9827553c,6144c5e5bd0cc503ed275364,idealus
1018_0,127999,1631077.167,0,,,,,663,661,0,2,0,0,0,0,0,0,0,0,0,0,FULLY_ANNOTATED_PROFESSIONALLY,6145aef2bd0cc52d6a27583d,6144c658bd0cc5a1c0275367,geras
1018_1,127999,1631079.642,0,,,,,704,703,0,1,0,0,0,0,0,0,0,0,0,0,FULLY_ANNOTATED_PROFESSIONALLY,6145aef2bd0cc50351275841,6144c658bd0cc5a1c0275367,geras
1018_2,127999,1631075.931,0,,,,,746,745,0,1,0,0,0,0,0,0,0,0,0,0,FULLY_ANNOTATED_PROFESSIONALLY,6145aef2bd0cc513b127583b,6144c658bd0cc5a1c0275367,"Pirma dalis švari, antroje dalyje yra epizodų su BW, EMG ir EMA"
1018_3,127999,1631082.118,0,,,,,628,627,0,1,0,0,0,0,0,0,0,0,0,0,FULLY_ANNOTATED_PROFESSIONALLY,6145aef2bd0cc5c8cd275845,6144c658bd0cc5a1c0275367,"kokybė = 0, nors poroje vietų yra izolinijos šuoliukas ir raumenų triukšmų padidėjimas"
1018_4,127999,1631082.735,0,,,,,571,570,0,1,0,0,0,0,0,0,0,0,0,0,FULLY_ANNOTATED_PROFESSIONALLY,6145aef2bd0cc5e83c275846,6144c658bd0cc5a1c0275367,"Ties 86700 pažymėtas V - neaišku, at teisingai.Kokybė gera, izolinijos šuoliukas tik vienoje vietoje"
1018_5,127999,1631087.691,0,,,,,622,621,0,1,0,0,0,0,0,0,0,0,0,0,FULLY_ANNOTATED_PROFESSIONALLY,6145aef2bd0cc5083127584f,6144c658bd0cc5a1c0275367,labai geras
1018_6,127999,1631087.069,0,2,1111,,*,620,619,0,1,0,0,0,0,2,2700,2.1093914796209345,0,0,0,FULLY_ANNOTATED_PROFESSIONALLY,6145aef2bd0cc5522427584e,6144c658bd0cc5a1c0275367,"idealus, ML nerado klasikinės V"
1018_7,127999,1631085.83,0,1,1111,,*,613,612,0,1,0,0,0,0,1,200,0.15625122071266181,0,0,0,FULLY_ANNOTATED_PROFESSIONALLY,6145aef2bd0cc5235e27584c,6144c658bd0cc5a1c0275367,idealus
1018_8,127999,1631083.357,0,,,,,580,580,0,0,0,0,0,0,0,0,0,0,0,0,FULLY_ANNOTATED_PROFESSIONALLY,6145aef2bd0cc580ec275847,6144c658bd0cc5a1c0275367,idealus
1019_0,127999,1631036.053,0,5,1111,,*,998,875,0,123,0,0,0,0,5,2000,1.5625122071266182,0,0,0,FULLY_ANNOTATED_PROFESSIONALLY,6145fd97bd0cc5ed18275bc8,6144c682bd0cc5acb7275368,"Idealus, daug V"
1019_1,127999,1631013.491,0,3,1111,,*,777,672,0,105,0,0,0,0,3,700,0.5468792724943163,0,0,0,FULLY_ANNOTATED_PROFESSIONALLY,6145fd97bd0cc560c4275ba3,6144c682bd0cc5acb7275368,"Švarus, labai silpnas EMG"
1019_10,127999,1631024.15,0,,,,,898,813,0,85,0,0,0,0,0,0,0,0,0,0,FULLY_ANNOTATED_PROFESSIONALLY,6145fd97bd0cc5d00e275bb4,6144c682bd0cc5acb7275368,idealus
1019_100,127999,1631051.071,0,,,,,543,539,0,4,0,0,0,0,0,0,0,0,0,0,FULLY_ANNOTATED_PROFESSIONALLY,6145fd97bd0cc55285275c03,6144c682bd0cc5acb7275368,yra V dupletas
1019_101,127999,1631074.229,0,,,,,562,558,0,4,0,0,0,0,0,0,0,0,0,0,FULLY_ANNOTATED_PROFESSIONALLY,6145fd97bd0cc56899275be9,6144c682bd0cc5acb7275368,Idealus
1019_102,127999,1631076.732,0,,,,,555,551,0,4,0,0,0,0,0,0,0,0,0,0,FULLY_ANNOTATED_PROFESSIONALLY,6145fd97bd0cc5a7c6275bd4,6144c682bd0cc5acb7275368,Idealus
1019_103,127999,1631068.596,0,,,,,556,552,0,4,0,0,0,0,0,0,0,0,0,0,FULLY_ANNOTATED_PROFESSIONALLY,6145fd97bd0cc55f26275c14,6144c682bd0cc5acb7275368,"yra V dupletas, vaikšto izolinija"
1019_104,127999,1631066.719,0,,,,,520,516,0,4,0,0,0,0,0,0,0,0,0,0,FULLY_ANNOTATED_PROFESSIONALLY,6145fd97bd0cc54376275bce,6144c682bd0cc5acb7275368,yra V tripletas
1019_105,127999,1631060.461,0,,,,,545,541,0,4,0,0,0,0,0,0,0,0,0,0,FULLY_ANNOTATED_PROFESSIONALLY,6145fd97bd0cc5cec7275c06,6144c682bd0cc5acb7275368,Idealus
1019_106,127999,1631052.321,0,,,,,533,529,0,4,0,0,0,0,0,0,0,0,0,0,FULLY_ANNOTATED_PROFESSIONALLY,6145fd97bd0cc5693a275bfc,6144c682bd0cc5acb7275368,Yra nedaug raumeninių triukšmų
1019_107,127999,1631070.474,0,,,,,514,511,0,3,0,0,0,0,0,0,0,0,0,0,"EXTERNALLY_ANNOTATED,FOR_EXTERNAL_ANNOTATING",6145fd97bd0cc59977275c10,6144c682bd0cc5acb7275368,Idealus
1019_108,127999,1631085.479,0,,,,,547,544,0,3,0,0,0,0,0,0,0,0,0,0,FULLY_ANNOTATED_PROFESSIONALLY,6145fd97bd0cc5625a275c17,6144c682bd0cc5acb7275368,Idealus
1019_109,127999,1631062.338,0,,,,,554,551,0,3,0,0,0,0,0,0,0,0,0,0,FULLY_ANNOTATED_PROFESSIONALLY,6145fd97bd0cc51472275c09,6144c682bd0cc5acb7275368,Idealus
1019_11,127999,1631030.415,0,,,,,923,839,0,84,0,0,0,0,0,0,0,0,0,0,FULLY_ANNOTATED_PROFESSIONALLY,6145fd97bd0cc5d273275bbf,6144c682bd0cc5acb7275368,idealus
1019_110,127999,1631052.95,0,,,,,532,529,0,3,0,0,0,0,0,0,0,0,0,0,FULLY_ANNOTATED_PROFESSIONALLY,6145fd97bd0cc501d0275be6,6144c682bd0cc5acb7275368,Yra nedaug raumeninių triukšmų
1019_111,127999,1631063.587,0,,,,,556,553,0,3,0,0,0,0,0,0,0,0,0,0,FULLY_ANNOTATED_PROFESSIONALLY,6145fd97bd0cc5a2f9275c0b,6144c682bd0cc5acb7275368,Idealus
1019_112,127999,1631054.2,0,,,,,507,504,0,3,0,0,0,0,0,0,0,0,0,0,FULLY_ANNOTATED_PROFESSIONALLY,6145fd97bd0cc59809275be4,6144c682bd0cc5acb7275368,"Idealus, yra tripletas"
1019_113,127999,1631054.829,0,,,,,514,511,0,3,0,0,0,0,0,0,0,0,0,0,FULLY_ANNOTATED_PROFESSIONALLY,6145fd97bd0cc5b646275be5,6144c682bd0cc5acb7275368,"Idealus, yra dupletas"
1019_114,127999,1631077.36,0,,,,,550,547,0,3,0,0,0,0,0,0,0,0,0,0,FULLY_ANNOTATED_PROFESSIONALLY,6145fd97bd0cc53525275bd3,6144c682bd0cc5acb7275368,Idealus
1019_115,127999,1631086.104,0,,,,,546,543,0,3,0,0,0,0,0,0,0,0,0,0,FULLY_ANNOTATED_PROFESSIONALLY,6145fd97bd0cc52b1d275c18,6144c682bd0cc5acb7275368,truputis triukšmo
1019_116,127999,1631077.984,0,,,,,542,539,0,3,0,0,0,0,0,0,0,0,0,0,FULLY_ANNOTATED_PROFESSIONALLY,6145fd97bd0cc55630275bcc,6144c682bd0cc5acb7275368,Idealus
1019_117,127999,1631078.608,0,,,,,541,538,0,3,0,0,0,0,0,0,0,0,0,0,FULLY_ANNOTATED_PROFESSIONALLY,6145fd97bd0cc51585275bd7,6144c682bd0cc5acb7275368,Idealus
1019_118,127999,1631079.236,0,,,,,524,520,0,3,1,0,0,0,0,0,0,0,0,0,"EXTERNALLY_ANNOTATED,FOR_EXTERNAL_ANNOTATING",6145fd97bd0cc596cf275bd8,6144c682bd0cc5acb7275368,Idealus
1019_119,127999,1631069.85,0,,,,,517,514,0,3,0,0,0,0,0,0,0,0,0,0,FULLY_ANNOTATED_PROFESSIONALLY,6145fd97bd0cc559f8275c0f,6144c682bd0cc5acb7275368,Idealus
1019_12,127999,1631031.04,0,,,,,869,785,0,83,1,0,0,0,0,0,0,0,0,0,FULLY_ANNOTATED_PROFESSIONALLY,6145fd97bd0cc57154275bc0,6144c682bd0cc5acb7275368,idealus
1019_120,127999,1631080.484,0,,,,,559,556,0,3,0,0,0,0,0,0,0,0,0,0,FULLY_ANNOTATED_PROFESSIONALLY,6145fd97bd0cc57bf1275bda,6144c682bd0cc5acb7275368,Idealus
1019_121,127999,1631055.453,0,,,,,518,516,0,2,0,0,0,0,0,0,0,0,0,0,FULLY_ANNOTATED_PROFESSIONALLY,6145fd97bd0cc50b55275bfd,6144c682bd0cc5acb7275368,Idealus
1019_122,127999,1631069.221,0,,,,,523,521,0,2,0,0,0,0,0,0,0,0,0,0,FULLY_ANNOTATED_PROFESSIONALLY,6145fd97bd0cc5d44b275c0e,6144c682bd0cc5acb7275368,Idealus
1019_123,127999,1631075.483,0,,,,,535,533,0,2,0,0,0,0,0,0,0,0,0,0,FULLY_ANNOTATED_PROFESSIONALLY,6145fd97bd0cc5d8fa275bd5,6144c682bd0cc5acb7275368,Labai švarus
1019_124,127999,1631061.71,0,,,,,591,589,0,2,0,0,0,0,0,0,0,0,0,0,FULLY_ANNOTATED_PROFESSIONALLY,6145fd97bd0cc566ac275c08,6144c682bd0cc5acb7275368,Idealus
1019_125,127999,1631062.962,0,,,,,558,556,0,2,0,0,0,0,0,0,0,0,0,0,FULLY_ANNOTATED_PROFESSIONALLY,6145fd97bd0cc5d74c275c0a,6144c682bd0cc5acb7275368,Idealus
1019_126,127999,1631072.976,0,,,,,565,563,0,2,0,0,0,0,0,0,0,0,0,0,FULLY_ANNOTATED_PROFESSIONALLY,6145fd97bd0cc50a23275c13,6144c682bd0cc5acb7275368,Idealus
1019_127,127999,1631064.84,0,,,,,586,584,0,2,0,0,0,0,0,0,0,0,0,0,FULLY_ANNOTATED_PROFESSIONALLY,6145fd97bd0cc5b420275bd1,6144c682bd0cc5acb7275368,noise įdėjau
1019_128,127999,1631071.099,0,,,,,528,526,0,2,0,0,0,0,0,0,0,0,0,0,FULLY_ANNOTATED_PROFESSIONALLY,6145fd97bd0cc5362a275c11,6144c682bd0cc5acb7275368,noise įdėjau
1019_129,127999,1631067.343,0,,,,,523,521,0,2,0,0,0,0,0,0,0,0,0,0,FULLY_ANNOTATED_PROFESSIONALLY,6145fd97bd0cc51a17275bcd,6144c682bd0cc5acb7275368,gera kokybė
1019_13,127999,1631035.423,0,,,,,919,839,0,80,0,0,0,0,0,0,0,0,0,0,FULLY_ANNOTATED_PROFESSIONALLY,6145fd97bd0cc5ed86275bc7,6144c682bd0cc5acb7275368,idealus
1019_130,127999,1631086.728,0,,,,,529,527,1,1,0,0,0,0,0,0,0,0,0,0,"EXTERNALLY_ANNOTATED,FOR_EXTERNAL_ANNOTATING",6145fd97bd0cc59e28275c21,6144c682bd0cc5acb7275368,"ties 57000 šokinėja izolinija, kokybė gera"
1019_131,127999,1631084.231,0,,,,,522,520,0,2,0,0,0,0,0,0,0,0,0,0,FULLY_ANNOTATED_PROFESSIONALLY,6145fd97bd0cc54c2a275c15,6144c682bd0cc5acb7275368,gera kokybė
1019_132,127999,1631081.108,0,,,,,541,540,0,1,0,0,0,0,0,0,0,0,0,0,FULLY_ANNOTATED_PROFESSIONALLY,6145fd97bd0cc536b7275bdb,6144c682bd0cc5acb7275368,gera kokybė
1019_133,127999,1631074.854,0,,,,,560,559,0,1,0,0,0,0,0,0,0,0,0,0,FULLY_ANNOTATED_PROFESSIONALLY,6145fd97bd0cc5029b275bd6,6144c682bd0cc5acb7275368,idealus
1019_134,127999,1631082.981,0,,,,,538,537,0,1,0,0,0,0,0,0,0,0,0,0,"EXTERNALLY_ANNOTATED,FOR_EXTERNAL_ANNOTATING",6145fd97bd0cc51f25275bf3,6144c682bd0cc5acb7275368,su pabangavimais
1019_135,127999,1631082.356,0,,,,,507,507,0,0,0,0,0,0,0,0,0,0,0,0,FULLY_ANNOTATED_PROFESSIONALLY,6145fd97bd0cc55c2f275bea,6144c682bd0cc5acb7275368,idealus
1019_14,127999,1631034.798,0,,,,,929,850,0,79,0,0,0,0,0,0,0,0,0,0,FULLY_ANNOTATED_PROFESSIONALLY,6145fd97bd0cc508a3275bc6,6144c682bd0cc5acb7275368,idealus
1019_15,127999,1631015.999,0,,,,,662,584,0,78,0,0,0,0,0,0,0,0,0,0,"EXTERNALLY_ANNOTATED,FOR_EXTERNAL_ANNOTATING",6145fd97bd0cc51642275bb0,6144c682bd0cc5acb7275368,idealus
1019_16,127999,1631026.03,0,,,,,795,721,0,74,0,0,0,0,0,0,0,0,0,0,FULLY_ANNOTATED_PROFESSIONALLY,6145fd97bd0cc56cda275bb8,6144c682bd0cc5acb7275368,idealus
1019_17,127999,1631015.373,0,,,,,686,613,0,73,0,0,0,0,0,0,0,0,0,0,FULLY_ANNOTATED_PROFESSIONALLY,6145fd97bd0cc589f4275ba7,6144c682bd0cc5acb7275368,idealus
1019_18,127999,1631029.161,0,,,,,757,685,0,72,0,0,0,0,0,0,0,0,0,0,FULLY_ANNOTATED_PROFESSIONALLY,6145fd97bd0cc50f06275bbd,6144c682bd0cc5acb7275368,idealus
1019_19,127999,1631027.91,0,,,,,824,752,0,72,0,0,0,0,0,0,0,0,0,0,FULLY_ANNOTATED_PROFESSIONALLY,6145fd97bd0cc52367275bbb,6144c682bd0cc5acb7275368,idealus
1019_2,127999,1631012.235,0,,,,,878,777,0,101,0,0,0,0,0,0,0,0,0,0,"EXTERNALLY_ANNOTATED,FOR_EXTERNAL_ANNOTATING",6145fd97bd0cc51a78275ba2,6144c682bd0cc5acb7275368,"Idealus, daug V"
1019_20,127999,1631016.625,0,,,,,646,579,0,67,0,0,0,0,0,0,0,0,0,0,FULLY_ANNOTATED_PROFESSIONALLY,6145fd97bd0cc55526275baa,6144c682bd0cc5acb7275368,idealus
1019_21,127999,1631037.93,0,,,,,857,790,0,67,0,0,0,0,0,0,0,0,0,0,FULLY_ANNOTATED_PROFESSIONALLY,6145fd97bd0cc54649275bdd,6144c682bd0cc5acb7275368,idealus
1019_22,127999,1631024.779,0,,,,,867,801,0,66,0,0,0,0,0,0,0,0,0,0,FULLY_ANNOTATED_PROFESSIONALLY,6145fd97bd0cc56e9e275bb5,6144c682bd0cc5acb7275368,idealus
1019_23,127999,1631022.27,0,,,,,794,729,0,65,0,0,0,0,0,0,0,0,0,0,FULLY_ANNOTATED_PROFESSIONALLY,6145fd97bd0cc584ae275bb1,6144c682bd0cc5acb7275368,idealus
1019_24,127999,1631049.818,0,,,,,765,700,0,65,0,0,0,0,0,0,0,0,0,0,FULLY_ANNOTATED_PROFESSIONALLY,6145fd97bd0cc53285275bf9,6144c682bd0cc5acb7275368,Beveik pastovus nedidelis EMG 
1019_25,127999,1631047.94,0,,,,,766,704,0,62,0,0,0,0,0,0,0,0,0,0,FULLY_ANNOTATED_PROFESSIONALLY,6145fd97bd0cc54862275bf6,6144c682bd0cc5acb7275368,Kartais išlenda pastebimi raumenų triukšmai
1019_26,127999,1631011.609,0,,,,,726,666,0,60,0,0,0,0,0,0,0,0,0,0,"EXTERNALLY_ANNOTATED,FOR_EXTERNAL_ANNOTATING,PSEUDO_ANNOTATED",6145fd96bd0cc507c6275ba0,6144c682bd0cc5acb7275368,idealus
1019_27,127999,1631093.618,0,,,,,1048,989,0,59,0,0,0,0,0,0,0,0,0,0,"EXTERNALLY_ANNOTATED,FOR_EXTERNAL_ANNOTATING",6145fd97bd0cc533c1275c1e,6144c682bd0cc5acb7275368,idealus
1019_28,127999,1631038.555,0,,,,,804,745,0,59,0,0,0,0,0,0,0,0,0,0,FULLY_ANNOTATED_PROFESSIONALLY,6145fd97bd0cc57e2f275bde,6144c682bd0cc5acb7275368,vienas triukšmo epizodas
1019_29,127999,1631050.443,0,,,,,745,687,0,58,0,0,0,0,0,0,0,0,0,0,FULLY_ANNOTATED_PROFESSIONALLY,6145fd97bd0cc59dae275bfa,6144c682bd0cc5acb7275368,idealus
1019_3,127999,1631032.919,0,,,,,962,862,0,100,0,0,0,0,0,0,0,0,0,0,FULLY_ANNOTATED_PROFESSIONALLY,6145fd97bd0cc554c8275bc3,6144c682bd0cc5acb7275368,idealus
1019_30,127999,1631021.644,0,,,,,797,740,0,57,0,0,0,0,0,0,0,0,0,0,FULLY_ANNOTATED_PROFESSIONALLY,6145fd97bd0cc5813c275bb7,6144c682bd0cc5acb7275368,idealus
1019_31,127999,1631025.404,0,,,,,816,760,0,56,0,0,0,0,0,0,0,0,0,0,FULLY_ANNOTATED_PROFESSIONALLY,6145fd97bd0cc5b1a7275bb6,6144c682bd0cc5acb7275368,idealus
1019_32,127999,1631094.243,0,,,,,811,755,1,55,0,0,0,0,0,0,0,0,0,0,"EXTERNALLY_ANNOTATED,FOR_EXTERNAL_ANNOTATING",6145fd97bd0cc53d92275c1d,6144c682bd0cc5acb7275368,idealus
1019_33,127999,1631040.432,0,,,,,684,630,0,54,0,0,0,0,0,0,0,0,0,0,FULLY_ANNOTATED_PROFESSIONALLY,6145fd97bd0cc5c686275be1,6144c682bd0cc5acb7275368,idealus
1019_34,127999,1631028.536,0,,,,,756,703,1,52,0,0,0,0,0,0,0,0,0,0,"EXTERNALLY_ANNOTATED,FOR_EXTERNAL_ANNOTATING",6145fd97bd0cc50e21275bbc,6144c682bd0cc5acb7275368,idealus
1019_35,127999,1631034.173,0,,,,,1026,973,0,53,0,0,0,0,0,0,0,0,0,0,FULLY_ANNOTATED_PROFESSIONALLY,6145fd97bd0cc56c9a275bc5,6144c682bd0cc5acb7275368,idealus
1019_36,127999,1631091.739,1,,,,,876,824,0,52,0,0,0,0,0,0,0,0,0,0,FULLY_ANNOTATED_PROFESSIONALLY,6145fd97bd0cc52d99275c23,6144c682bd0cc5acb7275368,truputis triukšmo
1019_37,127999,1631039.807,0,,,,,677,625,0,52,0,0,0,0,0,0,0,0,0,0,FULLY_ANNOTATED_PROFESSIONALLY,6145fd97bd0cc57934275be0,6144c682bd0cc5acb7275368,
1019_38,127999,1631042.309,0,,,,,720,668,0,52,0,0,0,0,0,0,0,0,0,0,FULLY_ANNOTATED_PROFESSIONALLY,6145fd97bd0cc55e2b275bed,6144c682bd0cc5acb7275368,idealus
1019_39,127999,1631042.935,1,,,,,792,740,0,52,0,0,0,0,0,0,0,0,0,0,FULLY_ANNOTATED_PROFESSIONALLY,6145fd97bd0cc5cd32275bee,6144c682bd0cc5acb7275368,truputis triukšmo
1019_4,127999,1631012.861,0,,,,,844,745,0,99,0,0,0,0,0,0,0,0,0,0,"EXTERNALLY_ANNOTATED,FOR_EXTERNAL_ANNOTATING",6145fd97bd0cc5444a275ba4,6144c682bd0cc5acb7275368,idealus
1019_40,127999,1631027.284,0,,,,,742,691,0,51,0,0,0,0,0,0,0,0,0,0,FULLY_ANNOTATED_PROFESSIONALLY,6145fd97bd0cc54b03275bba,6144c682bd0cc5acb7275368,
1019_41,127999,1631009.724,1,,,,,821,772,0,49,0,0,0,0,0,0,0,0,0,0,"EXTERNALLY_ANNOTATED,FOR_EXTERNAL_ANNOTATING,PSEUDO_ANNOTATED",6145b2c8bd0cc52c0b275949,6144c682bd0cc5acb7275368,truputis triukšmo
1019_42,127999,1631017.254,0,,,,,639,590,0,49,0,0,0,0,0,0,0,0,0,0,FULLY_ANNOTATED_PROFESSIONALLY,6145fd97bd0cc53c81275ba9,6144c682bd0cc5acb7275368,idealus
1019_43,127999,1631091.114,1,,,,,967,919,1,47,0,0,0,0,0,0,0,0,0,0,"EXTERNALLY_ANNOTATED,FOR_EXTERNAL_ANNOTATING",6145fd97bd0cc5e4e2275c22,6144c682bd0cc5acb7275368,truputis triukšmo
1019_44,127999,1631014.743,0,,,,,719,674,0,45,0,0,0,0,0,0,0,0,0,0,FULLY_ANNOTATED_PROFESSIONALLY,6145fd97bd0cc517d3275ba6,6144c682bd0cc5acb7275368,idealus
1019_45,127999,1631046.686,0,,,,,657,612,0,45,0,0,0,0,0,0,0,0,0,0,FULLY_ANNOTATED_PROFESSIONALLY,6145fd97bd0cc57b2e275bf4,6144c682bd0cc5acb7275368,idealus
1019_46,127999,1631019.136,1,,,,,785,741,0,44,0,0,0,0,0,0,0,0,0,0,FULLY_ANNOTATED_PROFESSIONALLY,6145fd97bd0cc54b73275bac,6144c682bd0cc5acb7275368,truputis triukšmo
1019_47,127999,1631039.181,0,,,,,656,613,0,43,0,0,0,0,0,0,0,0,0,0,FULLY_ANNOTATED_PROFESSIONALLY,6145fd97bd0cc58397275bdf,6144c682bd0cc5acb7275368,idealus
1019_48,127999,1631021.018,0,,,,,659,617,0,42,0,0,0,0,0,0,0,0,0,0,FULLY_ANNOTATED_PROFESSIONALLY,6145fd97bd0cc54c66275bab,6144c682bd0cc5acb7275368,idealus
1019_49,127999,1631017.88,1,,,,,677,635,0,42,0,0,0,0,0,0,0,0,0,0,FULLY_ANNOTATED_PROFESSIONALLY,6145fd97bd0cc5262c275ba8,6144c682bd0cc5acb7275368,truputis triukšmo
1019_5,127999,1631032.294,0,,,,,812,716,0,96,0,0,0,0,0,0,0,0,0,0,FULLY_ANNOTATED_PROFESSIONALLY,6145fd97bd0cc5d48a275bc2,6144c682bd0cc5acb7275368,idealus
1019_50,127999,1631047.315,0,,,,,684,643,0,41,0,0,0,0,0,0,0,0,0,0,FULLY_ANNOTATED_PROFESSIONALLY,6145fd97bd0cc572d1275bf5,6144c682bd0cc5acb7275368,idealus
1019_51,127999,1631031.665,0,,,,,736,695,0,41,0,0,0,0,0,0,0,0,0,0,FULLY_ANNOTATED_PROFESSIONALLY,6145fd97bd0cc54cf8275bc1,6144c682bd0cc5acb7275368,idealus
1019_52,127999,1631041.684,1,,,,,665,624,0,41,0,0,0,0,0,0,0,0,0,0,FULLY_ANNOTATED_PROFESSIONALLY,6145fd97bd0cc555f8275bec,6144c682bd0cc5acb7275368,truputis triukšmo
1019_53,127999,1631018.506,0,,,,,685,645,0,40,0,0,0,0,0,0,0,0,0,0,FULLY_ANNOTATED_PROFESSIONALLY,6145fd97bd0cc551a0275bad,6144c682bd0cc5acb7275368,idealus
1019_54,127999,1631089.859,1,,,,*,929,892,0,37,0,0,0,0,0,0,0,0,0,0,"EXTERNALLY_ANNOTATED,FOR_EXTERNAL_ANNOTATING,PSEUDO_ANNOTATED",6145b2c8bd0cc5e30f275948,6144c682bd0cc5acb7275368,truputis triukšmo
1019_55,127999,1631033.544,0,,,,,994,957,0,37,0,0,0,0,0,0,0,0,0,0,FULLY_ANNOTATED_PROFESSIONALLY,6145fd97bd0cc53643275bc4,6144c682bd0cc5acb7275368,idealus
1019_56,127999,1631043.56,0,,,,,706,671,0,35,0,0,0,0,0,0,0,0,0,0,FULLY_ANNOTATED_PROFESSIONALLY,6145fd97bd0cc5cd57275bef,6144c682bd0cc5acb7275368,idealus
1019_57,127999,1631089.235,0,,,,,918,884,0,34,0,0,0,0,0,0,0,0,0,0,FULLY_ANNOTATED_PROFESSIONALLY,6145fd97bd0cc54bed275c1c,6144c682bd0cc5acb7275368,idealus
1019_58,127999,1631092.993,0,,,,,783,750,0,33,0,0,0,0,0,0,0,0,0,0,FULLY_ANNOTATED_PROFESSIONALLY,6145fd97bd0cc50b3c275c1f,6144c682bd0cc5acb7275368,yra raumeninių triukšmų
1019_59,127999,1631026.659,0,,,,,709,676,0,33,0,0,0,0,0,0,0,0,0,0,FULLY_ANNOTATED_PROFESSIONALLY,6145fd97bd0cc55084275bb9,6144c682bd0cc5acb7275368,idealus
1019_6,127999,1631037.304,0,,,,,904,813,0,91,0,0,0,0,0,0,0,0,0,0,FULLY_ANNOTATED_PROFESSIONALLY,6145fd97bd0cc5470b275bca,6144c682bd0cc5acb7275368,idealus
1019_60,127999,1631092.364,0,,,,,790,757,0,33,0,0,0,0,0,0,0,0,0,0,FULLY_ANNOTATED_PROFESSIONALLY,6145fd97bd0cc5401d275c20,6144c682bd0cc5acb7275368,idealus
1019_61,127999,1631090.485,0,,,,,823,791,0,32,0,0,0,0,0,0,0,0,0,0,FULLY_ANNOTATED_PROFESSIONALLY,6145fd97bd0cc54492275c24,6144c682bd0cc5acb7275368,idealus
1019_62,127999,1631022.899,0,,,,,674,643,0,31,0,0,0,0,0,0,0,0,0,0,FULLY_ANNOTATED_PROFESSIONALLY,6145fd97bd0cc56e91275bb2,6144c682bd0cc5acb7275368,idealus
1019_63,127999,1631010.352,0,,,,,695,665,0,30,0,0,0,0,0,0,0,0,0,0,"EXTERNALLY_ANNOTATED,FOR_EXTERNAL_ANNOTATING",6146004abd0cc5887d275c5a,6144c682bd0cc5acb7275368,yra raumeninių triukšmų
1019_64,127999,1631044.811,0,,,,,674,644,0,30,0,0,0,0,0,0,0,0,0,0,FULLY_ANNOTATED_PROFESSIONALLY,6145fd97bd0cc582f5275bf1,6144c682bd0cc5acb7275368,idealus
1019_65,127999,1631010.979,0,,,,,705,676,0,29,0,0,0,0,0,0,0,0,0,0,FULLY_ANNOTATED_PROFESSIONALLY,6145fd97bd0cc563f3275ba1,6144c682bd0cc5acb7275368,idealus
1019_66,127999,1631046.061,0,,,,,657,628,0,29,0,0,0,0,0,0,0,0,0,0,FULLY_ANNOTATED_PROFESSIONALLY,6145fd97bd0cc52896275bfb,6144c682bd0cc5acb7275368,idealus
1019_67,127999,1631020.387,0,,,,,610,583,0,27,0,0,0,0,0,0,0,0,0,0,FULLY_ANNOTATED_PROFESSIONALLY,6145fd97bd0cc5c92d275bae,6144c682bd0cc5acb7275368,yra V dupletas
1019_68,127999,1631088.606,0,,,,,764,737,0,27,0,0,0,0,0,0,0,0,0,0,FULLY_ANNOTATED_PROFESSIONALLY,6145fd97bd0cc5f828275c1b,6144c682bd0cc5acb7275368,idealus
1019_69,127999,1631023.524,0,,,,,729,703,0,26,0,0,0,0,0,0,0,0,0,0,FULLY_ANNOTATED_PROFESSIONALLY,6145fd97bd0cc56084275bb3,6144c682bd0cc5acb7275368,noise įdėjau
1019_7,127999,1631014.117,0,,,,,779,689,0,90,0,0,0,0,0,0,0,0,0,0,FULLY_ANNOTATED_PROFESSIONALLY,6145fd97bd0cc59992275ba5,6144c682bd0cc5acb7275368,idealus
1019_70,127999,1631045.436,0,,,,,657,632,0,25,0,0,0,0,0,0,0,0,0,0,FULLY_ANNOTATED_PROFESSIONALLY,6145fd97bd0cc57a74275bf2,6144c682bd0cc5acb7275368,idealus
1019_71,127999,1631048.565,0,,,,,714,692,0,22,0,0,0,0,0,0,0,0,0,0,FULLY_ANNOTATED_PROFESSIONALLY,6145fd97bd0cc5bde5275bf7,6144c682bd0cc5acb7275368,Dažnai pasirodo nestiprus EMG
1019_72,127999,1631019.761,0,,,,,744,723,0,21,0,0,0,0,0,0,0,0,0,0,FULLY_ANNOTATED_PROFESSIONALLY,6145fd97bd0cc585d6275baf,6144c682bd0cc5acb7275368,noise įdėjau
1019_73,127999,1631049.194,0,,,,,664,644,0,20,0,0,0,0,0,0,0,0,0,0,FULLY_ANNOTATED_PROFESSIONALLY,6145fd97bd0cc5606d275bf8,6144c682bd0cc5acb7275368,idealus
1019_74,127999,1631087.981,0,,,,,777,760,0,17,0,0,0,0,0,0,0,0,0,0,"EXTERNALLY_ANNOTATED,FOR_EXTERNAL_ANNOTATING",6145fd97bd0cc5f76d275c1a,6144c682bd0cc5acb7275368,idealus
1019_75,127999,1631057.331,0,,,,,614,599,0,15,0,0,0,0,0,0,0,0,0,0,FULLY_ANNOTATED_PROFESSIONALLY,6145fd97bd0cc5152f275c00,6144c682bd0cc5acb7275368,"nuo 92000 triukšmas, geras"
1019_76,127999,1631059.208,0,,,,,537,524,0,13,0,0,0,0,0,0,0,0,0,0,FULLY_ANNOTATED_PROFESSIONALLY,6145fd97bd0cc59a22275c0d,6144c682bd0cc5acb7275368,idealus
1019_77,63999,1631094.872,0,,,,,417,404,0,13,0,0,0,0,0,0,0,0,0,0,"EXTERNALLY_ANNOTATED,FOR_EXTERNAL_ANNOTATING",61460048bd0cc58333275c58,6144c682bd0cc5acb7275368,idealus
1019_78,127999,1631059.832,0,,,,,538,526,0,12,0,0,0,0,0,0,0,0,0,0,FULLY_ANNOTATED_PROFESSIONALLY,6145fd97bd0cc55db2275c05,6144c682bd0cc5acb7275368,idealus
1019_79,127999,1631041.058,0,,,,,607,595,0,12,0,0,0,0,0,0,0,0,0,0,FULLY_ANNOTATED_PROFESSIONALLY,6145fd97bd0cc51efc275be2,6144c682bd0cc5acb7275368,idealus
1019_8,127999,1631036.678,0,,,,,954,865,0,89,0,0,0,0,0,0,0,0,0,0,FULLY_ANNOTATED_PROFESSIONALLY,6145fd97bd0cc533d6275bc9,6144c682bd0cc5acb7275368,idealus
1019_80,127999,1631044.186,0,,,,,651,639,0,12,0,0,0,0,0,0,0,0,0,0,FULLY_ANNOTATED_PROFESSIONALLY,6145fd97bd0cc54aa6275bf0,6144c682bd0cc5acb7275368,idealus
1019_81,127999,1631087.357,0,,,,,662,651,0,11,0,0,0,0,0,0,0,0,0,0,FULLY_ANNOTATED_PROFESSIONALLY,6145fd97bd0cc55a8d275c19,6144c682bd0cc5acb7275368,idealus
1019_82,127999,1631067.972,0,,,,,570,559,0,11,0,0,0,0,0,0,0,0,0,0,FULLY_ANNOTATED_PROFESSIONALLY,6145fd97bd0cc53694275c0c,6144c682bd0cc5acb7275368,idealus
1019_83,127999,1631056.078,0,,,,,527,516,0,11,0,0,0,0,0,0,0,0,0,0,FULLY_ANNOTATED_PROFESSIONALLY,6145fd97bd0cc5b203275bfe,6144c682bd0cc5acb7275368,idealus
1019_84,127999,1631058.584,0,,,,,522,512,0,10,0,0,0,0,0,0,0,0,0,0,FULLY_ANNOTATED_PROFESSIONALLY,6145fd97bd0cc586de275c02,6144c682bd0cc5acb7275368,idealus
1019_85,127999,1631051.696,0,,,,,553,543,0,10,0,0,0,0,0,0,0,0,0,0,FULLY_ANNOTATED_PROFESSIONALLY,6145fd97bd0cc58e1f275c04,6144c682bd0cc5acb7275368,idealus
1019_86,127999,1631061.085,0,,,,,554,545,0,9,0,0,0,0,0,0,0,0,0,0,FULLY_ANNOTATED_PROFESSIONALLY,6145fd97bd0cc5a675275c07,6144c682bd0cc5acb7275368,idealus
1019_87,127999,1631064.216,0,,,,,549,540,0,9,0,0,0,0,0,0,0,0,0,0,FULLY_ANNOTATED_PROFESSIONALLY,6145fd97bd0cc580f2275bd2,6144c682bd0cc5acb7275368,idealus
1019_88,127999,1631072.351,0,,,,,559,552,0,7,0,0,0,0,0,0,0,0,0,0,FULLY_ANNOTATED_PROFESSIONALLY,6145fd97bd0cc5dc8a275c12,6144c682bd0cc5acb7275368,idealus
1019_89,127999,1631065.465,0,,,,,535,528,0,7,0,0,0,0,0,0,0,0,0,0,FULLY_ANNOTATED_PROFESSIONALLY,6145fd97bd0cc52a6f275bd0,6144c682bd0cc5acb7275368,idealus
1019_9,127999,1631029.786,0,,,,,792,704,0,88,0,0,0,0,0,0,0,0,0,0,FULLY_ANNOTATED_PROFESSIONALLY,6145fd97bd0cc5f07a275bbe,6144c682bd0cc5acb7275368,49400 - neaiški vieta
1019_90,127999,1631073.604,0,,,,,571,564,0,7,0,0,0,0,0,0,0,0,0,0,FULLY_ANNOTATED_PROFESSIONALLY,6145fd97bd0cc50387275be8,6144c682bd0cc5acb7275368,idealus
1019_91,127999,1631071.727,0,,,,,627,621,0,6,0,0,0,0,0,0,0,0,0,0,FULLY_ANNOTATED_PROFESSIONALLY,6145fd97bd0cc56261275be7,6144c682bd0cc5acb7275368,idealus
1019_92,127999,1631056.707,0,,,,,542,536,0,6,0,0,0,0,0,0,0,0,0,0,FULLY_ANNOTATED_PROFESSIONALLY,6145fd97bd0cc5b623275bff,6144c682bd0cc5acb7275368,idealus
1019_93,127999,1631057.956,0,,,,,540,535,0,5,0,0,0,0,0,0,0,0,0,0,FULLY_ANNOTATED_PROFESSIONALLY,6145fd97bd0cc56f10275c01,6144c682bd0cc5acb7275368,idealus
1019_94,127999,1631076.107,0,,,,,576,571,0,5,0,0,0,0,0,0,0,0,0,0,FULLY_ANNOTATED_PROFESSIONALLY,6145fd97bd0cc56a40275bcb,6144c682bd0cc5acb7275368,idealus
1019_95,127999,1631066.094,0,,,,,514,509,0,5,0,0,0,0,0,0,0,0,0,0,FULLY_ANNOTATED_PROFESSIONALLY,6145fd97bd0cc5203c275bcf,6144c682bd0cc5acb7275368,"Yra triukšmelis ties 9800. Neaiškumai su V ties 49000 ir 50800, 75400"
1019_96,127999,1631084.855,0,,,,,581,576,0,5,0,0,0,0,0,0,0,0,0,0,FULLY_ANNOTATED_PROFESSIONALLY,6145fd97bd0cc5bbea275c16,6144c682bd0cc5acb7275368,Yra noise nedaug
1019_97,127999,1631079.86,0,,,,,533,529,0,4,0,0,0,0,0,0,0,0,0,0,FULLY_ANNOTATED_PROFESSIONALLY,6145fd97bd0cc54c51275bd9,6144c682bd0cc5acb7275368,"Švarus, išskyrus pora trumpų epizodų su staigiu BW"
1019_98,127999,1631083.606,0,,,,,553,549,0,4,0,0,0,0,0,0,0,0,0,0,FULLY_ANNOTATED_PROFESSIONALLY,6145fd97bd0cc54888275beb,6144c682bd0cc5acb7275368,idealus
1019_99,127999,1631053.575,0,,,,,523,519,0,4,0,0,0,0,0,0,0,0,0,0,FULLY_ANNOTATED_PROFESSIONALLY,6145fd97bd0cc52dbc275be3,6144c682bd0cc5acb7275368,idealus
1020_0,127999,1632121.089,0,,3333,,**,659,658,0,1,0,0,0,0,0,0,0,0,0,0,FULLY_ANNOTATED_PROFESSIONALLY,614dc4f24bac1ce3bc017af5,614dbeaf4bac1cd48d017ae8,idealus
1020_1,127999,1632123.567,0,,3333,,**,617,616,0,1,0,0,0,0,0,0,0,0,0,0,FULLY_ANNOTATED_PROFESSIONALLY,614dc4f24bac1ca4d1017b01,614dbeaf4bac1cd48d017ae8,"Kokybė 7-8, yra keletas ryškesnių EMG epizodų"
1020_2,127999,1632121.708,0,,,,,654,654,0,0,0,0,0,0,0,0,0,0,0,0,FULLY_ANNOTATED_PROFESSIONALLY,614dc4f24bac1c3320017af6,614dbeaf4bac1cd48d017ae8,geras
1021_0,127999,1632133.116,0,,3333,,**,663,663,0,0,0,0,0,0,0,0,0,0,0,0,FULLY_ANNOTATED_PROFESSIONALLY,614dc5ab4bac1c84dc017c09,614dbef54bac1c62ae017aea,"Izolinija vaikšto pastebimai, nors gana tolygiai, kartais išlenda raumenų triukšmai"
1022_0,127999,1632342.032,0,,,,,704,704,0,0,0,0,0,0,0,0,0,0,0,0,FULLY_ANNOTATED_PROFESSIONALLY,614dc6594bac1ce28b017d38,614dbf504bac1c5155017aec,su pabangavimais Kažkieno sužymėta? Aš taip nežymėčiau.
1023_0,127999,1632340.564,0,1,1111,,*,846,846,0,0,0,0,0,0,1,400,0.31250244142532363,0,0,0,FULLY_ANNOTATED_PROFESSIONALLY,614dc6914bac1c1cd8017db9,614dbf7e4bac1c78af017aed,idealus
1024_0,127999,1632252.683,0,1,1111,,*,548,547,1,0,0,0,0,0,1,1200,0.9375073242759709,0,0,0,FULLY_ANNOTATED_PROFESSIONALLY,614dc6c74bac1c84d1017e13,614dbfa84bac1c1231017aee,Trumpas triukšmelis ties 115750
1024_1,127999,1632241.398,0,,,,,627,627,0,0,0,0,0,0,0,0,0,0,0,0,FULLY_ANNOTATED_PROFESSIONALLY,614dc6c74bac1ccc60017e02,614dbfa84bac1c1231017aee,geras
1025_0,127999,1632471.213,0,7,1111,,*,880,869,11,0,0,0,0,0,7,4600,3.593778076391222,0,0,0,"EXTERNALLY_ANNOTATED,FOR_EXTERNAL_ANNOTATING",614dc6ff4bac1c3a8d017f07,614dbfd24bac1cce7b017aef,geras
1025_1,127999,1632469.959,0,,3333,,**,961,952,9,0,0,0,0,0,0,0,0,0,0,0,"EXTERNALLY_ANNOTATED,FOR_EXTERNAL_ANNOTATING",614dc6ff4bac1c081d017f05,614dbfd24bac1cce7b017aef,geras
1025_2,127999,1632470.586,0,,3333,,**,917,912,5,0,0,0,0,0,0,0,0,0,0,0,"EXTERNALLY_ANNOTATED,FOR_EXTERNAL_ANNOTATING",614dc6ff4bac1c9273017f06,614dbfd24bac1cce7b017aef,su pabangavimais
1025_3,127999,1632398.405,0,,,,,571,570,1,0,0,0,0,0,0,0,0,0,0,0,"EXTERNALLY_ANNOTATED,FOR_EXTERNAL_ANNOTATING",614dc6fe4bac1cb21c017e95,614dbfd24bac1cce7b017aef,Daug neteisingų R ištryniau
1025_4,127999,1632394.636,0,,,,,572,572,0,0,0,0,0,0,0,0,0,0,0,0,"EXTERNALLY_ANNOTATED,FOR_EXTERNAL_ANNOTATING",614dc6ff4bac1cd428017ed4,614dbfd24bac1cce7b017aef,Daug neteisingų R ištryniau
1026_0,127999,1632731.258,0,5,1111,,*,745,724,0,21,0,0,0,0,5,2300,1.796889038195611,0,0,0,FULLY_ANNOTATED_PROFESSIONALLY,61570a262312e57080168e75,615708ba2312e518c0168e69,
1026_1,127999,1632729.377,0,,,,,912,893,0,19,0,0,0,0,0,0,0,0,0,0,FULLY_ANNOTATED_PROFESSIONALLY,61570a262312e52a3a168e71,615708ba2312e518c0168e69,"Kartais išlenda aiškiai matomi raumenų triukšmai,  daug nesurastų rpeaks ties V"
1026_10,127999,1632724.351,1,,,,,683,680,0,3,0,0,0,0,0,0,0,0,0,0,FULLY_ANNOTATED_PROFESSIONALLY,61570a262312e56129168e79,615708ba2312e518c0168e69,"Prasta pirmos dalie kokybė: BW, EMG, EMA"
1026_11,127999,1632726.869,0,,,,,756,754,0,2,0,0,0,0,0,0,0,0,0,0,FULLY_ANNOTATED_PROFESSIONALLY,61570a262312e57e7b168e6f,615708ba2312e518c0168e69,"Tik viena BW kalnelis ties 122000, nuolat pasirodo silpnas  EMG"
1026_12,127999,1632723.723,0,,,,,897,897,0,0,0,0,0,0,0,0,0,0,0,0,FULLY_ANNOTATED_PROFESSIONALLY,61570a262312e57d8e168e7a,615708ba2312e518c0168e69,su pabangavimais
1026_2,127999,1632730.004,0,,,,,889,872,0,17,0,0,0,0,0,0,0,0,0,0,FULLY_ANNOTATED_PROFESSIONALLY,61570a262312e54f9c168e73,615708ba2312e518c0168e69,"Kartais išlenda nedidelis raumenų triukšmas, daug praleista rpeaks ties V"
1026_3,127999,1632730.631,0,,,,,830,814,1,15,0,0,0,0,0,0,0,0,0,0,FULLY_ANNOTATED_PROFESSIONALLY,61570a262312e53f7d168e74,615708ba2312e518c0168e69,Neurokit blogai gaudo rpikus ties V
1026_4,127999,1632728.75,0,11,1111,,*,851,841,0,10,0,0,0,0,11,19300,15.078242798771866,0,0,0,FULLY_ANNOTATED_PROFESSIONALLY,61570a262312e52b82168e70,615708ba2312e518c0168e69,
1026_5,127999,1632725.61,0,,,,,769,763,2,4,0,0,0,0,0,0,0,0,0,0,FULLY_ANNOTATED_PROFESSIONALLY,61570a262312e50f40168e78,615708ba2312e518c0168e69,Kartais nedidelis BW ir EMG 
1026_6,127999,1632726.237,0,,,,,749,743,1,5,0,0,0,0,0,0,0,0,0,0,FULLY_ANNOTATED_PROFESSIONALLY,61570a262312e52835168e7d,615708ba2312e518c0168e69,Vietomis pasirodo nedidelis EMG
1026_7,127999,1632728.123,0,,,,,745,739,0,6,0,0,0,0,0,0,0,0,0,0,FULLY_ANNOTATED_PROFESSIONALLY,61570a262312e5ce04168e72,615708ba2312e518c0168e69,"Nedidelis BW, vietomis pasirodo nedidelis EMG"
1026_8,127999,1632724.979,1,,,,,798,793,0,5,0,0,0,0,0,0,0,0,0,0,FULLY_ANNOTATED_PROFESSIONALLY,61570a262312e59489168e7b,615708ba2312e518c0168e69,"Kokybė pablogėja apie 50000, pasirodo net EMA"
1026_9,127999,1632727.496,0,,,,,761,757,1,3,0,0,0,0,0,0,0,0,0,0,FULLY_ANNOTATED_PROFESSIONALLY,61570a262312e53403168e7c,615708ba2312e518c0168e69,"Gera kokybė su vietomis nedideliu EMG, tik vienas triukšminis epizodas ties 98400"
1027_0,127999,1633044.261,0,8,1111,,*,759,758,0,1,0,0,0,0,8,5200,4.0625317385292075,0,0,0,FULLY_ANNOTATED_PROFESSIONALLY,61570a9f2312e5391b168f61,615708ea2312e56066168e6a,idealus
1027_1,127999,1633043.64,0,,,,,752,751,0,1,0,0,0,0,0,0,0,0,0,0,FULLY_ANNOTATED_PROFESSIONALLY,61570a9f2312e5736b168f60,615708ea2312e56066168e6a,geras
1027_2,127999,1633034.948,0,,,,,752,751,0,1,0,0,0,0,0,0,0,0,0,0,FULLY_ANNOTATED_PROFESSIONALLY,61570a9f2312e53e1d168f53,615708ea2312e56066168e6a,idealus
1027_3,127999,1633038.054,0,,,,,736,735,0,1,0,0,0,0,0,0,0,0,0,0,FULLY_ANNOTATED_PROFESSIONALLY,61570a9f2312e5115f168f57,615708ea2312e56066168e6a,idealus
1027_4,127999,1633031.843,2,,,,,783,783,0,0,0,0,0,0,0,0,0,0,0,0,FULLY_ANNOTATED_PROFESSIONALLY,61570a9f2312e5e250168f54,615708ea2312e56066168e6a,"Būtų geras įrašas, tačiau pabaigoje keletas netrumpų epizodų su įvairiausiais trikdžiais"
1028_0,127999,1633043.19,0,,,,,668,667,1,0,0,0,0,0,0,0,0,0,0,0,FULLY_ANNOTATED_PROFESSIONALLY,61570af62312e52da1168fda,6157091f2312e5b88c168e6b,"Nedidelis, bet nuolatinis BW, kartais pasirodo labai nedidelis EMG, trikdis ties  60800"
1028_1,127999,1633041.936,0,2,1111,,*,655,654,1,0,0,0,0,0,2,800,0.6250048828506473,0,0,0,FULLY_ANNOTATED_PROFESSIONALLY,61570af62312e5021c168fd1,6157091f2312e5b88c168e6b,"idealus, du neatpažinti S"
1028_2,127999,1633034.496,0,,3333,,**,602,601,1,0,0,0,0,0,0,0,0,0,0,0,FULLY_ANNOTATED_PROFESSIONALLY,61570af62312e558d4168fc6,6157091f2312e5b88c168e6b,Yra išskirčių ir EMG
1028_3,127999,1632967.563,0,,,,,644,644,0,0,0,0,0,0,0,0,0,0,0,0,FULLY_ANNOTATED_PROFESSIONALLY,61570af62312e5135f168f97,6157091f2312e5b88c168e6b,banguota
1029_0,127999,1633047.767,0,3,1111,,*,652,651,1,0,0,0,0,0,3,4500,3.515652466034891,0,0,0,FULLY_ANNOTATED_PROFESSIONALLY,61570b7b2312e5693f169094,615709472312e5fe91168e6c,idealus
1029_1,127999,1633036.499,2,,,,,661,661,0,0,0,0,0,0,0,0,0,0,0,0,FULLY_ANNOTATED_PROFESSIONALLY,61570b7b2312e528ad169082,615709472312e5fe91168e6c,Nuo 65000 prasideda didelės amplitudės EMG ir BW
1030_0,127999,1633439.208,0,,,,,1065,964,101,0,0,0,0,0,0,0,0,0,0,0,FULLY_ANNOTATED_PROFESSIONALLY,61632c1f1e32555e22017c3e,61632ace1e32557a62017bba,"daug S, apie pusė S atpažinti kaip V"
1030_1,127999,1633436.702,0,,,,,1101,1004,97,0,0,0,0,0,0,0,0,0,0,0,FULLY_ANNOTATED_PROFESSIONALLY,61632c1f1e32556482017c3c,61632ace1e32557a62017bba,"daug S, dalis S atpažinti kaip V"
1030_10,127999,1633445.476,0,,,,,1000,931,68,1,0,0,0,0,0,0,0,0,0,0,FULLY_ANNOTATED_PROFESSIONALLY,61632c1f1e32554388017bee,61632ace1e32557a62017bba,"yra triukšmų, daug S, dalis S atpažinti kaip V"
1030_11,127999,1633429.81,0,,,,,1166,1097,69,0,0,0,0,0,0,0,0,0,0,0,FULLY_ANNOTATED_PROFESSIONALLY,61632c1f1e32556eca017c2b,61632ace1e32557a62017bba,"yra triukšmų, daug S, dalis S atpažinti kaip V"
1030_12,127999,1633427.935,0,,,,*,1068,1000,67,1,0,0,0,0,0,0,0,0,0,0,FULLY_ANNOTATED_PROFESSIONALLY,61632c1e1e32550441017bc6,61632ace1e32557a62017bba,geras
1030_13,127999,1633443.596,1,,,,,1021,955,66,0,0,0,0,0,0,0,0,0,0,0,FULLY_ANNOTATED_PROFESSIONALLY,61632c1f1e325533e2017beb,61632ace1e32557a62017bba,"Gera kokybė suprastėja nuo 93000, daug S, ML nemažai S ir N priskiria V"
1030_14,127999,1633438.582,0,,,,*,1082,1025,57,0,0,0,0,0,0,0,0,0,0,0,FULLY_ANNOTATED_PROFESSIONALLY,61632c1f1e325541ef017c36,61632ace1e32557a62017bba,
1030_15,127999,1633437.328,0,,,,,1112,1056,56,0,0,0,0,0,0,0,0,0,0,0,FULLY_ANNOTATED_PROFESSIONALLY,61632c1f1e3255bceb017c3b,61632ace1e32557a62017bba,"yra triukšmų, daug S, dalis S atpažinti kaip V"
1030_16,127999,1633439.837,0,,,,,1087,1032,55,0,0,0,0,0,0,0,0,0,0,0,FULLY_ANNOTATED_PROFESSIONALLY,61632c1f1e3255bbf6017c37,61632ace1e32557a62017bba,"yra triukšmų, daug S, dalis S atpažinti kaip V"
1030_17,127999,1633435.448,0,,,,,1091,1039,52,0,0,0,0,0,0,0,0,0,0,0,FULLY_ANNOTATED_PROFESSIONALLY,61632c1f1e32558b0e017c31,61632ace1e32557a62017bba,yra triukšmų
1030_18,127999,1633430.44,0,,,,,1148,1098,50,0,0,0,0,0,0,0,0,0,0,0,FULLY_ANNOTATED_PROFESSIONALLY,61632c1f1e3255796f017c2d,61632ace1e32557a62017bba,"Nedidelis BW, bet dažnas, yra šuolis"
1030_19,127999,1633434.823,1,,,,,1060,1011,49,0,0,0,0,0,0,0,0,0,0,0,FULLY_ANNOTATED_PROFESSIONALLY,61632c1f1e32553c82017c34,61632ace1e32557a62017bba,"Buvo praleistas rpeaks, gydytojas įdėjo. Yra staigių izolinijos šokinėjimų."
1030_2,127999,1633441.087,0,,,,,1081,993,88,0,0,0,0,0,0,0,0,0,0,0,FULLY_ANNOTATED_PROFESSIONALLY,61632c1f1e32558455017c39,61632ace1e32557a62017bba,"daug S, dalis S atpažinti kaip V"
1030_20,127999,1633426.684,0,,,,,1007,959,48,0,0,0,0,0,0,0,0,0,0,0,FULLY_ANNOTATED_PROFESSIONALLY,61632c1e1e32550736017bc3,61632ace1e32557a62017bba,"daug S, dalis S atpažinti kaip V"
1030_21,127999,1633436.077,0,,3333,,NS,1064,1018,46,0,0,0,0,0,0,0,0,0,0,0,FULLY_ANNOTATED_PROFESSIONALLY,61632c1f1e32552328017c32,61632ace1e32557a62017bba,"Kokybė 7-8, yra keletas ryškesnių EMG epizodų"
1030_22,127999,1633440.462,0,,,,,1079,1033,46,0,0,0,0,0,0,0,0,0,0,0,FULLY_ANNOTATED_PROFESSIONALLY,61632c1f1e3255fb5f017c38,61632ace1e32557a62017bba,yra triukšmų
1030_23,127999,1633431.69,0,,,,,1077,1035,42,0,0,0,0,0,0,0,0,0,0,0,FULLY_ANNOTATED_PROFESSIONALLY,61632c1f1e32556d6e017c2c,61632ace1e32557a62017bba,yra triukšmų
1030_24,127999,1633427.309,2,,,,,998,957,41,0,0,0,0,0,0,0,0,0,0,0,FULLY_ANNOTATED_PROFESSIONALLY,61632c1e1e3255ce7b017bc5,61632ace1e32557a62017bba,Ties 30400 prasideda izolinijos  šokinėjimas
1030_25,127999,1633431.065,0,,,,,1085,1045,40,0,0,0,0,0,0,0,0,0,0,0,FULLY_ANNOTATED_PROFESSIONALLY,61632c1f1e3255371c017c30,61632ace1e32557a62017bba,"yra triukšmų, daug S, dalis S atpažinti kaip V"
1030_26,127999,1633444.221,1,,,,,968,929,38,1,0,0,0,0,0,0,0,0,0,0,FULLY_ANNOTATED_PROFESSIONALLY,61632c1f1e32552a5c017bf0,61632ace1e32557a62017bba,"Yra izolinijos staigių pavaikščiojimų, raumenų triukšmų išlindimų. Dažnai N arba S ML atpažista, kaip V."
1030_27,127999,1633434.198,0,,,,,967,936,31,0,0,0,0,0,0,0,0,0,0,0,FULLY_ANNOTATED_PROFESSIONALLY,61632c1f1e32556d01017c33,61632ace1e32557a62017bba,
1030_28,127999,1633432.944,0,,,,*,1004,979,25,0,0,0,0,0,0,0,0,0,0,0,FULLY_ANNOTATED_PROFESSIONALLY,61632c1f1e32553256017c35,61632ace1e32557a62017bba,geras
1030_29,127999,1633432.319,0,,,,x,1022,997,25,0,0,0,0,0,0,0,0,0,0,0,FULLY_ANNOTATED_PROFESSIONALLY,61632c1f1e3255590d017c2f,61632ace1e32557a62017bba,geras
1030_3,127999,1633437.957,0,,,,,1046,961,85,0,0,0,0,0,0,0,0,0,0,0,FULLY_ANNOTATED_PROFESSIONALLY,61632c1f1e32556a1c017c40,61632ace1e32557a62017bba,"daug S, dalis S atpažinti kaip V"
1030_30,127999,1633433.569,0,,,,*,1015,990,24,0,1,0,0,0,0,0,0,0,0,0,FULLY_ANNOTATED_PROFESSIONALLY,61632c1f1e32557fda017c2e,61632ace1e32557a62017bba,geras
1030_31,127999,1633426.058,0,,,,x,904,886,17,1,0,0,0,0,0,0,0,0,0,0,FULLY_ANNOTATED_PROFESSIONALLY,61632c1e1e32553c30017bc4,61632ace1e32557a62017bba,geras
1030_32,127999,1633425.432,0,,,,,958,947,11,0,0,0,0,0,0,0,0,0,0,0,FULLY_ANNOTATED_PROFESSIONALLY,61632c1e1e3255ce26017bc2,61632ace1e32557a62017bba,geras
1030_33,127999,1633424.804,2,,,,,944,936,8,0,0,0,0,0,0,0,0,0,0,0,FULLY_ANNOTATED_PROFESSIONALLY,61632c1e1e3255aee2017bc1,61632ace1e32557a62017bba,"Antroje dalyje šokinėjantis BW, epizodai su EMG, EMA"
1030_4,127999,1633428.56,1,,,,,1120,1035,85,0,0,0,0,0,0,0,0,0,0,0,FULLY_ANNOTATED_PROFESSIONALLY,61632c1f1e3255d9e9017c28,61632ace1e32557a62017bba,"keistai sudarkyta izolinija. Staigus izolinijos šuoliai nuo 93000, nuo 120000"
1030_5,127999,1633442.966,0,9,1111,,*,984,901,83,0,0,0,0,0,9,4800,3.7500292971038838,0,0,0,FULLY_ANNOTATED_PROFESSIONALLY,61632c1f1e325534f5017c3f,61632ace1e32557a62017bba,geras
1030_6,127999,1633429.186,0,,3333,,NC,1198,1115,83,0,0,0,0,0,0,0,0,0,0,0,FULLY_ANNOTATED_PROFESSIONALLY,61632c1e1e32553d61017bd7,61632ace1e32557a62017bba,"kokybė apie 5-6,  daug triukšminių epizodų"
1030_7,127999,1633444.847,0,,,,*,1016,943,70,3,0,0,0,0,0,0,0,0,0,0,FULLY_ANNOTATED_PROFESSIONALLY,61632c1f1e32553353017bef,61632ace1e32557a62017bba,idealus
1030_8,127999,1633442.341,0,,,,,1087,1015,71,1,0,0,0,0,0,0,0,0,0,0,FULLY_ANNOTATED_PROFESSIONALLY,61632c1f1e32557bda017bf6,61632ace1e32557a62017bba,yra triukšmų
1030_9,127999,1633441.716,0,,,,,1027,956,70,1,0,0,0,0,0,0,0,0,0,0,FULLY_ANNOTATED_PROFESSIONALLY,61632c1f1e3255f87d017c3a,61632ace1e32557a62017bba,geras
1031_0,127999,1633529.899,0,,,,,931,903,0,28,0,0,0,0,0,0,0,0,0,0,FULLY_ANNOTATED_PROFESSIONALLY,61632c921e32558b63017cb8,61632afa1e325516b4017bbb,V atpažinti kaip S
1031_1,127999,1633549.044,0,,,,,744,719,0,25,0,0,0,0,0,0,0,0,0,0,FULLY_ANNOTATED_PROFESSIONALLY,61632c921e32558617017cd3,61632afa1e325516b4017bbb,"Idealus, V atpažinti kaip S"
1031_10,127999,1633583.663,0,,,,,647,641,6,0,0,0,0,0,0,0,0,0,0,0,FULLY_ANNOTATED_PROFESSIONALLY,61632c921e3255b257017c9f,61632afa1e325516b4017bbb,"Labai gera kokybė, išskyrus BW kalnelius ties 54000 ir 115000"
1031_11,127999,1633532.369,0,,,,,834,828,0,6,0,0,0,0,0,0,0,0,0,0,FULLY_ANNOTATED_PROFESSIONALLY,61632c921e325555c6017cbb,61632afa1e325516b4017bbb,"yra triukšmų, V atpažinti kaip S arba neatpažinti"
1031_12,127999,1633531.134,0,,,,,879,873,0,6,0,0,0,0,0,0,0,0,0,0,FULLY_ANNOTATED_PROFESSIONALLY,61632c921e32556d8b017cb7,61632afa1e325516b4017bbb,V atpažinti kaip S 
1031_13,127999,1633520.015,0,,,,,913,907,0,6,0,0,0,0,0,0,0,0,0,0,FULLY_ANNOTATED_PROFESSIONALLY,61632c921e325522f3017c75,61632afa1e325516b4017bbb,V atpažinti kaip S 
1031_14,127999,1633539.167,0,,,,,974,969,1,4,0,0,0,0,0,0,0,0,0,0,FULLY_ANNOTATED_PROFESSIONALLY,61632c921e32559678017cc5,61632afa1e325516b4017bbb,neatpažintas V
1031_15,127999,1633517.546,0,,,,,765,760,0,5,0,0,0,0,0,0,0,0,0,0,FULLY_ANNOTATED_PROFESSIONALLY,61632c921e32550694017c72,61632afa1e325516b4017bbb,V atpažinti kaip S 
1031_16,127999,1633505.799,0,,,,,944,939,0,5,0,0,0,0,0,0,0,0,0,0,FULLY_ANNOTATED_PROFESSIONALLY,61632c921e3255ddf2017c5e,61632afa1e325516b4017bbb,V atpažinti kaip S 
1031_17,127999,1633507.037,0,,,,,863,858,0,5,0,0,0,0,0,0,0,0,0,0,FULLY_ANNOTATED_PROFESSIONALLY,61632c921e3255c600017c5a,61632afa1e325516b4017bbb,V atpažinti kaip S 
1031_18,127999,1633591.7,0,,3333,,NC,253,249,0,4,0,0,0,0,0,0,0,0,0,0,FULLY_ANNOTATED_PROFESSIONALLY,61632c921e32556756017cad,61632afa1e325516b4017bbb,Didžioji failo dalis be kūno
1031_19,127999,1633516.929,0,,,,,768,764,0,4,0,0,0,0,0,0,0,0,0,0,FULLY_ANNOTATED_PROFESSIONALLY,61632c921e3255272d017c6f,61632afa1e325516b4017bbb,V atpažinti kaip S 
1031_2,127999,1633508.272,0,,,,,794,772,0,22,0,0,0,0,0,0,0,0,0,0,FULLY_ANNOTATED_PROFESSIONALLY,61632c921e3255a99a017c58,61632afa1e325516b4017bbb,"geras, V atpažinti kaip S"
1031_20,127999,1633584.28,0,,,,,638,634,4,0,0,0,0,0,0,0,0,0,0,0,FULLY_ANNOTATED_PROFESSIONALLY,61632c921e3255d0d3017ca0,61632afa1e325516b4017bbb,neatpažinti S
1031_21,127999,1633520.633,0,,,,,1096,1092,0,4,0,0,0,0,0,0,0,0,0,0,FULLY_ANNOTATED_PROFESSIONALLY,61632c921e32554593017c78,61632afa1e325516b4017bbb,neatpažinti V
1031_22,127999,1633518.781,0,,,,,810,807,0,3,0,0,0,0,0,0,0,0,0,0,FULLY_ANNOTATED_PROFESSIONALLY,61632c921e32551f6e017c71,61632afa1e325516b4017bbb,V atpažinti kaip S 
1031_23,127999,1633508.895,0,,,,,765,762,0,3,0,0,0,0,0,0,0,0,0,0,FULLY_ANNOTATED_PROFESSIONALLY,61632c921e3255ec5a017c57,61632afa1e325516b4017bbb,V atpažinti kaip S 
1031_24,127999,1633583.046,0,,,,,647,644,3,0,0,0,0,0,0,0,0,0,0,0,FULLY_ANNOTATED_PROFESSIONALLY,61632c921e32551667017c9e,61632afa1e325516b4017bbb,neatpažinti S
1031_25,127999,1633538.549,0,,,,,816,813,0,3,0,0,0,0,0,0,0,0,0,0,FULLY_ANNOTATED_PROFESSIONALLY,61632c921e32558c4d017cc4,61632afa1e325516b4017bbb,V atpažinti kaip S 
1031_26,127999,1633546.574,0,,,,,891,887,0,3,1,0,0,0,0,0,0,0,0,0,FULLY_ANNOTATED_PROFESSIONALLY,61632c921e3255108e017cd9,61632afa1e325516b4017bbb,V atpažinti kaip S 
1031_27,127999,1633506.418,0,,,,,869,866,0,3,0,0,0,0,0,0,0,0,0,0,FULLY_ANNOTATED_PROFESSIONALLY,61632c921e32550fae017c5b,61632afa1e325516b4017bbb,V atpažinti kaip S 
1031_28,127999,1633536.077,0,,,,,909,907,0,2,0,0,0,0,0,0,0,0,0,0,FULLY_ANNOTATED_PROFESSIONALLY,61632c921e3255a890017cc1,61632afa1e325516b4017bbb,V atpažinti kaip S 
1031_29,127999,1633537.932,0,,,,,916,914,0,2,0,0,0,0,0,0,0,0,0,0,FULLY_ANNOTATED_PROFESSIONALLY,61632c921e3255f0be017cca,61632afa1e325516b4017bbb,V atpažinti kaip S 
1031_3,127999,1633507.655,0,,3333,,NS,844,826,0,18,0,0,0,0,0,0,0,0,0,0,FULLY_ANNOTATED_PROFESSIONALLY,61632c921e32550ef8017c5d,61632afa1e325516b4017bbb,"kokybė 6-7, yra triukšmų, V atpažinti kaip S arba neatpažinti"
1031_30,127999,1633547.808,0,,,,,759,757,2,0,0,0,0,0,0,0,0,0,0,0,FULLY_ANNOTATED_PROFESSIONALLY,61632c921e32556148017cd1,61632afa1e325516b4017bbb,neatpažinti S
1031_31,127999,1633527.427,0,,,,,868,866,0,2,0,0,0,0,0,0,0,0,0,0,FULLY_ANNOTATED_PROFESSIONALLY,61632c921e32559404017cd0,61632afa1e325516b4017bbb,V atpažinti kaip S 
1031_32,127999,1633535.455,0,,,,,881,879,1,1,0,0,0,0,0,0,0,0,0,0,FULLY_ANNOTATED_PROFESSIONALLY,61632c921e325524b8017cbd,61632afa1e325516b4017bbb,geras
1031_33,127999,1633565.731,0,,,,,633,631,2,0,0,0,0,0,0,0,0,0,0,0,FULLY_ANNOTATED_PROFESSIONALLY,61632c921e32551b30017c82,61632afa1e325516b4017bbb,"ideali kokybė, neatpažinti S"
1031_34,127999,1633563.258,0,,,,,711,710,0,1,0,0,0,0,0,0,0,0,0,0,FULLY_ANNOTATED_PROFESSIONALLY,61632c921e32555061017c80,61632afa1e325516b4017bbb,geras
1031_35,127999,1633534.838,0,,,,,882,881,0,1,0,0,0,0,0,0,0,0,0,0,FULLY_ANNOTATED_PROFESSIONALLY,61632c921e3255794c017cbf,61632afa1e325516b4017bbb,geras
1031_36,127999,1633552.134,0,,,,,948,947,1,0,0,0,0,0,0,0,0,0,0,0,FULLY_ANNOTATED_PROFESSIONALLY,61632c911e32551337017c55,61632afa1e325516b4017bbb,yra triukšmų
1031_37,127999,1633566.348,0,,,,,645,644,1,0,0,0,0,0,0,0,0,0,0,0,FULLY_ANNOTATED_PROFESSIONALLY,61632c921e32552b9f017c83,61632afa1e325516b4017bbb,"ideali kokybė, neatpažintas S"
1031_38,127999,1633566.965,0,,,,,699,698,1,0,0,0,0,0,0,0,0,0,0,0,FULLY_ANNOTATED_PROFESSIONALLY,61632c921e32554f04017c8c,61632afa1e325516b4017bbb,"gera kokybė, neatpažintas S"
1031_39,127999,1633572.531,0,,,,,635,634,1,0,0,0,0,0,0,0,0,0,0,0,FULLY_ANNOTATED_PROFESSIONALLY,61632c921e325550db017c8e,61632afa1e325516b4017bbb,ideali kokybė
1031_4,127999,1633519.398,0,,,,,805,787,0,18,0,0,0,0,0,0,0,0,0,0,FULLY_ANNOTATED_PROFESSIONALLY,61632c921e32553306017c7c,61632afa1e325516b4017bbb,"geras, V atpažinti kaip S"
1031_40,127999,1633545.956,0,,,,,727,726,0,1,0,0,0,0,0,0,0,0,0,0,FULLY_ANNOTATED_PROFESSIONALLY,61632c921e32555dff017cd6,61632afa1e325516b4017bbb,"ideali kokybė, V atpažintas kaip S "
1031_41,127999,1633544.105,0,,,,,961,960,0,1,0,0,0,0,0,0,0,0,0,0,FULLY_ANNOTATED_PROFESSIONALLY,61632c921e3255caf4017ccf,61632afa1e325516b4017bbb,neatpažintas V
1031_42,127999,1633540.401,0,,,,,1008,1007,0,1,0,0,0,0,0,0,0,0,0,0,FULLY_ANNOTATED_PROFESSIONALLY,61632c921e32551c89017cc7,61632afa1e325516b4017bbb,geras
1031_43,127999,1633581.807,0,,,,,645,644,1,0,0,0,0,0,0,0,0,0,0,0,FULLY_ANNOTATED_PROFESSIONALLY,61632c921e325502be017c9c,61632afa1e325516b4017bbb,idealus
1031_44,127999,1633587.372,1,,,,,1124,1123,0,1,0,0,0,0,0,0,0,0,0,0,FULLY_ANNOTATED_PROFESSIONALLY,61632c921e32553368017ca5,61632afa1e325516b4017bbb,"Labai keistas triukšmas, o gal patologija???"
1031_45,127999,1633590.464,0,,,,,966,965,0,1,0,0,0,0,0,0,0,0,0,0,FULLY_ANNOTATED_PROFESSIONALLY,61632c921e3255e3b2017cab,61632afa1e325516b4017bbb,geras
1031_46,127999,1633565.11,0,,,,,624,623,1,0,0,0,0,0,0,0,0,0,0,0,FULLY_ANNOTATED_PROFESSIONALLY,61632c921e32555c19017c81,61632afa1e325516b4017bbb,"geras, neatpažinta S"
1031_47,127999,1633515.695,0,,,,,789,788,0,1,0,0,0,0,0,0,0,0,0,0,FULLY_ANNOTATED_PROFESSIONALLY,61632c921e3255c17e017c6e,61632afa1e325516b4017bbb,"Geras, 1 V atpažinta kaip S"
1031_48,127999,1633553.986,0,,,,,699,698,1,0,0,0,0,0,0,0,0,0,0,0,FULLY_ANNOTATED_PROFESSIONALLY,61632c911e32556651017c52,61632afa1e325516b4017bbb,"Labai geras, neatpažinta S"
1031_49,127999,1633533.603,0,,,,,853,852,0,1,0,0,0,0,0,0,0,0,0,0,FULLY_ANNOTATED_PROFESSIONALLY,61632c921e32554004017cbe,61632afa1e325516b4017bbb,"Yra triukšmo, 1 V atpažinta kaip S"
1031_5,127999,1633584.898,0,,,,,831,815,1,15,0,0,0,0,0,0,0,0,0,0,FULLY_ANNOTATED_PROFESSIONALLY,61632c921e3255b51d017ca9,61632afa1e325516b4017bbb,"yra triukšmų, V atpažinti kaip S arba neatpažinti. Staigus izolinijos šuoliai nuo 61200, 109400, 113800"
1031_50,127999,1633515.078,0,,,,,799,798,0,1,0,0,0,0,0,0,0,0,0,0,FULLY_ANNOTATED_PROFESSIONALLY,61632c921e3255e441017c6d,61632afa1e325516b4017bbb,"Geras, 1 V atpažinta kaip S"
1031_51,127999,1633511.366,0,,,,,882,881,0,1,0,0,0,0,0,0,0,0,0,0,FULLY_ANNOTATED_PROFESSIONALLY,61632c921e32551804017c69,61632afa1e325516b4017bbb,"Yra triukšmo, 1 V atpažinta kaip S"
1031_52,127999,1633526.81,0,,,,,896,895,0,1,0,0,0,0,0,0,0,0,0,0,FULLY_ANNOTATED_PROFESSIONALLY,61632c921e325579ed017cb3,61632afa1e325516b4017bbb,"Geras, 1 V atpažinta kaip S"
1031_53,127999,1633528.665,0,,,,,844,843,0,1,0,0,0,0,0,0,0,0,0,0,FULLY_ANNOTATED_PROFESSIONALLY,61632c921e3255a54a017cc0,61632afa1e325516b4017bbb,"Geras, 1 V atpažinta kaip S"
1031_54,127999,1633531.751,0,,,,,872,871,0,1,0,0,0,0,0,0,0,0,0,0,FULLY_ANNOTATED_PROFESSIONALLY,61632c921e3255a602017cb9,61632afa1e325516b4017bbb,"Geras, 1 V atpažinta kaip S"
1031_55,127999,1633522.486,0,,,,,1307,1306,1,0,0,0,0,0,0,0,0,0,0,0,FULLY_ANNOTATED_PROFESSIONALLY,61632c921e325547f4017c79,61632afa1e325516b4017bbb,"Yra triukšmo, daug false S"
1031_56,127999,1633523.103,0,,,,,1359,1359,0,0,0,0,0,0,0,0,0,0,0,0,FULLY_ANNOTATED_PROFESSIONALLY,61632c921e32555687017c7a,61632afa1e325516b4017bbb,"geras, labai daug false S"
1031_6,127999,1633548.426,0,,,,,747,732,1,14,0,0,0,0,0,0,0,0,0,0,FULLY_ANNOTATED_PROFESSIONALLY,61632c921e32557416017cd2,61632afa1e325516b4017bbb,"Yra pašokinėjimų nuo 30000, bet nedaug"
1031_7,127999,1633530.517,0,,,,,796,781,0,15,0,0,0,0,0,0,0,0,0,0,FULLY_ANNOTATED_PROFESSIONALLY,61632c921e32557fe4017cb5,61632afa1e325516b4017bbb,"yra triukšmų, V atpažinti kaip S arba neatpažinti"
1031_8,127999,1633516.312,0,,,,,793,786,0,7,0,0,0,0,0,0,0,0,0,0,FULLY_ANNOTATED_PROFESSIONALLY,61632c921e32556bd0017c70,61632afa1e325516b4017bbb,V atpažinti kaip S 
1031_9,127999,1633532.986,0,,,,,802,795,0,7,0,0,0,0,0,0,0,0,0,0,FULLY_ANNOTATED_PROFESSIONALLY,61632c921e32550667017cba,61632afa1e325516b4017bbb,"yra triukšmų, V atpažinti kaip S arba neatpažinti"
1032_0,127999,1633540.147,1,,,,,649,649,0,0,0,0,0,0,0,0,0,0,0,0,FULLY_ANNOTATED_PROFESSIONALLY,61632ced1e325550b0017d03,61632b201e32557db9017bbc,"Didžiojoje įrašo dalyje kokybė gera, kartais išlenda nedideli raumenų triukšmai, tačiau pabaigoje išlenda nemaži raumenų triukšmai"
1033_0,127999,1633512.946,0,,,,,789,769,1,19,0,0,0,0,0,0,0,0,0,0,FULLY_ANNOTATED_PROFESSIONALLY,61632d471e32558f8f017d6f,61632b451e325518bb017bbd,"geras, įdomios V"
1033_1,127999,1633509.831,0,,,,,760,753,0,7,0,0,0,0,0,0,0,0,0,0,FULLY_ANNOTATED_PROFESSIONALLY,61632d471e325534c8017d68,61632b451e325518bb017bbd,Penkių V serija neatpažinta
1033_2,127999,1633526.601,0,,,,,756,752,4,0,0,0,0,0,0,0,0,0,0,0,FULLY_ANNOTATED_PROFESSIONALLY,61632d481e3255cb7f017dca,61632b451e325518bb017bbd,"Švarus, labai nedidelis BW ir trumpi epizodai nedidelio EMG"
1033_3,127999,1633509.207,2,,,,,843,840,0,3,0,0,0,0,0,0,0,0,0,0,FULLY_ANNOTATED_PROFESSIONALLY,61632d471e3255d864017d6b,61632b451e325518bb017bbd,"Daug EMA, ypač pirmoje pusėje"
1033_4,127999,1633513.57,0,,,,,716,715,0,1,0,0,0,0,0,0,0,0,0,0,FULLY_ANNOTATED_PROFESSIONALLY,61632d471e32553983017d71,61632b451e325518bb017bbd,"geras, neatpažintas V"
1033_5,127999,1633516.052,0,,,,,721,720,1,0,0,0,0,0,0,0,0,0,0,0,FULLY_ANNOTATED_PROFESSIONALLY,61632d471e32559827017d73,61632b451e325518bb017bbd,"geras, neatpažintas S"
1033_6,127999,1633524.117,0,,,,,697,697,0,0,0,0,0,0,0,0,0,0,0,0,FULLY_ANNOTATED_PROFESSIONALLY,61632d471e32557018017d81,61632b451e325518bb017bbd,"idealus, nėra ekstrasistolių"
1034_0,127999,1633325.737,0,,,,,981,981,0,0,0,0,0,0,0,0,0,0,0,0,"BAD_QUALITY,FULLY_ANNOTATED_PROFESSIONALLY",61632e0a1e32550336017f1b,61632ba41e3255865f017bbf,pririnkta netikrų S
1035_0,127999,1633380.755,0,,,,,627,609,0,18,0,0,0,0,0,0,0,0,0,0,FULLY_ANNOTATED_PROFESSIONALLY,61632e6f1e325501f901806b,61632bd41e32554ace017bc0,"ideali kokybė, V pažymėti ant sekančio normalaus po tikro V"
1035_1,127999,1633380.128,0,,,,,621,607,0,14,0,0,0,0,0,0,0,0,0,0,FULLY_ANNOTATED_PROFESSIONALLY,61632e6f1e32554dbe018073,61632bd41e32554ace017bc0,ideali kokybė
1035_10,127999,1633332.432,0,,,,,673,664,0,9,0,0,0,0,0,0,0,0,0,0,FULLY_ANNOTATED_PROFESSIONALLY,61632e701e3255374d01808a,61632bd41e32554ace017bc0,"ideali kokybė, yra V"
1035_100,127999,1633337.451,0,,,,,646,643,0,3,0,0,0,0,0,0,0,0,0,0,FULLY_ANNOTATED_PROFESSIONALLY,61632e701e3255549e018090,61632bd41e32554ace017bc0,"ideali kokybė, banguojanti izolinija"
1035_101,127999,1633397.693,0,,,,,521,518,0,3,0,0,0,0,0,0,0,0,0,0,FULLY_ANNOTATED_PROFESSIONALLY,61632e6f1e3255d92f01806f,61632bd41e32554ace017bc0,"ideali kokybė, banguojanti izolinija"
1035_102,127999,1633333.689,0,,,,,706,703,0,3,0,0,0,0,0,0,0,0,0,0,FULLY_ANNOTATED_PROFESSIONALLY,61632e701e32550e7401808c,61632bd41e32554ace017bc0,geras
1035_103,127999,1633404.596,0,,,,,527,524,0,3,0,0,0,0,0,0,0,0,0,0,FULLY_ANNOTATED_PROFESSIONALLY,61632e6f1e32552dff01807e,61632bd41e32554ace017bc0,ideali kokybė
1035_104,127999,1633400.832,0,,,,,515,512,0,3,0,0,0,0,0,0,0,0,0,0,FULLY_ANNOTATED_PROFESSIONALLY,61632e6f1e32555b74018078,61632bd41e32554ace017bc0,ideali kokybė
1035_105,127999,1633335.57,0,,,,,644,641,0,3,0,0,0,0,0,0,0,0,0,0,FULLY_ANNOTATED_PROFESSIONALLY,61632e701e3255482401808f,61632bd41e32554ace017bc0,"ideali kokybė, banguojanti izolinija"
1035_106,127999,1633331.178,0,,,,,683,680,0,3,0,0,0,0,0,0,0,0,0,0,FULLY_ANNOTATED_PROFESSIONALLY,61632e6f1e32557094018088,61632bd41e32554ace017bc0,ideali kokybė
1035_107,127999,1633403.341,0,,,,,525,522,0,3,0,0,0,0,0,0,0,0,0,0,FULLY_ANNOTATED_PROFESSIONALLY,61632e6f1e32553ade01807c,61632bd41e32554ace017bc0,"ideali kokybė, neatpažinti V"
1035_108,127999,1633403.969,0,,,,,528,525,0,3,0,0,0,0,0,0,0,0,0,0,FULLY_ANNOTATED_PROFESSIONALLY,61632e6f1e325512dd01807d,61632bd41e32554ace017bc0,idealus
1035_109,127999,1633371.965,0,,,,,645,642,0,3,0,0,0,0,0,0,0,0,0,0,FULLY_ANNOTATED_PROFESSIONALLY,61632e6f1e325592db018049,61632bd41e32554ace017bc0,idealus
1035_11,127999,1633377.616,0,,,,,599,590,0,9,0,0,0,0,0,0,0,0,0,0,FULLY_ANNOTATED_PROFESSIONALLY,61632e6f1e32554a63018053,61632bd41e32554ace017bc0,"Vienoki V atpažinti gerai, kitokie V atpažintai ant sekančio R po tikro V"
1035_110,127999,1633373.219,0,,,,,644,641,0,3,0,0,0,0,0,0,0,0,0,0,FULLY_ANNOTATED_PROFESSIONALLY,61632e6f1e32557177018048,61632bd41e32554ace017bc0,Trumpi nedidelio BW epizodai
1035_111,127999,1633339.962,0,,,,,601,598,0,3,0,0,0,0,0,0,0,0,0,0,FULLY_ANNOTATED_PROFESSIONALLY,61632e701e32551571018094,61632bd41e32554ace017bc0,vaikšto izolinija
1035_112,127999,1633391.421,0,,,,,593,590,0,3,0,0,0,0,0,0,0,0,0,0,FULLY_ANNOTATED_PROFESSIONALLY,61632e6f1e32555963018065,61632bd41e32554ace017bc0,idealus
1035_113,127999,1633369.457,0,,,,,642,639,0,3,0,0,0,0,0,0,0,0,0,0,FULLY_ANNOTATED_PROFESSIONALLY,61632e6f1e32555894018045,61632bd41e32554ace017bc0,"Nedidelis BW, pabaigoje pasirodo nedidelis EMG"
1035_114,127999,1633390.794,0,,,,,529,526,0,3,0,0,0,0,0,0,0,0,0,0,FULLY_ANNOTATED_PROFESSIONALLY,61632e6f1e32555131018069,61632bd41e32554ace017bc0,idealus
1035_115,127999,1633388.91,0,,,,,528,525,0,3,0,0,0,0,0,0,0,0,0,0,FULLY_ANNOTATED_PROFESSIONALLY,61632e6f1e32551595018060,61632bd41e32554ace017bc0,idealus
1035_116,127999,1633383.267,0,,,,,607,604,0,3,0,0,0,0,0,0,0,0,0,0,FULLY_ANNOTATED_PROFESSIONALLY,61632e6f1e3255375901805a,61632bd41e32554ace017bc0,idealus
1035_117,127999,1633385.774,0,,,,,566,563,0,3,0,0,0,0,0,0,0,0,0,0,FULLY_ANNOTATED_PROFESSIONALLY,61632e6f1e32556fd001805c,61632bd41e32554ace017bc0,vaikšto izolinija
1035_118,127999,1633383.894,0,,,,,574,571,0,3,0,0,0,0,0,0,0,0,0,0,FULLY_ANNOTATED_PROFESSIONALLY,61632e6f1e32558651018056,61632bd41e32554ace017bc0,idealus
1035_119,127999,1633392.048,0,,,,,564,561,0,3,0,0,0,0,0,0,0,0,0,0,FULLY_ANNOTATED_PROFESSIONALLY,61632e6f1e3255f165018066,61632bd41e32554ace017bc0,idealus
1035_12,127999,1633371.338,0,,,,,646,637,0,9,0,0,0,0,0,0,0,0,0,0,FULLY_ANNOTATED_PROFESSIONALLY,61632e6f1e3255166c018046,61632bd41e32554ace017bc0,"ideali kokybė, yra V"
1035_120,127999,1633356.273,0,,,,,764,762,0,2,0,0,0,0,0,0,0,0,0,0,FULLY_ANNOTATED_PROFESSIONALLY,61632e701e32555f210180ae,61632bd41e32554ace017bc0,"idealus, yra klaidingas S"
1035_121,127999,1633370.083,1,,,,,664,662,0,2,0,0,0,0,0,0,0,0,0,0,FULLY_ANNOTATED_PROFESSIONALLY,61632e6f1e32557c1d018044,61632bd41e32554ace017bc0,30 proc. triukšmai
1035_122,127999,1633360.669,0,,,,,787,785,0,2,0,0,0,0,0,0,0,0,0,0,FULLY_ANNOTATED_PROFESSIONALLY,61632e701e325569ec0180bd,61632bd41e32554ace017bc0,idealus
1035_123,127999,1633333.063,1,,,,,748,746,0,2,0,0,0,0,0,0,0,0,0,0,FULLY_ANNOTATED_PROFESSIONALLY,61632e701e3255074d01808b,61632bd41e32554ace017bc0,50 proc. triukšmai
1035_124,127999,1633405.227,1,,,,,610,608,0,2,0,0,0,0,0,0,0,0,0,0,FULLY_ANNOTATED_PROFESSIONALLY,61632e6f1e32556807018081,61632bd41e32554ace017bc0,30 proc. triukšmai
1035_125,127999,1633382.636,1,,,,,730,728,0,2,0,0,0,0,0,0,0,0,0,0,FULLY_ANNOTATED_PROFESSIONALLY,61632e6f1e325521df018061,61632bd41e32554ace017bc0,"Nemažai EMG epizodų, yra BW šuolių"
1035_126,127999,1633353.766,0,,,,,710,708,0,2,0,0,0,0,0,0,0,0,0,0,FULLY_ANNOTATED_PROFESSIONALLY,61632e701e32556a250180a6,61632bd41e32554ace017bc0,idealus
1035_127,127999,1633401.459,0,,,,,522,520,0,2,0,0,0,0,0,0,0,0,0,0,FULLY_ANNOTATED_PROFESSIONALLY,61632e6f1e32553e0d018079,61632bd41e32554ace017bc0,idealus
1035_128,127999,1633347.491,0,,,,,752,750,0,2,0,0,0,0,0,0,0,0,0,0,FULLY_ANNOTATED_PROFESSIONALLY,61632e701e325548fc01809c,61632bd41e32554ace017bc0,idealus
1035_129,127999,1633398.947,0,,,,,538,536,0,2,0,0,0,0,0,0,0,0,0,0,FULLY_ANNOTATED_PROFESSIONALLY,61632e6f1e32551235018075,61632bd41e32554ace017bc0,"idealus, lėtas pulsas"
1035_13,127999,1633408.362,0,,,,,703,694,0,9,0,0,0,0,0,0,0,0,0,0,FULLY_ANNOTATED_PROFESSIONALLY,61632e6f1e32550cd0018084,61632bd41e32554ace017bc0,"gera kokybė, daug U"
1035_130,127999,1633398.32,1,,,,,522,520,0,2,0,0,0,0,0,0,0,0,0,0,FULLY_ANNOTATED_PROFESSIONALLY,61632e6f1e3255226d018072,61632bd41e32554ace017bc0,labai vaikšto izolinija
1035_131,127999,1633389.537,0,,,,,552,550,0,2,0,0,0,0,0,0,0,0,0,0,FULLY_ANNOTATED_PROFESSIONALLY,61632e6f1e32550969018063,61632bd41e32554ace017bc0,vaikšto izolinija
1035_132,127999,1633336.824,0,,,,,640,638,0,2,0,0,0,0,0,0,0,0,0,0,FULLY_ANNOTATED_PROFESSIONALLY,61632e701e3255c52b0180ab,61632bd41e32554ace017bc0,vaikšto izolinija
1035_133,127999,1633338.078,0,,,,,622,620,0,2,0,0,0,0,0,0,0,0,0,0,FULLY_ANNOTATED_PROFESSIONALLY,61632e701e325524590180ac,61632bd41e32554ace017bc0,idealus
1035_134,127999,1633339.335,0,,,,,606,604,0,2,0,0,0,0,0,0,0,0,0,0,FULLY_ANNOTATED_PROFESSIONALLY,61632e701e3255319c018093,61632bd41e32554ace017bc0,vaikšto izolinija
1035_135,127999,1633341.843,0,,,,,667,666,0,1,0,0,0,0,0,0,0,0,0,0,FULLY_ANNOTATED_PROFESSIONALLY,61632e701e3255365a018097,61632bd41e32554ace017bc0,idealus
1035_136,127999,1633356.9,2,,,,,1178,1178,0,0,0,0,0,0,0,0,0,0,0,0,FULLY_ANNOTATED_PROFESSIONALLY,61632e701e32552f370180b0,61632bd41e32554ace017bc0,"Labai daug U, gana prasta kokybė"
1035_14,127999,1633379.501,0,,,,,623,614,0,9,0,0,0,0,0,0,0,0,0,0,FULLY_ANNOTATED_PROFESSIONALLY,61632e6f1e32550f1d018062,61632bd41e32554ace017bc0,"Švarus, tik vienas epizodas su BW šuoliu"
1035_15,127999,1633396.439,2,,,,,593,585,0,8,0,0,0,0,0,0,0,0,0,0,FULLY_ANNOTATED_PROFESSIONALLY,61632e6f1e3255a994018070,61632bd41e32554ace017bc0,
1035_16,127999,1633395.812,0,,,,,614,606,0,8,0,0,0,0,0,0,0,0,0,0,FULLY_ANNOTATED_PROFESSIONALLY,61632e6f1e3255291a018071,61632bd41e32554ace017bc0,Yra keletas epizodų su staigiu BW ir nedideliu EMG
1035_17,127999,1633386.401,1,,,,,590,582,0,8,0,0,0,0,0,0,0,0,0,0,FULLY_ANNOTATED_PROFESSIONALLY,61632e6f1e3255f4da01805d,61632bd41e32554ace017bc0,Labai intensyvus BW
1035_18,127999,1633345.61,0,,,,,680,672,0,8,0,0,0,0,0,0,0,0,0,0,FULLY_ANNOTATED_PROFESSIONALLY,61632e701e3255c3b601809a,61632bd41e32554ace017bc0,"Švarus, poroje vietų - nedidelis EMG"
1035_19,127999,1633367.572,0,,,,,642,634,0,8,0,0,0,0,0,0,0,0,0,0,FULLY_ANNOTATED_PROFESSIONALLY,61632e701e3255adbb0180be,61632bd41e32554ace017bc0,"ideali kokybė, vėluojantys V"
1035_2,127999,1633381.382,0,,,,,660,648,0,12,0,0,0,0,0,0,0,0,0,0,FULLY_ANNOTATED_PROFESSIONALLY,61632e6f1e3255f089018057,61632bd41e32554ace017bc0,ideali kokybė
1035_20,127999,1633378.874,0,,,,,679,671,0,8,0,0,0,0,0,0,0,0,0,0,FULLY_ANNOTATED_PROFESSIONALLY,61632e6f1e3255bc81018054,61632bd41e32554ace017bc0,bigeminijos epizodas
1035_21,127999,1633326.785,0,,,,,632,624,0,8,0,0,0,0,0,0,0,0,0,0,FULLY_ANNOTATED_PROFESSIONALLY,61632e6f1e3255d5bc01803b,61632bd41e32554ace017bc0,"ideali kokybė, yra V"
1035_22,127999,1633376.987,0,,,,,622,614,0,8,0,0,0,0,0,0,0,0,0,0,FULLY_ANNOTATED_PROFESSIONALLY,61632e6f1e32559416018051,61632bd41e32554ace017bc0,"ideali kokybė, yra V"
1035_23,127999,1633324.902,0,,,,,764,756,0,8,0,0,0,0,0,0,0,0,0,0,FULLY_ANNOTATED_PROFESSIONALLY,61632e6f1e325506f3018052,61632bd41e32554ace017bc0,"yra triukšmų, neatpažintos V"
1035_24,127999,1633372.592,0,,,,,656,649,0,7,0,0,0,0,0,0,0,0,0,0,FULLY_ANNOTATED_PROFESSIONALLY,61632e6f1e32551f2f01804d,61632bd41e32554ace017bc0,yra triukšmų
1035_25,127999,1633355.646,0,,,,,661,654,0,7,0,0,0,0,0,0,0,0,0,0,FULLY_ANNOTATED_PROFESSIONALLY,61632e701e325561ce0180a9,61632bd41e32554ace017bc0,"kokybė ideali, du kitokie V neatpažinti"
1035_26,127999,1633355.019,0,,,,,695,688,0,7,0,0,0,0,0,0,0,0,0,0,FULLY_ANNOTATED_PROFESSIONALLY,61632e701e325578f90180aa,61632bd41e32554ace017bc0,"kokybė gera, kitoks V neatpažintas"
1035_27,127999,1633354.392,0,,,,,683,676,0,7,0,0,0,0,0,0,0,0,0,0,FULLY_ANNOTATED_PROFESSIONALLY,61632e701e32559f550180a7,61632bd41e32554ace017bc0,"ideali kokybė, yra V"
1035_28,127999,1633374.478,0,,,,,654,647,0,7,0,0,0,0,0,0,0,0,0,0,FULLY_ANNOTATED_PROFESSIONALLY,61632e6f1e32551e3c01804b,61632bd41e32554ace017bc0,"ideali kokybė, yra V"
1035_29,127999,1633364.433,0,,,,,687,680,0,7,0,0,0,0,0,0,0,0,0,0,FULLY_ANNOTATED_PROFESSIONALLY,61632e701e32552a400180b3,61632bd41e32554ace017bc0,gera kokybė
1035_3,127999,1633350.628,0,,,,,715,703,0,12,0,0,0,0,0,0,0,0,0,0,FULLY_ANNOTATED_PROFESSIONALLY,61632e701e32552ba00180a0,61632bd41e32554ace017bc0,ideali kokybė
1035_30,127999,1633350.001,0,,,,,709,702,0,7,0,0,0,0,0,0,0,0,0,0,FULLY_ANNOTATED_PROFESSIONALLY,61632e701e325578aa0180a5,61632bd41e32554ace017bc0,ideali kokybė
1035_31,127999,1633392.675,0,,,,,566,559,0,7,0,0,0,0,0,0,0,0,0,0,FULLY_ANNOTATED_PROFESSIONALLY,61632e6f1e32559899018067,61632bd41e32554ace017bc0,banguota izolinija
1035_32,127999,1633325.53,0,,,,,717,710,0,7,0,0,0,0,0,0,0,0,0,0,FULLY_ANNOTATED_PROFESSIONALLY,61632e6f1e3255a714018039,61632bd41e32554ace017bc0,gera kokybė
1035_33,127999,1633402.086,0,,,,,539,532,0,7,0,0,0,0,0,0,0,0,0,0,FULLY_ANNOTATED_PROFESSIONALLY,61632e6f1e325566f901807a,61632bd41e32554ace017bc0,banguota izolinija
1035_34,127999,1633407.108,0,,,,,835,828,0,7,0,0,0,0,0,0,0,0,0,0,FULLY_ANNOTATED_PROFESSIONALLY,61632e6f1e3255962c018082,61632bd41e32554ace017bc0,yra triukšmų
1035_35,127999,1633340.589,0,,,,,599,592,0,7,0,0,0,0,0,0,0,0,0,0,FULLY_ANNOTATED_PROFESSIONALLY,61632e701e325569d0018095,61632bd41e32554ace017bc0,gera kokybė
1035_36,127999,1633359.414,0,,,,,826,820,0,6,0,0,0,0,0,0,0,0,0,0,FULLY_ANNOTATED_PROFESSIONALLY,61632e701e3255281c0180ba,61632bd41e32554ace017bc0,"gera kokybė, daug U"
1035_37,127999,1633351.881,0,,,,,711,705,0,6,0,0,0,0,0,0,0,0,0,0,FULLY_ANNOTATED_PROFESSIONALLY,61632e701e3255d8550180a2,61632bd41e32554ace017bc0,"ideali kokybė, yra V"
1035_38,127999,1633361.924,0,,,,,694,688,0,6,0,0,0,0,0,0,0,0,0,0,FULLY_ANNOTATED_PROFESSIONALLY,61632e701e32555b7b0180c2,61632bd41e32554ace017bc0,"ideali kokybė, yra V"
1035_39,127999,1633361.296,0,,,,,831,825,0,6,0,0,0,0,0,0,0,0,0,0,FULLY_ANNOTATED_PROFESSIONALLY,61632e701e3255435a0180c0,61632bd41e32554ace017bc0,"Nedidelis BW, retsykiais pasirodo EMG"
1035_4,127999,1633368.826,0,,,,,624,612,0,12,0,0,0,0,0,0,0,0,0,0,FULLY_ANNOTATED_PROFESSIONALLY,61632e6f1e32557bf3018042,61632bd41e32554ace017bc0,ideali kokybė
1035_40,127999,1633390.168,0,,,,,584,578,0,6,0,0,0,0,0,0,0,0,0,0,FULLY_ANNOTATED_PROFESSIONALLY,61632e6f1e32556b34018064,61632bd41e32554ace017bc0,gera kokybė
1035_41,127999,1633368.199,0,,,,*,689,683,0,6,0,0,0,0,0,0,0,0,0,0,FULLY_ANNOTATED_PROFESSIONALLY,61632e701e32559dd30180bf,61632bd41e32554ace017bc0,"Didžiulių šuolių nėra (išskyrus vieną), bet BW dažnas, išlenda ir EMG"
1035_42,127999,1633330.551,0,,,,,685,679,0,6,0,0,0,0,0,0,0,0,0,0,FULLY_ANNOTATED_PROFESSIONALLY,61632e6f1e325579f001804c,61632bd41e32554ace017bc0,"ideali kokybė, yra V"
1035_43,127999,1633378.247,0,,,,,625,619,0,6,0,0,0,0,0,0,0,0,0,0,FULLY_ANNOTATED_PROFESSIONALLY,61632e6f1e32556bcb018055,61632bd41e32554ace017bc0,"ideali kokybė, yra V"
1035_44,127999,1633352.508,0,,,,,738,732,0,6,0,0,0,0,0,0,0,0,0,0,FULLY_ANNOTATED_PROFESSIONALLY,61632e701e3255dd060180a3,61632bd41e32554ace017bc0,"Vietomis nedidelis BW, keleta epizodų su EMG"
1035_45,127999,1633353.135,0,,,,,697,691,0,6,0,0,0,0,0,0,0,0,0,0,FULLY_ANNOTATED_PROFESSIONALLY,61632e701e3255bdcd0180ad,61632bd41e32554ace017bc0,"ideali kokybė, yra V"
1035_46,127999,1633387.656,0,,,,,555,549,0,6,0,0,0,0,0,0,0,0,0,0,FULLY_ANNOTATED_PROFESSIONALLY,61632e6f1e32556c0f01806a,61632bd41e32554ace017bc0,banguota izolinija
1035_47,127999,1633344.983,0,,,,,691,685,0,6,0,0,0,0,0,0,0,0,0,0,FULLY_ANNOTATED_PROFESSIONALLY,61632e701e3255384901809d,61632bd41e32554ace017bc0,"Vienoki V atpažinti gerai, kitokie V atpažintai ant sekančio R po tikro V"
1035_48,127999,1633376.36,0,,,,,616,610,0,6,0,0,0,0,0,0,0,0,0,0,FULLY_ANNOTATED_PROFESSIONALLY,61632e6f1e32550d3e018050,61632bd41e32554ace017bc0,V atpažintai ant sekančio R po tikro V
1035_49,127999,1633349.374,0,,,,,698,692,0,6,0,0,0,0,0,0,0,0,0,0,FULLY_ANNOTATED_PROFESSIONALLY,61632e701e32554c8001809f,61632bd41e32554ace017bc0,ideali kokybė
1035_5,127999,1633366.945,0,,,,,684,674,0,10,0,0,0,0,0,0,0,0,0,0,FULLY_ANNOTATED_PROFESSIONALLY,61632e701e325566690180b6,61632bd41e32554ace017bc0,gera kokybė
1035_50,127999,1633328.044,0,,,,*,700,694,0,6,0,0,0,0,0,0,0,0,0,0,FULLY_ANNOTATED_PROFESSIONALLY,61632e6f1e3255838901803e,61632bd41e32554ace017bc0,"Kokybė artima 10, vietomis nedidelis BW, keleta epizodų su EMG"
1035_51,127999,1633409.617,0,,,,,696,690,0,6,0,0,0,0,0,0,0,0,0,0,FULLY_ANNOTATED_PROFESSIONALLY,61632e6f1e325568a4018087,61632bd41e32554ace017bc0,geras
1035_52,127999,1633375.105,0,,,,,720,714,0,6,0,0,0,0,0,0,0,0,0,0,FULLY_ANNOTATED_PROFESSIONALLY,61632e6f1e32555ed301804a,61632bd41e32554ace017bc0,"geras, daug U"
1035_53,127999,1633373.847,0,,,,,681,676,0,5,0,0,0,0,0,0,0,0,0,0,FULLY_ANNOTATED_PROFESSIONALLY,61632e6f1e32554033018047,61632bd41e32554ace017bc0,geras
1035_54,127999,1633365.06,0,,,,,651,646,0,5,0,0,0,0,0,0,0,0,0,0,FULLY_ANNOTATED_PROFESSIONALLY,61632e701e32553de20180c3,61632bd41e32554ace017bc0,ideali kokybė
1035_55,127999,1633365.691,0,,,,,684,679,0,5,0,0,0,0,0,0,0,0,0,0,FULLY_ANNOTATED_PROFESSIONALLY,61632e701e32550fa00180b5,61632bd41e32554ace017bc0,geras
1035_56,127999,1633366.318,0,,,,,667,662,0,5,0,0,0,0,0,0,0,0,0,0,FULLY_ANNOTATED_PROFESSIONALLY,61632e701e32556aa20180b2,61632bd41e32554ace017bc0,geras
1035_57,127999,1633407.735,0,,,,,844,839,0,5,0,0,0,0,0,0,0,0,0,0,FULLY_ANNOTATED_PROFESSIONALLY,61632e6f1e32556be1018083,61632bd41e32554ace017bc0,geras
1035_58,127999,1633324.275,0,,,,,726,721,0,5,0,0,0,0,0,0,0,0,0,0,FULLY_ANNOTATED_PROFESSIONALLY,61632e6f1e3255881c01804f,61632bd41e32554ace017bc0,geras
1035_59,127999,1633363.805,0,,,,,683,678,0,5,0,0,0,0,0,0,0,0,0,0,FULLY_ANNOTATED_PROFESSIONALLY,61632e701e325575220180af,61632bd41e32554ace017bc0,ideali kokybė
1035_6,127999,1633408.989,0,,,,,687,677,0,10,0,0,0,0,0,0,0,0,0,0,FULLY_ANNOTATED_PROFESSIONALLY,61632e6f1e3255596e018085,61632bd41e32554ace017bc0,
1035_60,127999,1633331.805,1,,,,,723,718,0,5,0,0,0,0,0,0,0,0,0,0,FULLY_ANNOTATED_PROFESSIONALLY,61632e701e32554b9e018089,61632bd41e32554ace017bc0,"Nemažai ilgų epizodų su staigiais BW, EMG, EMA"
1035_61,127999,1633370.711,0,,,,,650,645,0,5,0,0,0,0,0,0,0,0,0,0,FULLY_ANNOTATED_PROFESSIONALLY,61632e6f1e32550411018043,61632bd41e32554ace017bc0,geras
1035_62,127999,1633329.924,0,,,,,711,706,0,5,0,0,0,0,0,0,0,0,0,0,FULLY_ANNOTATED_PROFESSIONALLY,61632e6f1e325500c5018041,61632bd41e32554ace017bc0,ideali kokybė
1035_63,127999,1633406.48,2,,,,,800,795,0,5,0,0,0,0,0,0,0,0,0,0,FULLY_ANNOTATED_PROFESSIONALLY,61632e6f1e325573bc018080,61632bd41e32554ace017bc0,Yra gana didelės amplitudės raumenų triukšmų
1035_64,127999,1633343.097,0,,,,,743,738,0,5,0,0,0,0,0,0,0,0,0,0,FULLY_ANNOTATED_PROFESSIONALLY,61632e701e32551534018091,61632bd41e32554ace017bc0,geras
1035_65,127999,1633363.178,0,,,,,684,679,0,5,0,0,0,0,0,0,0,0,0,0,FULLY_ANNOTATED_PROFESSIONALLY,61632e701e325515890180bc,61632bd41e32554ace017bc0,ideali kokybė
1035_66,127999,1633334.316,0,,,,,672,667,0,5,0,0,0,0,0,0,0,0,0,0,FULLY_ANNOTATED_PROFESSIONALLY,61632e701e32556fe40180a8,61632bd41e32554ace017bc0,ideali kokybė
1035_67,127999,1633346.864,0,,,,,737,732,0,5,0,0,0,0,0,0,0,0,0,0,FULLY_ANNOTATED_PROFESSIONALLY,61632e701e3255281d01809b,61632bd41e32554ace017bc0,"Nedidelis BW su keliais BW šuoliais,  karts nuo karto išlenda EMG"
1035_68,127999,1633348.119,0,,,,,718,713,0,5,0,0,0,0,0,0,0,0,0,0,FULLY_ANNOTATED_PROFESSIONALLY,61632e701e3255531e01809e,61632bd41e32554ace017bc0,yra epizodas be kontakto
1035_69,127999,1633341.216,0,,,,,588,583,0,5,0,0,0,0,0,0,0,0,0,0,FULLY_ANNOTATED_PROFESSIONALLY,61632e701e32553213018096,61632bd41e32554ace017bc0,ideali kokybė
1035_7,127999,1633382.009,0,,,,,658,648,0,10,0,0,0,0,0,0,0,0,0,0,FULLY_ANNOTATED_PROFESSIONALLY,61632e6f1e3255119f018058,61632bd41e32554ace017bc0,"ideali kokybė, yra V"
1035_70,127999,1633385.148,0,,,,,582,577,0,5,0,0,0,0,0,0,0,0,0,0,FULLY_ANNOTATED_PROFESSIONALLY,61632e6f1e3255d5fa018059,61632bd41e32554ace017bc0,banguota izolinija
1035_71,127999,1633393.929,0,,,,,573,568,0,5,0,0,0,0,0,0,0,0,0,0,FULLY_ANNOTATED_PROFESSIONALLY,61632e6f1e3255081d01806c,61632bd41e32554ace017bc0,banguota izolinija
1035_72,127999,1633394.557,0,,,,,561,556,0,5,0,0,0,0,0,0,0,0,0,0,FULLY_ANNOTATED_PROFESSIONALLY,61632e6f1e32555666018074,61632bd41e32554ace017bc0,banguota izolinija
1035_73,127999,1633358.787,0,,,,,896,891,0,5,0,0,0,0,0,0,0,0,0,0,FULLY_ANNOTATED_PROFESSIONALLY,61632e701e3255e2560180b9,61632bd41e32554ace017bc0,banguota izolinija su „pasikasymais“
1035_74,127999,1633360.042,0,,,,,728,723,0,5,0,0,0,0,0,0,0,0,0,0,FULLY_ANNOTATED_PROFESSIONALLY,61632e701e32554f140180bb,61632bd41e32554ace017bc0,geras
1035_75,127999,1633375.732,0,,,,,603,598,0,5,0,0,0,0,0,0,0,0,0,0,FULLY_ANNOTATED_PROFESSIONALLY,61632e6f1e325583a201804e,61632bd41e32554ace017bc0,ideali kokybė
1035_76,127999,1633395.185,1,,,,,608,604,0,4,0,0,0,0,0,0,0,0,0,0,FULLY_ANNOTATED_PROFESSIONALLY,61632e6f1e3255764201806d,61632bd41e32554ace017bc0,
1035_77,127999,1633384.521,0,,,,,580,576,0,4,0,0,0,0,0,0,0,0,0,0,FULLY_ANNOTATED_PROFESSIONALLY,61632e6f1e32554a4b01805b,61632bd41e32554ace017bc0,"banguota izolinija, daug U"
1035_78,127999,1633397.066,0,,,,,531,527,0,4,0,0,0,0,0,0,0,0,0,0,FULLY_ANNOTATED_PROFESSIONALLY,61632e6f1e3255f16601806e,61632bd41e32554ace017bc0,geras
1035_79,127999,1633399.578,0,,,,,551,547,0,4,0,0,0,0,0,0,0,0,0,0,FULLY_ANNOTATED_PROFESSIONALLY,61632e6f1e32553a69018076,61632bd41e32554ace017bc0,banguota izolinija
1035_8,127999,1633405.853,0,,,,*,667,658,0,9,0,0,0,0,0,0,0,0,0,0,FULLY_ANNOTATED_PROFESSIONALLY,61632e6f1e3255e22e01807f,61632bd41e32554ace017bc0,"yra triukšmų, yra V. Raumenų triukšmo segmentas , nuo 43800, 5 pūpsniai, nuo 49400 - 4 pūpsniai, nuo 86400 - 7 pūpsniai"
1035_80,127999,1633387.028,1,,,,,572,568,0,4,0,0,0,0,0,0,0,0,0,0,FULLY_ANNOTATED_PROFESSIONALLY,61632e6f1e3255f4a201805e,61632bd41e32554ace017bc0,
1035_81,127999,1633402.714,0,,,,,594,590,0,4,0,0,0,0,0,0,0,0,0,0,FULLY_ANNOTATED_PROFESSIONALLY,61632e6f1e325559ea01807b,61632bd41e32554ace017bc0,banguota izolinija
1035_82,127999,1633388.283,0,,,,,532,528,0,4,0,0,0,0,0,0,0,0,0,0,FULLY_ANNOTATED_PROFESSIONALLY,61632e6f1e3255479701805f,61632bd41e32554ace017bc0,banguota izolinija
1035_83,127999,1633393.302,0,,,,,576,572,0,4,0,0,0,0,0,0,0,0,0,0,FULLY_ANNOTATED_PROFESSIONALLY,61632e6f1e325549a4018068,61632bd41e32554ace017bc0,banguota izolinija
1035_84,127999,1633323.647,2,,,,,740,736,0,4,0,0,0,0,0,0,0,0,0,0,FULLY_ANNOTATED_PROFESSIONALLY,61632e6f1e3255eefe01803a,61632bd41e32554ace017bc0,"Labai triukšminga pirma pusė: BW nedidelis, bet dažnai pasirodo EMG ir EMA"
1035_85,63999,1633410.244,0,,,,,454,450,0,4,0,0,0,0,0,0,0,0,0,0,FULLY_ANNOTATED_PROFESSIONALLY,61632e6f1e32553e19018086,61632bd41e32554ace017bc0,"Nedidelis BW ir EMG, bet dažni"
1035_86,127999,1633342.47,0,,,,,673,669,0,4,0,0,0,0,0,0,0,0,0,0,FULLY_ANNOTATED_PROFESSIONALLY,61632e701e3255a45001808e,61632bd41e32554ace017bc0,"Švarus, tik pabaigoje pasirodo BW ir EMG. Bendras komentaras visiems įrašams: pacientui ypač būdingos interpoliuotos skivelinės ekstrasistolės."
1035_87,127999,1633343.725,0,,,,,710,706,0,4,0,0,0,0,0,0,0,0,0,0,FULLY_ANNOTATED_PROFESSIONALLY,61632e701e32554d860180a4,61632bd41e32554ace017bc0,ideali kokybė
1035_88,127999,1633336.197,0,,,,,618,614,0,4,0,0,0,0,0,0,0,0,0,0,FULLY_ANNOTATED_PROFESSIONALLY,61632e701e32556556018092,61632bd41e32554ace017bc0,"ideali kokybė, banguojanti izolinija"
1035_89,127999,1633346.237,0,,,,,720,716,0,4,0,0,0,0,0,0,0,0,0,0,FULLY_ANNOTATED_PROFESSIONALLY,61632e701e32557edb0180b4,61632bd41e32554ace017bc0,ideali kokybė
1035_9,127999,1633344.356,0,,,,,713,704,0,9,0,0,0,0,0,0,0,0,0,0,FULLY_ANNOTATED_PROFESSIONALLY,61632e701e3255cc2f018099,61632bd41e32554ace017bc0,gera kokybė
1035_90,127999,1633348.746,0,,,,,752,748,0,4,0,0,0,0,0,0,0,0,0,0,FULLY_ANNOTATED_PROFESSIONALLY,61632e701e32554f9e0180b7,61632bd41e32554ace017bc0,geras
1035_91,127999,1633351.254,0,,,,,714,710,0,4,0,0,0,0,0,0,0,0,0,0,FULLY_ANNOTATED_PROFESSIONALLY,61632e701e325555510180a1,61632bd41e32554ace017bc0,ideali kokybė
1035_92,127999,1633334.943,0,,,,,643,639,0,4,0,0,0,0,0,0,0,0,0,0,FULLY_ANNOTATED_PROFESSIONALLY,61632e701e3255d46101808d,61632bd41e32554ace017bc0,"ideali kokybė, banguojanti izolinija"
1035_93,127999,1633328.671,0,,,,,732,728,1,3,0,0,0,0,0,0,0,0,0,0,FULLY_ANNOTATED_PROFESSIONALLY,61632e6f1e3255254101803f,61632bd41e32554ace017bc0,geras
1035_94,127999,1633326.157,0,,,,,616,612,0,4,0,0,0,0,0,0,0,0,0,0,FULLY_ANNOTATED_PROFESSIONALLY,61632e6f1e3255d18301803c,61632bd41e32554ace017bc0,ideali kokybė
1035_95,127999,1633327.413,0,,,,,661,657,0,4,0,0,0,0,0,0,0,0,0,0,FULLY_ANNOTATED_PROFESSIONALLY,61632e6f1e32550d9801803d,61632bd41e32554ace017bc0,ideali kokybė
1035_96,127999,1633329.298,0,,,,,688,684,0,4,0,0,0,0,0,0,0,0,0,0,FULLY_ANNOTATED_PROFESSIONALLY,61632e6f1e325529aa018040,61632bd41e32554ace017bc0,ideali kokybė
1035_97,127999,1633362.551,0,,,,,677,673,0,4,0,0,0,0,0,0,0,0,0,0,FULLY_ANNOTATED_PROFESSIONALLY,61632e701e32552fe30180c1,61632bd41e32554ace017bc0,ideali kokybė
1035_98,127999,1633400.205,0,,,,,513,510,0,3,0,0,0,0,0,0,0,0,0,0,FULLY_ANNOTATED_PROFESSIONALLY,61632e6f1e32557f07018077,61632bd41e32554ace017bc0,ideali kokybė
1035_99,127999,1633338.709,0,,,,,632,629,0,3,0,0,0,0,0,0,0,0,0,0,FULLY_ANNOTATED_PROFESSIONALLY,61632e701e3255a7d4018098,61632bd41e32554ace017bc0,"Nemažai BW bangelių, pabaigoje pasirodo silpnas EMG"
1036_0,127999,1634161.029,0,,,,,611,610,1,0,0,0,0,0,0,0,0,0,0,0,FULLY_ANNOTATED_PROFESSIONALLY,616b0135116015c48cc28251,616b00841160152288c2816b,vaikšto izolinija
1036_1,127999,1634112.089,2,,,,,709,709,0,0,0,0,0,0,0,0,0,0,0,0,"BAD_QUALITY,FULLY_ANNOTATED_PROFESSIONALLY",616b01341160151c64c28200,616b00841160152288c2816b,Triukšmingas. Yra net ir kontaktinių triukšmų
1037_0,127999,1633948.136,1,,,,,699,664,0,35,0,0,0,0,0,0,0,0,0,0,"BAD_QUALITY,FULLY_ANNOTATED_PROFESSIONALLY",616b02981160155f8bc284a9,616b00a811601579e9c2816c,triukšmingas
1037_1,127999,1633936.216,1,,,,,768,735,0,32,1,0,0,0,0,0,0,0,0,0,FULLY_ANNOTATED_PROFESSIONALLY,616b029811601508ccc28437,616b00a811601579e9c2816c,"EMA, EMG, yra staigių BW"
1037_2,127999,1633939.352,0,,,,,686,662,0,22,2,0,0,0,0,0,0,0,0,0,FULLY_ANNOTATED_PROFESSIONALLY,616b029811601517e9c2845e,616b00a811601579e9c2816c,"Nedidelis BW, vietomis pasirodo nedidelis EMG"
1037_3,127999,1633935.589,2,,,,,722,703,0,18,1,0,0,0,0,0,0,0,0,0,FULLY_ANNOTATED_PROFESSIONALLY,616b02981160156b4fc28433,616b00a811601579e9c2816c,Daug EMA epizodų
1037_4,127999,1633947.509,1,,,,,663,650,0,13,0,0,0,0,0,0,0,0,0,0,FULLY_ANNOTATED_PROFESSIONALLY,616b02981160159d94c284a8,616b00a811601579e9c2816c,triukšmingas
1037_5,127999,1633936.844,1,,,,,789,778,0,11,0,0,0,0,0,0,0,0,0,0,"BAD_QUALITY,FULLY_ANNOTATED_PROFESSIONALLY",616b0298116015746cc28471,616b00a811601579e9c2816c,"Nemažai stiprių EMG, yra EMA, daug BW"
1037_6,127999,1633958.174,1,,,,,785,778,0,7,0,0,0,0,0,0,0,0,0,0,FULLY_ANNOTATED_PROFESSIONALLY,616b0298116015a8a4c28438,616b00a811601579e9c2816c,"Didesnėjs dalyje gana triukšminga, nors didelių izolinijos šokinėjimų nėra"
1037_7,127999,1633937.471,2,,,,,821,821,0,0,0,0,0,0,0,0,0,0,0,0,"BAD_QUALITY,FULLY_ANNOTATED_PROFESSIONALLY",616b02981160154057c28456,616b00a811601579e9c2816c,mest lauk
1038_0,127999,1634764.42,0,,,,,903,903,0,0,0,0,0,0,0,0,0,0,0,0,FULLY_ANNOTATED_PROFESSIONALLY,61750dbe6d4fb45fcc63776c,617508dc6d4fb40e08637740,idealus
1039_0,127999,1634678.89,0,,,,,626,626,0,0,0,0,0,0,0,0,0,0,0,0,FULLY_ANNOTATED_PROFESSIONALLY,61750e036d4fb42e956378c0,6175090b6d4fb4db99637741,idealus
1040_0,127999,1634648.967,0,,,,,666,665,1,0,0,0,0,0,0,0,0,0,0,0,FULLY_ANNOTATED_PROFESSIONALLY,61750e646d4fb44210637992,617509386d4fb44996637742,
1040_1,127999,1634652.691,0,,,,,684,683,1,0,0,0,0,0,0,0,0,0,0,0,FULLY_ANNOTATED_PROFESSIONALLY,61750e646d4fb4a168637997,617509386d4fb44996637742,idealus
1040_2,127999,1634653.93,0,,,,,680,679,1,0,0,0,0,0,0,0,0,0,0,0,FULLY_ANNOTATED_PROFESSIONALLY,61750e646d4fb42c86637996,617509386d4fb44996637742,idealus
1040_3,127999,1634654.55,0,,,,,676,675,1,0,0,0,0,0,0,0,0,0,0,0,FULLY_ANNOTATED_PROFESSIONALLY,61750e646d4fb4d8e6637998,617509386d4fb44996637742,idealus
1040_4,127999,1634649.586,0,,,,,670,670,0,0,0,0,0,0,0,0,0,0,0,0,FULLY_ANNOTATED_PROFESSIONALLY,61750e646d4fb49af763798e,617509386d4fb44996637742,idealus
1041_0,127999,1634554.326,1,,,,,830,800,28,2,0,0,0,0,0,0,0,0,0,0,FULLY_ANNOTATED_PROFESSIONALLY,61750e986d4fb42570637a37,617509686d4fb48519637743,atipinIs QRS
1041_1,127999,1634553.699,2,,,,,809,796,12,1,0,0,0,0,0,0,0,0,0,0,FULLY_ANNOTATED_PROFESSIONALLY,61750e986d4fb44291637a38,617509686d4fb48519637743,"Negalima įtraukti Hiso blokada, AI suklaidins"
1042_0,127999,1634730.312,0,,,,,832,820,0,12,0,0,0,0,0,0,0,0,0,0,FULLY_ANNOTATED_PROFESSIONALLY,61750edd6d4fb4d0f4637b42,617509a66d4fb46d3b637744,yra nedaug triukšmų
1042_1,127999,1634733.451,0,,,,,821,809,0,12,0,0,0,0,0,0,0,0,0,0,FULLY_ANNOTATED_PROFESSIONALLY,61750edd6d4fb44228637b47,617509a66d4fb46d3b637744,idealus
1042_10,127999,1634737.213,0,,,,,677,674,0,3,0,0,0,0,0,0,0,0,0,0,FULLY_ANNOTATED_PROFESSIONALLY,61750edd6d4fb4483b637b4c,617509a66d4fb46d3b637744,"Nedidelis, bet dažnas BW, kartais pasirodo nedidelis EMG"
1042_11,127999,1634727.8,0,,,,,807,804,0,3,0,0,0,0,0,0,0,0,0,0,FULLY_ANNOTATED_PROFESSIONALLY,61750edd6d4fb429ad637b3b,617509a66d4fb46d3b637744,nebloga
1042_12,127999,1634740.98,0,,,,,664,661,0,3,0,0,0,0,0,0,0,0,0,0,FULLY_ANNOTATED_PROFESSIONALLY,61750edd6d4fb4099e637b51,617509a66d4fb46d3b637744,idealus
1042_13,127999,1634727.173,1,,,,,806,804,0,2,0,0,0,0,0,0,0,0,0,0,FULLY_ANNOTATED_PROFESSIONALLY,61750edd6d4fb42ec9637b3a,617509a66d4fb46d3b637744,"Yra visko: BW, EMG, EMA"
1042_14,127999,1634745.998,0,,,,,669,667,0,2,0,0,0,0,0,0,0,0,0,0,FULLY_ANNOTATED_PROFESSIONALLY,61750edd6d4fb479b0637b57,617509a66d4fb46d3b637744,yra nedaug triukšmų
1042_15,127999,1634734.078,0,,,,,815,813,0,2,0,0,0,0,0,0,0,0,0,0,FULLY_ANNOTATED_PROFESSIONALLY,61750edd6d4fb4b955637b49,617509a66d4fb46d3b637744,BW bangos ir šuoliai
1042_16,127999,1634734.705,0,,,,,813,811,0,2,0,0,0,0,0,0,0,0,0,0,FULLY_ANNOTATED_PROFESSIONALLY,61750edd6d4fb4f403637b48,617509a66d4fb46d3b637744,"BW nedidelės bangos, pora staigesnių šuolių, nedidelis, bet dažnas EMG"
1042_17,127999,1634735.959,1,,,,,822,820,0,2,0,0,0,0,0,0,0,0,0,0,FULLY_ANNOTATED_PROFESSIONALLY,61750edd6d4fb4978e637b4e,617509a66d4fb46d3b637744,yra gale triukšmų
1042_18,127999,1634725.292,1,,,,,806,804,2,0,0,0,0,0,0,0,0,0,0,0,FULLY_ANNOTATED_PROFESSIONALLY,61750edd6d4fb4a400637b39,617509a66d4fb46d3b637744,šokinėjanti
1042_19,127999,1634730.943,2,,,,,806,804,0,2,0,0,0,0,0,0,0,0,0,0,FULLY_ANNOTATED_PROFESSIONALLY,61750edd6d4fb4f819637b43,617509a66d4fb46d3b637744,"BW bangos ir šuoliai, kartais pasirodo EMG"
1042_2,127999,1634729.058,0,,,,,830,819,0,11,0,0,0,0,0,0,0,0,0,0,FULLY_ANNOTATED_PROFESSIONALLY,61750edd6d4fb45d72637b3e,617509a66d4fb46d3b637744,idealus
1042_20,127999,1634744.118,0,,,,,662,661,0,1,0,0,0,0,0,0,0,0,0,0,FULLY_ANNOTATED_PROFESSIONALLY,61750edd6d4fb41064637b5c,617509a66d4fb46d3b637744,idealus
1042_21,127999,1634740.348,0,,,,,642,641,0,1,0,0,0,0,0,0,0,0,0,0,FULLY_ANNOTATED_PROFESSIONALLY,61750edd6d4fb478e9637b5b,617509a66d4fb46d3b637744,geras
1042_22,127999,1634746.624,0,,,,,684,683,0,1,0,0,0,0,0,0,0,0,0,0,FULLY_ANNOTATED_PROFESSIONALLY,61750edd6d4fb4dc8d637b59,617509a66d4fb46d3b637744,geras
1042_23,127999,1634745.371,0,,,,,660,659,0,1,0,0,0,0,0,0,0,0,0,0,FULLY_ANNOTATED_PROFESSIONALLY,61750edd6d4fb4cd4b637b56,617509a66d4fb46d3b637744,idealus
1042_24,127999,1634732.197,0,,3333,,NS,762,761,0,1,0,0,0,0,0,0,0,0,0,0,FULLY_ANNOTATED_PROFESSIONALLY,61750edd6d4fb444d4637b44,617509a66d4fb46d3b637744,yra triukšmų
1042_25,127999,1634725.919,0,,,,,772,771,0,1,0,0,0,0,0,0,0,0,0,0,FULLY_ANNOTATED_PROFESSIONALLY,61750edd6d4fb441d7637b3d,617509a66d4fb46d3b637744,yra triukšmų
1042_26,127999,1634742.86,0,,,,,739,738,0,1,0,0,0,0,0,0,0,0,0,0,FULLY_ANNOTATED_PROFESSIONALLY,61750edd6d4fb410bf637b55,617509a66d4fb46d3b637744,yra triukšmų
1042_27,127999,1634744.744,0,,,,,657,657,0,0,0,0,0,0,0,0,0,0,0,0,FULLY_ANNOTATED_PROFESSIONALLY,61750edd6d4fb49f75637b61,617509a66d4fb46d3b637744,geras
1042_3,127999,1634728.431,1,,,,,837,829,1,7,0,0,0,0,0,0,0,0,0,0,FULLY_ANNOTATED_PROFESSIONALLY,61750edd6d4fb4701f637b3c,617509a66d4fb46d3b637744,yra nedaug triukšmų
1042_4,127999,1634736.586,1,,,,,740,735,1,4,0,0,0,0,0,0,0,0,0,0,FULLY_ANNOTATED_PROFESSIONALLY,61750edd6d4fb4792d637b4a,617509a66d4fb46d3b637744,"Nestabili izolinija, kartais išlenda triukšmai"
1042_5,127999,1634724.665,1,,,,,831,826,0,5,0,0,0,0,0,0,0,0,0,0,FULLY_ANNOTATED_PROFESSIONALLY,61750edd6d4fb40b6c637b37,617509a66d4fb46d3b637744,vaikšto izolinija
1042_6,127999,1634729.685,0,,,,,828,823,0,5,0,0,0,0,0,0,0,0,0,0,FULLY_ANNOTATED_PROFESSIONALLY,61750edd6d4fb45c8b637b41,617509a66d4fb46d3b637744,beveik ideali
1042_7,127999,1634732.824,0,,,,,777,773,0,4,0,0,0,0,0,0,0,0,0,0,FULLY_ANNOTATED_PROFESSIONALLY,61750edd6d4fb4326f637b46,617509a66d4fb46d3b637744,Nedidelis BW
1042_8,127999,1634731.57,0,,,,,804,800,0,4,0,0,0,0,0,0,0,0,0,0,FULLY_ANNOTATED_PROFESSIONALLY,61750edd6d4fb4716e637b45,617509a66d4fb46d3b637744,nebloga
1042_9,127999,1634742.234,0,,,,,718,715,0,3,0,0,0,0,0,0,0,0,0,0,FULLY_ANNOTATED_PROFESSIONALLY,61750edd6d4fb44dc0637b53,617509a66d4fb46d3b637744,nebloga
1043_0,127999,1634634.815,0,,,,,602,599,3,0,0,0,0,0,0,0,0,0,0,0,FULLY_ANNOTATED_PROFESSIONALLY,61750f296d4fb47a5b637c0e,617509cd6d4fb47516637745,geras
1043_1,127999,1634635.441,1,,,,,718,718,0,0,0,0,0,0,0,0,0,0,0,0,FULLY_ANNOTATED_PROFESSIONALLY,61750f296d4fb4c5fc637c0d,617509cd6d4fb47516637745,prastai
1044_0,127999,1635370.699,0,,,,,628,628,0,0,0,0,0,0,0,0,0,0,0,0,FULLY_ANNOTATED_PROFESSIONALLY,6180d4e36878b6a19b6b5235,617ee9a06878b643ef6b47b0,idealus
1045_0,127999,1635191.425,0,,,,,815,815,0,0,0,0,0,0,0,0,0,0,0,0,FULLY_ANNOTATED_PROFESSIONALLY,6180d4156878b6606a6b5134,617ee9d16878b6710c6b47b1,"vaikšto izolinija, netikri S"
1046_0,127999,1635192.891,0,,,,,793,793,0,0,0,0,0,0,0,0,0,0,0,0,FULLY_ANNOTATED_PROFESSIONALLY,6180d33c6878b6f6a16b5041,617eea056878b660e46b47b2,idealus
1047_0,127999,1635144.614,1,,,,,612,612,0,0,0,0,0,0,0,0,0,0,0,0,"BAD_QUALITY,FULLY_ANNOTATED_PROFESSIONALLY",6180d0a86878b6bf316b4d71,617eea296878b60aff6b47b3,Antroje dalyje pasitaiko nemažai EMA
1048_0,127999,1635145.495,0,,,,,679,678,1,0,0,0,0,0,0,0,0,0,0,0,FULLY_ANNOTATED_PROFESSIONALLY,617ef4256878b64f376b48d9,617eea5a6878b6614c6b47b4,idealus
1048_1,127999,1635142.988,0,,,,,685,685,0,0,0,0,0,0,0,0,0,0,0,0,FULLY_ANNOTATED_PROFESSIONALLY,617ef4256878b67cb96b48db,617eea5a6878b6614c6b47b4,geras
1049_0,127999,1636072.509,0,,,,,673,673,0,0,0,0,0,0,0,0,0,0,0,0,FULLY_ANNOTATED_PROFESSIONALLY,618785166878b636556b58c0,6187849f6878b65bc36b589b,geras
1050_0,127999,1636599.277,0,,,,,488,487,1,0,0,0,0,0,0,0,0,0,0,0,FULLY_ANNOTATED_PROFESSIONALLY,6190d65f3cd1d258e9303d6b,6190d3f63cd1d2c475303ce6,idealus
1050_1,127999,1636596.137,0,,,,,519,518,1,0,0,0,0,0,0,0,0,0,0,0,FULLY_ANNOTATED_PROFESSIONALLY,6190d65f3cd1d20b91303d70,6190d3f63cd1d2c475303ce6,
1050_2,127999,1636596.765,0,,,,,508,507,1,0,0,0,0,0,0,0,0,0,0,0,FULLY_ANNOTATED_PROFESSIONALLY,6190d65f3cd1d285d4303d68,6190d3f63cd1d2c475303ce6,
1050_3,127999,1636599.905,0,,,,,489,488,0,1,0,0,0,0,0,0,0,0,0,0,FULLY_ANNOTATED_PROFESSIONALLY,6190d65f3cd1d2c210303d71,6190d3f63cd1d2c475303ce6,idealus
1050_4,127999,1636593,0,,,,,520,519,1,0,0,0,0,0,0,0,0,0,0,0,FULLY_ANNOTATED_PROFESSIONALLY,6190d65f3cd1d25635303d61,6190d3f63cd1d2c475303ce6,"geros kokybės įrašas, išskyrus ties 100000 yra izolinijos ir raumenų triukšmų šuolis - matomai dėl kontakto"
1050_5,127999,1636598.65,0,,,,,509,508,0,1,0,0,0,0,0,0,0,0,0,0,FULLY_ANNOTATED_PROFESSIONALLY,6190d65f3cd1d28cc4303d6c,6190d3f63cd1d2c475303ce6,"Labai švarus, išskyrus vieną epizodą ties 117500"
1050_6,127999,1636592.373,0,,,,,520,520,0,0,0,0,0,0,0,0,0,0,0,0,FULLY_ANNOTATED_PROFESSIONALLY,6190d65f3cd1d2ea5d303d63,6190d3f63cd1d2c475303ce6,idealus
1051_0,127999,1636563.972,0,,,,,722,719,1,0,2,0,0,0,0,0,0,0,0,0,FULLY_ANNOTATED_PROFESSIONALLY,6190de013cd1d26aa1304308,6190d4353cd1d2d85e303ce7,"3 -ose vietose susvyruoja žymiau izolinija ir išlenda gerai pastebimi raumenų triukšmai, tačiau bendras kokybė gera"
1051_1,127999,1636562.728,0,,,,,692,692,0,0,0,0,0,0,0,0,0,0,0,0,FULLY_ANNOTATED_PROFESSIONALLY,6190de013cd1d2d170304304,6190d4353cd1d2d85e303ce7,vaikšto izolinija
1052_0,127999,1636486.195,0,,,,,566,564,2,0,0,0,0,0,0,0,0,0,0,0,FULLY_ANNOTATED_PROFESSIONALLY,6190dacd3cd1d20fd0303fad,6190d45b3cd1d2e695303ce8,Švarus
1052_1,127999,1636488.668,0,,,,,576,574,2,0,0,0,0,0,0,0,0,0,0,0,FULLY_ANNOTATED_PROFESSIONALLY,6190dacd3cd1d2ae46303fae,6190d45b3cd1d2e695303ce8,geras
1052_10,127999,1636486.817,0,,,,,558,557,1,0,0,0,0,0,0,0,0,0,0,0,FULLY_ANNOTATED_PROFESSIONALLY,6190dacd3cd1d25262303fa5,6190d45b3cd1d2e695303ce8,idealus
1052_11,127999,1636493.62,0,,,,,576,576,0,0,0,0,0,0,0,0,0,0,0,0,FULLY_ANNOTATED_PROFESSIONALLY,6190dacd3cd1d28878303fb3,6190d45b3cd1d2e695303ce8,idealus
1052_2,127999,1636481.252,0,,,,,656,654,2,0,0,0,0,0,0,0,0,0,0,0,FULLY_ANNOTATED_PROFESSIONALLY,6190dacc3cd1d21894303fa2,6190d45b3cd1d2e695303ce8,geras
1052_3,127999,1636489.286,0,,,,,692,690,2,0,0,0,0,0,0,0,0,0,0,0,FULLY_ANNOTATED_PROFESSIONALLY,6190dacd3cd1d27692303fa7,6190d45b3cd1d2e695303ce8,geras
1052_4,127999,1636487.434,0,,,,,584,582,2,0,0,0,0,0,0,0,0,0,0,0,FULLY_ANNOTATED_PROFESSIONALLY,6190dacd3cd1d232a7303fac,6190d45b3cd1d2e695303ce8,geras
1052_5,127999,1636480.01,0,,,,,630,629,1,0,0,0,0,0,0,0,0,0,0,0,FULLY_ANNOTATED_PROFESSIONALLY,6190dacc3cd1d204f5303f99,6190d45b3cd1d2e695303ce8,"Pirma pusė švari, antroje pusėje prasideda nedidelis BW ir vietomis trikdžiai"
1052_6,127999,1636491.143,0,,,,,536,535,1,0,0,0,0,0,0,0,0,0,0,0,FULLY_ANNOTATED_PROFESSIONALLY,6190dacd3cd1d21d65303fb7,6190d45b3cd1d2e695303ce8,geras
1052_7,127999,1636490.526,0,,,,,544,543,1,0,0,0,0,0,0,0,0,0,0,0,FULLY_ANNOTATED_PROFESSIONALLY,6190dacd3cd1d27007303fb0,6190d45b3cd1d2e695303ce8,
1052_8,127999,1636485.578,0,,,,,580,579,1,0,0,0,0,0,0,0,0,0,0,0,FULLY_ANNOTATED_PROFESSIONALLY,6190dacd3cd1d2c8a3303fab,6190d45b3cd1d2e695303ce8,idealus
1052_9,127999,1636478.772,0,,,,,647,646,1,0,0,0,0,0,0,0,0,0,0,0,FULLY_ANNOTATED_PROFESSIONALLY,6190dacc3cd1d280fa303f7d,6190d45b3cd1d2e695303ce8,geras
1053_0,127999,1636495.646,0,,,,,553,537,16,0,0,0,0,0,0,0,0,0,0,0,FULLY_ANNOTATED_PROFESSIONALLY,6190db883cd1d229b43041fb,6190d4b23cd1d29db2303ce9,
1053_1,127999,1636496.27,0,,,,,569,554,15,0,0,0,0,0,0,0,0,0,0,0,FULLY_ANNOTATED_PROFESSIONALLY,6190db883cd1d2785e304206,6190d4b23cd1d29db2303ce9,geras
1053_10,127999,1636480.634,0,,,,,712,704,8,0,0,0,0,0,0,0,0,0,0,0,FULLY_ANNOTATED_PROFESSIONALLY,6190db883cd1d243043041e3,6190d4b23cd1d29db2303ce9,"geras, daug neteisingų S"
1053_11,127999,1636480.011,0,,,,,623,615,8,0,0,0,0,0,0,0,0,0,0,0,FULLY_ANNOTATED_PROFESSIONALLY,6190db883cd1d2e9b23041e4,6190d4b23cd1d29db2303ce9,yra triukšmų
1053_12,127999,1636479.383,0,,,,,616,608,8,0,0,0,0,0,0,0,0,0,0,0,FULLY_ANNOTATED_PROFESSIONALLY,6190db883cd1d265173041ea,6190d4b23cd1d29db2303ce9,geras
1053_13,127999,1636451.86,0,,,,,675,668,5,2,0,0,0,0,0,0,0,0,0,0,FULLY_ANNOTATED_PROFESSIONALLY,6190db883cd1d23d673041ab,6190d4b23cd1d29db2303ce9,"Raumenų triukšmai, nėra labai intensyvūs, tačiau išlenda dažnai"
1053_14,127999,1636500.646,0,,,,,523,516,7,0,0,0,0,0,0,0,0,0,0,0,FULLY_ANNOTATED_PROFESSIONALLY,6190db883cd1d26e5f304208,6190d4b23cd1d29db2303ce9,geras
1053_15,127999,1636501.269,0,,,,,519,512,7,0,0,0,0,0,0,0,0,0,0,0,FULLY_ANNOTATED_PROFESSIONALLY,6190db883cd1d2dfc230420f,6190d4b23cd1d29db2303ce9,"Nedidelis, bet nuolatinis BW"
1053_16,127999,1636501.893,0,,,,,517,510,7,0,0,0,0,0,0,0,0,0,0,0,FULLY_ANNOTATED_PROFESSIONALLY,6190db883cd1d2fe3d304203,6190d4b23cd1d29db2303ce9,"Nedidelis, bet nuolatinis BW"
1053_17,127999,1636451.235,1,,,,,570,564,6,0,0,0,0,0,0,0,0,0,0,0,FULLY_ANNOTATED_PROFESSIONALLY,6190db873cd1d20a1b3041aa,6190d4b23cd1d29db2303ce9,"Važinėjanti izolinija, pastebimi raumenų triukšmai"
1053_18,127999,1636498.144,0,,,,,516,510,6,0,0,0,0,0,0,0,0,0,0,0,FULLY_ANNOTATED_PROFESSIONALLY,6190db883cd1d26d3f3041fe,6190d4b23cd1d29db2303ce9,"Nedidelis, bet nuolatinis BW, kartais pasirodo labai nedidelis EMG"
1053_19,127999,1636500.018,0,,,,,523,518,5,0,0,0,0,0,0,0,0,0,0,0,FULLY_ANNOTATED_PROFESSIONALLY,6190db883cd1d21a923041ff,6190d4b23cd1d29db2303ce9,geras
1053_2,127999,1636496.897,0,,,,,561,547,14,0,0,0,0,0,0,0,0,0,0,0,FULLY_ANNOTATED_PROFESSIONALLY,6190db883cd1d2457b304202,6190d4b23cd1d29db2303ce9,idealus
1053_20,127999,1636503.145,0,,,,,556,551,5,0,0,0,0,0,0,0,0,0,0,0,FULLY_ANNOTATED_PROFESSIONALLY,6190db883cd1d243e9304204,6190d4b23cd1d29db2303ce9,Tik ties 97500 pasirodo epizodas su BW ir EMG
1053_21,127999,1636481.258,0,,,,,733,729,4,0,0,0,0,0,0,0,0,0,0,0,FULLY_ANNOTATED_PROFESSIONALLY,6190db883cd1d231bb3041e8,6190d4b23cd1d29db2303ce9,"geras, daug neteisingų S"
1053_22,127999,1636502.521,0,,,,,555,551,4,0,0,0,0,0,0,0,0,0,0,0,FULLY_ANNOTATED_PROFESSIONALLY,6190db883cd1d26a5130420e,6190d4b23cd1d29db2303ce9,geras
1053_23,127999,1636503.768,0,,,,,557,555,2,0,0,0,0,0,0,0,0,0,0,0,FULLY_ANNOTATED_PROFESSIONALLY,6190db883cd1d25696304210,6190d4b23cd1d29db2303ce9,"Švarus, tik nedidelis BW per visą įrašą"
1053_24,127999,1636504.396,0,,,,,546,545,1,0,0,0,0,0,0,0,0,0,0,0,FULLY_ANNOTATED_PROFESSIONALLY,6190db883cd1d2ab2c304211,6190d4b23cd1d29db2303ce9,geras
1053_3,127999,1636499.394,0,,,,,539,526,13,0,0,0,0,0,0,0,0,0,0,0,FULLY_ANNOTATED_PROFESSIONALLY,6190db883cd1d2ea183041fc,6190d4b23cd1d29db2303ce9,
1053_4,127999,1636452.484,0,,,,,613,600,11,2,0,0,0,0,0,0,0,0,0,0,FULLY_ANNOTATED_PROFESSIONALLY,6190db883cd1d2635c3041c9,6190d4b23cd1d29db2303ce9,geras
1053_5,127999,1636494.395,0,,,,,510,497,13,0,0,0,0,0,0,0,0,0,0,0,FULLY_ANNOTATED_PROFESSIONALLY,6190db883cd1d21948304200,6190d4b23cd1d29db2303ce9,idealus
1053_6,127999,1636495.023,0,,,,,538,527,11,0,0,0,0,0,0,0,0,0,0,0,FULLY_ANNOTATED_PROFESSIONALLY,6190db883cd1d220ab3041fd,6190d4b23cd1d29db2303ce9,geras
1053_7,127999,1636498.771,0,,,,,547,536,11,0,0,0,0,0,0,0,0,0,0,0,FULLY_ANNOTATED_PROFESSIONALLY,6190db883cd1d27e51304207,6190d4b23cd1d29db2303ce9,"Nuolatinis nedidelis BW, nedideli EMG"
1053_8,127999,1636497.52,0,,,,,549,540,9,0,0,0,0,0,0,0,0,0,0,0,FULLY_ANNOTATED_PROFESSIONALLY,6190db883cd1d2e67a304201,6190d4b23cd1d29db2303ce9,geras
1053_9,127999,1636450.607,0,,,,,565,557,8,0,0,0,0,0,0,0,0,0,0,0,FULLY_ANNOTATED_PROFESSIONALLY,6190db873cd1d2adec3041a9,6190d4b23cd1d29db2303ce9,yra triukšmų
1054_0,127999,1636406.984,0,,,,,600,597,2,1,0,0,0,0,0,0,0,0,0,0,FULLY_ANNOTATED_PROFESSIONALLY,6190d6d13cd1d262b2303e5c,6190d4e63cd1d227c1303cea,geras
1054_1,127999,1636414.518,0,,,,,646,643,3,0,0,0,0,0,0,0,0,0,0,0,FULLY_ANNOTATED_PROFESSIONALLY,6190d6d13cd1d26eea303e0b,6190d4e63cd1d227c1303cea,Sutriukšmauja tik ties 81200 ir 119200
1054_10,127999,1636421.424,0,,,,,587,586,1,0,0,0,0,0,0,0,0,0,0,0,FULLY_ANNOTATED_PROFESSIONALLY,6190d6d13cd1d2e59b303e0f,6190d4e63cd1d227c1303cea,idealus
1054_11,127999,1636413.891,0,,,,,565,563,1,0,1,0,0,0,0,0,0,0,0,0,FULLY_ANNOTATED_PROFESSIONALLY,6190d6d13cd1d219fd303e08,6190d4e63cd1d227c1303cea,idealus
1054_12,127999,1636420.17,0,,,,,561,560,1,0,0,0,0,0,0,0,0,0,0,0,FULLY_ANNOTATED_PROFESSIONALLY,6190d6d13cd1d240eb303e11,6190d4e63cd1d227c1303cea,idealus
1054_13,127999,1636423.936,1,,,,,558,557,1,0,0,0,0,0,0,0,0,0,0,0,FULLY_ANNOTATED_PROFESSIONALLY,6190d6d13cd1d2267a303e14,6190d4e63cd1d227c1303cea,
1054_14,127999,1636416.399,0,,,,,563,562,1,0,0,0,0,0,0,0,0,0,0,0,FULLY_ANNOTATED_PROFESSIONALLY,6190d6d13cd1d22aaf303e09,6190d4e63cd1d227c1303cea,idealus
1054_15,127999,1636412.009,0,,,,,598,597,0,1,0,0,0,0,0,0,0,0,0,0,FULLY_ANNOTATED_PROFESSIONALLY,6190d6d33cd1d211de303f07,6190d4e63cd1d227c1303cea,idealus
1054_16,127999,1636420.797,0,,,,,580,580,0,0,0,0,0,0,0,0,0,0,0,0,FULLY_ANNOTATED_PROFESSIONALLY,6190d6d13cd1d2573b303e0e,6190d4e63cd1d227c1303cea,idealus
1054_2,127999,1636419.539,0,,,,,563,560,2,1,0,0,0,0,0,0,0,0,0,0,FULLY_ANNOTATED_PROFESSIONALLY,6190d6d13cd1d29d84303e10,6190d4e63cd1d227c1303cea,idealus
1054_3,127999,1636418.907,0,,,,,547,545,2,0,0,0,0,0,0,0,0,0,0,0,FULLY_ANNOTATED_PROFESSIONALLY,6190d6d13cd1d253bb303e12,6190d4e63cd1d227c1303cea,idealus
1054_4,127999,1636423.305,0,,,,,633,631,2,0,0,0,0,0,0,0,0,0,0,0,FULLY_ANNOTATED_PROFESSIONALLY,6190d6d13cd1d2dee2303e1a,6190d4e63cd1d227c1303cea,"Švarus, tik keletas EMG epizodų"
1054_5,127999,1636409.501,0,,,,,572,571,1,0,0,0,0,0,0,0,0,0,0,0,FULLY_ANNOTATED_PROFESSIONALLY,6190d6d13cd1d2ee77303e5a,6190d4e63cd1d227c1303cea,idealus
1054_6,127999,1636422.678,0,,,,,584,583,1,0,0,0,0,0,0,0,0,0,0,0,FULLY_ANNOTATED_PROFESSIONALLY,6190d6d13cd1d2e9bc303e1b,6190d4e63cd1d227c1303cea,idealus
1054_7,127999,1636422.051,0,,,,,584,583,1,0,0,0,0,0,0,0,0,0,0,0,FULLY_ANNOTATED_PROFESSIONALLY,6190d6d13cd1d2079d303e19,6190d4e63cd1d227c1303cea,idealus
1054_8,127999,1636411.382,0,,,,,596,595,1,0,0,0,0,0,0,0,0,0,0,0,FULLY_ANNOTATED_PROFESSIONALLY,6190d6d33cd1d20689303f0a,6190d4e63cd1d227c1303cea,Labai švarus
1054_9,127999,1636418.28,0,,,,,544,543,1,0,0,0,0,0,0,0,0,0,0,0,FULLY_ANNOTATED_PROFESSIONALLY,6190d6d13cd1d24f15303e0d,6190d4e63cd1d227c1303cea,idealus
1055_0,127999,1636416.63,0,,,,,513,465,48,0,0,0,0,0,0,0,0,0,0,0,FULLY_ANNOTATED_PROFESSIONALLY,6190db1e3cd1d2660b30410c,6190d53e3cd1d2ea3f303cec,"idealus, daug S, visi neatpažinti"
1055_1,127999,1636412.921,0,,,,,538,527,11,0,0,0,0,0,0,0,0,0,0,0,FULLY_ANNOTATED_PROFESSIONALLY,6190db1e3cd1d29a0e304108,6190d53e3cd1d2ea3f303cec,"idealus, 11 S paeiliui (Supraventricular tachycardia), visi neatpažinti"
1055_2,127999,1636413.539,0,,,,,521,510,11,0,0,0,0,0,0,0,0,0,0,0,FULLY_ANNOTATED_PROFESSIONALLY,6190db1e3cd1d26a7f304109,6190d53e3cd1d2ea3f303cec,"idealus, 11 S paeiliui (Supraventricular tachycardia), visi neatpažinti"
1055_3,127999,1636414.774,0,,,,,510,504,6,0,0,0,0,0,0,0,0,0,0,0,FULLY_ANNOTATED_PROFESSIONALLY,6190db1e3cd1d27c7730410a,6190d53e3cd1d2ea3f303cec,"Idealus, 6 S paeiliui (Supraventricular tachycardia), visi neatpažinti"
1055_4,127999,1636411.683,0,,,,,608,607,1,0,0,0,0,0,0,0,0,0,0,0,FULLY_ANNOTATED_PROFESSIONALLY,6190db1e3cd1d21e8b304106,6190d53e3cd1d2ea3f303cec,"geras, yra triukšmų"
1055_5,127999,1636410.442,0,,,,,663,663,0,0,0,0,0,0,0,0,0,0,0,0,FULLY_ANNOTATED_PROFESSIONALLY,6190db1e3cd1d208783040f8,6190d53e3cd1d2ea3f303cec,geras
1056_0,127999,1637183.624,0,,,,,625,598,0,27,0,0,0,0,0,0,0,0,0,0,FULLY_ANNOTATED_PROFESSIONALLY,619b5162b481320c794e3db1,619b4b92b4813271534e3da8,geras
1056_1,127999,1637189.186,0,,,,,586,564,0,22,0,0,0,0,0,0,0,0,0,0,FULLY_ANNOTATED_PROFESSIONALLY,619b5162b481323cf34e3df9,619b4b92b4813271534e3da8,"Nedidelis, bet pastovus BW, ties 119000 pasirodo didelė BW banga"
1056_10,127999,1637182.39,0,,,,,618,604,0,14,0,0,0,0,0,0,0,0,0,0,FULLY_ANNOTATED_PROFESSIONALLY,619b5162b481325abd4e3de0,619b4b92b4813271534e3da8,idealus
1056_11,127999,1637187.947,0,,,,,553,540,0,13,0,0,0,0,0,0,0,0,0,0,FULLY_ANNOTATED_PROFESSIONALLY,619b5162b4813230614e3db9,619b4b92b4813271534e3da8,idealus
1056_12,127999,1637176.83,0,,,,,585,572,0,13,0,0,0,0,0,0,0,0,0,0,FULLY_ANNOTATED_PROFESSIONALLY,619b5162b48132ac594e3ddd,619b4b92b4813271534e3da8,idealus
1056_13,127999,1637181.157,0,,,,,596,583,4,9,0,0,0,0,0,0,0,0,0,0,FULLY_ANNOTATED_PROFESSIONALLY,619b5162b481327c204e3dda,619b4b92b4813271534e3da8,geras
1056_14,127999,1637189.804,0,,,,,585,572,0,13,0,0,0,0,0,0,0,0,0,0,FULLY_ANNOTATED_PROFESSIONALLY,619b5162b481321b4f4e3dfd,619b4b92b4813271534e3da8,"Yra daug vietų, kurios atrodo, kaip ekstrasistolės, tačiau nepažymėta. Reiktų parodyti gydytojui."
1056_15,127999,1637181.774,0,,,,,585,573,0,12,0,0,0,0,0,0,0,0,0,0,FULLY_ANNOTATED_PROFESSIONALLY,619b5162b48132605d4e3de4,619b4b92b4813271534e3da8,Nedidelis BW
1056_16,127999,1637179.919,0,,,,,588,577,0,11,0,0,0,0,0,0,0,0,0,0,FULLY_ANNOTATED_PROFESSIONALLY,619b5162b481320c524e3dde,619b4b92b4813271534e3da8,idealus
1056_17,127999,1637188.569,0,,,,,554,543,0,11,0,0,0,0,0,0,0,0,0,0,FULLY_ANNOTATED_PROFESSIONALLY,619b5162b481322b214e3db4,619b4b92b4813271534e3da8,idealus
1056_18,127999,1637180.536,0,,,,,575,565,0,10,0,0,0,0,0,0,0,0,0,0,FULLY_ANNOTATED_PROFESSIONALLY,619b5162b4813258d34e3dd6,619b4b92b4813271534e3da8,idealus
1056_19,127999,1637186.713,0,,,,,575,565,0,10,0,0,0,0,0,0,0,0,0,0,FULLY_ANNOTATED_PROFESSIONALLY,619b5162b4813205734e3dbb,619b4b92b4813271534e3da8,idealus
1056_2,127999,1637186.092,0,,,,,577,559,0,18,0,0,0,0,0,0,0,0,0,0,FULLY_ANNOTATED_PROFESSIONALLY,619b5162b4813274104e3db8,619b4b92b4813271534e3da8,idealus
1056_20,127999,1637187.33,0,,,,,556,546,0,10,0,0,0,0,0,0,0,0,0,0,FULLY_ANNOTATED_PROFESSIONALLY,619b5162b481323d7d4e3dc2,619b4b92b4813271534e3da8,"idealus, V atpažinti kaip S ant sekančio normalaus po tikro V"
1056_21,127999,1637179.302,0,,,,,587,578,0,9,0,0,0,0,0,0,0,0,0,0,FULLY_ANNOTATED_PROFESSIONALLY,619b5162b4813285bc4e3de7,619b4b92b4813271534e3da8,"idealus, V atpažinti kaip S ant sekančio normalaus po tikro V"
1056_3,127999,1637178.068,0,,,,,641,624,0,17,0,0,0,0,0,0,0,0,0,0,FULLY_ANNOTATED_PROFESSIONALLY,619b5162b481325aed4e3de8,619b4b92b4813271534e3da8,idealus
1056_4,127999,1637177.451,0,,,,,616,600,0,16,0,0,0,0,0,0,0,0,0,0,FULLY_ANNOTATED_PROFESSIONALLY,619b5162b48132501a4e3ddc,619b4b92b4813271534e3da8,geras
1056_5,127999,1637184.241,0,,,,,616,601,0,15,0,0,0,0,0,0,0,0,0,0,FULLY_ANNOTATED_PROFESSIONALLY,619b5162b48132d1504e3dbc,619b4b92b4813271534e3da8,idealus
1056_6,127999,1637178.685,0,,,,,608,593,0,15,0,0,0,0,0,0,0,0,0,0,FULLY_ANNOTATED_PROFESSIONALLY,619b5162b4813271a84e3dd8,619b4b92b4813271534e3da8,"Labai gera kokybė, išskyrus patrriukšmavimą apie 82000"
1056_7,127999,1637185.475,0,,,,,573,558,0,15,0,0,0,0,0,0,0,0,0,0,FULLY_ANNOTATED_PROFESSIONALLY,619b5162b48132fee94e3dba,619b4b92b4813271534e3da8,idealus
1056_8,127999,1637184.858,0,,,,,608,593,1,14,0,0,0,0,0,0,0,0,0,0,FULLY_ANNOTATED_PROFESSIONALLY,619b5162b4813252b54e3db2,619b4b92b4813271534e3da8,"Antroje įrašo pusėje atsirado didesnio BW epizodai, pirma pusė - švari"
1056_9,127999,1637183.007,0,,,,,624,609,0,15,0,0,0,0,0,0,0,0,0,0,FULLY_ANNOTATED_PROFESSIONALLY,619b5162b48132601d4e3db0,619b4b92b4813271534e3da8,idealus
1057_0,127999,1637017.431,0,,,,,651,649,0,2,0,0,0,0,0,0,0,0,0,0,FULLY_ANNOTATED_PROFESSIONALLY,619b5257b4813221ed4e3eea,619b4bbbb481320f924e3da9,"idealus, V atpažinti kaip S "
1057_1,127999,1637014.291,0,,,,,625,624,0,1,0,0,0,0,0,0,0,0,0,0,FULLY_ANNOTATED_PROFESSIONALLY,619b5257b481320aea4e3ee5,619b4bbbb481320f924e3da9,idealus
1057_2,127999,1637014.921,0,,,,,643,642,0,1,0,0,0,0,0,0,0,0,0,0,FULLY_ANNOTATED_PROFESSIONALLY,619b5257b4813251694e3ee6,619b4bbbb481320f924e3da9,"yra triukšmų, neatpažintas V"
1057_3,127999,1637016.804,0,,,,,637,636,0,1,0,0,0,0,0,0,0,0,0,0,FULLY_ANNOTATED_PROFESSIONALLY,619b5257b481325add4e3ee9,619b4bbbb481320f924e3da9,"idealus, V atpažintas kaip S "
1057_4,127999,1637023.085,0,,,,,650,649,0,1,0,0,0,0,0,0,0,0,0,0,FULLY_ANNOTATED_PROFESSIONALLY,619b5257b481323c2c4e3ef3,619b4bbbb481320f924e3da9,"Nuolatinis nedidelis BW, gana švarus, išskyrus trikdžius ties 115750"
1057_5,127999,1637021.829,0,,,,,646,645,1,0,0,0,0,0,0,0,0,0,0,0,FULLY_ANNOTATED_PROFESSIONALLY,619b5257b4813233ff4e3ef1,619b4bbbb481320f924e3da9,geras
1057_6,127999,1637011.157,0,,,,,638,638,0,0,0,0,0,0,0,0,0,0,0,0,FULLY_ANNOTATED_PROFESSIONALLY,619b5257b481324ed14e3ee0,619b4bbbb481320f924e3da9,idealus
1058_0,127999,1637084.378,0,,,,,675,671,4,0,0,0,0,0,0,0,0,0,0,0,FULLY_ANNOTATED_PROFESSIONALLY,619b52fdb481324a594e4010,619b4beab481327f494e3daa,geras
1058_1,127999,1637094.317,0,,,,,703,701,2,0,0,0,0,0,0,0,0,0,0,0,FULLY_ANNOTATED_PROFESSIONALLY,619b52fdb481320d044e402d,619b4beab481327f494e3daa,"BW bangos ir kalneliai, kartais pasirodo ir ryškesnis EMG"
1058_2,127999,1637083.758,0,,,,,665,665,0,0,0,0,0,0,0,0,0,0,0,0,FULLY_ANNOTATED_PROFESSIONALLY,619b52fdb48132c9ee4e4013,619b4beab481327f494e3daa,geras
1059_0,127999,1637166.43,1,,,,,565,563,2,0,0,0,0,0,0,0,0,0,0,0,FULLY_ANNOTATED_PROFESSIONALLY,619b5390b4813209a34e4167,619b4c0fb48132b9ef4e3dab,Ties 13000 yra atkarpa su stipriais raumenų (ar kitokio pobūdžio triukšmais). Bet izolinija stabili.
1059_1,127999,1637162.037,0,,,,,589,589,0,0,0,0,0,0,0,0,0,0,0,0,FULLY_ANNOTATED_PROFESSIONALLY,619b5390b48132975e4e4162,619b4c0fb48132b9ef4e3dab,geras
1060_0,127999,1637025.544,0,,,,,714,712,2,0,0,0,0,0,0,0,0,0,0,0,FULLY_ANNOTATED_PROFESSIONALLY,619b5499b481324e804e4275,619b4c3eb48132c6194e3dac,idealus
1060_1,127999,1637023.072,0,,,,,707,705,2,0,0,0,0,0,0,0,0,0,0,0,FULLY_ANNOTATED_PROFESSIONALLY,619b5499b48132468a4e426c,619b4c3eb48132c6194e3dac,idealus
1060_2,127999,1637022.455,0,,,,,714,714,0,0,0,0,0,0,0,0,0,0,0,0,FULLY_ANNOTATED_PROFESSIONALLY,619b5499b4813295e84e426b,619b4c3eb48132c6194e3dac,geras
1061_0,127999,1637016.222,0,,,,,604,604,0,0,0,0,0,0,0,0,0,0,0,0,FULLY_ANNOTATED_PROFESSIONALLY,619b556cb4813209f84e446d,619b4c63b4813294ad4e3dad,geras
1062_0,127999,1637671.583,0,,,,,821,820,0,1,0,0,0,0,0,0,0,0,0,0,FULLY_ANNOTATED_PROFESSIONALLY,61a88773e8f9005584c6e146,61a885c55cd54749a3a4e96d,idealus
1062_1,127999,1637661.027,0,,,,,836,836,0,0,0,0,0,0,0,0,0,0,0,0,FULLY_ANNOTATED_PROFESSIONALLY,61a88773e8f9000dcac6e131,61a885c55cd54749a3a4e96d,idealus
1063_0,127999,1637277.147,0,,,,,496,495,1,0,0,0,0,0,0,0,0,0,0,0,FULLY_ANNOTATED_PROFESSIONALLY,61a8881ae8f9007789c6e25e,61a885ec5cd54753a6a4e96e,"Išskyrus epizodus ties 36000, BW yra nedidelis"
1063_1,127999,1637262.757,0,,,,,596,596,0,0,0,0,0,0,0,0,0,0,0,0,FULLY_ANNOTATED_PROFESSIONALLY,61a8881be8f9001cbdc6e2b8,61a885ec5cd54753a6a4e96e,"Nuolatinis nedidelis BW, epizodai su EMG, ties 92000 epizodas su didesniais trikdžiais"
1064_0,127999,1637623.456,0,,,,,682,635,0,47,0,0,0,0,0,0,0,0,0,0,FULLY_ANNOTATED_PROFESSIONALLY,61a888ede8f9003e4cc6e67e,61a886195cd5477be0a4e96f,"idealus, daug skirtingų V"
1064_1,127999,1637631.801,0,,,,,667,623,0,44,0,0,0,0,0,0,0,0,0,0,FULLY_ANNOTATED_PROFESSIONALLY,61a888dce8f9009d28c6e62e,61a886195cd5477be0a4e96f,
1064_10,127999,1637626.547,0,,,,,677,659,1,17,0,0,0,0,0,0,0,0,0,0,FULLY_ANNOTATED_PROFESSIONALLY,61a888f7e8f9001fdbc6e688,61a886195cd5477be0a4e96f,idealus
1064_11,127999,1637621.569,2,,9999,,,695,678,0,17,0,0,0,0,0,0,0,0,0,0,FULLY_ANNOTATED_PROFESSIONALLY,61a888d7e8f900fae4c6e475,61a886195cd5477be0a4e96f,daug nesutampančių rpeaks
1064_12,127999,1637619.35,0,,,,,693,678,0,15,0,0,0,0,0,0,0,0,0,0,FULLY_ANNOTATED_PROFESSIONALLY,61a888d7e8f9009e8ac6e461,61a886195cd5477be0a4e96f,geras
1064_13,127999,1637620.159,0,,,,,711,698,0,13,0,0,0,0,0,0,0,0,0,0,FULLY_ANNOTATED_PROFESSIONALLY,61a888d7e8f9004106c6e468,61a886195cd5477be0a4e96f,geras
1064_14,127999,1637620.776,0,,,,,705,692,0,13,0,0,0,0,0,0,0,0,0,0,FULLY_ANNOTATED_PROFESSIONALLY,61a888dce8f9005d17c6e62a,61a886195cd5477be0a4e96f,geras
1064_15,127999,1637625.93,0,,,,,675,663,0,12,0,0,0,0,0,0,0,0,0,0,FULLY_ANNOTATED_PROFESSIONALLY,61a888dce8f9003241c6e61f,61a886195cd5477be0a4e96f,geras
1064_16,127999,1637625.312,2,,9999,,,11,0,0,11,0,0,0,0,0,0,0,0,0,0,FULLY_ANNOTATED_PROFESSIONALLY,61a888dae8f9005dd7c6e58b,61a886195cd5477be0a4e96f,daug nesutampančių rpeaks
1064_17,127999,1637624.695,0,,,,,682,674,0,8,0,0,0,0,0,0,0,0,0,0,FULLY_ANNOTATED_PROFESSIONALLY,61a888dce8f900bb98c6e61c,61a886195cd5477be0a4e96f,geras
1064_18,127999,1637624.073,2,,9999,,,830,824,0,6,0,0,0,0,0,0,0,0,0,0,FULLY_ANNOTATED_PROFESSIONALLY,61a888dce8f9002597c6e621,61a886195cd5477be0a4e96f,daug nesutampančių rpeaks
1064_2,127999,1637622.803,0,,,,,678,638,0,40,0,0,0,0,0,0,0,0,0,0,FULLY_ANNOTATED_PROFESSIONALLY,61a888d7e8f90074dac6e476,61a886195cd5477be0a4e96f,yra triukšmų
1064_3,127999,1637627.168,0,,,,,693,659,0,34,0,0,0,0,0,0,0,0,0,0,FULLY_ANNOTATED_PROFESSIONALLY,61a888dae8f900295bc6e585,61a886195cd5477be0a4e96f,"geras, daug V"
1064_4,127999,1637629.641,1,,,,,717,685,0,32,0,0,0,0,0,0,0,0,0,0,FULLY_ANNOTATED_PROFESSIONALLY,61a888d5e8f900697fc6e396,61a886195cd5477be0a4e96f,"Pirmoje įrašo pusėje nemažai BW, taip pat ir staigių, yra EMG ir EMA epizodų"
1064_5,127999,1637628.402,0,,,,,673,646,0,27,0,0,0,0,0,0,0,0,0,0,FULLY_ANNOTATED_PROFESSIONALLY,61a888dae8f900ef16c6e587,61a886195cd5477be0a4e96f,Iššoka triukšmai tik ties 48000.
1064_6,127999,1637622.186,0,,,,,696,670,0,26,0,0,0,0,0,0,0,0,0,0,FULLY_ANNOTATED_PROFESSIONALLY,61a888d7e8f9005898c6e45c,61a886195cd5477be0a4e96f,"geras, daug V"
1064_7,127999,1637630.258,2,,9999,,,689,668,0,21,0,0,0,0,0,0,0,0,0,0,FULLY_ANNOTATED_PROFESSIONALLY,61a888d5e8f90088c8c6e397,61a886195cd5477be0a4e96f,daug nesutampančių rpeaks
1064_8,127999,1637629.02,0,,,,,676,656,0,20,0,0,0,0,0,0,0,0,0,0,FULLY_ANNOTATED_PROFESSIONALLY,61a888d5e8f900a570c6e395,61a886195cd5477be0a4e96f,idealus
1064_9,127999,1637627.785,0,,,,,677,657,0,20,0,0,0,0,0,0,0,0,0,0,FULLY_ANNOTATED_PROFESSIONALLY,61a888dae8f900fba4c6e586,61a886195cd5477be0a4e96f,idealus
1065_0,127999,1637625.426,0,,,,,810,609,62,139,0,0,0,0,0,0,0,0,0,0,FULLY_ANNOTATED_PROFESSIONALLY,61a88dd3e8f9000a36c6e6e8,61a8863e5cd547e980a4e970,
1065_1,127999,1637624.799,0,,,,,736,558,97,81,0,0,0,0,0,0,0,0,0,0,FULLY_ANNOTATED_PROFESSIONALLY,61a88dd3e8f9005a93c6e6e5,61a8863e5cd547e980a4e970,
1065_10,127999,1637615.384,0,,,,,776,672,53,51,0,0,0,0,0,0,0,0,0,0,FULLY_ANNOTATED_PROFESSIONALLY,61a88dd3e8f900d261c6e6f7,61a8863e5cd547e980a4e970,Keletas BW epizodų su staigiais šuoliais
1065_11,127999,1637627.307,0,,,,,795,703,85,7,0,0,0,0,0,0,0,0,0,0,FULLY_ANNOTATED_PROFESSIONALLY,61a88dd3e8f9002bb7c6e6da,61a8863e5cd547e980a4e970,"Nemažai BW, keletas BW epizodų su staigiais šuoliais ir padidėjusiu EMG"
1065_12,127999,1637621.03,1,,,,,826,745,76,5,0,0,0,0,0,0,0,0,0,0,FULLY_ANNOTATED_PROFESSIONALLY,61a88dd3e8f9007d12c6e6f0,61a8863e5cd547e980a4e970,"Daug BW, taip pat su šuoliais, kartais išlenda EMG"
1065_13,127999,1637619.776,0,,,,,847,776,48,23,0,0,0,0,0,0,0,0,0,0,FULLY_ANNOTATED_PROFESSIONALLY,61a88dd3e8f9005c6ac6e6f2,61a8863e5cd547e980a4e970,"Nemažai BW kalniukų, silpnas EMG"
1065_14,127999,1637619.15,1,,,,,850,788,40,21,1,0,0,0,0,0,0,0,0,0,FULLY_ANNOTATED_PROFESSIONALLY,61a88dd3e8f9008cd7c6e6ee,61a8863e5cd547e980a4e970,"Labai važinėjanti izolinija, kartais staigiai, raumenų triukšmų palyginus nedaug. Daug V, bet ML priskiria S"
1065_15,127999,1637580.246,1,,,,,862,819,43,0,0,0,0,0,0,0,0,0,0,0,FULLY_ANNOTATED_PROFESSIONALLY,61a88dd3e8f90053cfc6e6a7,61a8863e5cd547e980a4e970,"Labai važinėjanti izolinija, kartais staigiai, raumenų triukšmų palyginti nedaug."
1065_16,127999,1637621.657,0,,,,,725,688,37,0,0,0,0,0,0,0,0,0,0,0,FULLY_ANNOTATED_PROFESSIONALLY,61a88dd3e8f900a0cac6e6dd,61a8863e5cd547e980a4e970,"geras, daug S, daug neatpažintų S"
1065_17,127999,1637658.889,0,,,,,814,802,12,0,0,0,0,0,0,0,0,0,0,0,FULLY_ANNOTATED_PROFESSIONALLY,61a88dd3e8f900c0c8c6e6e2,61a8863e5cd547e980a4e970,"vaikšto izolinija, nerasti S"
1065_2,127999,1637624.172,0,,,,,717,553,98,66,0,0,0,0,0,0,0,0,0,0,FULLY_ANNOTATED_PROFESSIONALLY,61a88dd3e8f9006cc9c6e6e4,61a8863e5cd547e980a4e970,
1065_3,127999,1637626.68,0,,,,,739,576,104,59,0,0,0,0,0,0,0,0,0,0,FULLY_ANNOTATED_PROFESSIONALLY,61a88dd3e8f900214cc6e6e6,61a8863e5cd547e980a4e970,
1065_4,127999,1637628.331,0,,,,,701,553,148,0,0,0,0,0,0,0,0,0,0,0,FULLY_ANNOTATED_PROFESSIONALLY,61a88dd3e8f9006d99c6e6e0,61a8863e5cd547e980a4e970,"Nemažai S, ML juos neblogai gaudo"
1065_5,127999,1637626.053,0,,,,,770,640,81,49,0,0,0,0,0,0,0,0,0,0,FULLY_ANNOTATED_PROFESSIONALLY,61a88dd3e8f9002c60c6e6ed,61a8863e5cd547e980a4e970,"Labai nedideli BW ir EMG, keistos formos V"
1065_6,127999,1637622.288,1,,,,,738,620,59,59,0,0,0,0,0,0,0,0,0,0,FULLY_ANNOTATED_PROFESSIONALLY,61a88dd3e8f90098afc6e6e7,61a8863e5cd547e980a4e970,"Kokybė arti 0, tačiau pradžioje yra didelis izolinijos lakstymas"
1065_7,127999,1637622.914,0,,,,,705,589,74,42,0,0,0,0,0,0,0,0,0,0,FULLY_ANNOTATED_PROFESSIONALLY,61a88dd3e8f9007fe6c6e6e9,61a8863e5cd547e980a4e970,
1065_8,127999,1637620.403,0,,,,,803,688,115,0,0,0,0,0,0,0,0,0,0,0,FULLY_ANNOTATED_PROFESSIONALLY,61a88dd3e8f900b723c6e6ec,61a8863e5cd547e980a4e970,"geras, daug S, daug neatpažintų S"
1065_9,127999,1637623.546,0,,,,,694,581,69,44,0,0,0,0,0,0,0,0,0,0,FULLY_ANNOTATED_PROFESSIONALLY,61a88dd3e8f900f419c6e6ef,61a8863e5cd547e980a4e970,
1066_0,127999,1637582.986,0,,,,,574,497,77,0,0,0,0,0,0,0,0,0,0,0,FULLY_ANNOTATED_PROFESSIONALLY,61a88e8a47e398e92e4fe071,61a886b3e8f90001e9c6e12b,"geras, nerasti 77 S "
1066_1,127999,1637583.611,0,,,,,565,506,59,0,0,0,0,0,0,0,0,0,0,0,FULLY_ANNOTATED_PROFESSIONALLY,61a88e8a47e39848ea4fe074,61a886b3e8f90001e9c6e12b,"idealus, nerasta 59 S"
1066_2,127999,1637584.237,0,,,,,556,529,27,0,0,0,0,0,0,0,0,0,0,0,FULLY_ANNOTATED_PROFESSIONALLY,61a88e8a47e398195c4fe0c0,61a886b3e8f90001e9c6e12b,Pavirpėjimas ties 109200
1066_3,127999,1637586.745,0,,,,,530,506,24,0,0,0,0,0,0,0,0,0,0,0,FULLY_ANNOTATED_PROFESSIONALLY,61a88e8a47e398196b4fe091,61a886b3e8f90001e9c6e12b,geras
1066_4,127999,1637585.491,0,,,,,587,586,0,1,0,0,0,0,0,0,0,0,0,0,FULLY_ANNOTATED_PROFESSIONALLY,61a88e8a47e398de024fe095,61a886b3e8f90001e9c6e12b,
1066_5,127999,1637584.866,0,,,,,547,547,0,0,0,0,0,0,0,0,0,0,0,0,FULLY_ANNOTATED_PROFESSIONALLY,61a88e8a47e398dc554fe075,61a886b3e8f90001e9c6e12b,
1067_0,127999,1638201.062,0,,,,,996,780,0,216,0,0,0,0,0,0,0,0,0,0,FULLY_ANNOTATED_PROFESSIONALLY,61b32738cf0f345cf7cb1cf4,61b31ff1cf0f34275ccb1c90,"idealus, daug V, yra nerastų V"
1067_1,127999,1638198.575,0,,,,,852,697,0,155,0,0,0,0,0,0,0,0,0,0,FULLY_ANNOTATED_PROFESSIONALLY,61b32738cf0f342f7dcb1ced,61b31ff1cf0f34275ccb1c90,"idealus, daug V, yra nerastų V"
1067_10,127999,1638197.335,0,,,,,755,694,1,60,0,0,0,0,0,0,0,0,0,0,FULLY_ANNOTATED_PROFESSIONALLY,61b32738cf0f344840cb1cef,61b31ff1cf0f34275ccb1c90,"idealus, yra daug V"
1067_11,127999,1638202.921,0,,,,,760,700,0,60,0,0,0,0,0,0,0,0,0,0,FULLY_ANNOTATED_PROFESSIONALLY,61b32738cf0f34fda6cb1cf1,61b31ff1cf0f34275ccb1c90,"idealus, yra daug V"
1067_12,127999,1638196.09,0,,,,,749,693,0,56,0,0,0,0,0,0,0,0,0,0,FULLY_ANNOTATED_PROFESSIONALLY,61b32738cf0f34b77fcb1cea,61b31ff1cf0f34275ccb1c90,"idealus, yra daug V"
1067_13,127999,1638194.85,0,,,,,816,761,1,54,0,0,0,0,0,0,0,0,0,0,FULLY_ANNOTATED_PROFESSIONALLY,61b32738cf0f349cb4cb1cda,61b31ff1cf0f34275ccb1c90,"idealus, yra daug V"
1067_14,127999,1638192.366,0,,,,,769,723,1,45,0,0,0,0,0,0,0,0,0,0,FULLY_ANNOTATED_PROFESSIONALLY,61b32738cf0f34068fcb1ce7,61b31ff1cf0f34275ccb1c90,idealus
1067_15,127999,1638204.161,0,,,,,727,692,1,33,1,0,0,0,0,0,0,0,0,0,FULLY_ANNOTATED_PROFESSIONALLY,61b32738cf0f3412b6cb1d0c,61b31ff1cf0f34275ccb1c90,Nedidelis BW ir EMG
1067_16,127999,1638192.99,0,,,,,761,734,1,26,0,0,0,0,0,0,0,0,0,0,FULLY_ANNOTATED_PROFESSIONALLY,61b32738cf0f34898dcb1cd9,61b31ff1cf0f34275ccb1c90,idealus
1067_17,127999,1638194.23,0,,,,,749,724,1,24,0,0,0,0,0,0,0,0,0,0,FULLY_ANNOTATED_PROFESSIONALLY,61b32738cf0f34a4fccb1cdb,61b31ff1cf0f34275ccb1c90,idealus
1067_18,127999,1638203.541,0,,,,,745,724,1,20,0,0,0,0,0,0,0,0,0,0,FULLY_ANNOTATED_PROFESSIONALLY,61b32738cf0f3463facb1d0b,61b31ff1cf0f34275ccb1c90,"idealus, yra triukšmų"
1067_19,127999,1638193.61,0,,,,,752,734,2,16,0,0,0,0,0,0,0,0,0,0,FULLY_ANNOTATED_PROFESSIONALLY,61b32738cf0f345ce2cb1ce8,61b31ff1cf0f34275ccb1c90,"idealus, yra triukšmų"
1067_2,127999,1638197.955,0,,,,,807,677,1,129,0,0,0,0,0,0,0,0,0,0,FULLY_ANNOTATED_PROFESSIONALLY,61b32738cf0f346ce8cb1cee,61b31ff1cf0f34275ccb1c90,"idealus, daug V, yra nerastų V"
1067_3,127999,1638200.442,0,,,,,860,737,1,122,0,0,0,0,0,0,0,0,0,0,FULLY_ANNOTATED_PROFESSIONALLY,61b32738cf0f347b31cb1cf5,61b31ff1cf0f34275ccb1c90,"geras, daug V, yra nerastų V"
1067_4,127999,1638195.47,0,,,,,724,615,0,109,0,0,0,0,0,0,0,0,0,0,FULLY_ANNOTATED_PROFESSIONALLY,61b32738cf0f342e5bcb1ce9,61b31ff1cf0f34275ccb1c90,Karts nuo karto pasirodo nedidelis EMG
1067_5,127999,1638199.199,0,,,,,819,714,0,105,0,0,0,0,0,0,0,0,0,0,FULLY_ANNOTATED_PROFESSIONALLY,61b32738cf0f344f50cb1cec,61b31ff1cf0f34275ccb1c90,"geras, daug V, yra nerastų V"
1067_6,127999,1638191.746,0,,,,,767,674,2,91,0,0,0,0,0,0,0,0,0,0,FULLY_ANNOTATED_PROFESSIONALLY,61b32738cf0f347e1ccb1ce6,61b31ff1cf0f34275ccb1c90,"geras, daug V"
1067_7,127999,1638199.819,0,,,,,797,716,2,79,0,0,0,0,0,0,0,0,0,0,FULLY_ANNOTATED_PROFESSIONALLY,61b32738cf0f3438cdcb1d0a,61b31ff1cf0f34275ccb1c90,"idealus, yra daug V"
1067_8,127999,1638204.781,0,,,,,784,703,1,80,0,0,0,0,0,0,0,0,0,0,FULLY_ANNOTATED_PROFESSIONALLY,61b32738cf0f349cf8cb1d0d,61b31ff1cf0f34275ccb1c90,"idealus, yra daug V"
1067_9,127999,1638196.711,0,,,,,713,637,2,74,0,0,0,0,0,0,0,0,0,0,FULLY_ANNOTATED_PROFESSIONALLY,61b32738cf0f34690fcb1cf0,61b31ff1cf0f34275ccb1c90,"idealus, yra daug V"
1068_0,127999,1638220.136,0,,,,,699,698,1,0,0,0,0,0,0,0,0,0,0,0,FULLY_ANNOTATED_PROFESSIONALLY,61b3277dcf0f347b07cb1de0,61b32023cf0f347968cb1c91,idealus
1068_1,127999,1638218.882,0,,,,,667,666,1,0,0,0,0,0,0,0,0,0,0,0,FULLY_ANNOTATED_PROFESSIONALLY,61b3277dcf0f3476bacb1dc7,61b32023cf0f347968cb1c91,"Gana švarus, išskyrus epizodą ties 82250 ir pabaigą "
1068_2,127999,1638220.763,0,,,,,733,733,0,0,0,0,0,0,0,0,0,0,0,0,FULLY_ANNOTATED_PROFESSIONALLY,61b3277dcf0f349735cb1ddf,61b32023cf0f347968cb1c91,idealus
1069_0,127999,1638821.479,1,,,,,789,788,0,1,0,0,0,0,0,0,0,0,0,0,FULLY_ANNOTATED_PROFESSIONALLY,61b327fccf0f349ac2cb1f5e,61b3207dcf0f344005cb1c93,"Daug BW, nors ir nedidelio, daug EMA, ypač antroje dalyje"
1069_1,127999,1638825.866,0,,,,,522,521,1,0,0,0,0,0,0,0,0,0,0,0,FULLY_ANNOTATED_PROFESSIONALLY,61b327fccf0f343fedcb1f83,61b3207dcf0f344005cb1c93,Su pastoviu nedideliu BW
1069_2,127999,1638818.345,0,,,,,700,699,1,0,0,0,0,0,0,0,0,0,0,0,FULLY_ANNOTATED_PROFESSIONALLY,61b327fccf0f3447a9cb1f61,61b3207dcf0f344005cb1c93,idealus
1069_3,127999,1638820.854,0,,,,,690,689,1,0,0,0,0,0,0,0,0,0,0,0,FULLY_ANNOTATED_PROFESSIONALLY,61b327fccf0f34e1e3cb1f5f,61b3207dcf0f344005cb1c93,idealus
1069_4,127999,1638826.496,0,,,,,535,534,0,1,0,0,0,0,0,0,0,0,0,0,FULLY_ANNOTATED_PROFESSIONALLY,61b327fccf0f349ea9cb1f82,61b3207dcf0f344005cb1c93,idealus
1069_5,127999,1638828.999,0,,,,,587,587,0,0,0,0,0,0,0,0,0,0,0,0,FULLY_ANNOTATED_PROFESSIONALLY,61b327fccf0f34b86bcb1f7f,61b3207dcf0f344005cb1c93,Nuolatinis nedidelis BW (išskyrus vieną šuolį)
1070_0,127999,1638813.294,0,,,,,619,612,0,7,0,0,0,0,0,0,0,0,0,0,FULLY_ANNOTATED_PROFESSIONALLY,61b32860cf0f34afe0cb2088,61b320a0cf0f344d5acb1c94,idealus
1070_1,127999,1638814.549,0,,,,,636,631,0,5,0,0,0,0,0,0,0,0,0,0,FULLY_ANNOTATED_PROFESSIONALLY,61b32860cf0f348464cb208a,61b320a0cf0f344d5acb1c94,"Švarus, išskyrus epizodą EMA plius EMG ties 110250"
1070_10,127999,1638818.942,0,,,,,551,549,0,2,0,0,0,0,0,0,0,0,0,0,FULLY_ANNOTATED_PROFESSIONALLY,61b32860cf0f3460eacb2091,61b320a0cf0f344d5acb1c94,"Labai įdomus įrašas, reiktų gydytojo paaiškinimo: yra daug dvigubai didesnių RR intervalų."
1070_11,127999,1638808.275,0,,,,,538,536,0,2,0,0,0,0,0,0,0,0,0,0,FULLY_ANNOTATED_PROFESSIONALLY,61b32860cf0f3424decb207d,61b320a0cf0f344d5acb1c94,idealus
1070_12,127999,1638806.392,0,,,,,577,575,0,2,0,0,0,0,0,0,0,0,0,0,FULLY_ANNOTATED_PROFESSIONALLY,61b32860cf0f341af4cb2080,61b320a0cf0f344d5acb1c94,idealus
1070_13,127999,1638812.667,0,,,,,545,544,0,1,0,0,0,0,0,0,0,0,0,0,FULLY_ANNOTATED_PROFESSIONALLY,61b32862cf0f343215cb2170,61b320a0cf0f344d5acb1c94,idealus
1070_14,127999,1638813.922,0,,,,,626,625,0,1,0,0,0,0,0,0,0,0,0,0,FULLY_ANNOTATED_PROFESSIONALLY,61b32864cf0f34a4d8cb2221,61b320a0cf0f344d5acb1c94,Yra II° AV blokados epizodas.  Švarus
1070_15,127999,1638808.902,0,,,,,556,555,0,1,0,0,0,0,0,0,0,0,0,0,FULLY_ANNOTATED_PROFESSIONALLY,61b32864cf0f3472aecb221c,61b320a0cf0f344d5acb1c94,"Švarus, tik visą laiką matosi labai silpnas EMG , o poroje vietų jis pasidaro ryškus"
1070_16,127999,1638807.019,2,,9999,,,628,627,0,1,0,0,0,0,0,0,0,0,0,0,FULLY_ANNOTATED_PROFESSIONALLY,61b32860cf0f3459abcb2086,61b320a0cf0f344d5acb1c94,daug nesutampančių rpeaks
1070_17,127999,1638817.688,0,,,,,637,636,0,1,0,0,0,0,0,0,0,0,0,0,FULLY_ANNOTATED_PROFESSIONALLY,61b32860cf0f34d6a9cb209c,61b320a0cf0f344d5acb1c94,Yra nemažai pauzių
1070_18,127999,1638818.315,0,,,,,571,570,0,1,0,0,0,0,0,0,0,0,0,0,FULLY_ANNOTATED_PROFESSIONALLY,61b32862cf0f346351cb2169,61b320a0cf0f344d5acb1c94,
1070_19,127999,1638810.784,0,,,,,716,716,0,0,0,0,0,0,0,0,0,0,0,0,FULLY_ANNOTATED_PROFESSIONALLY,61b32860cf0f342ab6cb2081,61b320a0cf0f344d5acb1c94,Ženkli ST depresija. Galima panaudoti tikrinant ST segmento vertinimo algoritmą.
1070_2,127999,1638816.434,0,,,,,626,622,0,4,0,0,0,0,0,0,0,0,0,0,FULLY_ANNOTATED_PROFESSIONALLY,61b32860cf0f342b0bcb2093,61b320a0cf0f344d5acb1c94,idealus
1070_3,127999,1638807.647,0,,,,,547,543,0,4,0,0,0,0,0,0,0,0,0,0,FULLY_ANNOTATED_PROFESSIONALLY,61b32860cf0f34eee2cb207e,61b320a0cf0f344d5acb1c94,idealus
1070_4,127999,1638815.807,0,,,,,626,622,0,4,0,0,0,0,0,0,0,0,0,0,FULLY_ANNOTATED_PROFESSIONALLY,61b32860cf0f3467fdcb208d,61b320a0cf0f344d5acb1c94,II° AV blokados epizodas. Įrašas švarus
1070_5,127999,1638805.76,0,,,,,570,566,0,4,0,0,0,0,0,0,0,0,0,0,FULLY_ANNOTATED_PROFESSIONALLY,61b32860cf0f341cc4cb20c0,61b320a0cf0f344d5acb1c94,idealus
1070_6,127999,1638812.04,0,,,,,544,542,0,2,0,0,0,0,0,0,0,0,0,0,FULLY_ANNOTATED_PROFESSIONALLY,61b32862cf0f340d76cb216e,61b320a0cf0f344d5acb1c94,idealus
1070_7,127999,1638811.413,0,,,,,643,641,0,2,0,0,0,0,0,0,0,0,0,0,FULLY_ANNOTATED_PROFESSIONALLY,61b32860cf0f340dbfcb2085,61b320a0cf0f344d5acb1c94,Yra epizodų su BW ir EMG
1070_8,127999,1638817.061,0,,,,,623,621,0,2,0,0,0,0,0,0,0,0,0,0,FULLY_ANNOTATED_PROFESSIONALLY,61b32862cf0f34f02ecb2171,61b320a0cf0f344d5acb1c94,
1070_9,127999,1638815.176,0,,,,,605,603,2,0,0,0,0,0,0,0,0,0,0,0,FULLY_ANNOTATED_PROFESSIONALLY,61b32860cf0f34b61acb207c,61b320a0cf0f344d5acb1c94,"Gana švarus, išskyrus epizodą ties 1750 ir 116000 "
1071_0,127999,1638800.54,0,,,,,727,701,0,26,0,0,0,0,0,0,0,0,0,0,FULLY_ANNOTATED_PROFESSIONALLY,61b3289bcf0f3482ffcb22a0,61b320c5cf0f342a0acb1c95,idealus
1071_1,127999,1638796.812,0,,,,,721,697,0,24,0,0,0,0,0,0,0,0,0,0,FULLY_ANNOTATED_PROFESSIONALLY,61b3289bcf0f34262ccb22a2,61b320c5cf0f342a0acb1c95,"Pirma pusė gana švari, antroje pusėje išlenda epizodai su EMA (ties 78600 ir 94000)"
1071_10,127999,1638795.571,1,,,,,796,779,0,17,0,0,0,0,0,0,0,0,0,0,FULLY_ANNOTATED_PROFESSIONALLY,61b3289bcf0f34b818cb229b,61b320c5cf0f342a0acb1c95,"Nuolatinis nedidelis BW, kartais pereinantis į šuolius. Yra nestiprus EMG, kartais pasirodo EMA"
1071_11,127999,1638797.432,0,,,,,741,724,0,17,0,0,0,0,0,0,0,0,0,0,FULLY_ANNOTATED_PROFESSIONALLY,61b3289bcf0f34314ecb229e,61b320c5cf0f342a0acb1c95,"Nuolatinis BW, bet stipresnis tik keletoje vietų, vietomis nedidelis EMG"
1071_12,127999,1638794.951,1,,,,,790,775,0,15,0,0,0,0,0,0,0,0,0,0,FULLY_ANNOTATED_PROFESSIONALLY,61b3289bcf0f34fc2bcb229a,61b320c5cf0f342a0acb1c95,"Yra visko: banguojančio ir šokinėjančio BW, taip pat EMG ir EMA"
1071_13,127999,1638802.404,1,,,,,817,803,1,13,0,0,0,0,0,0,0,0,0,0,FULLY_ANNOTATED_PROFESSIONALLY,61b3289bcf0f3467f1cb22a8,61b320c5cf0f342a0acb1c95,Pradžioje daug EMA
1071_14,127999,1638803.024,2,,,,,744,731,0,13,0,0,0,0,0,0,0,0,0,0,FULLY_ANNOTATED_PROFESSIONALLY,61b3289bcf0f34823bcb22b4,61b320c5cf0f342a0acb1c95,
1071_15,127999,1638804.885,0,,,,,709,696,0,13,0,0,0,0,0,0,0,0,0,0,FULLY_ANNOTATED_PROFESSIONALLY,61b3289bcf0f343279cb22a5,61b320c5cf0f342a0acb1c95,"Nežymus BW, labai silpnas EGM, bet yra trys epizodai su BW staigiu šuoliu"
1071_16,127999,1638801.784,2,,,,,790,778,0,12,0,0,0,0,0,0,0,0,0,0,FULLY_ANNOTATED_PROFESSIONALLY,61b3289bcf0f346f77cb2279,61b320c5cf0f342a0acb1c95,
1071_17,127999,1638799.296,2,,,,,819,807,0,12,0,0,0,0,0,0,0,0,0,0,FULLY_ANNOTATED_PROFESSIONALLY,61b3289bcf0f342979cb2277,61b320c5cf0f342a0acb1c95,"Kontaktiniai triukšmeliai ties 20800, 61000 ir kitur"
1071_18,127999,1638805.509,0,,,,,683,671,0,11,1,0,0,0,0,0,0,0,0,0,FULLY_ANNOTATED_PROFESSIONALLY,61b3289bcf0f34632fcb22a1,61b320c5cf0f342a0acb1c95,"Švarus, tik pora smulkių trikdžių"
1071_19,127999,1638830.348,0,,,,,654,643,1,10,0,0,0,0,0,0,0,0,0,0,FULLY_ANNOTATED_PROFESSIONALLY,61b3289bcf0f348d20cb22c8,61b320c5cf0f342a0acb1c95,"Triukšmingas ir šokinėjanti izolinija, tačiau ir triukšmai nedideli ir šokinėjimo amplitudė maža ir ne staigiai. Neurokit randa pikus ties beveik nematomais pikais"
1071_2,127999,1638803.644,1,,,,,725,702,0,23,0,0,0,0,0,0,0,0,0,0,FULLY_ANNOTATED_PROFESSIONALLY,61b3289bcf0f34907fcb22ab,61b320c5cf0f342a0acb1c95,"Yra intensyvių BW, netgi staigių, keletoje vietų pereinamčių į EMA, daugiausia pirmoje įrašo dalyje"
1071_20,127999,1638794.33,1,,,,,749,739,1,9,0,0,0,0,0,0,0,0,0,0,FULLY_ANNOTATED_PROFESSIONALLY,61b3289bcf0f34aaafcb2299,61b320c5cf0f342a0acb1c95,"Yra daug BW, taip pat ir staigių BW, kartais pasitaiko EMA"
1071_21,127999,1638829.105,1,,,,,651,643,1,7,0,0,0,0,0,0,0,0,0,0,FULLY_ANNOTATED_PROFESSIONALLY,61b3289bcf0f34e0cacb22d0,61b320c5cf0f342a0acb1c95,"Triukšmų nedaug, tik išlenda pačioje pabaigoje, tačiau labai vaikščioja izolinija"
1071_22,127999,1638831.587,0,,,,,610,603,0,7,0,0,0,0,0,0,0,0,0,0,FULLY_ANNOTATED_PROFESSIONALLY,61b3289bcf0f345309cb22ca,61b320c5cf0f342a0acb1c95,Nedideli EMG ir BW
1071_23,127999,1638806.132,2,,,,,759,754,0,5,0,0,0,0,0,0,0,0,0,0,"BAD_QUALITY,FULLY_ANNOTATED_PROFESSIONALLY",61b3289bcf0f34862ccb22aa,61b320c5cf0f342a0acb1c95,Nuo 80600 prasidėjo staigūs izolinijos šuoliai ir neaiškūs triukšmai
1071_24,127999,1638830.967,0,,,,,651,646,0,5,0,0,0,0,0,0,0,0,0,0,FULLY_ANNOTATED_PROFESSIONALLY,61b3289bcf0f340573cb22c9,61b320c5cf0f342a0acb1c95,BW
1071_3,127999,1638793.707,0,,,,,684,664,0,20,0,0,0,0,0,0,0,0,0,0,FULLY_ANNOTATED_PROFESSIONALLY,61b3289bcf0f340a6ccb228d,61b320c5cf0f342a0acb1c95,vaikšto izolinija
1071_4,127999,1638799.92,1,,,,,787,767,0,20,0,0,0,0,0,0,0,0,0,0,FULLY_ANNOTATED_PROFESSIONALLY,61b3289bcf0f34524acb229f,61b320c5cf0f342a0acb1c95,daug triukšmo
1071_5,127999,1638804.264,0,,,,,702,684,0,18,0,0,0,0,0,0,0,0,0,0,FULLY_ANNOTATED_PROFESSIONALLY,61b3289bcf0f342728cb22a4,61b320c5cf0f342a0acb1c95,"Yra BW su šuoliais, epizodai su nedideliu EMG"
1071_6,127999,1638801.16,0,,,,,748,730,0,18,0,0,0,0,0,0,0,0,0,0,FULLY_ANNOTATED_PROFESSIONALLY,61b3289bcf0f3464abcb22a9,61b320c5cf0f342a0acb1c95,Vietomis intensyvūs BW
1071_7,127999,1638798.056,0,,,,,745,728,0,17,0,0,0,0,0,0,0,0,0,0,FULLY_ANNOTATED_PROFESSIONALLY,61b3289bcf0f34bc3dcb22a3,61b320c5cf0f342a0acb1c95,"Nuolatinis BW, bet stipresnis tik keletoje vietų, vietomis nedidelis EMG"
1071_8,127999,1638796.192,2,,,,,766,749,0,17,0,0,0,0,0,0,0,0,0,0,FULLY_ANNOTATED_PROFESSIONALLY,61b3289bcf0f34e36acb229d,61b320c5cf0f342a0acb1c95,"Daug EMA, ypač pirmoje pusėje"
1071_9,127999,1638798.676,0,,,,,709,692,0,17,0,0,0,0,0,0,0,0,0,0,FULLY_ANNOTATED_PROFESSIONALLY,61b3289bcf0f345e89cb2278,61b320c5cf0f342a0acb1c95,idealus
1072_0,127999,1638909.955,0,,,,,620,465,2,153,0,0,0,0,0,0,0,0,0,0,FULLY_ANNOTATED_PROFESSIONALLY,61b328cacf0f34048ecb23d1,61b320e9cf0f344a0fcb1c96,Švarus
1072_1,127999,1638917.396,0,,,,,619,480,1,138,0,0,0,0,0,0,0,0,0,0,FULLY_ANNOTATED_PROFESSIONALLY,61b328cacf0f34045dcb23dc,61b320e9cf0f344a0fcb1c96,"idealus, yra daug V"
1072_10,127999,1638918.016,0,,,,,611,499,1,111,0,0,0,0,0,0,0,0,0,0,FULLY_ANNOTATED_PROFESSIONALLY,61b328cacf0f340939cb2391,61b320e9cf0f344a0fcb1c96,"idealus, yra daug V"
1072_11,127999,1638913.055,0,,,,,606,494,0,112,0,0,0,0,0,0,0,0,0,0,FULLY_ANNOTATED_PROFESSIONALLY,61b328cacf0f341e08cb23d6,61b320e9cf0f344a0fcb1c96,"idealus, yra daug V"
1072_12,127999,1638914.295,0,,,,,628,517,1,110,0,0,0,0,0,0,0,0,0,0,FULLY_ANNOTATED_PROFESSIONALLY,61b328cacf0f34b13fcb23d8,61b320e9cf0f344a0fcb1c96,Švarus
1072_13,127999,1638911.195,0,,,,,649,550,2,97,0,0,0,0,0,0,0,0,0,0,FULLY_ANNOTATED_PROFESSIONALLY,61b328cacf0f3431e4cb23d3,61b320e9cf0f344a0fcb1c96,"EMG ir BW epizodai ties 27500, 100000, šiaip įrašas gana švarus"
1072_14,127999,1638915.536,0,,,,,631,534,2,95,0,0,0,0,0,0,0,0,0,0,FULLY_ANNOTATED_PROFESSIONALLY,61b328cacf0f346cb0cb23da,61b320e9cf0f344a0fcb1c96,Labai švarus
1072_15,127999,1638914.916,0,,,,,640,553,0,87,0,0,0,0,0,0,0,0,0,0,FULLY_ANNOTATED_PROFESSIONALLY,61b328cacf0f34ed0ecb23e2,61b320e9cf0f344a0fcb1c96,Švarus
1072_16,127999,1638908.708,0,,,,,605,528,1,76,0,0,0,0,0,0,0,0,0,0,FULLY_ANNOTATED_PROFESSIONALLY,61b328cacf0f341ca1cb23d0,61b320e9cf0f344a0fcb1c96,"idealus, yra daug V"
1072_17,127999,1638908.084,0,,,,,596,572,1,23,0,0,0,0,0,0,0,0,0,0,FULLY_ANNOTATED_PROFESSIONALLY,61b328cacf0f3477b6cb23cf,61b320e9cf0f344a0fcb1c96,"idealus, yra daug V"
1072_18,127999,1638906.836,0,,,,,656,635,1,20,0,0,0,0,0,0,0,0,0,0,FULLY_ANNOTATED_PROFESSIONALLY,61b328cacf0f343ad3cb23ce,61b320e9cf0f344a0fcb1c96,"idealus, keletas V"
1072_19,127999,1638907.46,0,,,,,615,598,1,16,0,0,0,0,0,0,0,0,0,0,FULLY_ANNOTATED_PROFESSIONALLY,61b328cacf0f34d51dcb239c,61b320e9cf0f344a0fcb1c96,idealus
1072_2,127999,1638913.675,0,,,,,633,502,1,130,0,0,0,0,0,0,0,0,0,0,FULLY_ANNOTATED_PROFESSIONALLY,61b328cacf0f345251cb23d7,61b320e9cf0f344a0fcb1c96,"Gera kokybė, išskyrus epizodą apie 24000"
1072_3,127999,1638909.332,0,,,,,611,483,2,126,0,0,0,0,0,0,0,0,0,0,FULLY_ANNOTATED_PROFESSIONALLY,61b328cacf0f34a22ccb23d9,61b320e9cf0f344a0fcb1c96,"idealus, yra daug V"
1072_4,127999,1638912.435,0,,,,,610,483,0,127,0,0,0,0,0,0,0,0,0,0,FULLY_ANNOTATED_PROFESSIONALLY,61b328cacf0f3419accb23d5,61b320e9cf0f344a0fcb1c96,Švarus
1072_5,127999,1638911.815,0,,,,,610,487,2,121,0,0,0,0,0,0,0,0,0,0,FULLY_ANNOTATED_PROFESSIONALLY,61b328cacf0f34843bcb23d4,61b320e9cf0f344a0fcb1c96,Švarus
1072_6,127999,1638916.776,0,,,,,616,494,0,122,0,0,0,0,0,0,0,0,0,0,FULLY_ANNOTATED_PROFESSIONALLY,61b328cacf0f341428cb2397,61b320e9cf0f344a0fcb1c96,Švarus
1072_7,127999,1638918.64,0,,,,,615,499,0,116,0,0,0,0,0,0,0,0,0,0,FULLY_ANNOTATED_PROFESSIONALLY,61b328cacf0f34f462cb239a,61b320e9cf0f344a0fcb1c96,Švarus
1072_8,127999,1638916.156,0,,,,,651,537,0,114,0,0,0,0,0,0,0,0,0,0,FULLY_ANNOTATED_PROFESSIONALLY,61b328cacf0f3444e0cb23db,61b320e9cf0f344a0fcb1c96,"idealus, yra daug V"
1072_9,127999,1638910.575,0,,,,,638,525,2,111,0,0,0,0,0,0,0,0,0,0,FULLY_ANNOTATED_PROFESSIONALLY,61b328cacf0f3476a4cb23d2,61b320e9cf0f344a0fcb1c96,Vienas rimtesnis BW epizodas ties 26000
1073_0,127999,1638974.535,0,,,,,601,600,1,0,0,0,0,0,0,0,0,0,0,0,FULLY_ANNOTATED_PROFESSIONALLY,61cb2ddfec2750375c60aa29,61cabf69ec2750492360a4fd,"Idomus triukšmų analizei, raumeniniai"
1073_1,127999,1638970.111,0,,,,,572,572,0,0,0,0,0,0,0,0,0,0,0,0,FULLY_ANNOTATED_PROFESSIONALLY,61cb2de5ec2750828360abbd,61cabf69ec2750492360a4fd,idealus
1074_0,127999,1639451.479,0,,,,,575,481,0,94,0,0,0,0,0,0,0,0,0,0,FULLY_ANNOTATED_PROFESSIONALLY,61cb2d6cec27505b5360a886,61cabfa9ec27507e7e60a4fe,"Idomus triukšmų analizei, raumeniniai"
1074_1,127999,1639452.104,0,,,,,587,494,0,93,0,0,0,0,0,0,0,0,0,0,FULLY_ANNOTATED_PROFESSIONALLY,61cb2d6cec275082af60a887,61cabfa9ec27507e7e60a4fe,"Įdomus, "
1074_10,127999,1639463.056,0,,,,,638,606,0,32,0,0,0,0,0,0,0,0,0,0,FULLY_ANNOTATED_PROFESSIONALLY,61cb2d6cec27506d7560a8aa,61cabfa9ec27507e7e60a4fe,idealus yra S
1074_11,127999,1639459.299,0,,,,,653,626,0,27,0,0,0,0,0,0,0,0,0,0,FULLY_ANNOTATED_PROFESSIONALLY,61cb2d6cec2750309560a8a6,61cabfa9ec27507e7e60a4fe,idealus
1074_12,127999,1639459.928,0,,,,,640,626,0,14,0,0,0,0,0,0,0,0,0,0,FULLY_ANNOTATED_PROFESSIONALLY,61cb2d6cec2750d42460a8a7,61cabfa9ec27507e7e60a4fe,Švarus
1074_13,127999,1639458.674,0,,,,,647,637,0,10,0,0,0,0,0,0,0,0,0,0,FULLY_ANNOTATED_PROFESSIONALLY,61cb2d6cec2750441f60a8a5,61cabfa9ec27507e7e60a4fe,idealus
1074_14,127999,1639460.553,0,,,,,642,633,0,9,0,0,0,0,0,0,0,0,0,0,FULLY_ANNOTATED_PROFESSIONALLY,61cb2d6cec27507b4d60a8a8,61cabfa9ec27507e7e60a4fe,idealus
1074_15,127999,1639461.177,0,,,,,656,656,0,0,0,0,0,0,0,0,0,0,0,0,FULLY_ANNOTATED_PROFESSIONALLY,61cb2d6cec2750505d60a889,61cabfa9ec27507e7e60a4fe,idealus
1074_2,127999,1639452.729,0,,,,,610,517,0,93,0,0,0,0,0,0,0,0,0,0,FULLY_ANNOTATED_PROFESSIONALLY,61cb2d6cec2750efd760a8a0,61cabfa9ec27507e7e60a4fe,idealus yra S
1074_3,127999,1639450.85,0,,,,,575,483,0,92,0,0,0,0,0,0,0,0,0,0,FULLY_ANNOTATED_PROFESSIONALLY,61cb2d6cec27502cdb60a885,61cabfa9ec27507e7e60a4fe,idealus yra S
1074_4,127999,1639449.6,0,,,,,595,507,2,86,0,0,0,0,0,0,0,0,0,0,FULLY_ANNOTATED_PROFESSIONALLY,61cb2d6cec2750986360a883,61cabfa9ec27507e7e60a4fe,idealus yra S
1074_5,127999,1639458.049,0,,,,,636,585,0,51,0,0,0,0,0,0,0,0,0,0,FULLY_ANNOTATED_PROFESSIONALLY,61cb2d6cec27503a9060a8a4,61cabfa9ec27507e7e60a4fe,idealus
1074_6,127999,1639462.431,0,,,,,656,617,0,39,0,0,0,0,0,0,0,0,0,0,FULLY_ANNOTATED_PROFESSIONALLY,61cb2d6cec2750f36c60a892,61cabfa9ec27507e7e60a4fe,idealus yra S
1074_7,127999,1639464.936,0,,,,,664,625,0,39,0,0,0,0,0,0,0,0,0,0,FULLY_ANNOTATED_PROFESSIONALLY,61cb2d6cec275004de60a8ac,61cabfa9ec27507e7e60a4fe,"Švarus, išskyrus trumpą epizodą su EMG"
1074_8,127999,1639461.806,0,,,,,676,640,0,36,0,0,0,0,0,0,0,0,0,0,FULLY_ANNOTATED_PROFESSIONALLY,61cb2d6cec27502e9760a8a9,61cabfa9ec27507e7e60a4fe,idealus
1074_9,127999,1639456.175,0,,,,,663,630,2,31,0,0,0,0,0,0,0,0,0,0,FULLY_ANNOTATED_PROFESSIONALLY,61cb2d6cec2750eac060a8a1,61cabfa9ec27507e7e60a4fe,"Nedidelis EMG, yra keleta epizodų su BW šuoliais, tikėtina EMA"
1075_0,127999,1640028.703,0,,,,,457,453,4,0,0,0,0,0,0,0,0,0,0,0,FULLY_ANNOTATED_PROFESSIONALLY,61cb2be7ec275051c460a73b,61cac03bec2750e94860a501,"idealus, retas pulsas"
1075_1,127999,1640024.852,0,,,,,514,511,3,0,0,0,0,0,0,0,0,0,0,0,FULLY_ANNOTATED_PROFESSIONALLY,61cb2be7ec275016dd60a741,61cac03bec2750e94860a501,Yra keletas epizodų su BW ir EMG
1075_2,127999,1640017.996,0,,,,,521,520,1,0,0,0,0,0,0,0,0,0,0,0,FULLY_ANNOTATED_PROFESSIONALLY,61cb2be7ec2750dc0760a744,61cac03bec2750e94860a501,idealus
1075_3,127999,1640019.242,0,,,,,499,498,1,0,0,0,0,0,0,0,0,0,0,0,FULLY_ANNOTATED_PROFESSIONALLY,61cb2be7ec27502f0260a73f,61cac03bec2750e94860a501,"Švarus, nedidelis BW"
1075_4,127999,1640020.482,0,,,,,497,496,1,0,0,0,0,0,0,0,0,0,0,0,FULLY_ANNOTATED_PROFESSIONALLY,61cb2be7ec27501bf360a746,61cac03bec2750e94860a501,idealus
1075_5,127999,1640030.539,0,,,,,491,490,1,0,0,0,0,0,0,0,0,0,0,0,FULLY_ANNOTATED_PROFESSIONALLY,61cb2be7ec2750121660a743,61cac03bec2750e94860a501,"idealus, retas pulsas"
1075_6,127999,1640034.194,0,,,,,454,453,1,0,0,0,0,0,0,0,0,0,0,0,FULLY_ANNOTATED_PROFESSIONALLY,61cb2be7ec2750e81a60a742,61cac03bec2750e94860a501,"Švarus, išskyrus trumpus  trikdžius poroje vietų"
1075_7,127999,1640019.862,0,,,,,533,533,0,0,0,0,0,0,0,0,0,0,0,0,FULLY_ANNOTATED_PROFESSIONALLY,61cb2be7ec2750fe7460a73e,61cac03bec2750e94860a501,idealus
1076_0,127999,1641199.904,0,,,,,671,671,0,0,0,0,0,0,0,0,0,0,0,0,FULLY_ANNOTATED_PROFESSIONALLY,61d9ab82f552314fbc8e85fe,61d9ab03f55231142d8e85e0,idealus
1077_0,127999,1640633.548,0,,,,,599,512,87,0,0,0,0,0,0,0,0,0,0,0,FULLY_ANNOTATED_PROFESSIONALLY,61d9ac01f5523133fe8e8a61,61d9ab50f552314db38e85e2,"Švarus, tik poroje vietų neaišku - lyg tai triukšmas, lyg tai S"
1077_1,127999,1640637.299,0,,,,,587,503,84,0,0,0,0,0,0,0,0,0,0,0,FULLY_ANNOTATED_PROFESSIONALLY,61d9ac01f55231b88e8e8a67,61d9ab50f552314db38e85e2,idealus
1077_10,127999,1640645.58,0,,,,,536,533,3,0,0,0,0,0,0,0,0,0,0,0,FULLY_ANNOTATED_PROFESSIONALLY,61d9ac01f552313e118e8a2e,61d9ab50f552314db38e85e2,idealus
1077_11,127999,1640590.013,2,,,,,610,610,0,0,0,0,0,0,0,0,0,0,0,0,"BAD_QUALITY,FULLY_ANNOTATED_PROFESSIONALLY",61d9ac00f5523105918e8a0d,61d9ab50f552314db38e85e2,
1077_2,127999,1640632.924,0,,,,,592,522,70,0,0,0,0,0,0,0,0,0,0,0,FULLY_ANNOTATED_PROFESSIONALLY,61d9ac01f5523174188e8a60,61d9ab50f552314db38e85e2,idealus
1077_3,127999,1640636.674,0,,,,,596,547,49,0,0,0,0,0,0,0,0,0,0,0,FULLY_ANNOTATED_PROFESSIONALLY,61d9ac01f5523151ef8e8a66,61d9ab50f552314db38e85e2,idealus
1077_4,127999,1640634.173,0,,,,,593,558,35,0,0,0,0,0,0,0,0,0,0,0,FULLY_ANNOTATED_PROFESSIONALLY,61d9ac01f55231315f8e8a62,61d9ab50f552314db38e85e2,idealus
1077_5,127999,1640636.05,0,,,,,593,571,22,0,0,0,0,0,0,0,0,0,0,0,FULLY_ANNOTATED_PROFESSIONALLY,61d9ac01f55231807c8e8a65,61d9ab50f552314db38e85e2,idealus
1077_6,127999,1640632.299,0,,,,,608,592,16,0,0,0,0,0,0,0,0,0,0,0,FULLY_ANNOTATED_PROFESSIONALLY,61d9ac01f5523170488e8a5f,61d9ab50f552314db38e85e2,idealus
1077_7,127999,1640650.27,0,,,,,489,476,13,0,0,0,0,0,0,0,0,0,0,0,FULLY_ANNOTATED_PROFESSIONALLY,61d9ac01f55231a59d8e8a70,61d9ab50f552314db38e85e2,idealus
1077_8,127999,1640634.797,0,,,,,592,583,9,0,0,0,0,0,0,0,0,0,0,0,FULLY_ANNOTATED_PROFESSIONALLY,61d9ac01f55231099a8e8a6a,61d9ab50f552314db38e85e2,idealus
1077_9,127999,1640635.422,0,,,,,597,593,4,0,0,0,0,0,0,0,0,0,0,0,FULLY_ANNOTATED_PROFESSIONALLY,61d9ac01f55231274a8e8a64,61d9ab50f552314db38e85e2,idealus
1078_0,127999,1642011.715,0,,,,,573,573,0,0,0,0,0,0,0,0,0,0,0,0,FULLY_ANNOTATED_PROFESSIONALLY,61f1690c632a3346d10c7a7a,61f16726632a3374780c7a20,"BW yra, bet nedidelis, išskyrus keletą šuolių pradžioje"
1079_0,127999,1642630.518,0,,,,,534,485,0,49,0,0,0,0,0,0,0,0,0,0,FULLY_ANNOTATED_PROFESSIONALLY,61f169b8632a33cb820c7b65,61f1676d632a33abc40c7a21,
1079_1,127999,1642628.03,0,,,,,541,499,0,42,0,0,0,0,0,0,0,0,0,0,FULLY_ANNOTATED_PROFESSIONALLY,61f169b7632a333efd0c7b4d,61f1676d632a33abc40c7a21,
1079_10,127999,1642632.378,0,,,,,547,545,0,2,0,0,0,0,0,0,0,0,0,0,FULLY_ANNOTATED_PROFESSIONALLY,61f169b8632a3306ce0c7b60,61f1676d632a33abc40c7a21,"Nėra labai švarus, tačiau priskyriau 0"
1079_11,127999,1642634.862,0,,,,,552,551,1,0,0,0,0,0,0,0,0,0,0,0,FULLY_ANNOTATED_PROFESSIONALLY,61f169b8632a33814b0c7bad,61f1676d632a33abc40c7a21,"Vidutinio intensyvumo raumenų triukšmas nuo 38600, 3-5 pikai "
1079_12,127999,1642632.998,0,,,,,544,544,0,0,0,0,0,0,0,0,0,0,0,0,FULLY_ANNOTATED_PROFESSIONALLY,61f169b8632a334d700c7b5c,61f1676d632a33abc40c7a21,Nedideli EMG ir BW
1079_2,127999,1642627.41,0,,,,,542,505,0,37,0,0,0,0,0,0,0,0,0,0,FULLY_ANNOTATED_PROFESSIONALLY,61f169b8632a33c19e0c7b61,61f1676d632a33abc40c7a21,
1079_3,127999,1642631.138,0,,,,,539,504,0,34,1,0,0,0,0,0,0,0,0,0,FULLY_ANNOTATED_PROFESSIONALLY,61f169b8632a337d280c7b62,61f1676d632a33abc40c7a21,"Labai švarus, beveik visus V priskiria S"
1079_4,127999,1642629.898,0,,,,,560,529,0,31,0,0,0,0,0,0,0,0,0,0,FULLY_ANNOTATED_PROFESSIONALLY,61f169b8632a33846c0c7b5e,61f1676d632a33abc40c7a21,"Stebimas BW, keletoje vietų išlenda EMG"
1079_5,127999,1642629.274,0,,,,,549,524,0,25,0,0,0,0,0,0,0,0,0,0,FULLY_ANNOTATED_PROFESSIONALLY,61f169b8632a331d790c7b5f,61f1676d632a33abc40c7a21,"Labai švarus, beveik visus V priskiria S"
1079_6,127999,1642633.618,0,,,,,528,517,0,11,0,0,0,0,0,0,0,0,0,0,FULLY_ANNOTATED_PROFESSIONALLY,61f169b7632a3365e10c7b42,61f1676d632a33abc40c7a21,
1079_7,127999,1642626.785,0,,,,,580,577,2,1,0,0,0,0,0,0,0,0,0,0,FULLY_ANNOTATED_PROFESSIONALLY,61f169b7632a335f480c7b53,61f1676d632a33abc40c7a21,"Nedideli EMG ir BW, ties 113400 trumpas EMA"
1079_8,127999,1642635.482,0,,,,,530,527,0,3,0,0,0,0,0,0,0,0,0,0,FULLY_ANNOTATED_PROFESSIONALLY,61f169b8632a33b3e90c7bac,61f1676d632a33abc40c7a21,"Gana stabilus įrašas, tačiau nuolat matosi nedidelis raumenų triukšmas"
1079_9,127999,1642626.165,0,,,,,590,588,1,1,0,0,0,0,0,0,0,0,0,0,FULLY_ANNOTATED_PROFESSIONALLY,61f169b7632a33b4520c7b52,61f1676d632a33abc40c7a21,"BW nedidelis, bet keletoje vietų su šuoliais"
1080_0,127999,1642460.045,0,,,,,595,568,25,2,0,0,0,0,0,0,0,0,0,0,FULLY_ANNOTATED_PROFESSIONALLY,61f16b09632a332ccb0c7d55,61f167fa632a338a460c7a23,"Nedidelis, pastovus BW, nedaug trikdžių"
1080_1,127999,1642455.663,0,,,,,555,551,0,4,0,0,0,0,0,0,0,0,0,0,FULLY_ANNOTATED_PROFESSIONALLY,61f16b09632a33e57b0c7da7,61f167fa632a338a460c7a23,idealus
1080_10,127999,1642453.164,0,,,,,572,571,0,1,0,0,0,0,0,0,0,0,0,0,FULLY_ANNOTATED_PROFESSIONALLY,61f16b09632a335fae0c7d97,61f167fa632a338a460c7a23,idealus
1080_11,127999,1642452.541,0,,,,,589,588,0,1,0,0,0,0,0,0,0,0,0,0,FULLY_ANNOTATED_PROFESSIONALLY,61f16b09632a33d3640c7d61,61f167fa632a338a460c7a23,idealus
1080_12,127999,1642451.29,0,,,,,549,548,0,1,0,0,0,0,0,0,0,0,0,0,FULLY_ANNOTATED_PROFESSIONALLY,61f16b09632a3357720c7d91,61f167fa632a338a460c7a23,idealus
1080_13,127999,1642455.039,0,,,,,567,567,0,0,0,0,0,0,0,0,0,0,0,0,FULLY_ANNOTATED_PROFESSIONALLY,61f16b09632a33820c0c7d60,61f167fa632a338a460c7a23,"idealus, nedaug triukšmų"
1080_2,127999,1642448.79,0,,,,,610,607,0,3,0,0,0,0,0,0,0,0,0,0,FULLY_ANNOTATED_PROFESSIONALLY,61f16b09632a3368300c7d92,61f167fa632a338a460c7a23,idealus
1080_3,127999,1642450.038,0,,,,,554,552,0,2,0,0,0,0,0,0,0,0,0,0,FULLY_ANNOTATED_PROFESSIONALLY,61f16b09632a333afa0c7da4,61f167fa632a338a460c7a23,idealus
1080_4,127999,1642459.417,0,,,,,581,579,1,1,0,0,0,0,0,0,0,0,0,0,FULLY_ANNOTATED_PROFESSIONALLY,61f16b09632a3314920c7d5a,61f167fa632a338a460c7a23,idealus
1080_5,127999,1642458.792,0,,,,,565,563,1,1,0,0,0,0,0,0,0,0,0,0,FULLY_ANNOTATED_PROFESSIONALLY,61f16b09632a337be50c7d9f,61f167fa632a338a460c7a23,idealus
1080_6,127999,1642456.291,0,,,,,555,553,1,1,0,0,0,0,0,0,0,0,0,0,FULLY_ANNOTATED_PROFESSIONALLY,61f16b09632a334a820c7d59,61f167fa632a338a460c7a23,idealus
1080_7,127999,1642449.414,0,,,,,595,594,0,1,0,0,0,0,0,0,0,0,0,0,FULLY_ANNOTATED_PROFESSIONALLY,61f16b09632a3338210c7d62,61f167fa632a338a460c7a23,idealus
1080_8,127999,1642456.915,0,,,,,557,556,0,1,0,0,0,0,0,0,0,0,0,0,FULLY_ANNOTATED_PROFESSIONALLY,61f16b09632a334a6e0c7d54,61f167fa632a338a460c7a23,vaikšto izolinija
1080_9,127999,1642454.416,0,,,,,591,590,0,1,0,0,0,0,0,0,0,0,0,0,FULLY_ANNOTATED_PROFESSIONALLY,61f16b09632a3338960c7d96,61f167fa632a338a460c7a23,idealus
1081_0,127999,1643666.287,0,,,,,604,598,6,0,0,0,0,0,0,0,0,0,0,0,FULLY_ANNOTATED_PROFESSIONALLY,61fe71c7cd448a0bbb134745,61fe667ccd448a855313470d,"įdomi kardiograma, danteliai"
1081_1,127999,1643668.117,0,,,,,650,644,6,0,0,0,0,0,0,0,0,0,0,0,FULLY_ANNOTATED_PROFESSIONALLY,61fe71c7cd448afc26134747,61fe667ccd448a855313470d,"idealus, vaikšto izolinija"
1081_10,127999,1643661.403,1,,,,,691,690,1,0,0,0,0,0,0,0,0,0,0,0,"BAD_QUALITY,FULLY_ANNOTATED_PROFESSIONALLY",61fe71c7cd448a5734134724,61fe667ccd448a855313470d,"Išlenda visų rūšių triukšmai: BW, EMG, kartais ir EMA"
1081_11,127999,1643663.847,0,,,,,621,620,1,0,0,0,0,0,0,0,0,0,0,0,FULLY_ANNOTATED_PROFESSIONALLY,61fe71c7cd448a0336134742,61fe667ccd448a855313470d,"Nuolatinis nedidelis BW, poroje vietų BW šuoliai su EMG pliūpsniais,  yra EMS epizodas"
1081_12,127999,1643669.942,0,,,,,654,653,1,0,0,0,0,0,0,0,0,0,0,0,FULLY_ANNOTATED_PROFESSIONALLY,61fe71c7cd448a3508134749,61fe667ccd448a855313470d,vaikšto izolinija
1081_13,127999,1643680.937,0,,,,,627,626,1,0,0,0,0,0,0,0,0,0,0,0,FULLY_ANNOTATED_PROFESSIONALLY,61fe71c7cd448a039613475f,61fe667ccd448a855313470d,"idealus, vaikšto izolinija"
1081_14,127999,1643662.627,1,,,,,714,714,0,0,0,0,0,0,0,0,0,0,0,0,FULLY_ANNOTATED_PROFESSIONALLY,61fe71c7cd448abbd0134731,61fe667ccd448a855313470d,"Nedidelis EMG per visą įrašą, nemažai BW, yra EMA epizodų"
1081_2,127999,1643679.715,0,,,,,618,612,6,0,0,0,0,0,0,0,0,0,0,0,FULLY_ANNOTATED_PROFESSIONALLY,61fe71c7cd448a983a13475c,61fe667ccd448a855313470d,"idealus, vaikšto izolinija"
1081_3,127999,1643665.068,0,,,,,599,594,5,0,0,0,0,0,0,0,0,0,0,0,FULLY_ANNOTATED_PROFESSIONALLY,61fe71c7cd448a8b96134741,61fe667ccd448a855313470d,"įdomi kardiograma, danteliai"
1081_4,127999,1643666.9,0,,,,,625,621,4,0,0,0,0,0,0,0,0,0,0,0,FULLY_ANNOTATED_PROFESSIONALLY,61fe71c7cd448a718113474c,61fe667ccd448a855313470d,"idealus, vaikšto izolinija"
1081_5,127999,1643662.013,0,,,,,652,649,3,0,0,0,0,0,0,0,0,0,0,0,FULLY_ANNOTATED_PROFESSIONALLY,61fe71c7cd448a2308134726,61fe667ccd448a855313470d,"idealus, nedaug triukšmų"
1081_6,127999,1643669.334,0,,,,,664,661,3,0,0,0,0,0,0,0,0,0,0,0,FULLY_ANNOTATED_PROFESSIONALLY,61fe71c7cd448a278e134732,61fe667ccd448a855313470d,"idealus, vaikšto izolinija"
1081_7,127999,1643671.159,0,,,,,666,663,3,0,0,0,0,0,0,0,0,0,0,0,FULLY_ANNOTATED_PROFESSIONALLY,61fe71c7cd448a57e3134738,61fe667ccd448a855313470d,"idealus, pridėta ML false U"
1081_8,127999,1643668.725,0,,,,,667,665,2,0,0,0,0,0,0,0,0,0,0,0,FULLY_ANNOTATED_PROFESSIONALLY,61fe71c7cd448a1af0134748,61fe667ccd448a855313470d,idealus
1081_9,127999,1643671.773,0,,,,,644,642,2,0,0,0,0,0,0,0,0,0,0,0,FULLY_ANNOTATED_PROFESSIONALLY,61fe71c7cd448a3488134739,61fe667ccd448a855313470d,idealus
1082_0,127999,1643240.229,0,,,,,741,741,0,0,0,0,0,0,0,0,0,0,0,0,FULLY_ANNOTATED_PROFESSIONALLY,61fe7267cd448a785d134aa4,61fe66b5cd448a02d913470e,"BW be didelių šuolių, keleta epizodų su padidėjusių EMG"
1083_0,127999,1643068.627,0,,,,,608,606,1,1,0,0,0,0,0,0,0,0,0,0,FULLY_ANNOTATED_PROFESSIONALLY,61fe7334cd448a5406135027,61fe66d9cd448a817c13470f,"Nedidelis EMG per visą įrašą, keletas ryškių BW epizodų"
1083_1,127999,1643065.525,0,,,,,605,604,1,0,0,0,0,0,0,0,0,0,0,0,FULLY_ANNOTATED_PROFESSIONALLY,61fe7334cd448ad72913502a,61fe66d9cd448a817c13470f,Nuolatinis silpnas EMG
1083_2,127999,1643069.252,0,,,,,591,590,1,0,0,0,0,0,0,0,0,0,0,0,FULLY_ANNOTATED_PROFESSIONALLY,61fe7334cd448a1bcc135033,61fe66d9cd448a817c13470f,"Per visą įrašą matosi silpnas EMG, yra pora epizodų su BW šuoliu"
1083_3,127999,1643064.901,0,,,,,681,681,0,0,0,0,0,0,0,0,0,0,0,0,FULLY_ANNOTATED_PROFESSIONALLY,61fe7334cd448a07e613502f,61fe66d9cd448a817c13470f,1638910.575
1084_0,127999,1643069.278,0,,,,,628,616,11,1,0,0,0,0,0,0,0,0,0,0,FULLY_ANNOTATED_PROFESSIONALLY,61fe7367cd448a6c88135094,61fe66ffcd448a4cef134710,BW ir EMG
1084_1,127999,1643076.946,0,,,,,589,580,9,0,0,0,0,0,0,0,0,0,0,0,FULLY_ANNOTATED_PROFESSIONALLY,61fe7367cd448a6b581350a0,61fe66ffcd448a4cef134710,Nedidelis BW ir kartais - EMG
1084_10,127999,1643078.2,0,,,,,530,529,1,0,0,0,0,0,0,0,0,0,0,0,FULLY_ANNOTATED_PROFESSIONALLY,61fe7367cd448a3bb6135070,61fe66ffcd448a4cef134710,"Kokybė gera, tik keletoje vietų ryškesnis BW, dažnai pastebimas nedidelis EGM"
1084_11,127999,1643073.187,0,,,,,546,546,0,0,0,0,0,0,0,0,0,0,0,0,FULLY_ANNOTATED_PROFESSIONALLY,61fe7367cd448a066113508d,61fe66ffcd448a4cef134710,idealus
1084_2,127999,1643077.573,0,,,,,553,545,8,0,0,0,0,0,0,0,0,0,0,0,FULLY_ANNOTATED_PROFESSIONALLY,61fe7367cd448ad65d13506e,61fe66ffcd448a4cef134710,"Pastovus, bet nedidelis BW (išskyrus fragmentą ties 97500), pasitaiko epizodai su nestipriu EMG"
1084_3,127999,1643074.44,0,,,,,567,560,7,0,0,0,0,0,0,0,0,0,0,0,FULLY_ANNOTATED_PROFESSIONALLY,61fe7367cd448a7945135099,61fe66ffcd448a4cef134710,idealus
1084_4,127999,1643070.532,1,,,,,594,589,5,0,0,0,0,0,0,0,0,0,0,0,FULLY_ANNOTATED_PROFESSIONALLY,61fe7367cd448a112a135091,61fe66ffcd448a4cef134710,Gana bjauri vieta ties 14300
1084_5,127999,1643073.813,1,,,,,559,556,3,0,0,0,0,0,0,0,0,0,0,0,FULLY_ANNOTATED_PROFESSIONALLY,61fe7367cd448af6a6135097,61fe66ffcd448a4cef134710,"Arčiau 0, bet yra keleta pašokinėjančių trumpų atkarpų."
1084_6,127999,1643075.066,0,,,,,556,553,3,0,0,0,0,0,0,0,0,0,0,0,FULLY_ANNOTATED_PROFESSIONALLY,61fe7367cd448a40b413509b,61fe66ffcd448a4cef134710,Silpnas BW ir EMG
1084_7,127999,1643069.905,0,,,,,588,586,2,0,0,0,0,0,0,0,0,0,0,0,FULLY_ANNOTATED_PROFESSIONALLY,61fe7367cd448a2cd6135092,61fe66ffcd448a4cef134710,Nedidelis BW ir labai silpnas EMG
1084_8,127999,1643076.319,0,,,,,590,588,2,0,0,0,0,0,0,0,0,0,0,0,FULLY_ANNOTATED_PROFESSIONALLY,61fe7367cd448a31d91350b0,61fe66ffcd448a4cef134710,"Kokybė gera, tik keletoje vietų ryškesnis BW ir nedidelis EGM"
1084_9,127999,1643078.826,1,,,,,526,524,2,0,0,0,0,0,0,0,0,0,0,0,FULLY_ANNOTATED_PROFESSIONALLY,61fe7367cd448a566d135074,61fe66ffcd448a4cef134710,"Didžioji dalies kokybė gera, tik nedideli raumenų triukšmai, tačiau nuo 106000 prasideda kontaktiniai ir raumenų triukšmai, izolinijos nestabilumas."
1085_0,127999,1643059.99,0,,,,,593,593,0,0,0,0,0,0,0,0,0,0,0,0,FULLY_ANNOTATED_PROFESSIONALLY,61fe739ccd448a2777135174,61fe672bcd448a93d1134711,"idealus, nedaug triukšmų"
1086_0,127999,1643056.964,0,,,,,634,506,124,4,0,0,0,0,0,0,0,0,0,0,FULLY_ANNOTATED_PROFESSIONALLY,61fe7418cd448a82931353b3,61fe6753cd448a4569134712,
1086_1,127999,1643062.591,0,,,,,615,491,118,6,0,0,0,0,0,0,0,0,0,0,FULLY_ANNOTATED_PROFESSIONALLY,61fe7418cd448a4d0a1353be,61fe6753cd448a4569134712,
1086_10,127999,1643055.715,0,,,,,609,501,108,0,0,0,0,0,0,0,0,0,0,0,FULLY_ANNOTATED_PROFESSIONALLY,61fe7418cd448aad0a1353ac,61fe6753cd448a4569134712,Labai švarus
1086_11,127999,1643065.093,0,,,,,592,485,100,7,0,0,0,0,0,0,0,0,0,0,FULLY_ANNOTATED_PROFESSIONALLY,61fe7418cd448a0e491353bd,61fe6753cd448a4569134712,
1086_12,127999,1643063.844,0,,,,,587,484,101,2,0,0,0,0,0,0,0,0,0,0,FULLY_ANNOTATED_PROFESSIONALLY,61fe7418cd448a17891353c2,61fe6753cd448a4569134712,Švarus
1086_13,127999,1643057.588,0,,,,,608,507,100,1,0,0,0,0,0,0,0,0,0,0,FULLY_ANNOTATED_PROFESSIONALLY,61fe7418cd448aa22c1353aa,61fe6753cd448a4569134712,ML labai klaidingai identifikuoja ekstrasistoles.
1086_14,127999,1643060.093,0,,,,,593,500,93,0,0,0,0,0,0,0,0,0,0,0,FULLY_ANNOTATED_PROFESSIONALLY,61fe7418cd448a28891353b7,61fe6753cd448a4569134712,Labai švarus
1086_15,127999,1643060.716,0,,,,,590,499,90,1,0,0,0,0,0,0,0,0,0,0,FULLY_ANNOTATED_PROFESSIONALLY,61fe7418cd448ad5531353b6,61fe6753cd448a4569134712,Labai švarus
1086_16,127999,1643058.841,0,,,,,592,508,84,0,0,0,0,0,0,0,0,0,0,0,FULLY_ANNOTATED_PROFESSIONALLY,61fe7418cd448a65e41353b1,61fe6753cd448a4569134712,Labai švarus
1086_2,127999,1643063.215,0,,,,,611,489,121,1,0,0,0,0,0,0,0,0,0,0,FULLY_ANNOTATED_PROFESSIONALLY,61fe7418cd448a4edf1353ba,61fe6753cd448a4569134712,
1086_3,127999,1643054.465,0,,,,,622,503,117,2,0,0,0,0,0,0,0,0,0,0,FULLY_ANNOTATED_PROFESSIONALLY,61fe7418cd448a37e91353af,61fe6753cd448a4569134712,Švarus
1086_4,127999,1643055.09,0,,,,,644,525,117,2,0,0,0,0,0,0,0,0,0,0,FULLY_ANNOTATED_PROFESSIONALLY,61fe7418cd448aaf9e1353ae,61fe6753cd448a4569134712,"idealus, yra atpažintų S ir V"
1086_5,127999,1643064.468,0,,,,,598,482,109,7,0,0,0,0,0,0,0,0,0,0,FULLY_ANNOTATED_PROFESSIONALLY,61fe7418cd448a12b31353bf,61fe6753cd448a4569134712,
1086_6,127999,1643053.84,0,,,,,605,490,112,3,0,0,0,0,0,0,0,0,0,0,FULLY_ANNOTATED_PROFESSIONALLY,61fe7418cd448a9dd01353b9,61fe6753cd448a4569134712,Švarus
1086_7,127999,1643065.721,0,,,,,604,491,107,6,0,0,0,0,0,0,0,0,0,0,FULLY_ANNOTATED_PROFESSIONALLY,61fe7418cd448af4501353c6,61fe6753cd448a4569134712,Daug blogai atpažintų S
1086_8,127999,1643059.466,0,,,,,614,506,108,0,0,0,0,0,0,0,0,0,0,0,FULLY_ANNOTATED_PROFESSIONALLY,61fe7418cd448ae7811353b8,61fe6753cd448a4569134712,
1086_9,127999,1643061.34,0,,,,,609,501,107,1,0,0,0,0,0,0,0,0,0,0,FULLY_ANNOTATED_PROFESSIONALLY,61fe7418cd448a3cec1353b5,61fe6753cd448a4569134712,
1087_0,127999,1643754.914,1,,,,,833,832,0,1,0,0,0,0,0,0,0,0,0,0,FULLY_ANNOTATED_PROFESSIONALLY,61fe74a7cd448acef813561c,61fe6780cd448a3658134713,yra triukšmų
1087_1,127999,1643753.69,0,,,,,779,779,0,0,0,0,0,0,0,0,0,0,0,0,FULLY_ANNOTATED_PROFESSIONALLY,61fe74a7cd448a8a92135671,61fe6780cd448a3658134713,idealus
1088_0,127999,1644334.517,0,,,,,637,637,0,0,0,0,0,0,0,0,0,0,0,0,FULLY_ANNOTATED_PROFESSIONALLY,6211feb1cd448a85f8136faa,6211fd9ccd448a0d29136f69,"Pasitaiko epizodų su EMG, taip pat yra keletas epizodų su BW šuoliais"
1089_0,127999,1644875.9,0,,,,,656,654,1,1,0,0,0,0,0,0,0,0,0,0,FULLY_ANNOTATED_PROFESSIONALLY,6211feeacd448ac0c31370b8,6211fdc4cd448ab605136f6a,idealus
1089_1,127999,1644865.865,0,,,,,774,773,0,1,0,0,0,0,0,0,0,0,0,0,FULLY_ANNOTATED_PROFESSIONALLY,6211feeacd448a79ad1370a8,6211fdc4cd448ab605136f6a,idealus
1089_2,127999,1644866.492,0,,,,,830,828,0,1,1,0,0,0,0,0,0,0,0,0,FULLY_ANNOTATED_PROFESSIONALLY,6211feeacd448a5a3e1370b4,6211fdc4cd448ab605136f6a,"nuolatinis BW, bet stipresnis tik keletoje vietų"
1089_3,127999,1644867.119,0,,,,,844,843,0,1,0,0,0,0,0,0,0,0,0,0,FULLY_ANNOTATED_PROFESSIONALLY,6211feeacd448a42301370a9,6211fdc4cd448ab605136f6a,idealus
1089_4,127999,1644864.613,0,,,,,778,778,0,0,0,0,0,0,0,0,0,0,0,0,FULLY_ANNOTATED_PROFESSIONALLY,6211feeacd448a8a281370a5,6211fdc4cd448ab605136f6a,idealus
1090_0,127999,1645142.882,0,,,,,549,549,0,0,0,0,0,0,0,0,0,0,0,0,FULLY_ANNOTATED_PROFESSIONALLY,6211ff4fcd448af680137338,6211fdf1cd448a5fc0136f6b,Tik pora staigių BW epizodų
1091_0,127999,1644397.212,0,,,,,880,880,0,0,0,0,0,0,0,0,0,0,0,0,FULLY_ANNOTATED_PROFESSIONALLY,62120003cd448ae3451375d5,6211fe30cd448a579f136f6c,idealus
1092_0,127999,1644286.178,1,,,,,617,616,1,0,0,0,0,0,0,0,0,0,0,0,FULLY_ANNOTATED_PROFESSIONALLY,62120046cd448a7be6137739,6211fe54cd448a53aa136f6d,Yra EMA epizodų
1092_1,127999,1644276.762,1,,,,,668,668,0,0,0,0,0,0,0,0,0,0,0,0,FULLY_ANNOTATED_PROFESSIONALLY,62120046cd448a73d1137733,6211fe54cd448a53aa136f6d,Yra nemažai epizodų su EMA
1093_0,127999,1645125.869,0,,,,,656,655,1,0,0,0,0,0,0,0,0,0,0,0,FULLY_ANNOTATED_PROFESSIONALLY,622e2ec53c70e6c5cd8a2242,622dfd653c70e643d88a21a6,idealus
1093_1,127999,1645122.733,0,,,,,742,742,0,0,0,0,0,0,0,0,0,0,0,0,FULLY_ANNOTATED_PROFESSIONALLY,622e2ec53c70e682088a21bd,622dfd653c70e643d88a21a6,idealus
1094_0,127999,1646863.274,0,,,,,708,708,0,0,0,0,0,0,0,0,0,0,0,0,FULLY_ANNOTATED_PROFESSIONALLY,622e37d03c70e685328a2373,622dfd8d3c70e6398c8a21a7,idealus
1095_0,127999,1645577.455,0,,,,,840,840,0,0,0,0,0,0,0,0,0,0,0,0,FULLY_ANNOTATED_PROFESSIONALLY,622e38683c70e64bf98a25ca,622dfdc63c70e625b98a21a8,idealus
1096_0,127999,1645648.095,0,,,,,700,700,0,0,0,0,0,0,0,0,0,0,0,0,FULLY_ANNOTATED_PROFESSIONALLY,622e390a3c70e637b68a2946,622dfe223c70e6ae2d8a21aa,idealus
1097_0,127999,1646777.284,0,2,1111,,x,560,508,52,0,0,0,0,0,2,2700,2.1093914796209345,0,0,0,FULLY_ANNOTATED_PROFESSIONALLY,622e39423c70e641048a2985,622dfe483c70e6abd58a21ab,"Gana švarus, išskyrus vieną šuolį, nedidelis BW , ar tikrai S - parodyti Zive"
1097_1,127999,1646779.781,0,1,1111,,x,651,626,25,0,0,0,0,0,1,200,0.15625122071266181,0,0,0,FULLY_ANNOTATED_PROFESSIONALLY,622e39423c70e65ff88a29fd,622dfe483c70e6abd58a21ab,idealus
1097_2,127999,1646778.531,0,,,,,522,513,9,0,0,0,0,0,0,0,0,0,0,0,FULLY_ANNOTATED_PROFESSIONALLY,622e39423c70e6d9e98a29dd,622dfe483c70e6abd58a21ab,idealus
1097_3,127999,1646776.657,0,,,,,551,548,3,0,0,0,0,0,0,0,0,0,0,0,FULLY_ANNOTATED_PROFESSIONALLY,622e39423c70e63feb8a29e3,622dfe483c70e6abd58a21ab,idealus
1097_4,127999,1646779.158,0,,,,,571,568,3,0,0,0,0,0,0,0,0,0,0,0,FULLY_ANNOTATED_PROFESSIONALLY,622e39423c70e650ff8a29ed,622dfe483c70e6abd58a21ab,idealus
1097_5,127999,1646777.907,0,,,,,521,520,1,0,0,0,0,0,0,0,0,0,0,0,FULLY_ANNOTATED_PROFESSIONALLY,622e39423c70e600308a29be,622dfe483c70e6abd58a21ab,idealus
1097_6,127999,1646775.41,1,,,,,625,625,0,0,0,0,0,0,0,0,0,0,0,0,FULLY_ANNOTATED_PROFESSIONALLY,622e39423c70e6fc5e8a29d4,622dfe483c70e6abd58a21ab,Labai nestabilus BW
1098_0,127999,1646711.162,1,,,,,516,516,0,0,0,0,0,0,0,0,0,0,0,0,FULLY_ANNOTATED_PROFESSIONALLY,622e39c63c70e6396d8a2b89,622dfe9c3c70e62f858a21ad,Labai nestabilus BW
1099_0,127999,1646244.67,0,,,,,576,576,0,0,0,0,0,0,0,0,0,0,0,0,FULLY_ANNOTATED_PROFESSIONALLY,622e39fd3c70e62a178a2c79,622dfec33c70e601cf8a21ae,idealus
1100_0,127999,1646116.344,0,,,,x,797,795,2,0,0,0,0,0,0,0,0,0,0,0,FULLY_ANNOTATED_PROFESSIONALLY,622e3a2f3c70e6065e8a2d7b,622dfee93c70e6c8798a21af,"idealus, S didesnis už Q"
1100_1,127999,1646060.915,0,,,,,652,652,0,0,0,0,0,0,0,0,0,0,0,0,FULLY_ANNOTATED_PROFESSIONALLY,622e3a2f3c70e63a588a2d5c,622dfee93c70e6c8798a21af,idealus
1101_0,127999,1646268.646,0,,,,,922,921,0,1,0,0,0,0,0,0,0,0,0,0,FULLY_ANNOTATED_PROFESSIONALLY,622e3b5a3c70e6a5a08a3308,622dff593c70e629688a21b2,prieširdžių virpėjimas
1101_1,127999,1646268.026,0,,,,,916,916,0,0,0,0,0,0,0,0,0,0,0,0,FULLY_ANNOTATED_PROFESSIONALLY,622e3b5a3c70e6507a8a32fc,622dff593c70e629688a21b2,prieširdžių virpėjimas
1102_0,128000,1743959.255,0,1,1111,,,714,613,0,101,0,0,0,0,1,1000,0.78125,0,0,0,FULLY_ANNOTATED_PROFESSIONALLY,67f2cf89a588a8cdf08b3cfd,655341fe7f978676df92e657,
1102_1,128000,1743958.63,0,0,1111,,NJ,718,608,0,110,0,0,0,0,0,0,0,0,0,0,FULLY_ANNOTATED_PROFESSIONALLY,67f2cf73f29283f5095d754d,655341fe7f978676df92e657,
1103_0,128000,1742295.469,0,9,,,,665,661,0,4,0,0,0,0,9,6747,5.27109375,0,0,0,"EXTERNALLY_ANNOTATED,FOR_EXTERNAL_ANNOTATING",67d9543186cf219834695639,607efbd094e6ea3b5a1ab959,
