2025-10-09 11:54:02,123 [INFO] 


Starting ECG denoising script. Log file: /home/kesju/DI/2025_ZIVEO/S-ITP-25-9/TRAIN_UNET/logs/ecg_denoising_train_20251009_115402.log
2025-10-09 11:54:02,123 [INFO] TensorFlow version: 2.18.1
2025-10-09 11:54:02,125 [INFO] Arguments: {'ecg_records_dir': '/home/kesju/DI/2025_ZIVEO/S-ITP-25-9/DATA/ZIVE_DATA/ecg_selected_for_test', 'model_output': '/home/kesju/DI/2025_ZIVEO/S-ITP-25-9/UNET_MODELIS/resunet_ecg_1024_0_5_0_7.keras', 'vis_dir': '/home/kesju/DI/2025_ZIVEO/S-ITP-25-9/TRAIN_UNET/visualisations', 'train_split': 0.8, 'log_level': 'WARNING'}
2025-10-09 11:54:02,125 [INFO] Starting training workflow. ECG records dir: /home/kesju/DI/2025_ZIVEO/S-ITP-25-9/DATA/ZIVE_DATA/ecg_selected_for_test, Model output: /home/kesju/DI/2025_ZIVEO/S-ITP-25-9/UNET_MODELIS/resunet_ecg_1024_0_5_0_7.keras, Train split: 0.8
2025-10-09 11:54:02,126 [INFO] Loading ECG and noise indices from /home/kesju/DI/2025_ZIVEO/S-ITP-25-9/DATA/ZIVE_DATA/ecg_selected_for_test
2025-10-09 11:54:02,133 [DEBUG] Loaded annotated noise indices from /home/kesju/DI/2025_ZIVEO/S-ITP-25-9/DATA/ZIVE_DATA/ecg_selected_for_test/1001_6.json: [(120200, 120500)]
2025-10-09 11:54:02,133 [DEBUG] Loaded file: /home/kesju/DI/2025_ZIVEO/S-ITP-25-9/DATA/ZIVE_DATA/ecg_selected_for_test/1001_6.npy, shape: (128000,), noise indices: [(120200, 120500)], patient ID: 1001
2025-10-09 11:54:02,138 [DEBUG] Loaded annotated noise indices from /home/kesju/DI/2025_ZIVEO/S-ITP-25-9/DATA/ZIVE_DATA/ecg_selected_for_test/1001_8.json: [(106400, 107000)]
2025-10-09 11:54:02,139 [DEBUG] Loaded file: /home/kesju/DI/2025_ZIVEO/S-ITP-25-9/DATA/ZIVE_DATA/ecg_selected_for_test/1001_8.npy, shape: (128000,), noise indices: [(106400, 107000)], patient ID: 1001
2025-10-09 11:54:02,144 [DEBUG] Loaded annotated noise indices from /home/kesju/DI/2025_ZIVEO/S-ITP-25-9/DATA/ZIVE_DATA/ecg_selected_for_test/1004_0.json: [(0, 400), (2400, 3800), (24000, 24800), (98200, 101600), (110000, 110800), (118000, 119600)]
2025-10-09 11:54:02,145 [DEBUG] Loaded file: /home/kesju/DI/2025_ZIVEO/S-ITP-25-9/DATA/ZIVE_DATA/ecg_selected_for_test/1004_0.npy, shape: (127999,), noise indices: [(0, 400), (2400, 3800), (24000, 24800), (98200, 101600), (110000, 110800), (118000, 119600)], patient ID: 1004
2025-10-09 11:54:02,145 [INFO] Loaded 3 valid .npy files with corresponding noise indices from /home/kesju/DI/2025_ZIVEO/S-ITP-25-9/DATA/ZIVE_DATA/ecg_selected_for_test
2025-10-09 11:54:02,147 [INFO] Split 3 records from 2 patients into 2 training records (1 patients) and 1 test records (1 patients)
2025-10-09 11:54:02,147 [INFO] Training ECG files:
  - 1001_6.npy
  - 1001_8.npy
2025-10-09 11:54:02,147 [INFO] Test ECG files:
  - 1004_0.npy
2025-10-09 11:54:02,175 [DEBUG] Accepted segment [0:1024], variance=0.0485, QRS count=5
2025-10-09 11:54:02,181 [DEBUG] Accepted segment [512:1536], variance=0.0603, QRS count=5
2025-10-09 11:54:02,186 [DEBUG] Accepted segment [1024:2048], variance=0.0717, QRS count=5
2025-10-09 11:54:02,191 [DEBUG] Accepted segment [1536:2560], variance=0.0797, QRS count=6
2025-10-09 11:54:02,197 [DEBUG] Accepted segment [2048:3072], variance=0.0709, QRS count=6
2025-10-09 11:54:02,200 [DEBUG] Accepted segment [2560:3584], variance=0.0522, QRS count=5
2025-10-09 11:54:02,206 [DEBUG] Accepted segment [3072:4096], variance=0.0484, QRS count=5
2025-10-09 11:54:02,213 [DEBUG] Accepted segment [3584:4608], variance=0.0533, QRS count=5
2025-10-09 11:54:02,220 [DEBUG] Accepted segment [4096:5120], variance=0.0519, QRS count=6
2025-10-09 11:54:02,224 [DEBUG] Accepted segment [4608:5632], variance=0.0539, QRS count=6
2025-10-09 11:54:02,228 [DEBUG] Accepted segment [5120:6144], variance=0.0559, QRS count=5
2025-10-09 11:54:02,231 [DEBUG] Accepted segment [5632:6656], variance=0.0539, QRS count=5
2025-10-09 11:54:02,234 [DEBUG] Accepted segment [6144:7168], variance=0.0528, QRS count=5
2025-10-09 11:54:02,237 [DEBUG] Accepted segment [6656:7680], variance=0.0470, QRS count=5
2025-10-09 11:54:02,240 [DEBUG] Accepted segment [7168:8192], variance=0.0480, QRS count=5
2025-10-09 11:54:02,244 [DEBUG] Accepted segment [7680:8704], variance=0.0566, QRS count=5
2025-10-09 11:54:02,248 [DEBUG] Accepted segment [8192:9216], variance=0.0601, QRS count=5
2025-10-09 11:54:02,252 [DEBUG] Accepted segment [8704:9728], variance=0.0621, QRS count=6
2025-10-09 11:54:02,255 [DEBUG] Accepted segment [9216:10240], variance=0.0520, QRS count=5
2025-10-09 11:54:02,259 [DEBUG] Accepted segment [9728:10752], variance=0.0495, QRS count=5
2025-10-09 11:54:02,261 [DEBUG] Accepted segment [10240:11264], variance=0.0569, QRS count=5
2025-10-09 11:54:02,264 [DEBUG] Accepted segment [10752:11776], variance=0.0581, QRS count=5
2025-10-09 11:54:02,267 [DEBUG] Accepted segment [11264:12288], variance=0.0586, QRS count=6
2025-10-09 11:54:02,269 [DEBUG] Accepted segment [11776:12800], variance=0.0491, QRS count=6
2025-10-09 11:54:02,272 [DEBUG] Accepted segment [12288:13312], variance=0.0499, QRS count=5
2025-10-09 11:54:02,275 [DEBUG] Accepted segment [12800:13824], variance=0.0607, QRS count=5
2025-10-09 11:54:02,278 [DEBUG] Accepted segment [13312:14336], variance=0.0595, QRS count=5
2025-10-09 11:54:02,280 [DEBUG] Accepted segment [13824:14848], variance=0.0566, QRS count=6
2025-10-09 11:54:02,283 [DEBUG] Accepted segment [14336:15360], variance=0.0585, QRS count=6
2025-10-09 11:54:02,285 [DEBUG] Accepted segment [14848:15872], variance=0.0575, QRS count=6
2025-10-09 11:54:02,288 [DEBUG] Accepted segment [15360:16384], variance=0.0520, QRS count=5
2025-10-09 11:54:02,292 [DEBUG] Accepted segment [15872:16896], variance=0.0511, QRS count=5
2025-10-09 11:54:02,296 [DEBUG] Accepted segment [16384:17408], variance=0.0506, QRS count=5
2025-10-09 11:54:02,299 [DEBUG] Accepted segment [16896:17920], variance=0.0476, QRS count=5
2025-10-09 11:54:02,301 [DEBUG] Accepted segment [17408:18432], variance=0.0447, QRS count=5
2025-10-09 11:54:02,304 [DEBUG] Accepted segment [17920:18944], variance=0.0474, QRS count=6
2025-10-09 11:54:02,307 [DEBUG] Accepted segment [18432:19456], variance=0.0513, QRS count=6
2025-10-09 11:54:02,310 [DEBUG] Accepted segment [18944:19968], variance=0.0520, QRS count=5
2025-10-09 11:54:02,313 [DEBUG] Accepted segment [19456:20480], variance=0.0518, QRS count=5
2025-10-09 11:54:02,315 [DEBUG] Accepted segment [19968:20992], variance=0.0535, QRS count=5
2025-10-09 11:54:02,318 [DEBUG] Accepted segment [20480:21504], variance=0.0570, QRS count=5
2025-10-09 11:54:02,320 [DEBUG] Accepted segment [20992:22016], variance=0.0584, QRS count=5
2025-10-09 11:54:02,323 [DEBUG] Accepted segment [21504:22528], variance=0.0589, QRS count=5
2025-10-09 11:54:02,326 [DEBUG] Accepted segment [22016:23040], variance=0.0598, QRS count=6
2025-10-09 11:54:02,329 [DEBUG] Accepted segment [22528:23552], variance=0.0604, QRS count=6
2025-10-09 11:54:02,332 [DEBUG] Accepted segment [23040:24064], variance=0.0594, QRS count=5
2025-10-09 11:54:02,334 [DEBUG] Accepted segment [23552:24576], variance=0.0598, QRS count=6
2025-10-09 11:54:02,337 [DEBUG] Accepted segment [24064:25088], variance=0.0620, QRS count=6
2025-10-09 11:54:02,340 [DEBUG] Accepted segment [24576:25600], variance=0.1251, QRS count=6
2025-10-09 11:54:02,344 [DEBUG] Accepted segment [25088:26112], variance=0.1270, QRS count=6
2025-10-09 11:54:02,346 [DEBUG] Accepted segment [25600:26624], variance=0.0756, QRS count=6
2025-10-09 11:54:02,349 [DEBUG] Accepted segment [26112:27136], variance=0.0709, QRS count=6
2025-10-09 11:54:02,352 [DEBUG] Accepted segment [26624:27648], variance=0.0589, QRS count=6
2025-10-09 11:54:02,355 [DEBUG] Accepted segment [27136:28160], variance=0.0584, QRS count=6
2025-10-09 11:54:02,358 [DEBUG] Accepted segment [27648:28672], variance=0.0565, QRS count=6
2025-10-09 11:54:02,361 [DEBUG] Accepted segment [28160:29184], variance=0.0559, QRS count=6
2025-10-09 11:54:02,363 [DEBUG] Accepted segment [28672:29696], variance=0.0563, QRS count=6
2025-10-09 11:54:02,366 [DEBUG] Accepted segment [29184:30208], variance=0.0540, QRS count=6
2025-10-09 11:54:02,369 [DEBUG] Accepted segment [29696:30720], variance=0.0480, QRS count=6
2025-10-09 11:54:02,371 [DEBUG] Accepted segment [30208:31232], variance=0.0466, QRS count=5
2025-10-09 11:54:02,374 [DEBUG] Accepted segment [30720:31744], variance=0.0484, QRS count=5
2025-10-09 11:54:02,377 [DEBUG] Accepted segment [31232:32256], variance=0.0523, QRS count=6
2025-10-09 11:54:02,380 [DEBUG] Accepted segment [31744:32768], variance=0.0579, QRS count=6
2025-10-09 11:54:02,382 [DEBUG] Accepted segment [32256:33280], variance=0.0605, QRS count=5
2025-10-09 11:54:02,385 [DEBUG] Accepted segment [32768:33792], variance=0.0593, QRS count=5
2025-10-09 11:54:02,387 [DEBUG] Accepted segment [33280:34304], variance=0.0577, QRS count=5
2025-10-09 11:54:02,390 [DEBUG] Accepted segment [33792:34816], variance=0.0579, QRS count=6
2025-10-09 11:54:02,392 [DEBUG] Accepted segment [34304:35328], variance=0.0569, QRS count=6
2025-10-09 11:54:02,395 [DEBUG] Accepted segment [34816:35840], variance=0.0569, QRS count=6
2025-10-09 11:54:02,397 [DEBUG] Accepted segment [35328:36352], variance=0.0586, QRS count=6
2025-10-09 11:54:02,400 [DEBUG] Accepted segment [35840:36864], variance=0.0496, QRS count=6
2025-10-09 11:54:02,402 [DEBUG] Accepted segment [36352:37376], variance=0.0498, QRS count=5
2025-10-09 11:54:02,405 [DEBUG] Accepted segment [36864:37888], variance=0.0598, QRS count=5
2025-10-09 11:54:02,407 [DEBUG] Accepted segment [37376:38400], variance=0.0608, QRS count=5
2025-10-09 11:54:02,409 [DEBUG] Accepted segment [37888:38912], variance=0.0619, QRS count=5
2025-10-09 11:54:02,412 [DEBUG] Accepted segment [38400:39424], variance=0.0603, QRS count=6
2025-10-09 11:54:02,414 [DEBUG] Accepted segment [38912:39936], variance=0.0589, QRS count=6
2025-10-09 11:54:02,417 [DEBUG] Accepted segment [39424:40448], variance=0.0607, QRS count=6
2025-10-09 11:54:02,420 [DEBUG] Accepted segment [39936:40960], variance=0.0523, QRS count=6
2025-10-09 11:54:02,423 [DEBUG] Accepted segment [40448:41472], variance=0.0519, QRS count=5
2025-10-09 11:54:02,426 [DEBUG] Accepted segment [40960:41984], variance=0.0605, QRS count=5
2025-10-09 11:54:02,428 [DEBUG] Accepted segment [41472:42496], variance=0.0594, QRS count=5
2025-10-09 11:54:02,431 [DEBUG] Accepted segment [41984:43008], variance=0.0573, QRS count=6
2025-10-09 11:54:02,433 [DEBUG] Accepted segment [42496:43520], variance=0.0570, QRS count=6
2025-10-09 11:54:02,436 [DEBUG] Accepted segment [43008:44032], variance=0.0501, QRS count=5
2025-10-09 11:54:02,439 [DEBUG] Accepted segment [43520:44544], variance=0.0484, QRS count=5
2025-10-09 11:54:02,442 [DEBUG] Accepted segment [44032:45056], variance=0.0558, QRS count=5
2025-10-09 11:54:02,445 [DEBUG] Accepted segment [44544:45568], variance=0.0570, QRS count=5
2025-10-09 11:54:02,448 [DEBUG] Accepted segment [45056:46080], variance=0.0533, QRS count=5
2025-10-09 11:54:02,452 [DEBUG] Accepted segment [45568:46592], variance=0.0483, QRS count=6
2025-10-09 11:54:02,455 [DEBUG] Accepted segment [46080:47104], variance=0.0507, QRS count=6
2025-10-09 11:54:02,459 [DEBUG] Accepted segment [46592:47616], variance=0.0576, QRS count=6
2025-10-09 11:54:02,464 [DEBUG] Accepted segment [47104:48128], variance=0.0606, QRS count=6
2025-10-09 11:54:02,467 [DEBUG] Accepted segment [47616:48640], variance=0.0595, QRS count=6
2025-10-09 11:54:02,471 [DEBUG] Accepted segment [48128:49152], variance=0.0510, QRS count=6
2025-10-09 11:54:02,474 [DEBUG] Accepted segment [48640:49664], variance=0.0516, QRS count=5
2025-10-09 11:54:02,477 [DEBUG] Accepted segment [49152:50176], variance=0.0585, QRS count=5
2025-10-09 11:54:02,479 [DEBUG] Accepted segment [49664:50688], variance=0.0584, QRS count=5
2025-10-09 11:54:02,482 [DEBUG] Accepted segment [50176:51200], variance=0.0589, QRS count=6
2025-10-09 11:54:02,484 [DEBUG] Accepted segment [50688:51712], variance=0.0584, QRS count=6
2025-10-09 11:54:02,486 [DEBUG] Accepted segment [51200:52224], variance=0.0501, QRS count=5
2025-10-09 11:54:02,489 [DEBUG] Accepted segment [51712:52736], variance=0.0509, QRS count=5
2025-10-09 11:54:02,492 [DEBUG] Accepted segment [52224:53248], variance=0.0593, QRS count=5
2025-10-09 11:54:02,495 [DEBUG] Accepted segment [52736:53760], variance=0.0583, QRS count=6
2025-10-09 11:54:02,498 [DEBUG] Accepted segment [53248:54272], variance=0.0595, QRS count=5
2025-10-09 11:54:02,500 [DEBUG] Accepted segment [53760:54784], variance=0.0531, QRS count=5
2025-10-09 11:54:02,503 [DEBUG] Accepted segment [54272:55296], variance=0.0531, QRS count=5
2025-10-09 11:54:02,506 [DEBUG] Accepted segment [54784:55808], variance=0.0593, QRS count=5
2025-10-09 11:54:02,508 [DEBUG] Accepted segment [55296:56320], variance=0.0602, QRS count=5
2025-10-09 11:54:02,511 [DEBUG] Accepted segment [55808:56832], variance=0.0621, QRS count=5
2025-10-09 11:54:02,513 [DEBUG] Accepted segment [56320:57344], variance=0.0596, QRS count=5
2025-10-09 11:54:02,516 [DEBUG] Accepted segment [56832:57856], variance=0.0563, QRS count=6
2025-10-09 11:54:02,518 [DEBUG] Accepted segment [57344:58368], variance=0.0567, QRS count=6
2025-10-09 11:54:02,521 [DEBUG] Accepted segment [57856:58880], variance=0.0583, QRS count=5
2025-10-09 11:54:02,523 [DEBUG] Accepted segment [58368:59392], variance=0.0492, QRS count=5
2025-10-09 11:54:02,526 [DEBUG] Accepted segment [58880:59904], variance=0.0492, QRS count=5
2025-10-09 11:54:02,529 [DEBUG] Accepted segment [59392:60416], variance=0.0592, QRS count=5
2025-10-09 11:54:02,531 [DEBUG] Accepted segment [59904:60928], variance=0.0586, QRS count=5
2025-10-09 11:54:02,534 [DEBUG] Accepted segment [60416:61440], variance=0.0579, QRS count=6
2025-10-09 11:54:02,536 [DEBUG] Accepted segment [60928:61952], variance=0.0584, QRS count=6
2025-10-09 11:54:02,539 [DEBUG] Accepted segment [61440:62464], variance=0.0588, QRS count=5
2025-10-09 11:54:02,542 [DEBUG] Accepted segment [61952:62976], variance=0.0565, QRS count=5
2025-10-09 11:54:02,544 [DEBUG] Accepted segment [62464:63488], variance=0.0485, QRS count=6
2025-10-09 11:54:02,546 [DEBUG] Accepted segment [62976:64000], variance=0.0508, QRS count=5
2025-10-09 11:54:02,549 [DEBUG] Accepted segment [63488:64512], variance=0.0608, QRS count=5
2025-10-09 11:54:02,551 [DEBUG] Accepted segment [64000:65024], variance=0.0619, QRS count=5
2025-10-09 11:54:02,554 [DEBUG] Accepted segment [64512:65536], variance=0.0587, QRS count=5
2025-10-09 11:54:02,556 [DEBUG] Accepted segment [65024:66048], variance=0.0603, QRS count=5
2025-10-09 11:54:02,559 [DEBUG] Accepted segment [65536:66560], variance=0.0623, QRS count=5
2025-10-09 11:54:02,561 [DEBUG] Accepted segment [66048:67072], variance=0.0612, QRS count=5
2025-10-09 11:54:02,564 [DEBUG] Accepted segment [66560:67584], variance=0.0614, QRS count=6
2025-10-09 11:54:02,566 [DEBUG] Accepted segment [67072:68096], variance=0.0627, QRS count=6
2025-10-09 11:54:02,568 [DEBUG] Accepted segment [67584:68608], variance=0.0535, QRS count=5
2025-10-09 11:54:02,571 [DEBUG] Accepted segment [68096:69120], variance=0.0529, QRS count=5
2025-10-09 11:54:02,573 [DEBUG] Accepted segment [68608:69632], variance=0.0620, QRS count=5
2025-10-09 11:54:02,576 [DEBUG] Accepted segment [69120:70144], variance=0.0512, QRS count=6
2025-10-09 11:54:02,578 [DEBUG] Accepted segment [69632:70656], variance=0.0508, QRS count=5
2025-10-09 11:54:02,580 [DEBUG] Accepted segment [70144:71168], variance=0.0623, QRS count=5
2025-10-09 11:54:02,583 [DEBUG] Accepted segment [70656:71680], variance=0.0649, QRS count=5
2025-10-09 11:54:02,585 [DEBUG] Accepted segment [71168:72192], variance=0.0649, QRS count=6
2025-10-09 11:54:02,588 [DEBUG] Accepted segment [71680:72704], variance=0.0643, QRS count=6
2025-10-09 11:54:02,590 [DEBUG] Accepted segment [72192:73216], variance=0.0546, QRS count=6
2025-10-09 11:54:02,592 [DEBUG] Accepted segment [72704:73728], variance=0.0550, QRS count=5
2025-10-09 11:54:02,595 [DEBUG] Accepted segment [73216:74240], variance=0.0646, QRS count=5
2025-10-09 11:54:02,597 [DEBUG] Accepted segment [73728:74752], variance=0.0630, QRS count=5
2025-10-09 11:54:02,599 [DEBUG] Accepted segment [74240:75264], variance=0.0623, QRS count=6
2025-10-09 11:54:02,602 [DEBUG] Accepted segment [74752:75776], variance=0.0621, QRS count=6
2025-10-09 11:54:02,604 [DEBUG] Accepted segment [75264:76288], variance=0.0509, QRS count=6
2025-10-09 11:54:02,607 [DEBUG] Accepted segment [75776:76800], variance=0.0518, QRS count=5
2025-10-09 11:54:02,609 [DEBUG] Accepted segment [76288:77312], variance=0.0641, QRS count=5
2025-10-09 11:54:02,612 [DEBUG] Accepted segment [76800:77824], variance=0.0659, QRS count=5
2025-10-09 11:54:02,614 [DEBUG] Accepted segment [77312:78336], variance=0.0647, QRS count=6
2025-10-09 11:54:02,616 [DEBUG] Accepted segment [77824:78848], variance=0.0543, QRS count=5
2025-10-09 11:54:02,619 [DEBUG] Accepted segment [78336:79360], variance=0.0534, QRS count=5
2025-10-09 11:54:02,621 [DEBUG] Accepted segment [78848:79872], variance=0.0600, QRS count=5
2025-10-09 11:54:02,624 [DEBUG] Accepted segment [79360:80384], variance=0.0605, QRS count=6
2025-10-09 11:54:02,626 [DEBUG] Accepted segment [79872:80896], variance=0.0530, QRS count=5
2025-10-09 11:54:02,628 [DEBUG] Accepted segment [80384:81408], variance=0.0525, QRS count=5
2025-10-09 11:54:02,631 [DEBUG] Accepted segment [80896:81920], variance=0.0614, QRS count=5
2025-10-09 11:54:02,633 [DEBUG] Accepted segment [81408:82432], variance=0.0623, QRS count=6
2025-10-09 11:54:02,636 [DEBUG] Accepted segment [81920:82944], variance=0.0606, QRS count=5
2025-10-09 11:54:02,638 [DEBUG] Accepted segment [82432:83456], variance=0.0508, QRS count=5
2025-10-09 11:54:02,640 [DEBUG] Accepted segment [82944:83968], variance=0.0525, QRS count=5
2025-10-09 11:54:02,642 [DEBUG] Accepted segment [83456:84480], variance=0.0618, QRS count=5
2025-10-09 11:54:02,645 [DEBUG] Accepted segment [83968:84992], variance=0.0601, QRS count=5
2025-10-09 11:54:02,647 [DEBUG] Accepted segment [84480:85504], variance=0.0589, QRS count=5
2025-10-09 11:54:02,650 [DEBUG] Accepted segment [84992:86016], variance=0.0579, QRS count=6
2025-10-09 11:54:02,652 [DEBUG] Accepted segment [85504:86528], variance=0.0604, QRS count=6
2025-10-09 11:54:02,655 [DEBUG] Accepted segment [86016:87040], variance=0.0538, QRS count=5
2025-10-09 11:54:02,657 [DEBUG] Accepted segment [86528:87552], variance=0.0515, QRS count=5
2025-10-09 11:54:02,659 [DEBUG] Accepted segment [87040:88064], variance=0.0609, QRS count=5
2025-10-09 11:54:02,662 [DEBUG] Accepted segment [87552:88576], variance=0.0617, QRS count=5
2025-10-09 11:54:02,664 [DEBUG] Accepted segment [88064:89088], variance=0.0498, QRS count=5
2025-10-09 11:54:02,666 [DEBUG] Accepted segment [88576:89600], variance=0.0489, QRS count=5
2025-10-09 11:54:02,669 [DEBUG] Accepted segment [89088:90112], variance=0.0603, QRS count=5
2025-10-09 11:54:02,671 [DEBUG] Accepted segment [89600:90624], variance=0.0612, QRS count=6
2025-10-09 11:54:02,673 [DEBUG] Accepted segment [90112:91136], variance=0.0612, QRS count=6
2025-10-09 11:54:02,675 [DEBUG] Accepted segment [90624:91648], variance=0.0535, QRS count=5
2025-10-09 11:54:02,678 [DEBUG] Accepted segment [91136:92160], variance=0.0552, QRS count=5
2025-10-09 11:54:02,680 [DEBUG] Accepted segment [91648:92672], variance=0.0635, QRS count=5
2025-10-09 11:54:02,683 [DEBUG] Accepted segment [92160:93184], variance=0.0609, QRS count=5
2025-10-09 11:54:02,685 [DEBUG] Accepted segment [92672:93696], variance=0.0534, QRS count=6
2025-10-09 11:54:02,687 [DEBUG] Accepted segment [93184:94208], variance=0.0553, QRS count=5
2025-10-09 11:54:02,690 [DEBUG] Accepted segment [93696:94720], variance=0.0625, QRS count=5
2025-10-09 11:54:02,692 [DEBUG] Accepted segment [94208:95232], variance=0.0619, QRS count=5
2025-10-09 11:54:02,694 [DEBUG] Accepted segment [94720:95744], variance=0.0629, QRS count=6
2025-10-09 11:54:02,697 [DEBUG] Accepted segment [95232:96256], variance=0.0528, QRS count=5
2025-10-09 11:54:02,699 [DEBUG] Accepted segment [95744:96768], variance=0.0525, QRS count=5
2025-10-09 11:54:02,702 [DEBUG] Accepted segment [96256:97280], variance=0.0625, QRS count=5
2025-10-09 11:54:02,705 [DEBUG] Accepted segment [96768:97792], variance=0.0602, QRS count=6
2025-10-09 11:54:02,708 [DEBUG] Accepted segment [97280:98304], variance=0.0574, QRS count=6
2025-10-09 11:54:02,711 [DEBUG] Accepted segment [97792:98816], variance=0.0569, QRS count=6
2025-10-09 11:54:02,714 [DEBUG] Accepted segment [98304:99328], variance=0.0501, QRS count=6
2025-10-09 11:54:02,717 [DEBUG] Accepted segment [98816:99840], variance=0.0510, QRS count=5
2025-10-09 11:54:02,719 [DEBUG] Accepted segment [99328:100352], variance=0.0579, QRS count=5
2025-10-09 11:54:02,721 [DEBUG] Accepted segment [99840:100864], variance=0.0583, QRS count=5
2025-10-09 11:54:02,724 [DEBUG] Accepted segment [100352:101376], variance=0.0604, QRS count=5
2025-10-09 11:54:02,726 [DEBUG] Accepted segment [100864:101888], variance=0.0593, QRS count=6
2025-10-09 11:54:02,728 [DEBUG] Accepted segment [101376:102400], variance=0.0568, QRS count=6
2025-10-09 11:54:02,731 [DEBUG] Accepted segment [101888:102912], variance=0.0552, QRS count=6
2025-10-09 11:54:02,733 [DEBUG] Accepted segment [102400:103424], variance=0.0554, QRS count=6
2025-10-09 11:54:02,735 [DEBUG] Accepted segment [102912:103936], variance=0.0574, QRS count=6
2025-10-09 11:54:02,738 [DEBUG] Accepted segment [103424:104448], variance=0.0576, QRS count=5
2025-10-09 11:54:02,740 [DEBUG] Accepted segment [103936:104960], variance=0.0472, QRS count=6
2025-10-09 11:54:02,743 [DEBUG] Accepted segment [104448:105472], variance=0.0462, QRS count=5
2025-10-09 11:54:02,747 [DEBUG] Accepted segment [104960:105984], variance=0.0554, QRS count=5
2025-10-09 11:54:02,750 [DEBUG] Accepted segment [105472:106496], variance=0.0562, QRS count=5
2025-10-09 11:54:02,753 [DEBUG] Accepted segment [105984:107008], variance=0.0543, QRS count=5
2025-10-09 11:54:02,756 [DEBUG] Accepted segment [106496:107520], variance=0.0518, QRS count=5
2025-10-09 11:54:02,758 [DEBUG] Accepted segment [107008:108032], variance=0.0523, QRS count=5
2025-10-09 11:54:02,761 [DEBUG] Accepted segment [107520:108544], variance=0.0539, QRS count=5
2025-10-09 11:54:02,765 [DEBUG] Accepted segment [108032:109056], variance=0.0543, QRS count=5
2025-10-09 11:54:02,768 [DEBUG] Accepted segment [108544:109568], variance=0.0531, QRS count=6
2025-10-09 11:54:02,770 [DEBUG] Accepted segment [109056:110080], variance=0.0515, QRS count=6
2025-10-09 11:54:02,773 [DEBUG] Accepted segment [109568:110592], variance=0.0521, QRS count=6
2025-10-09 11:54:02,775 [DEBUG] Accepted segment [110080:111104], variance=0.1279, QRS count=6
2025-10-09 11:54:02,778 [DEBUG] Accepted segment [110592:111616], variance=0.1293, QRS count=5
2025-10-09 11:54:02,780 [DEBUG] Accepted segment [111104:112128], variance=0.0552, QRS count=6
2025-10-09 11:54:02,783 [DEBUG] Accepted segment [111616:112640], variance=0.0537, QRS count=6
2025-10-09 11:54:02,785 [DEBUG] Accepted segment [112128:113152], variance=0.0532, QRS count=6
2025-10-09 11:54:02,788 [DEBUG] Accepted segment [112640:113664], variance=0.0558, QRS count=6
2025-10-09 11:54:02,791 [DEBUG] Accepted segment [113152:114176], variance=0.0582, QRS count=5
2025-10-09 11:54:02,794 [DEBUG] Accepted segment [113664:114688], variance=0.0514, QRS count=6
2025-10-09 11:54:02,797 [DEBUG] Accepted segment [114176:115200], variance=0.0525, QRS count=5
2025-10-09 11:54:02,800 [DEBUG] Accepted segment [114688:115712], variance=0.0596, QRS count=5
2025-10-09 11:54:02,802 [DEBUG] Accepted segment [115200:116224], variance=0.0584, QRS count=5
2025-10-09 11:54:02,805 [DEBUG] Accepted segment [115712:116736], variance=0.0515, QRS count=6
2025-10-09 11:54:02,808 [DEBUG] Accepted segment [116224:117248], variance=0.0530, QRS count=5
2025-10-09 11:54:02,811 [DEBUG] Accepted segment [116736:117760], variance=0.0609, QRS count=5
2025-10-09 11:54:02,814 [DEBUG] Accepted segment [117248:118272], variance=0.0628, QRS count=5
2025-10-09 11:54:02,816 [DEBUG] Accepted segment [117760:118784], variance=0.0637, QRS count=6
2025-10-09 11:54:02,819 [DEBUG] Accepted segment [118272:119296], variance=0.0609, QRS count=6
2025-10-09 11:54:02,822 [DEBUG] Accepted segment [118784:119808], variance=0.0506, QRS count=6
2025-10-09 11:54:02,822 [DEBUG] Skipping segment [119296:120320] due to overlap with noise [120200:120500]
2025-10-09 11:54:02,822 [DEBUG] Skipping segment [119808:120832] due to overlap with noise [120200:120500]
2025-10-09 11:54:02,822 [DEBUG] Skipping segment [120320:121344] due to overlap with noise [120200:120500]
2025-10-09 11:54:02,824 [DEBUG] Accepted segment [120832:121856], variance=0.0428, QRS count=6
2025-10-09 11:54:02,827 [DEBUG] Accepted segment [121344:122368], variance=0.0406, QRS count=6
2025-10-09 11:54:02,829 [DEBUG] Accepted segment [121856:122880], variance=0.0365, QRS count=6
2025-10-09 11:54:02,832 [DEBUG] Accepted segment [122368:123392], variance=0.0401, QRS count=5
2025-10-09 11:54:02,834 [DEBUG] Accepted segment [122880:123904], variance=0.0464, QRS count=6
2025-10-09 11:54:02,838 [DEBUG] Accepted segment [123392:124416], variance=0.0520, QRS count=6
2025-10-09 11:54:02,841 [DEBUG] Accepted segment [123904:124928], variance=0.0439, QRS count=5
2025-10-09 11:54:02,844 [DEBUG] Accepted segment [124416:125440], variance=0.0354, QRS count=5
2025-10-09 11:54:02,847 [DEBUG] Accepted segment [124928:125952], variance=0.0386, QRS count=5
2025-10-09 11:54:02,850 [DEBUG] Accepted segment [125440:126464], variance=0.0365, QRS count=5
2025-10-09 11:54:02,853 [DEBUG] Accepted segment [125952:126976], variance=0.0365, QRS count=6
2025-10-09 11:54:02,855 [DEBUG] Accepted segment [126464:127488], variance=0.0327, QRS count=5
2025-10-09 11:54:02,858 [DEBUG] Accepted segment [126976:128000], variance=0.0324, QRS count=5
2025-10-09 11:54:02,858 [INFO] Segmented signal of length 128000 into 246 valid segments
2025-10-09 11:54:02,858 [DEBUG] ECG signal length: 128000, segments: 246
2025-10-09 11:54:02,867 [DEBUG] Accepted segment [0:1024], variance=0.0401, QRS count=6
2025-10-09 11:54:02,871 [DEBUG] Accepted segment [512:1536], variance=0.0419, QRS count=6
2025-10-09 11:54:02,874 [DEBUG] Accepted segment [1024:2048], variance=0.0415, QRS count=6
2025-10-09 11:54:02,878 [DEBUG] Accepted segment [1536:2560], variance=0.0390, QRS count=6
2025-10-09 11:54:02,883 [DEBUG] Accepted segment [2048:3072], variance=0.0377, QRS count=6
2025-10-09 11:54:02,890 [DEBUG] Accepted segment [2560:3584], variance=0.0409, QRS count=6
2025-10-09 11:54:02,896 [DEBUG] Accepted segment [3072:4096], variance=0.0414, QRS count=5
2025-10-09 11:54:02,902 [DEBUG] Accepted segment [3584:4608], variance=0.0384, QRS count=5
2025-10-09 11:54:02,908 [DEBUG] Accepted segment [4096:5120], variance=0.0392, QRS count=5
2025-10-09 11:54:02,913 [DEBUG] Accepted segment [4608:5632], variance=0.0402, QRS count=5
2025-10-09 11:54:02,918 [DEBUG] Accepted segment [5120:6144], variance=0.0394, QRS count=5
2025-10-09 11:54:02,924 [DEBUG] Accepted segment [5632:6656], variance=0.0395, QRS count=5
2025-10-09 11:54:02,928 [DEBUG] Accepted segment [6144:7168], variance=0.0415, QRS count=5
2025-10-09 11:54:02,933 [DEBUG] Accepted segment [6656:7680], variance=0.0433, QRS count=5
2025-10-09 11:54:02,936 [DEBUG] Accepted segment [7168:8192], variance=0.0412, QRS count=5
2025-10-09 11:54:02,940 [DEBUG] Accepted segment [7680:8704], variance=0.0387, QRS count=6
2025-10-09 11:54:02,944 [DEBUG] Accepted segment [8192:9216], variance=0.0424, QRS count=6
2025-10-09 11:54:02,948 [DEBUG] Accepted segment [8704:9728], variance=0.0459, QRS count=6
2025-10-09 11:54:02,951 [DEBUG] Accepted segment [9216:10240], variance=0.0427, QRS count=5
2025-10-09 11:54:02,955 [DEBUG] Accepted segment [9728:10752], variance=0.0465, QRS count=5
2025-10-09 11:54:02,961 [DEBUG] Accepted segment [10240:11264], variance=0.0452, QRS count=6
2025-10-09 11:54:02,967 [DEBUG] Accepted segment [10752:11776], variance=0.0496, QRS count=6
2025-10-09 11:54:02,979 [DEBUG] Accepted segment [11264:12288], variance=0.0525, QRS count=6
2025-10-09 11:54:02,994 [DEBUG] Accepted segment [11776:12800], variance=0.0397, QRS count=6
2025-10-09 11:54:03,009 [DEBUG] Accepted segment [12288:13312], variance=0.0377, QRS count=6
2025-10-09 11:54:03,023 [DEBUG] Accepted segment [12800:13824], variance=0.0388, QRS count=6
2025-10-09 11:54:03,034 [DEBUG] Accepted segment [13312:14336], variance=0.0378, QRS count=6
2025-10-09 11:54:03,047 [DEBUG] Accepted segment [13824:14848], variance=0.0385, QRS count=6
2025-10-09 11:54:03,059 [DEBUG] Accepted segment [14336:15360], variance=0.0398, QRS count=6
2025-10-09 11:54:03,070 [DEBUG] Accepted segment [14848:15872], variance=0.0393, QRS count=5
2025-10-09 11:54:03,079 [DEBUG] Accepted segment [15360:16384], variance=0.0346, QRS count=6
2025-10-09 11:54:03,088 [DEBUG] Accepted segment [15872:16896], variance=0.0356, QRS count=5
2025-10-09 11:54:03,095 [DEBUG] Accepted segment [16384:17408], variance=0.0412, QRS count=5
2025-10-09 11:54:03,100 [DEBUG] Accepted segment [16896:17920], variance=0.0429, QRS count=5
2025-10-09 11:54:03,104 [DEBUG] Accepted segment [17408:18432], variance=0.0438, QRS count=5
2025-10-09 11:54:03,108 [DEBUG] Accepted segment [17920:18944], variance=0.0445, QRS count=5
2025-10-09 11:54:03,115 [DEBUG] Accepted segment [18432:19456], variance=0.0446, QRS count=5
2025-10-09 11:54:03,123 [DEBUG] Accepted segment [18944:19968], variance=0.0441, QRS count=5
2025-10-09 11:54:03,127 [DEBUG] Accepted segment [19456:20480], variance=0.0441, QRS count=5
2025-10-09 11:54:03,131 [DEBUG] Accepted segment [19968:20992], variance=0.0429, QRS count=5
2025-10-09 11:54:03,135 [DEBUG] Accepted segment [20480:21504], variance=0.0406, QRS count=5
2025-10-09 11:54:03,138 [DEBUG] Accepted segment [20992:22016], variance=0.0402, QRS count=5
2025-10-09 11:54:03,141 [DEBUG] Accepted segment [21504:22528], variance=0.0406, QRS count=5
2025-10-09 11:54:03,145 [DEBUG] Accepted segment [22016:23040], variance=0.0405, QRS count=5
2025-10-09 11:54:03,149 [DEBUG] Accepted segment [22528:23552], variance=0.0406, QRS count=5
2025-10-09 11:54:03,152 [DEBUG] Accepted segment [23040:24064], variance=0.0412, QRS count=5
2025-10-09 11:54:03,156 [DEBUG] Accepted segment [23552:24576], variance=0.0423, QRS count=5
2025-10-09 11:54:03,159 [DEBUG] Accepted segment [24064:25088], variance=0.0420, QRS count=6
2025-10-09 11:54:03,161 [DEBUG] Accepted segment [24576:25600], variance=0.0412, QRS count=6
2025-10-09 11:54:03,164 [DEBUG] Accepted segment [25088:26112], variance=0.0412, QRS count=6
2025-10-09 11:54:03,167 [DEBUG] Accepted segment [25600:26624], variance=0.0407, QRS count=6
2025-10-09 11:54:03,170 [DEBUG] Accepted segment [26112:27136], variance=0.0394, QRS count=6
2025-10-09 11:54:03,172 [DEBUG] Accepted segment [26624:27648], variance=0.0471, QRS count=6
2025-10-09 11:54:03,175 [DEBUG] Accepted segment [27136:28160], variance=0.0493, QRS count=6
2025-10-09 11:54:03,178 [DEBUG] Accepted segment [27648:28672], variance=0.0420, QRS count=6
2025-10-09 11:54:03,180 [DEBUG] Accepted segment [28160:29184], variance=0.0394, QRS count=5
2025-10-09 11:54:03,183 [DEBUG] Accepted segment [28672:29696], variance=0.0345, QRS count=5
2025-10-09 11:54:03,185 [DEBUG] Accepted segment [29184:30208], variance=0.0353, QRS count=5
2025-10-09 11:54:03,187 [DEBUG] Accepted segment [29696:30720], variance=0.0395, QRS count=5
2025-10-09 11:54:03,190 [DEBUG] Accepted segment [30208:31232], variance=0.0400, QRS count=5
2025-10-09 11:54:03,193 [DEBUG] Accepted segment [30720:31744], variance=0.0419, QRS count=5
2025-10-09 11:54:03,195 [DEBUG] Accepted segment [31232:32256], variance=0.0425, QRS count=5
2025-10-09 11:54:03,198 [DEBUG] Accepted segment [31744:32768], variance=0.0409, QRS count=5
2025-10-09 11:54:03,200 [DEBUG] Accepted segment [32256:33280], variance=0.0398, QRS count=5
2025-10-09 11:54:03,202 [DEBUG] Accepted segment [32768:33792], variance=0.0410, QRS count=5
2025-10-09 11:54:03,205 [DEBUG] Accepted segment [33280:34304], variance=0.0416, QRS count=5
2025-10-09 11:54:03,208 [DEBUG] Accepted segment [33792:34816], variance=0.0405, QRS count=5
2025-10-09 11:54:03,213 [DEBUG] Accepted segment [34304:35328], variance=0.0395, QRS count=6
2025-10-09 11:54:03,217 [DEBUG] Accepted segment [34816:35840], variance=0.0397, QRS count=6
2025-10-09 11:54:03,229 [DEBUG] Accepted segment [35328:36352], variance=0.0419, QRS count=6
2025-10-09 11:54:03,232 [DEBUG] Accepted segment [35840:36864], variance=0.0427, QRS count=6
2025-10-09 11:54:03,234 [DEBUG] Accepted segment [36352:37376], variance=0.0419, QRS count=6
2025-10-09 11:54:03,236 [DEBUG] Accepted segment [36864:37888], variance=0.0411, QRS count=6
2025-10-09 11:54:03,239 [DEBUG] Accepted segment [37376:38400], variance=0.0402, QRS count=5
2025-10-09 11:54:03,241 [DEBUG] Accepted segment [37888:38912], variance=0.0358, QRS count=6
2025-10-09 11:54:03,244 [DEBUG] Accepted segment [38400:39424], variance=0.0363, QRS count=5
2025-10-09 11:54:03,247 [DEBUG] Accepted segment [38912:39936], variance=0.0418, QRS count=5
2025-10-09 11:54:03,249 [DEBUG] Accepted segment [39424:40448], variance=0.0436, QRS count=5
2025-10-09 11:54:03,252 [DEBUG] Accepted segment [39936:40960], variance=0.0433, QRS count=5
2025-10-09 11:54:03,254 [DEBUG] Accepted segment [40448:41472], variance=0.0420, QRS count=5
2025-10-09 11:54:03,257 [DEBUG] Accepted segment [40960:41984], variance=0.0409, QRS count=5
2025-10-09 11:54:03,260 [DEBUG] Accepted segment [41472:42496], variance=0.0399, QRS count=6
2025-10-09 11:54:03,262 [DEBUG] Accepted segment [41984:43008], variance=0.0410, QRS count=6
2025-10-09 11:54:03,265 [DEBUG] Accepted segment [42496:43520], variance=0.0423, QRS count=6
2025-10-09 11:54:03,267 [DEBUG] Accepted segment [43008:44032], variance=0.0413, QRS count=6
2025-10-09 11:54:03,270 [DEBUG] Accepted segment [43520:44544], variance=0.0393, QRS count=6
2025-10-09 11:54:03,273 [DEBUG] Accepted segment [44032:45056], variance=0.0401, QRS count=6
2025-10-09 11:54:03,276 [DEBUG] Accepted segment [44544:45568], variance=0.0421, QRS count=6
2025-10-09 11:54:03,279 [DEBUG] Accepted segment [45056:46080], variance=0.0420, QRS count=6
2025-10-09 11:54:03,282 [DEBUG] Accepted segment [45568:46592], variance=0.0406, QRS count=6
2025-10-09 11:54:03,285 [DEBUG] Accepted segment [46080:47104], variance=0.0402, QRS count=6
2025-10-09 11:54:03,287 [DEBUG] Accepted segment [46592:47616], variance=0.0409, QRS count=6
2025-10-09 11:54:03,290 [DEBUG] Accepted segment [47104:48128], variance=0.0409, QRS count=6
2025-10-09 11:54:03,293 [DEBUG] Accepted segment [47616:48640], variance=0.0406, QRS count=6
2025-10-09 11:54:03,295 [DEBUG] Accepted segment [48128:49152], variance=0.0408, QRS count=5
2025-10-09 11:54:03,298 [DEBUG] Accepted segment [48640:49664], variance=0.0422, QRS count=5
2025-10-09 11:54:03,300 [DEBUG] Accepted segment [49152:50176], variance=0.0407, QRS count=5
2025-10-09 11:54:03,302 [DEBUG] Accepted segment [49664:50688], variance=0.0342, QRS count=6
2025-10-09 11:54:03,305 [DEBUG] Accepted segment [50176:51200], variance=0.0361, QRS count=5
2025-10-09 11:54:03,307 [DEBUG] Accepted segment [50688:51712], variance=0.0422, QRS count=5
2025-10-09 11:54:03,309 [DEBUG] Accepted segment [51200:52224], variance=0.0421, QRS count=5
2025-10-09 11:54:03,312 [DEBUG] Accepted segment [51712:52736], variance=0.0413, QRS count=5
2025-10-09 11:54:03,314 [DEBUG] Accepted segment [52224:53248], variance=0.0424, QRS count=5
2025-10-09 11:54:03,316 [DEBUG] Accepted segment [52736:53760], variance=0.0428, QRS count=5
2025-10-09 11:54:03,319 [DEBUG] Accepted segment [53248:54272], variance=0.0407, QRS count=6
2025-10-09 11:54:03,321 [DEBUG] Accepted segment [53760:54784], variance=0.0401, QRS count=6
2025-10-09 11:54:03,324 [DEBUG] Accepted segment [54272:55296], variance=0.0403, QRS count=6
2025-10-09 11:54:03,326 [DEBUG] Accepted segment [54784:55808], variance=0.0409, QRS count=6
2025-10-09 11:54:03,328 [DEBUG] Accepted segment [55296:56320], variance=0.0409, QRS count=5
2025-10-09 11:54:03,331 [DEBUG] Accepted segment [55808:56832], variance=0.0340, QRS count=6
2025-10-09 11:54:03,333 [DEBUG] Accepted segment [56320:57344], variance=0.0343, QRS count=5
2025-10-09 11:54:03,335 [DEBUG] Accepted segment [56832:57856], variance=0.0403, QRS count=5
2025-10-09 11:54:03,338 [DEBUG] Accepted segment [57344:58368], variance=0.0385, QRS count=5
2025-10-09 11:54:03,340 [DEBUG] Accepted segment [57856:58880], variance=0.0381, QRS count=5
2025-10-09 11:54:03,342 [DEBUG] Accepted segment [58368:59392], variance=0.0402, QRS count=5
2025-10-09 11:54:03,345 [DEBUG] Accepted segment [58880:59904], variance=0.0411, QRS count=5
2025-10-09 11:54:03,347 [DEBUG] Accepted segment [59392:60416], variance=0.0399, QRS count=5
2025-10-09 11:54:03,349 [DEBUG] Accepted segment [59904:60928], variance=0.0400, QRS count=6
2025-10-09 11:54:03,352 [DEBUG] Accepted segment [60416:61440], variance=0.0408, QRS count=6
2025-10-09 11:54:03,354 [DEBUG] Accepted segment [60928:61952], variance=0.0404, QRS count=6
2025-10-09 11:54:03,357 [DEBUG] Accepted segment [61440:62464], variance=0.0402, QRS count=6
2025-10-09 11:54:03,359 [DEBUG] Accepted segment [61952:62976], variance=0.0393, QRS count=5
2025-10-09 11:54:03,361 [DEBUG] Accepted segment [62464:63488], variance=0.0352, QRS count=6
2025-10-09 11:54:03,364 [DEBUG] Accepted segment [62976:64000], variance=0.0403, QRS count=5
2025-10-09 11:54:03,366 [DEBUG] Accepted segment [63488:64512], variance=0.0450, QRS count=6
2025-10-09 11:54:03,369 [DEBUG] Accepted segment [64000:65024], variance=0.0414, QRS count=6
2025-10-09 11:54:03,371 [DEBUG] Accepted segment [64512:65536], variance=0.0425, QRS count=6
2025-10-09 11:54:03,373 [DEBUG] Accepted segment [65024:66048], variance=0.0414, QRS count=6
2025-10-09 11:54:03,375 [DEBUG] Accepted segment [65536:66560], variance=0.0358, QRS count=6
2025-10-09 11:54:03,378 [DEBUG] Accepted segment [66048:67072], variance=0.0355, QRS count=6
2025-10-09 11:54:03,380 [DEBUG] Accepted segment [66560:67584], variance=0.0398, QRS count=5
2025-10-09 11:54:03,383 [DEBUG] Accepted segment [67072:68096], variance=0.0410, QRS count=5
2025-10-09 11:54:03,385 [DEBUG] Accepted segment [67584:68608], variance=0.0393, QRS count=5
2025-10-09 11:54:03,387 [DEBUG] Accepted segment [68096:69120], variance=0.0400, QRS count=5
2025-10-09 11:54:03,390 [DEBUG] Accepted segment [68608:69632], variance=0.0419, QRS count=5
2025-10-09 11:54:03,392 [DEBUG] Accepted segment [69120:70144], variance=0.0409, QRS count=5
2025-10-09 11:54:03,394 [DEBUG] Accepted segment [69632:70656], variance=0.0407, QRS count=5
2025-10-09 11:54:03,397 [DEBUG] Accepted segment [70144:71168], variance=0.0428, QRS count=6
2025-10-09 11:54:03,399 [DEBUG] Accepted segment [70656:71680], variance=0.0434, QRS count=6
2025-10-09 11:54:03,401 [DEBUG] Accepted segment [71168:72192], variance=0.1024, QRS count=6
2025-10-09 11:54:03,404 [DEBUG] Accepted segment [71680:72704], variance=0.1012, QRS count=6
2025-10-09 11:54:03,406 [DEBUG] Accepted segment [72192:73216], variance=0.0421, QRS count=6
2025-10-09 11:54:03,408 [DEBUG] Accepted segment [72704:73728], variance=0.0443, QRS count=6
2025-10-09 11:54:03,411 [DEBUG] Accepted segment [73216:74240], variance=0.0363, QRS count=5
2025-10-09 11:54:03,413 [DEBUG] Accepted segment [73728:74752], variance=0.0346, QRS count=5
2025-10-09 11:54:03,415 [DEBUG] Accepted segment [74240:75264], variance=0.0419, QRS count=5
2025-10-09 11:54:03,418 [DEBUG] Accepted segment [74752:75776], variance=0.0424, QRS count=5
2025-10-09 11:54:03,420 [DEBUG] Accepted segment [75264:76288], variance=0.0417, QRS count=6
2025-10-09 11:54:03,422 [DEBUG] Accepted segment [75776:76800], variance=0.0351, QRS count=5
2025-10-09 11:54:03,425 [DEBUG] Accepted segment [76288:77312], variance=0.0362, QRS count=5
2025-10-09 11:54:03,427 [DEBUG] Accepted segment [76800:77824], variance=0.0426, QRS count=5
2025-10-09 11:54:03,430 [DEBUG] Accepted segment [77312:78336], variance=0.0413, QRS count=5
2025-10-09 11:54:03,432 [DEBUG] Accepted segment [77824:78848], variance=0.0425, QRS count=6
2025-10-09 11:54:03,434 [DEBUG] Accepted segment [78336:79360], variance=0.0376, QRS count=6
2025-10-09 11:54:03,437 [DEBUG] Accepted segment [78848:79872], variance=0.0357, QRS count=5
2025-10-09 11:54:03,439 [DEBUG] Accepted segment [79360:80384], variance=0.0419, QRS count=5
2025-10-09 11:54:03,441 [DEBUG] Accepted segment [79872:80896], variance=0.0437, QRS count=5
2025-10-09 11:54:03,444 [DEBUG] Accepted segment [80384:81408], variance=0.0438, QRS count=6
2025-10-09 11:54:03,446 [DEBUG] Accepted segment [80896:81920], variance=0.0365, QRS count=5
2025-10-09 11:54:03,448 [DEBUG] Accepted segment [81408:82432], variance=0.0377, QRS count=5
2025-10-09 11:54:03,451 [DEBUG] Accepted segment [81920:82944], variance=0.0453, QRS count=5
2025-10-09 11:54:03,453 [DEBUG] Accepted segment [82432:83456], variance=0.0444, QRS count=5
2025-10-09 11:54:03,456 [DEBUG] Accepted segment [82944:83968], variance=0.0439, QRS count=6
2025-10-09 11:54:03,459 [DEBUG] Accepted segment [83456:84480], variance=0.0381, QRS count=6
2025-10-09 11:54:03,462 [DEBUG] Accepted segment [83968:84992], variance=0.0375, QRS count=5
2025-10-09 11:54:03,466 [DEBUG] Accepted segment [84480:85504], variance=0.0438, QRS count=5
2025-10-09 11:54:03,469 [DEBUG] Accepted segment [84992:86016], variance=0.0450, QRS count=5
2025-10-09 11:54:03,472 [DEBUG] Accepted segment [85504:86528], variance=0.0438, QRS count=6
2025-10-09 11:54:03,474 [DEBUG] Accepted segment [86016:87040], variance=0.0395, QRS count=6
2025-10-09 11:54:03,477 [DEBUG] Accepted segment [86528:87552], variance=0.0371, QRS count=6
2025-10-09 11:54:03,479 [DEBUG] Accepted segment [87040:88064], variance=0.0333, QRS count=5
2025-10-09 11:54:03,482 [DEBUG] Accepted segment [87552:88576], variance=0.0367, QRS count=5
2025-10-09 11:54:03,484 [DEBUG] Accepted segment [88064:89088], variance=0.0441, QRS count=6
2025-10-09 11:54:03,486 [DEBUG] Accepted segment [88576:89600], variance=0.0408, QRS count=5
2025-10-09 11:54:03,488 [DEBUG] Accepted segment [89088:90112], variance=0.0355, QRS count=5
2025-10-09 11:54:03,491 [DEBUG] Accepted segment [89600:90624], variance=0.0369, QRS count=5
2025-10-09 11:54:03,493 [DEBUG] Accepted segment [90112:91136], variance=0.0406, QRS count=5
2025-10-09 11:54:03,495 [DEBUG] Accepted segment [90624:91648], variance=0.0398, QRS count=5
2025-10-09 11:54:03,498 [DEBUG] Accepted segment [91136:92160], variance=0.0410, QRS count=5
2025-10-09 11:54:03,500 [DEBUG] Accepted segment [91648:92672], variance=0.0432, QRS count=5
2025-10-09 11:54:03,502 [DEBUG] Accepted segment [92160:93184], variance=0.0428, QRS count=6
2025-10-09 11:54:03,505 [DEBUG] Accepted segment [92672:93696], variance=0.1231, QRS count=6
2025-10-09 11:54:03,510 [DEBUG] Accepted segment [93184:94208], variance=0.1247, QRS count=6
2025-10-09 11:54:03,515 [DEBUG] Accepted segment [93696:94720], variance=0.0461, QRS count=6
2025-10-09 11:54:03,521 [DEBUG] Accepted segment [94208:95232], variance=0.0474, QRS count=6
2025-10-09 11:54:03,526 [DEBUG] Accepted segment [94720:95744], variance=0.0470, QRS count=6
2025-10-09 11:54:03,532 [DEBUG] Accepted segment [95232:96256], variance=0.0389, QRS count=5
2025-10-09 11:54:03,536 [DEBUG] Accepted segment [95744:96768], variance=0.0370, QRS count=5
2025-10-09 11:54:03,541 [DEBUG] Accepted segment [96256:97280], variance=0.0435, QRS count=5
2025-10-09 11:54:03,545 [DEBUG] Accepted segment [96768:97792], variance=0.0446, QRS count=6
2025-10-09 11:54:03,550 [DEBUG] Accepted segment [97280:98304], variance=0.0436, QRS count=5
2025-10-09 11:54:03,555 [DEBUG] Accepted segment [97792:98816], variance=0.0419, QRS count=5
2025-10-09 11:54:03,559 [DEBUG] Accepted segment [98304:99328], variance=0.0424, QRS count=5
2025-10-09 11:54:03,564 [DEBUG] Accepted segment [98816:99840], variance=0.0469, QRS count=5
2025-10-09 11:54:03,570 [DEBUG] Accepted segment [99328:100352], variance=0.0437, QRS count=5
2025-10-09 11:54:03,576 [DEBUG] Accepted segment [99840:100864], variance=0.0338, QRS count=6
2025-10-09 11:54:03,583 [DEBUG] Accepted segment [100352:101376], variance=0.0349, QRS count=6
2025-10-09 11:54:03,590 [DEBUG] Accepted segment [100864:101888], variance=0.0390, QRS count=5
2025-10-09 11:54:03,600 [DEBUG] Accepted segment [101376:102400], variance=0.0407, QRS count=5
2025-10-09 11:54:03,606 [DEBUG] Accepted segment [101888:102912], variance=0.0429, QRS count=5
2025-10-09 11:54:03,612 [DEBUG] Accepted segment [102400:103424], variance=0.0422, QRS count=5
2025-10-09 11:54:03,618 [DEBUG] Accepted segment [102912:103936], variance=0.0401, QRS count=6
2025-10-09 11:54:03,628 [DEBUG] Accepted segment [103424:104448], variance=0.0405, QRS count=6
2025-10-09 11:54:03,634 [DEBUG] Accepted segment [103936:104960], variance=0.0415, QRS count=6
2025-10-09 11:54:03,639 [DEBUG] Accepted segment [104448:105472], variance=0.0408, QRS count=6
2025-10-09 11:54:03,645 [DEBUG] Accepted segment [104960:105984], variance=0.0404, QRS count=6
2025-10-09 11:54:03,645 [DEBUG] Skipping segment [105472:106496] due to overlap with noise [106400:107000]
2025-10-09 11:54:03,645 [DEBUG] Skipping segment [105984:107008] due to overlap with noise [106400:107000]
2025-10-09 11:54:03,645 [DEBUG] Skipping segment [106496:107520] due to overlap with noise [106400:107000]
2025-10-09 11:54:03,650 [DEBUG] Accepted segment [107008:108032], variance=0.0702, QRS count=6
2025-10-09 11:54:03,655 [DEBUG] Accepted segment [107520:108544], variance=0.0616, QRS count=6
2025-10-09 11:54:03,661 [DEBUG] Accepted segment [108032:109056], variance=0.0688, QRS count=7
2025-10-09 11:54:03,666 [DEBUG] Accepted segment [108544:109568], variance=0.0644, QRS count=6
2025-10-09 11:54:03,670 [DEBUG] Accepted segment [109056:110080], variance=0.0488, QRS count=6
2025-10-09 11:54:03,674 [DEBUG] Accepted segment [109568:110592], variance=0.0477, QRS count=6
2025-10-09 11:54:03,677 [DEBUG] Accepted segment [110080:111104], variance=0.0440, QRS count=6
2025-10-09 11:54:03,680 [DEBUG] Accepted segment [110592:111616], variance=0.0451, QRS count=7
2025-10-09 11:54:03,683 [DEBUG] Accepted segment [111104:112128], variance=0.0552, QRS count=6
2025-10-09 11:54:03,686 [DEBUG] Accepted segment [111616:112640], variance=0.0556, QRS count=6
2025-10-09 11:54:03,688 [DEBUG] Accepted segment [112128:113152], variance=0.0543, QRS count=6
2025-10-09 11:54:03,691 [DEBUG] Accepted segment [112640:113664], variance=0.0555, QRS count=6
2025-10-09 11:54:03,695 [DEBUG] Accepted segment [113152:114176], variance=0.0560, QRS count=5
2025-10-09 11:54:03,698 [DEBUG] Accepted segment [113664:114688], variance=0.0558, QRS count=5
2025-10-09 11:54:03,701 [DEBUG] Accepted segment [114176:115200], variance=0.0667, QRS count=5
2025-10-09 11:54:03,703 [DEBUG] Accepted segment [114688:115712], variance=0.0741, QRS count=6
2025-10-09 11:54:03,706 [DEBUG] Accepted segment [115200:116224], variance=0.0637, QRS count=6
2025-10-09 11:54:03,709 [DEBUG] Accepted segment [115712:116736], variance=0.0559, QRS count=6
2025-10-09 11:54:03,713 [DEBUG] Accepted segment [116224:117248], variance=0.0528, QRS count=6
2025-10-09 11:54:03,716 [DEBUG] Accepted segment [116736:117760], variance=0.0522, QRS count=5
2025-10-09 11:54:03,719 [DEBUG] Accepted segment [117248:118272], variance=0.0472, QRS count=6
2025-10-09 11:54:03,722 [DEBUG] Accepted segment [117760:118784], variance=0.0471, QRS count=5
2025-10-09 11:54:03,725 [DEBUG] Accepted segment [118272:119296], variance=0.0569, QRS count=5
2025-10-09 11:54:03,727 [DEBUG] Accepted segment [118784:119808], variance=0.0603, QRS count=5
2025-10-09 11:54:03,730 [DEBUG] Accepted segment [119296:120320], variance=0.0607, QRS count=5
2025-10-09 11:54:03,732 [DEBUG] Accepted segment [119808:120832], variance=0.0601, QRS count=6
2025-10-09 11:54:03,734 [DEBUG] Accepted segment [120320:121344], variance=0.0600, QRS count=6
2025-10-09 11:54:03,737 [DEBUG] Accepted segment [120832:121856], variance=0.0599, QRS count=6
2025-10-09 11:54:03,739 [DEBUG] Accepted segment [121344:122368], variance=0.0489, QRS count=5
2025-10-09 11:54:03,742 [DEBUG] Accepted segment [121856:122880], variance=0.0471, QRS count=5
2025-10-09 11:54:03,744 [DEBUG] Accepted segment [122368:123392], variance=0.0592, QRS count=5
2025-10-09 11:54:03,747 [DEBUG] Accepted segment [122880:123904], variance=0.0606, QRS count=5
2025-10-09 11:54:03,749 [DEBUG] Accepted segment [123392:124416], variance=0.0582, QRS count=5
2025-10-09 11:54:03,752 [DEBUG] Accepted segment [123904:124928], variance=0.0582, QRS count=6
2025-10-09 11:54:03,754 [DEBUG] Accepted segment [124416:125440], variance=0.0592, QRS count=6
2025-10-09 11:54:03,757 [DEBUG] Accepted segment [124928:125952], variance=0.0585, QRS count=5
2025-10-09 11:54:03,760 [DEBUG] Accepted segment [125440:126464], variance=0.0485, QRS count=5
2025-10-09 11:54:03,765 [DEBUG] Accepted segment [125952:126976], variance=0.0503, QRS count=5
2025-10-09 11:54:03,771 [DEBUG] Accepted segment [126464:127488], variance=0.0614, QRS count=5
2025-10-09 11:54:03,777 [DEBUG] Accepted segment [126976:128000], variance=0.0608, QRS count=5
2025-10-09 11:54:03,777 [INFO] Segmented signal of length 128000 into 246 valid segments
2025-10-09 11:54:03,777 [DEBUG] ECG signal length: 128000, segments: 246
2025-10-09 11:54:03,778 [INFO] Total segments counted: 492
2025-10-09 11:54:03,778 [INFO] Training segments: 492
2025-10-09 11:54:03,784 [DEBUG] Skipping segment [0:1024] due to overlap with noise [0:400]
2025-10-09 11:54:03,788 [DEBUG] Accepted segment [512:1536], variance=0.0713, QRS count=4
2025-10-09 11:54:03,791 [DEBUG] Accepted segment [1024:2048], variance=0.0615, QRS count=4
2025-10-09 11:54:03,791 [DEBUG] Skipping segment [1536:2560] due to overlap with noise [2400:3800]
2025-10-09 11:54:03,791 [DEBUG] Skipping segment [2048:3072] due to overlap with noise [2400:3800]
2025-10-09 11:54:03,792 [DEBUG] Skipping segment [2560:3584] due to overlap with noise [2400:3800]
2025-10-09 11:54:03,792 [DEBUG] Skipping segment [3072:4096] due to overlap with noise [2400:3800]
2025-10-09 11:54:03,792 [DEBUG] Skipping segment [3584:4608] due to overlap with noise [2400:3800]
2025-10-09 11:54:03,795 [DEBUG] Accepted segment [4096:5120], variance=0.0638, QRS count=4
2025-10-09 11:54:03,800 [DEBUG] Accepted segment [4608:5632], variance=0.0595, QRS count=4
2025-10-09 11:54:03,804 [DEBUG] Accepted segment [5120:6144], variance=0.0630, QRS count=5
2025-10-09 11:54:03,808 [DEBUG] Accepted segment [5632:6656], variance=0.0667, QRS count=4
2025-10-09 11:54:03,812 [DEBUG] Accepted segment [6144:7168], variance=0.0610, QRS count=4
2025-10-09 11:54:03,816 [DEBUG] Accepted segment [6656:7680], variance=0.0560, QRS count=4
2025-10-09 11:54:03,819 [DEBUG] Accepted segment [7168:8192], variance=0.0571, QRS count=4
2025-10-09 11:54:03,823 [DEBUG] Accepted segment [7680:8704], variance=0.0666, QRS count=4
2025-10-09 11:54:03,827 [DEBUG] Accepted segment [8192:9216], variance=0.0678, QRS count=4
2025-10-09 11:54:03,831 [DEBUG] Accepted segment [8704:9728], variance=0.0588, QRS count=4
2025-10-09 11:54:03,835 [DEBUG] Accepted segment [9216:10240], variance=0.0635, QRS count=5
2025-10-09 11:54:03,837 [DEBUG] Accepted segment [9728:10752], variance=0.0676, QRS count=4
2025-10-09 11:54:03,840 [DEBUG] Accepted segment [10240:11264], variance=0.0598, QRS count=4
2025-10-09 11:54:03,843 [DEBUG] Accepted segment [10752:11776], variance=0.0615, QRS count=4
2025-10-09 11:54:03,847 [DEBUG] Accepted segment [11264:12288], variance=0.0670, QRS count=5
2025-10-09 11:54:03,851 [DEBUG] Accepted segment [11776:12800], variance=0.0617, QRS count=4
2025-10-09 11:54:03,854 [DEBUG] Accepted segment [12288:13312], variance=0.0684, QRS count=5
2025-10-09 11:54:03,857 [DEBUG] Accepted segment [12800:13824], variance=0.0672, QRS count=4
2025-10-09 11:54:03,860 [DEBUG] Accepted segment [13312:14336], variance=0.0669, QRS count=5
2025-10-09 11:54:03,863 [DEBUG] Accepted segment [13824:14848], variance=0.0698, QRS count=4
2025-10-09 11:54:03,865 [DEBUG] Accepted segment [14336:15360], variance=0.0721, QRS count=5
2025-10-09 11:54:03,868 [DEBUG] Accepted segment [14848:15872], variance=0.0806, QRS count=5
2025-10-09 11:54:03,870 [DEBUG] Accepted segment [15360:16384], variance=0.0725, QRS count=6
2025-10-09 11:54:03,873 [DEBUG] Accepted segment [15872:16896], variance=0.0769, QRS count=5
2025-10-09 11:54:03,875 [DEBUG] Accepted segment [16384:17408], variance=0.0851, QRS count=5
2025-10-09 11:54:03,877 [DEBUG] Accepted segment [16896:17920], variance=0.0787, QRS count=6
2025-10-09 11:54:03,880 [DEBUG] Accepted segment [17408:18432], variance=0.0684, QRS count=5
2025-10-09 11:54:03,882 [DEBUG] Accepted segment [17920:18944], variance=0.0600, QRS count=4
2025-10-09 11:54:03,885 [DEBUG] Accepted segment [18432:19456], variance=0.0654, QRS count=5
2025-10-09 11:54:03,887 [DEBUG] Accepted segment [18944:19968], variance=0.0706, QRS count=4
2025-10-09 11:54:03,890 [DEBUG] Accepted segment [19456:20480], variance=0.0615, QRS count=4
2025-10-09 11:54:03,892 [DEBUG] Accepted segment [19968:20992], variance=0.0565, QRS count=4
2025-10-09 11:54:03,895 [DEBUG] Accepted segment [20480:21504], variance=0.0658, QRS count=5
2025-10-09 11:54:03,897 [DEBUG] Accepted segment [20992:22016], variance=0.0707, QRS count=4
2025-10-09 11:54:03,899 [DEBUG] Accepted segment [21504:22528], variance=0.0634, QRS count=4
2025-10-09 11:54:03,901 [DEBUG] Accepted segment [22016:23040], variance=0.0587, QRS count=4
2025-10-09 11:54:03,904 [DEBUG] Accepted segment [22528:23552], variance=0.0665, QRS count=5
2025-10-09 11:54:03,904 [DEBUG] Skipping segment [23040:24064] due to overlap with noise [24000:24800]
2025-10-09 11:54:03,904 [DEBUG] Skipping segment [23552:24576] due to overlap with noise [24000:24800]
2025-10-09 11:54:03,904 [DEBUG] Skipping segment [24064:25088] due to overlap with noise [24000:24800]
2025-10-09 11:54:03,904 [DEBUG] Skipping segment [24576:25600] due to overlap with noise [24000:24800]
2025-10-09 11:54:03,906 [DEBUG] Accepted segment [25088:26112], variance=0.0705, QRS count=6
2025-10-09 11:54:03,909 [DEBUG] Accepted segment [25600:26624], variance=0.0701, QRS count=5
2025-10-09 11:54:03,911 [DEBUG] Accepted segment [26112:27136], variance=0.0624, QRS count=5
2025-10-09 11:54:03,913 [DEBUG] Accepted segment [26624:27648], variance=0.0628, QRS count=6
2025-10-09 11:54:03,916 [DEBUG] Accepted segment [27136:28160], variance=0.0622, QRS count=5
2025-10-09 11:54:03,918 [DEBUG] Accepted segment [27648:28672], variance=0.0545, QRS count=5
2025-10-09 11:54:03,920 [DEBUG] Accepted segment [28160:29184], variance=0.0639, QRS count=5
2025-10-09 11:54:03,923 [DEBUG] Accepted segment [28672:29696], variance=0.0645, QRS count=4
2025-10-09 11:54:03,925 [DEBUG] Accepted segment [29184:30208], variance=0.0619, QRS count=5
2025-10-09 11:54:03,927 [DEBUG] Accepted segment [29696:30720], variance=0.0662, QRS count=5
2025-10-09 11:54:03,930 [DEBUG] Accepted segment [30208:31232], variance=0.0584, QRS count=4
2025-10-09 11:54:03,932 [DEBUG] Accepted segment [30720:31744], variance=0.0632, QRS count=5
2025-10-09 11:54:03,934 [DEBUG] Accepted segment [31232:32256], variance=0.0687, QRS count=4
2025-10-09 11:54:03,936 [DEBUG] Accepted segment [31744:32768], variance=0.0606, QRS count=4
2025-10-09 11:54:03,939 [DEBUG] Accepted segment [32256:33280], variance=0.0556, QRS count=5
2025-10-09 11:54:03,941 [DEBUG] Accepted segment [32768:33792], variance=0.0653, QRS count=5
2025-10-09 11:54:03,944 [DEBUG] Accepted segment [33280:34304], variance=0.0680, QRS count=4
2025-10-09 11:54:03,946 [DEBUG] Accepted segment [33792:34816], variance=0.0583, QRS count=4
2025-10-09 11:54:03,948 [DEBUG] Accepted segment [34304:35328], variance=0.0639, QRS count=5
2025-10-09 11:54:03,951 [DEBUG] Accepted segment [34816:35840], variance=0.0667, QRS count=4
2025-10-09 11:54:03,953 [DEBUG] Accepted segment [35328:36352], variance=0.0591, QRS count=5
2025-10-09 11:54:03,956 [DEBUG] Accepted segment [35840:36864], variance=0.0674, QRS count=5
2025-10-09 11:54:03,958 [DEBUG] Accepted segment [36352:37376], variance=0.0672, QRS count=4
2025-10-09 11:54:03,960 [DEBUG] Accepted segment [36864:37888], variance=0.0556, QRS count=4
2025-10-09 11:54:03,962 [DEBUG] Accepted segment [37376:38400], variance=0.0645, QRS count=4
2025-10-09 11:54:03,966 [DEBUG] Accepted segment [37888:38912], variance=0.0696, QRS count=4
2025-10-09 11:54:03,969 [DEBUG] Accepted segment [38400:39424], variance=0.0600, QRS count=4
2025-10-09 11:54:03,972 [DEBUG] Accepted segment [38912:39936], variance=0.0560, QRS count=4
2025-10-09 11:54:03,975 [DEBUG] Accepted segment [39424:40448], variance=0.0663, QRS count=5
2025-10-09 11:54:03,977 [DEBUG] Accepted segment [39936:40960], variance=0.0676, QRS count=4
2025-10-09 11:54:03,980 [DEBUG] Accepted segment [40448:41472], variance=0.0587, QRS count=4
2025-10-09 11:54:03,982 [DEBUG] Accepted segment [40960:41984], variance=0.0638, QRS count=5
2025-10-09 11:54:03,986 [DEBUG] Accepted segment [41472:42496], variance=0.0685, QRS count=4
2025-10-09 11:54:03,989 [DEBUG] Accepted segment [41984:43008], variance=0.0633, QRS count=4
2025-10-09 11:54:03,992 [DEBUG] Accepted segment [42496:43520], variance=0.0641, QRS count=5
2025-10-09 11:54:03,996 [DEBUG] Accepted segment [43008:44032], variance=0.0666, QRS count=5
2025-10-09 11:54:03,999 [DEBUG] Accepted segment [43520:44544], variance=0.0613, QRS count=4
2025-10-09 11:54:04,002 [DEBUG] Accepted segment [44032:45056], variance=0.0696, QRS count=5
2025-10-09 11:54:04,005 [DEBUG] Accepted segment [44544:45568], variance=0.0793, QRS count=5
2025-10-09 11:54:04,008 [DEBUG] Accepted segment [45056:46080], variance=0.0745, QRS count=5
2025-10-09 11:54:04,011 [DEBUG] Accepted segment [45568:46592], variance=0.0689, QRS count=5
2025-10-09 11:54:04,014 [DEBUG] Accepted segment [46080:47104], variance=0.0612, QRS count=5
2025-10-09 11:54:04,016 [DEBUG] Accepted segment [46592:47616], variance=0.0675, QRS count=5
2025-10-09 11:54:04,018 [DEBUG] Accepted segment [47104:48128], variance=0.0667, QRS count=4
2025-10-09 11:54:04,021 [DEBUG] Accepted segment [47616:48640], variance=0.0650, QRS count=5
2025-10-09 11:54:04,023 [DEBUG] Accepted segment [48128:49152], variance=0.0693, QRS count=4
2025-10-09 11:54:04,025 [DEBUG] Accepted segment [48640:49664], variance=0.0693, QRS count=5
2025-10-09 11:54:04,027 [DEBUG] Accepted segment [49152:50176], variance=0.0686, QRS count=5
2025-10-09 11:54:04,030 [DEBUG] Accepted segment [49664:50688], variance=0.0699, QRS count=5
2025-10-09 11:54:04,032 [DEBUG] Accepted segment [50176:51200], variance=0.0716, QRS count=6
2025-10-09 11:54:04,034 [DEBUG] Accepted segment [50688:51712], variance=0.0602, QRS count=5
2025-10-09 11:54:04,036 [DEBUG] Accepted segment [51200:52224], variance=0.0649, QRS count=5
2025-10-09 11:54:04,039 [DEBUG] Accepted segment [51712:52736], variance=0.0633, QRS count=4
2025-10-09 11:54:04,041 [DEBUG] Accepted segment [52224:53248], variance=0.0603, QRS count=5
2025-10-09 11:54:04,043 [DEBUG] Accepted segment [52736:53760], variance=0.0668, QRS count=5
2025-10-09 11:54:04,046 [DEBUG] Accepted segment [53248:54272], variance=0.0604, QRS count=5
2025-10-09 11:54:04,048 [DEBUG] Accepted segment [53760:54784], variance=0.0667, QRS count=5
2025-10-09 11:54:04,050 [DEBUG] Accepted segment [54272:55296], variance=0.0659, QRS count=4
2025-10-09 11:54:04,053 [DEBUG] Accepted segment [54784:55808], variance=0.0629, QRS count=5
2025-10-09 11:54:04,055 [DEBUG] Accepted segment [55296:56320], variance=0.0680, QRS count=5
2025-10-09 11:54:04,057 [DEBUG] Accepted segment [55808:56832], variance=0.0606, QRS count=4
2025-10-09 11:54:04,060 [DEBUG] Accepted segment [56320:57344], variance=0.0672, QRS count=5
2025-10-09 11:54:04,062 [DEBUG] Accepted segment [56832:57856], variance=0.0676, QRS count=4
2025-10-09 11:54:04,065 [DEBUG] Accepted segment [57344:58368], variance=0.0666, QRS count=5
2025-10-09 11:54:04,068 [DEBUG] Accepted segment [57856:58880], variance=0.0669, QRS count=4
2025-10-09 11:54:04,070 [DEBUG] Accepted segment [58368:59392], variance=0.0631, QRS count=5
2025-10-09 11:54:04,073 [DEBUG] Accepted segment [58880:59904], variance=0.0658, QRS count=4
2025-10-09 11:54:04,075 [DEBUG] Accepted segment [59392:60416], variance=0.0663, QRS count=5
2025-10-09 11:54:04,078 [DEBUG] Accepted segment [59904:60928], variance=0.0609, QRS count=5
2025-10-09 11:54:04,080 [DEBUG] Accepted segment [60416:61440], variance=0.0636, QRS count=5
2025-10-09 11:54:04,082 [DEBUG] Accepted segment [60928:61952], variance=0.0645, QRS count=4
2025-10-09 11:54:04,084 [DEBUG] Accepted segment [61440:62464], variance=0.0635, QRS count=5
2025-10-09 11:54:04,087 [DEBUG] Accepted segment [61952:62976], variance=0.0681, QRS count=5
2025-10-09 11:54:04,089 [DEBUG] Accepted segment [62464:63488], variance=0.0672, QRS count=5
2025-10-09 11:54:04,091 [DEBUG] Accepted segment [62976:64000], variance=0.0674, QRS count=5
2025-10-09 11:54:04,093 [DEBUG] Accepted segment [63488:64512], variance=0.0614, QRS count=4
2025-10-09 11:54:04,096 [DEBUG] Accepted segment [64000:65024], variance=0.0665, QRS count=4
2025-10-09 11:54:04,098 [DEBUG] Accepted segment [64512:65536], variance=0.0698, QRS count=4
2025-10-09 11:54:04,101 [DEBUG] Accepted segment [65024:66048], variance=0.0600, QRS count=4
2025-10-09 11:54:04,103 [DEBUG] Accepted segment [65536:66560], variance=0.0562, QRS count=4
2025-10-09 11:54:04,105 [DEBUG] Accepted segment [66048:67072], variance=0.0646, QRS count=5
2025-10-09 11:54:04,107 [DEBUG] Accepted segment [66560:67584], variance=0.0682, QRS count=4
2025-10-09 11:54:04,110 [DEBUG] Accepted segment [67072:68096], variance=0.0609, QRS count=4
2025-10-09 11:54:04,112 [DEBUG] Accepted segment [67584:68608], variance=0.0569, QRS count=4
2025-10-09 11:54:04,114 [DEBUG] Accepted segment [68096:69120], variance=0.0652, QRS count=5
2025-10-09 11:54:04,116 [DEBUG] Accepted segment [68608:69632], variance=0.0696, QRS count=4
2025-10-09 11:54:04,119 [DEBUG] Accepted segment [69120:70144], variance=0.0609, QRS count=4
2025-10-09 11:54:04,121 [DEBUG] Accepted segment [69632:70656], variance=0.0629, QRS count=5
2025-10-09 11:54:04,123 [DEBUG] Accepted segment [70144:71168], variance=0.0675, QRS count=4
2025-10-09 11:54:04,126 [DEBUG] Accepted segment [70656:71680], variance=0.0603, QRS count=4
2025-10-09 11:54:04,128 [DEBUG] Accepted segment [71168:72192], variance=0.0674, QRS count=5
2025-10-09 11:54:04,130 [DEBUG] Accepted segment [71680:72704], variance=0.0668, QRS count=4
2025-10-09 11:54:04,133 [DEBUG] Accepted segment [72192:73216], variance=0.0556, QRS count=4
2025-10-09 11:54:04,135 [DEBUG] Accepted segment [72704:73728], variance=0.0672, QRS count=5
2025-10-09 11:54:04,137 [DEBUG] Accepted segment [73216:74240], variance=0.0669, QRS count=4
2025-10-09 11:54:04,139 [DEBUG] Accepted segment [73728:74752], variance=0.0551, QRS count=5
2025-10-09 11:54:04,142 [DEBUG] Accepted segment [74240:75264], variance=0.0668, QRS count=5
2025-10-09 11:54:04,144 [DEBUG] Accepted segment [74752:75776], variance=0.0669, QRS count=4
2025-10-09 11:54:04,146 [DEBUG] Accepted segment [75264:76288], variance=0.0631, QRS count=4
2025-10-09 11:54:04,149 [DEBUG] Accepted segment [75776:76800], variance=0.0682, QRS count=5
2025-10-09 11:54:04,151 [DEBUG] Accepted segment [76288:77312], variance=0.0602, QRS count=4
2025-10-09 11:54:04,153 [DEBUG] Accepted segment [76800:77824], variance=0.0663, QRS count=5
2025-10-09 11:54:04,156 [DEBUG] Accepted segment [77312:78336], variance=0.0746, QRS count=5
2025-10-09 11:54:04,159 [DEBUG] Accepted segment [77824:78848], variance=0.0747, QRS count=5
2025-10-09 11:54:04,162 [DEBUG] Accepted segment [78336:79360], variance=0.0700, QRS count=5
2025-10-09 11:54:04,165 [DEBUG] Accepted segment [78848:79872], variance=0.0689, QRS count=5
2025-10-09 11:54:04,168 [DEBUG] Accepted segment [79360:80384], variance=0.0664, QRS count=4
2025-10-09 11:54:04,171 [DEBUG] Accepted segment [79872:80896], variance=0.0676, QRS count=5
2025-10-09 11:54:04,174 [DEBUG] Accepted segment [80384:81408], variance=0.0665, QRS count=4
2025-10-09 11:54:04,176 [DEBUG] Accepted segment [80896:81920], variance=0.0647, QRS count=5
2025-10-09 11:54:04,178 [DEBUG] Accepted segment [81408:82432], variance=0.0655, QRS count=4
2025-10-09 11:54:04,181 [DEBUG] Accepted segment [81920:82944], variance=0.0642, QRS count=5
2025-10-09 11:54:04,183 [DEBUG] Accepted segment [82432:83456], variance=0.0676, QRS count=5
2025-10-09 11:54:04,186 [DEBUG] Accepted segment [82944:83968], variance=0.0592, QRS count=4
2025-10-09 11:54:04,188 [DEBUG] Accepted segment [83456:84480], variance=0.0646, QRS count=5
2025-10-09 11:54:04,190 [DEBUG] Accepted segment [83968:84992], variance=0.0657, QRS count=4
2025-10-09 11:54:04,193 [DEBUG] Accepted segment [84480:85504], variance=0.0633, QRS count=5
2025-10-09 11:54:04,196 [DEBUG] Accepted segment [84992:86016], variance=0.0668, QRS count=5
2025-10-09 11:54:04,198 [DEBUG] Accepted segment [85504:86528], variance=0.0680, QRS count=5
2025-10-09 11:54:04,200 [DEBUG] Accepted segment [86016:87040], variance=0.0652, QRS count=4
2025-10-09 11:54:04,204 [DEBUG] Accepted segment [86528:87552], variance=0.0649, QRS count=5
2025-10-09 11:54:04,207 [DEBUG] Accepted segment [87040:88064], variance=0.0665, QRS count=4
2025-10-09 11:54:04,211 [DEBUG] Accepted segment [87552:88576], variance=0.0640, QRS count=5
2025-10-09 11:54:04,215 [DEBUG] Accepted segment [88064:89088], variance=0.0637, QRS count=5
2025-10-09 11:54:04,219 [DEBUG] Accepted segment [88576:89600], variance=0.0630, QRS count=4
2025-10-09 11:54:04,223 [DEBUG] Accepted segment [89088:90112], variance=0.0606, QRS count=5
2025-10-09 11:54:04,228 [DEBUG] Accepted segment [89600:90624], variance=0.0560, QRS count=4
2025-10-09 11:54:04,233 [DEBUG] Accepted segment [90112:91136], variance=0.0542, QRS count=4
2025-10-09 11:54:04,238 [DEBUG] Accepted segment [90624:91648], variance=0.0615, QRS count=5
2025-10-09 11:54:04,241 [DEBUG] Accepted segment [91136:92160], variance=0.0635, QRS count=4
2025-10-09 11:54:04,245 [DEBUG] Accepted segment [91648:92672], variance=0.0539, QRS count=5
2025-10-09 11:54:04,248 [DEBUG] Accepted segment [92160:93184], variance=0.0651, QRS count=5
2025-10-09 11:54:04,252 [DEBUG] Accepted segment [92672:93696], variance=0.0662, QRS count=4
2025-10-09 11:54:04,255 [DEBUG] Accepted segment [93184:94208], variance=0.0542, QRS count=4
2025-10-09 11:54:04,258 [DEBUG] Accepted segment [93696:94720], variance=0.0644, QRS count=5
2025-10-09 11:54:04,260 [DEBUG] Accepted segment [94208:95232], variance=0.0639, QRS count=4
2025-10-09 11:54:04,263 [DEBUG] Accepted segment [94720:95744], variance=0.0533, QRS count=4
2025-10-09 11:54:04,265 [DEBUG] Accepted segment [95232:96256], variance=0.0611, QRS count=5
2025-10-09 11:54:04,267 [DEBUG] Accepted segment [95744:96768], variance=0.0647, QRS count=4
2025-10-09 11:54:04,270 [DEBUG] Accepted segment [96256:97280], variance=0.0575, QRS count=5
2025-10-09 11:54:04,273 [DEBUG] Accepted segment [96768:97792], variance=0.0637, QRS count=5
2025-10-09 11:54:04,273 [DEBUG] Skipping segment [97280:98304] due to overlap with noise [98200:101600]
2025-10-09 11:54:04,273 [DEBUG] Skipping segment [97792:98816] due to overlap with noise [98200:101600]
2025-10-09 11:54:04,273 [DEBUG] Skipping segment [98304:99328] due to overlap with noise [98200:101600]
2025-10-09 11:54:04,273 [DEBUG] Skipping segment [98816:99840] due to overlap with noise [98200:101600]
2025-10-09 11:54:04,273 [DEBUG] Skipping segment [99328:100352] due to overlap with noise [98200:101600]
2025-10-09 11:54:04,273 [DEBUG] Skipping segment [99840:100864] due to overlap with noise [98200:101600]
2025-10-09 11:54:04,273 [DEBUG] Skipping segment [100352:101376] due to overlap with noise [98200:101600]
2025-10-09 11:54:04,273 [DEBUG] Skipping segment [100864:101888] due to overlap with noise [98200:101600]
2025-10-09 11:54:04,273 [DEBUG] Skipping segment [101376:102400] due to overlap with noise [98200:101600]
2025-10-09 11:54:04,275 [DEBUG] Accepted segment [101888:102912], variance=0.0620, QRS count=5
2025-10-09 11:54:04,278 [DEBUG] Accepted segment [102400:103424], variance=0.0601, QRS count=5
2025-10-09 11:54:04,281 [DEBUG] Accepted segment [102912:103936], variance=0.0623, QRS count=4
2025-10-09 11:54:04,283 [DEBUG] Accepted segment [103424:104448], variance=0.0644, QRS count=5
2025-10-09 11:54:04,285 [DEBUG] Accepted segment [103936:104960], variance=0.0658, QRS count=5
2025-10-09 11:54:04,288 [DEBUG] Accepted segment [104448:105472], variance=0.0645, QRS count=5
2025-10-09 11:54:04,290 [DEBUG] Accepted segment [104960:105984], variance=0.0644, QRS count=5
2025-10-09 11:54:04,293 [DEBUG] Accepted segment [105472:106496], variance=0.0673, QRS count=5
2025-10-09 11:54:04,295 [DEBUG] Accepted segment [105984:107008], variance=0.0652, QRS count=5
2025-10-09 11:54:04,298 [DEBUG] Accepted segment [106496:107520], variance=0.0622, QRS count=5
2025-10-09 11:54:04,300 [DEBUG] Accepted segment [107008:108032], variance=0.0632, QRS count=4
2025-10-09 11:54:04,303 [DEBUG] Accepted segment [107520:108544], variance=0.0575, QRS count=4
2025-10-09 11:54:04,305 [DEBUG] Accepted segment [108032:109056], variance=0.0623, QRS count=5
2025-10-09 11:54:04,307 [DEBUG] Accepted segment [108544:109568], variance=0.0661, QRS count=4
2025-10-09 11:54:04,307 [DEBUG] Skipping segment [109056:110080] due to overlap with noise [110000:110800]
2025-10-09 11:54:04,307 [DEBUG] Skipping segment [109568:110592] due to overlap with noise [110000:110800]
2025-10-09 11:54:04,308 [DEBUG] Skipping segment [110080:111104] due to overlap with noise [110000:110800]
2025-10-09 11:54:04,308 [DEBUG] Skipping segment [110592:111616] due to overlap with noise [110000:110800]
2025-10-09 11:54:04,312 [DEBUG] Accepted segment [111104:112128], variance=0.0659, QRS count=5
2025-10-09 11:54:04,316 [DEBUG] Accepted segment [111616:112640], variance=0.0660, QRS count=4
2025-10-09 11:54:04,319 [DEBUG] Accepted segment [112128:113152], variance=0.0650, QRS count=5
2025-10-09 11:54:04,323 [DEBUG] Accepted segment [112640:113664], variance=0.0650, QRS count=4
2025-10-09 11:54:04,326 [DEBUG] Accepted segment [113152:114176], variance=0.0616, QRS count=5
2025-10-09 11:54:04,329 [DEBUG] Accepted segment [113664:114688], variance=0.0663, QRS count=4
2025-10-09 11:54:04,331 [DEBUG] Accepted segment [114176:115200], variance=0.0597, QRS count=4
2025-10-09 11:54:04,334 [DEBUG] Accepted segment [114688:115712], variance=0.0616, QRS count=5
2025-10-09 11:54:04,337 [DEBUG] Accepted segment [115200:116224], variance=0.0643, QRS count=4
2025-10-09 11:54:04,339 [DEBUG] Accepted segment [115712:116736], variance=0.0654, QRS count=5
2025-10-09 11:54:04,342 [DEBUG] Accepted segment [116224:117248], variance=0.0645, QRS count=5
2025-10-09 11:54:04,344 [DEBUG] Accepted segment [116736:117760], variance=0.0676, QRS count=5
2025-10-09 11:54:04,344 [DEBUG] Skipping segment [117248:118272] due to overlap with noise [118000:119600]
2025-10-09 11:54:04,344 [DEBUG] Skipping segment [117760:118784] due to overlap with noise [118000:119600]
2025-10-09 11:54:04,345 [DEBUG] Skipping segment [118272:119296] due to overlap with noise [118000:119600]
2025-10-09 11:54:04,345 [DEBUG] Skipping segment [118784:119808] due to overlap with noise [118000:119600]
2025-10-09 11:54:04,345 [DEBUG] Skipping segment [119296:120320] due to overlap with noise [118000:119600]
2025-10-09 11:54:04,347 [DEBUG] Accepted segment [119808:120832], variance=0.0673, QRS count=5
2025-10-09 11:54:04,349 [DEBUG] Accepted segment [120320:121344], variance=0.0726, QRS count=5
2025-10-09 11:54:04,351 [DEBUG] Accepted segment [120832:121856], variance=0.0690, QRS count=6
2025-10-09 11:54:04,354 [DEBUG] Accepted segment [121344:122368], variance=0.0672, QRS count=6
2025-10-09 11:54:04,356 [DEBUG] Accepted segment [121856:122880], variance=0.0585, QRS count=5
2025-10-09 11:54:04,359 [DEBUG] Accepted segment [122368:123392], variance=0.0596, QRS count=5
2025-10-09 11:54:04,362 [DEBUG] Accepted segment [122880:123904], variance=0.0629, QRS count=4
2025-10-09 11:54:04,364 [DEBUG] Accepted segment [123392:124416], variance=0.0610, QRS count=5
2025-10-09 11:54:04,367 [DEBUG] Accepted segment [123904:124928], variance=0.0617, QRS count=4
2025-10-09 11:54:04,369 [DEBUG] Accepted segment [124416:125440], variance=0.0623, QRS count=5
2025-10-09 11:54:04,372 [DEBUG] Accepted segment [124928:125952], variance=0.0606, QRS count=4
2025-10-09 11:54:04,375 [DEBUG] Accepted segment [125440:126464], variance=0.0610, QRS count=5
2025-10-09 11:54:04,378 [DEBUG] Accepted segment [125952:126976], variance=0.0600, QRS count=4
2025-10-09 11:54:04,381 [DEBUG] Accepted segment [126464:127488], variance=0.0591, QRS count=5
2025-10-09 11:54:04,381 [INFO] Segmented signal of length 127999 into 220 valid segments
2025-10-09 11:54:04,381 [DEBUG] ECG signal length: 127999, segments: 220
2025-10-09 11:54:04,381 [INFO] Total segments counted: 220
2025-10-09 11:54:04,381 [INFO] Test segments: 220
2025-10-09 11:54:04,381 [INFO] Training segments: 492, Test segments: 220
2025-10-09 11:54:04,382 [INFO] Creating TensorFlow dataset
2025-10-09 11:54:04,474 [DEBUG] Dataset created
2025-10-09 11:54:04,474 [INFO] Creating TensorFlow dataset
2025-10-09 11:54:04,508 [DEBUG] Dataset created
2025-10-09 11:54:04,508 [INFO] Steps per epoch: 15, Validation steps: 6
2025-10-09 11:54:04,508 [INFO] Validating dataset
2025-10-09 11:54:04,585 [DEBUG] Accepted segment [0:1024], variance=0.0485, QRS count=5
2025-10-09 11:54:04,587 [DEBUG] Accepted segment [512:1536], variance=0.0603, QRS count=5
2025-10-09 11:54:04,590 [DEBUG] Accepted segment [1024:2048], variance=0.0717, QRS count=5
2025-10-09 11:54:04,593 [DEBUG] Accepted segment [1536:2560], variance=0.0797, QRS count=6
2025-10-09 11:54:04,595 [DEBUG] Accepted segment [2048:3072], variance=0.0709, QRS count=6
2025-10-09 11:54:04,597 [DEBUG] Accepted segment [2560:3584], variance=0.0522, QRS count=5
2025-10-09 11:54:04,600 [DEBUG] Accepted segment [3072:4096], variance=0.0484, QRS count=5
2025-10-09 11:54:04,602 [DEBUG] Accepted segment [3584:4608], variance=0.0533, QRS count=5
2025-10-09 11:54:04,605 [DEBUG] Accepted segment [4096:5120], variance=0.0519, QRS count=6
2025-10-09 11:54:04,607 [DEBUG] Accepted segment [4608:5632], variance=0.0539, QRS count=6
2025-10-09 11:54:04,610 [DEBUG] Accepted segment [5120:6144], variance=0.0559, QRS count=5
2025-10-09 11:54:04,612 [DEBUG] Accepted segment [5632:6656], variance=0.0539, QRS count=5
2025-10-09 11:54:04,615 [DEBUG] Accepted segment [6144:7168], variance=0.0528, QRS count=5
2025-10-09 11:54:04,617 [DEBUG] Accepted segment [6656:7680], variance=0.0470, QRS count=5
2025-10-09 11:54:04,620 [DEBUG] Accepted segment [7168:8192], variance=0.0480, QRS count=5
2025-10-09 11:54:04,622 [DEBUG] Accepted segment [7680:8704], variance=0.0566, QRS count=5
2025-10-09 11:54:04,625 [DEBUG] Accepted segment [8192:9216], variance=0.0601, QRS count=5
2025-10-09 11:54:04,627 [DEBUG] Accepted segment [8704:9728], variance=0.0621, QRS count=6
2025-10-09 11:54:04,630 [DEBUG] Accepted segment [9216:10240], variance=0.0520, QRS count=5
2025-10-09 11:54:04,632 [DEBUG] Accepted segment [9728:10752], variance=0.0495, QRS count=5
2025-10-09 11:54:04,634 [DEBUG] Accepted segment [10240:11264], variance=0.0569, QRS count=5
2025-10-09 11:54:04,637 [DEBUG] Accepted segment [10752:11776], variance=0.0581, QRS count=5
2025-10-09 11:54:04,641 [DEBUG] Accepted segment [11264:12288], variance=0.0586, QRS count=6
2025-10-09 11:54:04,645 [DEBUG] Accepted segment [11776:12800], variance=0.0491, QRS count=6
2025-10-09 11:54:04,648 [DEBUG] Accepted segment [12288:13312], variance=0.0499, QRS count=5
2025-10-09 11:54:04,651 [DEBUG] Accepted segment [12800:13824], variance=0.0607, QRS count=5
2025-10-09 11:54:04,654 [DEBUG] Accepted segment [13312:14336], variance=0.0595, QRS count=5
2025-10-09 11:54:04,656 [DEBUG] Accepted segment [13824:14848], variance=0.0566, QRS count=6
2025-10-09 11:54:04,659 [DEBUG] Accepted segment [14336:15360], variance=0.0585, QRS count=6
2025-10-09 11:54:04,661 [DEBUG] Accepted segment [14848:15872], variance=0.0575, QRS count=6
2025-10-09 11:54:04,664 [DEBUG] Accepted segment [15360:16384], variance=0.0520, QRS count=5
2025-10-09 11:54:04,666 [DEBUG] Accepted segment [15872:16896], variance=0.0511, QRS count=5
2025-10-09 11:54:04,668 [DEBUG] Accepted segment [16384:17408], variance=0.0506, QRS count=5
2025-10-09 11:54:04,671 [DEBUG] Accepted segment [16896:17920], variance=0.0476, QRS count=5
2025-10-09 11:54:04,673 [DEBUG] Accepted segment [17408:18432], variance=0.0447, QRS count=5
2025-10-09 11:54:04,675 [DEBUG] Accepted segment [17920:18944], variance=0.0474, QRS count=6
2025-10-09 11:54:04,677 [DEBUG] Accepted segment [18432:19456], variance=0.0513, QRS count=6
2025-10-09 11:54:04,680 [DEBUG] Accepted segment [18944:19968], variance=0.0520, QRS count=5
2025-10-09 11:54:04,682 [DEBUG] Accepted segment [19456:20480], variance=0.0518, QRS count=5
2025-10-09 11:54:04,685 [DEBUG] Accepted segment [19968:20992], variance=0.0535, QRS count=5
2025-10-09 11:54:04,687 [DEBUG] Accepted segment [20480:21504], variance=0.0570, QRS count=5
2025-10-09 11:54:04,689 [DEBUG] Accepted segment [20992:22016], variance=0.0584, QRS count=5
2025-10-09 11:54:04,691 [DEBUG] Accepted segment [21504:22528], variance=0.0589, QRS count=5
2025-10-09 11:54:04,694 [DEBUG] Accepted segment [22016:23040], variance=0.0598, QRS count=6
2025-10-09 11:54:04,696 [DEBUG] Accepted segment [22528:23552], variance=0.0604, QRS count=6
2025-10-09 11:54:04,699 [DEBUG] Accepted segment [23040:24064], variance=0.0594, QRS count=5
2025-10-09 11:54:04,701 [DEBUG] Accepted segment [23552:24576], variance=0.0598, QRS count=6
2025-10-09 11:54:04,703 [DEBUG] Accepted segment [24064:25088], variance=0.0620, QRS count=6
2025-10-09 11:54:04,706 [DEBUG] Accepted segment [24576:25600], variance=0.1251, QRS count=6
2025-10-09 11:54:04,708 [DEBUG] Accepted segment [25088:26112], variance=0.1270, QRS count=6
2025-10-09 11:54:04,710 [DEBUG] Accepted segment [25600:26624], variance=0.0756, QRS count=6
2025-10-09 11:54:04,713 [DEBUG] Accepted segment [26112:27136], variance=0.0709, QRS count=6
2025-10-09 11:54:04,715 [DEBUG] Accepted segment [26624:27648], variance=0.0589, QRS count=6
2025-10-09 11:54:04,717 [DEBUG] Accepted segment [27136:28160], variance=0.0584, QRS count=6
2025-10-09 11:54:04,720 [DEBUG] Accepted segment [27648:28672], variance=0.0565, QRS count=6
2025-10-09 11:54:04,722 [DEBUG] Accepted segment [28160:29184], variance=0.0559, QRS count=6
2025-10-09 11:54:04,724 [DEBUG] Accepted segment [28672:29696], variance=0.0563, QRS count=6
2025-10-09 11:54:04,726 [DEBUG] Accepted segment [29184:30208], variance=0.0540, QRS count=6
2025-10-09 11:54:04,729 [DEBUG] Accepted segment [29696:30720], variance=0.0480, QRS count=6
2025-10-09 11:54:04,731 [DEBUG] Accepted segment [30208:31232], variance=0.0466, QRS count=5
2025-10-09 11:54:04,734 [DEBUG] Accepted segment [30720:31744], variance=0.0484, QRS count=5
2025-10-09 11:54:04,736 [DEBUG] Accepted segment [31232:32256], variance=0.0523, QRS count=6
2025-10-09 11:54:04,738 [DEBUG] Accepted segment [31744:32768], variance=0.0579, QRS count=6
2025-10-09 11:54:04,741 [DEBUG] Accepted segment [32256:33280], variance=0.0605, QRS count=5
2025-10-09 11:54:04,743 [DEBUG] Accepted segment [32768:33792], variance=0.0593, QRS count=5
2025-10-09 11:54:04,746 [DEBUG] Accepted segment [33280:34304], variance=0.0577, QRS count=5
2025-10-09 11:54:04,749 [DEBUG] Accepted segment [33792:34816], variance=0.0579, QRS count=6
2025-10-09 11:54:04,752 [DEBUG] Accepted segment [34304:35328], variance=0.0569, QRS count=6
2025-10-09 11:54:04,754 [DEBUG] Accepted segment [34816:35840], variance=0.0569, QRS count=6
2025-10-09 11:54:04,757 [DEBUG] Accepted segment [35328:36352], variance=0.0586, QRS count=6
2025-10-09 11:54:04,760 [DEBUG] Accepted segment [35840:36864], variance=0.0496, QRS count=6
2025-10-09 11:54:04,764 [DEBUG] Accepted segment [36352:37376], variance=0.0498, QRS count=5
2025-10-09 11:54:04,767 [DEBUG] Accepted segment [36864:37888], variance=0.0598, QRS count=5
2025-10-09 11:54:04,769 [DEBUG] Accepted segment [37376:38400], variance=0.0608, QRS count=5
2025-10-09 11:54:04,772 [DEBUG] Accepted segment [37888:38912], variance=0.0619, QRS count=5
2025-10-09 11:54:04,774 [DEBUG] Accepted segment [38400:39424], variance=0.0603, QRS count=6
2025-10-09 11:54:04,776 [DEBUG] Accepted segment [38912:39936], variance=0.0589, QRS count=6
2025-10-09 11:54:04,779 [DEBUG] Accepted segment [39424:40448], variance=0.0607, QRS count=6
2025-10-09 11:54:04,781 [DEBUG] Accepted segment [39936:40960], variance=0.0523, QRS count=6
2025-10-09 11:54:04,784 [DEBUG] Accepted segment [40448:41472], variance=0.0519, QRS count=5
2025-10-09 11:54:04,786 [DEBUG] Accepted segment [40960:41984], variance=0.0605, QRS count=5
2025-10-09 11:54:04,789 [DEBUG] Accepted segment [41472:42496], variance=0.0594, QRS count=5
2025-10-09 11:54:04,791 [DEBUG] Accepted segment [41984:43008], variance=0.0573, QRS count=6
2025-10-09 11:54:04,794 [DEBUG] Accepted segment [42496:43520], variance=0.0570, QRS count=6
2025-10-09 11:54:04,797 [DEBUG] Accepted segment [43008:44032], variance=0.0501, QRS count=5
2025-10-09 11:54:04,799 [DEBUG] Accepted segment [43520:44544], variance=0.0484, QRS count=5
2025-10-09 11:54:04,801 [DEBUG] Accepted segment [44032:45056], variance=0.0558, QRS count=5
2025-10-09 11:54:04,804 [DEBUG] Accepted segment [44544:45568], variance=0.0570, QRS count=5
2025-10-09 11:54:04,806 [DEBUG] Accepted segment [45056:46080], variance=0.0533, QRS count=5
2025-10-09 11:54:04,809 [DEBUG] Accepted segment [45568:46592], variance=0.0483, QRS count=6
2025-10-09 11:54:04,812 [DEBUG] Accepted segment [46080:47104], variance=0.0507, QRS count=6
2025-10-09 11:54:04,814 [DEBUG] Accepted segment [46592:47616], variance=0.0576, QRS count=6
2025-10-09 11:54:04,817 [DEBUG] Accepted segment [47104:48128], variance=0.0606, QRS count=6
2025-10-09 11:54:04,819 [DEBUG] Accepted segment [47616:48640], variance=0.0595, QRS count=6
2025-10-09 11:54:04,822 [DEBUG] Accepted segment [48128:49152], variance=0.0510, QRS count=6
2025-10-09 11:54:04,825 [DEBUG] Accepted segment [48640:49664], variance=0.0516, QRS count=5
2025-10-09 11:54:04,827 [DEBUG] Accepted segment [49152:50176], variance=0.0585, QRS count=5
2025-10-09 11:54:04,830 [DEBUG] Accepted segment [49664:50688], variance=0.0584, QRS count=5
2025-10-09 11:54:04,832 [DEBUG] Accepted segment [50176:51200], variance=0.0589, QRS count=6
2025-10-09 11:54:04,834 [DEBUG] Accepted segment [50688:51712], variance=0.0584, QRS count=6
2025-10-09 11:54:04,837 [DEBUG] Accepted segment [51200:52224], variance=0.0501, QRS count=5
2025-10-09 11:54:04,839 [DEBUG] Accepted segment [51712:52736], variance=0.0509, QRS count=5
2025-10-09 11:54:04,842 [DEBUG] Accepted segment [52224:53248], variance=0.0593, QRS count=5
2025-10-09 11:54:04,844 [DEBUG] Accepted segment [52736:53760], variance=0.0583, QRS count=6
2025-10-09 11:54:04,846 [DEBUG] Accepted segment [53248:54272], variance=0.0595, QRS count=5
2025-10-09 11:54:04,849 [DEBUG] Accepted segment [53760:54784], variance=0.0531, QRS count=5
2025-10-09 11:54:04,851 [DEBUG] Accepted segment [54272:55296], variance=0.0531, QRS count=5
2025-10-09 11:54:04,855 [DEBUG] Accepted segment [54784:55808], variance=0.0593, QRS count=5
2025-10-09 11:54:04,859 [DEBUG] Accepted segment [55296:56320], variance=0.0602, QRS count=5
2025-10-09 11:54:04,862 [DEBUG] Accepted segment [55808:56832], variance=0.0621, QRS count=5
2025-10-09 11:54:04,864 [DEBUG] Accepted segment [56320:57344], variance=0.0596, QRS count=5
2025-10-09 11:54:04,867 [DEBUG] Accepted segment [56832:57856], variance=0.0563, QRS count=6
2025-10-09 11:54:04,869 [DEBUG] Accepted segment [57344:58368], variance=0.0567, QRS count=6
2025-10-09 11:54:04,871 [DEBUG] Accepted segment [57856:58880], variance=0.0583, QRS count=5
2025-10-09 11:54:04,874 [DEBUG] Accepted segment [58368:59392], variance=0.0492, QRS count=5
2025-10-09 11:54:04,876 [DEBUG] Accepted segment [58880:59904], variance=0.0492, QRS count=5
2025-10-09 11:54:04,878 [DEBUG] Accepted segment [59392:60416], variance=0.0592, QRS count=5
2025-10-09 11:54:04,881 [DEBUG] Accepted segment [59904:60928], variance=0.0586, QRS count=5
2025-10-09 11:54:04,883 [DEBUG] Accepted segment [60416:61440], variance=0.0579, QRS count=6
2025-10-09 11:54:04,886 [DEBUG] Accepted segment [60928:61952], variance=0.0584, QRS count=6
2025-10-09 11:54:04,888 [DEBUG] Accepted segment [61440:62464], variance=0.0588, QRS count=5
2025-10-09 11:54:04,891 [DEBUG] Accepted segment [61952:62976], variance=0.0565, QRS count=5
2025-10-09 11:54:04,895 [DEBUG] Accepted segment [62464:63488], variance=0.0485, QRS count=6
2025-10-09 11:54:04,898 [DEBUG] Accepted segment [62976:64000], variance=0.0508, QRS count=5
2025-10-09 11:54:04,901 [DEBUG] Accepted segment [63488:64512], variance=0.0608, QRS count=5
2025-10-09 11:54:04,904 [DEBUG] Accepted segment [64000:65024], variance=0.0619, QRS count=5
2025-10-09 11:54:04,907 [DEBUG] Accepted segment [64512:65536], variance=0.0587, QRS count=5
2025-10-09 11:54:04,909 [DEBUG] Accepted segment [65024:66048], variance=0.0603, QRS count=5
2025-10-09 11:54:04,912 [DEBUG] Accepted segment [65536:66560], variance=0.0623, QRS count=5
2025-10-09 11:54:04,914 [DEBUG] Accepted segment [66048:67072], variance=0.0612, QRS count=5
2025-10-09 11:54:04,916 [DEBUG] Accepted segment [66560:67584], variance=0.0614, QRS count=6
2025-10-09 11:54:04,919 [DEBUG] Accepted segment [67072:68096], variance=0.0627, QRS count=6
2025-10-09 11:54:04,921 [DEBUG] Accepted segment [67584:68608], variance=0.0535, QRS count=5
2025-10-09 11:54:04,923 [DEBUG] Accepted segment [68096:69120], variance=0.0529, QRS count=5
2025-10-09 11:54:04,926 [DEBUG] Accepted segment [68608:69632], variance=0.0620, QRS count=5
2025-10-09 11:54:04,928 [DEBUG] Accepted segment [69120:70144], variance=0.0512, QRS count=6
2025-10-09 11:54:04,930 [DEBUG] Accepted segment [69632:70656], variance=0.0508, QRS count=5
2025-10-09 11:54:04,933 [DEBUG] Accepted segment [70144:71168], variance=0.0623, QRS count=5
2025-10-09 11:54:04,935 [DEBUG] Accepted segment [70656:71680], variance=0.0649, QRS count=5
2025-10-09 11:54:04,938 [DEBUG] Accepted segment [71168:72192], variance=0.0649, QRS count=6
2025-10-09 11:54:04,940 [DEBUG] Accepted segment [71680:72704], variance=0.0643, QRS count=6
2025-10-09 11:54:04,942 [DEBUG] Accepted segment [72192:73216], variance=0.0546, QRS count=6
2025-10-09 11:54:04,945 [DEBUG] Accepted segment [72704:73728], variance=0.0550, QRS count=5
2025-10-09 11:54:04,947 [DEBUG] Accepted segment [73216:74240], variance=0.0646, QRS count=5
2025-10-09 11:54:04,950 [DEBUG] Accepted segment [73728:74752], variance=0.0630, QRS count=5
2025-10-09 11:54:04,952 [DEBUG] Accepted segment [74240:75264], variance=0.0623, QRS count=6
2025-10-09 11:54:04,954 [DEBUG] Accepted segment [74752:75776], variance=0.0621, QRS count=6
2025-10-09 11:54:04,957 [DEBUG] Accepted segment [75264:76288], variance=0.0509, QRS count=6
2025-10-09 11:54:04,959 [DEBUG] Accepted segment [75776:76800], variance=0.0518, QRS count=5
2025-10-09 11:54:04,962 [DEBUG] Accepted segment [76288:77312], variance=0.0641, QRS count=5
2025-10-09 11:54:04,964 [DEBUG] Accepted segment [76800:77824], variance=0.0659, QRS count=5
2025-10-09 11:54:04,967 [DEBUG] Accepted segment [77312:78336], variance=0.0647, QRS count=6
2025-10-09 11:54:04,969 [DEBUG] Accepted segment [77824:78848], variance=0.0543, QRS count=5
2025-10-09 11:54:04,972 [DEBUG] Accepted segment [78336:79360], variance=0.0534, QRS count=5
2025-10-09 11:54:04,974 [DEBUG] Accepted segment [78848:79872], variance=0.0600, QRS count=5
2025-10-09 11:54:04,976 [DEBUG] Accepted segment [79360:80384], variance=0.0605, QRS count=6
2025-10-09 11:54:04,979 [DEBUG] Accepted segment [79872:80896], variance=0.0530, QRS count=5
2025-10-09 11:54:04,982 [DEBUG] Accepted segment [80384:81408], variance=0.0525, QRS count=5
2025-10-09 11:54:04,984 [DEBUG] Accepted segment [80896:81920], variance=0.0614, QRS count=5
2025-10-09 11:54:04,986 [DEBUG] Accepted segment [81408:82432], variance=0.0623, QRS count=6
2025-10-09 11:54:04,989 [DEBUG] Accepted segment [81920:82944], variance=0.0606, QRS count=5
2025-10-09 11:54:04,991 [DEBUG] Accepted segment [82432:83456], variance=0.0508, QRS count=5
2025-10-09 11:54:04,994 [DEBUG] Accepted segment [82944:83968], variance=0.0525, QRS count=5
2025-10-09 11:54:04,996 [DEBUG] Accepted segment [83456:84480], variance=0.0618, QRS count=5
2025-10-09 11:54:04,998 [DEBUG] Accepted segment [83968:84992], variance=0.0601, QRS count=5
2025-10-09 11:54:05,001 [DEBUG] Accepted segment [84480:85504], variance=0.0589, QRS count=5
2025-10-09 11:54:05,003 [DEBUG] Accepted segment [84992:86016], variance=0.0579, QRS count=6
2025-10-09 11:54:05,005 [DEBUG] Accepted segment [85504:86528], variance=0.0604, QRS count=6
2025-10-09 11:54:05,008 [DEBUG] Accepted segment [86016:87040], variance=0.0538, QRS count=5
2025-10-09 11:54:05,010 [DEBUG] Accepted segment [86528:87552], variance=0.0515, QRS count=5
2025-10-09 11:54:05,013 [DEBUG] Accepted segment [87040:88064], variance=0.0609, QRS count=5
2025-10-09 11:54:05,015 [DEBUG] Accepted segment [87552:88576], variance=0.0617, QRS count=5
2025-10-09 11:54:05,017 [DEBUG] Accepted segment [88064:89088], variance=0.0498, QRS count=5
2025-10-09 11:54:05,020 [DEBUG] Accepted segment [88576:89600], variance=0.0489, QRS count=5
2025-10-09 11:54:05,022 [DEBUG] Accepted segment [89088:90112], variance=0.0603, QRS count=5
2025-10-09 11:54:05,025 [DEBUG] Accepted segment [89600:90624], variance=0.0612, QRS count=6
2025-10-09 11:54:05,027 [DEBUG] Accepted segment [90112:91136], variance=0.0612, QRS count=6
2025-10-09 11:54:05,030 [DEBUG] Accepted segment [90624:91648], variance=0.0535, QRS count=5
2025-10-09 11:54:05,032 [DEBUG] Accepted segment [91136:92160], variance=0.0552, QRS count=5
2025-10-09 11:54:05,034 [DEBUG] Accepted segment [91648:92672], variance=0.0635, QRS count=5
2025-10-09 11:54:05,037 [DEBUG] Accepted segment [92160:93184], variance=0.0609, QRS count=5
2025-10-09 11:54:05,039 [DEBUG] Accepted segment [92672:93696], variance=0.0534, QRS count=6
2025-10-09 11:54:05,041 [DEBUG] Accepted segment [93184:94208], variance=0.0553, QRS count=5
2025-10-09 11:54:05,044 [DEBUG] Accepted segment [93696:94720], variance=0.0625, QRS count=5
2025-10-09 11:54:05,046 [DEBUG] Accepted segment [94208:95232], variance=0.0619, QRS count=5
2025-10-09 11:54:05,048 [DEBUG] Accepted segment [94720:95744], variance=0.0629, QRS count=6
2025-10-09 11:54:05,050 [DEBUG] Accepted segment [95232:96256], variance=0.0528, QRS count=5
2025-10-09 11:54:05,053 [DEBUG] Accepted segment [95744:96768], variance=0.0525, QRS count=5
2025-10-09 11:54:05,055 [DEBUG] Accepted segment [96256:97280], variance=0.0625, QRS count=5
2025-10-09 11:54:05,058 [DEBUG] Accepted segment [96768:97792], variance=0.0602, QRS count=6
2025-10-09 11:54:05,060 [DEBUG] Accepted segment [97280:98304], variance=0.0574, QRS count=6
2025-10-09 11:54:05,062 [DEBUG] Accepted segment [97792:98816], variance=0.0569, QRS count=6
2025-10-09 11:54:05,065 [DEBUG] Accepted segment [98304:99328], variance=0.0501, QRS count=6
2025-10-09 11:54:05,068 [DEBUG] Accepted segment [98816:99840], variance=0.0510, QRS count=5
2025-10-09 11:54:05,071 [DEBUG] Accepted segment [99328:100352], variance=0.0579, QRS count=5
2025-10-09 11:54:05,074 [DEBUG] Accepted segment [99840:100864], variance=0.0583, QRS count=5
2025-10-09 11:54:05,076 [DEBUG] Accepted segment [100352:101376], variance=0.0604, QRS count=5
2025-10-09 11:54:05,079 [DEBUG] Accepted segment [100864:101888], variance=0.0593, QRS count=6
2025-10-09 11:54:05,081 [DEBUG] Accepted segment [101376:102400], variance=0.0568, QRS count=6
2025-10-09 11:54:05,083 [DEBUG] Accepted segment [101888:102912], variance=0.0552, QRS count=6
2025-10-09 11:54:05,086 [DEBUG] Accepted segment [102400:103424], variance=0.0554, QRS count=6
2025-10-09 11:54:05,088 [DEBUG] Accepted segment [102912:103936], variance=0.0574, QRS count=6
2025-10-09 11:54:05,091 [DEBUG] Accepted segment [103424:104448], variance=0.0576, QRS count=5
2025-10-09 11:54:05,093 [DEBUG] Accepted segment [103936:104960], variance=0.0472, QRS count=6
2025-10-09 11:54:05,095 [DEBUG] Accepted segment [104448:105472], variance=0.0462, QRS count=5
2025-10-09 11:54:05,098 [DEBUG] Accepted segment [104960:105984], variance=0.0554, QRS count=5
2025-10-09 11:54:05,100 [DEBUG] Accepted segment [105472:106496], variance=0.0562, QRS count=5
2025-10-09 11:54:05,102 [DEBUG] Accepted segment [105984:107008], variance=0.0543, QRS count=5
2025-10-09 11:54:05,105 [DEBUG] Accepted segment [106496:107520], variance=0.0518, QRS count=5
2025-10-09 11:54:05,107 [DEBUG] Accepted segment [107008:108032], variance=0.0523, QRS count=5
2025-10-09 11:54:05,109 [DEBUG] Accepted segment [107520:108544], variance=0.0539, QRS count=5
2025-10-09 11:54:05,112 [DEBUG] Accepted segment [108032:109056], variance=0.0543, QRS count=5
2025-10-09 11:54:05,114 [DEBUG] Accepted segment [108544:109568], variance=0.0531, QRS count=6
2025-10-09 11:54:05,116 [DEBUG] Accepted segment [109056:110080], variance=0.0515, QRS count=6
2025-10-09 11:54:05,119 [DEBUG] Accepted segment [109568:110592], variance=0.0521, QRS count=6
2025-10-09 11:54:05,121 [DEBUG] Accepted segment [110080:111104], variance=0.1279, QRS count=6
2025-10-09 11:54:05,123 [DEBUG] Accepted segment [110592:111616], variance=0.1293, QRS count=5
2025-10-09 11:54:05,126 [DEBUG] Accepted segment [111104:112128], variance=0.0552, QRS count=6
2025-10-09 11:54:05,128 [DEBUG] Accepted segment [111616:112640], variance=0.0537, QRS count=6
2025-10-09 11:54:05,130 [DEBUG] Accepted segment [112128:113152], variance=0.0532, QRS count=6
2025-10-09 11:54:05,133 [DEBUG] Accepted segment [112640:113664], variance=0.0558, QRS count=6
2025-10-09 11:54:05,135 [DEBUG] Accepted segment [113152:114176], variance=0.0582, QRS count=5
2025-10-09 11:54:05,138 [DEBUG] Accepted segment [113664:114688], variance=0.0514, QRS count=6
2025-10-09 11:54:05,140 [DEBUG] Accepted segment [114176:115200], variance=0.0525, QRS count=5
2025-10-09 11:54:05,144 [DEBUG] Accepted segment [114688:115712], variance=0.0596, QRS count=5
2025-10-09 11:54:05,147 [DEBUG] Accepted segment [115200:116224], variance=0.0584, QRS count=5
2025-10-09 11:54:05,150 [DEBUG] Accepted segment [115712:116736], variance=0.0515, QRS count=6
2025-10-09 11:54:05,152 [DEBUG] Accepted segment [116224:117248], variance=0.0530, QRS count=5
2025-10-09 11:54:05,155 [DEBUG] Accepted segment [116736:117760], variance=0.0609, QRS count=5
2025-10-09 11:54:05,157 [DEBUG] Accepted segment [117248:118272], variance=0.0628, QRS count=5
2025-10-09 11:54:05,159 [DEBUG] Accepted segment [117760:118784], variance=0.0637, QRS count=6
2025-10-09 11:54:05,162 [DEBUG] Accepted segment [118272:119296], variance=0.0609, QRS count=6
2025-10-09 11:54:05,164 [DEBUG] Accepted segment [118784:119808], variance=0.0506, QRS count=6
2025-10-09 11:54:05,164 [DEBUG] Skipping segment [119296:120320] due to overlap with noise [120200:120500]
2025-10-09 11:54:05,164 [DEBUG] Skipping segment [119808:120832] due to overlap with noise [120200:120500]
2025-10-09 11:54:05,164 [DEBUG] Skipping segment [120320:121344] due to overlap with noise [120200:120500]
2025-10-09 11:54:05,167 [DEBUG] Accepted segment [120832:121856], variance=0.0428, QRS count=6
2025-10-09 11:54:05,169 [DEBUG] Accepted segment [121344:122368], variance=0.0406, QRS count=6
2025-10-09 11:54:05,171 [DEBUG] Accepted segment [121856:122880], variance=0.0365, QRS count=6
2025-10-09 11:54:05,174 [DEBUG] Accepted segment [122368:123392], variance=0.0401, QRS count=5
2025-10-09 11:54:05,176 [DEBUG] Accepted segment [122880:123904], variance=0.0464, QRS count=6
2025-10-09 11:54:05,178 [DEBUG] Accepted segment [123392:124416], variance=0.0520, QRS count=6
2025-10-09 11:54:05,181 [DEBUG] Accepted segment [123904:124928], variance=0.0439, QRS count=5
2025-10-09 11:54:05,183 [DEBUG] Accepted segment [124416:125440], variance=0.0354, QRS count=5
2025-10-09 11:54:05,185 [DEBUG] Accepted segment [124928:125952], variance=0.0386, QRS count=5
2025-10-09 11:54:05,188 [DEBUG] Accepted segment [125440:126464], variance=0.0365, QRS count=5
2025-10-09 11:54:05,190 [DEBUG] Accepted segment [125952:126976], variance=0.0365, QRS count=6
2025-10-09 11:54:05,192 [DEBUG] Accepted segment [126464:127488], variance=0.0327, QRS count=5
2025-10-09 11:54:05,194 [DEBUG] Accepted segment [126976:128000], variance=0.0324, QRS count=5
2025-10-09 11:54:05,195 [INFO] Segmented signal of length 128000 into 246 valid segments
2025-10-09 11:54:05,497 [DEBUG] Accepted segment [0:1024], variance=0.0401, QRS count=6
2025-10-09 11:54:05,500 [DEBUG] Accepted segment [512:1536], variance=0.0419, QRS count=6
2025-10-09 11:54:05,502 [DEBUG] Accepted segment [1024:2048], variance=0.0415, QRS count=6
2025-10-09 11:54:05,505 [DEBUG] Accepted segment [1536:2560], variance=0.0390, QRS count=6
2025-10-09 11:54:05,508 [DEBUG] Accepted segment [2048:3072], variance=0.0377, QRS count=6
2025-10-09 11:54:05,511 [DEBUG] Accepted segment [2560:3584], variance=0.0409, QRS count=6
2025-10-09 11:54:05,514 [DEBUG] Accepted segment [3072:4096], variance=0.0414, QRS count=5
2025-10-09 11:54:05,517 [DEBUG] Accepted segment [3584:4608], variance=0.0384, QRS count=5
2025-10-09 11:54:05,520 [DEBUG] Accepted segment [4096:5120], variance=0.0392, QRS count=5
2025-10-09 11:54:05,522 [DEBUG] Accepted segment [4608:5632], variance=0.0402, QRS count=5
2025-10-09 11:54:05,525 [DEBUG] Accepted segment [5120:6144], variance=0.0394, QRS count=5
2025-10-09 11:54:05,527 [DEBUG] Accepted segment [5632:6656], variance=0.0395, QRS count=5
2025-10-09 11:54:05,529 [DEBUG] Accepted segment [6144:7168], variance=0.0415, QRS count=5
2025-10-09 11:54:05,531 [DEBUG] Accepted segment [6656:7680], variance=0.0433, QRS count=5
2025-10-09 11:54:05,534 [DEBUG] Accepted segment [7168:8192], variance=0.0412, QRS count=5
2025-10-09 11:54:05,536 [DEBUG] Accepted segment [7680:8704], variance=0.0387, QRS count=6
2025-10-09 11:54:05,538 [DEBUG] Accepted segment [8192:9216], variance=0.0424, QRS count=6
2025-10-09 11:54:05,541 [DEBUG] Accepted segment [8704:9728], variance=0.0459, QRS count=6
2025-10-09 11:54:05,543 [DEBUG] Accepted segment [9216:10240], variance=0.0427, QRS count=5
2025-10-09 11:54:05,545 [DEBUG] Accepted segment [9728:10752], variance=0.0465, QRS count=5
2025-10-09 11:54:05,548 [DEBUG] Accepted segment [10240:11264], variance=0.0452, QRS count=6
2025-10-09 11:54:05,550 [DEBUG] Accepted segment [10752:11776], variance=0.0496, QRS count=6
2025-10-09 11:54:05,553 [DEBUG] Accepted segment [11264:12288], variance=0.0525, QRS count=6
2025-10-09 11:54:05,555 [DEBUG] Accepted segment [11776:12800], variance=0.0397, QRS count=6
2025-10-09 11:54:05,557 [DEBUG] Accepted segment [12288:13312], variance=0.0377, QRS count=6
2025-10-09 11:54:05,560 [DEBUG] Accepted segment [12800:13824], variance=0.0388, QRS count=6
2025-10-09 11:54:05,562 [DEBUG] Accepted segment [13312:14336], variance=0.0378, QRS count=6
2025-10-09 11:54:05,565 [DEBUG] Accepted segment [13824:14848], variance=0.0385, QRS count=6
2025-10-09 11:54:05,567 [DEBUG] Accepted segment [14336:15360], variance=0.0398, QRS count=6
2025-10-09 11:54:05,569 [DEBUG] Accepted segment [14848:15872], variance=0.0393, QRS count=5
2025-10-09 11:54:05,572 [DEBUG] Accepted segment [15360:16384], variance=0.0346, QRS count=6
2025-10-09 11:54:05,574 [DEBUG] Accepted segment [15872:16896], variance=0.0356, QRS count=5
2025-10-09 11:54:05,576 [DEBUG] Accepted segment [16384:17408], variance=0.0412, QRS count=5
2025-10-09 11:54:05,580 [DEBUG] Accepted segment [16896:17920], variance=0.0429, QRS count=5
2025-10-09 11:54:05,583 [DEBUG] Accepted segment [17408:18432], variance=0.0438, QRS count=5
2025-10-09 11:54:05,586 [DEBUG] Accepted segment [17920:18944], variance=0.0445, QRS count=5
2025-10-09 11:54:05,589 [DEBUG] Accepted segment [18432:19456], variance=0.0446, QRS count=5
2025-10-09 11:54:05,591 [DEBUG] Accepted segment [18944:19968], variance=0.0441, QRS count=5
2025-10-09 11:54:05,594 [DEBUG] Accepted segment [19456:20480], variance=0.0441, QRS count=5
2025-10-09 11:54:05,596 [DEBUG] Accepted segment [19968:20992], variance=0.0429, QRS count=5
2025-10-09 11:54:05,598 [DEBUG] Accepted segment [20480:21504], variance=0.0406, QRS count=5
2025-10-09 11:54:05,601 [DEBUG] Accepted segment [20992:22016], variance=0.0402, QRS count=5
2025-10-09 11:54:05,603 [DEBUG] Accepted segment [21504:22528], variance=0.0406, QRS count=5
2025-10-09 11:54:05,605 [DEBUG] Accepted segment [22016:23040], variance=0.0405, QRS count=5
2025-10-09 11:54:05,607 [DEBUG] Accepted segment [22528:23552], variance=0.0406, QRS count=5
2025-10-09 11:54:05,609 [DEBUG] Accepted segment [23040:24064], variance=0.0412, QRS count=5
2025-10-09 11:54:05,612 [DEBUG] Accepted segment [23552:24576], variance=0.0423, QRS count=5
2025-10-09 11:54:05,614 [DEBUG] Accepted segment [24064:25088], variance=0.0420, QRS count=6
2025-10-09 11:54:05,617 [DEBUG] Accepted segment [24576:25600], variance=0.0412, QRS count=6
2025-10-09 11:54:05,619 [DEBUG] Accepted segment [25088:26112], variance=0.0412, QRS count=6
2025-10-09 11:54:05,621 [DEBUG] Accepted segment [25600:26624], variance=0.0407, QRS count=6
2025-10-09 11:54:05,623 [DEBUG] Accepted segment [26112:27136], variance=0.0394, QRS count=6
2025-10-09 11:54:05,626 [DEBUG] Accepted segment [26624:27648], variance=0.0471, QRS count=6
2025-10-09 11:54:05,628 [DEBUG] Accepted segment [27136:28160], variance=0.0493, QRS count=6
2025-10-09 11:54:05,631 [DEBUG] Accepted segment [27648:28672], variance=0.0420, QRS count=6
2025-10-09 11:54:05,633 [DEBUG] Accepted segment [28160:29184], variance=0.0394, QRS count=5
2025-10-09 11:54:05,635 [DEBUG] Accepted segment [28672:29696], variance=0.0345, QRS count=5
2025-10-09 11:54:05,638 [DEBUG] Accepted segment [29184:30208], variance=0.0353, QRS count=5
2025-10-09 11:54:05,640 [DEBUG] Accepted segment [29696:30720], variance=0.0395, QRS count=5
2025-10-09 11:54:05,642 [DEBUG] Accepted segment [30208:31232], variance=0.0400, QRS count=5
2025-10-09 11:54:05,645 [DEBUG] Accepted segment [30720:31744], variance=0.0419, QRS count=5
2025-10-09 11:54:05,647 [DEBUG] Accepted segment [31232:32256], variance=0.0425, QRS count=5
2025-10-09 11:54:05,649 [DEBUG] Accepted segment [31744:32768], variance=0.0409, QRS count=5
2025-10-09 11:54:05,652 [DEBUG] Accepted segment [32256:33280], variance=0.0398, QRS count=5
2025-10-09 11:54:05,654 [DEBUG] Accepted segment [32768:33792], variance=0.0410, QRS count=5
2025-10-09 11:54:05,656 [DEBUG] Accepted segment [33280:34304], variance=0.0416, QRS count=5
2025-10-09 11:54:05,659 [DEBUG] Accepted segment [33792:34816], variance=0.0405, QRS count=5
2025-10-09 11:54:05,661 [DEBUG] Accepted segment [34304:35328], variance=0.0395, QRS count=6
2025-10-09 11:54:05,663 [DEBUG] Accepted segment [34816:35840], variance=0.0397, QRS count=6
2025-10-09 11:54:05,666 [DEBUG] Accepted segment [35328:36352], variance=0.0419, QRS count=6
2025-10-09 11:54:05,668 [DEBUG] Accepted segment [35840:36864], variance=0.0427, QRS count=6
2025-10-09 11:54:05,670 [DEBUG] Accepted segment [36352:37376], variance=0.0419, QRS count=6
2025-10-09 11:54:05,673 [DEBUG] Accepted segment [36864:37888], variance=0.0411, QRS count=6
2025-10-09 11:54:05,675 [DEBUG] Accepted segment [37376:38400], variance=0.0402, QRS count=5
2025-10-09 11:54:05,677 [DEBUG] Accepted segment [37888:38912], variance=0.0358, QRS count=6
2025-10-09 11:54:05,680 [DEBUG] Accepted segment [38400:39424], variance=0.0363, QRS count=5
2025-10-09 11:54:05,682 [DEBUG] Accepted segment [38912:39936], variance=0.0418, QRS count=5
2025-10-09 11:54:05,684 [DEBUG] Accepted segment [39424:40448], variance=0.0436, QRS count=5
2025-10-09 11:54:05,686 [DEBUG] Accepted segment [39936:40960], variance=0.0433, QRS count=5
2025-10-09 11:54:05,689 [DEBUG] Accepted segment [40448:41472], variance=0.0420, QRS count=5
2025-10-09 11:54:05,692 [DEBUG] Accepted segment [40960:41984], variance=0.0409, QRS count=5
2025-10-09 11:54:05,694 [DEBUG] Accepted segment [41472:42496], variance=0.0399, QRS count=6
2025-10-09 11:54:05,696 [DEBUG] Accepted segment [41984:43008], variance=0.0410, QRS count=6
2025-10-09 11:54:05,699 [DEBUG] Accepted segment [42496:43520], variance=0.0423, QRS count=6
2025-10-09 11:54:05,701 [DEBUG] Accepted segment [43008:44032], variance=0.0413, QRS count=6
2025-10-09 11:54:05,704 [DEBUG] Accepted segment [43520:44544], variance=0.0393, QRS count=6
2025-10-09 11:54:05,707 [DEBUG] Accepted segment [44032:45056], variance=0.0401, QRS count=6
2025-10-09 11:54:05,709 [DEBUG] Accepted segment [44544:45568], variance=0.0421, QRS count=6
2025-10-09 11:54:05,712 [DEBUG] Accepted segment [45056:46080], variance=0.0420, QRS count=6
2025-10-09 11:54:05,714 [DEBUG] Accepted segment [45568:46592], variance=0.0406, QRS count=6
2025-10-09 11:54:05,716 [DEBUG] Accepted segment [46080:47104], variance=0.0402, QRS count=6
2025-10-09 11:54:05,719 [DEBUG] Accepted segment [46592:47616], variance=0.0409, QRS count=6
2025-10-09 11:54:05,721 [DEBUG] Accepted segment [47104:48128], variance=0.0409, QRS count=6
2025-10-09 11:54:05,724 [DEBUG] Accepted segment [47616:48640], variance=0.0406, QRS count=6
2025-10-09 11:54:05,726 [DEBUG] Accepted segment [48128:49152], variance=0.0408, QRS count=5
2025-10-09 11:54:05,729 [DEBUG] Accepted segment [48640:49664], variance=0.0422, QRS count=5
2025-10-09 11:54:05,731 [DEBUG] Accepted segment [49152:50176], variance=0.0407, QRS count=5
2025-10-09 11:54:05,733 [DEBUG] Accepted segment [49664:50688], variance=0.0342, QRS count=6
2025-10-09 11:54:05,736 [DEBUG] Accepted segment [50176:51200], variance=0.0361, QRS count=5
2025-10-09 11:54:05,739 [DEBUG] Accepted segment [50688:51712], variance=0.0422, QRS count=5
2025-10-09 11:54:05,741 [DEBUG] Accepted segment [51200:52224], variance=0.0421, QRS count=5
2025-10-09 11:54:05,744 [DEBUG] Accepted segment [51712:52736], variance=0.0413, QRS count=5
2025-10-09 11:54:05,746 [DEBUG] Accepted segment [52224:53248], variance=0.0424, QRS count=5
2025-10-09 11:54:05,749 [DEBUG] Accepted segment [52736:53760], variance=0.0428, QRS count=5
2025-10-09 11:54:05,751 [DEBUG] Accepted segment [53248:54272], variance=0.0407, QRS count=6
2025-10-09 11:54:05,754 [DEBUG] Accepted segment [53760:54784], variance=0.0401, QRS count=6
2025-10-09 11:54:05,756 [DEBUG] Accepted segment [54272:55296], variance=0.0403, QRS count=6
2025-10-09 11:54:05,759 [DEBUG] Accepted segment [54784:55808], variance=0.0409, QRS count=6
2025-10-09 11:54:05,761 [DEBUG] Accepted segment [55296:56320], variance=0.0409, QRS count=5
2025-10-09 11:54:05,765 [DEBUG] Accepted segment [55808:56832], variance=0.0340, QRS count=6
2025-10-09 11:54:05,768 [DEBUG] Accepted segment [56320:57344], variance=0.0343, QRS count=5
2025-10-09 11:54:05,771 [DEBUG] Accepted segment [56832:57856], variance=0.0403, QRS count=5
2025-10-09 11:54:05,774 [DEBUG] Accepted segment [57344:58368], variance=0.0385, QRS count=5
2025-10-09 11:54:05,778 [DEBUG] Accepted segment [57856:58880], variance=0.0381, QRS count=5
2025-10-09 11:54:05,783 [DEBUG] Accepted segment [58368:59392], variance=0.0402, QRS count=5
2025-10-09 11:54:05,786 [DEBUG] Accepted segment [58880:59904], variance=0.0411, QRS count=5
2025-10-09 11:54:05,790 [DEBUG] Accepted segment [59392:60416], variance=0.0399, QRS count=5
2025-10-09 11:54:05,795 [DEBUG] Accepted segment [59904:60928], variance=0.0400, QRS count=6
2025-10-09 11:54:05,800 [DEBUG] Accepted segment [60416:61440], variance=0.0408, QRS count=6
2025-10-09 11:54:05,806 [DEBUG] Accepted segment [60928:61952], variance=0.0404, QRS count=6
2025-10-09 11:54:05,812 [DEBUG] Accepted segment [61440:62464], variance=0.0402, QRS count=6
2025-10-09 11:54:05,818 [DEBUG] Accepted segment [61952:62976], variance=0.0393, QRS count=5
2025-10-09 11:54:05,824 [DEBUG] Accepted segment [62464:63488], variance=0.0352, QRS count=6
2025-10-09 11:54:05,833 [DEBUG] Accepted segment [62976:64000], variance=0.0403, QRS count=5
2025-10-09 11:54:05,839 [DEBUG] Accepted segment [63488:64512], variance=0.0450, QRS count=6
2025-10-09 11:54:05,846 [DEBUG] Accepted segment [64000:65024], variance=0.0414, QRS count=6
2025-10-09 11:54:05,853 [DEBUG] Accepted segment [64512:65536], variance=0.0425, QRS count=6
2025-10-09 11:54:05,862 [DEBUG] Accepted segment [65024:66048], variance=0.0414, QRS count=6
2025-10-09 11:54:05,868 [DEBUG] Accepted segment [65536:66560], variance=0.0358, QRS count=6
2025-10-09 11:54:05,875 [DEBUG] Accepted segment [66048:67072], variance=0.0355, QRS count=6
2025-10-09 11:54:05,881 [DEBUG] Accepted segment [66560:67584], variance=0.0398, QRS count=5
2025-10-09 11:54:05,889 [DEBUG] Accepted segment [67072:68096], variance=0.0410, QRS count=5
2025-10-09 11:54:05,895 [DEBUG] Accepted segment [67584:68608], variance=0.0393, QRS count=5
2025-10-09 11:54:05,902 [DEBUG] Accepted segment [68096:69120], variance=0.0400, QRS count=5
2025-10-09 11:54:05,911 [DEBUG] Accepted segment [68608:69632], variance=0.0419, QRS count=5
2025-10-09 11:54:05,923 [DEBUG] Accepted segment [69120:70144], variance=0.0409, QRS count=5
2025-10-09 11:54:05,933 [DEBUG] Accepted segment [69632:70656], variance=0.0407, QRS count=5
2025-10-09 11:54:05,942 [DEBUG] Accepted segment [70144:71168], variance=0.0428, QRS count=6
2025-10-09 11:54:05,950 [DEBUG] Accepted segment [70656:71680], variance=0.0434, QRS count=6
2025-10-09 11:54:05,955 [DEBUG] Accepted segment [71168:72192], variance=0.1024, QRS count=6
2025-10-09 11:54:05,961 [DEBUG] Accepted segment [71680:72704], variance=0.1012, QRS count=6
2025-10-09 11:54:05,966 [DEBUG] Accepted segment [72192:73216], variance=0.0421, QRS count=6
2025-10-09 11:54:05,971 [DEBUG] Accepted segment [72704:73728], variance=0.0443, QRS count=6
2025-10-09 11:54:05,974 [DEBUG] Accepted segment [73216:74240], variance=0.0363, QRS count=5
2025-10-09 11:54:05,978 [DEBUG] Accepted segment [73728:74752], variance=0.0346, QRS count=5
2025-10-09 11:54:05,981 [DEBUG] Accepted segment [74240:75264], variance=0.0419, QRS count=5
2025-10-09 11:54:05,985 [DEBUG] Accepted segment [74752:75776], variance=0.0424, QRS count=5
2025-10-09 11:54:05,988 [DEBUG] Accepted segment [75264:76288], variance=0.0417, QRS count=6
2025-10-09 11:54:05,992 [DEBUG] Accepted segment [75776:76800], variance=0.0351, QRS count=5
2025-10-09 11:54:05,996 [DEBUG] Accepted segment [76288:77312], variance=0.0362, QRS count=5
2025-10-09 11:54:05,999 [DEBUG] Accepted segment [76800:77824], variance=0.0426, QRS count=5
2025-10-09 11:54:06,002 [DEBUG] Accepted segment [77312:78336], variance=0.0413, QRS count=5
2025-10-09 11:54:06,004 [DEBUG] Accepted segment [77824:78848], variance=0.0425, QRS count=6
2025-10-09 11:54:06,008 [DEBUG] Accepted segment [78336:79360], variance=0.0376, QRS count=6
2025-10-09 11:54:06,011 [DEBUG] Accepted segment [78848:79872], variance=0.0357, QRS count=5
2025-10-09 11:54:06,014 [DEBUG] Accepted segment [79360:80384], variance=0.0419, QRS count=5
2025-10-09 11:54:06,017 [DEBUG] Accepted segment [79872:80896], variance=0.0437, QRS count=5
2025-10-09 11:54:06,020 [DEBUG] Accepted segment [80384:81408], variance=0.0438, QRS count=6
2025-10-09 11:54:06,024 [DEBUG] Accepted segment [80896:81920], variance=0.0365, QRS count=5
2025-10-09 11:54:06,027 [DEBUG] Accepted segment [81408:82432], variance=0.0377, QRS count=5
2025-10-09 11:54:06,030 [DEBUG] Accepted segment [81920:82944], variance=0.0453, QRS count=5
2025-10-09 11:54:06,033 [DEBUG] Accepted segment [82432:83456], variance=0.0444, QRS count=5
2025-10-09 11:54:06,036 [DEBUG] Accepted segment [82944:83968], variance=0.0439, QRS count=6
2025-10-09 11:54:06,039 [DEBUG] Accepted segment [83456:84480], variance=0.0381, QRS count=6
2025-10-09 11:54:06,041 [DEBUG] Accepted segment [83968:84992], variance=0.0375, QRS count=5
2025-10-09 11:54:06,043 [DEBUG] Accepted segment [84480:85504], variance=0.0438, QRS count=5
2025-10-09 11:54:06,045 [DEBUG] Accepted segment [84992:86016], variance=0.0450, QRS count=5
2025-10-09 11:54:06,048 [DEBUG] Accepted segment [85504:86528], variance=0.0438, QRS count=6
2025-10-09 11:54:06,052 [DEBUG] Accepted segment [86016:87040], variance=0.0395, QRS count=6
2025-10-09 11:54:06,055 [DEBUG] Accepted segment [86528:87552], variance=0.0371, QRS count=6
2025-10-09 11:54:06,059 [DEBUG] Accepted segment [87040:88064], variance=0.0333, QRS count=5
2025-10-09 11:54:06,063 [DEBUG] Accepted segment [87552:88576], variance=0.0367, QRS count=5
2025-10-09 11:54:06,067 [DEBUG] Accepted segment [88064:89088], variance=0.0441, QRS count=6
2025-10-09 11:54:06,072 [DEBUG] Accepted segment [88576:89600], variance=0.0408, QRS count=5
2025-10-09 11:54:06,077 [DEBUG] Accepted segment [89088:90112], variance=0.0355, QRS count=5
2025-10-09 11:54:06,081 [DEBUG] Accepted segment [89600:90624], variance=0.0369, QRS count=5
2025-10-09 11:54:06,084 [DEBUG] Accepted segment [90112:91136], variance=0.0406, QRS count=5
2025-10-09 11:54:06,087 [DEBUG] Accepted segment [90624:91648], variance=0.0398, QRS count=5
2025-10-09 11:54:06,090 [DEBUG] Accepted segment [91136:92160], variance=0.0410, QRS count=5
2025-10-09 11:54:06,093 [DEBUG] Accepted segment [91648:92672], variance=0.0432, QRS count=5
2025-10-09 11:54:06,095 [DEBUG] Accepted segment [92160:93184], variance=0.0428, QRS count=6
2025-10-09 11:54:06,098 [DEBUG] Accepted segment [92672:93696], variance=0.1231, QRS count=6
2025-10-09 11:54:06,100 [DEBUG] Accepted segment [93184:94208], variance=0.1247, QRS count=6
2025-10-09 11:54:06,103 [DEBUG] Accepted segment [93696:94720], variance=0.0461, QRS count=6
2025-10-09 11:54:06,105 [DEBUG] Accepted segment [94208:95232], variance=0.0474, QRS count=6
2025-10-09 11:54:06,107 [DEBUG] Accepted segment [94720:95744], variance=0.0470, QRS count=6
2025-10-09 11:54:06,109 [DEBUG] Accepted segment [95232:96256], variance=0.0389, QRS count=5
2025-10-09 11:54:06,111 [DEBUG] Accepted segment [95744:96768], variance=0.0370, QRS count=5
2025-10-09 11:54:06,114 [DEBUG] Accepted segment [96256:97280], variance=0.0435, QRS count=5
2025-10-09 11:54:06,116 [DEBUG] Accepted segment [96768:97792], variance=0.0446, QRS count=6
2025-10-09 11:54:06,118 [DEBUG] Accepted segment [97280:98304], variance=0.0436, QRS count=5
2025-10-09 11:54:06,121 [DEBUG] Accepted segment [97792:98816], variance=0.0419, QRS count=5
2025-10-09 11:54:06,123 [DEBUG] Accepted segment [98304:99328], variance=0.0424, QRS count=5
2025-10-09 11:54:06,125 [DEBUG] Accepted segment [98816:99840], variance=0.0469, QRS count=5
2025-10-09 11:54:06,127 [DEBUG] Accepted segment [99328:100352], variance=0.0437, QRS count=5
2025-10-09 11:54:06,130 [DEBUG] Accepted segment [99840:100864], variance=0.0338, QRS count=6
2025-10-09 11:54:06,132 [DEBUG] Accepted segment [100352:101376], variance=0.0349, QRS count=6
2025-10-09 11:54:06,134 [DEBUG] Accepted segment [100864:101888], variance=0.0390, QRS count=5
2025-10-09 11:54:06,137 [DEBUG] Accepted segment [101376:102400], variance=0.0407, QRS count=5
2025-10-09 11:54:06,139 [DEBUG] Accepted segment [101888:102912], variance=0.0429, QRS count=5
2025-10-09 11:54:06,141 [DEBUG] Accepted segment [102400:103424], variance=0.0422, QRS count=5
2025-10-09 11:54:06,143 [DEBUG] Accepted segment [102912:103936], variance=0.0401, QRS count=6
2025-10-09 11:54:06,146 [DEBUG] Accepted segment [103424:104448], variance=0.0405, QRS count=6
2025-10-09 11:54:06,148 [DEBUG] Accepted segment [103936:104960], variance=0.0415, QRS count=6
2025-10-09 11:54:06,151 [DEBUG] Accepted segment [104448:105472], variance=0.0408, QRS count=6
2025-10-09 11:54:06,153 [DEBUG] Accepted segment [104960:105984], variance=0.0404, QRS count=6
2025-10-09 11:54:06,153 [DEBUG] Skipping segment [105472:106496] due to overlap with noise [106400:107000]
2025-10-09 11:54:06,153 [DEBUG] Skipping segment [105984:107008] due to overlap with noise [106400:107000]
2025-10-09 11:54:06,153 [DEBUG] Skipping segment [106496:107520] due to overlap with noise [106400:107000]
2025-10-09 11:54:06,155 [DEBUG] Accepted segment [107008:108032], variance=0.0702, QRS count=6
2025-10-09 11:54:06,158 [DEBUG] Accepted segment [107520:108544], variance=0.0616, QRS count=6
2025-10-09 11:54:06,160 [DEBUG] Accepted segment [108032:109056], variance=0.0688, QRS count=7
2025-10-09 11:54:06,162 [DEBUG] Accepted segment [108544:109568], variance=0.0644, QRS count=6
2025-10-09 11:54:06,165 [DEBUG] Accepted segment [109056:110080], variance=0.0488, QRS count=6
2025-10-09 11:54:06,167 [DEBUG] Accepted segment [109568:110592], variance=0.0477, QRS count=6
2025-10-09 11:54:06,169 [DEBUG] Accepted segment [110080:111104], variance=0.0440, QRS count=6
2025-10-09 11:54:06,172 [DEBUG] Accepted segment [110592:111616], variance=0.0451, QRS count=7
2025-10-09 11:54:06,174 [DEBUG] Accepted segment [111104:112128], variance=0.0552, QRS count=6
2025-10-09 11:54:06,176 [DEBUG] Accepted segment [111616:112640], variance=0.0556, QRS count=6
2025-10-09 11:54:06,179 [DEBUG] Accepted segment [112128:113152], variance=0.0543, QRS count=6
2025-10-09 11:54:06,181 [DEBUG] Accepted segment [112640:113664], variance=0.0555, QRS count=6
2025-10-09 11:54:06,184 [DEBUG] Accepted segment [113152:114176], variance=0.0560, QRS count=5
2025-10-09 11:54:06,186 [DEBUG] Accepted segment [113664:114688], variance=0.0558, QRS count=5
2025-10-09 11:54:06,188 [DEBUG] Accepted segment [114176:115200], variance=0.0667, QRS count=5
2025-10-09 11:54:06,190 [DEBUG] Accepted segment [114688:115712], variance=0.0741, QRS count=6
2025-10-09 11:54:06,193 [DEBUG] Accepted segment [115200:116224], variance=0.0637, QRS count=6
2025-10-09 11:54:06,195 [DEBUG] Accepted segment [115712:116736], variance=0.0559, QRS count=6
2025-10-09 11:54:06,197 [DEBUG] Accepted segment [116224:117248], variance=0.0528, QRS count=6
2025-10-09 11:54:06,200 [DEBUG] Accepted segment [116736:117760], variance=0.0522, QRS count=5
2025-10-09 11:54:06,203 [DEBUG] Accepted segment [117248:118272], variance=0.0472, QRS count=6
2025-10-09 11:54:06,205 [DEBUG] Accepted segment [117760:118784], variance=0.0471, QRS count=5
2025-10-09 11:54:06,207 [DEBUG] Accepted segment [118272:119296], variance=0.0569, QRS count=5
2025-10-09 11:54:06,210 [DEBUG] Accepted segment [118784:119808], variance=0.0603, QRS count=5
2025-10-09 11:54:06,212 [DEBUG] Accepted segment [119296:120320], variance=0.0607, QRS count=5
2025-10-09 11:54:06,215 [DEBUG] Accepted segment [119808:120832], variance=0.0601, QRS count=6
2025-10-09 11:54:06,217 [DEBUG] Accepted segment [120320:121344], variance=0.0600, QRS count=6
2025-10-09 11:54:06,220 [DEBUG] Accepted segment [120832:121856], variance=0.0599, QRS count=6
2025-10-09 11:54:06,222 [DEBUG] Accepted segment [121344:122368], variance=0.0489, QRS count=5
2025-10-09 11:54:06,225 [DEBUG] Accepted segment [121856:122880], variance=0.0471, QRS count=5
2025-10-09 11:54:06,227 [DEBUG] Accepted segment [122368:123392], variance=0.0592, QRS count=5
2025-10-09 11:54:06,229 [DEBUG] Accepted segment [122880:123904], variance=0.0606, QRS count=5
2025-10-09 11:54:06,232 [DEBUG] Accepted segment [123392:124416], variance=0.0582, QRS count=5
2025-10-09 11:54:06,234 [DEBUG] Accepted segment [123904:124928], variance=0.0582, QRS count=6
2025-10-09 11:54:06,237 [DEBUG] Accepted segment [124416:125440], variance=0.0592, QRS count=6
2025-10-09 11:54:06,239 [DEBUG] Accepted segment [124928:125952], variance=0.0585, QRS count=5
2025-10-09 11:54:06,244 [DEBUG] Accepted segment [125440:126464], variance=0.0485, QRS count=5
2025-10-09 11:54:06,247 [DEBUG] Accepted segment [125952:126976], variance=0.0503, QRS count=5
2025-10-09 11:54:06,250 [DEBUG] Accepted segment [126464:127488], variance=0.0614, QRS count=5
2025-10-09 11:54:06,253 [DEBUG] Accepted segment [126976:128000], variance=0.0608, QRS count=5
2025-10-09 11:54:06,254 [INFO] Segmented signal of length 128000 into 246 valid segments
2025-10-09 11:54:06,575 [DEBUG] Accepted segment [0:1024], variance=0.0485, QRS count=5
2025-10-09 11:54:06,577 [DEBUG] Accepted segment [512:1536], variance=0.0603, QRS count=5
2025-10-09 11:54:06,580 [DEBUG] Accepted segment [1024:2048], variance=0.0717, QRS count=5
2025-10-09 11:54:06,582 [DEBUG] Accepted segment [1536:2560], variance=0.0797, QRS count=6
2025-10-09 11:54:06,586 [DEBUG] Accepted segment [2048:3072], variance=0.0709, QRS count=6
2025-10-09 11:54:06,588 [DEBUG] Accepted segment [2560:3584], variance=0.0522, QRS count=5
2025-10-09 11:54:06,591 [DEBUG] Accepted segment [3072:4096], variance=0.0484, QRS count=5
2025-10-09 11:54:06,593 [DEBUG] Accepted segment [3584:4608], variance=0.0533, QRS count=5
2025-10-09 11:54:06,596 [DEBUG] Accepted segment [4096:5120], variance=0.0519, QRS count=6
2025-10-09 11:54:06,598 [DEBUG] Accepted segment [4608:5632], variance=0.0539, QRS count=6
2025-10-09 11:54:06,601 [DEBUG] Accepted segment [5120:6144], variance=0.0559, QRS count=5
2025-10-09 11:54:06,603 [DEBUG] Accepted segment [5632:6656], variance=0.0539, QRS count=5
2025-10-09 11:54:06,605 [DEBUG] Accepted segment [6144:7168], variance=0.0528, QRS count=5
2025-10-09 11:54:06,608 [DEBUG] Accepted segment [6656:7680], variance=0.0470, QRS count=5
2025-10-09 11:54:06,610 [DEBUG] Accepted segment [7168:8192], variance=0.0480, QRS count=5
2025-10-09 11:54:06,613 [DEBUG] Accepted segment [7680:8704], variance=0.0566, QRS count=5
2025-10-09 11:54:06,615 [DEBUG] Accepted segment [8192:9216], variance=0.0601, QRS count=5
2025-10-09 11:54:06,618 [DEBUG] Accepted segment [8704:9728], variance=0.0621, QRS count=6
2025-10-09 11:54:06,621 [DEBUG] Accepted segment [9216:10240], variance=0.0520, QRS count=5
2025-10-09 11:54:06,623 [DEBUG] Accepted segment [9728:10752], variance=0.0495, QRS count=5
2025-10-09 11:54:06,625 [DEBUG] Accepted segment [10240:11264], variance=0.0569, QRS count=5
2025-10-09 11:54:06,628 [DEBUG] Accepted segment [10752:11776], variance=0.0581, QRS count=5
2025-10-09 11:54:06,630 [DEBUG] Accepted segment [11264:12288], variance=0.0586, QRS count=6
2025-10-09 11:54:06,633 [DEBUG] Accepted segment [11776:12800], variance=0.0491, QRS count=6
2025-10-09 11:54:06,635 [DEBUG] Accepted segment [12288:13312], variance=0.0499, QRS count=5
2025-10-09 11:54:06,637 [DEBUG] Accepted segment [12800:13824], variance=0.0607, QRS count=5
2025-10-09 11:54:06,640 [DEBUG] Accepted segment [13312:14336], variance=0.0595, QRS count=5
2025-10-09 11:54:06,642 [DEBUG] Accepted segment [13824:14848], variance=0.0566, QRS count=6
2025-10-09 11:54:06,645 [DEBUG] Accepted segment [14336:15360], variance=0.0585, QRS count=6
2025-10-09 11:54:06,648 [DEBUG] Accepted segment [14848:15872], variance=0.0575, QRS count=6
2025-10-09 11:54:06,650 [DEBUG] Accepted segment [15360:16384], variance=0.0520, QRS count=5
2025-10-09 11:54:06,653 [DEBUG] Accepted segment [15872:16896], variance=0.0511, QRS count=5
2025-10-09 11:54:06,655 [DEBUG] Accepted segment [16384:17408], variance=0.0506, QRS count=5
2025-10-09 11:54:06,657 [DEBUG] Accepted segment [16896:17920], variance=0.0476, QRS count=5
2025-10-09 11:54:06,659 [DEBUG] Accepted segment [17408:18432], variance=0.0447, QRS count=5
2025-10-09 11:54:06,662 [DEBUG] Accepted segment [17920:18944], variance=0.0474, QRS count=6
2025-10-09 11:54:06,664 [DEBUG] Accepted segment [18432:19456], variance=0.0513, QRS count=6
2025-10-09 11:54:06,666 [DEBUG] Accepted segment [18944:19968], variance=0.0520, QRS count=5
2025-10-09 11:54:06,668 [DEBUG] Accepted segment [19456:20480], variance=0.0518, QRS count=5
2025-10-09 11:54:06,671 [DEBUG] Accepted segment [19968:20992], variance=0.0535, QRS count=5
2025-10-09 11:54:06,673 [DEBUG] Accepted segment [20480:21504], variance=0.0570, QRS count=5
2025-10-09 11:54:06,675 [DEBUG] Accepted segment [20992:22016], variance=0.0584, QRS count=5
2025-10-09 11:54:06,677 [DEBUG] Accepted segment [21504:22528], variance=0.0589, QRS count=5
2025-10-09 11:54:06,680 [DEBUG] Accepted segment [22016:23040], variance=0.0598, QRS count=6
2025-10-09 11:54:06,682 [DEBUG] Accepted segment [22528:23552], variance=0.0604, QRS count=6
2025-10-09 11:54:06,685 [DEBUG] Accepted segment [23040:24064], variance=0.0594, QRS count=5
2025-10-09 11:54:06,687 [DEBUG] Accepted segment [23552:24576], variance=0.0598, QRS count=6
2025-10-09 11:54:06,689 [DEBUG] Accepted segment [24064:25088], variance=0.0620, QRS count=6
2025-10-09 11:54:06,691 [DEBUG] Accepted segment [24576:25600], variance=0.1251, QRS count=6
2025-10-09 11:54:06,694 [DEBUG] Accepted segment [25088:26112], variance=0.1270, QRS count=6
2025-10-09 11:54:06,696 [DEBUG] Accepted segment [25600:26624], variance=0.0756, QRS count=6
2025-10-09 11:54:06,698 [DEBUG] Accepted segment [26112:27136], variance=0.0709, QRS count=6
2025-10-09 11:54:06,701 [DEBUG] Accepted segment [26624:27648], variance=0.0589, QRS count=6
2025-10-09 11:54:06,703 [DEBUG] Accepted segment [27136:28160], variance=0.0584, QRS count=6
2025-10-09 11:54:06,705 [DEBUG] Accepted segment [27648:28672], variance=0.0565, QRS count=6
2025-10-09 11:54:06,707 [DEBUG] Accepted segment [28160:29184], variance=0.0559, QRS count=6
2025-10-09 11:54:06,710 [DEBUG] Accepted segment [28672:29696], variance=0.0563, QRS count=6
2025-10-09 11:54:06,712 [DEBUG] Accepted segment [29184:30208], variance=0.0540, QRS count=6
2025-10-09 11:54:06,715 [DEBUG] Accepted segment [29696:30720], variance=0.0480, QRS count=6
2025-10-09 11:54:06,717 [DEBUG] Accepted segment [30208:31232], variance=0.0466, QRS count=5
2025-10-09 11:54:06,719 [DEBUG] Accepted segment [30720:31744], variance=0.0484, QRS count=5
2025-10-09 11:54:06,722 [DEBUG] Accepted segment [31232:32256], variance=0.0523, QRS count=6
2025-10-09 11:54:06,724 [DEBUG] Accepted segment [31744:32768], variance=0.0579, QRS count=6
2025-10-09 11:54:06,726 [DEBUG] Accepted segment [32256:33280], variance=0.0605, QRS count=5
2025-10-09 11:54:06,729 [DEBUG] Accepted segment [32768:33792], variance=0.0593, QRS count=5
2025-10-09 11:54:06,731 [DEBUG] Accepted segment [33280:34304], variance=0.0577, QRS count=5
2025-10-09 11:54:06,733 [DEBUG] Accepted segment [33792:34816], variance=0.0579, QRS count=6
2025-10-09 11:54:06,736 [DEBUG] Accepted segment [34304:35328], variance=0.0569, QRS count=6
2025-10-09 11:54:06,738 [DEBUG] Accepted segment [34816:35840], variance=0.0569, QRS count=6
2025-10-09 11:54:06,740 [DEBUG] Accepted segment [35328:36352], variance=0.0586, QRS count=6
2025-10-09 11:54:06,743 [DEBUG] Accepted segment [35840:36864], variance=0.0496, QRS count=6
2025-10-09 11:54:06,745 [DEBUG] Accepted segment [36352:37376], variance=0.0498, QRS count=5
2025-10-09 11:54:06,748 [DEBUG] Accepted segment [36864:37888], variance=0.0598, QRS count=5
2025-10-09 11:54:06,750 [DEBUG] Accepted segment [37376:38400], variance=0.0608, QRS count=5
2025-10-09 11:54:06,752 [DEBUG] Accepted segment [37888:38912], variance=0.0619, QRS count=5
2025-10-09 11:54:06,755 [DEBUG] Accepted segment [38400:39424], variance=0.0603, QRS count=6
2025-10-09 11:54:06,757 [DEBUG] Accepted segment [38912:39936], variance=0.0589, QRS count=6
2025-10-09 11:54:06,759 [DEBUG] Accepted segment [39424:40448], variance=0.0607, QRS count=6
2025-10-09 11:54:06,762 [DEBUG] Accepted segment [39936:40960], variance=0.0523, QRS count=6
2025-10-09 11:54:06,764 [DEBUG] Accepted segment [40448:41472], variance=0.0519, QRS count=5
2025-10-09 11:54:06,766 [DEBUG] Accepted segment [40960:41984], variance=0.0605, QRS count=5
2025-10-09 11:54:06,769 [DEBUG] Accepted segment [41472:42496], variance=0.0594, QRS count=5
2025-10-09 11:54:06,772 [DEBUG] Accepted segment [41984:43008], variance=0.0573, QRS count=6
2025-10-09 11:54:06,774 [DEBUG] Accepted segment [42496:43520], variance=0.0570, QRS count=6
2025-10-09 11:54:06,776 [DEBUG] Accepted segment [43008:44032], variance=0.0501, QRS count=5
2025-10-09 11:54:06,779 [DEBUG] Accepted segment [43520:44544], variance=0.0484, QRS count=5
2025-10-09 11:54:06,781 [DEBUG] Accepted segment [44032:45056], variance=0.0558, QRS count=5
2025-10-09 11:54:06,783 [DEBUG] Accepted segment [44544:45568], variance=0.0570, QRS count=5
2025-10-09 11:54:06,786 [DEBUG] Accepted segment [45056:46080], variance=0.0533, QRS count=5
2025-10-09 11:54:06,788 [DEBUG] Accepted segment [45568:46592], variance=0.0483, QRS count=6
2025-10-09 11:54:06,790 [DEBUG] Accepted segment [46080:47104], variance=0.0507, QRS count=6
2025-10-09 11:54:06,793 [DEBUG] Accepted segment [46592:47616], variance=0.0576, QRS count=6
2025-10-09 11:54:06,795 [DEBUG] Accepted segment [47104:48128], variance=0.0606, QRS count=6
2025-10-09 11:54:06,797 [DEBUG] Accepted segment [47616:48640], variance=0.0595, QRS count=6
2025-10-09 11:54:06,800 [DEBUG] Accepted segment [48128:49152], variance=0.0510, QRS count=6
2025-10-09 11:54:06,802 [DEBUG] Accepted segment [48640:49664], variance=0.0516, QRS count=5
2025-10-09 11:54:06,804 [DEBUG] Accepted segment [49152:50176], variance=0.0585, QRS count=5
2025-10-09 11:54:06,807 [DEBUG] Accepted segment [49664:50688], variance=0.0584, QRS count=5
2025-10-09 11:54:06,809 [DEBUG] Accepted segment [50176:51200], variance=0.0589, QRS count=6
2025-10-09 11:54:06,812 [DEBUG] Accepted segment [50688:51712], variance=0.0584, QRS count=6
2025-10-09 11:54:06,814 [DEBUG] Accepted segment [51200:52224], variance=0.0501, QRS count=5
2025-10-09 11:54:06,816 [DEBUG] Accepted segment [51712:52736], variance=0.0509, QRS count=5
2025-10-09 11:54:06,818 [DEBUG] Accepted segment [52224:53248], variance=0.0593, QRS count=5
2025-10-09 11:54:06,821 [DEBUG] Accepted segment [52736:53760], variance=0.0583, QRS count=6
2025-10-09 11:54:06,823 [DEBUG] Accepted segment [53248:54272], variance=0.0595, QRS count=5
2025-10-09 11:54:06,825 [DEBUG] Accepted segment [53760:54784], variance=0.0531, QRS count=5
2025-10-09 11:54:06,827 [DEBUG] Accepted segment [54272:55296], variance=0.0531, QRS count=5
2025-10-09 11:54:06,830 [DEBUG] Accepted segment [54784:55808], variance=0.0593, QRS count=5
2025-10-09 11:54:06,832 [DEBUG] Accepted segment [55296:56320], variance=0.0602, QRS count=5
2025-10-09 11:54:06,835 [DEBUG] Accepted segment [55808:56832], variance=0.0621, QRS count=5
2025-10-09 11:54:06,837 [DEBUG] Accepted segment [56320:57344], variance=0.0596, QRS count=5
2025-10-09 11:54:06,839 [DEBUG] Accepted segment [56832:57856], variance=0.0563, QRS count=6
2025-10-09 11:54:06,842 [DEBUG] Accepted segment [57344:58368], variance=0.0567, QRS count=6
2025-10-09 11:54:06,844 [DEBUG] Accepted segment [57856:58880], variance=0.0583, QRS count=5
2025-10-09 11:54:06,846 [DEBUG] Accepted segment [58368:59392], variance=0.0492, QRS count=5
2025-10-09 11:54:06,849 [DEBUG] Accepted segment [58880:59904], variance=0.0492, QRS count=5
2025-10-09 11:54:06,851 [DEBUG] Accepted segment [59392:60416], variance=0.0592, QRS count=5
2025-10-09 11:54:06,854 [DEBUG] Accepted segment [59904:60928], variance=0.0586, QRS count=5
2025-10-09 11:54:06,856 [DEBUG] Accepted segment [60416:61440], variance=0.0579, QRS count=6
2025-10-09 11:54:06,859 [DEBUG] Accepted segment [60928:61952], variance=0.0584, QRS count=6
2025-10-09 11:54:06,861 [DEBUG] Accepted segment [61440:62464], variance=0.0588, QRS count=5
2025-10-09 11:54:06,863 [DEBUG] Accepted segment [61952:62976], variance=0.0565, QRS count=5
2025-10-09 11:54:06,866 [DEBUG] Accepted segment [62464:63488], variance=0.0485, QRS count=6
2025-10-09 11:54:06,868 [DEBUG] Accepted segment [62976:64000], variance=0.0508, QRS count=5
2025-10-09 11:54:06,870 [DEBUG] Accepted segment [63488:64512], variance=0.0608, QRS count=5
2025-10-09 11:54:06,873 [DEBUG] Accepted segment [64000:65024], variance=0.0619, QRS count=5
2025-10-09 11:54:06,875 [DEBUG] Accepted segment [64512:65536], variance=0.0587, QRS count=5
2025-10-09 11:54:06,877 [DEBUG] Accepted segment [65024:66048], variance=0.0603, QRS count=5
2025-10-09 11:54:06,880 [DEBUG] Accepted segment [65536:66560], variance=0.0623, QRS count=5
2025-10-09 11:54:06,884 [DEBUG] Accepted segment [66048:67072], variance=0.0612, QRS count=5
2025-10-09 11:54:06,888 [DEBUG] Accepted segment [66560:67584], variance=0.0614, QRS count=6
2025-10-09 11:54:06,891 [DEBUG] Accepted segment [67072:68096], variance=0.0627, QRS count=6
2025-10-09 11:54:06,894 [DEBUG] Accepted segment [67584:68608], variance=0.0535, QRS count=5
2025-10-09 11:54:06,898 [DEBUG] Accepted segment [68096:69120], variance=0.0529, QRS count=5
2025-10-09 11:54:06,901 [DEBUG] Accepted segment [68608:69632], variance=0.0620, QRS count=5
2025-10-09 11:54:06,904 [DEBUG] Accepted segment [69120:70144], variance=0.0512, QRS count=6
2025-10-09 11:54:06,907 [DEBUG] Accepted segment [69632:70656], variance=0.0508, QRS count=5
2025-10-09 11:54:06,909 [DEBUG] Accepted segment [70144:71168], variance=0.0623, QRS count=5
2025-10-09 11:54:06,912 [DEBUG] Accepted segment [70656:71680], variance=0.0649, QRS count=5
2025-10-09 11:54:06,914 [DEBUG] Accepted segment [71168:72192], variance=0.0649, QRS count=6
2025-10-09 11:54:06,917 [DEBUG] Accepted segment [71680:72704], variance=0.0643, QRS count=6
2025-10-09 11:54:06,919 [DEBUG] Accepted segment [72192:73216], variance=0.0546, QRS count=6
2025-10-09 11:54:06,921 [DEBUG] Accepted segment [72704:73728], variance=0.0550, QRS count=5
2025-10-09 11:54:06,923 [DEBUG] Accepted segment [73216:74240], variance=0.0646, QRS count=5
2025-10-09 11:54:06,925 [DEBUG] Accepted segment [73728:74752], variance=0.0630, QRS count=5
2025-10-09 11:54:06,927 [DEBUG] Accepted segment [74240:75264], variance=0.0623, QRS count=6
2025-10-09 11:54:06,930 [DEBUG] Accepted segment [74752:75776], variance=0.0621, QRS count=6
2025-10-09 11:54:06,932 [DEBUG] Accepted segment [75264:76288], variance=0.0509, QRS count=6
2025-10-09 11:54:06,934 [DEBUG] Accepted segment [75776:76800], variance=0.0518, QRS count=5
2025-10-09 11:54:06,936 [DEBUG] Accepted segment [76288:77312], variance=0.0641, QRS count=5
2025-10-09 11:54:06,939 [DEBUG] Accepted segment [76800:77824], variance=0.0659, QRS count=5
2025-10-09 11:54:06,941 [DEBUG] Accepted segment [77312:78336], variance=0.0647, QRS count=6
2025-10-09 11:54:06,943 [DEBUG] Accepted segment [77824:78848], variance=0.0543, QRS count=5
2025-10-09 11:54:06,946 [DEBUG] Accepted segment [78336:79360], variance=0.0534, QRS count=5
2025-10-09 11:54:06,948 [DEBUG] Accepted segment [78848:79872], variance=0.0600, QRS count=5
2025-10-09 11:54:06,951 [DEBUG] Accepted segment [79360:80384], variance=0.0605, QRS count=6
2025-10-09 11:54:06,953 [DEBUG] Accepted segment [79872:80896], variance=0.0530, QRS count=5
2025-10-09 11:54:06,955 [DEBUG] Accepted segment [80384:81408], variance=0.0525, QRS count=5
2025-10-09 11:54:06,957 [DEBUG] Accepted segment [80896:81920], variance=0.0614, QRS count=5
2025-10-09 11:54:06,960 [DEBUG] Accepted segment [81408:82432], variance=0.0623, QRS count=6
2025-10-09 11:54:06,962 [DEBUG] Accepted segment [81920:82944], variance=0.0606, QRS count=5
2025-10-09 11:54:06,964 [DEBUG] Accepted segment [82432:83456], variance=0.0508, QRS count=5
2025-10-09 11:54:06,967 [DEBUG] Accepted segment [82944:83968], variance=0.0525, QRS count=5
2025-10-09 11:54:06,969 [DEBUG] Accepted segment [83456:84480], variance=0.0618, QRS count=5
2025-10-09 11:54:06,971 [DEBUG] Accepted segment [83968:84992], variance=0.0601, QRS count=5
2025-10-09 11:54:06,974 [DEBUG] Accepted segment [84480:85504], variance=0.0589, QRS count=5
2025-10-09 11:54:06,977 [DEBUG] Accepted segment [84992:86016], variance=0.0579, QRS count=6
2025-10-09 11:54:06,979 [DEBUG] Accepted segment [85504:86528], variance=0.0604, QRS count=6
2025-10-09 11:54:06,981 [DEBUG] Accepted segment [86016:87040], variance=0.0538, QRS count=5
2025-10-09 11:54:06,984 [DEBUG] Accepted segment [86528:87552], variance=0.0515, QRS count=5
2025-10-09 11:54:06,986 [DEBUG] Accepted segment [87040:88064], variance=0.0609, QRS count=5
2025-10-09 11:54:06,989 [DEBUG] Accepted segment [87552:88576], variance=0.0617, QRS count=5
2025-10-09 11:54:06,991 [DEBUG] Accepted segment [88064:89088], variance=0.0498, QRS count=5
2025-10-09 11:54:06,993 [DEBUG] Accepted segment [88576:89600], variance=0.0489, QRS count=5
2025-10-09 11:54:06,996 [DEBUG] Accepted segment [89088:90112], variance=0.0603, QRS count=5
2025-10-09 11:54:06,998 [DEBUG] Accepted segment [89600:90624], variance=0.0612, QRS count=6
2025-10-09 11:54:07,000 [DEBUG] Accepted segment [90112:91136], variance=0.0612, QRS count=6
2025-10-09 11:54:07,003 [DEBUG] Accepted segment [90624:91648], variance=0.0535, QRS count=5
2025-10-09 11:54:07,005 [DEBUG] Accepted segment [91136:92160], variance=0.0552, QRS count=5
2025-10-09 11:54:07,007 [DEBUG] Accepted segment [91648:92672], variance=0.0635, QRS count=5
2025-10-09 11:54:07,010 [DEBUG] Accepted segment [92160:93184], variance=0.0609, QRS count=5
2025-10-09 11:54:07,012 [DEBUG] Accepted segment [92672:93696], variance=0.0534, QRS count=6
2025-10-09 11:54:07,014 [DEBUG] Accepted segment [93184:94208], variance=0.0553, QRS count=5
2025-10-09 11:54:07,017 [DEBUG] Accepted segment [93696:94720], variance=0.0625, QRS count=5
2025-10-09 11:54:07,019 [DEBUG] Accepted segment [94208:95232], variance=0.0619, QRS count=5
2025-10-09 11:54:07,021 [DEBUG] Accepted segment [94720:95744], variance=0.0629, QRS count=6
2025-10-09 11:54:07,024 [DEBUG] Accepted segment [95232:96256], variance=0.0528, QRS count=5
2025-10-09 11:54:07,026 [DEBUG] Accepted segment [95744:96768], variance=0.0525, QRS count=5
2025-10-09 11:54:07,028 [DEBUG] Accepted segment [96256:97280], variance=0.0625, QRS count=5
2025-10-09 11:54:07,031 [DEBUG] Accepted segment [96768:97792], variance=0.0602, QRS count=6
2025-10-09 11:54:07,033 [DEBUG] Accepted segment [97280:98304], variance=0.0574, QRS count=6
2025-10-09 11:54:07,035 [DEBUG] Accepted segment [97792:98816], variance=0.0569, QRS count=6
2025-10-09 11:54:07,038 [DEBUG] Accepted segment [98304:99328], variance=0.0501, QRS count=6
2025-10-09 11:54:07,040 [DEBUG] Accepted segment [98816:99840], variance=0.0510, QRS count=5
2025-10-09 11:54:07,042 [DEBUG] Accepted segment [99328:100352], variance=0.0579, QRS count=5
2025-10-09 11:54:07,045 [DEBUG] Accepted segment [99840:100864], variance=0.0583, QRS count=5
2025-10-09 11:54:07,047 [DEBUG] Accepted segment [100352:101376], variance=0.0604, QRS count=5
2025-10-09 11:54:07,050 [DEBUG] Accepted segment [100864:101888], variance=0.0593, QRS count=6
2025-10-09 11:54:07,053 [DEBUG] Accepted segment [101376:102400], variance=0.0568, QRS count=6
2025-10-09 11:54:07,055 [DEBUG] Accepted segment [101888:102912], variance=0.0552, QRS count=6
2025-10-09 11:54:07,058 [DEBUG] Accepted segment [102400:103424], variance=0.0554, QRS count=6
2025-10-09 11:54:07,060 [DEBUG] Accepted segment [102912:103936], variance=0.0574, QRS count=6
2025-10-09 11:54:07,063 [DEBUG] Accepted segment [103424:104448], variance=0.0576, QRS count=5
2025-10-09 11:54:07,066 [DEBUG] Accepted segment [103936:104960], variance=0.0472, QRS count=6
2025-10-09 11:54:07,069 [DEBUG] Accepted segment [104448:105472], variance=0.0462, QRS count=5
2025-10-09 11:54:07,072 [DEBUG] Accepted segment [104960:105984], variance=0.0554, QRS count=5
2025-10-09 11:54:07,075 [DEBUG] Accepted segment [105472:106496], variance=0.0562, QRS count=5
2025-10-09 11:54:07,078 [DEBUG] Accepted segment [105984:107008], variance=0.0543, QRS count=5
2025-10-09 11:54:07,080 [DEBUG] Accepted segment [106496:107520], variance=0.0518, QRS count=5
2025-10-09 11:54:07,083 [DEBUG] Accepted segment [107008:108032], variance=0.0523, QRS count=5
2025-10-09 11:54:07,085 [DEBUG] Accepted segment [107520:108544], variance=0.0539, QRS count=5
2025-10-09 11:54:07,088 [DEBUG] Accepted segment [108032:109056], variance=0.0543, QRS count=5
2025-10-09 11:54:07,090 [DEBUG] Accepted segment [108544:109568], variance=0.0531, QRS count=6
2025-10-09 11:54:07,093 [DEBUG] Accepted segment [109056:110080], variance=0.0515, QRS count=6
2025-10-09 11:54:07,096 [DEBUG] Accepted segment [109568:110592], variance=0.0521, QRS count=6
2025-10-09 11:54:07,099 [DEBUG] Accepted segment [110080:111104], variance=0.1279, QRS count=6
2025-10-09 11:54:07,102 [DEBUG] Accepted segment [110592:111616], variance=0.1293, QRS count=5
2025-10-09 11:54:07,104 [DEBUG] Accepted segment [111104:112128], variance=0.0552, QRS count=6
2025-10-09 11:54:07,107 [DEBUG] Accepted segment [111616:112640], variance=0.0537, QRS count=6
2025-10-09 11:54:07,109 [DEBUG] Accepted segment [112128:113152], variance=0.0532, QRS count=6
2025-10-09 11:54:07,113 [DEBUG] Accepted segment [112640:113664], variance=0.0558, QRS count=6
2025-10-09 11:54:07,115 [DEBUG] Accepted segment [113152:114176], variance=0.0582, QRS count=5
2025-10-09 11:54:07,118 [DEBUG] Accepted segment [113664:114688], variance=0.0514, QRS count=6
2025-10-09 11:54:07,120 [DEBUG] Accepted segment [114176:115200], variance=0.0525, QRS count=5
2025-10-09 11:54:07,123 [DEBUG] Accepted segment [114688:115712], variance=0.0596, QRS count=5
2025-10-09 11:54:07,125 [DEBUG] Accepted segment [115200:116224], variance=0.0584, QRS count=5
2025-10-09 11:54:07,128 [DEBUG] Accepted segment [115712:116736], variance=0.0515, QRS count=6
2025-10-09 11:54:07,130 [DEBUG] Accepted segment [116224:117248], variance=0.0530, QRS count=5
2025-10-09 11:54:07,133 [DEBUG] Accepted segment [116736:117760], variance=0.0609, QRS count=5
2025-10-09 11:54:07,135 [DEBUG] Accepted segment [117248:118272], variance=0.0628, QRS count=5
2025-10-09 11:54:07,138 [DEBUG] Accepted segment [117760:118784], variance=0.0637, QRS count=6
2025-10-09 11:54:07,140 [DEBUG] Accepted segment [118272:119296], variance=0.0609, QRS count=6
2025-10-09 11:54:07,142 [DEBUG] Accepted segment [118784:119808], variance=0.0506, QRS count=6
2025-10-09 11:54:07,142 [DEBUG] Skipping segment [119296:120320] due to overlap with noise [120200:120500]
2025-10-09 11:54:07,142 [DEBUG] Skipping segment [119808:120832] due to overlap with noise [120200:120500]
2025-10-09 11:54:07,142 [DEBUG] Skipping segment [120320:121344] due to overlap with noise [120200:120500]
2025-10-09 11:54:07,145 [DEBUG] Accepted segment [120832:121856], variance=0.0428, QRS count=6
2025-10-09 11:54:07,148 [DEBUG] Accepted segment [121344:122368], variance=0.0406, QRS count=6
2025-10-09 11:54:07,151 [DEBUG] Accepted segment [121856:122880], variance=0.0365, QRS count=6
2025-10-09 11:54:07,153 [DEBUG] Accepted segment [122368:123392], variance=0.0401, QRS count=5
2025-10-09 11:54:07,156 [DEBUG] Accepted segment [122880:123904], variance=0.0464, QRS count=6
2025-10-09 11:54:07,158 [DEBUG] Accepted segment [123392:124416], variance=0.0520, QRS count=6
2025-10-09 11:54:07,161 [DEBUG] Accepted segment [123904:124928], variance=0.0439, QRS count=5
2025-10-09 11:54:07,163 [DEBUG] Accepted segment [124416:125440], variance=0.0354, QRS count=5
2025-10-09 11:54:07,165 [DEBUG] Accepted segment [124928:125952], variance=0.0386, QRS count=5
2025-10-09 11:54:07,168 [DEBUG] Accepted segment [125440:126464], variance=0.0365, QRS count=5
2025-10-09 11:54:07,170 [DEBUG] Accepted segment [125952:126976], variance=0.0365, QRS count=6
2025-10-09 11:54:07,172 [DEBUG] Accepted segment [126464:127488], variance=0.0327, QRS count=5
2025-10-09 11:54:07,175 [DEBUG] Accepted segment [126976:128000], variance=0.0324, QRS count=5
2025-10-09 11:54:07,175 [INFO] Segmented signal of length 128000 into 246 valid segments
2025-10-09 11:54:07,479 [DEBUG] Accepted segment [0:1024], variance=0.0401, QRS count=6
2025-10-09 11:54:07,482 [DEBUG] Accepted segment [512:1536], variance=0.0419, QRS count=6
2025-10-09 11:54:07,484 [DEBUG] Accepted segment [1024:2048], variance=0.0415, QRS count=6
2025-10-09 11:54:07,486 [DEBUG] Accepted segment [1536:2560], variance=0.0390, QRS count=6
2025-10-09 11:54:07,489 [DEBUG] Accepted segment [2048:3072], variance=0.0377, QRS count=6
2025-10-09 11:54:07,491 [DEBUG] Accepted segment [2560:3584], variance=0.0409, QRS count=6
2025-10-09 11:54:07,493 [DEBUG] Accepted segment [3072:4096], variance=0.0414, QRS count=5
2025-10-09 11:54:07,495 [DEBUG] Accepted segment [3584:4608], variance=0.0384, QRS count=5
2025-10-09 11:54:07,498 [DEBUG] Accepted segment [4096:5120], variance=0.0392, QRS count=5
2025-10-09 11:54:07,500 [DEBUG] Accepted segment [4608:5632], variance=0.0402, QRS count=5
2025-10-09 11:54:07,503 [DEBUG] Accepted segment [5120:6144], variance=0.0394, QRS count=5
2025-10-09 11:54:07,506 [DEBUG] Accepted segment [5632:6656], variance=0.0395, QRS count=5
2025-10-09 11:54:07,508 [DEBUG] Accepted segment [6144:7168], variance=0.0415, QRS count=5
2025-10-09 11:54:07,511 [DEBUG] Accepted segment [6656:7680], variance=0.0433, QRS count=5
2025-10-09 11:54:07,514 [DEBUG] Accepted segment [7168:8192], variance=0.0412, QRS count=5
2025-10-09 11:54:07,516 [DEBUG] Accepted segment [7680:8704], variance=0.0387, QRS count=6
2025-10-09 11:54:07,518 [DEBUG] Accepted segment [8192:9216], variance=0.0424, QRS count=6
2025-10-09 11:54:07,521 [DEBUG] Accepted segment [8704:9728], variance=0.0459, QRS count=6
2025-10-09 11:54:07,523 [DEBUG] Accepted segment [9216:10240], variance=0.0427, QRS count=5
2025-10-09 11:54:07,525 [DEBUG] Accepted segment [9728:10752], variance=0.0465, QRS count=5
2025-10-09 11:54:07,527 [DEBUG] Accepted segment [10240:11264], variance=0.0452, QRS count=6
2025-10-09 11:54:07,529 [DEBUG] Accepted segment [10752:11776], variance=0.0496, QRS count=6
2025-10-09 11:54:07,532 [DEBUG] Accepted segment [11264:12288], variance=0.0525, QRS count=6
2025-10-09 11:54:07,535 [DEBUG] Accepted segment [11776:12800], variance=0.0397, QRS count=6
2025-10-09 11:54:07,538 [DEBUG] Accepted segment [12288:13312], variance=0.0377, QRS count=6
2025-10-09 11:54:07,541 [DEBUG] Accepted segment [12800:13824], variance=0.0388, QRS count=6
2025-10-09 11:54:07,544 [DEBUG] Accepted segment [13312:14336], variance=0.0378, QRS count=6
2025-10-09 11:54:07,547 [DEBUG] Accepted segment [13824:14848], variance=0.0385, QRS count=6
2025-10-09 11:54:07,549 [DEBUG] Accepted segment [14336:15360], variance=0.0398, QRS count=6
2025-10-09 11:54:07,552 [DEBUG] Accepted segment [14848:15872], variance=0.0393, QRS count=5
2025-10-09 11:54:07,554 [DEBUG] Accepted segment [15360:16384], variance=0.0346, QRS count=6
2025-10-09 11:54:07,557 [DEBUG] Accepted segment [15872:16896], variance=0.0356, QRS count=5
2025-10-09 11:54:07,560 [DEBUG] Accepted segment [16384:17408], variance=0.0412, QRS count=5
2025-10-09 11:54:07,563 [DEBUG] Accepted segment [16896:17920], variance=0.0429, QRS count=5
2025-10-09 11:54:07,565 [DEBUG] Accepted segment [17408:18432], variance=0.0438, QRS count=5
2025-10-09 11:54:07,568 [DEBUG] Accepted segment [17920:18944], variance=0.0445, QRS count=5
2025-10-09 11:54:07,570 [DEBUG] Accepted segment [18432:19456], variance=0.0446, QRS count=5
2025-10-09 11:54:07,572 [DEBUG] Accepted segment [18944:19968], variance=0.0441, QRS count=5
2025-10-09 11:54:07,574 [DEBUG] Accepted segment [19456:20480], variance=0.0441, QRS count=5
2025-10-09 11:54:07,577 [DEBUG] Accepted segment [19968:20992], variance=0.0429, QRS count=5
2025-10-09 11:54:07,579 [DEBUG] Accepted segment [20480:21504], variance=0.0406, QRS count=5
2025-10-09 11:54:07,581 [DEBUG] Accepted segment [20992:22016], variance=0.0402, QRS count=5
2025-10-09 11:54:07,584 [DEBUG] Accepted segment [21504:22528], variance=0.0406, QRS count=5
2025-10-09 11:54:07,586 [DEBUG] Accepted segment [22016:23040], variance=0.0405, QRS count=5
2025-10-09 11:54:07,588 [DEBUG] Accepted segment [22528:23552], variance=0.0406, QRS count=5
2025-10-09 11:54:07,590 [DEBUG] Accepted segment [23040:24064], variance=0.0412, QRS count=5
2025-10-09 11:54:07,593 [DEBUG] Accepted segment [23552:24576], variance=0.0423, QRS count=5
2025-10-09 11:54:07,595 [DEBUG] Accepted segment [24064:25088], variance=0.0420, QRS count=6
2025-10-09 11:54:07,597 [DEBUG] Accepted segment [24576:25600], variance=0.0412, QRS count=6
2025-10-09 11:54:07,600 [DEBUG] Accepted segment [25088:26112], variance=0.0412, QRS count=6
2025-10-09 11:54:07,602 [DEBUG] Accepted segment [25600:26624], variance=0.0407, QRS count=6
2025-10-09 11:54:07,604 [DEBUG] Accepted segment [26112:27136], variance=0.0394, QRS count=6
2025-10-09 11:54:07,607 [DEBUG] Accepted segment [26624:27648], variance=0.0471, QRS count=6
2025-10-09 11:54:07,609 [DEBUG] Accepted segment [27136:28160], variance=0.0493, QRS count=6
2025-10-09 11:54:07,611 [DEBUG] Accepted segment [27648:28672], variance=0.0420, QRS count=6
2025-10-09 11:54:07,613 [DEBUG] Accepted segment [28160:29184], variance=0.0394, QRS count=5
2025-10-09 11:54:07,616 [DEBUG] Accepted segment [28672:29696], variance=0.0345, QRS count=5
2025-10-09 11:54:07,618 [DEBUG] Accepted segment [29184:30208], variance=0.0353, QRS count=5
2025-10-09 11:54:07,620 [DEBUG] Accepted segment [29696:30720], variance=0.0395, QRS count=5
2025-10-09 11:54:07,622 [DEBUG] Accepted segment [30208:31232], variance=0.0400, QRS count=5
2025-10-09 11:54:07,625 [DEBUG] Accepted segment [30720:31744], variance=0.0419, QRS count=5
2025-10-09 11:54:07,627 [DEBUG] Accepted segment [31232:32256], variance=0.0425, QRS count=5
2025-10-09 11:54:07,630 [DEBUG] Accepted segment [31744:32768], variance=0.0409, QRS count=5
2025-10-09 11:54:07,632 [DEBUG] Accepted segment [32256:33280], variance=0.0398, QRS count=5
2025-10-09 11:54:07,634 [DEBUG] Accepted segment [32768:33792], variance=0.0410, QRS count=5
2025-10-09 11:54:07,636 [DEBUG] Accepted segment [33280:34304], variance=0.0416, QRS count=5
2025-10-09 11:54:07,639 [DEBUG] Accepted segment [33792:34816], variance=0.0405, QRS count=5
2025-10-09 11:54:07,641 [DEBUG] Accepted segment [34304:35328], variance=0.0395, QRS count=6
2025-10-09 11:54:07,643 [DEBUG] Accepted segment [34816:35840], variance=0.0397, QRS count=6
2025-10-09 11:54:07,646 [DEBUG] Accepted segment [35328:36352], variance=0.0419, QRS count=6
2025-10-09 11:54:07,648 [DEBUG] Accepted segment [35840:36864], variance=0.0427, QRS count=6
2025-10-09 11:54:07,650 [DEBUG] Accepted segment [36352:37376], variance=0.0419, QRS count=6
2025-10-09 11:54:07,653 [DEBUG] Accepted segment [36864:37888], variance=0.0411, QRS count=6
2025-10-09 11:54:07,655 [DEBUG] Accepted segment [37376:38400], variance=0.0402, QRS count=5
2025-10-09 11:54:07,657 [DEBUG] Accepted segment [37888:38912], variance=0.0358, QRS count=6
2025-10-09 11:54:07,659 [DEBUG] Accepted segment [38400:39424], variance=0.0363, QRS count=5
2025-10-09 11:54:07,662 [DEBUG] Accepted segment [38912:39936], variance=0.0418, QRS count=5
2025-10-09 11:54:07,664 [DEBUG] Accepted segment [39424:40448], variance=0.0436, QRS count=5
2025-10-09 11:54:07,666 [DEBUG] Accepted segment [39936:40960], variance=0.0433, QRS count=5
2025-10-09 11:54:07,668 [DEBUG] Accepted segment [40448:41472], variance=0.0420, QRS count=5
2025-10-09 11:54:07,671 [DEBUG] Accepted segment [40960:41984], variance=0.0409, QRS count=5
2025-10-09 11:54:07,673 [DEBUG] Accepted segment [41472:42496], variance=0.0399, QRS count=6
2025-10-09 11:54:07,675 [DEBUG] Accepted segment [41984:43008], variance=0.0410, QRS count=6
2025-10-09 11:54:07,678 [DEBUG] Accepted segment [42496:43520], variance=0.0423, QRS count=6
2025-10-09 11:54:07,680 [DEBUG] Accepted segment [43008:44032], variance=0.0413, QRS count=6
2025-10-09 11:54:07,682 [DEBUG] Accepted segment [43520:44544], variance=0.0393, QRS count=6
2025-10-09 11:54:07,684 [DEBUG] Accepted segment [44032:45056], variance=0.0401, QRS count=6
2025-10-09 11:54:07,687 [DEBUG] Accepted segment [44544:45568], variance=0.0421, QRS count=6
2025-10-09 11:54:07,689 [DEBUG] Accepted segment [45056:46080], variance=0.0420, QRS count=6
2025-10-09 11:54:07,691 [DEBUG] Accepted segment [45568:46592], variance=0.0406, QRS count=6
2025-10-09 11:54:07,694 [DEBUG] Accepted segment [46080:47104], variance=0.0402, QRS count=6
2025-10-09 11:54:07,696 [DEBUG] Accepted segment [46592:47616], variance=0.0409, QRS count=6
2025-10-09 11:54:07,698 [DEBUG] Accepted segment [47104:48128], variance=0.0409, QRS count=6
2025-10-09 11:54:07,701 [DEBUG] Accepted segment [47616:48640], variance=0.0406, QRS count=6
2025-10-09 11:54:07,703 [DEBUG] Accepted segment [48128:49152], variance=0.0408, QRS count=5
2025-10-09 11:54:07,706 [DEBUG] Accepted segment [48640:49664], variance=0.0422, QRS count=5
2025-10-09 11:54:07,708 [DEBUG] Accepted segment [49152:50176], variance=0.0407, QRS count=5
2025-10-09 11:54:07,710 [DEBUG] Accepted segment [49664:50688], variance=0.0342, QRS count=6
2025-10-09 11:54:07,712 [DEBUG] Accepted segment [50176:51200], variance=0.0361, QRS count=5
2025-10-09 11:54:07,715 [DEBUG] Accepted segment [50688:51712], variance=0.0422, QRS count=5
2025-10-09 11:54:07,717 [DEBUG] Accepted segment [51200:52224], variance=0.0421, QRS count=5
2025-10-09 11:54:07,719 [DEBUG] Accepted segment [51712:52736], variance=0.0413, QRS count=5
2025-10-09 11:54:07,721 [DEBUG] Accepted segment [52224:53248], variance=0.0424, QRS count=5
2025-10-09 11:54:07,724 [DEBUG] Accepted segment [52736:53760], variance=0.0428, QRS count=5
2025-10-09 11:54:07,726 [DEBUG] Accepted segment [53248:54272], variance=0.0407, QRS count=6
2025-10-09 11:54:07,728 [DEBUG] Accepted segment [53760:54784], variance=0.0401, QRS count=6
2025-10-09 11:54:07,731 [DEBUG] Accepted segment [54272:55296], variance=0.0403, QRS count=6
2025-10-09 11:54:07,733 [DEBUG] Accepted segment [54784:55808], variance=0.0409, QRS count=6
2025-10-09 11:54:07,735 [DEBUG] Accepted segment [55296:56320], variance=0.0409, QRS count=5
2025-10-09 11:54:07,737 [DEBUG] Accepted segment [55808:56832], variance=0.0340, QRS count=6
2025-10-09 11:54:07,740 [DEBUG] Accepted segment [56320:57344], variance=0.0343, QRS count=5
2025-10-09 11:54:07,742 [DEBUG] Accepted segment [56832:57856], variance=0.0403, QRS count=5
2025-10-09 11:54:07,744 [DEBUG] Accepted segment [57344:58368], variance=0.0385, QRS count=5
2025-10-09 11:54:07,747 [DEBUG] Accepted segment [57856:58880], variance=0.0381, QRS count=5
2025-10-09 11:54:07,749 [DEBUG] Accepted segment [58368:59392], variance=0.0402, QRS count=5
2025-10-09 11:54:07,751 [DEBUG] Accepted segment [58880:59904], variance=0.0411, QRS count=5
2025-10-09 11:54:07,754 [DEBUG] Accepted segment [59392:60416], variance=0.0399, QRS count=5
2025-10-09 11:54:07,756 [DEBUG] Accepted segment [59904:60928], variance=0.0400, QRS count=6
2025-10-09 11:54:07,758 [DEBUG] Accepted segment [60416:61440], variance=0.0408, QRS count=6
2025-10-09 11:54:07,760 [DEBUG] Accepted segment [60928:61952], variance=0.0404, QRS count=6
2025-10-09 11:54:07,763 [DEBUG] Accepted segment [61440:62464], variance=0.0402, QRS count=6
2025-10-09 11:54:07,765 [DEBUG] Accepted segment [61952:62976], variance=0.0393, QRS count=5
2025-10-09 11:54:07,768 [DEBUG] Accepted segment [62464:63488], variance=0.0352, QRS count=6
2025-10-09 11:54:07,770 [DEBUG] Accepted segment [62976:64000], variance=0.0403, QRS count=5
2025-10-09 11:54:07,772 [DEBUG] Accepted segment [63488:64512], variance=0.0450, QRS count=6
2025-10-09 11:54:07,775 [DEBUG] Accepted segment [64000:65024], variance=0.0414, QRS count=6
2025-10-09 11:54:07,777 [DEBUG] Accepted segment [64512:65536], variance=0.0425, QRS count=6
2025-10-09 11:54:07,779 [DEBUG] Accepted segment [65024:66048], variance=0.0414, QRS count=6
2025-10-09 11:54:07,782 [DEBUG] Accepted segment [65536:66560], variance=0.0358, QRS count=6
2025-10-09 11:54:07,784 [DEBUG] Accepted segment [66048:67072], variance=0.0355, QRS count=6
2025-10-09 11:54:07,786 [DEBUG] Accepted segment [66560:67584], variance=0.0398, QRS count=5
2025-10-09 11:54:07,788 [DEBUG] Accepted segment [67072:68096], variance=0.0410, QRS count=5
2025-10-09 11:54:07,791 [DEBUG] Accepted segment [67584:68608], variance=0.0393, QRS count=5
2025-10-09 11:54:07,793 [DEBUG] Accepted segment [68096:69120], variance=0.0400, QRS count=5
2025-10-09 11:54:07,795 [DEBUG] Accepted segment [68608:69632], variance=0.0419, QRS count=5
2025-10-09 11:54:07,798 [DEBUG] Accepted segment [69120:70144], variance=0.0409, QRS count=5
2025-10-09 11:54:07,800 [DEBUG] Accepted segment [69632:70656], variance=0.0407, QRS count=5
2025-10-09 11:54:07,802 [DEBUG] Accepted segment [70144:71168], variance=0.0428, QRS count=6
2025-10-09 11:54:07,805 [DEBUG] Accepted segment [70656:71680], variance=0.0434, QRS count=6
2025-10-09 11:54:07,809 [DEBUG] Accepted segment [71168:72192], variance=0.1024, QRS count=6
2025-10-09 11:54:07,812 [DEBUG] Accepted segment [71680:72704], variance=0.1012, QRS count=6
2025-10-09 11:54:07,816 [DEBUG] Accepted segment [72192:73216], variance=0.0421, QRS count=6
2025-10-09 11:54:07,820 [DEBUG] Accepted segment [72704:73728], variance=0.0443, QRS count=6
2025-10-09 11:54:07,824 [DEBUG] Accepted segment [73216:74240], variance=0.0363, QRS count=5
2025-10-09 11:54:07,827 [DEBUG] Accepted segment [73728:74752], variance=0.0346, QRS count=5
2025-10-09 11:54:07,829 [DEBUG] Accepted segment [74240:75264], variance=0.0419, QRS count=5
2025-10-09 11:54:07,832 [DEBUG] Accepted segment [74752:75776], variance=0.0424, QRS count=5
2025-10-09 11:54:07,835 [DEBUG] Accepted segment [75264:76288], variance=0.0417, QRS count=6
2025-10-09 11:54:07,838 [DEBUG] Accepted segment [75776:76800], variance=0.0351, QRS count=5
2025-10-09 11:54:07,840 [DEBUG] Accepted segment [76288:77312], variance=0.0362, QRS count=5
2025-10-09 11:54:07,843 [DEBUG] Accepted segment [76800:77824], variance=0.0426, QRS count=5
2025-10-09 11:54:07,846 [DEBUG] Accepted segment [77312:78336], variance=0.0413, QRS count=5
2025-10-09 11:54:07,848 [DEBUG] Accepted segment [77824:78848], variance=0.0425, QRS count=6
2025-10-09 11:54:07,851 [DEBUG] Accepted segment [78336:79360], variance=0.0376, QRS count=6
2025-10-09 11:54:07,854 [DEBUG] Accepted segment [78848:79872], variance=0.0357, QRS count=5
2025-10-09 11:54:07,856 [DEBUG] Accepted segment [79360:80384], variance=0.0419, QRS count=5
2025-10-09 11:54:07,859 [DEBUG] Accepted segment [79872:80896], variance=0.0437, QRS count=5
2025-10-09 11:54:07,861 [DEBUG] Accepted segment [80384:81408], variance=0.0438, QRS count=6
2025-10-09 11:54:07,864 [DEBUG] Accepted segment [80896:81920], variance=0.0365, QRS count=5
2025-10-09 11:54:07,866 [DEBUG] Accepted segment [81408:82432], variance=0.0377, QRS count=5
2025-10-09 11:54:07,869 [DEBUG] Accepted segment [81920:82944], variance=0.0453, QRS count=5
2025-10-09 11:54:07,871 [DEBUG] Accepted segment [82432:83456], variance=0.0444, QRS count=5
2025-10-09 11:54:07,874 [DEBUG] Accepted segment [82944:83968], variance=0.0439, QRS count=6
2025-10-09 11:54:07,876 [DEBUG] Accepted segment [83456:84480], variance=0.0381, QRS count=6
2025-10-09 11:54:07,879 [DEBUG] Accepted segment [83968:84992], variance=0.0375, QRS count=5
2025-10-09 11:54:07,881 [DEBUG] Accepted segment [84480:85504], variance=0.0438, QRS count=5
2025-10-09 11:54:07,884 [DEBUG] Accepted segment [84992:86016], variance=0.0450, QRS count=5
2025-10-09 11:54:07,886 [DEBUG] Accepted segment [85504:86528], variance=0.0438, QRS count=6
2025-10-09 11:54:07,889 [DEBUG] Accepted segment [86016:87040], variance=0.0395, QRS count=6
2025-10-09 11:54:07,891 [DEBUG] Accepted segment [86528:87552], variance=0.0371, QRS count=6
2025-10-09 11:54:07,894 [DEBUG] Accepted segment [87040:88064], variance=0.0333, QRS count=5
2025-10-09 11:54:07,897 [DEBUG] Accepted segment [87552:88576], variance=0.0367, QRS count=5
2025-10-09 11:54:07,901 [DEBUG] Accepted segment [88064:89088], variance=0.0441, QRS count=6
2025-10-09 11:54:07,903 [DEBUG] Accepted segment [88576:89600], variance=0.0408, QRS count=5
2025-10-09 11:54:07,906 [DEBUG] Accepted segment [89088:90112], variance=0.0355, QRS count=5
2025-10-09 11:54:07,909 [DEBUG] Accepted segment [89600:90624], variance=0.0369, QRS count=5
2025-10-09 11:54:07,911 [DEBUG] Accepted segment [90112:91136], variance=0.0406, QRS count=5
2025-10-09 11:54:07,913 [DEBUG] Accepted segment [90624:91648], variance=0.0398, QRS count=5
2025-10-09 11:54:07,916 [DEBUG] Accepted segment [91136:92160], variance=0.0410, QRS count=5
2025-10-09 11:54:07,918 [DEBUG] Accepted segment [91648:92672], variance=0.0432, QRS count=5
2025-10-09 11:54:07,920 [DEBUG] Accepted segment [92160:93184], variance=0.0428, QRS count=6
2025-10-09 11:54:07,922 [DEBUG] Accepted segment [92672:93696], variance=0.1231, QRS count=6
2025-10-09 11:54:07,925 [DEBUG] Accepted segment [93184:94208], variance=0.1247, QRS count=6
2025-10-09 11:54:07,928 [DEBUG] Accepted segment [93696:94720], variance=0.0461, QRS count=6
2025-10-09 11:54:07,930 [DEBUG] Accepted segment [94208:95232], variance=0.0474, QRS count=6
2025-10-09 11:54:07,932 [DEBUG] Accepted segment [94720:95744], variance=0.0470, QRS count=6
2025-10-09 11:54:07,935 [DEBUG] Accepted segment [95232:96256], variance=0.0389, QRS count=5
2025-10-09 11:54:07,937 [DEBUG] Accepted segment [95744:96768], variance=0.0370, QRS count=5
2025-10-09 11:54:07,939 [DEBUG] Accepted segment [96256:97280], variance=0.0435, QRS count=5
2025-10-09 11:54:07,941 [DEBUG] Accepted segment [96768:97792], variance=0.0446, QRS count=6
2025-10-09 11:54:07,944 [DEBUG] Accepted segment [97280:98304], variance=0.0436, QRS count=5
2025-10-09 11:54:07,946 [DEBUG] Accepted segment [97792:98816], variance=0.0419, QRS count=5
2025-10-09 11:54:07,948 [DEBUG] Accepted segment [98304:99328], variance=0.0424, QRS count=5
2025-10-09 11:54:07,951 [DEBUG] Accepted segment [98816:99840], variance=0.0469, QRS count=5
2025-10-09 11:54:07,953 [DEBUG] Accepted segment [99328:100352], variance=0.0437, QRS count=5
2025-10-09 11:54:07,955 [DEBUG] Accepted segment [99840:100864], variance=0.0338, QRS count=6
2025-10-09 11:54:07,958 [DEBUG] Accepted segment [100352:101376], variance=0.0349, QRS count=6
2025-10-09 11:54:07,960 [DEBUG] Accepted segment [100864:101888], variance=0.0390, QRS count=5
2025-10-09 11:54:07,962 [DEBUG] Accepted segment [101376:102400], variance=0.0407, QRS count=5
2025-10-09 11:54:07,965 [DEBUG] Accepted segment [101888:102912], variance=0.0429, QRS count=5
2025-10-09 11:54:07,967 [DEBUG] Accepted segment [102400:103424], variance=0.0422, QRS count=5
2025-10-09 11:54:07,969 [DEBUG] Accepted segment [102912:103936], variance=0.0401, QRS count=6
2025-10-09 11:54:07,972 [DEBUG] Accepted segment [103424:104448], variance=0.0405, QRS count=6
2025-10-09 11:54:07,974 [DEBUG] Accepted segment [103936:104960], variance=0.0415, QRS count=6
2025-10-09 11:54:07,977 [DEBUG] Accepted segment [104448:105472], variance=0.0408, QRS count=6
2025-10-09 11:54:07,979 [DEBUG] Accepted segment [104960:105984], variance=0.0404, QRS count=6
2025-10-09 11:54:07,979 [DEBUG] Skipping segment [105472:106496] due to overlap with noise [106400:107000]
2025-10-09 11:54:07,979 [DEBUG] Skipping segment [105984:107008] due to overlap with noise [106400:107000]
2025-10-09 11:54:07,979 [DEBUG] Skipping segment [106496:107520] due to overlap with noise [106400:107000]
2025-10-09 11:54:07,981 [DEBUG] Accepted segment [107008:108032], variance=0.0702, QRS count=6
2025-10-09 11:54:07,983 [DEBUG] Accepted segment [107520:108544], variance=0.0616, QRS count=6
2025-10-09 11:54:07,986 [DEBUG] Accepted segment [108032:109056], variance=0.0688, QRS count=7
2025-10-09 11:54:07,988 [DEBUG] Accepted segment [108544:109568], variance=0.0644, QRS count=6
2025-10-09 11:54:07,991 [DEBUG] Accepted segment [109056:110080], variance=0.0488, QRS count=6
2025-10-09 11:54:07,993 [DEBUG] Accepted segment [109568:110592], variance=0.0477, QRS count=6
2025-10-09 11:54:07,995 [DEBUG] Accepted segment [110080:111104], variance=0.0440, QRS count=6
2025-10-09 11:54:07,997 [DEBUG] Accepted segment [110592:111616], variance=0.0451, QRS count=7
2025-10-09 11:54:08,000 [DEBUG] Accepted segment [111104:112128], variance=0.0552, QRS count=6
2025-10-09 11:54:08,002 [DEBUG] Accepted segment [111616:112640], variance=0.0556, QRS count=6
2025-10-09 11:54:08,005 [DEBUG] Accepted segment [112128:113152], variance=0.0543, QRS count=6
2025-10-09 11:54:08,007 [DEBUG] Accepted segment [112640:113664], variance=0.0555, QRS count=6
2025-10-09 11:54:08,009 [DEBUG] Accepted segment [113152:114176], variance=0.0560, QRS count=5
2025-10-09 11:54:08,011 [DEBUG] Accepted segment [113664:114688], variance=0.0558, QRS count=5
2025-10-09 11:54:08,014 [DEBUG] Accepted segment [114176:115200], variance=0.0667, QRS count=5
2025-10-09 11:54:08,016 [DEBUG] Accepted segment [114688:115712], variance=0.0741, QRS count=6
2025-10-09 11:54:08,018 [DEBUG] Accepted segment [115200:116224], variance=0.0637, QRS count=6
2025-10-09 11:54:08,021 [DEBUG] Accepted segment [115712:116736], variance=0.0559, QRS count=6
2025-10-09 11:54:08,023 [DEBUG] Accepted segment [116224:117248], variance=0.0528, QRS count=6
2025-10-09 11:54:08,025 [DEBUG] Accepted segment [116736:117760], variance=0.0522, QRS count=5
2025-10-09 11:54:08,028 [DEBUG] Accepted segment [117248:118272], variance=0.0472, QRS count=6
2025-10-09 11:54:08,030 [DEBUG] Accepted segment [117760:118784], variance=0.0471, QRS count=5
2025-10-09 11:54:08,032 [DEBUG] Accepted segment [118272:119296], variance=0.0569, QRS count=5
2025-10-09 11:54:08,036 [DEBUG] Accepted segment [118784:119808], variance=0.0603, QRS count=5
2025-10-09 11:54:08,040 [DEBUG] Accepted segment [119296:120320], variance=0.0607, QRS count=5
2025-10-09 11:54:08,044 [DEBUG] Accepted segment [119808:120832], variance=0.0601, QRS count=6
2025-10-09 11:54:08,049 [DEBUG] Accepted segment [120320:121344], variance=0.0600, QRS count=6
2025-10-09 11:54:08,054 [DEBUG] Accepted segment [120832:121856], variance=0.0599, QRS count=6
2025-10-09 11:54:08,057 [DEBUG] Accepted segment [121344:122368], variance=0.0489, QRS count=5
2025-10-09 11:54:08,060 [DEBUG] Accepted segment [121856:122880], variance=0.0471, QRS count=5
2025-10-09 11:54:08,064 [DEBUG] Accepted segment [122368:123392], variance=0.0592, QRS count=5
2025-10-09 11:54:08,069 [DEBUG] Accepted segment [122880:123904], variance=0.0606, QRS count=5
2025-10-09 11:54:08,075 [DEBUG] Accepted segment [123392:124416], variance=0.0582, QRS count=5
2025-10-09 11:54:08,080 [DEBUG] Accepted segment [123904:124928], variance=0.0582, QRS count=6
2025-10-09 11:54:08,086 [DEBUG] Accepted segment [124416:125440], variance=0.0592, QRS count=6
2025-10-09 11:54:08,092 [DEBUG] Accepted segment [124928:125952], variance=0.0585, QRS count=5
2025-10-09 11:54:08,098 [DEBUG] Accepted segment [125440:126464], variance=0.0485, QRS count=5
2025-10-09 11:54:08,103 [DEBUG] Accepted segment [125952:126976], variance=0.0503, QRS count=5
2025-10-09 11:54:08,108 [DEBUG] Accepted segment [126464:127488], variance=0.0614, QRS count=5
2025-10-09 11:54:08,113 [DEBUG] Accepted segment [126976:128000], variance=0.0608, QRS count=5
2025-10-09 11:54:08,114 [INFO] Segmented signal of length 128000 into 246 valid segments
2025-10-09 11:54:08,493 [DEBUG] Accepted segment [0:1024], variance=0.0485, QRS count=5
2025-10-09 11:54:08,496 [DEBUG] Accepted segment [512:1536], variance=0.0603, QRS count=5
2025-10-09 11:54:08,498 [DEBUG] Accepted segment [1024:2048], variance=0.0717, QRS count=5
2025-10-09 11:54:08,501 [DEBUG] Accepted segment [1536:2560], variance=0.0797, QRS count=6
2025-10-09 11:54:08,504 [DEBUG] Accepted segment [2048:3072], variance=0.0709, QRS count=6
2025-10-09 11:54:08,506 [DEBUG] Accepted segment [2560:3584], variance=0.0522, QRS count=5
2025-10-09 11:54:08,508 [DEBUG] Accepted segment [3072:4096], variance=0.0484, QRS count=5
2025-10-09 11:54:08,511 [DEBUG] Accepted segment [3584:4608], variance=0.0533, QRS count=5
2025-10-09 11:54:08,513 [DEBUG] Accepted segment [4096:5120], variance=0.0519, QRS count=6
2025-10-09 11:54:08,515 [DEBUG] Accepted segment [4608:5632], variance=0.0539, QRS count=6
2025-10-09 11:54:08,518 [DEBUG] Accepted segment [5120:6144], variance=0.0559, QRS count=5
2025-10-09 11:54:08,520 [DEBUG] Accepted segment [5632:6656], variance=0.0539, QRS count=5
2025-10-09 11:54:08,522 [DEBUG] Accepted segment [6144:7168], variance=0.0528, QRS count=5
2025-10-09 11:54:08,525 [DEBUG] Accepted segment [6656:7680], variance=0.0470, QRS count=5
2025-10-09 11:54:08,527 [DEBUG] Accepted segment [7168:8192], variance=0.0480, QRS count=5
2025-10-09 11:54:08,529 [DEBUG] Accepted segment [7680:8704], variance=0.0566, QRS count=5
2025-10-09 11:54:08,532 [DEBUG] Accepted segment [8192:9216], variance=0.0601, QRS count=5
2025-10-09 11:54:08,535 [DEBUG] Accepted segment [8704:9728], variance=0.0621, QRS count=6
2025-10-09 11:54:08,537 [DEBUG] Accepted segment [9216:10240], variance=0.0520, QRS count=5
2025-10-09 11:54:08,540 [DEBUG] Accepted segment [9728:10752], variance=0.0495, QRS count=5
2025-10-09 11:54:08,542 [DEBUG] Accepted segment [10240:11264], variance=0.0569, QRS count=5
2025-10-09 11:54:08,544 [DEBUG] Accepted segment [10752:11776], variance=0.0581, QRS count=5
2025-10-09 11:54:08,547 [DEBUG] Accepted segment [11264:12288], variance=0.0586, QRS count=6
2025-10-09 11:54:08,550 [DEBUG] Accepted segment [11776:12800], variance=0.0491, QRS count=6
2025-10-09 11:54:08,553 [DEBUG] Accepted segment [12288:13312], variance=0.0499, QRS count=5
2025-10-09 11:54:08,556 [DEBUG] Accepted segment [12800:13824], variance=0.0607, QRS count=5
2025-10-09 11:54:08,559 [DEBUG] Accepted segment [13312:14336], variance=0.0595, QRS count=5
2025-10-09 11:54:08,562 [DEBUG] Accepted segment [13824:14848], variance=0.0566, QRS count=6
2025-10-09 11:54:08,565 [DEBUG] Accepted segment [14336:15360], variance=0.0585, QRS count=6
2025-10-09 11:54:08,568 [DEBUG] Accepted segment [14848:15872], variance=0.0575, QRS count=6
2025-10-09 11:54:08,570 [DEBUG] Accepted segment [15360:16384], variance=0.0520, QRS count=5
2025-10-09 11:54:08,573 [DEBUG] Accepted segment [15872:16896], variance=0.0511, QRS count=5
2025-10-09 11:54:08,575 [DEBUG] Accepted segment [16384:17408], variance=0.0506, QRS count=5
2025-10-09 11:54:08,578 [DEBUG] Accepted segment [16896:17920], variance=0.0476, QRS count=5
2025-10-09 11:54:08,580 [DEBUG] Accepted segment [17408:18432], variance=0.0447, QRS count=5
2025-10-09 11:54:08,583 [DEBUG] Accepted segment [17920:18944], variance=0.0474, QRS count=6
2025-10-09 11:54:08,585 [DEBUG] Accepted segment [18432:19456], variance=0.0513, QRS count=6
2025-10-09 11:54:08,588 [DEBUG] Accepted segment [18944:19968], variance=0.0520, QRS count=5
2025-10-09 11:54:08,590 [DEBUG] Accepted segment [19456:20480], variance=0.0518, QRS count=5
2025-10-09 11:54:08,593 [DEBUG] Accepted segment [19968:20992], variance=0.0535, QRS count=5
2025-10-09 11:54:08,595 [DEBUG] Accepted segment [20480:21504], variance=0.0570, QRS count=5
2025-10-09 11:54:08,598 [DEBUG] Accepted segment [20992:22016], variance=0.0584, QRS count=5
2025-10-09 11:54:08,601 [DEBUG] Accepted segment [21504:22528], variance=0.0589, QRS count=5
2025-10-09 11:54:08,603 [DEBUG] Accepted segment [22016:23040], variance=0.0598, QRS count=6
2025-10-09 11:54:08,606 [DEBUG] Accepted segment [22528:23552], variance=0.0604, QRS count=6
2025-10-09 11:54:08,608 [DEBUG] Accepted segment [23040:24064], variance=0.0594, QRS count=5
2025-10-09 11:54:08,611 [DEBUG] Accepted segment [23552:24576], variance=0.0598, QRS count=6
2025-10-09 11:54:08,614 [DEBUG] Accepted segment [24064:25088], variance=0.0620, QRS count=6
2025-10-09 11:54:08,617 [DEBUG] Accepted segment [24576:25600], variance=0.1251, QRS count=6
2025-10-09 11:54:08,620 [DEBUG] Accepted segment [25088:26112], variance=0.1270, QRS count=6
2025-10-09 11:54:08,623 [DEBUG] Accepted segment [25600:26624], variance=0.0756, QRS count=6
2025-10-09 11:54:08,625 [DEBUG] Accepted segment [26112:27136], variance=0.0709, QRS count=6
2025-10-09 11:54:08,628 [DEBUG] Accepted segment [26624:27648], variance=0.0589, QRS count=6
2025-10-09 11:54:08,630 [DEBUG] Accepted segment [27136:28160], variance=0.0584, QRS count=6
2025-10-09 11:54:08,633 [DEBUG] Accepted segment [27648:28672], variance=0.0565, QRS count=6
2025-10-09 11:54:08,635 [DEBUG] Accepted segment [28160:29184], variance=0.0559, QRS count=6
2025-10-09 11:54:08,638 [DEBUG] Accepted segment [28672:29696], variance=0.0563, QRS count=6
2025-10-09 11:54:08,641 [DEBUG] Accepted segment [29184:30208], variance=0.0540, QRS count=6
2025-10-09 11:54:08,644 [DEBUG] Accepted segment [29696:30720], variance=0.0480, QRS count=6
2025-10-09 11:54:08,647 [DEBUG] Accepted segment [30208:31232], variance=0.0466, QRS count=5
2025-10-09 11:54:08,649 [DEBUG] Accepted segment [30720:31744], variance=0.0484, QRS count=5
2025-10-09 11:54:08,652 [DEBUG] Accepted segment [31232:32256], variance=0.0523, QRS count=6
2025-10-09 11:54:08,654 [DEBUG] Accepted segment [31744:32768], variance=0.0579, QRS count=6
2025-10-09 11:54:08,656 [DEBUG] Accepted segment [32256:33280], variance=0.0605, QRS count=5
2025-10-09 11:54:08,658 [DEBUG] Accepted segment [32768:33792], variance=0.0593, QRS count=5
2025-10-09 11:54:08,661 [DEBUG] Accepted segment [33280:34304], variance=0.0577, QRS count=5
2025-10-09 11:54:08,663 [DEBUG] Accepted segment [33792:34816], variance=0.0579, QRS count=6
2025-10-09 11:54:08,665 [DEBUG] Accepted segment [34304:35328], variance=0.0569, QRS count=6
2025-10-09 11:54:08,667 [DEBUG] Accepted segment [34816:35840], variance=0.0569, QRS count=6
2025-10-09 11:54:08,670 [DEBUG] Accepted segment [35328:36352], variance=0.0586, QRS count=6
2025-10-09 11:54:08,672 [DEBUG] Accepted segment [35840:36864], variance=0.0496, QRS count=6
2025-10-09 11:54:08,675 [DEBUG] Accepted segment [36352:37376], variance=0.0498, QRS count=5
2025-10-09 11:54:08,677 [DEBUG] Accepted segment [36864:37888], variance=0.0598, QRS count=5
2025-10-09 11:54:08,679 [DEBUG] Accepted segment [37376:38400], variance=0.0608, QRS count=5
2025-10-09 11:54:08,682 [DEBUG] Accepted segment [37888:38912], variance=0.0619, QRS count=5
2025-10-09 11:54:08,684 [DEBUG] Accepted segment [38400:39424], variance=0.0603, QRS count=6
2025-10-09 11:54:08,686 [DEBUG] Accepted segment [38912:39936], variance=0.0589, QRS count=6
2025-10-09 11:54:08,689 [DEBUG] Accepted segment [39424:40448], variance=0.0607, QRS count=6
2025-10-09 11:54:08,691 [DEBUG] Accepted segment [39936:40960], variance=0.0523, QRS count=6
2025-10-09 11:54:08,693 [DEBUG] Accepted segment [40448:41472], variance=0.0519, QRS count=5
2025-10-09 11:54:08,696 [DEBUG] Accepted segment [40960:41984], variance=0.0605, QRS count=5
2025-10-09 11:54:08,698 [DEBUG] Accepted segment [41472:42496], variance=0.0594, QRS count=5
2025-10-09 11:54:08,700 [DEBUG] Accepted segment [41984:43008], variance=0.0573, QRS count=6
2025-10-09 11:54:08,703 [DEBUG] Accepted segment [42496:43520], variance=0.0570, QRS count=6
2025-10-09 11:54:08,706 [DEBUG] Accepted segment [43008:44032], variance=0.0501, QRS count=5
2025-10-09 11:54:08,708 [DEBUG] Accepted segment [43520:44544], variance=0.0484, QRS count=5
2025-10-09 11:54:08,710 [DEBUG] Accepted segment [44032:45056], variance=0.0558, QRS count=5
2025-10-09 11:54:08,713 [DEBUG] Accepted segment [44544:45568], variance=0.0570, QRS count=5
2025-10-09 11:54:08,715 [DEBUG] Accepted segment [45056:46080], variance=0.0533, QRS count=5
2025-10-09 11:54:08,718 [DEBUG] Accepted segment [45568:46592], variance=0.0483, QRS count=6
2025-10-09 11:54:08,720 [DEBUG] Accepted segment [46080:47104], variance=0.0507, QRS count=6
2025-10-09 11:54:08,723 [DEBUG] Accepted segment [46592:47616], variance=0.0576, QRS count=6
2025-10-09 11:54:08,725 [DEBUG] Accepted segment [47104:48128], variance=0.0606, QRS count=6
2025-10-09 11:54:08,727 [DEBUG] Accepted segment [47616:48640], variance=0.0595, QRS count=6
2025-10-09 11:54:08,730 [DEBUG] Accepted segment [48128:49152], variance=0.0510, QRS count=6
2025-10-09 11:54:08,732 [DEBUG] Accepted segment [48640:49664], variance=0.0516, QRS count=5
2025-10-09 11:54:08,734 [DEBUG] Accepted segment [49152:50176], variance=0.0585, QRS count=5
2025-10-09 11:54:08,737 [DEBUG] Accepted segment [49664:50688], variance=0.0584, QRS count=5
2025-10-09 11:54:08,739 [DEBUG] Accepted segment [50176:51200], variance=0.0589, QRS count=6
2025-10-09 11:54:08,742 [DEBUG] Accepted segment [50688:51712], variance=0.0584, QRS count=6
2025-10-09 11:54:08,744 [DEBUG] Accepted segment [51200:52224], variance=0.0501, QRS count=5
2025-10-09 11:54:08,748 [DEBUG] Accepted segment [51712:52736], variance=0.0509, QRS count=5
2025-10-09 11:54:08,751 [DEBUG] Accepted segment [52224:53248], variance=0.0593, QRS count=5
2025-10-09 11:54:08,754 [DEBUG] Accepted segment [52736:53760], variance=0.0583, QRS count=6
2025-10-09 11:54:08,757 [DEBUG] Accepted segment [53248:54272], variance=0.0595, QRS count=5
2025-10-09 11:54:08,759 [DEBUG] Accepted segment [53760:54784], variance=0.0531, QRS count=5
2025-10-09 11:54:08,762 [DEBUG] Accepted segment [54272:55296], variance=0.0531, QRS count=5
2025-10-09 11:54:08,764 [DEBUG] Accepted segment [54784:55808], variance=0.0593, QRS count=5
2025-10-09 11:54:08,766 [DEBUG] Accepted segment [55296:56320], variance=0.0602, QRS count=5
2025-10-09 11:54:08,769 [DEBUG] Accepted segment [55808:56832], variance=0.0621, QRS count=5
2025-10-09 11:54:08,771 [DEBUG] Accepted segment [56320:57344], variance=0.0596, QRS count=5
2025-10-09 11:54:08,773 [DEBUG] Accepted segment [56832:57856], variance=0.0563, QRS count=6
2025-10-09 11:54:08,776 [DEBUG] Accepted segment [57344:58368], variance=0.0567, QRS count=6
2025-10-09 11:54:08,778 [DEBUG] Accepted segment [57856:58880], variance=0.0583, QRS count=5
2025-10-09 11:54:08,782 [DEBUG] Accepted segment [58368:59392], variance=0.0492, QRS count=5
2025-10-09 11:54:08,784 [DEBUG] Accepted segment [58880:59904], variance=0.0492, QRS count=5
2025-10-09 11:54:08,787 [DEBUG] Accepted segment [59392:60416], variance=0.0592, QRS count=5
2025-10-09 11:54:08,789 [DEBUG] Accepted segment [59904:60928], variance=0.0586, QRS count=5
2025-10-09 11:54:08,791 [DEBUG] Accepted segment [60416:61440], variance=0.0579, QRS count=6
2025-10-09 11:54:08,795 [DEBUG] Accepted segment [60928:61952], variance=0.0584, QRS count=6
2025-10-09 11:54:08,797 [DEBUG] Accepted segment [61440:62464], variance=0.0588, QRS count=5
2025-10-09 11:54:08,800 [DEBUG] Accepted segment [61952:62976], variance=0.0565, QRS count=5
2025-10-09 11:54:08,802 [DEBUG] Accepted segment [62464:63488], variance=0.0485, QRS count=6
2025-10-09 11:54:08,804 [DEBUG] Accepted segment [62976:64000], variance=0.0508, QRS count=5
2025-10-09 11:54:08,807 [DEBUG] Accepted segment [63488:64512], variance=0.0608, QRS count=5
2025-10-09 11:54:08,809 [DEBUG] Accepted segment [64000:65024], variance=0.0619, QRS count=5
2025-10-09 11:54:08,812 [DEBUG] Accepted segment [64512:65536], variance=0.0587, QRS count=5
2025-10-09 11:54:08,814 [DEBUG] Accepted segment [65024:66048], variance=0.0603, QRS count=5
2025-10-09 11:54:08,817 [DEBUG] Accepted segment [65536:66560], variance=0.0623, QRS count=5
2025-10-09 11:54:08,819 [DEBUG] Accepted segment [66048:67072], variance=0.0612, QRS count=5
2025-10-09 11:54:08,821 [DEBUG] Accepted segment [66560:67584], variance=0.0614, QRS count=6
2025-10-09 11:54:08,824 [DEBUG] Accepted segment [67072:68096], variance=0.0627, QRS count=6
2025-10-09 11:54:08,828 [DEBUG] Accepted segment [67584:68608], variance=0.0535, QRS count=5
2025-10-09 11:54:08,831 [DEBUG] Accepted segment [68096:69120], variance=0.0529, QRS count=5
2025-10-09 11:54:08,834 [DEBUG] Accepted segment [68608:69632], variance=0.0620, QRS count=5
2025-10-09 11:54:08,837 [DEBUG] Accepted segment [69120:70144], variance=0.0512, QRS count=6
2025-10-09 11:54:08,840 [DEBUG] Accepted segment [69632:70656], variance=0.0508, QRS count=5
2025-10-09 11:54:08,843 [DEBUG] Accepted segment [70144:71168], variance=0.0623, QRS count=5
2025-10-09 11:54:08,847 [DEBUG] Accepted segment [70656:71680], variance=0.0649, QRS count=5
2025-10-09 11:54:08,850 [DEBUG] Accepted segment [71168:72192], variance=0.0649, QRS count=6
2025-10-09 11:54:08,853 [DEBUG] Accepted segment [71680:72704], variance=0.0643, QRS count=6
2025-10-09 11:54:08,857 [DEBUG] Accepted segment [72192:73216], variance=0.0546, QRS count=6
2025-10-09 11:54:08,860 [DEBUG] Accepted segment [72704:73728], variance=0.0550, QRS count=5
2025-10-09 11:54:08,864 [DEBUG] Accepted segment [73216:74240], variance=0.0646, QRS count=5
2025-10-09 11:54:08,867 [DEBUG] Accepted segment [73728:74752], variance=0.0630, QRS count=5
2025-10-09 11:54:08,870 [DEBUG] Accepted segment [74240:75264], variance=0.0623, QRS count=6
2025-10-09 11:54:08,873 [DEBUG] Accepted segment [74752:75776], variance=0.0621, QRS count=6
2025-10-09 11:54:08,877 [DEBUG] Accepted segment [75264:76288], variance=0.0509, QRS count=6
2025-10-09 11:54:08,880 [DEBUG] Accepted segment [75776:76800], variance=0.0518, QRS count=5
2025-10-09 11:54:08,883 [DEBUG] Accepted segment [76288:77312], variance=0.0641, QRS count=5
2025-10-09 11:54:08,886 [DEBUG] Accepted segment [76800:77824], variance=0.0659, QRS count=5
2025-10-09 11:54:08,890 [DEBUG] Accepted segment [77312:78336], variance=0.0647, QRS count=6
2025-10-09 11:54:08,894 [DEBUG] Accepted segment [77824:78848], variance=0.0543, QRS count=5
2025-10-09 11:54:08,897 [DEBUG] Accepted segment [78336:79360], variance=0.0534, QRS count=5
2025-10-09 11:54:08,900 [DEBUG] Accepted segment [78848:79872], variance=0.0600, QRS count=5
2025-10-09 11:54:08,904 [DEBUG] Accepted segment [79360:80384], variance=0.0605, QRS count=6
2025-10-09 11:54:08,908 [DEBUG] Accepted segment [79872:80896], variance=0.0530, QRS count=5
2025-10-09 11:54:08,912 [DEBUG] Accepted segment [80384:81408], variance=0.0525, QRS count=5
2025-10-09 11:54:08,915 [DEBUG] Accepted segment [80896:81920], variance=0.0614, QRS count=5
2025-10-09 11:54:08,919 [DEBUG] Accepted segment [81408:82432], variance=0.0623, QRS count=6
2025-10-09 11:54:08,922 [DEBUG] Accepted segment [81920:82944], variance=0.0606, QRS count=5
2025-10-09 11:54:08,924 [DEBUG] Accepted segment [82432:83456], variance=0.0508, QRS count=5
2025-10-09 11:54:08,927 [DEBUG] Accepted segment [82944:83968], variance=0.0525, QRS count=5
2025-10-09 11:54:08,929 [DEBUG] Accepted segment [83456:84480], variance=0.0618, QRS count=5
2025-10-09 11:54:08,932 [DEBUG] Accepted segment [83968:84992], variance=0.0601, QRS count=5
2025-10-09 11:54:08,934 [DEBUG] Accepted segment [84480:85504], variance=0.0589, QRS count=5
2025-10-09 11:54:08,936 [DEBUG] Accepted segment [84992:86016], variance=0.0579, QRS count=6
2025-10-09 11:54:08,939 [DEBUG] Accepted segment [85504:86528], variance=0.0604, QRS count=6
2025-10-09 11:54:08,941 [DEBUG] Accepted segment [86016:87040], variance=0.0538, QRS count=5
2025-10-09 11:54:08,944 [DEBUG] Accepted segment [86528:87552], variance=0.0515, QRS count=5
2025-10-09 11:54:08,946 [DEBUG] Accepted segment [87040:88064], variance=0.0609, QRS count=5
2025-10-09 11:54:08,948 [DEBUG] Accepted segment [87552:88576], variance=0.0617, QRS count=5
2025-10-09 11:54:08,951 [DEBUG] Accepted segment [88064:89088], variance=0.0498, QRS count=5
2025-10-09 11:54:08,953 [DEBUG] Accepted segment [88576:89600], variance=0.0489, QRS count=5
2025-10-09 11:54:08,956 [DEBUG] Accepted segment [89088:90112], variance=0.0603, QRS count=5
2025-10-09 11:54:08,958 [DEBUG] Accepted segment [89600:90624], variance=0.0612, QRS count=6
2025-10-09 11:54:08,961 [DEBUG] Accepted segment [90112:91136], variance=0.0612, QRS count=6
2025-10-09 11:54:08,963 [DEBUG] Accepted segment [90624:91648], variance=0.0535, QRS count=5
2025-10-09 11:54:08,965 [DEBUG] Accepted segment [91136:92160], variance=0.0552, QRS count=5
2025-10-09 11:54:08,968 [DEBUG] Accepted segment [91648:92672], variance=0.0635, QRS count=5
2025-10-09 11:54:08,970 [DEBUG] Accepted segment [92160:93184], variance=0.0609, QRS count=5
2025-10-09 11:54:08,973 [DEBUG] Accepted segment [92672:93696], variance=0.0534, QRS count=6
2025-10-09 11:54:08,975 [DEBUG] Accepted segment [93184:94208], variance=0.0553, QRS count=5
2025-10-09 11:54:08,977 [DEBUG] Accepted segment [93696:94720], variance=0.0625, QRS count=5
2025-10-09 11:54:08,980 [DEBUG] Accepted segment [94208:95232], variance=0.0619, QRS count=5
2025-10-09 11:54:08,982 [DEBUG] Accepted segment [94720:95744], variance=0.0629, QRS count=6
2025-10-09 11:54:08,985 [DEBUG] Accepted segment [95232:96256], variance=0.0528, QRS count=5
2025-10-09 11:54:08,987 [DEBUG] Accepted segment [95744:96768], variance=0.0525, QRS count=5
2025-10-09 11:54:08,989 [DEBUG] Accepted segment [96256:97280], variance=0.0625, QRS count=5
2025-10-09 11:54:08,992 [DEBUG] Accepted segment [96768:97792], variance=0.0602, QRS count=6
2025-10-09 11:54:08,994 [DEBUG] Accepted segment [97280:98304], variance=0.0574, QRS count=6
2025-10-09 11:54:08,996 [DEBUG] Accepted segment [97792:98816], variance=0.0569, QRS count=6
2025-10-09 11:54:08,999 [DEBUG] Accepted segment [98304:99328], variance=0.0501, QRS count=6
2025-10-09 11:54:09,002 [DEBUG] Accepted segment [98816:99840], variance=0.0510, QRS count=5
2025-10-09 11:54:09,005 [DEBUG] Accepted segment [99328:100352], variance=0.0579, QRS count=5
2025-10-09 11:54:09,008 [DEBUG] Accepted segment [99840:100864], variance=0.0583, QRS count=5
2025-10-09 11:54:09,010 [DEBUG] Accepted segment [100352:101376], variance=0.0604, QRS count=5
2025-10-09 11:54:09,012 [DEBUG] Accepted segment [100864:101888], variance=0.0593, QRS count=6
2025-10-09 11:54:09,015 [DEBUG] Accepted segment [101376:102400], variance=0.0568, QRS count=6
2025-10-09 11:54:09,017 [DEBUG] Accepted segment [101888:102912], variance=0.0552, QRS count=6
2025-10-09 11:54:09,019 [DEBUG] Accepted segment [102400:103424], variance=0.0554, QRS count=6
2025-10-09 11:54:09,022 [DEBUG] Accepted segment [102912:103936], variance=0.0574, QRS count=6
2025-10-09 11:54:09,024 [DEBUG] Accepted segment [103424:104448], variance=0.0576, QRS count=5
2025-10-09 11:54:09,026 [DEBUG] Accepted segment [103936:104960], variance=0.0472, QRS count=6
2025-10-09 11:54:09,029 [DEBUG] Accepted segment [104448:105472], variance=0.0462, QRS count=5
2025-10-09 11:54:09,032 [DEBUG] Accepted segment [104960:105984], variance=0.0554, QRS count=5
2025-10-09 11:54:09,034 [DEBUG] Accepted segment [105472:106496], variance=0.0562, QRS count=5
2025-10-09 11:54:09,036 [DEBUG] Accepted segment [105984:107008], variance=0.0543, QRS count=5
2025-10-09 11:54:09,039 [DEBUG] Accepted segment [106496:107520], variance=0.0518, QRS count=5
2025-10-09 11:54:09,041 [DEBUG] Accepted segment [107008:108032], variance=0.0523, QRS count=5
2025-10-09 11:54:09,043 [DEBUG] Accepted segment [107520:108544], variance=0.0539, QRS count=5
2025-10-09 11:54:09,046 [DEBUG] Accepted segment [108032:109056], variance=0.0543, QRS count=5
2025-10-09 11:54:09,048 [DEBUG] Accepted segment [108544:109568], variance=0.0531, QRS count=6
2025-10-09 11:54:09,050 [DEBUG] Accepted segment [109056:110080], variance=0.0515, QRS count=6
2025-10-09 11:54:09,053 [DEBUG] Accepted segment [109568:110592], variance=0.0521, QRS count=6
2025-10-09 11:54:09,055 [DEBUG] Accepted segment [110080:111104], variance=0.1279, QRS count=6
2025-10-09 11:54:09,057 [DEBUG] Accepted segment [110592:111616], variance=0.1293, QRS count=5
2025-10-09 11:54:09,060 [DEBUG] Accepted segment [111104:112128], variance=0.0552, QRS count=6
2025-10-09 11:54:09,063 [DEBUG] Accepted segment [111616:112640], variance=0.0537, QRS count=6
2025-10-09 11:54:09,066 [DEBUG] Accepted segment [112128:113152], variance=0.0532, QRS count=6
2025-10-09 11:54:09,069 [DEBUG] Accepted segment [112640:113664], variance=0.0558, QRS count=6
2025-10-09 11:54:09,072 [DEBUG] Accepted segment [113152:114176], variance=0.0582, QRS count=5
2025-10-09 11:54:09,074 [DEBUG] Accepted segment [113664:114688], variance=0.0514, QRS count=6
2025-10-09 11:54:09,077 [DEBUG] Accepted segment [114176:115200], variance=0.0525, QRS count=5
2025-10-09 11:54:09,079 [DEBUG] Accepted segment [114688:115712], variance=0.0596, QRS count=5
2025-10-09 11:54:09,082 [DEBUG] Accepted segment [115200:116224], variance=0.0584, QRS count=5
2025-10-09 11:54:09,084 [DEBUG] Accepted segment [115712:116736], variance=0.0515, QRS count=6
2025-10-09 11:54:09,086 [DEBUG] Accepted segment [116224:117248], variance=0.0530, QRS count=5
2025-10-09 11:54:09,089 [DEBUG] Accepted segment [116736:117760], variance=0.0609, QRS count=5
2025-10-09 11:54:09,091 [DEBUG] Accepted segment [117248:118272], variance=0.0628, QRS count=5
2025-10-09 11:54:09,093 [DEBUG] Accepted segment [117760:118784], variance=0.0637, QRS count=6
2025-10-09 11:54:09,096 [DEBUG] Accepted segment [118272:119296], variance=0.0609, QRS count=6
2025-10-09 11:54:09,098 [DEBUG] Accepted segment [118784:119808], variance=0.0506, QRS count=6
2025-10-09 11:54:09,098 [DEBUG] Skipping segment [119296:120320] due to overlap with noise [120200:120500]
2025-10-09 11:54:09,098 [DEBUG] Skipping segment [119808:120832] due to overlap with noise [120200:120500]
2025-10-09 11:54:09,098 [DEBUG] Skipping segment [120320:121344] due to overlap with noise [120200:120500]
2025-10-09 11:54:09,100 [DEBUG] Accepted segment [120832:121856], variance=0.0428, QRS count=6
2025-10-09 11:54:09,103 [DEBUG] Accepted segment [121344:122368], variance=0.0406, QRS count=6
2025-10-09 11:54:09,105 [DEBUG] Accepted segment [121856:122880], variance=0.0365, QRS count=6
2025-10-09 11:54:09,109 [DEBUG] Accepted segment [122368:123392], variance=0.0401, QRS count=5
2025-10-09 11:54:09,111 [DEBUG] Accepted segment [122880:123904], variance=0.0464, QRS count=6
2025-10-09 11:54:09,114 [DEBUG] Accepted segment [123392:124416], variance=0.0520, QRS count=6
2025-10-09 11:54:09,116 [DEBUG] Accepted segment [123904:124928], variance=0.0439, QRS count=5
2025-10-09 11:54:09,118 [DEBUG] Accepted segment [124416:125440], variance=0.0354, QRS count=5
2025-10-09 11:54:09,120 [DEBUG] Accepted segment [124928:125952], variance=0.0386, QRS count=5
2025-10-09 11:54:09,123 [DEBUG] Accepted segment [125440:126464], variance=0.0365, QRS count=5
2025-10-09 11:54:09,125 [DEBUG] Accepted segment [125952:126976], variance=0.0365, QRS count=6
2025-10-09 11:54:09,128 [DEBUG] Accepted segment [126464:127488], variance=0.0327, QRS count=5
2025-10-09 11:54:09,130 [DEBUG] Accepted segment [126976:128000], variance=0.0324, QRS count=5
2025-10-09 11:54:09,130 [INFO] Segmented signal of length 128000 into 246 valid segments
2025-10-09 11:54:09,192 [INFO] Training batch shapes: X=(32, 1024, 1), Y=(32, 1024, 1)
2025-10-09 11:54:09,289 [DEBUG] Skipping segment [0:1024] due to overlap with noise [0:400]
2025-10-09 11:54:09,293 [DEBUG] Accepted segment [512:1536], variance=0.0713, QRS count=4
2025-10-09 11:54:09,296 [DEBUG] Accepted segment [1024:2048], variance=0.0615, QRS count=4
2025-10-09 11:54:09,296 [DEBUG] Skipping segment [1536:2560] due to overlap with noise [2400:3800]
2025-10-09 11:54:09,296 [DEBUG] Skipping segment [2048:3072] due to overlap with noise [2400:3800]
2025-10-09 11:54:09,296 [DEBUG] Skipping segment [2560:3584] due to overlap with noise [2400:3800]
2025-10-09 11:54:09,296 [DEBUG] Skipping segment [3072:4096] due to overlap with noise [2400:3800]
2025-10-09 11:54:09,296 [DEBUG] Skipping segment [3584:4608] due to overlap with noise [2400:3800]
2025-10-09 11:54:09,298 [DEBUG] Accepted segment [4096:5120], variance=0.0638, QRS count=4
2025-10-09 11:54:09,301 [DEBUG] Accepted segment [4608:5632], variance=0.0595, QRS count=4
2025-10-09 11:54:09,303 [DEBUG] Accepted segment [5120:6144], variance=0.0630, QRS count=5
2025-10-09 11:54:09,305 [DEBUG] Accepted segment [5632:6656], variance=0.0667, QRS count=4
2025-10-09 11:54:09,308 [DEBUG] Accepted segment [6144:7168], variance=0.0610, QRS count=4
2025-10-09 11:54:09,311 [DEBUG] Accepted segment [6656:7680], variance=0.0560, QRS count=4
2025-10-09 11:54:09,314 [DEBUG] Accepted segment [7168:8192], variance=0.0571, QRS count=4
2025-10-09 11:54:09,316 [DEBUG] Accepted segment [7680:8704], variance=0.0666, QRS count=4
2025-10-09 11:54:09,319 [DEBUG] Accepted segment [8192:9216], variance=0.0678, QRS count=4
2025-10-09 11:54:09,321 [DEBUG] Accepted segment [8704:9728], variance=0.0588, QRS count=4
2025-10-09 11:54:09,324 [DEBUG] Accepted segment [9216:10240], variance=0.0635, QRS count=5
2025-10-09 11:54:09,326 [DEBUG] Accepted segment [9728:10752], variance=0.0676, QRS count=4
2025-10-09 11:54:09,328 [DEBUG] Accepted segment [10240:11264], variance=0.0598, QRS count=4
2025-10-09 11:54:09,331 [DEBUG] Accepted segment [10752:11776], variance=0.0615, QRS count=4
2025-10-09 11:54:09,333 [DEBUG] Accepted segment [11264:12288], variance=0.0670, QRS count=5
2025-10-09 11:54:09,335 [DEBUG] Accepted segment [11776:12800], variance=0.0617, QRS count=4
2025-10-09 11:54:09,337 [DEBUG] Accepted segment [12288:13312], variance=0.0684, QRS count=5
2025-10-09 11:54:09,339 [DEBUG] Accepted segment [12800:13824], variance=0.0672, QRS count=4
2025-10-09 11:54:09,341 [DEBUG] Accepted segment [13312:14336], variance=0.0669, QRS count=5
2025-10-09 11:54:09,343 [DEBUG] Accepted segment [13824:14848], variance=0.0698, QRS count=4
2025-10-09 11:54:09,346 [DEBUG] Accepted segment [14336:15360], variance=0.0721, QRS count=5
2025-10-09 11:54:09,348 [DEBUG] Accepted segment [14848:15872], variance=0.0806, QRS count=5
2025-10-09 11:54:09,350 [DEBUG] Accepted segment [15360:16384], variance=0.0725, QRS count=6
2025-10-09 11:54:09,353 [DEBUG] Accepted segment [15872:16896], variance=0.0769, QRS count=5
2025-10-09 11:54:09,355 [DEBUG] Accepted segment [16384:17408], variance=0.0851, QRS count=5
2025-10-09 11:54:09,357 [DEBUG] Accepted segment [16896:17920], variance=0.0787, QRS count=6
2025-10-09 11:54:09,360 [DEBUG] Accepted segment [17408:18432], variance=0.0684, QRS count=5
2025-10-09 11:54:09,362 [DEBUG] Accepted segment [17920:18944], variance=0.0600, QRS count=4
2025-10-09 11:54:09,364 [DEBUG] Accepted segment [18432:19456], variance=0.0654, QRS count=5
2025-10-09 11:54:09,366 [DEBUG] Accepted segment [18944:19968], variance=0.0706, QRS count=4
2025-10-09 11:54:09,369 [DEBUG] Accepted segment [19456:20480], variance=0.0615, QRS count=4
2025-10-09 11:54:09,371 [DEBUG] Accepted segment [19968:20992], variance=0.0565, QRS count=4
2025-10-09 11:54:09,373 [DEBUG] Accepted segment [20480:21504], variance=0.0658, QRS count=5
2025-10-09 11:54:09,376 [DEBUG] Accepted segment [20992:22016], variance=0.0707, QRS count=4
2025-10-09 11:54:09,378 [DEBUG] Accepted segment [21504:22528], variance=0.0634, QRS count=4
2025-10-09 11:54:09,380 [DEBUG] Accepted segment [22016:23040], variance=0.0587, QRS count=4
2025-10-09 11:54:09,383 [DEBUG] Accepted segment [22528:23552], variance=0.0665, QRS count=5
2025-10-09 11:54:09,383 [DEBUG] Skipping segment [23040:24064] due to overlap with noise [24000:24800]
2025-10-09 11:54:09,383 [DEBUG] Skipping segment [23552:24576] due to overlap with noise [24000:24800]
2025-10-09 11:54:09,383 [DEBUG] Skipping segment [24064:25088] due to overlap with noise [24000:24800]
2025-10-09 11:54:09,383 [DEBUG] Skipping segment [24576:25600] due to overlap with noise [24000:24800]
2025-10-09 11:54:09,385 [DEBUG] Accepted segment [25088:26112], variance=0.0705, QRS count=6
2025-10-09 11:54:09,387 [DEBUG] Accepted segment [25600:26624], variance=0.0701, QRS count=5
2025-10-09 11:54:09,390 [DEBUG] Accepted segment [26112:27136], variance=0.0624, QRS count=5
2025-10-09 11:54:09,393 [DEBUG] Accepted segment [26624:27648], variance=0.0628, QRS count=6
2025-10-09 11:54:09,396 [DEBUG] Accepted segment [27136:28160], variance=0.0622, QRS count=5
2025-10-09 11:54:09,398 [DEBUG] Accepted segment [27648:28672], variance=0.0545, QRS count=5
2025-10-09 11:54:09,400 [DEBUG] Accepted segment [28160:29184], variance=0.0639, QRS count=5
2025-10-09 11:54:09,402 [DEBUG] Accepted segment [28672:29696], variance=0.0645, QRS count=4
2025-10-09 11:54:09,405 [DEBUG] Accepted segment [29184:30208], variance=0.0619, QRS count=5
2025-10-09 11:54:09,407 [DEBUG] Accepted segment [29696:30720], variance=0.0662, QRS count=5
2025-10-09 11:54:09,409 [DEBUG] Accepted segment [30208:31232], variance=0.0584, QRS count=4
2025-10-09 11:54:09,412 [DEBUG] Accepted segment [30720:31744], variance=0.0632, QRS count=5
2025-10-09 11:54:09,414 [DEBUG] Accepted segment [31232:32256], variance=0.0687, QRS count=4
2025-10-09 11:54:09,416 [DEBUG] Accepted segment [31744:32768], variance=0.0606, QRS count=4
2025-10-09 11:54:09,419 [DEBUG] Accepted segment [32256:33280], variance=0.0556, QRS count=5
2025-10-09 11:54:09,421 [DEBUG] Accepted segment [32768:33792], variance=0.0653, QRS count=5
2025-10-09 11:54:09,423 [DEBUG] Accepted segment [33280:34304], variance=0.0680, QRS count=4
2025-10-09 11:54:09,426 [DEBUG] Accepted segment [33792:34816], variance=0.0583, QRS count=4
2025-10-09 11:54:09,428 [DEBUG] Accepted segment [34304:35328], variance=0.0639, QRS count=5
2025-10-09 11:54:09,430 [DEBUG] Accepted segment [34816:35840], variance=0.0667, QRS count=4
2025-10-09 11:54:09,433 [DEBUG] Accepted segment [35328:36352], variance=0.0591, QRS count=5
2025-10-09 11:54:09,435 [DEBUG] Accepted segment [35840:36864], variance=0.0674, QRS count=5
2025-10-09 11:54:09,437 [DEBUG] Accepted segment [36352:37376], variance=0.0672, QRS count=4
2025-10-09 11:54:09,440 [DEBUG] Accepted segment [36864:37888], variance=0.0556, QRS count=4
2025-10-09 11:54:09,442 [DEBUG] Accepted segment [37376:38400], variance=0.0645, QRS count=4
2025-10-09 11:54:09,444 [DEBUG] Accepted segment [37888:38912], variance=0.0696, QRS count=4
2025-10-09 11:54:09,446 [DEBUG] Accepted segment [38400:39424], variance=0.0600, QRS count=4
2025-10-09 11:54:09,449 [DEBUG] Accepted segment [38912:39936], variance=0.0560, QRS count=4
2025-10-09 11:54:09,451 [DEBUG] Accepted segment [39424:40448], variance=0.0663, QRS count=5
2025-10-09 11:54:09,453 [DEBUG] Accepted segment [39936:40960], variance=0.0676, QRS count=4
2025-10-09 11:54:09,455 [DEBUG] Accepted segment [40448:41472], variance=0.0587, QRS count=4
2025-10-09 11:54:09,458 [DEBUG] Accepted segment [40960:41984], variance=0.0638, QRS count=5
2025-10-09 11:54:09,460 [DEBUG] Accepted segment [41472:42496], variance=0.0685, QRS count=4
2025-10-09 11:54:09,462 [DEBUG] Accepted segment [41984:43008], variance=0.0633, QRS count=4
2025-10-09 11:54:09,465 [DEBUG] Accepted segment [42496:43520], variance=0.0641, QRS count=5
2025-10-09 11:54:09,467 [DEBUG] Accepted segment [43008:44032], variance=0.0666, QRS count=5
2025-10-09 11:54:09,469 [DEBUG] Accepted segment [43520:44544], variance=0.0613, QRS count=4
2025-10-09 11:54:09,472 [DEBUG] Accepted segment [44032:45056], variance=0.0696, QRS count=5
2025-10-09 11:54:09,474 [DEBUG] Accepted segment [44544:45568], variance=0.0793, QRS count=5
2025-10-09 11:54:09,476 [DEBUG] Accepted segment [45056:46080], variance=0.0745, QRS count=5
2025-10-09 11:54:09,478 [DEBUG] Accepted segment [45568:46592], variance=0.0689, QRS count=5
2025-10-09 11:54:09,481 [DEBUG] Accepted segment [46080:47104], variance=0.0612, QRS count=5
2025-10-09 11:54:09,483 [DEBUG] Accepted segment [46592:47616], variance=0.0675, QRS count=5
2025-10-09 11:54:09,485 [DEBUG] Accepted segment [47104:48128], variance=0.0667, QRS count=4
2025-10-09 11:54:09,487 [DEBUG] Accepted segment [47616:48640], variance=0.0650, QRS count=5
2025-10-09 11:54:09,490 [DEBUG] Accepted segment [48128:49152], variance=0.0693, QRS count=4
2025-10-09 11:54:09,492 [DEBUG] Accepted segment [48640:49664], variance=0.0693, QRS count=5
2025-10-09 11:54:09,494 [DEBUG] Accepted segment [49152:50176], variance=0.0686, QRS count=5
2025-10-09 11:54:09,496 [DEBUG] Accepted segment [49664:50688], variance=0.0699, QRS count=5
2025-10-09 11:54:09,499 [DEBUG] Accepted segment [50176:51200], variance=0.0716, QRS count=6
2025-10-09 11:54:09,501 [DEBUG] Accepted segment [50688:51712], variance=0.0602, QRS count=5
2025-10-09 11:54:09,504 [DEBUG] Accepted segment [51200:52224], variance=0.0649, QRS count=5
2025-10-09 11:54:09,506 [DEBUG] Accepted segment [51712:52736], variance=0.0633, QRS count=4
2025-10-09 11:54:09,508 [DEBUG] Accepted segment [52224:53248], variance=0.0603, QRS count=5
2025-10-09 11:54:09,510 [DEBUG] Accepted segment [52736:53760], variance=0.0668, QRS count=5
2025-10-09 11:54:09,512 [DEBUG] Accepted segment [53248:54272], variance=0.0604, QRS count=5
2025-10-09 11:54:09,515 [DEBUG] Accepted segment [53760:54784], variance=0.0667, QRS count=5
2025-10-09 11:54:09,518 [DEBUG] Accepted segment [54272:55296], variance=0.0659, QRS count=4
2025-10-09 11:54:09,521 [DEBUG] Accepted segment [54784:55808], variance=0.0629, QRS count=5
2025-10-09 11:54:09,523 [DEBUG] Accepted segment [55296:56320], variance=0.0680, QRS count=5
2025-10-09 11:54:09,525 [DEBUG] Accepted segment [55808:56832], variance=0.0606, QRS count=4
2025-10-09 11:54:09,528 [DEBUG] Accepted segment [56320:57344], variance=0.0672, QRS count=5
2025-10-09 11:54:09,530 [DEBUG] Accepted segment [56832:57856], variance=0.0676, QRS count=4
2025-10-09 11:54:09,532 [DEBUG] Accepted segment [57344:58368], variance=0.0666, QRS count=5
2025-10-09 11:54:09,535 [DEBUG] Accepted segment [57856:58880], variance=0.0669, QRS count=4
2025-10-09 11:54:09,537 [DEBUG] Accepted segment [58368:59392], variance=0.0631, QRS count=5
2025-10-09 11:54:09,539 [DEBUG] Accepted segment [58880:59904], variance=0.0658, QRS count=4
2025-10-09 11:54:09,541 [DEBUG] Accepted segment [59392:60416], variance=0.0663, QRS count=5
2025-10-09 11:54:09,544 [DEBUG] Accepted segment [59904:60928], variance=0.0609, QRS count=5
2025-10-09 11:54:09,546 [DEBUG] Accepted segment [60416:61440], variance=0.0636, QRS count=5
2025-10-09 11:54:09,548 [DEBUG] Accepted segment [60928:61952], variance=0.0645, QRS count=4
2025-10-09 11:54:09,550 [DEBUG] Accepted segment [61440:62464], variance=0.0635, QRS count=5
2025-10-09 11:54:09,553 [DEBUG] Accepted segment [61952:62976], variance=0.0681, QRS count=5
2025-10-09 11:54:09,555 [DEBUG] Accepted segment [62464:63488], variance=0.0672, QRS count=5
2025-10-09 11:54:09,557 [DEBUG] Accepted segment [62976:64000], variance=0.0674, QRS count=5
2025-10-09 11:54:09,559 [DEBUG] Accepted segment [63488:64512], variance=0.0614, QRS count=4
2025-10-09 11:54:09,562 [DEBUG] Accepted segment [64000:65024], variance=0.0665, QRS count=4
2025-10-09 11:54:09,566 [DEBUG] Accepted segment [64512:65536], variance=0.0698, QRS count=4
2025-10-09 11:54:09,569 [DEBUG] Accepted segment [65024:66048], variance=0.0600, QRS count=4
2025-10-09 11:54:09,571 [DEBUG] Accepted segment [65536:66560], variance=0.0562, QRS count=4
2025-10-09 11:54:09,574 [DEBUG] Accepted segment [66048:67072], variance=0.0646, QRS count=5
2025-10-09 11:54:09,576 [DEBUG] Accepted segment [66560:67584], variance=0.0682, QRS count=4
2025-10-09 11:54:09,579 [DEBUG] Accepted segment [67072:68096], variance=0.0609, QRS count=4
2025-10-09 11:54:09,581 [DEBUG] Accepted segment [67584:68608], variance=0.0569, QRS count=4
2025-10-09 11:54:09,583 [DEBUG] Accepted segment [68096:69120], variance=0.0652, QRS count=5
2025-10-09 11:54:09,586 [DEBUG] Accepted segment [68608:69632], variance=0.0696, QRS count=4
2025-10-09 11:54:09,588 [DEBUG] Accepted segment [69120:70144], variance=0.0609, QRS count=4
2025-10-09 11:54:09,590 [DEBUG] Accepted segment [69632:70656], variance=0.0629, QRS count=5
2025-10-09 11:54:09,592 [DEBUG] Accepted segment [70144:71168], variance=0.0675, QRS count=4
2025-10-09 11:54:09,594 [DEBUG] Accepted segment [70656:71680], variance=0.0603, QRS count=4
2025-10-09 11:54:09,597 [DEBUG] Accepted segment [71168:72192], variance=0.0674, QRS count=5
2025-10-09 11:54:09,599 [DEBUG] Accepted segment [71680:72704], variance=0.0668, QRS count=4
2025-10-09 11:54:09,601 [DEBUG] Accepted segment [72192:73216], variance=0.0556, QRS count=4
2025-10-09 11:54:09,603 [DEBUG] Accepted segment [72704:73728], variance=0.0672, QRS count=5
2025-10-09 11:54:09,605 [DEBUG] Accepted segment [73216:74240], variance=0.0669, QRS count=4
2025-10-09 11:54:09,608 [DEBUG] Accepted segment [73728:74752], variance=0.0551, QRS count=5
2025-10-09 11:54:09,610 [DEBUG] Accepted segment [74240:75264], variance=0.0668, QRS count=5
2025-10-09 11:54:09,612 [DEBUG] Accepted segment [74752:75776], variance=0.0669, QRS count=4
2025-10-09 11:54:09,614 [DEBUG] Accepted segment [75264:76288], variance=0.0631, QRS count=4
2025-10-09 11:54:09,616 [DEBUG] Accepted segment [75776:76800], variance=0.0682, QRS count=5
2025-10-09 11:54:09,619 [DEBUG] Accepted segment [76288:77312], variance=0.0602, QRS count=4
2025-10-09 11:54:09,621 [DEBUG] Accepted segment [76800:77824], variance=0.0663, QRS count=5
2025-10-09 11:54:09,623 [DEBUG] Accepted segment [77312:78336], variance=0.0746, QRS count=5
2025-10-09 11:54:09,626 [DEBUG] Accepted segment [77824:78848], variance=0.0747, QRS count=5
2025-10-09 11:54:09,629 [DEBUG] Accepted segment [78336:79360], variance=0.0700, QRS count=5
2025-10-09 11:54:09,631 [DEBUG] Accepted segment [78848:79872], variance=0.0689, QRS count=5
2025-10-09 11:54:09,633 [DEBUG] Accepted segment [79360:80384], variance=0.0664, QRS count=4
2025-10-09 11:54:09,635 [DEBUG] Accepted segment [79872:80896], variance=0.0676, QRS count=5
2025-10-09 11:54:09,638 [DEBUG] Accepted segment [80384:81408], variance=0.0665, QRS count=4
2025-10-09 11:54:09,640 [DEBUG] Accepted segment [80896:81920], variance=0.0647, QRS count=5
2025-10-09 11:54:09,642 [DEBUG] Accepted segment [81408:82432], variance=0.0655, QRS count=4
2025-10-09 11:54:09,645 [DEBUG] Accepted segment [81920:82944], variance=0.0642, QRS count=5
2025-10-09 11:54:09,647 [DEBUG] Accepted segment [82432:83456], variance=0.0676, QRS count=5
2025-10-09 11:54:09,649 [DEBUG] Accepted segment [82944:83968], variance=0.0592, QRS count=4
2025-10-09 11:54:09,651 [DEBUG] Accepted segment [83456:84480], variance=0.0646, QRS count=5
2025-10-09 11:54:09,654 [DEBUG] Accepted segment [83968:84992], variance=0.0657, QRS count=4
2025-10-09 11:54:09,656 [DEBUG] Accepted segment [84480:85504], variance=0.0633, QRS count=5
2025-10-09 11:54:09,658 [DEBUG] Accepted segment [84992:86016], variance=0.0668, QRS count=5
2025-10-09 11:54:09,661 [DEBUG] Accepted segment [85504:86528], variance=0.0680, QRS count=5
2025-10-09 11:54:09,663 [DEBUG] Accepted segment [86016:87040], variance=0.0652, QRS count=4
2025-10-09 11:54:09,665 [DEBUG] Accepted segment [86528:87552], variance=0.0649, QRS count=5
2025-10-09 11:54:09,667 [DEBUG] Accepted segment [87040:88064], variance=0.0665, QRS count=4
2025-10-09 11:54:09,670 [DEBUG] Accepted segment [87552:88576], variance=0.0640, QRS count=5
2025-10-09 11:54:09,672 [DEBUG] Accepted segment [88064:89088], variance=0.0637, QRS count=5
2025-10-09 11:54:09,674 [DEBUG] Accepted segment [88576:89600], variance=0.0630, QRS count=4
2025-10-09 11:54:09,676 [DEBUG] Accepted segment [89088:90112], variance=0.0606, QRS count=5
2025-10-09 11:54:09,679 [DEBUG] Accepted segment [89600:90624], variance=0.0560, QRS count=4
2025-10-09 11:54:09,681 [DEBUG] Accepted segment [90112:91136], variance=0.0542, QRS count=4
2025-10-09 11:54:09,683 [DEBUG] Accepted segment [90624:91648], variance=0.0615, QRS count=5
2025-10-09 11:54:09,685 [DEBUG] Accepted segment [91136:92160], variance=0.0635, QRS count=4
2025-10-09 11:54:09,688 [DEBUG] Accepted segment [91648:92672], variance=0.0539, QRS count=5
2025-10-09 11:54:09,690 [DEBUG] Accepted segment [92160:93184], variance=0.0651, QRS count=5
2025-10-09 11:54:09,692 [DEBUG] Accepted segment [92672:93696], variance=0.0662, QRS count=4
2025-10-09 11:54:09,694 [DEBUG] Accepted segment [93184:94208], variance=0.0542, QRS count=4
2025-10-09 11:54:09,697 [DEBUG] Accepted segment [93696:94720], variance=0.0644, QRS count=5
2025-10-09 11:54:09,699 [DEBUG] Accepted segment [94208:95232], variance=0.0639, QRS count=4
2025-10-09 11:54:09,701 [DEBUG] Accepted segment [94720:95744], variance=0.0533, QRS count=4
2025-10-09 11:54:09,704 [DEBUG] Accepted segment [95232:96256], variance=0.0611, QRS count=5
2025-10-09 11:54:09,706 [DEBUG] Accepted segment [95744:96768], variance=0.0647, QRS count=4
2025-10-09 11:54:09,708 [DEBUG] Accepted segment [96256:97280], variance=0.0575, QRS count=5
2025-10-09 11:54:09,710 [DEBUG] Accepted segment [96768:97792], variance=0.0637, QRS count=5
2025-10-09 11:54:09,710 [DEBUG] Skipping segment [97280:98304] due to overlap with noise [98200:101600]
2025-10-09 11:54:09,710 [DEBUG] Skipping segment [97792:98816] due to overlap with noise [98200:101600]
2025-10-09 11:54:09,711 [DEBUG] Skipping segment [98304:99328] due to overlap with noise [98200:101600]
2025-10-09 11:54:09,711 [DEBUG] Skipping segment [98816:99840] due to overlap with noise [98200:101600]
2025-10-09 11:54:09,711 [DEBUG] Skipping segment [99328:100352] due to overlap with noise [98200:101600]
2025-10-09 11:54:09,711 [DEBUG] Skipping segment [99840:100864] due to overlap with noise [98200:101600]
2025-10-09 11:54:09,711 [DEBUG] Skipping segment [100352:101376] due to overlap with noise [98200:101600]
2025-10-09 11:54:09,711 [DEBUG] Skipping segment [100864:101888] due to overlap with noise [98200:101600]
2025-10-09 11:54:09,711 [DEBUG] Skipping segment [101376:102400] due to overlap with noise [98200:101600]
2025-10-09 11:54:09,713 [DEBUG] Accepted segment [101888:102912], variance=0.0620, QRS count=5
2025-10-09 11:54:09,715 [DEBUG] Accepted segment [102400:103424], variance=0.0601, QRS count=5
2025-10-09 11:54:09,718 [DEBUG] Accepted segment [102912:103936], variance=0.0623, QRS count=4
2025-10-09 11:54:09,720 [DEBUG] Accepted segment [103424:104448], variance=0.0644, QRS count=5
2025-10-09 11:54:09,723 [DEBUG] Accepted segment [103936:104960], variance=0.0658, QRS count=5
2025-10-09 11:54:09,725 [DEBUG] Accepted segment [104448:105472], variance=0.0645, QRS count=5
2025-10-09 11:54:09,727 [DEBUG] Accepted segment [104960:105984], variance=0.0644, QRS count=5
2025-10-09 11:54:09,730 [DEBUG] Accepted segment [105472:106496], variance=0.0673, QRS count=5
2025-10-09 11:54:09,732 [DEBUG] Accepted segment [105984:107008], variance=0.0652, QRS count=5
2025-10-09 11:54:09,734 [DEBUG] Accepted segment [106496:107520], variance=0.0622, QRS count=5
2025-10-09 11:54:09,736 [DEBUG] Accepted segment [107008:108032], variance=0.0632, QRS count=4
2025-10-09 11:54:09,738 [DEBUG] Accepted segment [107520:108544], variance=0.0575, QRS count=4
2025-10-09 11:54:09,741 [DEBUG] Accepted segment [108032:109056], variance=0.0623, QRS count=5
2025-10-09 11:54:09,743 [DEBUG] Accepted segment [108544:109568], variance=0.0661, QRS count=4
2025-10-09 11:54:09,743 [DEBUG] Skipping segment [109056:110080] due to overlap with noise [110000:110800]
2025-10-09 11:54:09,743 [DEBUG] Skipping segment [109568:110592] due to overlap with noise [110000:110800]
2025-10-09 11:54:09,743 [DEBUG] Skipping segment [110080:111104] due to overlap with noise [110000:110800]
2025-10-09 11:54:09,743 [DEBUG] Skipping segment [110592:111616] due to overlap with noise [110000:110800]
2025-10-09 11:54:09,745 [DEBUG] Accepted segment [111104:112128], variance=0.0659, QRS count=5
2025-10-09 11:54:09,747 [DEBUG] Accepted segment [111616:112640], variance=0.0660, QRS count=4
2025-10-09 11:54:09,750 [DEBUG] Accepted segment [112128:113152], variance=0.0650, QRS count=5
2025-10-09 11:54:09,752 [DEBUG] Accepted segment [112640:113664], variance=0.0650, QRS count=4
2025-10-09 11:54:09,755 [DEBUG] Accepted segment [113152:114176], variance=0.0616, QRS count=5
2025-10-09 11:54:09,757 [DEBUG] Accepted segment [113664:114688], variance=0.0663, QRS count=4
2025-10-09 11:54:09,759 [DEBUG] Accepted segment [114176:115200], variance=0.0597, QRS count=4
2025-10-09 11:54:09,762 [DEBUG] Accepted segment [114688:115712], variance=0.0616, QRS count=5
2025-10-09 11:54:09,766 [DEBUG] Accepted segment [115200:116224], variance=0.0643, QRS count=4
2025-10-09 11:54:09,770 [DEBUG] Accepted segment [115712:116736], variance=0.0654, QRS count=5
2025-10-09 11:54:09,772 [DEBUG] Accepted segment [116224:117248], variance=0.0645, QRS count=5
2025-10-09 11:54:09,775 [DEBUG] Accepted segment [116736:117760], variance=0.0676, QRS count=5
2025-10-09 11:54:09,775 [DEBUG] Skipping segment [117248:118272] due to overlap with noise [118000:119600]
2025-10-09 11:54:09,775 [DEBUG] Skipping segment [117760:118784] due to overlap with noise [118000:119600]
2025-10-09 11:54:09,775 [DEBUG] Skipping segment [118272:119296] due to overlap with noise [118000:119600]
2025-10-09 11:54:09,775 [DEBUG] Skipping segment [118784:119808] due to overlap with noise [118000:119600]
2025-10-09 11:54:09,775 [DEBUG] Skipping segment [119296:120320] due to overlap with noise [118000:119600]
2025-10-09 11:54:09,777 [DEBUG] Accepted segment [119808:120832], variance=0.0673, QRS count=5
2025-10-09 11:54:09,780 [DEBUG] Accepted segment [120320:121344], variance=0.0726, QRS count=5
2025-10-09 11:54:09,783 [DEBUG] Accepted segment [120832:121856], variance=0.0690, QRS count=6
2025-10-09 11:54:09,785 [DEBUG] Accepted segment [121344:122368], variance=0.0672, QRS count=6
2025-10-09 11:54:09,787 [DEBUG] Accepted segment [121856:122880], variance=0.0585, QRS count=5
2025-10-09 11:54:09,790 [DEBUG] Accepted segment [122368:123392], variance=0.0596, QRS count=5
2025-10-09 11:54:09,792 [DEBUG] Accepted segment [122880:123904], variance=0.0629, QRS count=4
2025-10-09 11:54:09,795 [DEBUG] Accepted segment [123392:124416], variance=0.0610, QRS count=5
2025-10-09 11:54:09,797 [DEBUG] Accepted segment [123904:124928], variance=0.0617, QRS count=4
2025-10-09 11:54:09,800 [DEBUG] Accepted segment [124416:125440], variance=0.0623, QRS count=5
2025-10-09 11:54:09,802 [DEBUG] Accepted segment [124928:125952], variance=0.0606, QRS count=4
2025-10-09 11:54:09,805 [DEBUG] Accepted segment [125440:126464], variance=0.0610, QRS count=5
2025-10-09 11:54:09,807 [DEBUG] Accepted segment [125952:126976], variance=0.0600, QRS count=4
2025-10-09 11:54:09,810 [DEBUG] Accepted segment [126464:127488], variance=0.0591, QRS count=5
2025-10-09 11:54:09,810 [INFO] Segmented signal of length 127999 into 220 valid segments
2025-10-09 11:54:10,068 [INFO] Test batch shapes: X=(32, 1024, 1), Y=(32, 1024, 1)
2025-10-09 11:54:10,071 [INFO] Building ResUNet Denoising Autoencoder
2025-10-09 11:54:10,539 [INFO] Model: "functional"
┏━━━━━━━━━━━━━━━━━━━━━━━━━━━━━━━┳━━━━━━━━━━━━━━━━━━━━━━━━━━━┳━━━━━━━━━━━━━━━━━┳━━━━━━━━━━━━━━━━━━━━━━━━━━━━┓
┃ Layer (type)                  ┃ Output Shape              ┃         Param # ┃ Connected to               ┃
┡━━━━━━━━━━━━━━━━━━━━━━━━━━━━━━━╇━━━━━━━━━━━━━━━━━━━━━━━━━━━╇━━━━━━━━━━━━━━━━━╇━━━━━━━━━━━━━━━━━━━━━━━━━━━━┩
│ input_layer (InputLayer)      │ (None, 1024, 1)           │               0 │ -                          │
├───────────────────────────────┼───────────────────────────┼─────────────────┼────────────────────────────┤
│ conv1d (Conv1D)               │ (None, 1024, 32)          │             128 │ input_layer[0][0]          │
├───────────────────────────────┼───────────────────────────┼─────────────────┼────────────────────────────┤
│ batch_normalization           │ (None, 1024, 32)          │             128 │ conv1d[0][0]               │
│ (BatchNormalization)          │                           │                 │                            │
├───────────────────────────────┼───────────────────────────┼─────────────────┼────────────────────────────┤
│ re_lu (ReLU)                  │ (None, 1024, 32)          │               0 │ batch_normalization[0][0]  │
├───────────────────────────────┼───────────────────────────┼─────────────────┼────────────────────────────┤
│ conv1d_1 (Conv1D)             │ (None, 1024, 32)          │           3,104 │ re_lu[0][0]                │
├───────────────────────────────┼───────────────────────────┼─────────────────┼────────────────────────────┤
│ batch_normalization_1         │ (None, 1024, 32)          │             128 │ conv1d_1[0][0]             │
│ (BatchNormalization)          │                           │                 │                            │
├───────────────────────────────┼───────────────────────────┼─────────────────┼────────────────────────────┤
│ conv1d_2 (Conv1D)             │ (None, 1024, 32)          │           1,056 │ batch_normalization_1[0][… │
├───────────────────────────────┼───────────────────────────┼─────────────────┼────────────────────────────┤
│ add (Add)                     │ (None, 1024, 32)          │               0 │ batch_normalization_1[0][… │
│                               │                           │                 │ conv1d_2[0][0]             │
├───────────────────────────────┼───────────────────────────┼─────────────────┼────────────────────────────┤
│ re_lu_1 (ReLU)                │ (None, 1024, 32)          │               0 │ add[0][0]                  │
├───────────────────────────────┼───────────────────────────┼─────────────────┼────────────────────────────┤
│ max_pooling1d (MaxPooling1D)  │ (None, 512, 32)           │               0 │ re_lu_1[0][0]              │
├───────────────────────────────┼───────────────────────────┼─────────────────┼────────────────────────────┤
│ conv1d_3 (Conv1D)             │ (None, 512, 64)           │           6,208 │ max_pooling1d[0][0]        │
├───────────────────────────────┼───────────────────────────┼─────────────────┼────────────────────────────┤
│ batch_normalization_2         │ (None, 512, 64)           │             256 │ conv1d_3[0][0]             │
│ (BatchNormalization)          │                           │                 │                            │
├───────────────────────────────┼───────────────────────────┼─────────────────┼────────────────────────────┤
│ re_lu_2 (ReLU)                │ (None, 512, 64)           │               0 │ batch_normalization_2[0][… │
├───────────────────────────────┼───────────────────────────┼─────────────────┼────────────────────────────┤
│ conv1d_4 (Conv1D)             │ (None, 512, 64)           │          12,352 │ re_lu_2[0][0]              │
├───────────────────────────────┼───────────────────────────┼─────────────────┼────────────────────────────┤
│ batch_normalization_3         │ (None, 512, 64)           │             256 │ conv1d_4[0][0]             │
│ (BatchNormalization)          │                           │                 │                            │
├───────────────────────────────┼───────────────────────────┼─────────────────┼────────────────────────────┤
│ conv1d_5 (Conv1D)             │ (None, 512, 64)           │           4,160 │ batch_normalization_3[0][… │
├───────────────────────────────┼───────────────────────────┼─────────────────┼────────────────────────────┤
│ add_1 (Add)                   │ (None, 512, 64)           │               0 │ batch_normalization_3[0][… │
│                               │                           │                 │ conv1d_5[0][0]             │
├───────────────────────────────┼───────────────────────────┼─────────────────┼────────────────────────────┤
│ re_lu_3 (ReLU)                │ (None, 512, 64)           │               0 │ add_1[0][0]                │
├───────────────────────────────┼───────────────────────────┼─────────────────┼────────────────────────────┤
│ max_pooling1d_1               │ (None, 256, 64)           │               0 │ re_lu_3[0][0]              │
│ (MaxPooling1D)                │                           │                 │                            │
├───────────────────────────────┼───────────────────────────┼─────────────────┼────────────────────────────┤
│ conv1d_6 (Conv1D)             │ (None, 256, 128)          │          24,704 │ max_pooling1d_1[0][0]      │
├───────────────────────────────┼───────────────────────────┼─────────────────┼────────────────────────────┤
│ batch_normalization_4         │ (None, 256, 128)          │             512 │ conv1d_6[0][0]             │
│ (BatchNormalization)          │                           │                 │                            │
├───────────────────────────────┼───────────────────────────┼─────────────────┼────────────────────────────┤
│ re_lu_4 (ReLU)                │ (None, 256, 128)          │               0 │ batch_normalization_4[0][… │
├───────────────────────────────┼───────────────────────────┼─────────────────┼────────────────────────────┤
│ conv1d_7 (Conv1D)             │ (None, 256, 128)          │          49,280 │ re_lu_4[0][0]              │
├───────────────────────────────┼───────────────────────────┼─────────────────┼────────────────────────────┤
│ batch_normalization_5         │ (None, 256, 128)          │             512 │ conv1d_7[0][0]             │
│ (BatchNormalization)          │                           │                 │                            │
├───────────────────────────────┼───────────────────────────┼─────────────────┼────────────────────────────┤
│ conv1d_8 (Conv1D)             │ (None, 256, 128)          │          16,512 │ batch_normalization_5[0][… │
├───────────────────────────────┼───────────────────────────┼─────────────────┼────────────────────────────┤
│ add_2 (Add)                   │ (None, 256, 128)          │               0 │ batch_normalization_5[0][… │
│                               │                           │                 │ conv1d_8[0][0]             │
├───────────────────────────────┼───────────────────────────┼─────────────────┼────────────────────────────┤
│ re_lu_5 (ReLU)                │ (None, 256, 128)          │               0 │ add_2[0][0]                │
├───────────────────────────────┼───────────────────────────┼─────────────────┼────────────────────────────┤
│ max_pooling1d_2               │ (None, 128, 128)          │               0 │ re_lu_5[0][0]              │
│ (MaxPooling1D)                │                           │                 │                            │
├───────────────────────────────┼───────────────────────────┼─────────────────┼────────────────────────────┤
│ conv1d_9 (Conv1D)             │ (None, 128, 256)          │          98,560 │ max_pooling1d_2[0][0]      │
├───────────────────────────────┼───────────────────────────┼─────────────────┼────────────────────────────┤
│ batch_normalization_6         │ (None, 128, 256)          │           1,024 │ conv1d_9[0][0]             │
│ (BatchNormalization)          │                           │                 │                            │
├───────────────────────────────┼───────────────────────────┼─────────────────┼────────────────────────────┤
│ re_lu_6 (ReLU)                │ (None, 128, 256)          │               0 │ batch_normalization_6[0][… │
├───────────────────────────────┼───────────────────────────┼─────────────────┼────────────────────────────┤
│ conv1d_10 (Conv1D)            │ (None, 128, 256)          │         196,864 │ re_lu_6[0][0]              │
├───────────────────────────────┼───────────────────────────┼─────────────────┼────────────────────────────┤
│ batch_normalization_7         │ (None, 128, 256)          │           1,024 │ conv1d_10[0][0]            │
│ (BatchNormalization)          │                           │                 │                            │
├───────────────────────────────┼───────────────────────────┼─────────────────┼────────────────────────────┤
│ conv1d_11 (Conv1D)            │ (None, 128, 256)          │          65,792 │ batch_normalization_7[0][… │
├───────────────────────────────┼───────────────────────────┼─────────────────┼────────────────────────────┤
│ add_3 (Add)                   │ (None, 128, 256)          │               0 │ batch_normalization_7[0][… │
│                               │                           │                 │ conv1d_11[0][0]            │
├───────────────────────────────┼───────────────────────────┼─────────────────┼────────────────────────────┤
│ re_lu_7 (ReLU)                │ (None, 128, 256)          │               0 │ add_3[0][0]                │
├───────────────────────────────┼───────────────────────────┼─────────────────┼────────────────────────────┤
│ up_sampling1d (UpSampling1D)  │ (None, 256, 256)          │               0 │ re_lu_7[0][0]              │
├───────────────────────────────┼───────────────────────────┼─────────────────┼────────────────────────────┤
│ concatenate (Concatenate)     │ (None, 256, 384)          │               0 │ up_sampling1d[0][0],       │
│                               │                           │                 │ re_lu_5[0][0]              │
├───────────────────────────────┼───────────────────────────┼─────────────────┼────────────────────────────┤
│ conv1d_12 (Conv1D)            │ (None, 256, 128)          │         147,584 │ concatenate[0][0]          │
├───────────────────────────────┼───────────────────────────┼─────────────────┼────────────────────────────┤
│ batch_normalization_8         │ (None, 256, 128)          │             512 │ conv1d_12[0][0]            │
│ (BatchNormalization)          │                           │                 │                            │
├───────────────────────────────┼───────────────────────────┼─────────────────┼────────────────────────────┤
│ re_lu_8 (ReLU)                │ (None, 256, 128)          │               0 │ batch_normalization_8[0][… │
├───────────────────────────────┼───────────────────────────┼─────────────────┼────────────────────────────┤
│ conv1d_13 (Conv1D)            │ (None, 256, 128)          │          49,280 │ re_lu_8[0][0]              │
├───────────────────────────────┼───────────────────────────┼─────────────────┼────────────────────────────┤
│ batch_normalization_9         │ (None, 256, 128)          │             512 │ conv1d_13[0][0]            │
│ (BatchNormalization)          │                           │                 │                            │
├───────────────────────────────┼───────────────────────────┼─────────────────┼────────────────────────────┤
│ conv1d_14 (Conv1D)            │ (None, 256, 128)          │          16,512 │ batch_normalization_9[0][… │
├───────────────────────────────┼───────────────────────────┼─────────────────┼────────────────────────────┤
│ add_4 (Add)                   │ (None, 256, 128)          │               0 │ batch_normalization_9[0][… │
│                               │                           │                 │ conv1d_14[0][0]            │
├───────────────────────────────┼───────────────────────────┼─────────────────┼────────────────────────────┤
│ re_lu_9 (ReLU)                │ (None, 256, 128)          │               0 │ add_4[0][0]                │
├───────────────────────────────┼───────────────────────────┼─────────────────┼────────────────────────────┤
│ up_sampling1d_1               │ (None, 512, 128)          │               0 │ re_lu_9[0][0]              │
│ (UpSampling1D)                │                           │                 │                            │
├───────────────────────────────┼───────────────────────────┼─────────────────┼────────────────────────────┤
│ concatenate_1 (Concatenate)   │ (None, 512, 192)          │               0 │ up_sampling1d_1[0][0],     │
│                               │                           │                 │ re_lu_3[0][0]              │
├───────────────────────────────┼───────────────────────────┼─────────────────┼────────────────────────────┤
│ conv1d_15 (Conv1D)            │ (None, 512, 64)           │          36,928 │ concatenate_1[0][0]        │
├───────────────────────────────┼───────────────────────────┼─────────────────┼────────────────────────────┤
│ batch_normalization_10        │ (None, 512, 64)           │             256 │ conv1d_15[0][0]            │
│ (BatchNormalization)          │                           │                 │                            │
├───────────────────────────────┼───────────────────────────┼─────────────────┼────────────────────────────┤
│ re_lu_10 (ReLU)               │ (None, 512, 64)           │               0 │ batch_normalization_10[0]… │
├───────────────────────────────┼───────────────────────────┼─────────────────┼────────────────────────────┤
│ conv1d_16 (Conv1D)            │ (None, 512, 64)           │          12,352 │ re_lu_10[0][0]             │
├───────────────────────────────┼───────────────────────────┼─────────────────┼────────────────────────────┤
│ batch_normalization_11        │ (None, 512, 64)           │             256 │ conv1d_16[0][0]            │
│ (BatchNormalization)          │                           │                 │                            │
├───────────────────────────────┼───────────────────────────┼─────────────────┼────────────────────────────┤
│ conv1d_17 (Conv1D)            │ (None, 512, 64)           │           4,160 │ batch_normalization_11[0]… │
├───────────────────────────────┼───────────────────────────┼─────────────────┼────────────────────────────┤
│ add_5 (Add)                   │ (None, 512, 64)           │               0 │ batch_normalization_11[0]… │
│                               │                           │                 │ conv1d_17[0][0]            │
├───────────────────────────────┼───────────────────────────┼─────────────────┼────────────────────────────┤
│ re_lu_11 (ReLU)               │ (None, 512, 64)           │               0 │ add_5[0][0]                │
├───────────────────────────────┼───────────────────────────┼─────────────────┼────────────────────────────┤
│ up_sampling1d_2               │ (None, 1024, 64)          │               0 │ re_lu_11[0][0]             │
│ (UpSampling1D)                │                           │                 │                            │
├───────────────────────────────┼───────────────────────────┼─────────────────┼────────────────────────────┤
│ concatenate_2 (Concatenate)   │ (None, 1024, 96)          │               0 │ up_sampling1d_2[0][0],     │
│                               │                           │                 │ re_lu_1[0][0]              │
├───────────────────────────────┼───────────────────────────┼─────────────────┼────────────────────────────┤
│ conv1d_18 (Conv1D)            │ (None, 1024, 32)          │           9,248 │ concatenate_2[0][0]        │
├───────────────────────────────┼───────────────────────────┼─────────────────┼────────────────────────────┤
│ batch_normalization_12        │ (None, 1024, 32)          │             128 │ conv1d_18[0][0]            │
│ (BatchNormalization)          │                           │                 │                            │
├───────────────────────────────┼───────────────────────────┼─────────────────┼────────────────────────────┤
│ re_lu_12 (ReLU)               │ (None, 1024, 32)          │               0 │ batch_normalization_12[0]… │
├───────────────────────────────┼───────────────────────────┼─────────────────┼────────────────────────────┤
│ conv1d_19 (Conv1D)            │ (None, 1024, 32)          │           3,104 │ re_lu_12[0][0]             │
├───────────────────────────────┼───────────────────────────┼─────────────────┼────────────────────────────┤
│ batch_normalization_13        │ (None, 1024, 32)          │             128 │ conv1d_19[0][0]            │
│ (BatchNormalization)          │                           │                 │                            │
├───────────────────────────────┼───────────────────────────┼─────────────────┼────────────────────────────┤
│ conv1d_20 (Conv1D)            │ (None, 1024, 32)          │           1,056 │ batch_normalization_13[0]… │
├───────────────────────────────┼───────────────────────────┼─────────────────┼────────────────────────────┤
│ add_6 (Add)                   │ (None, 1024, 32)          │               0 │ batch_normalization_13[0]… │
│                               │                           │                 │ conv1d_20[0][0]            │
├───────────────────────────────┼───────────────────────────┼─────────────────┼────────────────────────────┤
│ re_lu_13 (ReLU)               │ (None, 1024, 32)          │               0 │ add_6[0][0]                │
├───────────────────────────────┼───────────────────────────┼─────────────────┼────────────────────────────┤
│ conv1d_21 (Conv1D)            │ (None, 1024, 1)           │              33 │ re_lu_13[0][0]             │
└───────────────────────────────┴───────────────────────────┴─────────────────┴────────────────────────────┘
 Total params: 764,609 (2.92 MB)
 Trainable params: 761,793 (2.91 MB)
 Non-trainable params: 2,816 (11.00 KB)

2025-10-09 11:54:10,540 [INFO] Starting model training
2025-10-09 11:54:20,928 [DEBUG] Accepted segment [0:1024], variance=0.0485, QRS count=5
2025-10-09 11:54:20,931 [DEBUG] Accepted segment [512:1536], variance=0.0603, QRS count=5
2025-10-09 11:54:20,934 [DEBUG] Accepted segment [1024:2048], variance=0.0717, QRS count=5
2025-10-09 11:54:20,937 [DEBUG] Accepted segment [1536:2560], variance=0.0797, QRS count=6
2025-10-09 11:54:20,939 [DEBUG] Accepted segment [2048:3072], variance=0.0709, QRS count=6
2025-10-09 11:54:20,942 [DEBUG] Accepted segment [2560:3584], variance=0.0522, QRS count=5
2025-10-09 11:54:20,944 [DEBUG] Accepted segment [3072:4096], variance=0.0484, QRS count=5
2025-10-09 11:54:20,947 [DEBUG] Accepted segment [3584:4608], variance=0.0533, QRS count=5
2025-10-09 11:54:20,949 [DEBUG] Accepted segment [4096:5120], variance=0.0519, QRS count=6
2025-10-09 11:54:20,952 [DEBUG] Accepted segment [4608:5632], variance=0.0539, QRS count=6
2025-10-09 11:54:20,954 [DEBUG] Accepted segment [5120:6144], variance=0.0559, QRS count=5
2025-10-09 11:54:20,957 [DEBUG] Accepted segment [5632:6656], variance=0.0539, QRS count=5
2025-10-09 11:54:20,959 [DEBUG] Accepted segment [6144:7168], variance=0.0528, QRS count=5
2025-10-09 11:54:20,962 [DEBUG] Accepted segment [6656:7680], variance=0.0470, QRS count=5
2025-10-09 11:54:20,964 [DEBUG] Accepted segment [7168:8192], variance=0.0480, QRS count=5
2025-10-09 11:54:20,966 [DEBUG] Accepted segment [7680:8704], variance=0.0566, QRS count=5
2025-10-09 11:54:20,969 [DEBUG] Accepted segment [8192:9216], variance=0.0601, QRS count=5
2025-10-09 11:54:20,971 [DEBUG] Accepted segment [8704:9728], variance=0.0621, QRS count=6
2025-10-09 11:54:20,974 [DEBUG] Accepted segment [9216:10240], variance=0.0520, QRS count=5
2025-10-09 11:54:20,976 [DEBUG] Accepted segment [9728:10752], variance=0.0495, QRS count=5
2025-10-09 11:54:20,979 [DEBUG] Accepted segment [10240:11264], variance=0.0569, QRS count=5
2025-10-09 11:54:20,981 [DEBUG] Accepted segment [10752:11776], variance=0.0581, QRS count=5
2025-10-09 11:54:20,984 [DEBUG] Accepted segment [11264:12288], variance=0.0586, QRS count=6
2025-10-09 11:54:20,986 [DEBUG] Accepted segment [11776:12800], variance=0.0491, QRS count=6
2025-10-09 11:54:20,989 [DEBUG] Accepted segment [12288:13312], variance=0.0499, QRS count=5
2025-10-09 11:54:20,991 [DEBUG] Accepted segment [12800:13824], variance=0.0607, QRS count=5
2025-10-09 11:54:20,993 [DEBUG] Accepted segment [13312:14336], variance=0.0595, QRS count=5
2025-10-09 11:54:20,996 [DEBUG] Accepted segment [13824:14848], variance=0.0566, QRS count=6
2025-10-09 11:54:20,998 [DEBUG] Accepted segment [14336:15360], variance=0.0585, QRS count=6
2025-10-09 11:54:21,000 [DEBUG] Accepted segment [14848:15872], variance=0.0575, QRS count=6
2025-10-09 11:54:21,003 [DEBUG] Accepted segment [15360:16384], variance=0.0520, QRS count=5
2025-10-09 11:54:21,005 [DEBUG] Accepted segment [15872:16896], variance=0.0511, QRS count=5
2025-10-09 11:54:21,008 [DEBUG] Accepted segment [16384:17408], variance=0.0506, QRS count=5
2025-10-09 11:54:21,014 [DEBUG] Accepted segment [16896:17920], variance=0.0476, QRS count=5
2025-10-09 11:54:21,018 [DEBUG] Accepted segment [17408:18432], variance=0.0447, QRS count=5
2025-10-09 11:54:21,022 [DEBUG] Accepted segment [17920:18944], variance=0.0474, QRS count=6
2025-10-09 11:54:21,025 [DEBUG] Accepted segment [18432:19456], variance=0.0513, QRS count=6
2025-10-09 11:54:21,028 [DEBUG] Accepted segment [18944:19968], variance=0.0520, QRS count=5
2025-10-09 11:54:21,030 [DEBUG] Accepted segment [19456:20480], variance=0.0518, QRS count=5
2025-10-09 11:54:21,033 [DEBUG] Accepted segment [19968:20992], variance=0.0535, QRS count=5
2025-10-09 11:54:21,036 [DEBUG] Accepted segment [20480:21504], variance=0.0570, QRS count=5
2025-10-09 11:54:21,038 [DEBUG] Accepted segment [20992:22016], variance=0.0584, QRS count=5
2025-10-09 11:54:21,041 [DEBUG] Accepted segment [21504:22528], variance=0.0589, QRS count=5
2025-10-09 11:54:21,043 [DEBUG] Accepted segment [22016:23040], variance=0.0598, QRS count=6
2025-10-09 11:54:21,045 [DEBUG] Accepted segment [22528:23552], variance=0.0604, QRS count=6
2025-10-09 11:54:21,048 [DEBUG] Accepted segment [23040:24064], variance=0.0594, QRS count=5
2025-10-09 11:54:21,050 [DEBUG] Accepted segment [23552:24576], variance=0.0598, QRS count=6
2025-10-09 11:54:21,052 [DEBUG] Accepted segment [24064:25088], variance=0.0620, QRS count=6
2025-10-09 11:54:21,054 [DEBUG] Accepted segment [24576:25600], variance=0.1251, QRS count=6
2025-10-09 11:54:21,057 [DEBUG] Accepted segment [25088:26112], variance=0.1270, QRS count=6
2025-10-09 11:54:21,059 [DEBUG] Accepted segment [25600:26624], variance=0.0756, QRS count=6
2025-10-09 11:54:21,061 [DEBUG] Accepted segment [26112:27136], variance=0.0709, QRS count=6
2025-10-09 11:54:21,064 [DEBUG] Accepted segment [26624:27648], variance=0.0589, QRS count=6
2025-10-09 11:54:21,068 [DEBUG] Accepted segment [27136:28160], variance=0.0584, QRS count=6
2025-10-09 11:54:21,072 [DEBUG] Accepted segment [27648:28672], variance=0.0565, QRS count=6
2025-10-09 11:54:21,076 [DEBUG] Accepted segment [28160:29184], variance=0.0559, QRS count=6
2025-10-09 11:54:21,079 [DEBUG] Accepted segment [28672:29696], variance=0.0563, QRS count=6
2025-10-09 11:54:21,083 [DEBUG] Accepted segment [29184:30208], variance=0.0540, QRS count=6
2025-10-09 11:54:21,087 [DEBUG] Accepted segment [29696:30720], variance=0.0480, QRS count=6
2025-10-09 11:54:21,091 [DEBUG] Accepted segment [30208:31232], variance=0.0466, QRS count=5
2025-10-09 11:54:21,095 [DEBUG] Accepted segment [30720:31744], variance=0.0484, QRS count=5
2025-10-09 11:54:21,099 [DEBUG] Accepted segment [31232:32256], variance=0.0523, QRS count=6
2025-10-09 11:54:21,103 [DEBUG] Accepted segment [31744:32768], variance=0.0579, QRS count=6
2025-10-09 11:54:21,106 [DEBUG] Accepted segment [32256:33280], variance=0.0605, QRS count=5
2025-10-09 11:54:21,110 [DEBUG] Accepted segment [32768:33792], variance=0.0593, QRS count=5
2025-10-09 11:54:21,114 [DEBUG] Accepted segment [33280:34304], variance=0.0577, QRS count=5
2025-10-09 11:54:21,117 [DEBUG] Accepted segment [33792:34816], variance=0.0579, QRS count=6
2025-10-09 11:54:21,121 [DEBUG] Accepted segment [34304:35328], variance=0.0569, QRS count=6
2025-10-09 11:54:21,124 [DEBUG] Accepted segment [34816:35840], variance=0.0569, QRS count=6
2025-10-09 11:54:21,128 [DEBUG] Accepted segment [35328:36352], variance=0.0586, QRS count=6
2025-10-09 11:54:21,132 [DEBUG] Accepted segment [35840:36864], variance=0.0496, QRS count=6
2025-10-09 11:54:21,135 [DEBUG] Accepted segment [36352:37376], variance=0.0498, QRS count=5
2025-10-09 11:54:21,139 [DEBUG] Accepted segment [36864:37888], variance=0.0598, QRS count=5
2025-10-09 11:54:21,143 [DEBUG] Accepted segment [37376:38400], variance=0.0608, QRS count=5
2025-10-09 11:54:21,147 [DEBUG] Accepted segment [37888:38912], variance=0.0619, QRS count=5
2025-10-09 11:54:21,151 [DEBUG] Accepted segment [38400:39424], variance=0.0603, QRS count=6
2025-10-09 11:54:21,154 [DEBUG] Accepted segment [38912:39936], variance=0.0589, QRS count=6
2025-10-09 11:54:21,158 [DEBUG] Accepted segment [39424:40448], variance=0.0607, QRS count=6
2025-10-09 11:54:21,161 [DEBUG] Accepted segment [39936:40960], variance=0.0523, QRS count=6
2025-10-09 11:54:21,165 [DEBUG] Accepted segment [40448:41472], variance=0.0519, QRS count=5
2025-10-09 11:54:21,169 [DEBUG] Accepted segment [40960:41984], variance=0.0605, QRS count=5
2025-10-09 11:54:21,173 [DEBUG] Accepted segment [41472:42496], variance=0.0594, QRS count=5
2025-10-09 11:54:21,177 [DEBUG] Accepted segment [41984:43008], variance=0.0573, QRS count=6
2025-10-09 11:54:21,180 [DEBUG] Accepted segment [42496:43520], variance=0.0570, QRS count=6
2025-10-09 11:54:21,184 [DEBUG] Accepted segment [43008:44032], variance=0.0501, QRS count=5
2025-10-09 11:54:21,188 [DEBUG] Accepted segment [43520:44544], variance=0.0484, QRS count=5
2025-10-09 11:54:21,192 [DEBUG] Accepted segment [44032:45056], variance=0.0558, QRS count=5
2025-10-09 11:54:21,195 [DEBUG] Accepted segment [44544:45568], variance=0.0570, QRS count=5
2025-10-09 11:54:21,199 [DEBUG] Accepted segment [45056:46080], variance=0.0533, QRS count=5
2025-10-09 11:54:21,202 [DEBUG] Accepted segment [45568:46592], variance=0.0483, QRS count=6
2025-10-09 11:54:21,206 [DEBUG] Accepted segment [46080:47104], variance=0.0507, QRS count=6
2025-10-09 11:54:21,210 [DEBUG] Accepted segment [46592:47616], variance=0.0576, QRS count=6
2025-10-09 11:54:21,213 [DEBUG] Accepted segment [47104:48128], variance=0.0606, QRS count=6
2025-10-09 11:54:21,217 [DEBUG] Accepted segment [47616:48640], variance=0.0595, QRS count=6
2025-10-09 11:54:21,220 [DEBUG] Accepted segment [48128:49152], variance=0.0510, QRS count=6
2025-10-09 11:54:21,224 [DEBUG] Accepted segment [48640:49664], variance=0.0516, QRS count=5
2025-10-09 11:54:21,228 [DEBUG] Accepted segment [49152:50176], variance=0.0585, QRS count=5
2025-10-09 11:54:21,232 [DEBUG] Accepted segment [49664:50688], variance=0.0584, QRS count=5
2025-10-09 11:54:21,236 [DEBUG] Accepted segment [50176:51200], variance=0.0589, QRS count=6
2025-10-09 11:54:21,240 [DEBUG] Accepted segment [50688:51712], variance=0.0584, QRS count=6
2025-10-09 11:54:21,243 [DEBUG] Accepted segment [51200:52224], variance=0.0501, QRS count=5
2025-10-09 11:54:21,246 [DEBUG] Accepted segment [51712:52736], variance=0.0509, QRS count=5
2025-10-09 11:54:21,250 [DEBUG] Accepted segment [52224:53248], variance=0.0593, QRS count=5
2025-10-09 11:54:21,254 [DEBUG] Accepted segment [52736:53760], variance=0.0583, QRS count=6
2025-10-09 11:54:21,257 [DEBUG] Accepted segment [53248:54272], variance=0.0595, QRS count=5
2025-10-09 11:54:21,261 [DEBUG] Accepted segment [53760:54784], variance=0.0531, QRS count=5
2025-10-09 11:54:21,266 [DEBUG] Accepted segment [54272:55296], variance=0.0531, QRS count=5
2025-10-09 11:54:21,270 [DEBUG] Accepted segment [54784:55808], variance=0.0593, QRS count=5
2025-10-09 11:54:21,273 [DEBUG] Accepted segment [55296:56320], variance=0.0602, QRS count=5
2025-10-09 11:54:21,277 [DEBUG] Accepted segment [55808:56832], variance=0.0621, QRS count=5
2025-10-09 11:54:21,281 [DEBUG] Accepted segment [56320:57344], variance=0.0596, QRS count=5
2025-10-09 11:54:21,285 [DEBUG] Accepted segment [56832:57856], variance=0.0563, QRS count=6
2025-10-09 11:54:21,289 [DEBUG] Accepted segment [57344:58368], variance=0.0567, QRS count=6
2025-10-09 11:54:21,294 [DEBUG] Accepted segment [57856:58880], variance=0.0583, QRS count=5
2025-10-09 11:54:21,297 [DEBUG] Accepted segment [58368:59392], variance=0.0492, QRS count=5
2025-10-09 11:54:21,300 [DEBUG] Accepted segment [58880:59904], variance=0.0492, QRS count=5
2025-10-09 11:54:21,303 [DEBUG] Accepted segment [59392:60416], variance=0.0592, QRS count=5
2025-10-09 11:54:21,306 [DEBUG] Accepted segment [59904:60928], variance=0.0586, QRS count=5
2025-10-09 11:54:21,309 [DEBUG] Accepted segment [60416:61440], variance=0.0579, QRS count=6
2025-10-09 11:54:21,312 [DEBUG] Accepted segment [60928:61952], variance=0.0584, QRS count=6
2025-10-09 11:54:21,314 [DEBUG] Accepted segment [61440:62464], variance=0.0588, QRS count=5
2025-10-09 11:54:21,318 [DEBUG] Accepted segment [61952:62976], variance=0.0565, QRS count=5
2025-10-09 11:54:21,321 [DEBUG] Accepted segment [62464:63488], variance=0.0485, QRS count=6
2025-10-09 11:54:21,325 [DEBUG] Accepted segment [62976:64000], variance=0.0508, QRS count=5
2025-10-09 11:54:21,329 [DEBUG] Accepted segment [63488:64512], variance=0.0608, QRS count=5
2025-10-09 11:54:21,333 [DEBUG] Accepted segment [64000:65024], variance=0.0619, QRS count=5
2025-10-09 11:54:21,336 [DEBUG] Accepted segment [64512:65536], variance=0.0587, QRS count=5
2025-10-09 11:54:21,340 [DEBUG] Accepted segment [65024:66048], variance=0.0603, QRS count=5
2025-10-09 11:54:21,343 [DEBUG] Accepted segment [65536:66560], variance=0.0623, QRS count=5
2025-10-09 11:54:21,347 [DEBUG] Accepted segment [66048:67072], variance=0.0612, QRS count=5
2025-10-09 11:54:21,350 [DEBUG] Accepted segment [66560:67584], variance=0.0614, QRS count=6
2025-10-09 11:54:21,354 [DEBUG] Accepted segment [67072:68096], variance=0.0627, QRS count=6
2025-10-09 11:54:21,357 [DEBUG] Accepted segment [67584:68608], variance=0.0535, QRS count=5
2025-10-09 11:54:21,361 [DEBUG] Accepted segment [68096:69120], variance=0.0529, QRS count=5
2025-10-09 11:54:21,364 [DEBUG] Accepted segment [68608:69632], variance=0.0620, QRS count=5
2025-10-09 11:54:21,368 [DEBUG] Accepted segment [69120:70144], variance=0.0512, QRS count=6
2025-10-09 11:54:21,371 [DEBUG] Accepted segment [69632:70656], variance=0.0508, QRS count=5
2025-10-09 11:54:21,374 [DEBUG] Accepted segment [70144:71168], variance=0.0623, QRS count=5
2025-10-09 11:54:21,377 [DEBUG] Accepted segment [70656:71680], variance=0.0649, QRS count=5
2025-10-09 11:54:21,382 [DEBUG] Accepted segment [71168:72192], variance=0.0649, QRS count=6
2025-10-09 11:54:21,387 [DEBUG] Accepted segment [71680:72704], variance=0.0643, QRS count=6
2025-10-09 11:54:21,392 [DEBUG] Accepted segment [72192:73216], variance=0.0546, QRS count=6
2025-10-09 11:54:21,397 [DEBUG] Accepted segment [72704:73728], variance=0.0550, QRS count=5
2025-10-09 11:54:21,402 [DEBUG] Accepted segment [73216:74240], variance=0.0646, QRS count=5
2025-10-09 11:54:21,406 [DEBUG] Accepted segment [73728:74752], variance=0.0630, QRS count=5
2025-10-09 11:54:21,410 [DEBUG] Accepted segment [74240:75264], variance=0.0623, QRS count=6
2025-10-09 11:54:21,414 [DEBUG] Accepted segment [74752:75776], variance=0.0621, QRS count=6
2025-10-09 11:54:21,419 [DEBUG] Accepted segment [75264:76288], variance=0.0509, QRS count=6
2025-10-09 11:54:21,423 [DEBUG] Accepted segment [75776:76800], variance=0.0518, QRS count=5
2025-10-09 11:54:21,428 [DEBUG] Accepted segment [76288:77312], variance=0.0641, QRS count=5
2025-10-09 11:54:21,432 [DEBUG] Accepted segment [76800:77824], variance=0.0659, QRS count=5
2025-10-09 11:54:21,436 [DEBUG] Accepted segment [77312:78336], variance=0.0647, QRS count=6
2025-10-09 11:54:21,440 [DEBUG] Accepted segment [77824:78848], variance=0.0543, QRS count=5
2025-10-09 11:54:21,444 [DEBUG] Accepted segment [78336:79360], variance=0.0534, QRS count=5
2025-10-09 11:54:21,448 [DEBUG] Accepted segment [78848:79872], variance=0.0600, QRS count=5
2025-10-09 11:54:21,452 [DEBUG] Accepted segment [79360:80384], variance=0.0605, QRS count=6
2025-10-09 11:54:21,456 [DEBUG] Accepted segment [79872:80896], variance=0.0530, QRS count=5
2025-10-09 11:54:21,460 [DEBUG] Accepted segment [80384:81408], variance=0.0525, QRS count=5
2025-10-09 11:54:21,464 [DEBUG] Accepted segment [80896:81920], variance=0.0614, QRS count=5
2025-10-09 11:54:21,468 [DEBUG] Accepted segment [81408:82432], variance=0.0623, QRS count=6
2025-10-09 11:54:21,473 [DEBUG] Accepted segment [81920:82944], variance=0.0606, QRS count=5
2025-10-09 11:54:21,476 [DEBUG] Accepted segment [82432:83456], variance=0.0508, QRS count=5
2025-10-09 11:54:21,480 [DEBUG] Accepted segment [82944:83968], variance=0.0525, QRS count=5
2025-10-09 11:54:21,484 [DEBUG] Accepted segment [83456:84480], variance=0.0618, QRS count=5
2025-10-09 11:54:21,488 [DEBUG] Accepted segment [83968:84992], variance=0.0601, QRS count=5
2025-10-09 11:54:21,492 [DEBUG] Accepted segment [84480:85504], variance=0.0589, QRS count=5
2025-10-09 11:54:21,495 [DEBUG] Accepted segment [84992:86016], variance=0.0579, QRS count=6
2025-10-09 11:54:21,500 [DEBUG] Accepted segment [85504:86528], variance=0.0604, QRS count=6
2025-10-09 11:54:21,503 [DEBUG] Accepted segment [86016:87040], variance=0.0538, QRS count=5
2025-10-09 11:54:21,507 [DEBUG] Accepted segment [86528:87552], variance=0.0515, QRS count=5
2025-10-09 11:54:21,511 [DEBUG] Accepted segment [87040:88064], variance=0.0609, QRS count=5
2025-10-09 11:54:21,516 [DEBUG] Accepted segment [87552:88576], variance=0.0617, QRS count=5
2025-10-09 11:54:21,520 [DEBUG] Accepted segment [88064:89088], variance=0.0498, QRS count=5
2025-10-09 11:54:21,523 [DEBUG] Accepted segment [88576:89600], variance=0.0489, QRS count=5
2025-10-09 11:54:21,527 [DEBUG] Accepted segment [89088:90112], variance=0.0603, QRS count=5
2025-10-09 11:54:21,530 [DEBUG] Accepted segment [89600:90624], variance=0.0612, QRS count=6
2025-10-09 11:54:21,534 [DEBUG] Accepted segment [90112:91136], variance=0.0612, QRS count=6
2025-10-09 11:54:21,538 [DEBUG] Accepted segment [90624:91648], variance=0.0535, QRS count=5
2025-10-09 11:54:21,542 [DEBUG] Accepted segment [91136:92160], variance=0.0552, QRS count=5
2025-10-09 11:54:21,545 [DEBUG] Accepted segment [91648:92672], variance=0.0635, QRS count=5
2025-10-09 11:54:21,549 [DEBUG] Accepted segment [92160:93184], variance=0.0609, QRS count=5
2025-10-09 11:54:21,552 [DEBUG] Accepted segment [92672:93696], variance=0.0534, QRS count=6
2025-10-09 11:54:21,556 [DEBUG] Accepted segment [93184:94208], variance=0.0553, QRS count=5
2025-10-09 11:54:21,559 [DEBUG] Accepted segment [93696:94720], variance=0.0625, QRS count=5
2025-10-09 11:54:21,563 [DEBUG] Accepted segment [94208:95232], variance=0.0619, QRS count=5
2025-10-09 11:54:21,567 [DEBUG] Accepted segment [94720:95744], variance=0.0629, QRS count=6
2025-10-09 11:54:21,571 [DEBUG] Accepted segment [95232:96256], variance=0.0528, QRS count=5
2025-10-09 11:54:21,575 [DEBUG] Accepted segment [95744:96768], variance=0.0525, QRS count=5
2025-10-09 11:54:21,578 [DEBUG] Accepted segment [96256:97280], variance=0.0625, QRS count=5
2025-10-09 11:54:21,582 [DEBUG] Accepted segment [96768:97792], variance=0.0602, QRS count=6
2025-10-09 11:54:21,585 [DEBUG] Accepted segment [97280:98304], variance=0.0574, QRS count=6
2025-10-09 11:54:21,589 [DEBUG] Accepted segment [97792:98816], variance=0.0569, QRS count=6
2025-10-09 11:54:21,593 [DEBUG] Accepted segment [98304:99328], variance=0.0501, QRS count=6
2025-10-09 11:54:21,596 [DEBUG] Accepted segment [98816:99840], variance=0.0510, QRS count=5
2025-10-09 11:54:21,599 [DEBUG] Accepted segment [99328:100352], variance=0.0579, QRS count=5
2025-10-09 11:54:21,603 [DEBUG] Accepted segment [99840:100864], variance=0.0583, QRS count=5
2025-10-09 11:54:21,606 [DEBUG] Accepted segment [100352:101376], variance=0.0604, QRS count=5
2025-10-09 11:54:21,610 [DEBUG] Accepted segment [100864:101888], variance=0.0593, QRS count=6
2025-10-09 11:54:21,613 [DEBUG] Accepted segment [101376:102400], variance=0.0568, QRS count=6
2025-10-09 11:54:21,617 [DEBUG] Accepted segment [101888:102912], variance=0.0552, QRS count=6
2025-10-09 11:54:21,621 [DEBUG] Accepted segment [102400:103424], variance=0.0554, QRS count=6
2025-10-09 11:54:21,625 [DEBUG] Accepted segment [102912:103936], variance=0.0574, QRS count=6
2025-10-09 11:54:21,628 [DEBUG] Accepted segment [103424:104448], variance=0.0576, QRS count=5
2025-10-09 11:54:21,632 [DEBUG] Accepted segment [103936:104960], variance=0.0472, QRS count=6
2025-10-09 11:54:21,635 [DEBUG] Accepted segment [104448:105472], variance=0.0462, QRS count=5
2025-10-09 11:54:21,639 [DEBUG] Accepted segment [104960:105984], variance=0.0554, QRS count=5
2025-10-09 11:54:21,644 [DEBUG] Accepted segment [105472:106496], variance=0.0562, QRS count=5
2025-10-09 11:54:21,649 [DEBUG] Accepted segment [105984:107008], variance=0.0543, QRS count=5
2025-10-09 11:54:21,654 [DEBUG] Accepted segment [106496:107520], variance=0.0518, QRS count=5
2025-10-09 11:54:21,659 [DEBUG] Accepted segment [107008:108032], variance=0.0523, QRS count=5
2025-10-09 11:54:21,664 [DEBUG] Accepted segment [107520:108544], variance=0.0539, QRS count=5
2025-10-09 11:54:21,669 [DEBUG] Accepted segment [108032:109056], variance=0.0543, QRS count=5
2025-10-09 11:54:21,674 [DEBUG] Accepted segment [108544:109568], variance=0.0531, QRS count=6
2025-10-09 11:54:21,678 [DEBUG] Accepted segment [109056:110080], variance=0.0515, QRS count=6
2025-10-09 11:54:21,683 [DEBUG] Accepted segment [109568:110592], variance=0.0521, QRS count=6
2025-10-09 11:54:21,688 [DEBUG] Accepted segment [110080:111104], variance=0.1279, QRS count=6
2025-10-09 11:54:21,693 [DEBUG] Accepted segment [110592:111616], variance=0.1293, QRS count=5
2025-10-09 11:54:21,698 [DEBUG] Accepted segment [111104:112128], variance=0.0552, QRS count=6
2025-10-09 11:54:21,703 [DEBUG] Accepted segment [111616:112640], variance=0.0537, QRS count=6
2025-10-09 11:54:21,708 [DEBUG] Accepted segment [112128:113152], variance=0.0532, QRS count=6
2025-10-09 11:54:21,713 [DEBUG] Accepted segment [112640:113664], variance=0.0558, QRS count=6
2025-10-09 11:54:21,718 [DEBUG] Accepted segment [113152:114176], variance=0.0582, QRS count=5
2025-10-09 11:54:21,723 [DEBUG] Accepted segment [113664:114688], variance=0.0514, QRS count=6
2025-10-09 11:54:21,729 [DEBUG] Accepted segment [114176:115200], variance=0.0525, QRS count=5
2025-10-09 11:54:21,735 [DEBUG] Accepted segment [114688:115712], variance=0.0596, QRS count=5
2025-10-09 11:54:21,741 [DEBUG] Accepted segment [115200:116224], variance=0.0584, QRS count=5
2025-10-09 11:54:21,748 [DEBUG] Accepted segment [115712:116736], variance=0.0515, QRS count=6
2025-10-09 11:54:21,755 [DEBUG] Accepted segment [116224:117248], variance=0.0530, QRS count=5
2025-10-09 11:54:21,761 [DEBUG] Accepted segment [116736:117760], variance=0.0609, QRS count=5
2025-10-09 11:54:21,766 [DEBUG] Accepted segment [117248:118272], variance=0.0628, QRS count=5
2025-10-09 11:54:21,773 [DEBUG] Accepted segment [117760:118784], variance=0.0637, QRS count=6
2025-10-09 11:54:21,778 [DEBUG] Accepted segment [118272:119296], variance=0.0609, QRS count=6
2025-10-09 11:54:21,782 [DEBUG] Accepted segment [118784:119808], variance=0.0506, QRS count=6
2025-10-09 11:54:21,782 [DEBUG] Skipping segment [119296:120320] due to overlap with noise [120200:120500]
2025-10-09 11:54:21,782 [DEBUG] Skipping segment [119808:120832] due to overlap with noise [120200:120500]
2025-10-09 11:54:21,782 [DEBUG] Skipping segment [120320:121344] due to overlap with noise [120200:120500]
2025-10-09 11:54:21,785 [DEBUG] Accepted segment [120832:121856], variance=0.0428, QRS count=6
2025-10-09 11:54:21,788 [DEBUG] Accepted segment [121344:122368], variance=0.0406, QRS count=6
2025-10-09 11:54:21,791 [DEBUG] Accepted segment [121856:122880], variance=0.0365, QRS count=6
2025-10-09 11:54:21,793 [DEBUG] Accepted segment [122368:123392], variance=0.0401, QRS count=5
2025-10-09 11:54:21,796 [DEBUG] Accepted segment [122880:123904], variance=0.0464, QRS count=6
2025-10-09 11:54:21,799 [DEBUG] Accepted segment [123392:124416], variance=0.0520, QRS count=6
2025-10-09 11:54:21,801 [DEBUG] Accepted segment [123904:124928], variance=0.0439, QRS count=5
2025-10-09 11:54:21,804 [DEBUG] Accepted segment [124416:125440], variance=0.0354, QRS count=5
2025-10-09 11:54:21,806 [DEBUG] Accepted segment [124928:125952], variance=0.0386, QRS count=5
2025-10-09 11:54:21,809 [DEBUG] Accepted segment [125440:126464], variance=0.0365, QRS count=5
2025-10-09 11:54:21,812 [DEBUG] Accepted segment [125952:126976], variance=0.0365, QRS count=6
2025-10-09 11:54:21,814 [DEBUG] Accepted segment [126464:127488], variance=0.0327, QRS count=5
2025-10-09 11:54:21,817 [DEBUG] Accepted segment [126976:128000], variance=0.0324, QRS count=5
2025-10-09 11:54:21,817 [INFO] Segmented signal of length 128000 into 246 valid segments
2025-10-09 11:54:22,150 [DEBUG] Accepted segment [0:1024], variance=0.0401, QRS count=6
2025-10-09 11:54:22,154 [DEBUG] Accepted segment [512:1536], variance=0.0419, QRS count=6
2025-10-09 11:54:22,156 [DEBUG] Accepted segment [1024:2048], variance=0.0415, QRS count=6
2025-10-09 11:54:22,159 [DEBUG] Accepted segment [1536:2560], variance=0.0390, QRS count=6
2025-10-09 11:54:22,162 [DEBUG] Accepted segment [2048:3072], variance=0.0377, QRS count=6
2025-10-09 11:54:22,165 [DEBUG] Accepted segment [2560:3584], variance=0.0409, QRS count=6
2025-10-09 11:54:22,168 [DEBUG] Accepted segment [3072:4096], variance=0.0414, QRS count=5
2025-10-09 11:54:22,171 [DEBUG] Accepted segment [3584:4608], variance=0.0384, QRS count=5
2025-10-09 11:54:22,174 [DEBUG] Accepted segment [4096:5120], variance=0.0392, QRS count=5
2025-10-09 11:54:22,177 [DEBUG] Accepted segment [4608:5632], variance=0.0402, QRS count=5
2025-10-09 11:54:22,179 [DEBUG] Accepted segment [5120:6144], variance=0.0394, QRS count=5
2025-10-09 11:54:22,183 [DEBUG] Accepted segment [5632:6656], variance=0.0395, QRS count=5
2025-10-09 11:54:22,186 [DEBUG] Accepted segment [6144:7168], variance=0.0415, QRS count=5
2025-10-09 11:54:22,189 [DEBUG] Accepted segment [6656:7680], variance=0.0433, QRS count=5
2025-10-09 11:54:22,191 [DEBUG] Accepted segment [7168:8192], variance=0.0412, QRS count=5
2025-10-09 11:54:22,194 [DEBUG] Accepted segment [7680:8704], variance=0.0387, QRS count=6
2025-10-09 11:54:22,197 [DEBUG] Accepted segment [8192:9216], variance=0.0424, QRS count=6
2025-10-09 11:54:22,200 [DEBUG] Accepted segment [8704:9728], variance=0.0459, QRS count=6
2025-10-09 11:54:22,204 [DEBUG] Accepted segment [9216:10240], variance=0.0427, QRS count=5
2025-10-09 11:54:22,207 [DEBUG] Accepted segment [9728:10752], variance=0.0465, QRS count=5
2025-10-09 11:54:22,209 [DEBUG] Accepted segment [10240:11264], variance=0.0452, QRS count=6
2025-10-09 11:54:22,212 [DEBUG] Accepted segment [10752:11776], variance=0.0496, QRS count=6
2025-10-09 11:54:22,215 [DEBUG] Accepted segment [11264:12288], variance=0.0525, QRS count=6
2025-10-09 11:54:22,218 [DEBUG] Accepted segment [11776:12800], variance=0.0397, QRS count=6
2025-10-09 11:54:22,221 [DEBUG] Accepted segment [12288:13312], variance=0.0377, QRS count=6
2025-10-09 11:54:22,224 [DEBUG] Accepted segment [12800:13824], variance=0.0388, QRS count=6
2025-10-09 11:54:22,227 [DEBUG] Accepted segment [13312:14336], variance=0.0378, QRS count=6
2025-10-09 11:54:22,230 [DEBUG] Accepted segment [13824:14848], variance=0.0385, QRS count=6
2025-10-09 11:54:22,233 [DEBUG] Accepted segment [14336:15360], variance=0.0398, QRS count=6
2025-10-09 11:54:22,235 [DEBUG] Accepted segment [14848:15872], variance=0.0393, QRS count=5
2025-10-09 11:54:22,238 [DEBUG] Accepted segment [15360:16384], variance=0.0346, QRS count=6
2025-10-09 11:54:22,241 [DEBUG] Accepted segment [15872:16896], variance=0.0356, QRS count=5
2025-10-09 11:54:22,244 [DEBUG] Accepted segment [16384:17408], variance=0.0412, QRS count=5
2025-10-09 11:54:22,247 [DEBUG] Accepted segment [16896:17920], variance=0.0429, QRS count=5
2025-10-09 11:54:22,250 [DEBUG] Accepted segment [17408:18432], variance=0.0438, QRS count=5
2025-10-09 11:54:22,253 [DEBUG] Accepted segment [17920:18944], variance=0.0445, QRS count=5
2025-10-09 11:54:22,256 [DEBUG] Accepted segment [18432:19456], variance=0.0446, QRS count=5
2025-10-09 11:54:22,258 [DEBUG] Accepted segment [18944:19968], variance=0.0441, QRS count=5
2025-10-09 11:54:22,261 [DEBUG] Accepted segment [19456:20480], variance=0.0441, QRS count=5
2025-10-09 11:54:22,264 [DEBUG] Accepted segment [19968:20992], variance=0.0429, QRS count=5
2025-10-09 11:54:22,267 [DEBUG] Accepted segment [20480:21504], variance=0.0406, QRS count=5
2025-10-09 11:54:22,270 [DEBUG] Accepted segment [20992:22016], variance=0.0402, QRS count=5
2025-10-09 11:54:22,273 [DEBUG] Accepted segment [21504:22528], variance=0.0406, QRS count=5
2025-10-09 11:54:22,276 [DEBUG] Accepted segment [22016:23040], variance=0.0405, QRS count=5
2025-10-09 11:54:22,278 [DEBUG] Accepted segment [22528:23552], variance=0.0406, QRS count=5
2025-10-09 11:54:22,281 [DEBUG] Accepted segment [23040:24064], variance=0.0412, QRS count=5
2025-10-09 11:54:22,284 [DEBUG] Accepted segment [23552:24576], variance=0.0423, QRS count=5
2025-10-09 11:54:22,287 [DEBUG] Accepted segment [24064:25088], variance=0.0420, QRS count=6
2025-10-09 11:54:22,290 [DEBUG] Accepted segment [24576:25600], variance=0.0412, QRS count=6
2025-10-09 11:54:22,293 [DEBUG] Accepted segment [25088:26112], variance=0.0412, QRS count=6
2025-10-09 11:54:22,296 [DEBUG] Accepted segment [25600:26624], variance=0.0407, QRS count=6
2025-10-09 11:54:22,299 [DEBUG] Accepted segment [26112:27136], variance=0.0394, QRS count=6
2025-10-09 11:54:22,302 [DEBUG] Accepted segment [26624:27648], variance=0.0471, QRS count=6
2025-10-09 11:54:22,304 [DEBUG] Accepted segment [27136:28160], variance=0.0493, QRS count=6
2025-10-09 11:54:22,307 [DEBUG] Accepted segment [27648:28672], variance=0.0420, QRS count=6
2025-10-09 11:54:22,310 [DEBUG] Accepted segment [28160:29184], variance=0.0394, QRS count=5
2025-10-09 11:54:22,313 [DEBUG] Accepted segment [28672:29696], variance=0.0345, QRS count=5
2025-10-09 11:54:22,316 [DEBUG] Accepted segment [29184:30208], variance=0.0353, QRS count=5
2025-10-09 11:54:22,319 [DEBUG] Accepted segment [29696:30720], variance=0.0395, QRS count=5
2025-10-09 11:54:22,322 [DEBUG] Accepted segment [30208:31232], variance=0.0400, QRS count=5
2025-10-09 11:54:22,325 [DEBUG] Accepted segment [30720:31744], variance=0.0419, QRS count=5
2025-10-09 11:54:22,327 [DEBUG] Accepted segment [31232:32256], variance=0.0425, QRS count=5
2025-10-09 11:54:22,330 [DEBUG] Accepted segment [31744:32768], variance=0.0409, QRS count=5
2025-10-09 11:54:22,333 [DEBUG] Accepted segment [32256:33280], variance=0.0398, QRS count=5
2025-10-09 11:54:22,336 [DEBUG] Accepted segment [32768:33792], variance=0.0410, QRS count=5
2025-10-09 11:54:22,339 [DEBUG] Accepted segment [33280:34304], variance=0.0416, QRS count=5
2025-10-09 11:54:22,342 [DEBUG] Accepted segment [33792:34816], variance=0.0405, QRS count=5
2025-10-09 11:54:22,345 [DEBUG] Accepted segment [34304:35328], variance=0.0395, QRS count=6
2025-10-09 11:54:22,348 [DEBUG] Accepted segment [34816:35840], variance=0.0397, QRS count=6
2025-10-09 11:54:22,351 [DEBUG] Accepted segment [35328:36352], variance=0.0419, QRS count=6
2025-10-09 11:54:22,354 [DEBUG] Accepted segment [35840:36864], variance=0.0427, QRS count=6
2025-10-09 11:54:22,356 [DEBUG] Accepted segment [36352:37376], variance=0.0419, QRS count=6
2025-10-09 11:54:22,359 [DEBUG] Accepted segment [36864:37888], variance=0.0411, QRS count=6
2025-10-09 11:54:22,362 [DEBUG] Accepted segment [37376:38400], variance=0.0402, QRS count=5
2025-10-09 11:54:22,365 [DEBUG] Accepted segment [37888:38912], variance=0.0358, QRS count=6
2025-10-09 11:54:22,368 [DEBUG] Accepted segment [38400:39424], variance=0.0363, QRS count=5
2025-10-09 11:54:22,371 [DEBUG] Accepted segment [38912:39936], variance=0.0418, QRS count=5
2025-10-09 11:54:22,374 [DEBUG] Accepted segment [39424:40448], variance=0.0436, QRS count=5
2025-10-09 11:54:22,377 [DEBUG] Accepted segment [39936:40960], variance=0.0433, QRS count=5
2025-10-09 11:54:22,379 [DEBUG] Accepted segment [40448:41472], variance=0.0420, QRS count=5
2025-10-09 11:54:22,383 [DEBUG] Accepted segment [40960:41984], variance=0.0409, QRS count=5
2025-10-09 11:54:22,386 [DEBUG] Accepted segment [41472:42496], variance=0.0399, QRS count=6
2025-10-09 11:54:22,389 [DEBUG] Accepted segment [41984:43008], variance=0.0410, QRS count=6
2025-10-09 11:54:22,392 [DEBUG] Accepted segment [42496:43520], variance=0.0423, QRS count=6
2025-10-09 11:54:22,395 [DEBUG] Accepted segment [43008:44032], variance=0.0413, QRS count=6
2025-10-09 11:54:22,397 [DEBUG] Accepted segment [43520:44544], variance=0.0393, QRS count=6
2025-10-09 11:54:22,400 [DEBUG] Accepted segment [44032:45056], variance=0.0401, QRS count=6
2025-10-09 11:54:22,403 [DEBUG] Accepted segment [44544:45568], variance=0.0421, QRS count=6
2025-10-09 11:54:22,405 [DEBUG] Accepted segment [45056:46080], variance=0.0420, QRS count=6
2025-10-09 11:54:22,408 [DEBUG] Accepted segment [45568:46592], variance=0.0406, QRS count=6
2025-10-09 11:54:22,411 [DEBUG] Accepted segment [46080:47104], variance=0.0402, QRS count=6
2025-10-09 11:54:22,413 [DEBUG] Accepted segment [46592:47616], variance=0.0409, QRS count=6
2025-10-09 11:54:22,416 [DEBUG] Accepted segment [47104:48128], variance=0.0409, QRS count=6
2025-10-09 11:54:22,419 [DEBUG] Accepted segment [47616:48640], variance=0.0406, QRS count=6
2025-10-09 11:54:22,421 [DEBUG] Accepted segment [48128:49152], variance=0.0408, QRS count=5
2025-10-09 11:54:22,424 [DEBUG] Accepted segment [48640:49664], variance=0.0422, QRS count=5
2025-10-09 11:54:22,427 [DEBUG] Accepted segment [49152:50176], variance=0.0407, QRS count=5
2025-10-09 11:54:22,429 [DEBUG] Accepted segment [49664:50688], variance=0.0342, QRS count=6
2025-10-09 11:54:22,432 [DEBUG] Accepted segment [50176:51200], variance=0.0361, QRS count=5
2025-10-09 11:54:22,435 [DEBUG] Accepted segment [50688:51712], variance=0.0422, QRS count=5
2025-10-09 11:54:22,437 [DEBUG] Accepted segment [51200:52224], variance=0.0421, QRS count=5
2025-10-09 11:54:22,440 [DEBUG] Accepted segment [51712:52736], variance=0.0413, QRS count=5
2025-10-09 11:54:22,442 [DEBUG] Accepted segment [52224:53248], variance=0.0424, QRS count=5
2025-10-09 11:54:22,445 [DEBUG] Accepted segment [52736:53760], variance=0.0428, QRS count=5
2025-10-09 11:54:22,448 [DEBUG] Accepted segment [53248:54272], variance=0.0407, QRS count=6
2025-10-09 11:54:22,451 [DEBUG] Accepted segment [53760:54784], variance=0.0401, QRS count=6
2025-10-09 11:54:22,454 [DEBUG] Accepted segment [54272:55296], variance=0.0403, QRS count=6
2025-10-09 11:54:22,457 [DEBUG] Accepted segment [54784:55808], variance=0.0409, QRS count=6
2025-10-09 11:54:22,460 [DEBUG] Accepted segment [55296:56320], variance=0.0409, QRS count=5
2025-10-09 11:54:22,463 [DEBUG] Accepted segment [55808:56832], variance=0.0340, QRS count=6
2025-10-09 11:54:22,465 [DEBUG] Accepted segment [56320:57344], variance=0.0343, QRS count=5
2025-10-09 11:54:22,468 [DEBUG] Accepted segment [56832:57856], variance=0.0403, QRS count=5
2025-10-09 11:54:22,471 [DEBUG] Accepted segment [57344:58368], variance=0.0385, QRS count=5
2025-10-09 11:54:22,474 [DEBUG] Accepted segment [57856:58880], variance=0.0381, QRS count=5
2025-10-09 11:54:22,476 [DEBUG] Accepted segment [58368:59392], variance=0.0402, QRS count=5
2025-10-09 11:54:22,479 [DEBUG] Accepted segment [58880:59904], variance=0.0411, QRS count=5
2025-10-09 11:54:22,482 [DEBUG] Accepted segment [59392:60416], variance=0.0399, QRS count=5
2025-10-09 11:54:22,485 [DEBUG] Accepted segment [59904:60928], variance=0.0400, QRS count=6
2025-10-09 11:54:22,487 [DEBUG] Accepted segment [60416:61440], variance=0.0408, QRS count=6
2025-10-09 11:54:22,490 [DEBUG] Accepted segment [60928:61952], variance=0.0404, QRS count=6
2025-10-09 11:54:22,493 [DEBUG] Accepted segment [61440:62464], variance=0.0402, QRS count=6
2025-10-09 11:54:22,496 [DEBUG] Accepted segment [61952:62976], variance=0.0393, QRS count=5
2025-10-09 11:54:22,498 [DEBUG] Accepted segment [62464:63488], variance=0.0352, QRS count=6
2025-10-09 11:54:22,501 [DEBUG] Accepted segment [62976:64000], variance=0.0403, QRS count=5
2025-10-09 11:54:22,504 [DEBUG] Accepted segment [63488:64512], variance=0.0450, QRS count=6
2025-10-09 11:54:22,507 [DEBUG] Accepted segment [64000:65024], variance=0.0414, QRS count=6
2025-10-09 11:54:22,509 [DEBUG] Accepted segment [64512:65536], variance=0.0425, QRS count=6
2025-10-09 11:54:22,512 [DEBUG] Accepted segment [65024:66048], variance=0.0414, QRS count=6
2025-10-09 11:54:22,515 [DEBUG] Accepted segment [65536:66560], variance=0.0358, QRS count=6
2025-10-09 11:54:22,518 [DEBUG] Accepted segment [66048:67072], variance=0.0355, QRS count=6
2025-10-09 11:54:22,520 [DEBUG] Accepted segment [66560:67584], variance=0.0398, QRS count=5
2025-10-09 11:54:22,523 [DEBUG] Accepted segment [67072:68096], variance=0.0410, QRS count=5
2025-10-09 11:54:22,526 [DEBUG] Accepted segment [67584:68608], variance=0.0393, QRS count=5
2025-10-09 11:54:22,529 [DEBUG] Accepted segment [68096:69120], variance=0.0400, QRS count=5
2025-10-09 11:54:22,532 [DEBUG] Accepted segment [68608:69632], variance=0.0419, QRS count=5
2025-10-09 11:54:22,534 [DEBUG] Accepted segment [69120:70144], variance=0.0409, QRS count=5
2025-10-09 11:54:22,537 [DEBUG] Accepted segment [69632:70656], variance=0.0407, QRS count=5
2025-10-09 11:54:22,540 [DEBUG] Accepted segment [70144:71168], variance=0.0428, QRS count=6
2025-10-09 11:54:22,543 [DEBUG] Accepted segment [70656:71680], variance=0.0434, QRS count=6
2025-10-09 11:54:22,545 [DEBUG] Accepted segment [71168:72192], variance=0.1024, QRS count=6
2025-10-09 11:54:22,548 [DEBUG] Accepted segment [71680:72704], variance=0.1012, QRS count=6
2025-10-09 11:54:22,551 [DEBUG] Accepted segment [72192:73216], variance=0.0421, QRS count=6
2025-10-09 11:54:22,554 [DEBUG] Accepted segment [72704:73728], variance=0.0443, QRS count=6
2025-10-09 11:54:22,556 [DEBUG] Accepted segment [73216:74240], variance=0.0363, QRS count=5
2025-10-09 11:54:22,559 [DEBUG] Accepted segment [73728:74752], variance=0.0346, QRS count=5
2025-10-09 11:54:22,562 [DEBUG] Accepted segment [74240:75264], variance=0.0419, QRS count=5
2025-10-09 11:54:22,564 [DEBUG] Accepted segment [74752:75776], variance=0.0424, QRS count=5
2025-10-09 11:54:22,567 [DEBUG] Accepted segment [75264:76288], variance=0.0417, QRS count=6
2025-10-09 11:54:22,570 [DEBUG] Accepted segment [75776:76800], variance=0.0351, QRS count=5
2025-10-09 11:54:22,573 [DEBUG] Accepted segment [76288:77312], variance=0.0362, QRS count=5
2025-10-09 11:54:22,575 [DEBUG] Accepted segment [76800:77824], variance=0.0426, QRS count=5
2025-10-09 11:54:22,578 [DEBUG] Accepted segment [77312:78336], variance=0.0413, QRS count=5
2025-10-09 11:54:22,581 [DEBUG] Accepted segment [77824:78848], variance=0.0425, QRS count=6
2025-10-09 11:54:22,584 [DEBUG] Accepted segment [78336:79360], variance=0.0376, QRS count=6
2025-10-09 11:54:22,587 [DEBUG] Accepted segment [78848:79872], variance=0.0357, QRS count=5
2025-10-09 11:54:22,589 [DEBUG] Accepted segment [79360:80384], variance=0.0419, QRS count=5
2025-10-09 11:54:22,592 [DEBUG] Accepted segment [79872:80896], variance=0.0437, QRS count=5
2025-10-09 11:54:22,595 [DEBUG] Accepted segment [80384:81408], variance=0.0438, QRS count=6
2025-10-09 11:54:22,598 [DEBUG] Accepted segment [80896:81920], variance=0.0365, QRS count=5
2025-10-09 11:54:22,600 [DEBUG] Accepted segment [81408:82432], variance=0.0377, QRS count=5
2025-10-09 11:54:22,603 [DEBUG] Accepted segment [81920:82944], variance=0.0453, QRS count=5
2025-10-09 11:54:22,606 [DEBUG] Accepted segment [82432:83456], variance=0.0444, QRS count=5
2025-10-09 11:54:22,608 [DEBUG] Accepted segment [82944:83968], variance=0.0439, QRS count=6
2025-10-09 11:54:22,611 [DEBUG] Accepted segment [83456:84480], variance=0.0381, QRS count=6
2025-10-09 11:54:22,614 [DEBUG] Accepted segment [83968:84992], variance=0.0375, QRS count=5
2025-10-09 11:54:22,617 [DEBUG] Accepted segment [84480:85504], variance=0.0438, QRS count=5
2025-10-09 11:54:22,620 [DEBUG] Accepted segment [84992:86016], variance=0.0450, QRS count=5
2025-10-09 11:54:22,622 [DEBUG] Accepted segment [85504:86528], variance=0.0438, QRS count=6
2025-10-09 11:54:22,625 [DEBUG] Accepted segment [86016:87040], variance=0.0395, QRS count=6
2025-10-09 11:54:22,628 [DEBUG] Accepted segment [86528:87552], variance=0.0371, QRS count=6
2025-10-09 11:54:22,631 [DEBUG] Accepted segment [87040:88064], variance=0.0333, QRS count=5
2025-10-09 11:54:22,633 [DEBUG] Accepted segment [87552:88576], variance=0.0367, QRS count=5
2025-10-09 11:54:22,636 [DEBUG] Accepted segment [88064:89088], variance=0.0441, QRS count=6
2025-10-09 11:54:22,639 [DEBUG] Accepted segment [88576:89600], variance=0.0408, QRS count=5
2025-10-09 11:54:22,642 [DEBUG] Accepted segment [89088:90112], variance=0.0355, QRS count=5
2025-10-09 11:54:22,644 [DEBUG] Accepted segment [89600:90624], variance=0.0369, QRS count=5
2025-10-09 11:54:22,647 [DEBUG] Accepted segment [90112:91136], variance=0.0406, QRS count=5
2025-10-09 11:54:22,650 [DEBUG] Accepted segment [90624:91648], variance=0.0398, QRS count=5
2025-10-09 11:54:22,653 [DEBUG] Accepted segment [91136:92160], variance=0.0410, QRS count=5
2025-10-09 11:54:22,655 [DEBUG] Accepted segment [91648:92672], variance=0.0432, QRS count=5
2025-10-09 11:54:22,658 [DEBUG] Accepted segment [92160:93184], variance=0.0428, QRS count=6
2025-10-09 11:54:22,661 [DEBUG] Accepted segment [92672:93696], variance=0.1231, QRS count=6
2025-10-09 11:54:22,664 [DEBUG] Accepted segment [93184:94208], variance=0.1247, QRS count=6
2025-10-09 11:54:22,666 [DEBUG] Accepted segment [93696:94720], variance=0.0461, QRS count=6
2025-10-09 11:54:22,669 [DEBUG] Accepted segment [94208:95232], variance=0.0474, QRS count=6
2025-10-09 11:54:22,672 [DEBUG] Accepted segment [94720:95744], variance=0.0470, QRS count=6
2025-10-09 11:54:22,675 [DEBUG] Accepted segment [95232:96256], variance=0.0389, QRS count=5
2025-10-09 11:54:22,677 [DEBUG] Accepted segment [95744:96768], variance=0.0370, QRS count=5
2025-10-09 11:54:22,680 [DEBUG] Accepted segment [96256:97280], variance=0.0435, QRS count=5
2025-10-09 11:54:22,683 [DEBUG] Accepted segment [96768:97792], variance=0.0446, QRS count=6
2025-10-09 11:54:22,686 [DEBUG] Accepted segment [97280:98304], variance=0.0436, QRS count=5
2025-10-09 11:54:22,689 [DEBUG] Accepted segment [97792:98816], variance=0.0419, QRS count=5
2025-10-09 11:54:22,691 [DEBUG] Accepted segment [98304:99328], variance=0.0424, QRS count=5
2025-10-09 11:54:22,694 [DEBUG] Accepted segment [98816:99840], variance=0.0469, QRS count=5
2025-10-09 11:54:22,697 [DEBUG] Accepted segment [99328:100352], variance=0.0437, QRS count=5
2025-10-09 11:54:22,700 [DEBUG] Accepted segment [99840:100864], variance=0.0338, QRS count=6
2025-10-09 11:54:22,703 [DEBUG] Accepted segment [100352:101376], variance=0.0349, QRS count=6
2025-10-09 11:54:22,705 [DEBUG] Accepted segment [100864:101888], variance=0.0390, QRS count=5
2025-10-09 11:54:22,708 [DEBUG] Accepted segment [101376:102400], variance=0.0407, QRS count=5
2025-10-09 11:54:22,711 [DEBUG] Accepted segment [101888:102912], variance=0.0429, QRS count=5
2025-10-09 11:54:22,714 [DEBUG] Accepted segment [102400:103424], variance=0.0422, QRS count=5
2025-10-09 11:54:22,717 [DEBUG] Accepted segment [102912:103936], variance=0.0401, QRS count=6
2025-10-09 11:54:22,719 [DEBUG] Accepted segment [103424:104448], variance=0.0405, QRS count=6
2025-10-09 11:54:22,722 [DEBUG] Accepted segment [103936:104960], variance=0.0415, QRS count=6
2025-10-09 11:54:22,725 [DEBUG] Accepted segment [104448:105472], variance=0.0408, QRS count=6
2025-10-09 11:54:22,728 [DEBUG] Accepted segment [104960:105984], variance=0.0404, QRS count=6
2025-10-09 11:54:22,728 [DEBUG] Skipping segment [105472:106496] due to overlap with noise [106400:107000]
2025-10-09 11:54:22,728 [DEBUG] Skipping segment [105984:107008] due to overlap with noise [106400:107000]
2025-10-09 11:54:22,728 [DEBUG] Skipping segment [106496:107520] due to overlap with noise [106400:107000]
2025-10-09 11:54:22,731 [DEBUG] Accepted segment [107008:108032], variance=0.0702, QRS count=6
2025-10-09 11:54:22,733 [DEBUG] Accepted segment [107520:108544], variance=0.0616, QRS count=6
2025-10-09 11:54:22,736 [DEBUG] Accepted segment [108032:109056], variance=0.0688, QRS count=7
2025-10-09 11:54:22,739 [DEBUG] Accepted segment [108544:109568], variance=0.0644, QRS count=6
2025-10-09 11:54:22,742 [DEBUG] Accepted segment [109056:110080], variance=0.0488, QRS count=6
2025-10-09 11:54:22,745 [DEBUG] Accepted segment [109568:110592], variance=0.0477, QRS count=6
2025-10-09 11:54:22,747 [DEBUG] Accepted segment [110080:111104], variance=0.0440, QRS count=6
2025-10-09 11:54:22,750 [DEBUG] Accepted segment [110592:111616], variance=0.0451, QRS count=7
2025-10-09 11:54:22,753 [DEBUG] Accepted segment [111104:112128], variance=0.0552, QRS count=6
2025-10-09 11:54:22,756 [DEBUG] Accepted segment [111616:112640], variance=0.0556, QRS count=6
2025-10-09 11:54:22,759 [DEBUG] Accepted segment [112128:113152], variance=0.0543, QRS count=6
2025-10-09 11:54:22,761 [DEBUG] Accepted segment [112640:113664], variance=0.0555, QRS count=6
2025-10-09 11:54:22,764 [DEBUG] Accepted segment [113152:114176], variance=0.0560, QRS count=5
2025-10-09 11:54:22,767 [DEBUG] Accepted segment [113664:114688], variance=0.0558, QRS count=5
2025-10-09 11:54:22,770 [DEBUG] Accepted segment [114176:115200], variance=0.0667, QRS count=5
2025-10-09 11:54:22,773 [DEBUG] Accepted segment [114688:115712], variance=0.0741, QRS count=6
2025-10-09 11:54:22,775 [DEBUG] Accepted segment [115200:116224], variance=0.0637, QRS count=6
2025-10-09 11:54:22,778 [DEBUG] Accepted segment [115712:116736], variance=0.0559, QRS count=6
2025-10-09 11:54:22,781 [DEBUG] Accepted segment [116224:117248], variance=0.0528, QRS count=6
2025-10-09 11:54:22,783 [DEBUG] Accepted segment [116736:117760], variance=0.0522, QRS count=5
2025-10-09 11:54:22,786 [DEBUG] Accepted segment [117248:118272], variance=0.0472, QRS count=6
2025-10-09 11:54:22,789 [DEBUG] Accepted segment [117760:118784], variance=0.0471, QRS count=5
2025-10-09 11:54:22,792 [DEBUG] Accepted segment [118272:119296], variance=0.0569, QRS count=5
2025-10-09 11:54:22,795 [DEBUG] Accepted segment [118784:119808], variance=0.0603, QRS count=5
2025-10-09 11:54:22,797 [DEBUG] Accepted segment [119296:120320], variance=0.0607, QRS count=5
2025-10-09 11:54:22,800 [DEBUG] Accepted segment [119808:120832], variance=0.0601, QRS count=6
2025-10-09 11:54:22,803 [DEBUG] Accepted segment [120320:121344], variance=0.0600, QRS count=6
2025-10-09 11:54:22,806 [DEBUG] Accepted segment [120832:121856], variance=0.0599, QRS count=6
2025-10-09 11:54:22,808 [DEBUG] Accepted segment [121344:122368], variance=0.0489, QRS count=5
2025-10-09 11:54:22,811 [DEBUG] Accepted segment [121856:122880], variance=0.0471, QRS count=5
2025-10-09 11:54:22,814 [DEBUG] Accepted segment [122368:123392], variance=0.0592, QRS count=5
2025-10-09 11:54:22,817 [DEBUG] Accepted segment [122880:123904], variance=0.0606, QRS count=5
2025-10-09 11:54:22,819 [DEBUG] Accepted segment [123392:124416], variance=0.0582, QRS count=5
2025-10-09 11:54:22,822 [DEBUG] Accepted segment [123904:124928], variance=0.0582, QRS count=6
2025-10-09 11:54:22,825 [DEBUG] Accepted segment [124416:125440], variance=0.0592, QRS count=6
2025-10-09 11:54:22,828 [DEBUG] Accepted segment [124928:125952], variance=0.0585, QRS count=5
2025-10-09 11:54:22,831 [DEBUG] Accepted segment [125440:126464], variance=0.0485, QRS count=5
2025-10-09 11:54:22,834 [DEBUG] Accepted segment [125952:126976], variance=0.0503, QRS count=5
2025-10-09 11:54:22,838 [DEBUG] Accepted segment [126464:127488], variance=0.0614, QRS count=5
2025-10-09 11:54:22,841 [DEBUG] Accepted segment [126976:128000], variance=0.0608, QRS count=5
2025-10-09 11:54:22,841 [INFO] Segmented signal of length 128000 into 246 valid segments
2025-10-09 11:54:23,194 [DEBUG] Accepted segment [0:1024], variance=0.0485, QRS count=5
2025-10-09 11:54:23,197 [DEBUG] Accepted segment [512:1536], variance=0.0603, QRS count=5
2025-10-09 11:54:23,200 [DEBUG] Accepted segment [1024:2048], variance=0.0717, QRS count=5
2025-10-09 11:54:23,203 [DEBUG] Accepted segment [1536:2560], variance=0.0797, QRS count=6
2025-10-09 11:54:23,206 [DEBUG] Accepted segment [2048:3072], variance=0.0709, QRS count=6
2025-10-09 11:54:23,209 [DEBUG] Accepted segment [2560:3584], variance=0.0522, QRS count=5
2025-10-09 11:54:23,212 [DEBUG] Accepted segment [3072:4096], variance=0.0484, QRS count=5
2025-10-09 11:54:23,215 [DEBUG] Accepted segment [3584:4608], variance=0.0533, QRS count=5
2025-10-09 11:54:23,218 [DEBUG] Accepted segment [4096:5120], variance=0.0519, QRS count=6
2025-10-09 11:54:23,221 [DEBUG] Accepted segment [4608:5632], variance=0.0539, QRS count=6
2025-10-09 11:54:23,234 [DEBUG] Accepted segment [5120:6144], variance=0.0559, QRS count=5
2025-10-09 11:54:23,237 [DEBUG] Accepted segment [5632:6656], variance=0.0539, QRS count=5
2025-10-09 11:54:23,240 [DEBUG] Accepted segment [6144:7168], variance=0.0528, QRS count=5
2025-10-09 11:54:23,243 [DEBUG] Accepted segment [6656:7680], variance=0.0470, QRS count=5
2025-10-09 11:54:23,246 [DEBUG] Accepted segment [7168:8192], variance=0.0480, QRS count=5
2025-10-09 11:54:23,249 [DEBUG] Accepted segment [7680:8704], variance=0.0566, QRS count=5
2025-10-09 11:54:23,252 [DEBUG] Accepted segment [8192:9216], variance=0.0601, QRS count=5
2025-10-09 11:54:23,255 [DEBUG] Accepted segment [8704:9728], variance=0.0621, QRS count=6
2025-10-09 11:54:23,258 [DEBUG] Accepted segment [9216:10240], variance=0.0520, QRS count=5
2025-10-09 11:54:23,261 [DEBUG] Accepted segment [9728:10752], variance=0.0495, QRS count=5
2025-10-09 11:54:23,263 [DEBUG] Accepted segment [10240:11264], variance=0.0569, QRS count=5
2025-10-09 11:54:23,267 [DEBUG] Accepted segment [10752:11776], variance=0.0581, QRS count=5
2025-10-09 11:54:23,270 [DEBUG] Accepted segment [11264:12288], variance=0.0586, QRS count=6
2025-10-09 11:54:23,273 [DEBUG] Accepted segment [11776:12800], variance=0.0491, QRS count=6
2025-10-09 11:54:23,276 [DEBUG] Accepted segment [12288:13312], variance=0.0499, QRS count=5
2025-10-09 11:54:23,279 [DEBUG] Accepted segment [12800:13824], variance=0.0607, QRS count=5
2025-10-09 11:54:23,282 [DEBUG] Accepted segment [13312:14336], variance=0.0595, QRS count=5
2025-10-09 11:54:23,285 [DEBUG] Accepted segment [13824:14848], variance=0.0566, QRS count=6
2025-10-09 11:54:23,288 [DEBUG] Accepted segment [14336:15360], variance=0.0585, QRS count=6
2025-10-09 11:54:23,291 [DEBUG] Accepted segment [14848:15872], variance=0.0575, QRS count=6
2025-10-09 11:54:23,294 [DEBUG] Accepted segment [15360:16384], variance=0.0520, QRS count=5
2025-10-09 11:54:23,297 [DEBUG] Accepted segment [15872:16896], variance=0.0511, QRS count=5
2025-10-09 11:54:23,300 [DEBUG] Accepted segment [16384:17408], variance=0.0506, QRS count=5
2025-10-09 11:54:23,303 [DEBUG] Accepted segment [16896:17920], variance=0.0476, QRS count=5
2025-10-09 11:54:23,306 [DEBUG] Accepted segment [17408:18432], variance=0.0447, QRS count=5
2025-10-09 11:54:23,309 [DEBUG] Accepted segment [17920:18944], variance=0.0474, QRS count=6
2025-10-09 11:54:23,312 [DEBUG] Accepted segment [18432:19456], variance=0.0513, QRS count=6
2025-10-09 11:54:23,315 [DEBUG] Accepted segment [18944:19968], variance=0.0520, QRS count=5
2025-10-09 11:54:23,318 [DEBUG] Accepted segment [19456:20480], variance=0.0518, QRS count=5
2025-10-09 11:54:23,321 [DEBUG] Accepted segment [19968:20992], variance=0.0535, QRS count=5
2025-10-09 11:54:23,324 [DEBUG] Accepted segment [20480:21504], variance=0.0570, QRS count=5
2025-10-09 11:54:23,327 [DEBUG] Accepted segment [20992:22016], variance=0.0584, QRS count=5
2025-10-09 11:54:23,330 [DEBUG] Accepted segment [21504:22528], variance=0.0589, QRS count=5
2025-10-09 11:54:23,333 [DEBUG] Accepted segment [22016:23040], variance=0.0598, QRS count=6
2025-10-09 11:54:23,336 [DEBUG] Accepted segment [22528:23552], variance=0.0604, QRS count=6
2025-10-09 11:54:23,339 [DEBUG] Accepted segment [23040:24064], variance=0.0594, QRS count=5
2025-10-09 11:54:23,342 [DEBUG] Accepted segment [23552:24576], variance=0.0598, QRS count=6
2025-10-09 11:54:23,345 [DEBUG] Accepted segment [24064:25088], variance=0.0620, QRS count=6
2025-10-09 11:54:23,348 [DEBUG] Accepted segment [24576:25600], variance=0.1251, QRS count=6
2025-10-09 11:54:23,351 [DEBUG] Accepted segment [25088:26112], variance=0.1270, QRS count=6
2025-10-09 11:54:23,354 [DEBUG] Accepted segment [25600:26624], variance=0.0756, QRS count=6
2025-10-09 11:54:23,357 [DEBUG] Accepted segment [26112:27136], variance=0.0709, QRS count=6
2025-10-09 11:54:23,360 [DEBUG] Accepted segment [26624:27648], variance=0.0589, QRS count=6
2025-10-09 11:54:23,363 [DEBUG] Accepted segment [27136:28160], variance=0.0584, QRS count=6
2025-10-09 11:54:23,366 [DEBUG] Accepted segment [27648:28672], variance=0.0565, QRS count=6
2025-10-09 11:54:23,369 [DEBUG] Accepted segment [28160:29184], variance=0.0559, QRS count=6
2025-10-09 11:54:23,372 [DEBUG] Accepted segment [28672:29696], variance=0.0563, QRS count=6
2025-10-09 11:54:23,375 [DEBUG] Accepted segment [29184:30208], variance=0.0540, QRS count=6
2025-10-09 11:54:23,378 [DEBUG] Accepted segment [29696:30720], variance=0.0480, QRS count=6
2025-10-09 11:54:23,381 [DEBUG] Accepted segment [30208:31232], variance=0.0466, QRS count=5
2025-10-09 11:54:23,384 [DEBUG] Accepted segment [30720:31744], variance=0.0484, QRS count=5
2025-10-09 11:54:23,387 [DEBUG] Accepted segment [31232:32256], variance=0.0523, QRS count=6
2025-10-09 11:54:23,390 [DEBUG] Accepted segment [31744:32768], variance=0.0579, QRS count=6
2025-10-09 11:54:23,393 [DEBUG] Accepted segment [32256:33280], variance=0.0605, QRS count=5
2025-10-09 11:54:23,397 [DEBUG] Accepted segment [32768:33792], variance=0.0593, QRS count=5
2025-10-09 11:54:23,400 [DEBUG] Accepted segment [33280:34304], variance=0.0577, QRS count=5
2025-10-09 11:54:23,403 [DEBUG] Accepted segment [33792:34816], variance=0.0579, QRS count=6
2025-10-09 11:54:23,407 [DEBUG] Accepted segment [34304:35328], variance=0.0569, QRS count=6
2025-10-09 11:54:23,410 [DEBUG] Accepted segment [34816:35840], variance=0.0569, QRS count=6
2025-10-09 11:54:23,414 [DEBUG] Accepted segment [35328:36352], variance=0.0586, QRS count=6
2025-10-09 11:54:23,417 [DEBUG] Accepted segment [35840:36864], variance=0.0496, QRS count=6
2025-10-09 11:54:23,421 [DEBUG] Accepted segment [36352:37376], variance=0.0498, QRS count=5
2025-10-09 11:54:23,424 [DEBUG] Accepted segment [36864:37888], variance=0.0598, QRS count=5
2025-10-09 11:54:23,428 [DEBUG] Accepted segment [37376:38400], variance=0.0608, QRS count=5
2025-10-09 11:54:23,432 [DEBUG] Accepted segment [37888:38912], variance=0.0619, QRS count=5
2025-10-09 11:54:23,435 [DEBUG] Accepted segment [38400:39424], variance=0.0603, QRS count=6
2025-10-09 11:54:23,439 [DEBUG] Accepted segment [38912:39936], variance=0.0589, QRS count=6
2025-10-09 11:54:23,442 [DEBUG] Accepted segment [39424:40448], variance=0.0607, QRS count=6
2025-10-09 11:54:23,446 [DEBUG] Accepted segment [39936:40960], variance=0.0523, QRS count=6
2025-10-09 11:54:23,450 [DEBUG] Accepted segment [40448:41472], variance=0.0519, QRS count=5
2025-10-09 11:54:23,453 [DEBUG] Accepted segment [40960:41984], variance=0.0605, QRS count=5
2025-10-09 11:54:23,457 [DEBUG] Accepted segment [41472:42496], variance=0.0594, QRS count=5
2025-10-09 11:54:23,460 [DEBUG] Accepted segment [41984:43008], variance=0.0573, QRS count=6
2025-10-09 11:54:23,464 [DEBUG] Accepted segment [42496:43520], variance=0.0570, QRS count=6
2025-10-09 11:54:23,468 [DEBUG] Accepted segment [43008:44032], variance=0.0501, QRS count=5
2025-10-09 11:54:23,471 [DEBUG] Accepted segment [43520:44544], variance=0.0484, QRS count=5
2025-10-09 11:54:23,477 [DEBUG] Accepted segment [44032:45056], variance=0.0558, QRS count=5
2025-10-09 11:54:23,481 [DEBUG] Accepted segment [44544:45568], variance=0.0570, QRS count=5
2025-10-09 11:54:23,485 [DEBUG] Accepted segment [45056:46080], variance=0.0533, QRS count=5
2025-10-09 11:54:23,489 [DEBUG] Accepted segment [45568:46592], variance=0.0483, QRS count=6
2025-10-09 11:54:23,492 [DEBUG] Accepted segment [46080:47104], variance=0.0507, QRS count=6
2025-10-09 11:54:23,495 [DEBUG] Accepted segment [46592:47616], variance=0.0576, QRS count=6
2025-10-09 11:54:23,499 [DEBUG] Accepted segment [47104:48128], variance=0.0606, QRS count=6
2025-10-09 11:54:23,502 [DEBUG] Accepted segment [47616:48640], variance=0.0595, QRS count=6
2025-10-09 11:54:23,506 [DEBUG] Accepted segment [48128:49152], variance=0.0510, QRS count=6
2025-10-09 11:54:23,509 [DEBUG] Accepted segment [48640:49664], variance=0.0516, QRS count=5
2025-10-09 11:54:23,513 [DEBUG] Accepted segment [49152:50176], variance=0.0585, QRS count=5
2025-10-09 11:54:23,515 [DEBUG] Accepted segment [49664:50688], variance=0.0584, QRS count=5
2025-10-09 11:54:23,518 [DEBUG] Accepted segment [50176:51200], variance=0.0589, QRS count=6
2025-10-09 11:54:23,521 [DEBUG] Accepted segment [50688:51712], variance=0.0584, QRS count=6
2025-10-09 11:54:23,524 [DEBUG] Accepted segment [51200:52224], variance=0.0501, QRS count=5
2025-10-09 11:54:23,527 [DEBUG] Accepted segment [51712:52736], variance=0.0509, QRS count=5
2025-10-09 11:54:23,530 [DEBUG] Accepted segment [52224:53248], variance=0.0593, QRS count=5
2025-10-09 11:54:23,533 [DEBUG] Accepted segment [52736:53760], variance=0.0583, QRS count=6
2025-10-09 11:54:23,536 [DEBUG] Accepted segment [53248:54272], variance=0.0595, QRS count=5
2025-10-09 11:54:23,539 [DEBUG] Accepted segment [53760:54784], variance=0.0531, QRS count=5
2025-10-09 11:54:23,542 [DEBUG] Accepted segment [54272:55296], variance=0.0531, QRS count=5
2025-10-09 11:54:23,544 [DEBUG] Accepted segment [54784:55808], variance=0.0593, QRS count=5
2025-10-09 11:54:23,547 [DEBUG] Accepted segment [55296:56320], variance=0.0602, QRS count=5
2025-10-09 11:54:23,550 [DEBUG] Accepted segment [55808:56832], variance=0.0621, QRS count=5
2025-10-09 11:54:23,553 [DEBUG] Accepted segment [56320:57344], variance=0.0596, QRS count=5
2025-10-09 11:54:23,556 [DEBUG] Accepted segment [56832:57856], variance=0.0563, QRS count=6
2025-10-09 11:54:23,559 [DEBUG] Accepted segment [57344:58368], variance=0.0567, QRS count=6
2025-10-09 11:54:23,561 [DEBUG] Accepted segment [57856:58880], variance=0.0583, QRS count=5
2025-10-09 11:54:23,564 [DEBUG] Accepted segment [58368:59392], variance=0.0492, QRS count=5
2025-10-09 11:54:23,567 [DEBUG] Accepted segment [58880:59904], variance=0.0492, QRS count=5
2025-10-09 11:54:23,570 [DEBUG] Accepted segment [59392:60416], variance=0.0592, QRS count=5
2025-10-09 11:54:23,573 [DEBUG] Accepted segment [59904:60928], variance=0.0586, QRS count=5
2025-10-09 11:54:23,576 [DEBUG] Accepted segment [60416:61440], variance=0.0579, QRS count=6
2025-10-09 11:54:23,578 [DEBUG] Accepted segment [60928:61952], variance=0.0584, QRS count=6
2025-10-09 11:54:23,581 [DEBUG] Accepted segment [61440:62464], variance=0.0588, QRS count=5
2025-10-09 11:54:23,584 [DEBUG] Accepted segment [61952:62976], variance=0.0565, QRS count=5
2025-10-09 11:54:23,587 [DEBUG] Accepted segment [62464:63488], variance=0.0485, QRS count=6
2025-10-09 11:54:23,590 [DEBUG] Accepted segment [62976:64000], variance=0.0508, QRS count=5
2025-10-09 11:54:23,593 [DEBUG] Accepted segment [63488:64512], variance=0.0608, QRS count=5
2025-10-09 11:54:23,595 [DEBUG] Accepted segment [64000:65024], variance=0.0619, QRS count=5
2025-10-09 11:54:23,598 [DEBUG] Accepted segment [64512:65536], variance=0.0587, QRS count=5
2025-10-09 11:54:23,601 [DEBUG] Accepted segment [65024:66048], variance=0.0603, QRS count=5
2025-10-09 11:54:23,604 [DEBUG] Accepted segment [65536:66560], variance=0.0623, QRS count=5
2025-10-09 11:54:23,607 [DEBUG] Accepted segment [66048:67072], variance=0.0612, QRS count=5
2025-10-09 11:54:23,610 [DEBUG] Accepted segment [66560:67584], variance=0.0614, QRS count=6
2025-10-09 11:54:23,612 [DEBUG] Accepted segment [67072:68096], variance=0.0627, QRS count=6
2025-10-09 11:54:23,615 [DEBUG] Accepted segment [67584:68608], variance=0.0535, QRS count=5
2025-10-09 11:54:23,618 [DEBUG] Accepted segment [68096:69120], variance=0.0529, QRS count=5
2025-10-09 11:54:23,621 [DEBUG] Accepted segment [68608:69632], variance=0.0620, QRS count=5
2025-10-09 11:54:23,624 [DEBUG] Accepted segment [69120:70144], variance=0.0512, QRS count=6
2025-10-09 11:54:23,626 [DEBUG] Accepted segment [69632:70656], variance=0.0508, QRS count=5
2025-10-09 11:54:23,629 [DEBUG] Accepted segment [70144:71168], variance=0.0623, QRS count=5
2025-10-09 11:54:23,632 [DEBUG] Accepted segment [70656:71680], variance=0.0649, QRS count=5
2025-10-09 11:54:23,635 [DEBUG] Accepted segment [71168:72192], variance=0.0649, QRS count=6
2025-10-09 11:54:23,638 [DEBUG] Accepted segment [71680:72704], variance=0.0643, QRS count=6
2025-10-09 11:54:23,640 [DEBUG] Accepted segment [72192:73216], variance=0.0546, QRS count=6
2025-10-09 11:54:23,643 [DEBUG] Accepted segment [72704:73728], variance=0.0550, QRS count=5
2025-10-09 11:54:23,646 [DEBUG] Accepted segment [73216:74240], variance=0.0646, QRS count=5
2025-10-09 11:54:23,649 [DEBUG] Accepted segment [73728:74752], variance=0.0630, QRS count=5
2025-10-09 11:54:23,652 [DEBUG] Accepted segment [74240:75264], variance=0.0623, QRS count=6
2025-10-09 11:54:23,655 [DEBUG] Accepted segment [74752:75776], variance=0.0621, QRS count=6
2025-10-09 11:54:23,657 [DEBUG] Accepted segment [75264:76288], variance=0.0509, QRS count=6
2025-10-09 11:54:23,660 [DEBUG] Accepted segment [75776:76800], variance=0.0518, QRS count=5
2025-10-09 11:54:23,663 [DEBUG] Accepted segment [76288:77312], variance=0.0641, QRS count=5
2025-10-09 11:54:23,666 [DEBUG] Accepted segment [76800:77824], variance=0.0659, QRS count=5
2025-10-09 11:54:23,669 [DEBUG] Accepted segment [77312:78336], variance=0.0647, QRS count=6
2025-10-09 11:54:23,672 [DEBUG] Accepted segment [77824:78848], variance=0.0543, QRS count=5
2025-10-09 11:54:23,674 [DEBUG] Accepted segment [78336:79360], variance=0.0534, QRS count=5
2025-10-09 11:54:23,677 [DEBUG] Accepted segment [78848:79872], variance=0.0600, QRS count=5
2025-10-09 11:54:23,680 [DEBUG] Accepted segment [79360:80384], variance=0.0605, QRS count=6
2025-10-09 11:54:23,683 [DEBUG] Accepted segment [79872:80896], variance=0.0530, QRS count=5
2025-10-09 11:54:23,686 [DEBUG] Accepted segment [80384:81408], variance=0.0525, QRS count=5
2025-10-09 11:54:23,689 [DEBUG] Accepted segment [80896:81920], variance=0.0614, QRS count=5
2025-10-09 11:54:23,692 [DEBUG] Accepted segment [81408:82432], variance=0.0623, QRS count=6
2025-10-09 11:54:23,694 [DEBUG] Accepted segment [81920:82944], variance=0.0606, QRS count=5
2025-10-09 11:54:23,697 [DEBUG] Accepted segment [82432:83456], variance=0.0508, QRS count=5
2025-10-09 11:54:23,700 [DEBUG] Accepted segment [82944:83968], variance=0.0525, QRS count=5
2025-10-09 11:54:23,703 [DEBUG] Accepted segment [83456:84480], variance=0.0618, QRS count=5
2025-10-09 11:54:23,706 [DEBUG] Accepted segment [83968:84992], variance=0.0601, QRS count=5
2025-10-09 11:54:23,708 [DEBUG] Accepted segment [84480:85504], variance=0.0589, QRS count=5
2025-10-09 11:54:23,711 [DEBUG] Accepted segment [84992:86016], variance=0.0579, QRS count=6
2025-10-09 11:54:23,714 [DEBUG] Accepted segment [85504:86528], variance=0.0604, QRS count=6
2025-10-09 11:54:23,717 [DEBUG] Accepted segment [86016:87040], variance=0.0538, QRS count=5
2025-10-09 11:54:23,720 [DEBUG] Accepted segment [86528:87552], variance=0.0515, QRS count=5
2025-10-09 11:54:23,723 [DEBUG] Accepted segment [87040:88064], variance=0.0609, QRS count=5
2025-10-09 11:54:23,725 [DEBUG] Accepted segment [87552:88576], variance=0.0617, QRS count=5
2025-10-09 11:54:23,728 [DEBUG] Accepted segment [88064:89088], variance=0.0498, QRS count=5
2025-10-09 11:54:23,731 [DEBUG] Accepted segment [88576:89600], variance=0.0489, QRS count=5
2025-10-09 11:54:23,734 [DEBUG] Accepted segment [89088:90112], variance=0.0603, QRS count=5
2025-10-09 11:54:23,737 [DEBUG] Accepted segment [89600:90624], variance=0.0612, QRS count=6
2025-10-09 11:54:23,740 [DEBUG] Accepted segment [90112:91136], variance=0.0612, QRS count=6
2025-10-09 11:54:23,743 [DEBUG] Accepted segment [90624:91648], variance=0.0535, QRS count=5
2025-10-09 11:54:23,746 [DEBUG] Accepted segment [91136:92160], variance=0.0552, QRS count=5
2025-10-09 11:54:23,748 [DEBUG] Accepted segment [91648:92672], variance=0.0635, QRS count=5
2025-10-09 11:54:23,751 [DEBUG] Accepted segment [92160:93184], variance=0.0609, QRS count=5
2025-10-09 11:54:23,754 [DEBUG] Accepted segment [92672:93696], variance=0.0534, QRS count=6
2025-10-09 11:54:23,757 [DEBUG] Accepted segment [93184:94208], variance=0.0553, QRS count=5
2025-10-09 11:54:23,760 [DEBUG] Accepted segment [93696:94720], variance=0.0625, QRS count=5
2025-10-09 11:54:23,763 [DEBUG] Accepted segment [94208:95232], variance=0.0619, QRS count=5
2025-10-09 11:54:23,765 [DEBUG] Accepted segment [94720:95744], variance=0.0629, QRS count=6
2025-10-09 11:54:23,768 [DEBUG] Accepted segment [95232:96256], variance=0.0528, QRS count=5
2025-10-09 11:54:23,771 [DEBUG] Accepted segment [95744:96768], variance=0.0525, QRS count=5
2025-10-09 11:54:23,774 [DEBUG] Accepted segment [96256:97280], variance=0.0625, QRS count=5
2025-10-09 11:54:23,777 [DEBUG] Accepted segment [96768:97792], variance=0.0602, QRS count=6
2025-10-09 11:54:23,780 [DEBUG] Accepted segment [97280:98304], variance=0.0574, QRS count=6
2025-10-09 11:54:23,783 [DEBUG] Accepted segment [97792:98816], variance=0.0569, QRS count=6
2025-10-09 11:54:23,786 [DEBUG] Accepted segment [98304:99328], variance=0.0501, QRS count=6
2025-10-09 11:54:23,789 [DEBUG] Accepted segment [98816:99840], variance=0.0510, QRS count=5
2025-10-09 11:54:23,792 [DEBUG] Accepted segment [99328:100352], variance=0.0579, QRS count=5
2025-10-09 11:54:23,795 [DEBUG] Accepted segment [99840:100864], variance=0.0583, QRS count=5
2025-10-09 11:54:23,798 [DEBUG] Accepted segment [100352:101376], variance=0.0604, QRS count=5
2025-10-09 11:54:23,800 [DEBUG] Accepted segment [100864:101888], variance=0.0593, QRS count=6
2025-10-09 11:54:23,803 [DEBUG] Accepted segment [101376:102400], variance=0.0568, QRS count=6
2025-10-09 11:54:23,806 [DEBUG] Accepted segment [101888:102912], variance=0.0552, QRS count=6
2025-10-09 11:54:23,809 [DEBUG] Accepted segment [102400:103424], variance=0.0554, QRS count=6
2025-10-09 11:54:23,812 [DEBUG] Accepted segment [102912:103936], variance=0.0574, QRS count=6
2025-10-09 11:54:23,815 [DEBUG] Accepted segment [103424:104448], variance=0.0576, QRS count=5
2025-10-09 11:54:23,817 [DEBUG] Accepted segment [103936:104960], variance=0.0472, QRS count=6
2025-10-09 11:54:23,820 [DEBUG] Accepted segment [104448:105472], variance=0.0462, QRS count=5
2025-10-09 11:54:23,823 [DEBUG] Accepted segment [104960:105984], variance=0.0554, QRS count=5
2025-10-09 11:54:23,826 [DEBUG] Accepted segment [105472:106496], variance=0.0562, QRS count=5
2025-10-09 11:54:23,829 [DEBUG] Accepted segment [105984:107008], variance=0.0543, QRS count=5
2025-10-09 11:54:23,832 [DEBUG] Accepted segment [106496:107520], variance=0.0518, QRS count=5
2025-10-09 11:54:23,834 [DEBUG] Accepted segment [107008:108032], variance=0.0523, QRS count=5
2025-10-09 11:54:23,837 [DEBUG] Accepted segment [107520:108544], variance=0.0539, QRS count=5
2025-10-09 11:54:23,840 [DEBUG] Accepted segment [108032:109056], variance=0.0543, QRS count=5
2025-10-09 11:54:23,843 [DEBUG] Accepted segment [108544:109568], variance=0.0531, QRS count=6
2025-10-09 11:54:23,846 [DEBUG] Accepted segment [109056:110080], variance=0.0515, QRS count=6
2025-10-09 11:54:23,849 [DEBUG] Accepted segment [109568:110592], variance=0.0521, QRS count=6
2025-10-09 11:54:23,852 [DEBUG] Accepted segment [110080:111104], variance=0.1279, QRS count=6
2025-10-09 11:54:23,854 [DEBUG] Accepted segment [110592:111616], variance=0.1293, QRS count=5
2025-10-09 11:54:23,857 [DEBUG] Accepted segment [111104:112128], variance=0.0552, QRS count=6
2025-10-09 11:54:23,860 [DEBUG] Accepted segment [111616:112640], variance=0.0537, QRS count=6
2025-10-09 11:54:23,864 [DEBUG] Accepted segment [112128:113152], variance=0.0532, QRS count=6
2025-10-09 11:54:23,867 [DEBUG] Accepted segment [112640:113664], variance=0.0558, QRS count=6
2025-10-09 11:54:23,870 [DEBUG] Accepted segment [113152:114176], variance=0.0582, QRS count=5
2025-10-09 11:54:23,873 [DEBUG] Accepted segment [113664:114688], variance=0.0514, QRS count=6
2025-10-09 11:54:23,876 [DEBUG] Accepted segment [114176:115200], variance=0.0525, QRS count=5
2025-10-09 11:54:23,879 [DEBUG] Accepted segment [114688:115712], variance=0.0596, QRS count=5
2025-10-09 11:54:23,884 [DEBUG] Accepted segment [115200:116224], variance=0.0584, QRS count=5
2025-10-09 11:54:23,887 [DEBUG] Accepted segment [115712:116736], variance=0.0515, QRS count=6
2025-10-09 11:54:23,891 [DEBUG] Accepted segment [116224:117248], variance=0.0530, QRS count=5
2025-10-09 11:54:23,896 [DEBUG] Accepted segment [116736:117760], variance=0.0609, QRS count=5
2025-10-09 11:54:23,900 [DEBUG] Accepted segment [117248:118272], variance=0.0628, QRS count=5
2025-10-09 11:54:23,905 [DEBUG] Accepted segment [117760:118784], variance=0.0637, QRS count=6
2025-10-09 11:54:23,910 [DEBUG] Accepted segment [118272:119296], variance=0.0609, QRS count=6
2025-10-09 11:54:23,915 [DEBUG] Accepted segment [118784:119808], variance=0.0506, QRS count=6
2025-10-09 11:54:23,915 [DEBUG] Skipping segment [119296:120320] due to overlap with noise [120200:120500]
2025-10-09 11:54:23,915 [DEBUG] Skipping segment [119808:120832] due to overlap with noise [120200:120500]
2025-10-09 11:54:23,915 [DEBUG] Skipping segment [120320:121344] due to overlap with noise [120200:120500]
2025-10-09 11:54:23,920 [DEBUG] Accepted segment [120832:121856], variance=0.0428, QRS count=6
2025-10-09 11:54:23,925 [DEBUG] Accepted segment [121344:122368], variance=0.0406, QRS count=6
2025-10-09 11:54:23,930 [DEBUG] Accepted segment [121856:122880], variance=0.0365, QRS count=6
2025-10-09 11:54:23,936 [DEBUG] Accepted segment [122368:123392], variance=0.0401, QRS count=5
2025-10-09 11:54:23,941 [DEBUG] Accepted segment [122880:123904], variance=0.0464, QRS count=6
2025-10-09 11:54:23,945 [DEBUG] Accepted segment [123392:124416], variance=0.0520, QRS count=6
2025-10-09 11:54:23,950 [DEBUG] Accepted segment [123904:124928], variance=0.0439, QRS count=5
2025-10-09 11:54:23,955 [DEBUG] Accepted segment [124416:125440], variance=0.0354, QRS count=5
2025-10-09 11:54:23,960 [DEBUG] Accepted segment [124928:125952], variance=0.0386, QRS count=5
2025-10-09 11:54:23,965 [DEBUG] Accepted segment [125440:126464], variance=0.0365, QRS count=5
2025-10-09 11:54:23,970 [DEBUG] Accepted segment [125952:126976], variance=0.0365, QRS count=6
2025-10-09 11:54:23,976 [DEBUG] Accepted segment [126464:127488], variance=0.0327, QRS count=5
2025-10-09 11:54:23,983 [DEBUG] Accepted segment [126976:128000], variance=0.0324, QRS count=5
2025-10-09 11:54:23,984 [INFO] Segmented signal of length 128000 into 246 valid segments
2025-10-09 11:54:24,372 [DEBUG] Accepted segment [0:1024], variance=0.0401, QRS count=6
2025-10-09 11:54:24,375 [DEBUG] Accepted segment [512:1536], variance=0.0419, QRS count=6
2025-10-09 11:54:24,379 [DEBUG] Accepted segment [1024:2048], variance=0.0415, QRS count=6
2025-10-09 11:54:24,382 [DEBUG] Accepted segment [1536:2560], variance=0.0390, QRS count=6
2025-10-09 11:54:24,385 [DEBUG] Accepted segment [2048:3072], variance=0.0377, QRS count=6
2025-10-09 11:54:24,388 [DEBUG] Accepted segment [2560:3584], variance=0.0409, QRS count=6
2025-10-09 11:54:24,392 [DEBUG] Accepted segment [3072:4096], variance=0.0414, QRS count=5
2025-10-09 11:54:24,395 [DEBUG] Accepted segment [3584:4608], variance=0.0384, QRS count=5
2025-10-09 11:54:24,398 [DEBUG] Accepted segment [4096:5120], variance=0.0392, QRS count=5
2025-10-09 11:54:24,401 [DEBUG] Accepted segment [4608:5632], variance=0.0402, QRS count=5
2025-10-09 11:54:24,404 [DEBUG] Accepted segment [5120:6144], variance=0.0394, QRS count=5
2025-10-09 11:54:24,408 [DEBUG] Accepted segment [5632:6656], variance=0.0395, QRS count=5
2025-10-09 11:54:24,412 [DEBUG] Accepted segment [6144:7168], variance=0.0415, QRS count=5
2025-10-09 11:54:24,415 [DEBUG] Accepted segment [6656:7680], variance=0.0433, QRS count=5
2025-10-09 11:54:24,419 [DEBUG] Accepted segment [7168:8192], variance=0.0412, QRS count=5
2025-10-09 11:54:24,423 [DEBUG] Accepted segment [7680:8704], variance=0.0387, QRS count=6
2025-10-09 11:54:24,426 [DEBUG] Accepted segment [8192:9216], variance=0.0424, QRS count=6
2025-10-09 11:54:24,429 [DEBUG] Accepted segment [8704:9728], variance=0.0459, QRS count=6
2025-10-09 11:54:24,433 [DEBUG] Accepted segment [9216:10240], variance=0.0427, QRS count=5
2025-10-09 11:54:24,436 [DEBUG] Accepted segment [9728:10752], variance=0.0465, QRS count=5
2025-10-09 11:54:24,440 [DEBUG] Accepted segment [10240:11264], variance=0.0452, QRS count=6
2025-10-09 11:54:24,444 [DEBUG] Accepted segment [10752:11776], variance=0.0496, QRS count=6
2025-10-09 11:54:24,447 [DEBUG] Accepted segment [11264:12288], variance=0.0525, QRS count=6
2025-10-09 11:54:24,451 [DEBUG] Accepted segment [11776:12800], variance=0.0397, QRS count=6
2025-10-09 11:54:24,454 [DEBUG] Accepted segment [12288:13312], variance=0.0377, QRS count=6
2025-10-09 11:54:24,458 [DEBUG] Accepted segment [12800:13824], variance=0.0388, QRS count=6
2025-10-09 11:54:24,461 [DEBUG] Accepted segment [13312:14336], variance=0.0378, QRS count=6
2025-10-09 11:54:24,465 [DEBUG] Accepted segment [13824:14848], variance=0.0385, QRS count=6
2025-10-09 11:54:24,468 [DEBUG] Accepted segment [14336:15360], variance=0.0398, QRS count=6
2025-10-09 11:54:24,472 [DEBUG] Accepted segment [14848:15872], variance=0.0393, QRS count=5
2025-10-09 11:54:24,475 [DEBUG] Accepted segment [15360:16384], variance=0.0346, QRS count=6
2025-10-09 11:54:24,479 [DEBUG] Accepted segment [15872:16896], variance=0.0356, QRS count=5
2025-10-09 11:54:24,482 [DEBUG] Accepted segment [16384:17408], variance=0.0412, QRS count=5
2025-10-09 11:54:24,486 [DEBUG] Accepted segment [16896:17920], variance=0.0429, QRS count=5
2025-10-09 11:54:24,489 [DEBUG] Accepted segment [17408:18432], variance=0.0438, QRS count=5
2025-10-09 11:54:24,493 [DEBUG] Accepted segment [17920:18944], variance=0.0445, QRS count=5
2025-10-09 11:54:24,496 [DEBUG] Accepted segment [18432:19456], variance=0.0446, QRS count=5
2025-10-09 11:54:24,500 [DEBUG] Accepted segment [18944:19968], variance=0.0441, QRS count=5
2025-10-09 11:54:24,503 [DEBUG] Accepted segment [19456:20480], variance=0.0441, QRS count=5
2025-10-09 11:54:24,506 [DEBUG] Accepted segment [19968:20992], variance=0.0429, QRS count=5
2025-10-09 11:54:24,510 [DEBUG] Accepted segment [20480:21504], variance=0.0406, QRS count=5
2025-10-09 11:54:24,513 [DEBUG] Accepted segment [20992:22016], variance=0.0402, QRS count=5
2025-10-09 11:54:24,517 [DEBUG] Accepted segment [21504:22528], variance=0.0406, QRS count=5
2025-10-09 11:54:24,520 [DEBUG] Accepted segment [22016:23040], variance=0.0405, QRS count=5
2025-10-09 11:54:24,524 [DEBUG] Accepted segment [22528:23552], variance=0.0406, QRS count=5
2025-10-09 11:54:24,527 [DEBUG] Accepted segment [23040:24064], variance=0.0412, QRS count=5
2025-10-09 11:54:24,531 [DEBUG] Accepted segment [23552:24576], variance=0.0423, QRS count=5
2025-10-09 11:54:24,534 [DEBUG] Accepted segment [24064:25088], variance=0.0420, QRS count=6
2025-10-09 11:54:24,537 [DEBUG] Accepted segment [24576:25600], variance=0.0412, QRS count=6
2025-10-09 11:54:24,541 [DEBUG] Accepted segment [25088:26112], variance=0.0412, QRS count=6
2025-10-09 11:54:24,544 [DEBUG] Accepted segment [25600:26624], variance=0.0407, QRS count=6
2025-10-09 11:54:24,548 [DEBUG] Accepted segment [26112:27136], variance=0.0394, QRS count=6
2025-10-09 11:54:24,551 [DEBUG] Accepted segment [26624:27648], variance=0.0471, QRS count=6
2025-10-09 11:54:24,555 [DEBUG] Accepted segment [27136:28160], variance=0.0493, QRS count=6
2025-10-09 11:54:24,558 [DEBUG] Accepted segment [27648:28672], variance=0.0420, QRS count=6
2025-10-09 11:54:24,562 [DEBUG] Accepted segment [28160:29184], variance=0.0394, QRS count=5
2025-10-09 11:54:24,565 [DEBUG] Accepted segment [28672:29696], variance=0.0345, QRS count=5
2025-10-09 11:54:24,568 [DEBUG] Accepted segment [29184:30208], variance=0.0353, QRS count=5
2025-10-09 11:54:24,572 [DEBUG] Accepted segment [29696:30720], variance=0.0395, QRS count=5
2025-10-09 11:54:24,575 [DEBUG] Accepted segment [30208:31232], variance=0.0400, QRS count=5
2025-10-09 11:54:24,579 [DEBUG] Accepted segment [30720:31744], variance=0.0419, QRS count=5
2025-10-09 11:54:24,582 [DEBUG] Accepted segment [31232:32256], variance=0.0425, QRS count=5
2025-10-09 11:54:24,585 [DEBUG] Accepted segment [31744:32768], variance=0.0409, QRS count=5
2025-10-09 11:54:24,589 [DEBUG] Accepted segment [32256:33280], variance=0.0398, QRS count=5
2025-10-09 11:54:24,592 [DEBUG] Accepted segment [32768:33792], variance=0.0410, QRS count=5
2025-10-09 11:54:24,596 [DEBUG] Accepted segment [33280:34304], variance=0.0416, QRS count=5
2025-10-09 11:54:24,599 [DEBUG] Accepted segment [33792:34816], variance=0.0405, QRS count=5
2025-10-09 11:54:24,603 [DEBUG] Accepted segment [34304:35328], variance=0.0395, QRS count=6
2025-10-09 11:54:24,606 [DEBUG] Accepted segment [34816:35840], variance=0.0397, QRS count=6
2025-10-09 11:54:24,610 [DEBUG] Accepted segment [35328:36352], variance=0.0419, QRS count=6
2025-10-09 11:54:24,613 [DEBUG] Accepted segment [35840:36864], variance=0.0427, QRS count=6
2025-10-09 11:54:24,617 [DEBUG] Accepted segment [36352:37376], variance=0.0419, QRS count=6
2025-10-09 11:54:24,621 [DEBUG] Accepted segment [36864:37888], variance=0.0411, QRS count=6
2025-10-09 11:54:24,625 [DEBUG] Accepted segment [37376:38400], variance=0.0402, QRS count=5
2025-10-09 11:54:24,628 [DEBUG] Accepted segment [37888:38912], variance=0.0358, QRS count=6
2025-10-09 11:54:24,632 [DEBUG] Accepted segment [38400:39424], variance=0.0363, QRS count=5
2025-10-09 11:54:24,635 [DEBUG] Accepted segment [38912:39936], variance=0.0418, QRS count=5
2025-10-09 11:54:24,639 [DEBUG] Accepted segment [39424:40448], variance=0.0436, QRS count=5
2025-10-09 11:54:24,643 [DEBUG] Accepted segment [39936:40960], variance=0.0433, QRS count=5
2025-10-09 11:54:24,646 [DEBUG] Accepted segment [40448:41472], variance=0.0420, QRS count=5
2025-10-09 11:54:24,650 [DEBUG] Accepted segment [40960:41984], variance=0.0409, QRS count=5
2025-10-09 11:54:24,653 [DEBUG] Accepted segment [41472:42496], variance=0.0399, QRS count=6
2025-10-09 11:54:24,657 [DEBUG] Accepted segment [41984:43008], variance=0.0410, QRS count=6
2025-10-09 11:54:24,661 [DEBUG] Accepted segment [42496:43520], variance=0.0423, QRS count=6
2025-10-09 11:54:24,664 [DEBUG] Accepted segment [43008:44032], variance=0.0413, QRS count=6
2025-10-09 11:54:24,668 [DEBUG] Accepted segment [43520:44544], variance=0.0393, QRS count=6
2025-10-09 11:54:24,671 [DEBUG] Accepted segment [44032:45056], variance=0.0401, QRS count=6
2025-10-09 11:54:24,675 [DEBUG] Accepted segment [44544:45568], variance=0.0421, QRS count=6
2025-10-09 11:54:24,679 [DEBUG] Accepted segment [45056:46080], variance=0.0420, QRS count=6
2025-10-09 11:54:24,682 [DEBUG] Accepted segment [45568:46592], variance=0.0406, QRS count=6
2025-10-09 11:54:24,686 [DEBUG] Accepted segment [46080:47104], variance=0.0402, QRS count=6
2025-10-09 11:54:24,689 [DEBUG] Accepted segment [46592:47616], variance=0.0409, QRS count=6
2025-10-09 11:54:24,693 [DEBUG] Accepted segment [47104:48128], variance=0.0409, QRS count=6
2025-10-09 11:54:24,697 [DEBUG] Accepted segment [47616:48640], variance=0.0406, QRS count=6
2025-10-09 11:54:24,700 [DEBUG] Accepted segment [48128:49152], variance=0.0408, QRS count=5
2025-10-09 11:54:24,704 [DEBUG] Accepted segment [48640:49664], variance=0.0422, QRS count=5
2025-10-09 11:54:24,707 [DEBUG] Accepted segment [49152:50176], variance=0.0407, QRS count=5
2025-10-09 11:54:24,711 [DEBUG] Accepted segment [49664:50688], variance=0.0342, QRS count=6
2025-10-09 11:54:24,715 [DEBUG] Accepted segment [50176:51200], variance=0.0361, QRS count=5
2025-10-09 11:54:24,718 [DEBUG] Accepted segment [50688:51712], variance=0.0422, QRS count=5
2025-10-09 11:54:24,721 [DEBUG] Accepted segment [51200:52224], variance=0.0421, QRS count=5
2025-10-09 11:54:24,725 [DEBUG] Accepted segment [51712:52736], variance=0.0413, QRS count=5
2025-10-09 11:54:24,728 [DEBUG] Accepted segment [52224:53248], variance=0.0424, QRS count=5
2025-10-09 11:54:24,731 [DEBUG] Accepted segment [52736:53760], variance=0.0428, QRS count=5
2025-10-09 11:54:24,734 [DEBUG] Accepted segment [53248:54272], variance=0.0407, QRS count=6
2025-10-09 11:54:24,738 [DEBUG] Accepted segment [53760:54784], variance=0.0401, QRS count=6
2025-10-09 11:54:24,741 [DEBUG] Accepted segment [54272:55296], variance=0.0403, QRS count=6
2025-10-09 11:54:24,744 [DEBUG] Accepted segment [54784:55808], variance=0.0409, QRS count=6
2025-10-09 11:54:24,748 [DEBUG] Accepted segment [55296:56320], variance=0.0409, QRS count=5
2025-10-09 11:54:24,751 [DEBUG] Accepted segment [55808:56832], variance=0.0340, QRS count=6
2025-10-09 11:54:24,754 [DEBUG] Accepted segment [56320:57344], variance=0.0343, QRS count=5
2025-10-09 11:54:24,758 [DEBUG] Accepted segment [56832:57856], variance=0.0403, QRS count=5
2025-10-09 11:54:24,761 [DEBUG] Accepted segment [57344:58368], variance=0.0385, QRS count=5
2025-10-09 11:54:24,764 [DEBUG] Accepted segment [57856:58880], variance=0.0381, QRS count=5
2025-10-09 11:54:24,768 [DEBUG] Accepted segment [58368:59392], variance=0.0402, QRS count=5
2025-10-09 11:54:24,771 [DEBUG] Accepted segment [58880:59904], variance=0.0411, QRS count=5
2025-10-09 11:54:24,774 [DEBUG] Accepted segment [59392:60416], variance=0.0399, QRS count=5
2025-10-09 11:54:24,778 [DEBUG] Accepted segment [59904:60928], variance=0.0400, QRS count=6
2025-10-09 11:54:24,781 [DEBUG] Accepted segment [60416:61440], variance=0.0408, QRS count=6
2025-10-09 11:54:24,784 [DEBUG] Accepted segment [60928:61952], variance=0.0404, QRS count=6
2025-10-09 11:54:24,787 [DEBUG] Accepted segment [61440:62464], variance=0.0402, QRS count=6
2025-10-09 11:54:24,790 [DEBUG] Accepted segment [61952:62976], variance=0.0393, QRS count=5
2025-10-09 11:54:24,794 [DEBUG] Accepted segment [62464:63488], variance=0.0352, QRS count=6
2025-10-09 11:54:24,797 [DEBUG] Accepted segment [62976:64000], variance=0.0403, QRS count=5
2025-10-09 11:54:24,800 [DEBUG] Accepted segment [63488:64512], variance=0.0450, QRS count=6
2025-10-09 11:54:24,803 [DEBUG] Accepted segment [64000:65024], variance=0.0414, QRS count=6
2025-10-09 11:54:24,807 [DEBUG] Accepted segment [64512:65536], variance=0.0425, QRS count=6
2025-10-09 11:54:24,810 [DEBUG] Accepted segment [65024:66048], variance=0.0414, QRS count=6
2025-10-09 11:54:24,813 [DEBUG] Accepted segment [65536:66560], variance=0.0358, QRS count=6
2025-10-09 11:54:24,816 [DEBUG] Accepted segment [66048:67072], variance=0.0355, QRS count=6
2025-10-09 11:54:24,820 [DEBUG] Accepted segment [66560:67584], variance=0.0398, QRS count=5
2025-10-09 11:54:24,823 [DEBUG] Accepted segment [67072:68096], variance=0.0410, QRS count=5
2025-10-09 11:54:24,826 [DEBUG] Accepted segment [67584:68608], variance=0.0393, QRS count=5
2025-10-09 11:54:24,829 [DEBUG] Accepted segment [68096:69120], variance=0.0400, QRS count=5
2025-10-09 11:54:24,833 [DEBUG] Accepted segment [68608:69632], variance=0.0419, QRS count=5
2025-10-09 11:54:24,836 [DEBUG] Accepted segment [69120:70144], variance=0.0409, QRS count=5
2025-10-09 11:54:24,839 [DEBUG] Accepted segment [69632:70656], variance=0.0407, QRS count=5
2025-10-09 11:54:24,843 [DEBUG] Accepted segment [70144:71168], variance=0.0428, QRS count=6
2025-10-09 11:54:24,846 [DEBUG] Accepted segment [70656:71680], variance=0.0434, QRS count=6
2025-10-09 11:54:24,849 [DEBUG] Accepted segment [71168:72192], variance=0.1024, QRS count=6
2025-10-09 11:54:24,852 [DEBUG] Accepted segment [71680:72704], variance=0.1012, QRS count=6
2025-10-09 11:54:24,855 [DEBUG] Accepted segment [72192:73216], variance=0.0421, QRS count=6
2025-10-09 11:54:24,858 [DEBUG] Accepted segment [72704:73728], variance=0.0443, QRS count=6
2025-10-09 11:54:24,862 [DEBUG] Accepted segment [73216:74240], variance=0.0363, QRS count=5
2025-10-09 11:54:24,865 [DEBUG] Accepted segment [73728:74752], variance=0.0346, QRS count=5
2025-10-09 11:54:24,868 [DEBUG] Accepted segment [74240:75264], variance=0.0419, QRS count=5
2025-10-09 11:54:24,872 [DEBUG] Accepted segment [74752:75776], variance=0.0424, QRS count=5
2025-10-09 11:54:24,875 [DEBUG] Accepted segment [75264:76288], variance=0.0417, QRS count=6
2025-10-09 11:54:24,878 [DEBUG] Accepted segment [75776:76800], variance=0.0351, QRS count=5
2025-10-09 11:54:24,881 [DEBUG] Accepted segment [76288:77312], variance=0.0362, QRS count=5
2025-10-09 11:54:24,884 [DEBUG] Accepted segment [76800:77824], variance=0.0426, QRS count=5
2025-10-09 11:54:24,888 [DEBUG] Accepted segment [77312:78336], variance=0.0413, QRS count=5
2025-10-09 11:54:24,891 [DEBUG] Accepted segment [77824:78848], variance=0.0425, QRS count=6
2025-10-09 11:54:24,894 [DEBUG] Accepted segment [78336:79360], variance=0.0376, QRS count=6
2025-10-09 11:54:24,898 [DEBUG] Accepted segment [78848:79872], variance=0.0357, QRS count=5
2025-10-09 11:54:24,901 [DEBUG] Accepted segment [79360:80384], variance=0.0419, QRS count=5
2025-10-09 11:54:24,904 [DEBUG] Accepted segment [79872:80896], variance=0.0437, QRS count=5
2025-10-09 11:54:24,907 [DEBUG] Accepted segment [80384:81408], variance=0.0438, QRS count=6
2025-10-09 11:54:24,911 [DEBUG] Accepted segment [80896:81920], variance=0.0365, QRS count=5
2025-10-09 11:54:24,914 [DEBUG] Accepted segment [81408:82432], variance=0.0377, QRS count=5
2025-10-09 11:54:24,917 [DEBUG] Accepted segment [81920:82944], variance=0.0453, QRS count=5
2025-10-09 11:54:24,920 [DEBUG] Accepted segment [82432:83456], variance=0.0444, QRS count=5
2025-10-09 11:54:24,923 [DEBUG] Accepted segment [82944:83968], variance=0.0439, QRS count=6
2025-10-09 11:54:24,927 [DEBUG] Accepted segment [83456:84480], variance=0.0381, QRS count=6
2025-10-09 11:54:24,930 [DEBUG] Accepted segment [83968:84992], variance=0.0375, QRS count=5
2025-10-09 11:54:24,933 [DEBUG] Accepted segment [84480:85504], variance=0.0438, QRS count=5
2025-10-09 11:54:24,936 [DEBUG] Accepted segment [84992:86016], variance=0.0450, QRS count=5
2025-10-09 11:54:24,939 [DEBUG] Accepted segment [85504:86528], variance=0.0438, QRS count=6
2025-10-09 11:54:24,943 [DEBUG] Accepted segment [86016:87040], variance=0.0395, QRS count=6
2025-10-09 11:54:24,946 [DEBUG] Accepted segment [86528:87552], variance=0.0371, QRS count=6
2025-10-09 11:54:24,949 [DEBUG] Accepted segment [87040:88064], variance=0.0333, QRS count=5
2025-10-09 11:54:24,952 [DEBUG] Accepted segment [87552:88576], variance=0.0367, QRS count=5
2025-10-09 11:54:24,955 [DEBUG] Accepted segment [88064:89088], variance=0.0441, QRS count=6
2025-10-09 11:54:24,958 [DEBUG] Accepted segment [88576:89600], variance=0.0408, QRS count=5
2025-10-09 11:54:24,962 [DEBUG] Accepted segment [89088:90112], variance=0.0355, QRS count=5
2025-10-09 11:54:24,965 [DEBUG] Accepted segment [89600:90624], variance=0.0369, QRS count=5
2025-10-09 11:54:24,968 [DEBUG] Accepted segment [90112:91136], variance=0.0406, QRS count=5
2025-10-09 11:54:24,971 [DEBUG] Accepted segment [90624:91648], variance=0.0398, QRS count=5
2025-10-09 11:54:24,974 [DEBUG] Accepted segment [91136:92160], variance=0.0410, QRS count=5
2025-10-09 11:54:24,977 [DEBUG] Accepted segment [91648:92672], variance=0.0432, QRS count=5
2025-10-09 11:54:24,981 [DEBUG] Accepted segment [92160:93184], variance=0.0428, QRS count=6
2025-10-09 11:54:24,984 [DEBUG] Accepted segment [92672:93696], variance=0.1231, QRS count=6
2025-10-09 11:54:24,987 [DEBUG] Accepted segment [93184:94208], variance=0.1247, QRS count=6
2025-10-09 11:54:24,990 [DEBUG] Accepted segment [93696:94720], variance=0.0461, QRS count=6
2025-10-09 11:54:24,993 [DEBUG] Accepted segment [94208:95232], variance=0.0474, QRS count=6
2025-10-09 11:54:24,997 [DEBUG] Accepted segment [94720:95744], variance=0.0470, QRS count=6
2025-10-09 11:54:25,000 [DEBUG] Accepted segment [95232:96256], variance=0.0389, QRS count=5
2025-10-09 11:54:25,003 [DEBUG] Accepted segment [95744:96768], variance=0.0370, QRS count=5
2025-10-09 11:54:25,006 [DEBUG] Accepted segment [96256:97280], variance=0.0435, QRS count=5
2025-10-09 11:54:25,009 [DEBUG] Accepted segment [96768:97792], variance=0.0446, QRS count=6
2025-10-09 11:54:25,013 [DEBUG] Accepted segment [97280:98304], variance=0.0436, QRS count=5
2025-10-09 11:54:25,016 [DEBUG] Accepted segment [97792:98816], variance=0.0419, QRS count=5
2025-10-09 11:54:25,019 [DEBUG] Accepted segment [98304:99328], variance=0.0424, QRS count=5
2025-10-09 11:54:25,022 [DEBUG] Accepted segment [98816:99840], variance=0.0469, QRS count=5
2025-10-09 11:54:25,025 [DEBUG] Accepted segment [99328:100352], variance=0.0437, QRS count=5
2025-10-09 11:54:25,028 [DEBUG] Accepted segment [99840:100864], variance=0.0338, QRS count=6
2025-10-09 11:54:25,032 [DEBUG] Accepted segment [100352:101376], variance=0.0349, QRS count=6
2025-10-09 11:54:25,035 [DEBUG] Accepted segment [100864:101888], variance=0.0390, QRS count=5
2025-10-09 11:54:25,038 [DEBUG] Accepted segment [101376:102400], variance=0.0407, QRS count=5
2025-10-09 11:54:25,041 [DEBUG] Accepted segment [101888:102912], variance=0.0429, QRS count=5
2025-10-09 11:54:25,044 [DEBUG] Accepted segment [102400:103424], variance=0.0422, QRS count=5
2025-10-09 11:54:25,048 [DEBUG] Accepted segment [102912:103936], variance=0.0401, QRS count=6
2025-10-09 11:54:25,051 [DEBUG] Accepted segment [103424:104448], variance=0.0405, QRS count=6
2025-10-09 11:54:25,054 [DEBUG] Accepted segment [103936:104960], variance=0.0415, QRS count=6
2025-10-09 11:54:25,057 [DEBUG] Accepted segment [104448:105472], variance=0.0408, QRS count=6
2025-10-09 11:54:25,060 [DEBUG] Accepted segment [104960:105984], variance=0.0404, QRS count=6
2025-10-09 11:54:25,060 [DEBUG] Skipping segment [105472:106496] due to overlap with noise [106400:107000]
2025-10-09 11:54:25,060 [DEBUG] Skipping segment [105984:107008] due to overlap with noise [106400:107000]
2025-10-09 11:54:25,060 [DEBUG] Skipping segment [106496:107520] due to overlap with noise [106400:107000]
2025-10-09 11:54:25,064 [DEBUG] Accepted segment [107008:108032], variance=0.0702, QRS count=6
2025-10-09 11:54:25,067 [DEBUG] Accepted segment [107520:108544], variance=0.0616, QRS count=6
2025-10-09 11:54:25,070 [DEBUG] Accepted segment [108032:109056], variance=0.0688, QRS count=7
2025-10-09 11:54:25,074 [DEBUG] Accepted segment [108544:109568], variance=0.0644, QRS count=6
2025-10-09 11:54:25,077 [DEBUG] Accepted segment [109056:110080], variance=0.0488, QRS count=6
2025-10-09 11:54:25,080 [DEBUG] Accepted segment [109568:110592], variance=0.0477, QRS count=6
2025-10-09 11:54:25,083 [DEBUG] Accepted segment [110080:111104], variance=0.0440, QRS count=6
2025-10-09 11:54:25,087 [DEBUG] Accepted segment [110592:111616], variance=0.0451, QRS count=7
2025-10-09 11:54:25,090 [DEBUG] Accepted segment [111104:112128], variance=0.0552, QRS count=6
2025-10-09 11:54:25,093 [DEBUG] Accepted segment [111616:112640], variance=0.0556, QRS count=6
2025-10-09 11:54:25,096 [DEBUG] Accepted segment [112128:113152], variance=0.0543, QRS count=6
2025-10-09 11:54:25,099 [DEBUG] Accepted segment [112640:113664], variance=0.0555, QRS count=6
2025-10-09 11:54:25,102 [DEBUG] Accepted segment [113152:114176], variance=0.0560, QRS count=5
2025-10-09 11:54:25,106 [DEBUG] Accepted segment [113664:114688], variance=0.0558, QRS count=5
2025-10-09 11:54:25,109 [DEBUG] Accepted segment [114176:115200], variance=0.0667, QRS count=5
2025-10-09 11:54:25,112 [DEBUG] Accepted segment [114688:115712], variance=0.0741, QRS count=6
2025-10-09 11:54:25,116 [DEBUG] Accepted segment [115200:116224], variance=0.0637, QRS count=6
2025-10-09 11:54:25,119 [DEBUG] Accepted segment [115712:116736], variance=0.0559, QRS count=6
2025-10-09 11:54:25,123 [DEBUG] Accepted segment [116224:117248], variance=0.0528, QRS count=6
2025-10-09 11:54:25,127 [DEBUG] Accepted segment [116736:117760], variance=0.0522, QRS count=5
2025-10-09 11:54:25,130 [DEBUG] Accepted segment [117248:118272], variance=0.0472, QRS count=6
2025-10-09 11:54:25,133 [DEBUG] Accepted segment [117760:118784], variance=0.0471, QRS count=5
2025-10-09 11:54:25,136 [DEBUG] Accepted segment [118272:119296], variance=0.0569, QRS count=5
2025-10-09 11:54:25,140 [DEBUG] Accepted segment [118784:119808], variance=0.0603, QRS count=5
2025-10-09 11:54:25,143 [DEBUG] Accepted segment [119296:120320], variance=0.0607, QRS count=5
2025-10-09 11:54:25,146 [DEBUG] Accepted segment [119808:120832], variance=0.0601, QRS count=6
2025-10-09 11:54:25,149 [DEBUG] Accepted segment [120320:121344], variance=0.0600, QRS count=6
2025-10-09 11:54:25,152 [DEBUG] Accepted segment [120832:121856], variance=0.0599, QRS count=6
2025-10-09 11:54:25,156 [DEBUG] Accepted segment [121344:122368], variance=0.0489, QRS count=5
2025-10-09 11:54:25,159 [DEBUG] Accepted segment [121856:122880], variance=0.0471, QRS count=5
2025-10-09 11:54:25,162 [DEBUG] Accepted segment [122368:123392], variance=0.0592, QRS count=5
2025-10-09 11:54:25,165 [DEBUG] Accepted segment [122880:123904], variance=0.0606, QRS count=5
2025-10-09 11:54:25,169 [DEBUG] Accepted segment [123392:124416], variance=0.0582, QRS count=5
2025-10-09 11:54:25,172 [DEBUG] Accepted segment [123904:124928], variance=0.0582, QRS count=6
2025-10-09 11:54:25,175 [DEBUG] Accepted segment [124416:125440], variance=0.0592, QRS count=6
2025-10-09 11:54:25,178 [DEBUG] Accepted segment [124928:125952], variance=0.0585, QRS count=5
2025-10-09 11:54:25,181 [DEBUG] Accepted segment [125440:126464], variance=0.0485, QRS count=5
2025-10-09 11:54:25,184 [DEBUG] Accepted segment [125952:126976], variance=0.0503, QRS count=5
2025-10-09 11:54:25,188 [DEBUG] Accepted segment [126464:127488], variance=0.0614, QRS count=5
2025-10-09 11:54:25,191 [DEBUG] Accepted segment [126976:128000], variance=0.0608, QRS count=5
2025-10-09 11:54:25,191 [INFO] Segmented signal of length 128000 into 246 valid segments
2025-10-09 11:54:25,515 [DEBUG] Accepted segment [0:1024], variance=0.0485, QRS count=5
2025-10-09 11:54:25,518 [DEBUG] Accepted segment [512:1536], variance=0.0603, QRS count=5
2025-10-09 11:54:25,520 [DEBUG] Accepted segment [1024:2048], variance=0.0717, QRS count=5
2025-10-09 11:54:25,523 [DEBUG] Accepted segment [1536:2560], variance=0.0797, QRS count=6
2025-10-09 11:54:25,526 [DEBUG] Accepted segment [2048:3072], variance=0.0709, QRS count=6
2025-10-09 11:54:25,529 [DEBUG] Accepted segment [2560:3584], variance=0.0522, QRS count=5
2025-10-09 11:54:25,531 [DEBUG] Accepted segment [3072:4096], variance=0.0484, QRS count=5
2025-10-09 11:54:25,534 [DEBUG] Accepted segment [3584:4608], variance=0.0533, QRS count=5
2025-10-09 11:54:25,537 [DEBUG] Accepted segment [4096:5120], variance=0.0519, QRS count=6
2025-10-09 11:54:25,539 [DEBUG] Accepted segment [4608:5632], variance=0.0539, QRS count=6
2025-10-09 11:54:25,542 [DEBUG] Accepted segment [5120:6144], variance=0.0559, QRS count=5
2025-10-09 11:54:25,545 [DEBUG] Accepted segment [5632:6656], variance=0.0539, QRS count=5
2025-10-09 11:54:25,548 [DEBUG] Accepted segment [6144:7168], variance=0.0528, QRS count=5
2025-10-09 11:54:25,551 [DEBUG] Accepted segment [6656:7680], variance=0.0470, QRS count=5
2025-10-09 11:54:25,554 [DEBUG] Accepted segment [7168:8192], variance=0.0480, QRS count=5
2025-10-09 11:54:25,556 [DEBUG] Accepted segment [7680:8704], variance=0.0566, QRS count=5
2025-10-09 11:54:25,559 [DEBUG] Accepted segment [8192:9216], variance=0.0601, QRS count=5
2025-10-09 11:54:25,562 [DEBUG] Accepted segment [8704:9728], variance=0.0621, QRS count=6
2025-10-09 11:54:25,565 [DEBUG] Accepted segment [9216:10240], variance=0.0520, QRS count=5
2025-10-09 11:54:25,568 [DEBUG] Accepted segment [9728:10752], variance=0.0495, QRS count=5
2025-10-09 11:54:25,570 [DEBUG] Accepted segment [10240:11264], variance=0.0569, QRS count=5
2025-10-09 11:54:25,573 [DEBUG] Accepted segment [10752:11776], variance=0.0581, QRS count=5
2025-10-09 11:54:25,576 [DEBUG] Accepted segment [11264:12288], variance=0.0586, QRS count=6
2025-10-09 11:54:25,580 [DEBUG] Accepted segment [11776:12800], variance=0.0491, QRS count=6
2025-10-09 11:54:25,583 [DEBUG] Accepted segment [12288:13312], variance=0.0499, QRS count=5
2025-10-09 11:54:25,586 [DEBUG] Accepted segment [12800:13824], variance=0.0607, QRS count=5
2025-10-09 11:54:25,588 [DEBUG] Accepted segment [13312:14336], variance=0.0595, QRS count=5
2025-10-09 11:54:25,591 [DEBUG] Accepted segment [13824:14848], variance=0.0566, QRS count=6
2025-10-09 11:54:25,594 [DEBUG] Accepted segment [14336:15360], variance=0.0585, QRS count=6
2025-10-09 11:54:25,597 [DEBUG] Accepted segment [14848:15872], variance=0.0575, QRS count=6
2025-10-09 11:54:25,600 [DEBUG] Accepted segment [15360:16384], variance=0.0520, QRS count=5
2025-10-09 11:54:25,602 [DEBUG] Accepted segment [15872:16896], variance=0.0511, QRS count=5
2025-10-09 11:54:25,605 [DEBUG] Accepted segment [16384:17408], variance=0.0506, QRS count=5
2025-10-09 11:54:25,608 [DEBUG] Accepted segment [16896:17920], variance=0.0476, QRS count=5
2025-10-09 11:54:25,611 [DEBUG] Accepted segment [17408:18432], variance=0.0447, QRS count=5
2025-10-09 11:54:25,613 [DEBUG] Accepted segment [17920:18944], variance=0.0474, QRS count=6
2025-10-09 11:54:25,616 [DEBUG] Accepted segment [18432:19456], variance=0.0513, QRS count=6
2025-10-09 11:54:25,619 [DEBUG] Accepted segment [18944:19968], variance=0.0520, QRS count=5
2025-10-09 11:54:25,622 [DEBUG] Accepted segment [19456:20480], variance=0.0518, QRS count=5
2025-10-09 11:54:25,625 [DEBUG] Accepted segment [19968:20992], variance=0.0535, QRS count=5
2025-10-09 11:54:25,627 [DEBUG] Accepted segment [20480:21504], variance=0.0570, QRS count=5
2025-10-09 11:54:25,630 [DEBUG] Accepted segment [20992:22016], variance=0.0584, QRS count=5
2025-10-09 11:54:25,633 [DEBUG] Accepted segment [21504:22528], variance=0.0589, QRS count=5
2025-10-09 11:54:25,636 [DEBUG] Accepted segment [22016:23040], variance=0.0598, QRS count=6
2025-10-09 11:54:25,638 [DEBUG] Accepted segment [22528:23552], variance=0.0604, QRS count=6
2025-10-09 11:54:25,641 [DEBUG] Accepted segment [23040:24064], variance=0.0594, QRS count=5
2025-10-09 11:54:25,644 [DEBUG] Accepted segment [23552:24576], variance=0.0598, QRS count=6
2025-10-09 11:54:25,647 [DEBUG] Accepted segment [24064:25088], variance=0.0620, QRS count=6
2025-10-09 11:54:25,650 [DEBUG] Accepted segment [24576:25600], variance=0.1251, QRS count=6
2025-10-09 11:54:25,652 [DEBUG] Accepted segment [25088:26112], variance=0.1270, QRS count=6
2025-10-09 11:54:25,655 [DEBUG] Accepted segment [25600:26624], variance=0.0756, QRS count=6
2025-10-09 11:54:25,658 [DEBUG] Accepted segment [26112:27136], variance=0.0709, QRS count=6
2025-10-09 11:54:25,661 [DEBUG] Accepted segment [26624:27648], variance=0.0589, QRS count=6
2025-10-09 11:54:25,664 [DEBUG] Accepted segment [27136:28160], variance=0.0584, QRS count=6
2025-10-09 11:54:25,666 [DEBUG] Accepted segment [27648:28672], variance=0.0565, QRS count=6
2025-10-09 11:54:25,669 [DEBUG] Accepted segment [28160:29184], variance=0.0559, QRS count=6
2025-10-09 11:54:25,672 [DEBUG] Accepted segment [28672:29696], variance=0.0563, QRS count=6
2025-10-09 11:54:25,675 [DEBUG] Accepted segment [29184:30208], variance=0.0540, QRS count=6
2025-10-09 11:54:25,678 [DEBUG] Accepted segment [29696:30720], variance=0.0480, QRS count=6
2025-10-09 11:54:25,680 [DEBUG] Accepted segment [30208:31232], variance=0.0466, QRS count=5
2025-10-09 11:54:25,683 [DEBUG] Accepted segment [30720:31744], variance=0.0484, QRS count=5
2025-10-09 11:54:25,686 [DEBUG] Accepted segment [31232:32256], variance=0.0523, QRS count=6
2025-10-09 11:54:25,689 [DEBUG] Accepted segment [31744:32768], variance=0.0579, QRS count=6
2025-10-09 11:54:25,692 [DEBUG] Accepted segment [32256:33280], variance=0.0605, QRS count=5
2025-10-09 11:54:25,694 [DEBUG] Accepted segment [32768:33792], variance=0.0593, QRS count=5
2025-10-09 11:54:25,697 [DEBUG] Accepted segment [33280:34304], variance=0.0577, QRS count=5
2025-10-09 11:54:25,700 [DEBUG] Accepted segment [33792:34816], variance=0.0579, QRS count=6
2025-10-09 11:54:25,703 [DEBUG] Accepted segment [34304:35328], variance=0.0569, QRS count=6
2025-10-09 11:54:25,706 [DEBUG] Accepted segment [34816:35840], variance=0.0569, QRS count=6
2025-10-09 11:54:25,708 [DEBUG] Accepted segment [35328:36352], variance=0.0586, QRS count=6
2025-10-09 11:54:25,711 [DEBUG] Accepted segment [35840:36864], variance=0.0496, QRS count=6
2025-10-09 11:54:25,714 [DEBUG] Accepted segment [36352:37376], variance=0.0498, QRS count=5
2025-10-09 11:54:25,717 [DEBUG] Accepted segment [36864:37888], variance=0.0598, QRS count=5
2025-10-09 11:54:25,720 [DEBUG] Accepted segment [37376:38400], variance=0.0608, QRS count=5
2025-10-09 11:54:25,722 [DEBUG] Accepted segment [37888:38912], variance=0.0619, QRS count=5
2025-10-09 11:54:25,725 [DEBUG] Accepted segment [38400:39424], variance=0.0603, QRS count=6
2025-10-09 11:54:25,728 [DEBUG] Accepted segment [38912:39936], variance=0.0589, QRS count=6
2025-10-09 11:54:25,731 [DEBUG] Accepted segment [39424:40448], variance=0.0607, QRS count=6
2025-10-09 11:54:25,734 [DEBUG] Accepted segment [39936:40960], variance=0.0523, QRS count=6
2025-10-09 11:54:25,737 [DEBUG] Accepted segment [40448:41472], variance=0.0519, QRS count=5
2025-10-09 11:54:25,739 [DEBUG] Accepted segment [40960:41984], variance=0.0605, QRS count=5
2025-10-09 11:54:25,742 [DEBUG] Accepted segment [41472:42496], variance=0.0594, QRS count=5
2025-10-09 11:54:25,745 [DEBUG] Accepted segment [41984:43008], variance=0.0573, QRS count=6
2025-10-09 11:54:25,748 [DEBUG] Accepted segment [42496:43520], variance=0.0570, QRS count=6
2025-10-09 11:54:25,750 [DEBUG] Accepted segment [43008:44032], variance=0.0501, QRS count=5
2025-10-09 11:54:25,753 [DEBUG] Accepted segment [43520:44544], variance=0.0484, QRS count=5
2025-10-09 11:54:25,756 [DEBUG] Accepted segment [44032:45056], variance=0.0558, QRS count=5
2025-10-09 11:54:25,759 [DEBUG] Accepted segment [44544:45568], variance=0.0570, QRS count=5
2025-10-09 11:54:25,762 [DEBUG] Accepted segment [45056:46080], variance=0.0533, QRS count=5
2025-10-09 11:54:25,764 [DEBUG] Accepted segment [45568:46592], variance=0.0483, QRS count=6
2025-10-09 11:54:25,767 [DEBUG] Accepted segment [46080:47104], variance=0.0507, QRS count=6
2025-10-09 11:54:25,770 [DEBUG] Accepted segment [46592:47616], variance=0.0576, QRS count=6
2025-10-09 11:54:25,773 [DEBUG] Accepted segment [47104:48128], variance=0.0606, QRS count=6
2025-10-09 11:54:25,776 [DEBUG] Accepted segment [47616:48640], variance=0.0595, QRS count=6
2025-10-09 11:54:25,779 [DEBUG] Accepted segment [48128:49152], variance=0.0510, QRS count=6
2025-10-09 11:54:25,781 [DEBUG] Accepted segment [48640:49664], variance=0.0516, QRS count=5
2025-10-09 11:54:25,784 [DEBUG] Accepted segment [49152:50176], variance=0.0585, QRS count=5
2025-10-09 11:54:25,787 [DEBUG] Accepted segment [49664:50688], variance=0.0584, QRS count=5
2025-10-09 11:54:25,790 [DEBUG] Accepted segment [50176:51200], variance=0.0589, QRS count=6
2025-10-09 11:54:25,793 [DEBUG] Accepted segment [50688:51712], variance=0.0584, QRS count=6
2025-10-09 11:54:25,795 [DEBUG] Accepted segment [51200:52224], variance=0.0501, QRS count=5
2025-10-09 11:54:25,798 [DEBUG] Accepted segment [51712:52736], variance=0.0509, QRS count=5
2025-10-09 11:54:25,801 [DEBUG] Accepted segment [52224:53248], variance=0.0593, QRS count=5
2025-10-09 11:54:25,804 [DEBUG] Accepted segment [52736:53760], variance=0.0583, QRS count=6
2025-10-09 11:54:25,806 [DEBUG] Accepted segment [53248:54272], variance=0.0595, QRS count=5
2025-10-09 11:54:25,809 [DEBUG] Accepted segment [53760:54784], variance=0.0531, QRS count=5
2025-10-09 11:54:25,812 [DEBUG] Accepted segment [54272:55296], variance=0.0531, QRS count=5
2025-10-09 11:54:25,815 [DEBUG] Accepted segment [54784:55808], variance=0.0593, QRS count=5
2025-10-09 11:54:25,817 [DEBUG] Accepted segment [55296:56320], variance=0.0602, QRS count=5
2025-10-09 11:54:25,820 [DEBUG] Accepted segment [55808:56832], variance=0.0621, QRS count=5
2025-10-09 11:54:25,823 [DEBUG] Accepted segment [56320:57344], variance=0.0596, QRS count=5
2025-10-09 11:54:25,826 [DEBUG] Accepted segment [56832:57856], variance=0.0563, QRS count=6
2025-10-09 11:54:25,829 [DEBUG] Accepted segment [57344:58368], variance=0.0567, QRS count=6
2025-10-09 11:54:25,832 [DEBUG] Accepted segment [57856:58880], variance=0.0583, QRS count=5
2025-10-09 11:54:25,835 [DEBUG] Accepted segment [58368:59392], variance=0.0492, QRS count=5
2025-10-09 11:54:25,837 [DEBUG] Accepted segment [58880:59904], variance=0.0492, QRS count=5
2025-10-09 11:54:25,840 [DEBUG] Accepted segment [59392:60416], variance=0.0592, QRS count=5
2025-10-09 11:54:25,843 [DEBUG] Accepted segment [59904:60928], variance=0.0586, QRS count=5
2025-10-09 11:54:25,845 [DEBUG] Accepted segment [60416:61440], variance=0.0579, QRS count=6
2025-10-09 11:54:25,848 [DEBUG] Accepted segment [60928:61952], variance=0.0584, QRS count=6
2025-10-09 11:54:25,851 [DEBUG] Accepted segment [61440:62464], variance=0.0588, QRS count=5
2025-10-09 11:54:25,854 [DEBUG] Accepted segment [61952:62976], variance=0.0565, QRS count=5
2025-10-09 11:54:25,857 [DEBUG] Accepted segment [62464:63488], variance=0.0485, QRS count=6
2025-10-09 11:54:25,859 [DEBUG] Accepted segment [62976:64000], variance=0.0508, QRS count=5
2025-10-09 11:54:25,862 [DEBUG] Accepted segment [63488:64512], variance=0.0608, QRS count=5
2025-10-09 11:54:25,865 [DEBUG] Accepted segment [64000:65024], variance=0.0619, QRS count=5
2025-10-09 11:54:25,868 [DEBUG] Accepted segment [64512:65536], variance=0.0587, QRS count=5
2025-10-09 11:54:25,870 [DEBUG] Accepted segment [65024:66048], variance=0.0603, QRS count=5
2025-10-09 11:54:25,873 [DEBUG] Accepted segment [65536:66560], variance=0.0623, QRS count=5
2025-10-09 11:54:25,876 [DEBUG] Accepted segment [66048:67072], variance=0.0612, QRS count=5
2025-10-09 11:54:25,879 [DEBUG] Accepted segment [66560:67584], variance=0.0614, QRS count=6
2025-10-09 11:54:25,881 [DEBUG] Accepted segment [67072:68096], variance=0.0627, QRS count=6
2025-10-09 11:54:25,884 [DEBUG] Accepted segment [67584:68608], variance=0.0535, QRS count=5
2025-10-09 11:54:25,887 [DEBUG] Accepted segment [68096:69120], variance=0.0529, QRS count=5
2025-10-09 11:54:25,889 [DEBUG] Accepted segment [68608:69632], variance=0.0620, QRS count=5
2025-10-09 11:54:25,892 [DEBUG] Accepted segment [69120:70144], variance=0.0512, QRS count=6
2025-10-09 11:54:25,895 [DEBUG] Accepted segment [69632:70656], variance=0.0508, QRS count=5
2025-10-09 11:54:25,898 [DEBUG] Accepted segment [70144:71168], variance=0.0623, QRS count=5
2025-10-09 11:54:25,900 [DEBUG] Accepted segment [70656:71680], variance=0.0649, QRS count=5
2025-10-09 11:54:25,903 [DEBUG] Accepted segment [71168:72192], variance=0.0649, QRS count=6
2025-10-09 11:54:25,906 [DEBUG] Accepted segment [71680:72704], variance=0.0643, QRS count=6
2025-10-09 11:54:25,909 [DEBUG] Accepted segment [72192:73216], variance=0.0546, QRS count=6
2025-10-09 11:54:25,911 [DEBUG] Accepted segment [72704:73728], variance=0.0550, QRS count=5
2025-10-09 11:54:25,914 [DEBUG] Accepted segment [73216:74240], variance=0.0646, QRS count=5
2025-10-09 11:54:25,917 [DEBUG] Accepted segment [73728:74752], variance=0.0630, QRS count=5
2025-10-09 11:54:25,920 [DEBUG] Accepted segment [74240:75264], variance=0.0623, QRS count=6
2025-10-09 11:54:25,923 [DEBUG] Accepted segment [74752:75776], variance=0.0621, QRS count=6
2025-10-09 11:54:25,925 [DEBUG] Accepted segment [75264:76288], variance=0.0509, QRS count=6
2025-10-09 11:54:25,928 [DEBUG] Accepted segment [75776:76800], variance=0.0518, QRS count=5
2025-10-09 11:54:25,931 [DEBUG] Accepted segment [76288:77312], variance=0.0641, QRS count=5
2025-10-09 11:54:25,934 [DEBUG] Accepted segment [76800:77824], variance=0.0659, QRS count=5
2025-10-09 11:54:25,936 [DEBUG] Accepted segment [77312:78336], variance=0.0647, QRS count=6
2025-10-09 11:54:25,939 [DEBUG] Accepted segment [77824:78848], variance=0.0543, QRS count=5
2025-10-09 11:54:25,942 [DEBUG] Accepted segment [78336:79360], variance=0.0534, QRS count=5
2025-10-09 11:54:25,945 [DEBUG] Accepted segment [78848:79872], variance=0.0600, QRS count=5
2025-10-09 11:54:25,947 [DEBUG] Accepted segment [79360:80384], variance=0.0605, QRS count=6
2025-10-09 11:54:25,950 [DEBUG] Accepted segment [79872:80896], variance=0.0530, QRS count=5
2025-10-09 11:54:25,953 [DEBUG] Accepted segment [80384:81408], variance=0.0525, QRS count=5
2025-10-09 11:54:25,955 [DEBUG] Accepted segment [80896:81920], variance=0.0614, QRS count=5
2025-10-09 11:54:25,958 [DEBUG] Accepted segment [81408:82432], variance=0.0623, QRS count=6
2025-10-09 11:54:25,961 [DEBUG] Accepted segment [81920:82944], variance=0.0606, QRS count=5
2025-10-09 11:54:25,963 [DEBUG] Accepted segment [82432:83456], variance=0.0508, QRS count=5
2025-10-09 11:54:25,966 [DEBUG] Accepted segment [82944:83968], variance=0.0525, QRS count=5
2025-10-09 11:54:25,969 [DEBUG] Accepted segment [83456:84480], variance=0.0618, QRS count=5
2025-10-09 11:54:25,972 [DEBUG] Accepted segment [83968:84992], variance=0.0601, QRS count=5
2025-10-09 11:54:25,974 [DEBUG] Accepted segment [84480:85504], variance=0.0589, QRS count=5
2025-10-09 11:54:25,977 [DEBUG] Accepted segment [84992:86016], variance=0.0579, QRS count=6
2025-10-09 11:54:25,980 [DEBUG] Accepted segment [85504:86528], variance=0.0604, QRS count=6
2025-10-09 11:54:25,982 [DEBUG] Accepted segment [86016:87040], variance=0.0538, QRS count=5
2025-10-09 11:54:25,985 [DEBUG] Accepted segment [86528:87552], variance=0.0515, QRS count=5
2025-10-09 11:54:25,988 [DEBUG] Accepted segment [87040:88064], variance=0.0609, QRS count=5
2025-10-09 11:54:25,991 [DEBUG] Accepted segment [87552:88576], variance=0.0617, QRS count=5
2025-10-09 11:54:25,993 [DEBUG] Accepted segment [88064:89088], variance=0.0498, QRS count=5
2025-10-09 11:54:25,996 [DEBUG] Accepted segment [88576:89600], variance=0.0489, QRS count=5
2025-10-09 11:54:25,999 [DEBUG] Accepted segment [89088:90112], variance=0.0603, QRS count=5
2025-10-09 11:54:26,002 [DEBUG] Accepted segment [89600:90624], variance=0.0612, QRS count=6
2025-10-09 11:54:26,004 [DEBUG] Accepted segment [90112:91136], variance=0.0612, QRS count=6
2025-10-09 11:54:26,007 [DEBUG] Accepted segment [90624:91648], variance=0.0535, QRS count=5
2025-10-09 11:54:26,010 [DEBUG] Accepted segment [91136:92160], variance=0.0552, QRS count=5
2025-10-09 11:54:26,012 [DEBUG] Accepted segment [91648:92672], variance=0.0635, QRS count=5
2025-10-09 11:54:26,015 [DEBUG] Accepted segment [92160:93184], variance=0.0609, QRS count=5
2025-10-09 11:54:26,018 [DEBUG] Accepted segment [92672:93696], variance=0.0534, QRS count=6
2025-10-09 11:54:26,021 [DEBUG] Accepted segment [93184:94208], variance=0.0553, QRS count=5
2025-10-09 11:54:26,023 [DEBUG] Accepted segment [93696:94720], variance=0.0625, QRS count=5
2025-10-09 11:54:26,026 [DEBUG] Accepted segment [94208:95232], variance=0.0619, QRS count=5
2025-10-09 11:54:26,029 [DEBUG] Accepted segment [94720:95744], variance=0.0629, QRS count=6
2025-10-09 11:54:26,031 [DEBUG] Accepted segment [95232:96256], variance=0.0528, QRS count=5
2025-10-09 11:54:26,034 [DEBUG] Accepted segment [95744:96768], variance=0.0525, QRS count=5
2025-10-09 11:54:26,037 [DEBUG] Accepted segment [96256:97280], variance=0.0625, QRS count=5
2025-10-09 11:54:26,040 [DEBUG] Accepted segment [96768:97792], variance=0.0602, QRS count=6
2025-10-09 11:54:26,042 [DEBUG] Accepted segment [97280:98304], variance=0.0574, QRS count=6
2025-10-09 11:54:26,045 [DEBUG] Accepted segment [97792:98816], variance=0.0569, QRS count=6
2025-10-09 11:54:26,048 [DEBUG] Accepted segment [98304:99328], variance=0.0501, QRS count=6
2025-10-09 11:54:26,051 [DEBUG] Accepted segment [98816:99840], variance=0.0510, QRS count=5
2025-10-09 11:54:26,053 [DEBUG] Accepted segment [99328:100352], variance=0.0579, QRS count=5
2025-10-09 11:54:26,056 [DEBUG] Accepted segment [99840:100864], variance=0.0583, QRS count=5
2025-10-09 11:54:26,059 [DEBUG] Accepted segment [100352:101376], variance=0.0604, QRS count=5
2025-10-09 11:54:26,062 [DEBUG] Accepted segment [100864:101888], variance=0.0593, QRS count=6
2025-10-09 11:54:26,064 [DEBUG] Accepted segment [101376:102400], variance=0.0568, QRS count=6
2025-10-09 11:54:26,067 [DEBUG] Accepted segment [101888:102912], variance=0.0552, QRS count=6
2025-10-09 11:54:26,070 [DEBUG] Accepted segment [102400:103424], variance=0.0554, QRS count=6
2025-10-09 11:54:26,073 [DEBUG] Accepted segment [102912:103936], variance=0.0574, QRS count=6
2025-10-09 11:54:26,076 [DEBUG] Accepted segment [103424:104448], variance=0.0576, QRS count=5
2025-10-09 11:54:26,079 [DEBUG] Accepted segment [103936:104960], variance=0.0472, QRS count=6
2025-10-09 11:54:26,082 [DEBUG] Accepted segment [104448:105472], variance=0.0462, QRS count=5
2025-10-09 11:54:26,085 [DEBUG] Accepted segment [104960:105984], variance=0.0554, QRS count=5
2025-10-09 11:54:26,088 [DEBUG] Accepted segment [105472:106496], variance=0.0562, QRS count=5
2025-10-09 11:54:26,091 [DEBUG] Accepted segment [105984:107008], variance=0.0543, QRS count=5
2025-10-09 11:54:26,094 [DEBUG] Accepted segment [106496:107520], variance=0.0518, QRS count=5
2025-10-09 11:54:26,096 [DEBUG] Accepted segment [107008:108032], variance=0.0523, QRS count=5
2025-10-09 11:54:26,099 [DEBUG] Accepted segment [107520:108544], variance=0.0539, QRS count=5
2025-10-09 11:54:26,102 [DEBUG] Accepted segment [108032:109056], variance=0.0543, QRS count=5
2025-10-09 11:54:26,105 [DEBUG] Accepted segment [108544:109568], variance=0.0531, QRS count=6
2025-10-09 11:54:26,108 [DEBUG] Accepted segment [109056:110080], variance=0.0515, QRS count=6
2025-10-09 11:54:26,110 [DEBUG] Accepted segment [109568:110592], variance=0.0521, QRS count=6
2025-10-09 11:54:26,113 [DEBUG] Accepted segment [110080:111104], variance=0.1279, QRS count=6
2025-10-09 11:54:26,116 [DEBUG] Accepted segment [110592:111616], variance=0.1293, QRS count=5
2025-10-09 11:54:26,119 [DEBUG] Accepted segment [111104:112128], variance=0.0552, QRS count=6
2025-10-09 11:54:26,122 [DEBUG] Accepted segment [111616:112640], variance=0.0537, QRS count=6
2025-10-09 11:54:26,125 [DEBUG] Accepted segment [112128:113152], variance=0.0532, QRS count=6
2025-10-09 11:54:26,127 [DEBUG] Accepted segment [112640:113664], variance=0.0558, QRS count=6
2025-10-09 11:54:26,130 [DEBUG] Accepted segment [113152:114176], variance=0.0582, QRS count=5
2025-10-09 11:54:26,133 [DEBUG] Accepted segment [113664:114688], variance=0.0514, QRS count=6
2025-10-09 11:54:26,136 [DEBUG] Accepted segment [114176:115200], variance=0.0525, QRS count=5
2025-10-09 11:54:26,139 [DEBUG] Accepted segment [114688:115712], variance=0.0596, QRS count=5
2025-10-09 11:54:26,142 [DEBUG] Accepted segment [115200:116224], variance=0.0584, QRS count=5
2025-10-09 11:54:26,147 [DEBUG] Accepted segment [115712:116736], variance=0.0515, QRS count=6
2025-10-09 11:54:26,152 [DEBUG] Accepted segment [116224:117248], variance=0.0530, QRS count=5
2025-10-09 11:54:26,156 [DEBUG] Accepted segment [116736:117760], variance=0.0609, QRS count=5
2025-10-09 11:54:26,161 [DEBUG] Accepted segment [117248:118272], variance=0.0628, QRS count=5
2025-10-09 11:54:26,166 [DEBUG] Accepted segment [117760:118784], variance=0.0637, QRS count=6
2025-10-09 11:54:26,172 [DEBUG] Accepted segment [118272:119296], variance=0.0609, QRS count=6
2025-10-09 11:54:26,177 [DEBUG] Accepted segment [118784:119808], variance=0.0506, QRS count=6
2025-10-09 11:54:26,178 [DEBUG] Skipping segment [119296:120320] due to overlap with noise [120200:120500]
2025-10-09 11:54:26,178 [DEBUG] Skipping segment [119808:120832] due to overlap with noise [120200:120500]
2025-10-09 11:54:26,178 [DEBUG] Skipping segment [120320:121344] due to overlap with noise [120200:120500]
2025-10-09 11:54:26,183 [DEBUG] Accepted segment [120832:121856], variance=0.0428, QRS count=6
2025-10-09 11:54:26,189 [DEBUG] Accepted segment [121344:122368], variance=0.0406, QRS count=6
2025-10-09 11:54:26,195 [DEBUG] Accepted segment [121856:122880], variance=0.0365, QRS count=6
2025-10-09 11:54:26,200 [DEBUG] Accepted segment [122368:123392], variance=0.0401, QRS count=5
2025-10-09 11:54:26,206 [DEBUG] Accepted segment [122880:123904], variance=0.0464, QRS count=6
2025-10-09 11:54:26,211 [DEBUG] Accepted segment [123392:124416], variance=0.0520, QRS count=6
2025-10-09 11:54:26,217 [DEBUG] Accepted segment [123904:124928], variance=0.0439, QRS count=5
2025-10-09 11:54:26,223 [DEBUG] Accepted segment [124416:125440], variance=0.0354, QRS count=5
2025-10-09 11:54:26,231 [DEBUG] Accepted segment [124928:125952], variance=0.0386, QRS count=5
2025-10-09 11:54:26,236 [DEBUG] Accepted segment [125440:126464], variance=0.0365, QRS count=5
2025-10-09 11:54:26,243 [DEBUG] Accepted segment [125952:126976], variance=0.0365, QRS count=6
2025-10-09 11:54:26,249 [DEBUG] Accepted segment [126464:127488], variance=0.0327, QRS count=5
2025-10-09 11:54:26,254 [DEBUG] Accepted segment [126976:128000], variance=0.0324, QRS count=5
2025-10-09 11:54:26,255 [INFO] Segmented signal of length 128000 into 246 valid segments
2025-10-09 11:54:34,618 [DEBUG] Accepted segment [0:1024], variance=0.0401, QRS count=6
2025-10-09 11:54:34,649 [DEBUG] Accepted segment [512:1536], variance=0.0419, QRS count=6
2025-10-09 11:54:34,677 [DEBUG] Accepted segment [1024:2048], variance=0.0415, QRS count=6
2025-10-09 11:54:34,702 [DEBUG] Accepted segment [1536:2560], variance=0.0390, QRS count=6
2025-10-09 11:54:34,732 [DEBUG] Accepted segment [2048:3072], variance=0.0377, QRS count=6
2025-10-09 11:54:34,752 [DEBUG] Accepted segment [2560:3584], variance=0.0409, QRS count=6
2025-10-09 11:54:34,775 [DEBUG] Accepted segment [3072:4096], variance=0.0414, QRS count=5
2025-10-09 11:54:34,793 [DEBUG] Accepted segment [3584:4608], variance=0.0384, QRS count=5
2025-10-09 11:54:34,809 [DEBUG] Accepted segment [4096:5120], variance=0.0392, QRS count=5
2025-10-09 11:54:34,827 [DEBUG] Accepted segment [4608:5632], variance=0.0402, QRS count=5
2025-10-09 11:54:34,843 [DEBUG] Accepted segment [5120:6144], variance=0.0394, QRS count=5
2025-10-09 11:54:34,859 [DEBUG] Accepted segment [5632:6656], variance=0.0395, QRS count=5
2025-10-09 11:54:34,875 [DEBUG] Accepted segment [6144:7168], variance=0.0415, QRS count=5
2025-10-09 11:54:34,893 [DEBUG] Accepted segment [6656:7680], variance=0.0433, QRS count=5
2025-10-09 11:54:34,913 [DEBUG] Accepted segment [7168:8192], variance=0.0412, QRS count=5
2025-10-09 11:54:34,930 [DEBUG] Accepted segment [7680:8704], variance=0.0387, QRS count=6
2025-10-09 11:54:34,949 [DEBUG] Accepted segment [8192:9216], variance=0.0424, QRS count=6
2025-10-09 11:54:34,963 [DEBUG] Accepted segment [8704:9728], variance=0.0459, QRS count=6
2025-10-09 11:54:34,983 [DEBUG] Accepted segment [9216:10240], variance=0.0427, QRS count=5
2025-10-09 11:54:35,014 [DEBUG] Accepted segment [9728:10752], variance=0.0465, QRS count=5
2025-10-09 11:54:35,035 [DEBUG] Accepted segment [10240:11264], variance=0.0452, QRS count=6
2025-10-09 11:54:35,066 [DEBUG] Accepted segment [10752:11776], variance=0.0496, QRS count=6
2025-10-09 11:54:35,091 [DEBUG] Accepted segment [11264:12288], variance=0.0525, QRS count=6
2025-10-09 11:54:35,121 [DEBUG] Accepted segment [11776:12800], variance=0.0397, QRS count=6
2025-10-09 11:54:35,151 [DEBUG] Accepted segment [12288:13312], variance=0.0377, QRS count=6
2025-10-09 11:54:35,185 [DEBUG] Accepted segment [12800:13824], variance=0.0388, QRS count=6
2025-10-09 11:54:35,215 [DEBUG] Accepted segment [13312:14336], variance=0.0378, QRS count=6
2025-10-09 11:54:35,246 [DEBUG] Accepted segment [13824:14848], variance=0.0385, QRS count=6
2025-10-09 11:54:35,269 [DEBUG] Accepted segment [14336:15360], variance=0.0398, QRS count=6
2025-10-09 11:54:35,295 [DEBUG] Accepted segment [14848:15872], variance=0.0393, QRS count=5
2025-10-09 11:54:35,324 [DEBUG] Accepted segment [15360:16384], variance=0.0346, QRS count=6
2025-10-09 11:54:35,350 [DEBUG] Accepted segment [15872:16896], variance=0.0356, QRS count=5
2025-10-09 11:54:35,379 [DEBUG] Accepted segment [16384:17408], variance=0.0412, QRS count=5
2025-10-09 11:54:35,411 [DEBUG] Accepted segment [16896:17920], variance=0.0429, QRS count=5
2025-10-09 11:54:35,440 [DEBUG] Accepted segment [17408:18432], variance=0.0438, QRS count=5
2025-10-09 11:54:35,480 [DEBUG] Accepted segment [17920:18944], variance=0.0445, QRS count=5
2025-10-09 11:54:35,507 [DEBUG] Accepted segment [18432:19456], variance=0.0446, QRS count=5
2025-10-09 11:54:35,533 [DEBUG] Accepted segment [18944:19968], variance=0.0441, QRS count=5
2025-10-09 11:54:35,567 [DEBUG] Accepted segment [19456:20480], variance=0.0441, QRS count=5
2025-10-09 11:54:35,589 [DEBUG] Accepted segment [19968:20992], variance=0.0429, QRS count=5
2025-10-09 11:54:35,610 [DEBUG] Accepted segment [20480:21504], variance=0.0406, QRS count=5
2025-10-09 11:54:35,640 [DEBUG] Accepted segment [20992:22016], variance=0.0402, QRS count=5
2025-10-09 11:54:35,664 [DEBUG] Accepted segment [21504:22528], variance=0.0406, QRS count=5
2025-10-09 11:54:35,695 [DEBUG] Accepted segment [22016:23040], variance=0.0405, QRS count=5
2025-10-09 11:54:35,717 [DEBUG] Accepted segment [22528:23552], variance=0.0406, QRS count=5
2025-10-09 11:54:35,739 [DEBUG] Accepted segment [23040:24064], variance=0.0412, QRS count=5
2025-10-09 11:54:35,767 [DEBUG] Accepted segment [23552:24576], variance=0.0423, QRS count=5
2025-10-09 11:54:35,786 [DEBUG] Accepted segment [24064:25088], variance=0.0420, QRS count=6
2025-10-09 11:54:35,804 [DEBUG] Accepted segment [24576:25600], variance=0.0412, QRS count=6
2025-10-09 11:54:35,822 [DEBUG] Accepted segment [25088:26112], variance=0.0412, QRS count=6
2025-10-09 11:54:35,838 [DEBUG] Accepted segment [25600:26624], variance=0.0407, QRS count=6
2025-10-09 11:54:35,855 [DEBUG] Accepted segment [26112:27136], variance=0.0394, QRS count=6
2025-10-09 11:54:35,872 [DEBUG] Accepted segment [26624:27648], variance=0.0471, QRS count=6
2025-10-09 11:54:35,888 [DEBUG] Accepted segment [27136:28160], variance=0.0493, QRS count=6
2025-10-09 11:54:35,904 [DEBUG] Accepted segment [27648:28672], variance=0.0420, QRS count=6
2025-10-09 11:54:35,919 [DEBUG] Accepted segment [28160:29184], variance=0.0394, QRS count=5
2025-10-09 11:54:35,933 [DEBUG] Accepted segment [28672:29696], variance=0.0345, QRS count=5
2025-10-09 11:54:35,946 [DEBUG] Accepted segment [29184:30208], variance=0.0353, QRS count=5
2025-10-09 11:54:35,958 [DEBUG] Accepted segment [29696:30720], variance=0.0395, QRS count=5
2025-10-09 11:54:35,970 [DEBUG] Accepted segment [30208:31232], variance=0.0400, QRS count=5
2025-10-09 11:54:35,981 [DEBUG] Accepted segment [30720:31744], variance=0.0419, QRS count=5
2025-10-09 11:54:35,992 [DEBUG] Accepted segment [31232:32256], variance=0.0425, QRS count=5
2025-10-09 11:54:36,004 [DEBUG] Accepted segment [31744:32768], variance=0.0409, QRS count=5
2025-10-09 11:54:36,015 [DEBUG] Accepted segment [32256:33280], variance=0.0398, QRS count=5
2025-10-09 11:54:36,026 [DEBUG] Accepted segment [32768:33792], variance=0.0410, QRS count=5
2025-10-09 11:54:36,037 [DEBUG] Accepted segment [33280:34304], variance=0.0416, QRS count=5
2025-10-09 11:54:36,049 [DEBUG] Accepted segment [33792:34816], variance=0.0405, QRS count=5
2025-10-09 11:54:36,060 [DEBUG] Accepted segment [34304:35328], variance=0.0395, QRS count=6
2025-10-09 11:54:36,071 [DEBUG] Accepted segment [34816:35840], variance=0.0397, QRS count=6
2025-10-09 11:54:36,084 [DEBUG] Accepted segment [35328:36352], variance=0.0419, QRS count=6
2025-10-09 11:54:36,096 [DEBUG] Accepted segment [35840:36864], variance=0.0427, QRS count=6
2025-10-09 11:54:36,106 [DEBUG] Accepted segment [36352:37376], variance=0.0419, QRS count=6
2025-10-09 11:54:36,116 [DEBUG] Accepted segment [36864:37888], variance=0.0411, QRS count=6
2025-10-09 11:54:36,126 [DEBUG] Accepted segment [37376:38400], variance=0.0402, QRS count=5
2025-10-09 11:54:36,136 [DEBUG] Accepted segment [37888:38912], variance=0.0358, QRS count=6
2025-10-09 11:54:36,146 [DEBUG] Accepted segment [38400:39424], variance=0.0363, QRS count=5
2025-10-09 11:54:36,156 [DEBUG] Accepted segment [38912:39936], variance=0.0418, QRS count=5
2025-10-09 11:54:36,169 [DEBUG] Accepted segment [39424:40448], variance=0.0436, QRS count=5
2025-10-09 11:54:36,180 [DEBUG] Accepted segment [39936:40960], variance=0.0433, QRS count=5
2025-10-09 11:54:36,190 [DEBUG] Accepted segment [40448:41472], variance=0.0420, QRS count=5
2025-10-09 11:54:36,200 [DEBUG] Accepted segment [40960:41984], variance=0.0409, QRS count=5
2025-10-09 11:54:36,209 [DEBUG] Accepted segment [41472:42496], variance=0.0399, QRS count=6
2025-10-09 11:54:36,218 [DEBUG] Accepted segment [41984:43008], variance=0.0410, QRS count=6
2025-10-09 11:54:36,227 [DEBUG] Accepted segment [42496:43520], variance=0.0423, QRS count=6
2025-10-09 11:54:36,236 [DEBUG] Accepted segment [43008:44032], variance=0.0413, QRS count=6
2025-10-09 11:54:36,245 [DEBUG] Accepted segment [43520:44544], variance=0.0393, QRS count=6
2025-10-09 11:54:36,254 [DEBUG] Accepted segment [44032:45056], variance=0.0401, QRS count=6
2025-10-09 11:54:36,263 [DEBUG] Accepted segment [44544:45568], variance=0.0421, QRS count=6
2025-10-09 11:54:36,275 [DEBUG] Accepted segment [45056:46080], variance=0.0420, QRS count=6
2025-10-09 11:54:36,291 [DEBUG] Accepted segment [45568:46592], variance=0.0406, QRS count=6
2025-10-09 11:54:36,303 [DEBUG] Accepted segment [46080:47104], variance=0.0402, QRS count=6
2025-10-09 11:54:36,311 [DEBUG] Accepted segment [46592:47616], variance=0.0409, QRS count=6
2025-10-09 11:54:36,319 [DEBUG] Accepted segment [47104:48128], variance=0.0409, QRS count=6
2025-10-09 11:54:36,327 [DEBUG] Accepted segment [47616:48640], variance=0.0406, QRS count=6
2025-10-09 11:54:36,335 [DEBUG] Accepted segment [48128:49152], variance=0.0408, QRS count=5
2025-10-09 11:54:36,343 [DEBUG] Accepted segment [48640:49664], variance=0.0422, QRS count=5
2025-10-09 11:54:36,351 [DEBUG] Accepted segment [49152:50176], variance=0.0407, QRS count=5
2025-10-09 11:54:36,359 [DEBUG] Accepted segment [49664:50688], variance=0.0342, QRS count=6
2025-10-09 11:54:36,367 [DEBUG] Accepted segment [50176:51200], variance=0.0361, QRS count=5
2025-10-09 11:54:36,375 [DEBUG] Accepted segment [50688:51712], variance=0.0422, QRS count=5
2025-10-09 11:54:36,383 [DEBUG] Accepted segment [51200:52224], variance=0.0421, QRS count=5
2025-10-09 11:54:36,391 [DEBUG] Accepted segment [51712:52736], variance=0.0413, QRS count=5
2025-10-09 11:54:36,399 [DEBUG] Accepted segment [52224:53248], variance=0.0424, QRS count=5
2025-10-09 11:54:36,406 [DEBUG] Accepted segment [52736:53760], variance=0.0428, QRS count=5
2025-10-09 11:54:36,414 [DEBUG] Accepted segment [53248:54272], variance=0.0407, QRS count=6
2025-10-09 11:54:36,422 [DEBUG] Accepted segment [53760:54784], variance=0.0401, QRS count=6
2025-10-09 11:54:36,429 [DEBUG] Accepted segment [54272:55296], variance=0.0403, QRS count=6
2025-10-09 11:54:36,436 [DEBUG] Accepted segment [54784:55808], variance=0.0409, QRS count=6
2025-10-09 11:54:36,443 [DEBUG] Accepted segment [55296:56320], variance=0.0409, QRS count=5
2025-10-09 11:54:36,450 [DEBUG] Accepted segment [55808:56832], variance=0.0340, QRS count=6
2025-10-09 11:54:36,459 [DEBUG] Accepted segment [56320:57344], variance=0.0343, QRS count=5
2025-10-09 11:54:36,467 [DEBUG] Accepted segment [56832:57856], variance=0.0403, QRS count=5
2025-10-09 11:54:36,474 [DEBUG] Accepted segment [57344:58368], variance=0.0385, QRS count=5
2025-10-09 11:54:36,482 [DEBUG] Accepted segment [57856:58880], variance=0.0381, QRS count=5
2025-10-09 11:54:36,490 [DEBUG] Accepted segment [58368:59392], variance=0.0402, QRS count=5
2025-10-09 11:54:36,498 [DEBUG] Accepted segment [58880:59904], variance=0.0411, QRS count=5
2025-10-09 11:54:36,505 [DEBUG] Accepted segment [59392:60416], variance=0.0399, QRS count=5
2025-10-09 11:54:36,512 [DEBUG] Accepted segment [59904:60928], variance=0.0400, QRS count=6
2025-10-09 11:54:36,521 [DEBUG] Accepted segment [60416:61440], variance=0.0408, QRS count=6
2025-10-09 11:54:36,528 [DEBUG] Accepted segment [60928:61952], variance=0.0404, QRS count=6
2025-10-09 11:54:36,535 [DEBUG] Accepted segment [61440:62464], variance=0.0402, QRS count=6
2025-10-09 11:54:36,542 [DEBUG] Accepted segment [61952:62976], variance=0.0393, QRS count=5
2025-10-09 11:54:36,550 [DEBUG] Accepted segment [62464:63488], variance=0.0352, QRS count=6
2025-10-09 11:54:36,557 [DEBUG] Accepted segment [62976:64000], variance=0.0403, QRS count=5
2025-10-09 11:54:36,570 [DEBUG] Accepted segment [63488:64512], variance=0.0450, QRS count=6
2025-10-09 11:54:36,583 [DEBUG] Accepted segment [64000:65024], variance=0.0414, QRS count=6
2025-10-09 11:54:36,595 [DEBUG] Accepted segment [64512:65536], variance=0.0425, QRS count=6
2025-10-09 11:54:36,607 [DEBUG] Accepted segment [65024:66048], variance=0.0414, QRS count=6
2025-10-09 11:54:36,618 [DEBUG] Accepted segment [65536:66560], variance=0.0358, QRS count=6
2025-10-09 11:54:36,630 [DEBUG] Accepted segment [66048:67072], variance=0.0355, QRS count=6
2025-10-09 11:54:36,642 [DEBUG] Accepted segment [66560:67584], variance=0.0398, QRS count=5
2025-10-09 11:54:36,653 [DEBUG] Accepted segment [67072:68096], variance=0.0410, QRS count=5
2025-10-09 11:54:36,659 [DEBUG] Accepted segment [67584:68608], variance=0.0393, QRS count=5
2025-10-09 11:54:36,666 [DEBUG] Accepted segment [68096:69120], variance=0.0400, QRS count=5
2025-10-09 11:54:36,672 [DEBUG] Accepted segment [68608:69632], variance=0.0419, QRS count=5
2025-10-09 11:54:36,679 [DEBUG] Accepted segment [69120:70144], variance=0.0409, QRS count=5
2025-10-09 11:54:36,685 [DEBUG] Accepted segment [69632:70656], variance=0.0407, QRS count=5
2025-10-09 11:54:36,692 [DEBUG] Accepted segment [70144:71168], variance=0.0428, QRS count=6
2025-10-09 11:54:36,699 [DEBUG] Accepted segment [70656:71680], variance=0.0434, QRS count=6
2025-10-09 11:54:36,705 [DEBUG] Accepted segment [71168:72192], variance=0.1024, QRS count=6
2025-10-09 11:54:36,712 [DEBUG] Accepted segment [71680:72704], variance=0.1012, QRS count=6
2025-10-09 11:54:36,718 [DEBUG] Accepted segment [72192:73216], variance=0.0421, QRS count=6
2025-10-09 11:54:36,725 [DEBUG] Accepted segment [72704:73728], variance=0.0443, QRS count=6
2025-10-09 11:54:36,732 [DEBUG] Accepted segment [73216:74240], variance=0.0363, QRS count=5
2025-10-09 11:54:36,740 [DEBUG] Accepted segment [73728:74752], variance=0.0346, QRS count=5
2025-10-09 11:54:36,747 [DEBUG] Accepted segment [74240:75264], variance=0.0419, QRS count=5
2025-10-09 11:54:36,754 [DEBUG] Accepted segment [74752:75776], variance=0.0424, QRS count=5
2025-10-09 11:54:36,760 [DEBUG] Accepted segment [75264:76288], variance=0.0417, QRS count=6
2025-10-09 11:54:36,767 [DEBUG] Accepted segment [75776:76800], variance=0.0351, QRS count=5
2025-10-09 11:54:36,775 [DEBUG] Accepted segment [76288:77312], variance=0.0362, QRS count=5
2025-10-09 11:54:36,783 [DEBUG] Accepted segment [76800:77824], variance=0.0426, QRS count=5
2025-10-09 11:54:36,792 [DEBUG] Accepted segment [77312:78336], variance=0.0413, QRS count=5
2025-10-09 11:54:36,799 [DEBUG] Accepted segment [77824:78848], variance=0.0425, QRS count=6
2025-10-09 11:54:36,806 [DEBUG] Accepted segment [78336:79360], variance=0.0376, QRS count=6
2025-10-09 11:54:36,814 [DEBUG] Accepted segment [78848:79872], variance=0.0357, QRS count=5
2025-10-09 11:54:36,821 [DEBUG] Accepted segment [79360:80384], variance=0.0419, QRS count=5
2025-10-09 11:54:36,829 [DEBUG] Accepted segment [79872:80896], variance=0.0437, QRS count=5
2025-10-09 11:54:36,838 [DEBUG] Accepted segment [80384:81408], variance=0.0438, QRS count=6
2025-10-09 11:54:36,848 [DEBUG] Accepted segment [80896:81920], variance=0.0365, QRS count=5
2025-10-09 11:54:36,856 [DEBUG] Accepted segment [81408:82432], variance=0.0377, QRS count=5
2025-10-09 11:54:36,865 [DEBUG] Accepted segment [81920:82944], variance=0.0453, QRS count=5
2025-10-09 11:54:36,872 [DEBUG] Accepted segment [82432:83456], variance=0.0444, QRS count=5
2025-10-09 11:54:36,879 [DEBUG] Accepted segment [82944:83968], variance=0.0439, QRS count=6
2025-10-09 11:54:36,886 [DEBUG] Accepted segment [83456:84480], variance=0.0381, QRS count=6
2025-10-09 11:54:36,896 [DEBUG] Accepted segment [83968:84992], variance=0.0375, QRS count=5
2025-10-09 11:54:36,905 [DEBUG] Accepted segment [84480:85504], variance=0.0438, QRS count=5
2025-10-09 11:54:36,918 [DEBUG] Accepted segment [84992:86016], variance=0.0450, QRS count=5
2025-10-09 11:54:36,931 [DEBUG] Accepted segment [85504:86528], variance=0.0438, QRS count=6
2025-10-09 11:54:36,942 [DEBUG] Accepted segment [86016:87040], variance=0.0395, QRS count=6
2025-10-09 11:54:36,950 [DEBUG] Accepted segment [86528:87552], variance=0.0371, QRS count=6
2025-10-09 11:54:36,957 [DEBUG] Accepted segment [87040:88064], variance=0.0333, QRS count=5
2025-10-09 11:54:36,965 [DEBUG] Accepted segment [87552:88576], variance=0.0367, QRS count=5
2025-10-09 11:54:36,973 [DEBUG] Accepted segment [88064:89088], variance=0.0441, QRS count=6
2025-10-09 11:54:36,980 [DEBUG] Accepted segment [88576:89600], variance=0.0408, QRS count=5
2025-10-09 11:54:36,988 [DEBUG] Accepted segment [89088:90112], variance=0.0355, QRS count=5
2025-10-09 11:54:36,994 [DEBUG] Accepted segment [89600:90624], variance=0.0369, QRS count=5
2025-10-09 11:54:37,002 [DEBUG] Accepted segment [90112:91136], variance=0.0406, QRS count=5
2025-10-09 11:54:37,013 [DEBUG] Accepted segment [90624:91648], variance=0.0398, QRS count=5
2025-10-09 11:54:37,023 [DEBUG] Accepted segment [91136:92160], variance=0.0410, QRS count=5
2025-10-09 11:54:37,031 [DEBUG] Accepted segment [91648:92672], variance=0.0432, QRS count=5
2025-10-09 11:54:37,039 [DEBUG] Accepted segment [92160:93184], variance=0.0428, QRS count=6
2025-10-09 11:54:37,052 [DEBUG] Accepted segment [92672:93696], variance=0.1231, QRS count=6
2025-10-09 11:54:37,061 [DEBUG] Accepted segment [93184:94208], variance=0.1247, QRS count=6
2025-10-09 11:54:37,073 [DEBUG] Accepted segment [93696:94720], variance=0.0461, QRS count=6
2025-10-09 11:54:37,084 [DEBUG] Accepted segment [94208:95232], variance=0.0474, QRS count=6
2025-10-09 11:54:37,097 [DEBUG] Accepted segment [94720:95744], variance=0.0470, QRS count=6
2025-10-09 11:54:37,107 [DEBUG] Accepted segment [95232:96256], variance=0.0389, QRS count=5
2025-10-09 11:54:37,119 [DEBUG] Accepted segment [95744:96768], variance=0.0370, QRS count=5
2025-10-09 11:54:37,127 [DEBUG] Accepted segment [96256:97280], variance=0.0435, QRS count=5
2025-10-09 11:54:37,137 [DEBUG] Accepted segment [96768:97792], variance=0.0446, QRS count=6
2025-10-09 11:54:37,144 [DEBUG] Accepted segment [97280:98304], variance=0.0436, QRS count=5
2025-10-09 11:54:37,153 [DEBUG] Accepted segment [97792:98816], variance=0.0419, QRS count=5
2025-10-09 11:54:37,160 [DEBUG] Accepted segment [98304:99328], variance=0.0424, QRS count=5
2025-10-09 11:54:37,170 [DEBUG] Accepted segment [98816:99840], variance=0.0469, QRS count=5
2025-10-09 11:54:37,183 [DEBUG] Accepted segment [99328:100352], variance=0.0437, QRS count=5
2025-10-09 11:54:37,193 [DEBUG] Accepted segment [99840:100864], variance=0.0338, QRS count=6
2025-10-09 11:54:37,205 [DEBUG] Accepted segment [100352:101376], variance=0.0349, QRS count=6
2025-10-09 11:54:37,216 [DEBUG] Accepted segment [100864:101888], variance=0.0390, QRS count=5
2025-10-09 11:54:37,228 [DEBUG] Accepted segment [101376:102400], variance=0.0407, QRS count=5
2025-10-09 11:54:37,244 [DEBUG] Accepted segment [101888:102912], variance=0.0429, QRS count=5
2025-10-09 11:54:37,257 [DEBUG] Accepted segment [102400:103424], variance=0.0422, QRS count=5
2025-10-09 11:54:37,274 [DEBUG] Accepted segment [102912:103936], variance=0.0401, QRS count=6
2025-10-09 11:54:37,287 [DEBUG] Accepted segment [103424:104448], variance=0.0405, QRS count=6
2025-10-09 11:54:37,301 [DEBUG] Accepted segment [103936:104960], variance=0.0415, QRS count=6
2025-10-09 11:54:37,311 [DEBUG] Accepted segment [104448:105472], variance=0.0408, QRS count=6
2025-10-09 11:54:37,320 [DEBUG] Accepted segment [104960:105984], variance=0.0404, QRS count=6
2025-10-09 11:54:37,320 [DEBUG] Skipping segment [105472:106496] due to overlap with noise [106400:107000]
2025-10-09 11:54:37,321 [DEBUG] Skipping segment [105984:107008] due to overlap with noise [106400:107000]
2025-10-09 11:54:37,321 [DEBUG] Skipping segment [106496:107520] due to overlap with noise [106400:107000]
2025-10-09 11:54:37,334 [DEBUG] Accepted segment [107008:108032], variance=0.0702, QRS count=6
2025-10-09 11:54:37,342 [DEBUG] Accepted segment [107520:108544], variance=0.0616, QRS count=6
2025-10-09 11:54:37,354 [DEBUG] Accepted segment [108032:109056], variance=0.0688, QRS count=7
2025-10-09 11:54:37,364 [DEBUG] Accepted segment [108544:109568], variance=0.0644, QRS count=6
2025-10-09 11:54:37,376 [DEBUG] Accepted segment [109056:110080], variance=0.0488, QRS count=6
2025-10-09 11:54:37,388 [DEBUG] Accepted segment [109568:110592], variance=0.0477, QRS count=6
2025-10-09 11:54:37,398 [DEBUG] Accepted segment [110080:111104], variance=0.0440, QRS count=6
2025-10-09 11:54:37,410 [DEBUG] Accepted segment [110592:111616], variance=0.0451, QRS count=7
2025-10-09 11:54:37,420 [DEBUG] Accepted segment [111104:112128], variance=0.0552, QRS count=6
2025-10-09 11:54:37,428 [DEBUG] Accepted segment [111616:112640], variance=0.0556, QRS count=6
2025-10-09 11:54:37,436 [DEBUG] Accepted segment [112128:113152], variance=0.0543, QRS count=6
2025-10-09 11:54:37,450 [DEBUG] Accepted segment [112640:113664], variance=0.0555, QRS count=6
2025-10-09 11:54:37,458 [DEBUG] Accepted segment [113152:114176], variance=0.0560, QRS count=5
2025-10-09 11:54:37,466 [DEBUG] Accepted segment [113664:114688], variance=0.0558, QRS count=5
2025-10-09 11:54:37,475 [DEBUG] Accepted segment [114176:115200], variance=0.0667, QRS count=5
2025-10-09 11:54:37,487 [DEBUG] Accepted segment [114688:115712], variance=0.0741, QRS count=6
2025-10-09 11:54:37,499 [DEBUG] Accepted segment [115200:116224], variance=0.0637, QRS count=6
2025-10-09 11:54:37,511 [DEBUG] Accepted segment [115712:116736], variance=0.0559, QRS count=6
2025-10-09 11:54:37,521 [DEBUG] Accepted segment [116224:117248], variance=0.0528, QRS count=6
2025-10-09 11:54:37,531 [DEBUG] Accepted segment [116736:117760], variance=0.0522, QRS count=5
2025-10-09 11:54:37,545 [DEBUG] Accepted segment [117248:118272], variance=0.0472, QRS count=6
2025-10-09 11:54:37,555 [DEBUG] Accepted segment [117760:118784], variance=0.0471, QRS count=5
2025-10-09 11:54:37,563 [DEBUG] Accepted segment [118272:119296], variance=0.0569, QRS count=5
2025-10-09 11:54:37,574 [DEBUG] Accepted segment [118784:119808], variance=0.0603, QRS count=5
2025-10-09 11:54:37,584 [DEBUG] Accepted segment [119296:120320], variance=0.0607, QRS count=5
2025-10-09 11:54:37,592 [DEBUG] Accepted segment [119808:120832], variance=0.0601, QRS count=6
2025-10-09 11:54:37,602 [DEBUG] Accepted segment [120320:121344], variance=0.0600, QRS count=6
2025-10-09 11:54:37,610 [DEBUG] Accepted segment [120832:121856], variance=0.0599, QRS count=6
2025-10-09 11:54:37,623 [DEBUG] Accepted segment [121344:122368], variance=0.0489, QRS count=5
2025-10-09 11:54:37,635 [DEBUG] Accepted segment [121856:122880], variance=0.0471, QRS count=5
2025-10-09 11:54:37,644 [DEBUG] Accepted segment [122368:123392], variance=0.0592, QRS count=5
2025-10-09 11:54:37,656 [DEBUG] Accepted segment [122880:123904], variance=0.0606, QRS count=5
2025-10-09 11:54:37,667 [DEBUG] Accepted segment [123392:124416], variance=0.0582, QRS count=5
2025-10-09 11:54:37,676 [DEBUG] Accepted segment [123904:124928], variance=0.0582, QRS count=6
2025-10-09 11:54:37,685 [DEBUG] Accepted segment [124416:125440], variance=0.0592, QRS count=6
2025-10-09 11:54:37,696 [DEBUG] Accepted segment [124928:125952], variance=0.0585, QRS count=5
2025-10-09 11:54:37,709 [DEBUG] Accepted segment [125440:126464], variance=0.0485, QRS count=5
2025-10-09 11:54:37,720 [DEBUG] Accepted segment [125952:126976], variance=0.0503, QRS count=5
2025-10-09 11:54:37,732 [DEBUG] Accepted segment [126464:127488], variance=0.0614, QRS count=5
2025-10-09 11:54:37,742 [DEBUG] Accepted segment [126976:128000], variance=0.0608, QRS count=5
2025-10-09 11:54:37,743 [INFO] Segmented signal of length 128000 into 246 valid segments
2025-10-09 11:54:44,292 [DEBUG] Accepted segment [0:1024], variance=0.0485, QRS count=5
2025-10-09 11:54:44,322 [DEBUG] Accepted segment [512:1536], variance=0.0603, QRS count=5
2025-10-09 11:54:44,352 [DEBUG] Accepted segment [1024:2048], variance=0.0717, QRS count=5
2025-10-09 11:54:44,388 [DEBUG] Accepted segment [1536:2560], variance=0.0797, QRS count=6
2025-10-09 11:54:44,410 [DEBUG] Accepted segment [2048:3072], variance=0.0709, QRS count=6
2025-10-09 11:54:44,436 [DEBUG] Accepted segment [2560:3584], variance=0.0522, QRS count=5
2025-10-09 11:54:44,468 [DEBUG] Accepted segment [3072:4096], variance=0.0484, QRS count=5
2025-10-09 11:54:44,499 [DEBUG] Accepted segment [3584:4608], variance=0.0533, QRS count=5
2025-10-09 11:54:44,536 [DEBUG] Accepted segment [4096:5120], variance=0.0519, QRS count=6
2025-10-09 11:54:44,568 [DEBUG] Accepted segment [4608:5632], variance=0.0539, QRS count=6
2025-10-09 11:54:44,614 [DEBUG] Accepted segment [5120:6144], variance=0.0559, QRS count=5
2025-10-09 11:54:44,666 [DEBUG] Accepted segment [5632:6656], variance=0.0539, QRS count=5
2025-10-09 11:54:44,711 [DEBUG] Accepted segment [6144:7168], variance=0.0528, QRS count=5
2025-10-09 11:54:44,741 [DEBUG] Accepted segment [6656:7680], variance=0.0470, QRS count=5
2025-10-09 11:54:44,779 [DEBUG] Accepted segment [7168:8192], variance=0.0480, QRS count=5
2025-10-09 11:54:44,814 [DEBUG] Accepted segment [7680:8704], variance=0.0566, QRS count=5
2025-10-09 11:54:44,866 [DEBUG] Accepted segment [8192:9216], variance=0.0601, QRS count=5
2025-10-09 11:54:44,905 [DEBUG] Accepted segment [8704:9728], variance=0.0621, QRS count=6
2025-10-09 11:54:44,953 [DEBUG] Accepted segment [9216:10240], variance=0.0520, QRS count=5
2025-10-09 11:54:45,002 [DEBUG] Accepted segment [9728:10752], variance=0.0495, QRS count=5
2025-10-09 11:54:45,053 [DEBUG] Accepted segment [10240:11264], variance=0.0569, QRS count=5
2025-10-09 11:54:45,086 [DEBUG] Accepted segment [10752:11776], variance=0.0581, QRS count=5
2025-10-09 11:54:45,121 [DEBUG] Accepted segment [11264:12288], variance=0.0586, QRS count=6
2025-10-09 11:54:45,167 [DEBUG] Accepted segment [11776:12800], variance=0.0491, QRS count=6
2025-10-09 11:54:45,203 [DEBUG] Accepted segment [12288:13312], variance=0.0499, QRS count=5
2025-10-09 11:54:45,236 [DEBUG] Accepted segment [12800:13824], variance=0.0607, QRS count=5
2025-10-09 11:54:45,266 [DEBUG] Accepted segment [13312:14336], variance=0.0595, QRS count=5
2025-10-09 11:54:45,308 [DEBUG] Accepted segment [13824:14848], variance=0.0566, QRS count=6
2025-10-09 11:54:45,327 [DEBUG] Accepted segment [14336:15360], variance=0.0585, QRS count=6
2025-10-09 11:54:45,347 [DEBUG] Accepted segment [14848:15872], variance=0.0575, QRS count=6
2025-10-09 11:54:45,368 [DEBUG] Accepted segment [15360:16384], variance=0.0520, QRS count=5
2025-10-09 11:54:45,388 [DEBUG] Accepted segment [15872:16896], variance=0.0511, QRS count=5
2025-10-09 11:54:45,407 [DEBUG] Accepted segment [16384:17408], variance=0.0506, QRS count=5
2025-10-09 11:54:45,430 [DEBUG] Accepted segment [16896:17920], variance=0.0476, QRS count=5
2025-10-09 11:54:45,450 [DEBUG] Accepted segment [17408:18432], variance=0.0447, QRS count=5
2025-10-09 11:54:45,473 [DEBUG] Accepted segment [17920:18944], variance=0.0474, QRS count=6
2025-10-09 11:54:45,497 [DEBUG] Accepted segment [18432:19456], variance=0.0513, QRS count=6
2025-10-09 11:54:45,525 [DEBUG] Accepted segment [18944:19968], variance=0.0520, QRS count=5
2025-10-09 11:54:45,552 [DEBUG] Accepted segment [19456:20480], variance=0.0518, QRS count=5
2025-10-09 11:54:45,577 [DEBUG] Accepted segment [19968:20992], variance=0.0535, QRS count=5
2025-10-09 11:54:45,601 [DEBUG] Accepted segment [20480:21504], variance=0.0570, QRS count=5
2025-10-09 11:54:45,620 [DEBUG] Accepted segment [20992:22016], variance=0.0584, QRS count=5
2025-10-09 11:54:45,642 [DEBUG] Accepted segment [21504:22528], variance=0.0589, QRS count=5
2025-10-09 11:54:45,664 [DEBUG] Accepted segment [22016:23040], variance=0.0598, QRS count=6
2025-10-09 11:54:45,685 [DEBUG] Accepted segment [22528:23552], variance=0.0604, QRS count=6
2025-10-09 11:54:45,713 [DEBUG] Accepted segment [23040:24064], variance=0.0594, QRS count=5
2025-10-09 11:54:45,741 [DEBUG] Accepted segment [23552:24576], variance=0.0598, QRS count=6
2025-10-09 11:54:45,764 [DEBUG] Accepted segment [24064:25088], variance=0.0620, QRS count=6
2025-10-09 11:54:45,791 [DEBUG] Accepted segment [24576:25600], variance=0.1251, QRS count=6
2025-10-09 11:54:45,815 [DEBUG] Accepted segment [25088:26112], variance=0.1270, QRS count=6
2025-10-09 11:54:45,839 [DEBUG] Accepted segment [25600:26624], variance=0.0756, QRS count=6
2025-10-09 11:54:45,868 [DEBUG] Accepted segment [26112:27136], variance=0.0709, QRS count=6
2025-10-09 11:54:45,897 [DEBUG] Accepted segment [26624:27648], variance=0.0589, QRS count=6
2025-10-09 11:54:45,929 [DEBUG] Accepted segment [27136:28160], variance=0.0584, QRS count=6
2025-10-09 11:54:45,955 [DEBUG] Accepted segment [27648:28672], variance=0.0565, QRS count=6
2025-10-09 11:54:45,984 [DEBUG] Accepted segment [28160:29184], variance=0.0559, QRS count=6
2025-10-09 11:54:46,018 [DEBUG] Accepted segment [28672:29696], variance=0.0563, QRS count=6
2025-10-09 11:54:46,053 [DEBUG] Accepted segment [29184:30208], variance=0.0540, QRS count=6
2025-10-09 11:54:46,084 [DEBUG] Accepted segment [29696:30720], variance=0.0480, QRS count=6
2025-10-09 11:54:46,117 [DEBUG] Accepted segment [30208:31232], variance=0.0466, QRS count=5
2025-10-09 11:54:46,143 [DEBUG] Accepted segment [30720:31744], variance=0.0484, QRS count=5
2025-10-09 11:54:46,180 [DEBUG] Accepted segment [31232:32256], variance=0.0523, QRS count=6
2025-10-09 11:54:46,212 [DEBUG] Accepted segment [31744:32768], variance=0.0579, QRS count=6
2025-10-09 11:54:46,234 [DEBUG] Accepted segment [32256:33280], variance=0.0605, QRS count=5
2025-10-09 11:54:46,262 [DEBUG] Accepted segment [32768:33792], variance=0.0593, QRS count=5
2025-10-09 11:54:46,291 [DEBUG] Accepted segment [33280:34304], variance=0.0577, QRS count=5
2025-10-09 11:54:46,313 [DEBUG] Accepted segment [33792:34816], variance=0.0579, QRS count=6
2025-10-09 11:54:46,338 [DEBUG] Accepted segment [34304:35328], variance=0.0569, QRS count=6
2025-10-09 11:54:46,378 [DEBUG] Accepted segment [34816:35840], variance=0.0569, QRS count=6
2025-10-09 11:54:46,411 [DEBUG] Accepted segment [35328:36352], variance=0.0586, QRS count=6
2025-10-09 11:54:46,428 [DEBUG] Accepted segment [35840:36864], variance=0.0496, QRS count=6
2025-10-09 11:54:46,442 [DEBUG] Accepted segment [36352:37376], variance=0.0498, QRS count=5
2025-10-09 11:54:46,454 [DEBUG] Accepted segment [36864:37888], variance=0.0598, QRS count=5
2025-10-09 11:54:46,464 [DEBUG] Accepted segment [37376:38400], variance=0.0608, QRS count=5
2025-10-09 11:54:46,477 [DEBUG] Accepted segment [37888:38912], variance=0.0619, QRS count=5
2025-10-09 11:54:46,488 [DEBUG] Accepted segment [38400:39424], variance=0.0603, QRS count=6
2025-10-09 11:54:46,501 [DEBUG] Accepted segment [38912:39936], variance=0.0589, QRS count=6
2025-10-09 11:54:46,512 [DEBUG] Accepted segment [39424:40448], variance=0.0607, QRS count=6
2025-10-09 11:54:46,523 [DEBUG] Accepted segment [39936:40960], variance=0.0523, QRS count=6
2025-10-09 11:54:46,533 [DEBUG] Accepted segment [40448:41472], variance=0.0519, QRS count=5
2025-10-09 11:54:46,543 [DEBUG] Accepted segment [40960:41984], variance=0.0605, QRS count=5
2025-10-09 11:54:46,554 [DEBUG] Accepted segment [41472:42496], variance=0.0594, QRS count=5
2025-10-09 11:54:46,563 [DEBUG] Accepted segment [41984:43008], variance=0.0573, QRS count=6
2025-10-09 11:54:46,574 [DEBUG] Accepted segment [42496:43520], variance=0.0570, QRS count=6
2025-10-09 11:54:46,585 [DEBUG] Accepted segment [43008:44032], variance=0.0501, QRS count=5
2025-10-09 11:54:46,594 [DEBUG] Accepted segment [43520:44544], variance=0.0484, QRS count=5
2025-10-09 11:54:46,604 [DEBUG] Accepted segment [44032:45056], variance=0.0558, QRS count=5
2025-10-09 11:54:46,614 [DEBUG] Accepted segment [44544:45568], variance=0.0570, QRS count=5
2025-10-09 11:54:46,622 [DEBUG] Accepted segment [45056:46080], variance=0.0533, QRS count=5
2025-10-09 11:54:46,631 [DEBUG] Accepted segment [45568:46592], variance=0.0483, QRS count=6
2025-10-09 11:54:46,640 [DEBUG] Accepted segment [46080:47104], variance=0.0507, QRS count=6
2025-10-09 11:54:46,650 [DEBUG] Accepted segment [46592:47616], variance=0.0576, QRS count=6
2025-10-09 11:54:46,660 [DEBUG] Accepted segment [47104:48128], variance=0.0606, QRS count=6
2025-10-09 11:54:46,670 [DEBUG] Accepted segment [47616:48640], variance=0.0595, QRS count=6
2025-10-09 11:54:46,679 [DEBUG] Accepted segment [48128:49152], variance=0.0510, QRS count=6
2025-10-09 11:54:46,688 [DEBUG] Accepted segment [48640:49664], variance=0.0516, QRS count=5
2025-10-09 11:54:46,697 [DEBUG] Accepted segment [49152:50176], variance=0.0585, QRS count=5
2025-10-09 11:54:46,706 [DEBUG] Accepted segment [49664:50688], variance=0.0584, QRS count=5
2025-10-09 11:54:46,714 [DEBUG] Accepted segment [50176:51200], variance=0.0589, QRS count=6
2025-10-09 11:54:46,722 [DEBUG] Accepted segment [50688:51712], variance=0.0584, QRS count=6
2025-10-09 11:54:46,730 [DEBUG] Accepted segment [51200:52224], variance=0.0501, QRS count=5
2025-10-09 11:54:46,739 [DEBUG] Accepted segment [51712:52736], variance=0.0509, QRS count=5
2025-10-09 11:54:46,748 [DEBUG] Accepted segment [52224:53248], variance=0.0593, QRS count=5
2025-10-09 11:54:46,756 [DEBUG] Accepted segment [52736:53760], variance=0.0583, QRS count=6
2025-10-09 11:54:46,764 [DEBUG] Accepted segment [53248:54272], variance=0.0595, QRS count=5
2025-10-09 11:54:46,773 [DEBUG] Accepted segment [53760:54784], variance=0.0531, QRS count=5
2025-10-09 11:54:46,781 [DEBUG] Accepted segment [54272:55296], variance=0.0531, QRS count=5
2025-10-09 11:54:46,789 [DEBUG] Accepted segment [54784:55808], variance=0.0593, QRS count=5
2025-10-09 11:54:46,798 [DEBUG] Accepted segment [55296:56320], variance=0.0602, QRS count=5
2025-10-09 11:54:46,806 [DEBUG] Accepted segment [55808:56832], variance=0.0621, QRS count=5
2025-10-09 11:54:46,814 [DEBUG] Accepted segment [56320:57344], variance=0.0596, QRS count=5
2025-10-09 11:54:46,822 [DEBUG] Accepted segment [56832:57856], variance=0.0563, QRS count=6
2025-10-09 11:54:46,830 [DEBUG] Accepted segment [57344:58368], variance=0.0567, QRS count=6
2025-10-09 11:54:46,838 [DEBUG] Accepted segment [57856:58880], variance=0.0583, QRS count=5
2025-10-09 11:54:46,847 [DEBUG] Accepted segment [58368:59392], variance=0.0492, QRS count=5
2025-10-09 11:54:46,855 [DEBUG] Accepted segment [58880:59904], variance=0.0492, QRS count=5
2025-10-09 11:54:46,863 [DEBUG] Accepted segment [59392:60416], variance=0.0592, QRS count=5
2025-10-09 11:54:46,871 [DEBUG] Accepted segment [59904:60928], variance=0.0586, QRS count=5
2025-10-09 11:54:46,879 [DEBUG] Accepted segment [60416:61440], variance=0.0579, QRS count=6
2025-10-09 11:54:46,887 [DEBUG] Accepted segment [60928:61952], variance=0.0584, QRS count=6
2025-10-09 11:54:46,895 [DEBUG] Accepted segment [61440:62464], variance=0.0588, QRS count=5
2025-10-09 11:54:46,902 [DEBUG] Accepted segment [61952:62976], variance=0.0565, QRS count=5
2025-10-09 11:54:46,910 [DEBUG] Accepted segment [62464:63488], variance=0.0485, QRS count=6
2025-10-09 11:54:46,918 [DEBUG] Accepted segment [62976:64000], variance=0.0508, QRS count=5
2025-10-09 11:54:46,925 [DEBUG] Accepted segment [63488:64512], variance=0.0608, QRS count=5
2025-10-09 11:54:46,932 [DEBUG] Accepted segment [64000:65024], variance=0.0619, QRS count=5
2025-10-09 11:54:46,940 [DEBUG] Accepted segment [64512:65536], variance=0.0587, QRS count=5
2025-10-09 11:54:46,948 [DEBUG] Accepted segment [65024:66048], variance=0.0603, QRS count=5
2025-10-09 11:54:46,956 [DEBUG] Accepted segment [65536:66560], variance=0.0623, QRS count=5
2025-10-09 11:54:46,964 [DEBUG] Accepted segment [66048:67072], variance=0.0612, QRS count=5
2025-10-09 11:54:46,971 [DEBUG] Accepted segment [66560:67584], variance=0.0614, QRS count=6
2025-10-09 11:54:46,978 [DEBUG] Accepted segment [67072:68096], variance=0.0627, QRS count=6
2025-10-09 11:54:46,987 [DEBUG] Accepted segment [67584:68608], variance=0.0535, QRS count=5
2025-10-09 11:54:46,994 [DEBUG] Accepted segment [68096:69120], variance=0.0529, QRS count=5
2025-10-09 11:54:47,001 [DEBUG] Accepted segment [68608:69632], variance=0.0620, QRS count=5
2025-10-09 11:54:47,008 [DEBUG] Accepted segment [69120:70144], variance=0.0512, QRS count=6
2025-10-09 11:54:47,015 [DEBUG] Accepted segment [69632:70656], variance=0.0508, QRS count=5
2025-10-09 11:54:47,020 [DEBUG] Accepted segment [70144:71168], variance=0.0623, QRS count=5
2025-10-09 11:54:47,025 [DEBUG] Accepted segment [70656:71680], variance=0.0649, QRS count=5
2025-10-09 11:54:47,030 [DEBUG] Accepted segment [71168:72192], variance=0.0649, QRS count=6
2025-10-09 11:54:47,035 [DEBUG] Accepted segment [71680:72704], variance=0.0643, QRS count=6
2025-10-09 11:54:47,040 [DEBUG] Accepted segment [72192:73216], variance=0.0546, QRS count=6
2025-10-09 11:54:47,045 [DEBUG] Accepted segment [72704:73728], variance=0.0550, QRS count=5
2025-10-09 11:54:47,050 [DEBUG] Accepted segment [73216:74240], variance=0.0646, QRS count=5
2025-10-09 11:54:47,055 [DEBUG] Accepted segment [73728:74752], variance=0.0630, QRS count=5
2025-10-09 11:54:47,060 [DEBUG] Accepted segment [74240:75264], variance=0.0623, QRS count=6
2025-10-09 11:54:47,065 [DEBUG] Accepted segment [74752:75776], variance=0.0621, QRS count=6
2025-10-09 11:54:47,070 [DEBUG] Accepted segment [75264:76288], variance=0.0509, QRS count=6
2025-10-09 11:54:47,074 [DEBUG] Accepted segment [75776:76800], variance=0.0518, QRS count=5
2025-10-09 11:54:47,079 [DEBUG] Accepted segment [76288:77312], variance=0.0641, QRS count=5
2025-10-09 11:54:47,084 [DEBUG] Accepted segment [76800:77824], variance=0.0659, QRS count=5
2025-10-09 11:54:47,088 [DEBUG] Accepted segment [77312:78336], variance=0.0647, QRS count=6
2025-10-09 11:54:47,093 [DEBUG] Accepted segment [77824:78848], variance=0.0543, QRS count=5
2025-10-09 11:54:47,098 [DEBUG] Accepted segment [78336:79360], variance=0.0534, QRS count=5
2025-10-09 11:54:47,102 [DEBUG] Accepted segment [78848:79872], variance=0.0600, QRS count=5
2025-10-09 11:54:47,107 [DEBUG] Accepted segment [79360:80384], variance=0.0605, QRS count=6
2025-10-09 11:54:47,112 [DEBUG] Accepted segment [79872:80896], variance=0.0530, QRS count=5
2025-10-09 11:54:47,116 [DEBUG] Accepted segment [80384:81408], variance=0.0525, QRS count=5
2025-10-09 11:54:47,121 [DEBUG] Accepted segment [80896:81920], variance=0.0614, QRS count=5
2025-10-09 11:54:47,126 [DEBUG] Accepted segment [81408:82432], variance=0.0623, QRS count=6
2025-10-09 11:54:47,131 [DEBUG] Accepted segment [81920:82944], variance=0.0606, QRS count=5
2025-10-09 11:54:47,135 [DEBUG] Accepted segment [82432:83456], variance=0.0508, QRS count=5
2025-10-09 11:54:47,139 [DEBUG] Accepted segment [82944:83968], variance=0.0525, QRS count=5
2025-10-09 11:54:47,144 [DEBUG] Accepted segment [83456:84480], variance=0.0618, QRS count=5
2025-10-09 11:54:47,148 [DEBUG] Accepted segment [83968:84992], variance=0.0601, QRS count=5
2025-10-09 11:54:47,153 [DEBUG] Accepted segment [84480:85504], variance=0.0589, QRS count=5
2025-10-09 11:54:47,159 [DEBUG] Accepted segment [84992:86016], variance=0.0579, QRS count=6
2025-10-09 11:54:47,163 [DEBUG] Accepted segment [85504:86528], variance=0.0604, QRS count=6
2025-10-09 11:54:47,168 [DEBUG] Accepted segment [86016:87040], variance=0.0538, QRS count=5
2025-10-09 11:54:47,173 [DEBUG] Accepted segment [86528:87552], variance=0.0515, QRS count=5
2025-10-09 11:54:47,178 [DEBUG] Accepted segment [87040:88064], variance=0.0609, QRS count=5
2025-10-09 11:54:47,183 [DEBUG] Accepted segment [87552:88576], variance=0.0617, QRS count=5
2025-10-09 11:54:47,187 [DEBUG] Accepted segment [88064:89088], variance=0.0498, QRS count=5
2025-10-09 11:54:47,192 [DEBUG] Accepted segment [88576:89600], variance=0.0489, QRS count=5
2025-10-09 11:54:47,197 [DEBUG] Accepted segment [89088:90112], variance=0.0603, QRS count=5
2025-10-09 11:54:47,203 [DEBUG] Accepted segment [89600:90624], variance=0.0612, QRS count=6
2025-10-09 11:54:47,208 [DEBUG] Accepted segment [90112:91136], variance=0.0612, QRS count=6
2025-10-09 11:54:47,213 [DEBUG] Accepted segment [90624:91648], variance=0.0535, QRS count=5
2025-10-09 11:54:47,218 [DEBUG] Accepted segment [91136:92160], variance=0.0552, QRS count=5
2025-10-09 11:54:47,223 [DEBUG] Accepted segment [91648:92672], variance=0.0635, QRS count=5
2025-10-09 11:54:47,228 [DEBUG] Accepted segment [92160:93184], variance=0.0609, QRS count=5
2025-10-09 11:54:47,233 [DEBUG] Accepted segment [92672:93696], variance=0.0534, QRS count=6
2025-10-09 11:54:47,238 [DEBUG] Accepted segment [93184:94208], variance=0.0553, QRS count=5
2025-10-09 11:54:47,243 [DEBUG] Accepted segment [93696:94720], variance=0.0625, QRS count=5
2025-10-09 11:54:47,248 [DEBUG] Accepted segment [94208:95232], variance=0.0619, QRS count=5
2025-10-09 11:54:47,253 [DEBUG] Accepted segment [94720:95744], variance=0.0629, QRS count=6
2025-10-09 11:54:47,258 [DEBUG] Accepted segment [95232:96256], variance=0.0528, QRS count=5
2025-10-09 11:54:47,263 [DEBUG] Accepted segment [95744:96768], variance=0.0525, QRS count=5
2025-10-09 11:54:47,269 [DEBUG] Accepted segment [96256:97280], variance=0.0625, QRS count=5
2025-10-09 11:54:47,275 [DEBUG] Accepted segment [96768:97792], variance=0.0602, QRS count=6
2025-10-09 11:54:47,280 [DEBUG] Accepted segment [97280:98304], variance=0.0574, QRS count=6
2025-10-09 11:54:47,285 [DEBUG] Accepted segment [97792:98816], variance=0.0569, QRS count=6
2025-10-09 11:54:47,290 [DEBUG] Accepted segment [98304:99328], variance=0.0501, QRS count=6
2025-10-09 11:54:47,296 [DEBUG] Accepted segment [98816:99840], variance=0.0510, QRS count=5
2025-10-09 11:54:47,301 [DEBUG] Accepted segment [99328:100352], variance=0.0579, QRS count=5
2025-10-09 11:54:47,306 [DEBUG] Accepted segment [99840:100864], variance=0.0583, QRS count=5
2025-10-09 11:54:47,310 [DEBUG] Accepted segment [100352:101376], variance=0.0604, QRS count=5
2025-10-09 11:54:47,315 [DEBUG] Accepted segment [100864:101888], variance=0.0593, QRS count=6
2025-10-09 11:54:47,320 [DEBUG] Accepted segment [101376:102400], variance=0.0568, QRS count=6
2025-10-09 11:54:47,324 [DEBUG] Accepted segment [101888:102912], variance=0.0552, QRS count=6
2025-10-09 11:54:47,329 [DEBUG] Accepted segment [102400:103424], variance=0.0554, QRS count=6
2025-10-09 11:54:47,334 [DEBUG] Accepted segment [102912:103936], variance=0.0574, QRS count=6
2025-10-09 11:54:47,339 [DEBUG] Accepted segment [103424:104448], variance=0.0576, QRS count=5
2025-10-09 11:54:47,343 [DEBUG] Accepted segment [103936:104960], variance=0.0472, QRS count=6
2025-10-09 11:54:47,348 [DEBUG] Accepted segment [104448:105472], variance=0.0462, QRS count=5
2025-10-09 11:54:47,352 [DEBUG] Accepted segment [104960:105984], variance=0.0554, QRS count=5
2025-10-09 11:54:47,357 [DEBUG] Accepted segment [105472:106496], variance=0.0562, QRS count=5
2025-10-09 11:54:47,362 [DEBUG] Accepted segment [105984:107008], variance=0.0543, QRS count=5
2025-10-09 11:54:47,366 [DEBUG] Accepted segment [106496:107520], variance=0.0518, QRS count=5
2025-10-09 11:54:47,371 [DEBUG] Accepted segment [107008:108032], variance=0.0523, QRS count=5
2025-10-09 11:54:47,375 [DEBUG] Accepted segment [107520:108544], variance=0.0539, QRS count=5
2025-10-09 11:54:47,380 [DEBUG] Accepted segment [108032:109056], variance=0.0543, QRS count=5
2025-10-09 11:54:47,384 [DEBUG] Accepted segment [108544:109568], variance=0.0531, QRS count=6
2025-10-09 11:54:47,389 [DEBUG] Accepted segment [109056:110080], variance=0.0515, QRS count=6
2025-10-09 11:54:47,393 [DEBUG] Accepted segment [109568:110592], variance=0.0521, QRS count=6
2025-10-09 11:54:47,398 [DEBUG] Accepted segment [110080:111104], variance=0.1279, QRS count=6
2025-10-09 11:54:47,403 [DEBUG] Accepted segment [110592:111616], variance=0.1293, QRS count=5
2025-10-09 11:54:47,409 [DEBUG] Accepted segment [111104:112128], variance=0.0552, QRS count=6
2025-10-09 11:54:47,415 [DEBUG] Accepted segment [111616:112640], variance=0.0537, QRS count=6
2025-10-09 11:54:47,419 [DEBUG] Accepted segment [112128:113152], variance=0.0532, QRS count=6
2025-10-09 11:54:47,424 [DEBUG] Accepted segment [112640:113664], variance=0.0558, QRS count=6
2025-10-09 11:54:47,428 [DEBUG] Accepted segment [113152:114176], variance=0.0582, QRS count=5
2025-10-09 11:54:47,432 [DEBUG] Accepted segment [113664:114688], variance=0.0514, QRS count=6
2025-10-09 11:54:47,437 [DEBUG] Accepted segment [114176:115200], variance=0.0525, QRS count=5
2025-10-09 11:54:47,441 [DEBUG] Accepted segment [114688:115712], variance=0.0596, QRS count=5
2025-10-09 11:54:47,445 [DEBUG] Accepted segment [115200:116224], variance=0.0584, QRS count=5
2025-10-09 11:54:47,450 [DEBUG] Accepted segment [115712:116736], variance=0.0515, QRS count=6
2025-10-09 11:54:47,454 [DEBUG] Accepted segment [116224:117248], variance=0.0530, QRS count=5
2025-10-09 11:54:47,459 [DEBUG] Accepted segment [116736:117760], variance=0.0609, QRS count=5
2025-10-09 11:54:47,463 [DEBUG] Accepted segment [117248:118272], variance=0.0628, QRS count=5
2025-10-09 11:54:47,467 [DEBUG] Accepted segment [117760:118784], variance=0.0637, QRS count=6
2025-10-09 11:54:47,471 [DEBUG] Accepted segment [118272:119296], variance=0.0609, QRS count=6
2025-10-09 11:54:47,475 [DEBUG] Accepted segment [118784:119808], variance=0.0506, QRS count=6
2025-10-09 11:54:47,476 [DEBUG] Skipping segment [119296:120320] due to overlap with noise [120200:120500]
2025-10-09 11:54:47,476 [DEBUG] Skipping segment [119808:120832] due to overlap with noise [120200:120500]
2025-10-09 11:54:47,476 [DEBUG] Skipping segment [120320:121344] due to overlap with noise [120200:120500]
2025-10-09 11:54:47,480 [DEBUG] Accepted segment [120832:121856], variance=0.0428, QRS count=6
2025-10-09 11:54:47,484 [DEBUG] Accepted segment [121344:122368], variance=0.0406, QRS count=6
2025-10-09 11:54:47,488 [DEBUG] Accepted segment [121856:122880], variance=0.0365, QRS count=6
2025-10-09 11:54:47,492 [DEBUG] Accepted segment [122368:123392], variance=0.0401, QRS count=5
2025-10-09 11:54:47,496 [DEBUG] Accepted segment [122880:123904], variance=0.0464, QRS count=6
2025-10-09 11:54:47,501 [DEBUG] Accepted segment [123392:124416], variance=0.0520, QRS count=6
2025-10-09 11:54:47,505 [DEBUG] Accepted segment [123904:124928], variance=0.0439, QRS count=5
2025-10-09 11:54:47,509 [DEBUG] Accepted segment [124416:125440], variance=0.0354, QRS count=5
2025-10-09 11:54:47,513 [DEBUG] Accepted segment [124928:125952], variance=0.0386, QRS count=5
2025-10-09 11:54:47,517 [DEBUG] Accepted segment [125440:126464], variance=0.0365, QRS count=5
2025-10-09 11:54:47,522 [DEBUG] Accepted segment [125952:126976], variance=0.0365, QRS count=6
2025-10-09 11:54:47,526 [DEBUG] Accepted segment [126464:127488], variance=0.0327, QRS count=5
2025-10-09 11:54:47,531 [DEBUG] Accepted segment [126976:128000], variance=0.0324, QRS count=5
2025-10-09 11:54:47,531 [INFO] Segmented signal of length 128000 into 246 valid segments
2025-10-09 11:54:49,826 [DEBUG] Skipping segment [0:1024] due to overlap with noise [0:400]
2025-10-09 11:54:49,831 [DEBUG] Accepted segment [512:1536], variance=0.0713, QRS count=4
2025-10-09 11:54:49,834 [DEBUG] Accepted segment [1024:2048], variance=0.0615, QRS count=4
2025-10-09 11:54:49,834 [DEBUG] Skipping segment [1536:2560] due to overlap with noise [2400:3800]
2025-10-09 11:54:49,834 [DEBUG] Skipping segment [2048:3072] due to overlap with noise [2400:3800]
2025-10-09 11:54:49,834 [DEBUG] Skipping segment [2560:3584] due to overlap with noise [2400:3800]
2025-10-09 11:54:49,834 [DEBUG] Skipping segment [3072:4096] due to overlap with noise [2400:3800]
2025-10-09 11:54:49,835 [DEBUG] Skipping segment [3584:4608] due to overlap with noise [2400:3800]
2025-10-09 11:54:49,838 [DEBUG] Accepted segment [4096:5120], variance=0.0638, QRS count=4
2025-10-09 11:54:49,841 [DEBUG] Accepted segment [4608:5632], variance=0.0595, QRS count=4
2025-10-09 11:54:49,845 [DEBUG] Accepted segment [5120:6144], variance=0.0630, QRS count=5
2025-10-09 11:54:49,848 [DEBUG] Accepted segment [5632:6656], variance=0.0667, QRS count=4
2025-10-09 11:54:49,852 [DEBUG] Accepted segment [6144:7168], variance=0.0610, QRS count=4
2025-10-09 11:54:49,855 [DEBUG] Accepted segment [6656:7680], variance=0.0560, QRS count=4
2025-10-09 11:54:49,858 [DEBUG] Accepted segment [7168:8192], variance=0.0571, QRS count=4
2025-10-09 11:54:49,862 [DEBUG] Accepted segment [7680:8704], variance=0.0666, QRS count=4
2025-10-09 11:54:49,865 [DEBUG] Accepted segment [8192:9216], variance=0.0678, QRS count=4
2025-10-09 11:54:49,868 [DEBUG] Accepted segment [8704:9728], variance=0.0588, QRS count=4
2025-10-09 11:54:49,872 [DEBUG] Accepted segment [9216:10240], variance=0.0635, QRS count=5
2025-10-09 11:54:49,875 [DEBUG] Accepted segment [9728:10752], variance=0.0676, QRS count=4
2025-10-09 11:54:49,878 [DEBUG] Accepted segment [10240:11264], variance=0.0598, QRS count=4
2025-10-09 11:54:49,882 [DEBUG] Accepted segment [10752:11776], variance=0.0615, QRS count=4
2025-10-09 11:54:49,885 [DEBUG] Accepted segment [11264:12288], variance=0.0670, QRS count=5
2025-10-09 11:54:49,888 [DEBUG] Accepted segment [11776:12800], variance=0.0617, QRS count=4
2025-10-09 11:54:49,892 [DEBUG] Accepted segment [12288:13312], variance=0.0684, QRS count=5
2025-10-09 11:54:49,895 [DEBUG] Accepted segment [12800:13824], variance=0.0672, QRS count=4
2025-10-09 11:54:49,898 [DEBUG] Accepted segment [13312:14336], variance=0.0669, QRS count=5
2025-10-09 11:54:49,902 [DEBUG] Accepted segment [13824:14848], variance=0.0698, QRS count=4
2025-10-09 11:54:49,905 [DEBUG] Accepted segment [14336:15360], variance=0.0721, QRS count=5
2025-10-09 11:54:49,909 [DEBUG] Accepted segment [14848:15872], variance=0.0806, QRS count=5
2025-10-09 11:54:49,913 [DEBUG] Accepted segment [15360:16384], variance=0.0725, QRS count=6
2025-10-09 11:54:49,917 [DEBUG] Accepted segment [15872:16896], variance=0.0769, QRS count=5
2025-10-09 11:54:49,920 [DEBUG] Accepted segment [16384:17408], variance=0.0851, QRS count=5
2025-10-09 11:54:49,923 [DEBUG] Accepted segment [16896:17920], variance=0.0787, QRS count=6
2025-10-09 11:54:49,927 [DEBUG] Accepted segment [17408:18432], variance=0.0684, QRS count=5
2025-10-09 11:54:49,930 [DEBUG] Accepted segment [17920:18944], variance=0.0600, QRS count=4
2025-10-09 11:54:49,934 [DEBUG] Accepted segment [18432:19456], variance=0.0654, QRS count=5
2025-10-09 11:54:49,937 [DEBUG] Accepted segment [18944:19968], variance=0.0706, QRS count=4
2025-10-09 11:54:49,940 [DEBUG] Accepted segment [19456:20480], variance=0.0615, QRS count=4
2025-10-09 11:54:49,944 [DEBUG] Accepted segment [19968:20992], variance=0.0565, QRS count=4
2025-10-09 11:54:49,947 [DEBUG] Accepted segment [20480:21504], variance=0.0658, QRS count=5
2025-10-09 11:54:49,951 [DEBUG] Accepted segment [20992:22016], variance=0.0707, QRS count=4
2025-10-09 11:54:49,954 [DEBUG] Accepted segment [21504:22528], variance=0.0634, QRS count=4
2025-10-09 11:54:49,957 [DEBUG] Accepted segment [22016:23040], variance=0.0587, QRS count=4
2025-10-09 11:54:49,960 [DEBUG] Accepted segment [22528:23552], variance=0.0665, QRS count=5
2025-10-09 11:54:49,961 [DEBUG] Skipping segment [23040:24064] due to overlap with noise [24000:24800]
2025-10-09 11:54:49,961 [DEBUG] Skipping segment [23552:24576] due to overlap with noise [24000:24800]
2025-10-09 11:54:49,961 [DEBUG] Skipping segment [24064:25088] due to overlap with noise [24000:24800]
2025-10-09 11:54:49,961 [DEBUG] Skipping segment [24576:25600] due to overlap with noise [24000:24800]
2025-10-09 11:54:49,964 [DEBUG] Accepted segment [25088:26112], variance=0.0705, QRS count=6
2025-10-09 11:54:49,967 [DEBUG] Accepted segment [25600:26624], variance=0.0701, QRS count=5
2025-10-09 11:54:49,971 [DEBUG] Accepted segment [26112:27136], variance=0.0624, QRS count=5
2025-10-09 11:54:49,974 [DEBUG] Accepted segment [26624:27648], variance=0.0628, QRS count=6
2025-10-09 11:54:49,978 [DEBUG] Accepted segment [27136:28160], variance=0.0622, QRS count=5
2025-10-09 11:54:49,981 [DEBUG] Accepted segment [27648:28672], variance=0.0545, QRS count=5
2025-10-09 11:54:49,985 [DEBUG] Accepted segment [28160:29184], variance=0.0639, QRS count=5
2025-10-09 11:54:49,988 [DEBUG] Accepted segment [28672:29696], variance=0.0645, QRS count=4
2025-10-09 11:54:49,992 [DEBUG] Accepted segment [29184:30208], variance=0.0619, QRS count=5
2025-10-09 11:54:49,995 [DEBUG] Accepted segment [29696:30720], variance=0.0662, QRS count=5
2025-10-09 11:54:49,998 [DEBUG] Accepted segment [30208:31232], variance=0.0584, QRS count=4
2025-10-09 11:54:50,002 [DEBUG] Accepted segment [30720:31744], variance=0.0632, QRS count=5
2025-10-09 11:54:50,005 [DEBUG] Accepted segment [31232:32256], variance=0.0687, QRS count=4
2025-10-09 11:54:50,009 [DEBUG] Accepted segment [31744:32768], variance=0.0606, QRS count=4
2025-10-09 11:54:50,012 [DEBUG] Accepted segment [32256:33280], variance=0.0556, QRS count=5
2025-10-09 11:54:50,015 [DEBUG] Accepted segment [32768:33792], variance=0.0653, QRS count=5
2025-10-09 11:54:50,019 [DEBUG] Accepted segment [33280:34304], variance=0.0680, QRS count=4
2025-10-09 11:54:50,022 [DEBUG] Accepted segment [33792:34816], variance=0.0583, QRS count=4
2025-10-09 11:54:50,026 [DEBUG] Accepted segment [34304:35328], variance=0.0639, QRS count=5
2025-10-09 11:54:50,030 [DEBUG] Accepted segment [34816:35840], variance=0.0667, QRS count=4
2025-10-09 11:54:50,033 [DEBUG] Accepted segment [35328:36352], variance=0.0591, QRS count=5
2025-10-09 11:54:50,037 [DEBUG] Accepted segment [35840:36864], variance=0.0674, QRS count=5
2025-10-09 11:54:50,040 [DEBUG] Accepted segment [36352:37376], variance=0.0672, QRS count=4
2025-10-09 11:54:50,044 [DEBUG] Accepted segment [36864:37888], variance=0.0556, QRS count=4
2025-10-09 11:54:50,047 [DEBUG] Accepted segment [37376:38400], variance=0.0645, QRS count=4
2025-10-09 11:54:50,051 [DEBUG] Accepted segment [37888:38912], variance=0.0696, QRS count=4
2025-10-09 11:54:50,054 [DEBUG] Accepted segment [38400:39424], variance=0.0600, QRS count=4
2025-10-09 11:54:50,057 [DEBUG] Accepted segment [38912:39936], variance=0.0560, QRS count=4
2025-10-09 11:54:50,061 [DEBUG] Accepted segment [39424:40448], variance=0.0663, QRS count=5
2025-10-09 11:54:50,064 [DEBUG] Accepted segment [39936:40960], variance=0.0676, QRS count=4
2025-10-09 11:54:50,068 [DEBUG] Accepted segment [40448:41472], variance=0.0587, QRS count=4
2025-10-09 11:54:50,071 [DEBUG] Accepted segment [40960:41984], variance=0.0638, QRS count=5
2025-10-09 11:54:50,075 [DEBUG] Accepted segment [41472:42496], variance=0.0685, QRS count=4
2025-10-09 11:54:50,079 [DEBUG] Accepted segment [41984:43008], variance=0.0633, QRS count=4
2025-10-09 11:54:50,082 [DEBUG] Accepted segment [42496:43520], variance=0.0641, QRS count=5
2025-10-09 11:54:50,086 [DEBUG] Accepted segment [43008:44032], variance=0.0666, QRS count=5
2025-10-09 11:54:50,089 [DEBUG] Accepted segment [43520:44544], variance=0.0613, QRS count=4
2025-10-09 11:54:50,094 [DEBUG] Accepted segment [44032:45056], variance=0.0696, QRS count=5
2025-10-09 11:54:50,098 [DEBUG] Accepted segment [44544:45568], variance=0.0793, QRS count=5
2025-10-09 11:54:50,102 [DEBUG] Accepted segment [45056:46080], variance=0.0745, QRS count=5
2025-10-09 11:54:50,106 [DEBUG] Accepted segment [45568:46592], variance=0.0689, QRS count=5
2025-10-09 11:54:50,111 [DEBUG] Accepted segment [46080:47104], variance=0.0612, QRS count=5
2025-10-09 11:54:50,114 [DEBUG] Accepted segment [46592:47616], variance=0.0675, QRS count=5
2025-10-09 11:54:50,118 [DEBUG] Accepted segment [47104:48128], variance=0.0667, QRS count=4
2025-10-09 11:54:50,123 [DEBUG] Accepted segment [47616:48640], variance=0.0650, QRS count=5
2025-10-09 11:54:50,127 [DEBUG] Accepted segment [48128:49152], variance=0.0693, QRS count=4
2025-10-09 11:54:50,131 [DEBUG] Accepted segment [48640:49664], variance=0.0693, QRS count=5
2025-10-09 11:54:50,135 [DEBUG] Accepted segment [49152:50176], variance=0.0686, QRS count=5
2025-10-09 11:54:50,139 [DEBUG] Accepted segment [49664:50688], variance=0.0699, QRS count=5
2025-10-09 11:54:50,143 [DEBUG] Accepted segment [50176:51200], variance=0.0716, QRS count=6
2025-10-09 11:54:50,147 [DEBUG] Accepted segment [50688:51712], variance=0.0602, QRS count=5
2025-10-09 11:54:50,151 [DEBUG] Accepted segment [51200:52224], variance=0.0649, QRS count=5
2025-10-09 11:54:50,155 [DEBUG] Accepted segment [51712:52736], variance=0.0633, QRS count=4
2025-10-09 11:54:50,159 [DEBUG] Accepted segment [52224:53248], variance=0.0603, QRS count=5
2025-10-09 11:54:50,164 [DEBUG] Accepted segment [52736:53760], variance=0.0668, QRS count=5
2025-10-09 11:54:50,168 [DEBUG] Accepted segment [53248:54272], variance=0.0604, QRS count=5
2025-10-09 11:54:50,171 [DEBUG] Accepted segment [53760:54784], variance=0.0667, QRS count=5
2025-10-09 11:54:50,175 [DEBUG] Accepted segment [54272:55296], variance=0.0659, QRS count=4
2025-10-09 11:54:50,179 [DEBUG] Accepted segment [54784:55808], variance=0.0629, QRS count=5
2025-10-09 11:54:50,182 [DEBUG] Accepted segment [55296:56320], variance=0.0680, QRS count=5
2025-10-09 11:54:50,186 [DEBUG] Accepted segment [55808:56832], variance=0.0606, QRS count=4
2025-10-09 11:54:50,190 [DEBUG] Accepted segment [56320:57344], variance=0.0672, QRS count=5
2025-10-09 11:54:50,194 [DEBUG] Accepted segment [56832:57856], variance=0.0676, QRS count=4
2025-10-09 11:54:50,198 [DEBUG] Accepted segment [57344:58368], variance=0.0666, QRS count=5
2025-10-09 11:54:50,202 [DEBUG] Accepted segment [57856:58880], variance=0.0669, QRS count=4
2025-10-09 11:54:50,206 [DEBUG] Accepted segment [58368:59392], variance=0.0631, QRS count=5
2025-10-09 11:54:50,211 [DEBUG] Accepted segment [58880:59904], variance=0.0658, QRS count=4
2025-10-09 11:54:50,215 [DEBUG] Accepted segment [59392:60416], variance=0.0663, QRS count=5
2025-10-09 11:54:50,219 [DEBUG] Accepted segment [59904:60928], variance=0.0609, QRS count=5
2025-10-09 11:54:50,223 [DEBUG] Accepted segment [60416:61440], variance=0.0636, QRS count=5
2025-10-09 11:54:50,227 [DEBUG] Accepted segment [60928:61952], variance=0.0645, QRS count=4
2025-10-09 11:54:50,231 [DEBUG] Accepted segment [61440:62464], variance=0.0635, QRS count=5
2025-10-09 11:54:50,235 [DEBUG] Accepted segment [61952:62976], variance=0.0681, QRS count=5
2025-10-09 11:54:50,238 [DEBUG] Accepted segment [62464:63488], variance=0.0672, QRS count=5
2025-10-09 11:54:50,242 [DEBUG] Accepted segment [62976:64000], variance=0.0674, QRS count=5
2025-10-09 11:54:50,246 [DEBUG] Accepted segment [63488:64512], variance=0.0614, QRS count=4
2025-10-09 11:54:50,250 [DEBUG] Accepted segment [64000:65024], variance=0.0665, QRS count=4
2025-10-09 11:54:50,254 [DEBUG] Accepted segment [64512:65536], variance=0.0698, QRS count=4
2025-10-09 11:54:50,257 [DEBUG] Accepted segment [65024:66048], variance=0.0600, QRS count=4
2025-10-09 11:54:50,261 [DEBUG] Accepted segment [65536:66560], variance=0.0562, QRS count=4
2025-10-09 11:54:50,266 [DEBUG] Accepted segment [66048:67072], variance=0.0646, QRS count=5
2025-10-09 11:54:50,270 [DEBUG] Accepted segment [66560:67584], variance=0.0682, QRS count=4
2025-10-09 11:54:50,274 [DEBUG] Accepted segment [67072:68096], variance=0.0609, QRS count=4
2025-10-09 11:54:50,278 [DEBUG] Accepted segment [67584:68608], variance=0.0569, QRS count=4
2025-10-09 11:54:50,282 [DEBUG] Accepted segment [68096:69120], variance=0.0652, QRS count=5
2025-10-09 11:54:50,286 [DEBUG] Accepted segment [68608:69632], variance=0.0696, QRS count=4
2025-10-09 11:54:50,290 [DEBUG] Accepted segment [69120:70144], variance=0.0609, QRS count=4
2025-10-09 11:54:50,293 [DEBUG] Accepted segment [69632:70656], variance=0.0629, QRS count=5
2025-10-09 11:54:50,297 [DEBUG] Accepted segment [70144:71168], variance=0.0675, QRS count=4
2025-10-09 11:54:50,301 [DEBUG] Accepted segment [70656:71680], variance=0.0603, QRS count=4
2025-10-09 11:54:50,305 [DEBUG] Accepted segment [71168:72192], variance=0.0674, QRS count=5
2025-10-09 11:54:50,309 [DEBUG] Accepted segment [71680:72704], variance=0.0668, QRS count=4
2025-10-09 11:54:50,313 [DEBUG] Accepted segment [72192:73216], variance=0.0556, QRS count=4
2025-10-09 11:54:50,317 [DEBUG] Accepted segment [72704:73728], variance=0.0672, QRS count=5
2025-10-09 11:54:50,321 [DEBUG] Accepted segment [73216:74240], variance=0.0669, QRS count=4
2025-10-09 11:54:50,325 [DEBUG] Accepted segment [73728:74752], variance=0.0551, QRS count=5
2025-10-09 11:54:50,329 [DEBUG] Accepted segment [74240:75264], variance=0.0668, QRS count=5
2025-10-09 11:54:50,333 [DEBUG] Accepted segment [74752:75776], variance=0.0669, QRS count=4
2025-10-09 11:54:50,337 [DEBUG] Accepted segment [75264:76288], variance=0.0631, QRS count=4
2025-10-09 11:54:50,341 [DEBUG] Accepted segment [75776:76800], variance=0.0682, QRS count=5
2025-10-09 11:54:50,345 [DEBUG] Accepted segment [76288:77312], variance=0.0602, QRS count=4
2025-10-09 11:54:50,349 [DEBUG] Accepted segment [76800:77824], variance=0.0663, QRS count=5
2025-10-09 11:54:50,353 [DEBUG] Accepted segment [77312:78336], variance=0.0746, QRS count=5
2025-10-09 11:54:50,357 [DEBUG] Accepted segment [77824:78848], variance=0.0747, QRS count=5
2025-10-09 11:54:50,362 [DEBUG] Accepted segment [78336:79360], variance=0.0700, QRS count=5
2025-10-09 11:54:50,365 [DEBUG] Accepted segment [78848:79872], variance=0.0689, QRS count=5
2025-10-09 11:54:50,369 [DEBUG] Accepted segment [79360:80384], variance=0.0664, QRS count=4
2025-10-09 11:54:50,373 [DEBUG] Accepted segment [79872:80896], variance=0.0676, QRS count=5
2025-10-09 11:54:50,377 [DEBUG] Accepted segment [80384:81408], variance=0.0665, QRS count=4
2025-10-09 11:54:50,381 [DEBUG] Accepted segment [80896:81920], variance=0.0647, QRS count=5
2025-10-09 11:54:50,385 [DEBUG] Accepted segment [81408:82432], variance=0.0655, QRS count=4
2025-10-09 11:54:50,390 [DEBUG] Accepted segment [81920:82944], variance=0.0642, QRS count=5
2025-10-09 11:54:50,394 [DEBUG] Accepted segment [82432:83456], variance=0.0676, QRS count=5
2025-10-09 11:54:50,398 [DEBUG] Accepted segment [82944:83968], variance=0.0592, QRS count=4
2025-10-09 11:54:50,402 [DEBUG] Accepted segment [83456:84480], variance=0.0646, QRS count=5
2025-10-09 11:54:50,406 [DEBUG] Accepted segment [83968:84992], variance=0.0657, QRS count=4
2025-10-09 11:54:50,410 [DEBUG] Accepted segment [84480:85504], variance=0.0633, QRS count=5
2025-10-09 11:54:50,414 [DEBUG] Accepted segment [84992:86016], variance=0.0668, QRS count=5
2025-10-09 11:54:50,419 [DEBUG] Accepted segment [85504:86528], variance=0.0680, QRS count=5
2025-10-09 11:54:50,423 [DEBUG] Accepted segment [86016:87040], variance=0.0652, QRS count=4
2025-10-09 11:54:50,427 [DEBUG] Accepted segment [86528:87552], variance=0.0649, QRS count=5
2025-10-09 11:54:50,431 [DEBUG] Accepted segment [87040:88064], variance=0.0665, QRS count=4
2025-10-09 11:54:50,436 [DEBUG] Accepted segment [87552:88576], variance=0.0640, QRS count=5
2025-10-09 11:54:50,440 [DEBUG] Accepted segment [88064:89088], variance=0.0637, QRS count=5
2025-10-09 11:54:50,444 [DEBUG] Accepted segment [88576:89600], variance=0.0630, QRS count=4
2025-10-09 11:54:50,448 [DEBUG] Accepted segment [89088:90112], variance=0.0606, QRS count=5
2025-10-09 11:54:50,452 [DEBUG] Accepted segment [89600:90624], variance=0.0560, QRS count=4
2025-10-09 11:54:50,456 [DEBUG] Accepted segment [90112:91136], variance=0.0542, QRS count=4
2025-10-09 11:54:50,460 [DEBUG] Accepted segment [90624:91648], variance=0.0615, QRS count=5
2025-10-09 11:54:50,464 [DEBUG] Accepted segment [91136:92160], variance=0.0635, QRS count=4
2025-10-09 11:54:50,468 [DEBUG] Accepted segment [91648:92672], variance=0.0539, QRS count=5
2025-10-09 11:54:50,473 [DEBUG] Accepted segment [92160:93184], variance=0.0651, QRS count=5
2025-10-09 11:54:50,477 [DEBUG] Accepted segment [92672:93696], variance=0.0662, QRS count=4
2025-10-09 11:54:50,481 [DEBUG] Accepted segment [93184:94208], variance=0.0542, QRS count=4
2025-10-09 11:54:50,485 [DEBUG] Accepted segment [93696:94720], variance=0.0644, QRS count=5
2025-10-09 11:54:50,489 [DEBUG] Accepted segment [94208:95232], variance=0.0639, QRS count=4
2025-10-09 11:54:50,493 [DEBUG] Accepted segment [94720:95744], variance=0.0533, QRS count=4
2025-10-09 11:54:50,497 [DEBUG] Accepted segment [95232:96256], variance=0.0611, QRS count=5
2025-10-09 11:54:50,501 [DEBUG] Accepted segment [95744:96768], variance=0.0647, QRS count=4
2025-10-09 11:54:50,505 [DEBUG] Accepted segment [96256:97280], variance=0.0575, QRS count=5
2025-10-09 11:54:50,509 [DEBUG] Accepted segment [96768:97792], variance=0.0637, QRS count=5
2025-10-09 11:54:50,509 [DEBUG] Skipping segment [97280:98304] due to overlap with noise [98200:101600]
2025-10-09 11:54:50,509 [DEBUG] Skipping segment [97792:98816] due to overlap with noise [98200:101600]
2025-10-09 11:54:50,509 [DEBUG] Skipping segment [98304:99328] due to overlap with noise [98200:101600]
2025-10-09 11:54:50,509 [DEBUG] Skipping segment [98816:99840] due to overlap with noise [98200:101600]
2025-10-09 11:54:50,509 [DEBUG] Skipping segment [99328:100352] due to overlap with noise [98200:101600]
2025-10-09 11:54:50,509 [DEBUG] Skipping segment [99840:100864] due to overlap with noise [98200:101600]
2025-10-09 11:54:50,510 [DEBUG] Skipping segment [100352:101376] due to overlap with noise [98200:101600]
2025-10-09 11:54:50,510 [DEBUG] Skipping segment [100864:101888] due to overlap with noise [98200:101600]
2025-10-09 11:54:50,510 [DEBUG] Skipping segment [101376:102400] due to overlap with noise [98200:101600]
2025-10-09 11:54:50,514 [DEBUG] Accepted segment [101888:102912], variance=0.0620, QRS count=5
2025-10-09 11:54:50,518 [DEBUG] Accepted segment [102400:103424], variance=0.0601, QRS count=5
2025-10-09 11:54:50,522 [DEBUG] Accepted segment [102912:103936], variance=0.0623, QRS count=4
2025-10-09 11:54:50,526 [DEBUG] Accepted segment [103424:104448], variance=0.0644, QRS count=5
2025-10-09 11:54:50,530 [DEBUG] Accepted segment [103936:104960], variance=0.0658, QRS count=5
2025-10-09 11:54:50,534 [DEBUG] Accepted segment [104448:105472], variance=0.0645, QRS count=5
2025-10-09 11:54:50,538 [DEBUG] Accepted segment [104960:105984], variance=0.0644, QRS count=5
2025-10-09 11:54:50,542 [DEBUG] Accepted segment [105472:106496], variance=0.0673, QRS count=5
2025-10-09 11:54:50,546 [DEBUG] Accepted segment [105984:107008], variance=0.0652, QRS count=5
2025-10-09 11:54:50,551 [DEBUG] Accepted segment [106496:107520], variance=0.0622, QRS count=5
2025-10-09 11:54:50,556 [DEBUG] Accepted segment [107008:108032], variance=0.0632, QRS count=4
2025-10-09 11:54:50,560 [DEBUG] Accepted segment [107520:108544], variance=0.0575, QRS count=4
2025-10-09 11:54:50,565 [DEBUG] Accepted segment [108032:109056], variance=0.0623, QRS count=5
2025-10-09 11:54:50,569 [DEBUG] Accepted segment [108544:109568], variance=0.0661, QRS count=4
2025-10-09 11:54:50,569 [DEBUG] Skipping segment [109056:110080] due to overlap with noise [110000:110800]
2025-10-09 11:54:50,569 [DEBUG] Skipping segment [109568:110592] due to overlap with noise [110000:110800]
2025-10-09 11:54:50,569 [DEBUG] Skipping segment [110080:111104] due to overlap with noise [110000:110800]
2025-10-09 11:54:50,569 [DEBUG] Skipping segment [110592:111616] due to overlap with noise [110000:110800]
2025-10-09 11:54:50,574 [DEBUG] Accepted segment [111104:112128], variance=0.0659, QRS count=5
2025-10-09 11:54:50,578 [DEBUG] Accepted segment [111616:112640], variance=0.0660, QRS count=4
2025-10-09 11:54:50,582 [DEBUG] Accepted segment [112128:113152], variance=0.0650, QRS count=5
2025-10-09 11:54:50,586 [DEBUG] Accepted segment [112640:113664], variance=0.0650, QRS count=4
2025-10-09 11:54:50,590 [DEBUG] Accepted segment [113152:114176], variance=0.0616, QRS count=5
2025-10-09 11:54:50,594 [DEBUG] Accepted segment [113664:114688], variance=0.0663, QRS count=4
2025-10-09 11:54:50,598 [DEBUG] Accepted segment [114176:115200], variance=0.0597, QRS count=4
2025-10-09 11:54:50,603 [DEBUG] Accepted segment [114688:115712], variance=0.0616, QRS count=5
2025-10-09 11:54:50,607 [DEBUG] Accepted segment [115200:116224], variance=0.0643, QRS count=4
2025-10-09 11:54:50,611 [DEBUG] Accepted segment [115712:116736], variance=0.0654, QRS count=5
2025-10-09 11:54:50,615 [DEBUG] Accepted segment [116224:117248], variance=0.0645, QRS count=5
2025-10-09 11:54:50,619 [DEBUG] Accepted segment [116736:117760], variance=0.0676, QRS count=5
2025-10-09 11:54:50,620 [DEBUG] Skipping segment [117248:118272] due to overlap with noise [118000:119600]
2025-10-09 11:54:50,620 [DEBUG] Skipping segment [117760:118784] due to overlap with noise [118000:119600]
2025-10-09 11:54:50,620 [DEBUG] Skipping segment [118272:119296] due to overlap with noise [118000:119600]
2025-10-09 11:54:50,620 [DEBUG] Skipping segment [118784:119808] due to overlap with noise [118000:119600]
2025-10-09 11:54:50,620 [DEBUG] Skipping segment [119296:120320] due to overlap with noise [118000:119600]
2025-10-09 11:54:50,624 [DEBUG] Accepted segment [119808:120832], variance=0.0673, QRS count=5
2025-10-09 11:54:50,628 [DEBUG] Accepted segment [120320:121344], variance=0.0726, QRS count=5
2025-10-09 11:54:50,632 [DEBUG] Accepted segment [120832:121856], variance=0.0690, QRS count=6
2025-10-09 11:54:50,636 [DEBUG] Accepted segment [121344:122368], variance=0.0672, QRS count=6
2025-10-09 11:54:50,641 [DEBUG] Accepted segment [121856:122880], variance=0.0585, QRS count=5
2025-10-09 11:54:50,645 [DEBUG] Accepted segment [122368:123392], variance=0.0596, QRS count=5
2025-10-09 11:54:50,649 [DEBUG] Accepted segment [122880:123904], variance=0.0629, QRS count=4
2025-10-09 11:54:50,653 [DEBUG] Accepted segment [123392:124416], variance=0.0610, QRS count=5
2025-10-09 11:54:50,657 [DEBUG] Accepted segment [123904:124928], variance=0.0617, QRS count=4
2025-10-09 11:54:50,662 [DEBUG] Accepted segment [124416:125440], variance=0.0623, QRS count=5
2025-10-09 11:54:50,666 [DEBUG] Accepted segment [124928:125952], variance=0.0606, QRS count=4
2025-10-09 11:54:50,671 [DEBUG] Accepted segment [125440:126464], variance=0.0610, QRS count=5
2025-10-09 11:54:50,675 [DEBUG] Accepted segment [125952:126976], variance=0.0600, QRS count=4
2025-10-09 11:54:50,679 [DEBUG] Accepted segment [126464:127488], variance=0.0591, QRS count=5
2025-10-09 11:54:50,679 [INFO] Segmented signal of length 127999 into 220 valid segments
2025-10-09 11:54:53,552 [INFO] Epoch 1 - Loss: 0.4971, MAE: 0.3242, Val Loss: 0.8333, Val MAE: 0.5660
2025-10-09 11:54:56,972 [DEBUG] Accepted segment [0:1024], variance=0.0401, QRS count=6
2025-10-09 11:54:56,998 [DEBUG] Accepted segment [512:1536], variance=0.0419, QRS count=6
2025-10-09 11:54:57,021 [DEBUG] Accepted segment [1024:2048], variance=0.0415, QRS count=6
2025-10-09 11:54:57,045 [DEBUG] Accepted segment [1536:2560], variance=0.0390, QRS count=6
2025-10-09 11:54:57,070 [DEBUG] Accepted segment [2048:3072], variance=0.0377, QRS count=6
2025-10-09 11:54:57,097 [DEBUG] Accepted segment [2560:3584], variance=0.0409, QRS count=6
2025-10-09 11:54:57,126 [DEBUG] Accepted segment [3072:4096], variance=0.0414, QRS count=5
2025-10-09 11:54:57,149 [DEBUG] Accepted segment [3584:4608], variance=0.0384, QRS count=5
2025-10-09 11:54:57,180 [DEBUG] Accepted segment [4096:5120], variance=0.0392, QRS count=5
2025-10-09 11:54:57,204 [DEBUG] Accepted segment [4608:5632], variance=0.0402, QRS count=5
2025-10-09 11:54:57,240 [DEBUG] Accepted segment [5120:6144], variance=0.0394, QRS count=5
2025-10-09 11:54:57,279 [DEBUG] Accepted segment [5632:6656], variance=0.0395, QRS count=5
2025-10-09 11:54:57,325 [DEBUG] Accepted segment [6144:7168], variance=0.0415, QRS count=5
2025-10-09 11:54:57,368 [DEBUG] Accepted segment [6656:7680], variance=0.0433, QRS count=5
2025-10-09 11:54:57,393 [DEBUG] Accepted segment [7168:8192], variance=0.0412, QRS count=5
2025-10-09 11:54:57,424 [DEBUG] Accepted segment [7680:8704], variance=0.0387, QRS count=6
2025-10-09 11:54:57,457 [DEBUG] Accepted segment [8192:9216], variance=0.0424, QRS count=6
2025-10-09 11:54:57,490 [DEBUG] Accepted segment [8704:9728], variance=0.0459, QRS count=6
2025-10-09 11:54:57,515 [DEBUG] Accepted segment [9216:10240], variance=0.0427, QRS count=5
2025-10-09 11:54:57,547 [DEBUG] Accepted segment [9728:10752], variance=0.0465, QRS count=5
2025-10-09 11:54:57,578 [DEBUG] Accepted segment [10240:11264], variance=0.0452, QRS count=6
2025-10-09 11:54:57,607 [DEBUG] Accepted segment [10752:11776], variance=0.0496, QRS count=6
2025-10-09 11:54:57,648 [DEBUG] Accepted segment [11264:12288], variance=0.0525, QRS count=6
2025-10-09 11:54:57,674 [DEBUG] Accepted segment [11776:12800], variance=0.0397, QRS count=6
2025-10-09 11:54:57,711 [DEBUG] Accepted segment [12288:13312], variance=0.0377, QRS count=6
2025-10-09 11:54:57,756 [DEBUG] Accepted segment [12800:13824], variance=0.0388, QRS count=6
2025-10-09 11:54:57,799 [DEBUG] Accepted segment [13312:14336], variance=0.0378, QRS count=6
2025-10-09 11:54:57,833 [DEBUG] Accepted segment [13824:14848], variance=0.0385, QRS count=6
2025-10-09 11:54:57,866 [DEBUG] Accepted segment [14336:15360], variance=0.0398, QRS count=6
2025-10-09 11:54:57,898 [DEBUG] Accepted segment [14848:15872], variance=0.0393, QRS count=5
2025-10-09 11:54:57,930 [DEBUG] Accepted segment [15360:16384], variance=0.0346, QRS count=6
2025-10-09 11:54:57,967 [DEBUG] Accepted segment [15872:16896], variance=0.0356, QRS count=5
2025-10-09 11:54:57,997 [DEBUG] Accepted segment [16384:17408], variance=0.0412, QRS count=5
2025-10-09 11:54:58,040 [DEBUG] Accepted segment [16896:17920], variance=0.0429, QRS count=5
2025-10-09 11:54:58,064 [DEBUG] Accepted segment [17408:18432], variance=0.0438, QRS count=5
2025-10-09 11:54:58,087 [DEBUG] Accepted segment [17920:18944], variance=0.0445, QRS count=5
2025-10-09 11:54:58,106 [DEBUG] Accepted segment [18432:19456], variance=0.0446, QRS count=5
2025-10-09 11:54:58,126 [DEBUG] Accepted segment [18944:19968], variance=0.0441, QRS count=5
2025-10-09 11:54:58,144 [DEBUG] Accepted segment [19456:20480], variance=0.0441, QRS count=5
2025-10-09 11:54:58,161 [DEBUG] Accepted segment [19968:20992], variance=0.0429, QRS count=5
2025-10-09 11:54:58,178 [DEBUG] Accepted segment [20480:21504], variance=0.0406, QRS count=5
2025-10-09 11:54:58,195 [DEBUG] Accepted segment [20992:22016], variance=0.0402, QRS count=5
2025-10-09 11:54:58,215 [DEBUG] Accepted segment [21504:22528], variance=0.0406, QRS count=5
2025-10-09 11:54:58,235 [DEBUG] Accepted segment [22016:23040], variance=0.0405, QRS count=5
2025-10-09 11:54:58,257 [DEBUG] Accepted segment [22528:23552], variance=0.0406, QRS count=5
2025-10-09 11:54:58,277 [DEBUG] Accepted segment [23040:24064], variance=0.0412, QRS count=5
2025-10-09 11:54:58,295 [DEBUG] Accepted segment [23552:24576], variance=0.0423, QRS count=5
2025-10-09 11:54:58,315 [DEBUG] Accepted segment [24064:25088], variance=0.0420, QRS count=6
2025-10-09 11:54:58,337 [DEBUG] Accepted segment [24576:25600], variance=0.0412, QRS count=6
2025-10-09 11:54:58,355 [DEBUG] Accepted segment [25088:26112], variance=0.0412, QRS count=6
2025-10-09 11:54:58,374 [DEBUG] Accepted segment [25600:26624], variance=0.0407, QRS count=6
2025-10-09 11:54:58,393 [DEBUG] Accepted segment [26112:27136], variance=0.0394, QRS count=6
2025-10-09 11:54:58,411 [DEBUG] Accepted segment [26624:27648], variance=0.0471, QRS count=6
2025-10-09 11:54:58,434 [DEBUG] Accepted segment [27136:28160], variance=0.0493, QRS count=6
2025-10-09 11:54:58,453 [DEBUG] Accepted segment [27648:28672], variance=0.0420, QRS count=6
2025-10-09 11:54:58,476 [DEBUG] Accepted segment [28160:29184], variance=0.0394, QRS count=5
2025-10-09 11:54:58,501 [DEBUG] Accepted segment [28672:29696], variance=0.0345, QRS count=5
2025-10-09 11:54:58,531 [DEBUG] Accepted segment [29184:30208], variance=0.0353, QRS count=5
2025-10-09 11:54:58,558 [DEBUG] Accepted segment [29696:30720], variance=0.0395, QRS count=5
2025-10-09 11:54:58,583 [DEBUG] Accepted segment [30208:31232], variance=0.0400, QRS count=5
2025-10-09 11:54:58,610 [DEBUG] Accepted segment [30720:31744], variance=0.0419, QRS count=5
2025-10-09 11:54:58,636 [DEBUG] Accepted segment [31232:32256], variance=0.0425, QRS count=5
2025-10-09 11:54:58,664 [DEBUG] Accepted segment [31744:32768], variance=0.0409, QRS count=5
2025-10-09 11:54:58,689 [DEBUG] Accepted segment [32256:33280], variance=0.0398, QRS count=5
2025-10-09 11:54:58,709 [DEBUG] Accepted segment [32768:33792], variance=0.0410, QRS count=5
2025-10-09 11:54:58,731 [DEBUG] Accepted segment [33280:34304], variance=0.0416, QRS count=5
2025-10-09 11:54:58,749 [DEBUG] Accepted segment [33792:34816], variance=0.0405, QRS count=5
2025-10-09 11:54:58,770 [DEBUG] Accepted segment [34304:35328], variance=0.0395, QRS count=6
2025-10-09 11:54:58,786 [DEBUG] Accepted segment [34816:35840], variance=0.0397, QRS count=6
2025-10-09 11:54:58,805 [DEBUG] Accepted segment [35328:36352], variance=0.0419, QRS count=6
2025-10-09 11:54:58,825 [DEBUG] Accepted segment [35840:36864], variance=0.0427, QRS count=6
2025-10-09 11:54:58,845 [DEBUG] Accepted segment [36352:37376], variance=0.0419, QRS count=6
2025-10-09 11:54:58,868 [DEBUG] Accepted segment [36864:37888], variance=0.0411, QRS count=6
2025-10-09 11:54:58,885 [DEBUG] Accepted segment [37376:38400], variance=0.0402, QRS count=5
2025-10-09 11:54:58,907 [DEBUG] Accepted segment [37888:38912], variance=0.0358, QRS count=6
2025-10-09 11:54:58,926 [DEBUG] Accepted segment [38400:39424], variance=0.0363, QRS count=5
2025-10-09 11:54:58,946 [DEBUG] Accepted segment [38912:39936], variance=0.0418, QRS count=5
2025-10-09 11:54:58,968 [DEBUG] Accepted segment [39424:40448], variance=0.0436, QRS count=5
2025-10-09 11:54:58,987 [DEBUG] Accepted segment [39936:40960], variance=0.0433, QRS count=5
2025-10-09 11:54:59,007 [DEBUG] Accepted segment [40448:41472], variance=0.0420, QRS count=5
2025-10-09 11:54:59,034 [DEBUG] Accepted segment [40960:41984], variance=0.0409, QRS count=5
2025-10-09 11:54:59,060 [DEBUG] Accepted segment [41472:42496], variance=0.0399, QRS count=6
2025-10-09 11:54:59,078 [DEBUG] Accepted segment [41984:43008], variance=0.0410, QRS count=6
2025-10-09 11:54:59,093 [DEBUG] Accepted segment [42496:43520], variance=0.0423, QRS count=6
2025-10-09 11:54:59,107 [DEBUG] Accepted segment [43008:44032], variance=0.0413, QRS count=6
2025-10-09 11:54:59,121 [DEBUG] Accepted segment [43520:44544], variance=0.0393, QRS count=6
2025-10-09 11:54:59,135 [DEBUG] Accepted segment [44032:45056], variance=0.0401, QRS count=6
2025-10-09 11:54:59,151 [DEBUG] Accepted segment [44544:45568], variance=0.0421, QRS count=6
2025-10-09 11:54:59,164 [DEBUG] Accepted segment [45056:46080], variance=0.0420, QRS count=6
2025-10-09 11:54:59,179 [DEBUG] Accepted segment [45568:46592], variance=0.0406, QRS count=6
2025-10-09 11:54:59,192 [DEBUG] Accepted segment [46080:47104], variance=0.0402, QRS count=6
2025-10-09 11:54:59,206 [DEBUG] Accepted segment [46592:47616], variance=0.0409, QRS count=6
2025-10-09 11:54:59,222 [DEBUG] Accepted segment [47104:48128], variance=0.0409, QRS count=6
2025-10-09 11:54:59,257 [DEBUG] Accepted segment [47616:48640], variance=0.0406, QRS count=6
2025-10-09 11:54:59,273 [DEBUG] Accepted segment [48128:49152], variance=0.0408, QRS count=5
2025-10-09 11:54:59,300 [DEBUG] Accepted segment [48640:49664], variance=0.0422, QRS count=5
2025-10-09 11:54:59,319 [DEBUG] Accepted segment [49152:50176], variance=0.0407, QRS count=5
2025-10-09 11:54:59,339 [DEBUG] Accepted segment [49664:50688], variance=0.0342, QRS count=6
2025-10-09 11:54:59,354 [DEBUG] Accepted segment [50176:51200], variance=0.0361, QRS count=5
2025-10-09 11:54:59,377 [DEBUG] Accepted segment [50688:51712], variance=0.0422, QRS count=5
2025-10-09 11:54:59,397 [DEBUG] Accepted segment [51200:52224], variance=0.0421, QRS count=5
2025-10-09 11:54:59,411 [DEBUG] Accepted segment [51712:52736], variance=0.0413, QRS count=5
2025-10-09 11:54:59,427 [DEBUG] Accepted segment [52224:53248], variance=0.0424, QRS count=5
2025-10-09 11:54:59,442 [DEBUG] Accepted segment [52736:53760], variance=0.0428, QRS count=5
2025-10-09 11:54:59,458 [DEBUG] Accepted segment [53248:54272], variance=0.0407, QRS count=6
2025-10-09 11:54:59,477 [DEBUG] Accepted segment [53760:54784], variance=0.0401, QRS count=6
2025-10-09 11:54:59,498 [DEBUG] Accepted segment [54272:55296], variance=0.0403, QRS count=6
2025-10-09 11:54:59,515 [DEBUG] Accepted segment [54784:55808], variance=0.0409, QRS count=6
2025-10-09 11:54:59,533 [DEBUG] Accepted segment [55296:56320], variance=0.0409, QRS count=5
2025-10-09 11:54:59,549 [DEBUG] Accepted segment [55808:56832], variance=0.0340, QRS count=6
2025-10-09 11:54:59,567 [DEBUG] Accepted segment [56320:57344], variance=0.0343, QRS count=5
2025-10-09 11:54:59,586 [DEBUG] Accepted segment [56832:57856], variance=0.0403, QRS count=5
2025-10-09 11:54:59,615 [DEBUG] Accepted segment [57344:58368], variance=0.0385, QRS count=5
2025-10-09 11:54:59,640 [DEBUG] Accepted segment [57856:58880], variance=0.0381, QRS count=5
2025-10-09 11:54:59,669 [DEBUG] Accepted segment [58368:59392], variance=0.0402, QRS count=5
2025-10-09 11:54:59,693 [DEBUG] Accepted segment [58880:59904], variance=0.0411, QRS count=5
2025-10-09 11:54:59,715 [DEBUG] Accepted segment [59392:60416], variance=0.0399, QRS count=5
2025-10-09 11:54:59,735 [DEBUG] Accepted segment [59904:60928], variance=0.0400, QRS count=6
2025-10-09 11:54:59,764 [DEBUG] Accepted segment [60416:61440], variance=0.0408, QRS count=6
2025-10-09 11:54:59,790 [DEBUG] Accepted segment [60928:61952], variance=0.0404, QRS count=6
2025-10-09 11:54:59,814 [DEBUG] Accepted segment [61440:62464], variance=0.0402, QRS count=6
2025-10-09 11:54:59,841 [DEBUG] Accepted segment [61952:62976], variance=0.0393, QRS count=5
2025-10-09 11:54:59,871 [DEBUG] Accepted segment [62464:63488], variance=0.0352, QRS count=6
2025-10-09 11:54:59,895 [DEBUG] Accepted segment [62976:64000], variance=0.0403, QRS count=5
2025-10-09 11:54:59,925 [DEBUG] Accepted segment [63488:64512], variance=0.0450, QRS count=6
2025-10-09 11:54:59,961 [DEBUG] Accepted segment [64000:65024], variance=0.0414, QRS count=6
2025-10-09 11:54:59,999 [DEBUG] Accepted segment [64512:65536], variance=0.0425, QRS count=6
2025-10-09 11:55:00,051 [DEBUG] Accepted segment [65024:66048], variance=0.0414, QRS count=6
2025-10-09 11:55:00,081 [DEBUG] Accepted segment [65536:66560], variance=0.0358, QRS count=6
2025-10-09 11:55:00,110 [DEBUG] Accepted segment [66048:67072], variance=0.0355, QRS count=6
2025-10-09 11:55:00,134 [DEBUG] Accepted segment [66560:67584], variance=0.0398, QRS count=5
2025-10-09 11:55:00,172 [DEBUG] Accepted segment [67072:68096], variance=0.0410, QRS count=5
2025-10-09 11:55:00,204 [DEBUG] Accepted segment [67584:68608], variance=0.0393, QRS count=5
2025-10-09 11:55:00,221 [DEBUG] Accepted segment [68096:69120], variance=0.0400, QRS count=5
2025-10-09 11:55:00,239 [DEBUG] Accepted segment [68608:69632], variance=0.0419, QRS count=5
2025-10-09 11:55:00,260 [DEBUG] Accepted segment [69120:70144], variance=0.0409, QRS count=5
2025-10-09 11:55:00,287 [DEBUG] Accepted segment [69632:70656], variance=0.0407, QRS count=5
2025-10-09 11:55:00,314 [DEBUG] Accepted segment [70144:71168], variance=0.0428, QRS count=6
2025-10-09 11:55:00,341 [DEBUG] Accepted segment [70656:71680], variance=0.0434, QRS count=6
2025-10-09 11:55:00,370 [DEBUG] Accepted segment [71168:72192], variance=0.1024, QRS count=6
2025-10-09 11:55:00,388 [DEBUG] Accepted segment [71680:72704], variance=0.1012, QRS count=6
2025-10-09 11:55:00,410 [DEBUG] Accepted segment [72192:73216], variance=0.0421, QRS count=6
2025-10-09 11:55:00,431 [DEBUG] Accepted segment [72704:73728], variance=0.0443, QRS count=6
2025-10-09 11:55:00,454 [DEBUG] Accepted segment [73216:74240], variance=0.0363, QRS count=5
2025-10-09 11:55:00,467 [DEBUG] Accepted segment [73728:74752], variance=0.0346, QRS count=5
2025-10-09 11:55:00,486 [DEBUG] Accepted segment [74240:75264], variance=0.0419, QRS count=5
2025-10-09 11:55:00,507 [DEBUG] Accepted segment [74752:75776], variance=0.0424, QRS count=5
2025-10-09 11:55:00,532 [DEBUG] Accepted segment [75264:76288], variance=0.0417, QRS count=6
2025-10-09 11:55:00,549 [DEBUG] Accepted segment [75776:76800], variance=0.0351, QRS count=5
2025-10-09 11:55:00,566 [DEBUG] Accepted segment [76288:77312], variance=0.0362, QRS count=5
2025-10-09 11:55:00,585 [DEBUG] Accepted segment [76800:77824], variance=0.0426, QRS count=5
2025-10-09 11:55:00,608 [DEBUG] Accepted segment [77312:78336], variance=0.0413, QRS count=5
2025-10-09 11:55:00,631 [DEBUG] Accepted segment [77824:78848], variance=0.0425, QRS count=6
2025-10-09 11:55:00,661 [DEBUG] Accepted segment [78336:79360], variance=0.0376, QRS count=6
2025-10-09 11:55:00,684 [DEBUG] Accepted segment [78848:79872], variance=0.0357, QRS count=5
2025-10-09 11:55:00,701 [DEBUG] Accepted segment [79360:80384], variance=0.0419, QRS count=5
2025-10-09 11:55:00,725 [DEBUG] Accepted segment [79872:80896], variance=0.0437, QRS count=5
2025-10-09 11:55:00,743 [DEBUG] Accepted segment [80384:81408], variance=0.0438, QRS count=6
2025-10-09 11:55:00,762 [DEBUG] Accepted segment [80896:81920], variance=0.0365, QRS count=5
2025-10-09 11:55:00,778 [DEBUG] Accepted segment [81408:82432], variance=0.0377, QRS count=5
2025-10-09 11:55:00,796 [DEBUG] Accepted segment [81920:82944], variance=0.0453, QRS count=5
2025-10-09 11:55:00,818 [DEBUG] Accepted segment [82432:83456], variance=0.0444, QRS count=5
2025-10-09 11:55:00,834 [DEBUG] Accepted segment [82944:83968], variance=0.0439, QRS count=6
2025-10-09 11:55:00,857 [DEBUG] Accepted segment [83456:84480], variance=0.0381, QRS count=6
2025-10-09 11:55:00,875 [DEBUG] Accepted segment [83968:84992], variance=0.0375, QRS count=5
2025-10-09 11:55:00,896 [DEBUG] Accepted segment [84480:85504], variance=0.0438, QRS count=5
2025-10-09 11:55:00,919 [DEBUG] Accepted segment [84992:86016], variance=0.0450, QRS count=5
2025-10-09 11:55:00,939 [DEBUG] Accepted segment [85504:86528], variance=0.0438, QRS count=6
2025-10-09 11:55:00,962 [DEBUG] Accepted segment [86016:87040], variance=0.0395, QRS count=6
2025-10-09 11:55:00,985 [DEBUG] Accepted segment [86528:87552], variance=0.0371, QRS count=6
2025-10-09 11:55:01,013 [DEBUG] Accepted segment [87040:88064], variance=0.0333, QRS count=5
2025-10-09 11:55:01,037 [DEBUG] Accepted segment [87552:88576], variance=0.0367, QRS count=5
2025-10-09 11:55:01,061 [DEBUG] Accepted segment [88064:89088], variance=0.0441, QRS count=6
2025-10-09 11:55:01,088 [DEBUG] Accepted segment [88576:89600], variance=0.0408, QRS count=5
2025-10-09 11:55:01,111 [DEBUG] Accepted segment [89088:90112], variance=0.0355, QRS count=5
2025-10-09 11:55:01,139 [DEBUG] Accepted segment [89600:90624], variance=0.0369, QRS count=5
2025-10-09 11:55:01,161 [DEBUG] Accepted segment [90112:91136], variance=0.0406, QRS count=5
2025-10-09 11:55:01,187 [DEBUG] Accepted segment [90624:91648], variance=0.0398, QRS count=5
2025-10-09 11:55:01,205 [DEBUG] Accepted segment [91136:92160], variance=0.0410, QRS count=5
2025-10-09 11:55:01,235 [DEBUG] Accepted segment [91648:92672], variance=0.0432, QRS count=5
2025-10-09 11:55:01,251 [DEBUG] Accepted segment [92160:93184], variance=0.0428, QRS count=6
2025-10-09 11:55:01,266 [DEBUG] Accepted segment [92672:93696], variance=0.1231, QRS count=6
2025-10-09 11:55:01,277 [DEBUG] Accepted segment [93184:94208], variance=0.1247, QRS count=6
2025-10-09 11:55:01,287 [DEBUG] Accepted segment [93696:94720], variance=0.0461, QRS count=6
2025-10-09 11:55:01,297 [DEBUG] Accepted segment [94208:95232], variance=0.0474, QRS count=6
2025-10-09 11:55:01,307 [DEBUG] Accepted segment [94720:95744], variance=0.0470, QRS count=6
2025-10-09 11:55:01,316 [DEBUG] Accepted segment [95232:96256], variance=0.0389, QRS count=5
2025-10-09 11:55:01,325 [DEBUG] Accepted segment [95744:96768], variance=0.0370, QRS count=5
2025-10-09 11:55:01,333 [DEBUG] Accepted segment [96256:97280], variance=0.0435, QRS count=5
2025-10-09 11:55:01,342 [DEBUG] Accepted segment [96768:97792], variance=0.0446, QRS count=6
2025-10-09 11:55:01,350 [DEBUG] Accepted segment [97280:98304], variance=0.0436, QRS count=5
2025-10-09 11:55:01,358 [DEBUG] Accepted segment [97792:98816], variance=0.0419, QRS count=5
2025-10-09 11:55:01,366 [DEBUG] Accepted segment [98304:99328], variance=0.0424, QRS count=5
2025-10-09 11:55:01,374 [DEBUG] Accepted segment [98816:99840], variance=0.0469, QRS count=5
2025-10-09 11:55:01,381 [DEBUG] Accepted segment [99328:100352], variance=0.0437, QRS count=5
2025-10-09 11:55:01,389 [DEBUG] Accepted segment [99840:100864], variance=0.0338, QRS count=6
2025-10-09 11:55:01,397 [DEBUG] Accepted segment [100352:101376], variance=0.0349, QRS count=6
2025-10-09 11:55:01,405 [DEBUG] Accepted segment [100864:101888], variance=0.0390, QRS count=5
2025-10-09 11:55:01,413 [DEBUG] Accepted segment [101376:102400], variance=0.0407, QRS count=5
2025-10-09 11:55:01,420 [DEBUG] Accepted segment [101888:102912], variance=0.0429, QRS count=5
2025-10-09 11:55:01,428 [DEBUG] Accepted segment [102400:103424], variance=0.0422, QRS count=5
2025-10-09 11:55:01,436 [DEBUG] Accepted segment [102912:103936], variance=0.0401, QRS count=6
2025-10-09 11:55:01,444 [DEBUG] Accepted segment [103424:104448], variance=0.0405, QRS count=6
2025-10-09 11:55:01,451 [DEBUG] Accepted segment [103936:104960], variance=0.0415, QRS count=6
2025-10-09 11:55:01,458 [DEBUG] Accepted segment [104448:105472], variance=0.0408, QRS count=6
2025-10-09 11:55:01,465 [DEBUG] Accepted segment [104960:105984], variance=0.0404, QRS count=6
2025-10-09 11:55:01,466 [DEBUG] Skipping segment [105472:106496] due to overlap with noise [106400:107000]
2025-10-09 11:55:01,466 [DEBUG] Skipping segment [105984:107008] due to overlap with noise [106400:107000]
2025-10-09 11:55:01,466 [DEBUG] Skipping segment [106496:107520] due to overlap with noise [106400:107000]
2025-10-09 11:55:01,472 [DEBUG] Accepted segment [107008:108032], variance=0.0702, QRS count=6
2025-10-09 11:55:01,479 [DEBUG] Accepted segment [107520:108544], variance=0.0616, QRS count=6
2025-10-09 11:55:01,486 [DEBUG] Accepted segment [108032:109056], variance=0.0688, QRS count=7
2025-10-09 11:55:01,494 [DEBUG] Accepted segment [108544:109568], variance=0.0644, QRS count=6
2025-10-09 11:55:01,501 [DEBUG] Accepted segment [109056:110080], variance=0.0488, QRS count=6
2025-10-09 11:55:01,508 [DEBUG] Accepted segment [109568:110592], variance=0.0477, QRS count=6
2025-10-09 11:55:01,515 [DEBUG] Accepted segment [110080:111104], variance=0.0440, QRS count=6
2025-10-09 11:55:01,522 [DEBUG] Accepted segment [110592:111616], variance=0.0451, QRS count=7
2025-10-09 11:55:01,529 [DEBUG] Accepted segment [111104:112128], variance=0.0552, QRS count=6
2025-10-09 11:55:01,535 [DEBUG] Accepted segment [111616:112640], variance=0.0556, QRS count=6
2025-10-09 11:55:01,542 [DEBUG] Accepted segment [112128:113152], variance=0.0543, QRS count=6
2025-10-09 11:55:01,548 [DEBUG] Accepted segment [112640:113664], variance=0.0555, QRS count=6
2025-10-09 11:55:01,554 [DEBUG] Accepted segment [113152:114176], variance=0.0560, QRS count=5
2025-10-09 11:55:01,561 [DEBUG] Accepted segment [113664:114688], variance=0.0558, QRS count=5
2025-10-09 11:55:01,567 [DEBUG] Accepted segment [114176:115200], variance=0.0667, QRS count=5
2025-10-09 11:55:01,573 [DEBUG] Accepted segment [114688:115712], variance=0.0741, QRS count=6
2025-10-09 11:55:01,580 [DEBUG] Accepted segment [115200:116224], variance=0.0637, QRS count=6
2025-10-09 11:55:01,587 [DEBUG] Accepted segment [115712:116736], variance=0.0559, QRS count=6
2025-10-09 11:55:01,594 [DEBUG] Accepted segment [116224:117248], variance=0.0528, QRS count=6
2025-10-09 11:55:01,600 [DEBUG] Accepted segment [116736:117760], variance=0.0522, QRS count=5
2025-10-09 11:55:01,606 [DEBUG] Accepted segment [117248:118272], variance=0.0472, QRS count=6
2025-10-09 11:55:01,612 [DEBUG] Accepted segment [117760:118784], variance=0.0471, QRS count=5
2025-10-09 11:55:01,618 [DEBUG] Accepted segment [118272:119296], variance=0.0569, QRS count=5
2025-10-09 11:55:01,625 [DEBUG] Accepted segment [118784:119808], variance=0.0603, QRS count=5
2025-10-09 11:55:01,631 [DEBUG] Accepted segment [119296:120320], variance=0.0607, QRS count=5
2025-10-09 11:55:01,637 [DEBUG] Accepted segment [119808:120832], variance=0.0601, QRS count=6
2025-10-09 11:55:01,643 [DEBUG] Accepted segment [120320:121344], variance=0.0600, QRS count=6
2025-10-09 11:55:01,650 [DEBUG] Accepted segment [120832:121856], variance=0.0599, QRS count=6
2025-10-09 11:55:01,656 [DEBUG] Accepted segment [121344:122368], variance=0.0489, QRS count=5
2025-10-09 11:55:01,662 [DEBUG] Accepted segment [121856:122880], variance=0.0471, QRS count=5
2025-10-09 11:55:01,668 [DEBUG] Accepted segment [122368:123392], variance=0.0592, QRS count=5
2025-10-09 11:55:01,674 [DEBUG] Accepted segment [122880:123904], variance=0.0606, QRS count=5
2025-10-09 11:55:01,680 [DEBUG] Accepted segment [123392:124416], variance=0.0582, QRS count=5
2025-10-09 11:55:01,686 [DEBUG] Accepted segment [123904:124928], variance=0.0582, QRS count=6
2025-10-09 11:55:01,692 [DEBUG] Accepted segment [124416:125440], variance=0.0592, QRS count=6
2025-10-09 11:55:01,697 [DEBUG] Accepted segment [124928:125952], variance=0.0585, QRS count=5
2025-10-09 11:55:01,703 [DEBUG] Accepted segment [125440:126464], variance=0.0485, QRS count=5
2025-10-09 11:55:01,709 [DEBUG] Accepted segment [125952:126976], variance=0.0503, QRS count=5
2025-10-09 11:55:01,714 [DEBUG] Accepted segment [126464:127488], variance=0.0614, QRS count=5
2025-10-09 11:55:01,720 [DEBUG] Accepted segment [126976:128000], variance=0.0608, QRS count=5
2025-10-09 11:55:01,720 [INFO] Segmented signal of length 128000 into 246 valid segments
2025-10-09 11:55:03,515 [DEBUG] Accepted segment [0:1024], variance=0.0485, QRS count=5
2025-10-09 11:55:03,531 [DEBUG] Accepted segment [512:1536], variance=0.0603, QRS count=5
2025-10-09 11:55:03,551 [DEBUG] Accepted segment [1024:2048], variance=0.0717, QRS count=5
2025-10-09 11:55:03,569 [DEBUG] Accepted segment [1536:2560], variance=0.0797, QRS count=6
2025-10-09 11:55:03,600 [DEBUG] Accepted segment [2048:3072], variance=0.0709, QRS count=6
2025-10-09 11:55:03,615 [DEBUG] Accepted segment [2560:3584], variance=0.0522, QRS count=5
2025-10-09 11:55:03,628 [DEBUG] Accepted segment [3072:4096], variance=0.0484, QRS count=5
2025-10-09 11:55:03,643 [DEBUG] Accepted segment [3584:4608], variance=0.0533, QRS count=5
2025-10-09 11:55:03,662 [DEBUG] Accepted segment [4096:5120], variance=0.0519, QRS count=6
2025-10-09 11:55:03,680 [DEBUG] Accepted segment [4608:5632], variance=0.0539, QRS count=6
2025-10-09 11:55:03,699 [DEBUG] Accepted segment [5120:6144], variance=0.0559, QRS count=5
2025-10-09 11:55:03,715 [DEBUG] Accepted segment [5632:6656], variance=0.0539, QRS count=5
2025-10-09 11:55:03,732 [DEBUG] Accepted segment [6144:7168], variance=0.0528, QRS count=5
2025-10-09 11:55:03,745 [DEBUG] Accepted segment [6656:7680], variance=0.0470, QRS count=5
2025-10-09 11:55:03,754 [DEBUG] Accepted segment [7168:8192], variance=0.0480, QRS count=5
2025-10-09 11:55:03,767 [DEBUG] Accepted segment [7680:8704], variance=0.0566, QRS count=5
2025-10-09 11:55:03,781 [DEBUG] Accepted segment [8192:9216], variance=0.0601, QRS count=5
2025-10-09 11:55:03,796 [DEBUG] Accepted segment [8704:9728], variance=0.0621, QRS count=6
2025-10-09 11:55:03,812 [DEBUG] Accepted segment [9216:10240], variance=0.0520, QRS count=5
2025-10-09 11:55:03,825 [DEBUG] Accepted segment [9728:10752], variance=0.0495, QRS count=5
2025-10-09 11:55:03,839 [DEBUG] Accepted segment [10240:11264], variance=0.0569, QRS count=5
2025-10-09 11:55:03,851 [DEBUG] Accepted segment [10752:11776], variance=0.0581, QRS count=5
2025-10-09 11:55:03,865 [DEBUG] Accepted segment [11264:12288], variance=0.0586, QRS count=6
2025-10-09 11:55:03,878 [DEBUG] Accepted segment [11776:12800], variance=0.0491, QRS count=6
2025-10-09 11:55:03,891 [DEBUG] Accepted segment [12288:13312], variance=0.0499, QRS count=5
2025-10-09 11:55:03,904 [DEBUG] Accepted segment [12800:13824], variance=0.0607, QRS count=5
2025-10-09 11:55:03,917 [DEBUG] Accepted segment [13312:14336], variance=0.0595, QRS count=5
2025-10-09 11:55:03,929 [DEBUG] Accepted segment [13824:14848], variance=0.0566, QRS count=6
2025-10-09 11:55:03,942 [DEBUG] Accepted segment [14336:15360], variance=0.0585, QRS count=6
2025-10-09 11:55:03,958 [DEBUG] Accepted segment [14848:15872], variance=0.0575, QRS count=6
2025-10-09 11:55:03,984 [DEBUG] Accepted segment [15360:16384], variance=0.0520, QRS count=5
2025-10-09 11:55:04,003 [DEBUG] Accepted segment [15872:16896], variance=0.0511, QRS count=5
2025-10-09 11:55:04,028 [DEBUG] Accepted segment [16384:17408], variance=0.0506, QRS count=5
2025-10-09 11:55:04,052 [DEBUG] Accepted segment [16896:17920], variance=0.0476, QRS count=5
2025-10-09 11:55:04,077 [DEBUG] Accepted segment [17408:18432], variance=0.0447, QRS count=5
2025-10-09 11:55:04,105 [DEBUG] Accepted segment [17920:18944], variance=0.0474, QRS count=6
2025-10-09 11:55:04,133 [DEBUG] Accepted segment [18432:19456], variance=0.0513, QRS count=6
2025-10-09 11:55:04,156 [DEBUG] Accepted segment [18944:19968], variance=0.0520, QRS count=5
2025-10-09 11:55:04,179 [DEBUG] Accepted segment [19456:20480], variance=0.0518, QRS count=5
2025-10-09 11:55:04,205 [DEBUG] Accepted segment [19968:20992], variance=0.0535, QRS count=5
2025-10-09 11:55:04,225 [DEBUG] Accepted segment [20480:21504], variance=0.0570, QRS count=5
2025-10-09 11:55:04,246 [DEBUG] Accepted segment [20992:22016], variance=0.0584, QRS count=5
2025-10-09 11:55:04,269 [DEBUG] Accepted segment [21504:22528], variance=0.0589, QRS count=5
2025-10-09 11:55:04,291 [DEBUG] Accepted segment [22016:23040], variance=0.0598, QRS count=6
2025-10-09 11:55:04,316 [DEBUG] Accepted segment [22528:23552], variance=0.0604, QRS count=6
2025-10-09 11:55:04,343 [DEBUG] Accepted segment [23040:24064], variance=0.0594, QRS count=5
2025-10-09 11:55:04,369 [DEBUG] Accepted segment [23552:24576], variance=0.0598, QRS count=6
2025-10-09 11:55:04,392 [DEBUG] Accepted segment [24064:25088], variance=0.0620, QRS count=6
2025-10-09 11:55:04,417 [DEBUG] Accepted segment [24576:25600], variance=0.1251, QRS count=6
2025-10-09 11:55:04,444 [DEBUG] Accepted segment [25088:26112], variance=0.1270, QRS count=6
2025-10-09 11:55:04,466 [DEBUG] Accepted segment [25600:26624], variance=0.0756, QRS count=6
2025-10-09 11:55:04,487 [DEBUG] Accepted segment [26112:27136], variance=0.0709, QRS count=6
2025-10-09 11:55:04,511 [DEBUG] Accepted segment [26624:27648], variance=0.0589, QRS count=6
2025-10-09 11:55:04,534 [DEBUG] Accepted segment [27136:28160], variance=0.0584, QRS count=6
2025-10-09 11:55:04,555 [DEBUG] Accepted segment [27648:28672], variance=0.0565, QRS count=6
2025-10-09 11:55:04,569 [DEBUG] Accepted segment [28160:29184], variance=0.0559, QRS count=6
2025-10-09 11:55:04,586 [DEBUG] Accepted segment [28672:29696], variance=0.0563, QRS count=6
2025-10-09 11:55:04,614 [DEBUG] Accepted segment [29184:30208], variance=0.0540, QRS count=6
2025-10-09 11:55:04,638 [DEBUG] Accepted segment [29696:30720], variance=0.0480, QRS count=6
2025-10-09 11:55:04,655 [DEBUG] Accepted segment [30208:31232], variance=0.0466, QRS count=5
2025-10-09 11:55:04,674 [DEBUG] Accepted segment [30720:31744], variance=0.0484, QRS count=5
2025-10-09 11:55:04,701 [DEBUG] Accepted segment [31232:32256], variance=0.0523, QRS count=6
2025-10-09 11:55:04,725 [DEBUG] Accepted segment [31744:32768], variance=0.0579, QRS count=6
2025-10-09 11:55:04,746 [DEBUG] Accepted segment [32256:33280], variance=0.0605, QRS count=5
2025-10-09 11:55:04,766 [DEBUG] Accepted segment [32768:33792], variance=0.0593, QRS count=5
2025-10-09 11:55:04,786 [DEBUG] Accepted segment [33280:34304], variance=0.0577, QRS count=5
2025-10-09 11:55:04,804 [DEBUG] Accepted segment [33792:34816], variance=0.0579, QRS count=6
2025-10-09 11:55:04,824 [DEBUG] Accepted segment [34304:35328], variance=0.0569, QRS count=6
2025-10-09 11:55:04,849 [DEBUG] Accepted segment [34816:35840], variance=0.0569, QRS count=6
2025-10-09 11:55:04,876 [DEBUG] Accepted segment [35328:36352], variance=0.0586, QRS count=6
2025-10-09 11:55:04,908 [DEBUG] Accepted segment [35840:36864], variance=0.0496, QRS count=6
2025-10-09 11:55:04,937 [DEBUG] Accepted segment [36352:37376], variance=0.0498, QRS count=5
2025-10-09 11:55:04,963 [DEBUG] Accepted segment [36864:37888], variance=0.0598, QRS count=5
2025-10-09 11:55:04,992 [DEBUG] Accepted segment [37376:38400], variance=0.0608, QRS count=5
2025-10-09 11:55:05,017 [DEBUG] Accepted segment [37888:38912], variance=0.0619, QRS count=5
2025-10-09 11:55:05,038 [DEBUG] Accepted segment [38400:39424], variance=0.0603, QRS count=6
2025-10-09 11:55:05,061 [DEBUG] Accepted segment [38912:39936], variance=0.0589, QRS count=6
2025-10-09 11:55:05,087 [DEBUG] Accepted segment [39424:40448], variance=0.0607, QRS count=6
2025-10-09 11:55:05,130 [DEBUG] Accepted segment [39936:40960], variance=0.0523, QRS count=6
2025-10-09 11:55:05,161 [DEBUG] Accepted segment [40448:41472], variance=0.0519, QRS count=5
2025-10-09 11:55:05,196 [DEBUG] Accepted segment [40960:41984], variance=0.0605, QRS count=5
2025-10-09 11:55:05,239 [DEBUG] Accepted segment [41472:42496], variance=0.0594, QRS count=5
2025-10-09 11:55:05,284 [DEBUG] Accepted segment [41984:43008], variance=0.0573, QRS count=6
2025-10-09 11:55:05,309 [DEBUG] Accepted segment [42496:43520], variance=0.0570, QRS count=6
2025-10-09 11:55:05,346 [DEBUG] Accepted segment [43008:44032], variance=0.0501, QRS count=5
2025-10-09 11:55:05,381 [DEBUG] Accepted segment [43520:44544], variance=0.0484, QRS count=5
2025-10-09 11:55:05,412 [DEBUG] Accepted segment [44032:45056], variance=0.0558, QRS count=5
2025-10-09 11:55:05,463 [DEBUG] Accepted segment [44544:45568], variance=0.0570, QRS count=5
2025-10-09 11:55:05,568 [DEBUG] Accepted segment [45056:46080], variance=0.0533, QRS count=5
2025-10-09 11:55:05,647 [DEBUG] Accepted segment [45568:46592], variance=0.0483, QRS count=6
2025-10-09 11:55:05,699 [DEBUG] Accepted segment [46080:47104], variance=0.0507, QRS count=6
2025-10-09 11:55:05,744 [DEBUG] Accepted segment [46592:47616], variance=0.0576, QRS count=6
2025-10-09 11:55:05,780 [DEBUG] Accepted segment [47104:48128], variance=0.0606, QRS count=6
2025-10-09 11:55:05,813 [DEBUG] Accepted segment [47616:48640], variance=0.0595, QRS count=6
2025-10-09 11:55:05,853 [DEBUG] Accepted segment [48128:49152], variance=0.0510, QRS count=6
2025-10-09 11:55:05,886 [DEBUG] Accepted segment [48640:49664], variance=0.0516, QRS count=5
2025-10-09 11:55:05,914 [DEBUG] Accepted segment [49152:50176], variance=0.0585, QRS count=5
2025-10-09 11:55:05,943 [DEBUG] Accepted segment [49664:50688], variance=0.0584, QRS count=5
2025-10-09 11:55:05,975 [DEBUG] Accepted segment [50176:51200], variance=0.0589, QRS count=6
2025-10-09 11:55:06,019 [DEBUG] Accepted segment [50688:51712], variance=0.0584, QRS count=6
2025-10-09 11:55:06,051 [DEBUG] Accepted segment [51200:52224], variance=0.0501, QRS count=5
2025-10-09 11:55:06,099 [DEBUG] Accepted segment [51712:52736], variance=0.0509, QRS count=5
2025-10-09 11:55:06,118 [DEBUG] Accepted segment [52224:53248], variance=0.0593, QRS count=5
2025-10-09 11:55:06,135 [DEBUG] Accepted segment [52736:53760], variance=0.0583, QRS count=6
2025-10-09 11:55:06,159 [DEBUG] Accepted segment [53248:54272], variance=0.0595, QRS count=5
2025-10-09 11:55:06,183 [DEBUG] Accepted segment [53760:54784], variance=0.0531, QRS count=5
2025-10-09 11:55:06,207 [DEBUG] Accepted segment [54272:55296], variance=0.0531, QRS count=5
2025-10-09 11:55:06,226 [DEBUG] Accepted segment [54784:55808], variance=0.0593, QRS count=5
2025-10-09 11:55:06,246 [DEBUG] Accepted segment [55296:56320], variance=0.0602, QRS count=5
2025-10-09 11:55:06,268 [DEBUG] Accepted segment [55808:56832], variance=0.0621, QRS count=5
2025-10-09 11:55:06,291 [DEBUG] Accepted segment [56320:57344], variance=0.0596, QRS count=5
2025-10-09 11:55:06,311 [DEBUG] Accepted segment [56832:57856], variance=0.0563, QRS count=6
2025-10-09 11:55:06,338 [DEBUG] Accepted segment [57344:58368], variance=0.0567, QRS count=6
2025-10-09 11:55:06,358 [DEBUG] Accepted segment [57856:58880], variance=0.0583, QRS count=5
2025-10-09 11:55:06,378 [DEBUG] Accepted segment [58368:59392], variance=0.0492, QRS count=5
2025-10-09 11:55:06,398 [DEBUG] Accepted segment [58880:59904], variance=0.0492, QRS count=5
2025-10-09 11:55:06,417 [DEBUG] Accepted segment [59392:60416], variance=0.0592, QRS count=5
2025-10-09 11:55:06,437 [DEBUG] Accepted segment [59904:60928], variance=0.0586, QRS count=5
2025-10-09 11:55:06,459 [DEBUG] Accepted segment [60416:61440], variance=0.0579, QRS count=6
2025-10-09 11:55:06,483 [DEBUG] Accepted segment [60928:61952], variance=0.0584, QRS count=6
2025-10-09 11:55:06,507 [DEBUG] Accepted segment [61440:62464], variance=0.0588, QRS count=5
2025-10-09 11:55:06,530 [DEBUG] Accepted segment [61952:62976], variance=0.0565, QRS count=5
2025-10-09 11:55:06,553 [DEBUG] Accepted segment [62464:63488], variance=0.0485, QRS count=6
2025-10-09 11:55:06,574 [DEBUG] Accepted segment [62976:64000], variance=0.0508, QRS count=5
2025-10-09 11:55:06,600 [DEBUG] Accepted segment [63488:64512], variance=0.0608, QRS count=5
2025-10-09 11:55:06,623 [DEBUG] Accepted segment [64000:65024], variance=0.0619, QRS count=5
2025-10-09 11:55:06,644 [DEBUG] Accepted segment [64512:65536], variance=0.0587, QRS count=5
2025-10-09 11:55:06,671 [DEBUG] Accepted segment [65024:66048], variance=0.0603, QRS count=5
2025-10-09 11:55:06,704 [DEBUG] Accepted segment [65536:66560], variance=0.0623, QRS count=5
2025-10-09 11:55:06,732 [DEBUG] Accepted segment [66048:67072], variance=0.0612, QRS count=5
2025-10-09 11:55:06,759 [DEBUG] Accepted segment [66560:67584], variance=0.0614, QRS count=6
2025-10-09 11:55:06,784 [DEBUG] Accepted segment [67072:68096], variance=0.0627, QRS count=6
2025-10-09 11:55:06,808 [DEBUG] Accepted segment [67584:68608], variance=0.0535, QRS count=5
2025-10-09 11:55:06,835 [DEBUG] Accepted segment [68096:69120], variance=0.0529, QRS count=5
2025-10-09 11:55:06,858 [DEBUG] Accepted segment [68608:69632], variance=0.0620, QRS count=5
2025-10-09 11:55:06,887 [DEBUG] Accepted segment [69120:70144], variance=0.0512, QRS count=6
2025-10-09 11:55:06,915 [DEBUG] Accepted segment [69632:70656], variance=0.0508, QRS count=5
2025-10-09 11:55:06,937 [DEBUG] Accepted segment [70144:71168], variance=0.0623, QRS count=5
2025-10-09 11:55:06,965 [DEBUG] Accepted segment [70656:71680], variance=0.0649, QRS count=5
2025-10-09 11:55:06,991 [DEBUG] Accepted segment [71168:72192], variance=0.0649, QRS count=6
2025-10-09 11:55:07,023 [DEBUG] Accepted segment [71680:72704], variance=0.0643, QRS count=6
2025-10-09 11:55:07,050 [DEBUG] Accepted segment [72192:73216], variance=0.0546, QRS count=6
2025-10-09 11:55:07,076 [DEBUG] Accepted segment [72704:73728], variance=0.0550, QRS count=5
2025-10-09 11:55:07,100 [DEBUG] Accepted segment [73216:74240], variance=0.0646, QRS count=5
2025-10-09 11:55:07,139 [DEBUG] Accepted segment [73728:74752], variance=0.0630, QRS count=5
2025-10-09 11:55:07,167 [DEBUG] Accepted segment [74240:75264], variance=0.0623, QRS count=6
2025-10-09 11:55:07,187 [DEBUG] Accepted segment [74752:75776], variance=0.0621, QRS count=6
2025-10-09 11:55:07,204 [DEBUG] Accepted segment [75264:76288], variance=0.0509, QRS count=6
2025-10-09 11:55:07,222 [DEBUG] Accepted segment [75776:76800], variance=0.0518, QRS count=5
2025-10-09 11:55:07,239 [DEBUG] Accepted segment [76288:77312], variance=0.0641, QRS count=5
2025-10-09 11:55:07,260 [DEBUG] Accepted segment [76800:77824], variance=0.0659, QRS count=5
2025-10-09 11:55:07,279 [DEBUG] Accepted segment [77312:78336], variance=0.0647, QRS count=6
2025-10-09 11:55:07,297 [DEBUG] Accepted segment [77824:78848], variance=0.0543, QRS count=5
2025-10-09 11:55:07,323 [DEBUG] Accepted segment [78336:79360], variance=0.0534, QRS count=5
2025-10-09 11:55:07,349 [DEBUG] Accepted segment [78848:79872], variance=0.0600, QRS count=5
2025-10-09 11:55:07,368 [DEBUG] Accepted segment [79360:80384], variance=0.0605, QRS count=6
2025-10-09 11:55:07,393 [DEBUG] Accepted segment [79872:80896], variance=0.0530, QRS count=5
2025-10-09 11:55:07,416 [DEBUG] Accepted segment [80384:81408], variance=0.0525, QRS count=5
2025-10-09 11:55:07,447 [DEBUG] Accepted segment [80896:81920], variance=0.0614, QRS count=5
2025-10-09 11:55:07,490 [DEBUG] Accepted segment [81408:82432], variance=0.0623, QRS count=6
2025-10-09 11:55:07,537 [DEBUG] Accepted segment [81920:82944], variance=0.0606, QRS count=5
2025-10-09 11:55:07,578 [DEBUG] Accepted segment [82432:83456], variance=0.0508, QRS count=5
2025-10-09 11:55:07,628 [DEBUG] Accepted segment [82944:83968], variance=0.0525, QRS count=5
2025-10-09 11:55:07,682 [DEBUG] Accepted segment [83456:84480], variance=0.0618, QRS count=5
2025-10-09 11:55:07,723 [DEBUG] Accepted segment [83968:84992], variance=0.0601, QRS count=5
2025-10-09 11:55:07,786 [DEBUG] Accepted segment [84480:85504], variance=0.0589, QRS count=5
2025-10-09 11:55:07,852 [DEBUG] Accepted segment [84992:86016], variance=0.0579, QRS count=6
2025-10-09 11:55:07,902 [DEBUG] Accepted segment [85504:86528], variance=0.0604, QRS count=6
2025-10-09 11:55:07,953 [DEBUG] Accepted segment [86016:87040], variance=0.0538, QRS count=5
2025-10-09 11:55:08,029 [DEBUG] Accepted segment [86528:87552], variance=0.0515, QRS count=5
2025-10-09 11:55:08,109 [DEBUG] Accepted segment [87040:88064], variance=0.0609, QRS count=5
2025-10-09 11:55:08,176 [DEBUG] Accepted segment [87552:88576], variance=0.0617, QRS count=5
2025-10-09 11:55:08,230 [DEBUG] Accepted segment [88064:89088], variance=0.0498, QRS count=5
2025-10-09 11:55:08,274 [DEBUG] Accepted segment [88576:89600], variance=0.0489, QRS count=5
2025-10-09 11:55:08,303 [DEBUG] Accepted segment [89088:90112], variance=0.0603, QRS count=5
2025-10-09 11:55:08,327 [DEBUG] Accepted segment [89600:90624], variance=0.0612, QRS count=6
2025-10-09 11:55:08,392 [DEBUG] Accepted segment [90112:91136], variance=0.0612, QRS count=6
2025-10-09 11:55:08,420 [DEBUG] Accepted segment [90624:91648], variance=0.0535, QRS count=5
2025-10-09 11:55:08,445 [DEBUG] Accepted segment [91136:92160], variance=0.0552, QRS count=5
2025-10-09 11:55:08,482 [DEBUG] Accepted segment [91648:92672], variance=0.0635, QRS count=5
2025-10-09 11:55:08,532 [DEBUG] Accepted segment [92160:93184], variance=0.0609, QRS count=5
2025-10-09 11:55:08,587 [DEBUG] Accepted segment [92672:93696], variance=0.0534, QRS count=6
2025-10-09 11:55:08,654 [DEBUG] Accepted segment [93184:94208], variance=0.0553, QRS count=5
2025-10-09 11:55:08,705 [DEBUG] Accepted segment [93696:94720], variance=0.0625, QRS count=5
2025-10-09 11:55:08,774 [DEBUG] Accepted segment [94208:95232], variance=0.0619, QRS count=5
2025-10-09 11:55:08,825 [DEBUG] Accepted segment [94720:95744], variance=0.0629, QRS count=6
2025-10-09 11:55:08,863 [DEBUG] Accepted segment [95232:96256], variance=0.0528, QRS count=5
2025-10-09 11:55:08,889 [DEBUG] Accepted segment [95744:96768], variance=0.0525, QRS count=5
2025-10-09 11:55:08,918 [DEBUG] Accepted segment [96256:97280], variance=0.0625, QRS count=5
2025-10-09 11:55:08,952 [DEBUG] Accepted segment [96768:97792], variance=0.0602, QRS count=6
2025-10-09 11:55:08,990 [DEBUG] Accepted segment [97280:98304], variance=0.0574, QRS count=6
2025-10-09 11:55:09,067 [DEBUG] Accepted segment [97792:98816], variance=0.0569, QRS count=6
2025-10-09 11:55:09,104 [DEBUG] Accepted segment [98304:99328], variance=0.0501, QRS count=6
2025-10-09 11:55:09,168 [DEBUG] Accepted segment [98816:99840], variance=0.0510, QRS count=5
2025-10-09 11:55:09,232 [DEBUG] Accepted segment [99328:100352], variance=0.0579, QRS count=5
2025-10-09 11:55:09,309 [DEBUG] Accepted segment [99840:100864], variance=0.0583, QRS count=5
2025-10-09 11:55:09,348 [DEBUG] Accepted segment [100352:101376], variance=0.0604, QRS count=5
2025-10-09 11:55:09,410 [DEBUG] Accepted segment [100864:101888], variance=0.0593, QRS count=6
2025-10-09 11:55:09,490 [DEBUG] Accepted segment [101376:102400], variance=0.0568, QRS count=6
2025-10-09 11:55:09,553 [DEBUG] Accepted segment [101888:102912], variance=0.0552, QRS count=6
2025-10-09 11:55:09,608 [DEBUG] Accepted segment [102400:103424], variance=0.0554, QRS count=6
2025-10-09 11:55:09,672 [DEBUG] Accepted segment [102912:103936], variance=0.0574, QRS count=6
2025-10-09 11:55:09,736 [DEBUG] Accepted segment [103424:104448], variance=0.0576, QRS count=5
2025-10-09 11:55:09,801 [DEBUG] Accepted segment [103936:104960], variance=0.0472, QRS count=6
2025-10-09 11:55:09,851 [DEBUG] Accepted segment [104448:105472], variance=0.0462, QRS count=5
2025-10-09 11:55:09,916 [DEBUG] Accepted segment [104960:105984], variance=0.0554, QRS count=5
2025-10-09 11:55:09,994 [DEBUG] Accepted segment [105472:106496], variance=0.0562, QRS count=5
2025-10-09 11:55:10,075 [DEBUG] Accepted segment [105984:107008], variance=0.0543, QRS count=5
2025-10-09 11:55:10,140 [DEBUG] Accepted segment [106496:107520], variance=0.0518, QRS count=5
2025-10-09 11:55:10,218 [DEBUG] Accepted segment [107008:108032], variance=0.0523, QRS count=5
2025-10-09 11:55:10,289 [DEBUG] Accepted segment [107520:108544], variance=0.0539, QRS count=5
2025-10-09 11:55:10,419 [DEBUG] Accepted segment [108032:109056], variance=0.0543, QRS count=5
2025-10-09 11:55:10,547 [DEBUG] Accepted segment [108544:109568], variance=0.0531, QRS count=6
2025-10-09 11:55:10,645 [DEBUG] Accepted segment [109056:110080], variance=0.0515, QRS count=6
2025-10-09 11:55:10,725 [DEBUG] Accepted segment [109568:110592], variance=0.0521, QRS count=6
2025-10-09 11:55:10,801 [DEBUG] Accepted segment [110080:111104], variance=0.1279, QRS count=6
2025-10-09 11:55:10,857 [DEBUG] Accepted segment [110592:111616], variance=0.1293, QRS count=5
2025-10-09 11:55:10,929 [DEBUG] Accepted segment [111104:112128], variance=0.0552, QRS count=6
2025-10-09 11:55:10,998 [DEBUG] Accepted segment [111616:112640], variance=0.0537, QRS count=6
2025-10-09 11:55:11,054 [DEBUG] Accepted segment [112128:113152], variance=0.0532, QRS count=6
2025-10-09 11:55:11,131 [DEBUG] Accepted segment [112640:113664], variance=0.0558, QRS count=6
2025-10-09 11:55:11,189 [DEBUG] Accepted segment [113152:114176], variance=0.0582, QRS count=5
2025-10-09 11:55:11,270 [DEBUG] Accepted segment [113664:114688], variance=0.0514, QRS count=6
2025-10-09 11:55:11,320 [DEBUG] Accepted segment [114176:115200], variance=0.0525, QRS count=5
2025-10-09 11:55:11,376 [DEBUG] Accepted segment [114688:115712], variance=0.0596, QRS count=5
2025-10-09 11:55:11,415 [DEBUG] Accepted segment [115200:116224], variance=0.0584, QRS count=5
2025-10-09 11:55:11,467 [DEBUG] Accepted segment [115712:116736], variance=0.0515, QRS count=6
2025-10-09 11:55:11,505 [DEBUG] Accepted segment [116224:117248], variance=0.0530, QRS count=5
2025-10-09 11:55:11,554 [DEBUG] Accepted segment [116736:117760], variance=0.0609, QRS count=5
2025-10-09 11:55:11,606 [DEBUG] Accepted segment [117248:118272], variance=0.0628, QRS count=5
2025-10-09 11:55:11,643 [DEBUG] Accepted segment [117760:118784], variance=0.0637, QRS count=6
2025-10-09 11:55:11,682 [DEBUG] Accepted segment [118272:119296], variance=0.0609, QRS count=6
2025-10-09 11:55:11,722 [DEBUG] Accepted segment [118784:119808], variance=0.0506, QRS count=6
2025-10-09 11:55:11,723 [DEBUG] Skipping segment [119296:120320] due to overlap with noise [120200:120500]
2025-10-09 11:55:11,723 [DEBUG] Skipping segment [119808:120832] due to overlap with noise [120200:120500]
2025-10-09 11:55:11,723 [DEBUG] Skipping segment [120320:121344] due to overlap with noise [120200:120500]
2025-10-09 11:55:11,776 [DEBUG] Accepted segment [120832:121856], variance=0.0428, QRS count=6
2025-10-09 11:55:11,827 [DEBUG] Accepted segment [121344:122368], variance=0.0406, QRS count=6
2025-10-09 11:55:11,865 [DEBUG] Accepted segment [121856:122880], variance=0.0365, QRS count=6
2025-10-09 11:55:11,904 [DEBUG] Accepted segment [122368:123392], variance=0.0401, QRS count=5
2025-10-09 11:55:11,942 [DEBUG] Accepted segment [122880:123904], variance=0.0464, QRS count=6
2025-10-09 11:55:11,965 [DEBUG] Accepted segment [123392:124416], variance=0.0520, QRS count=6
2025-10-09 11:55:11,994 [DEBUG] Accepted segment [123904:124928], variance=0.0439, QRS count=5
2025-10-09 11:55:12,029 [DEBUG] Accepted segment [124416:125440], variance=0.0354, QRS count=5
2025-10-09 11:55:12,065 [DEBUG] Accepted segment [124928:125952], variance=0.0386, QRS count=5
2025-10-09 11:55:12,091 [DEBUG] Accepted segment [125440:126464], variance=0.0365, QRS count=5
2025-10-09 11:55:12,116 [DEBUG] Accepted segment [125952:126976], variance=0.0365, QRS count=6
2025-10-09 11:55:12,138 [DEBUG] Accepted segment [126464:127488], variance=0.0327, QRS count=5
2025-10-09 11:55:12,166 [DEBUG] Accepted segment [126976:128000], variance=0.0324, QRS count=5
2025-10-09 11:55:12,174 [INFO] Segmented signal of length 128000 into 246 valid segments
2025-10-09 11:55:13,679 [DEBUG] Skipping segment [0:1024] due to overlap with noise [0:400]
2025-10-09 11:55:13,724 [DEBUG] Accepted segment [512:1536], variance=0.0713, QRS count=4
2025-10-09 11:55:13,802 [DEBUG] Accepted segment [1024:2048], variance=0.0615, QRS count=4
2025-10-09 11:55:13,809 [DEBUG] Skipping segment [1536:2560] due to overlap with noise [2400:3800]
2025-10-09 11:55:13,814 [DEBUG] Skipping segment [2048:3072] due to overlap with noise [2400:3800]
2025-10-09 11:55:13,816 [DEBUG] Skipping segment [2560:3584] due to overlap with noise [2400:3800]
2025-10-09 11:55:13,818 [DEBUG] Skipping segment [3072:4096] due to overlap with noise [2400:3800]
2025-10-09 11:55:13,818 [DEBUG] Skipping segment [3584:4608] due to overlap with noise [2400:3800]
2025-10-09 11:55:13,893 [DEBUG] Accepted segment [4096:5120], variance=0.0638, QRS count=4
2025-10-09 11:55:13,941 [DEBUG] Accepted segment [4608:5632], variance=0.0595, QRS count=4
2025-10-09 11:55:13,980 [DEBUG] Accepted segment [5120:6144], variance=0.0630, QRS count=5
2025-10-09 11:55:14,035 [DEBUG] Accepted segment [5632:6656], variance=0.0667, QRS count=4
2025-10-09 11:55:14,080 [DEBUG] Accepted segment [6144:7168], variance=0.0610, QRS count=4
2025-10-09 11:55:14,126 [DEBUG] Accepted segment [6656:7680], variance=0.0560, QRS count=4
2025-10-09 11:55:14,163 [DEBUG] Accepted segment [7168:8192], variance=0.0571, QRS count=4
2025-10-09 11:55:14,202 [DEBUG] Accepted segment [7680:8704], variance=0.0666, QRS count=4
2025-10-09 11:55:14,228 [DEBUG] Accepted segment [8192:9216], variance=0.0678, QRS count=4
2025-10-09 11:55:14,261 [DEBUG] Accepted segment [8704:9728], variance=0.0588, QRS count=4
2025-10-09 11:55:14,300 [DEBUG] Accepted segment [9216:10240], variance=0.0635, QRS count=5
2025-10-09 11:55:14,333 [DEBUG] Accepted segment [9728:10752], variance=0.0676, QRS count=4
2025-10-09 11:55:14,363 [DEBUG] Accepted segment [10240:11264], variance=0.0598, QRS count=4
2025-10-09 11:55:14,400 [DEBUG] Accepted segment [10752:11776], variance=0.0615, QRS count=4
2025-10-09 11:55:14,432 [DEBUG] Accepted segment [11264:12288], variance=0.0670, QRS count=5
2025-10-09 11:55:14,456 [DEBUG] Accepted segment [11776:12800], variance=0.0617, QRS count=4
2025-10-09 11:55:14,481 [DEBUG] Accepted segment [12288:13312], variance=0.0684, QRS count=5
2025-10-09 11:55:14,510 [DEBUG] Accepted segment [12800:13824], variance=0.0672, QRS count=4
2025-10-09 11:55:14,539 [DEBUG] Accepted segment [13312:14336], variance=0.0669, QRS count=5
2025-10-09 11:55:14,568 [DEBUG] Accepted segment [13824:14848], variance=0.0698, QRS count=4
2025-10-09 11:55:14,593 [DEBUG] Accepted segment [14336:15360], variance=0.0721, QRS count=5
2025-10-09 11:55:14,617 [DEBUG] Accepted segment [14848:15872], variance=0.0806, QRS count=5
2025-10-09 11:55:14,641 [DEBUG] Accepted segment [15360:16384], variance=0.0725, QRS count=6
2025-10-09 11:55:14,664 [DEBUG] Accepted segment [15872:16896], variance=0.0769, QRS count=5
2025-10-09 11:55:14,687 [DEBUG] Accepted segment [16384:17408], variance=0.0851, QRS count=5
2025-10-09 11:55:14,709 [DEBUG] Accepted segment [16896:17920], variance=0.0787, QRS count=6
2025-10-09 11:55:14,728 [DEBUG] Accepted segment [17408:18432], variance=0.0684, QRS count=5
2025-10-09 11:55:14,745 [DEBUG] Accepted segment [17920:18944], variance=0.0600, QRS count=4
2025-10-09 11:55:14,770 [DEBUG] Accepted segment [18432:19456], variance=0.0654, QRS count=5
2025-10-09 11:55:14,793 [DEBUG] Accepted segment [18944:19968], variance=0.0706, QRS count=4
2025-10-09 11:55:14,814 [DEBUG] Accepted segment [19456:20480], variance=0.0615, QRS count=4
2025-10-09 11:55:14,832 [DEBUG] Accepted segment [19968:20992], variance=0.0565, QRS count=4
2025-10-09 11:55:14,852 [DEBUG] Accepted segment [20480:21504], variance=0.0658, QRS count=5
2025-10-09 11:55:14,874 [DEBUG] Accepted segment [20992:22016], variance=0.0707, QRS count=4
2025-10-09 11:55:14,894 [DEBUG] Accepted segment [21504:22528], variance=0.0634, QRS count=4
2025-10-09 11:55:14,913 [DEBUG] Accepted segment [22016:23040], variance=0.0587, QRS count=4
2025-10-09 11:55:14,927 [DEBUG] Accepted segment [22528:23552], variance=0.0665, QRS count=5
2025-10-09 11:55:14,927 [DEBUG] Skipping segment [23040:24064] due to overlap with noise [24000:24800]
2025-10-09 11:55:14,928 [DEBUG] Skipping segment [23552:24576] due to overlap with noise [24000:24800]
2025-10-09 11:55:14,928 [DEBUG] Skipping segment [24064:25088] due to overlap with noise [24000:24800]
2025-10-09 11:55:14,928 [DEBUG] Skipping segment [24576:25600] due to overlap with noise [24000:24800]
2025-10-09 11:55:14,943 [DEBUG] Accepted segment [25088:26112], variance=0.0705, QRS count=6
2025-10-09 11:55:14,966 [DEBUG] Accepted segment [25600:26624], variance=0.0701, QRS count=5
2025-10-09 11:55:14,981 [DEBUG] Accepted segment [26112:27136], variance=0.0624, QRS count=5
2025-10-09 11:55:14,998 [DEBUG] Accepted segment [26624:27648], variance=0.0628, QRS count=6
2025-10-09 11:55:15,014 [DEBUG] Accepted segment [27136:28160], variance=0.0622, QRS count=5
2025-10-09 11:55:15,028 [DEBUG] Accepted segment [27648:28672], variance=0.0545, QRS count=5
2025-10-09 11:55:15,047 [DEBUG] Accepted segment [28160:29184], variance=0.0639, QRS count=5
2025-10-09 11:55:15,061 [DEBUG] Accepted segment [28672:29696], variance=0.0645, QRS count=4
2025-10-09 11:55:15,080 [DEBUG] Accepted segment [29184:30208], variance=0.0619, QRS count=5
2025-10-09 11:55:15,090 [DEBUG] Accepted segment [29696:30720], variance=0.0662, QRS count=5
2025-10-09 11:55:15,106 [DEBUG] Accepted segment [30208:31232], variance=0.0584, QRS count=4
2025-10-09 11:55:15,122 [DEBUG] Accepted segment [30720:31744], variance=0.0632, QRS count=5
2025-10-09 11:55:15,137 [DEBUG] Accepted segment [31232:32256], variance=0.0687, QRS count=4
2025-10-09 11:55:15,153 [DEBUG] Accepted segment [31744:32768], variance=0.0606, QRS count=4
2025-10-09 11:55:15,171 [DEBUG] Accepted segment [32256:33280], variance=0.0556, QRS count=5
2025-10-09 11:55:15,190 [DEBUG] Accepted segment [32768:33792], variance=0.0653, QRS count=5
2025-10-09 11:55:15,209 [DEBUG] Accepted segment [33280:34304], variance=0.0680, QRS count=4
2025-10-09 11:55:15,227 [DEBUG] Accepted segment [33792:34816], variance=0.0583, QRS count=4
2025-10-09 11:55:15,241 [DEBUG] Accepted segment [34304:35328], variance=0.0639, QRS count=5
2025-10-09 11:55:15,258 [DEBUG] Accepted segment [34816:35840], variance=0.0667, QRS count=4
2025-10-09 11:55:15,276 [DEBUG] Accepted segment [35328:36352], variance=0.0591, QRS count=5
2025-10-09 11:55:15,292 [DEBUG] Accepted segment [35840:36864], variance=0.0674, QRS count=5
2025-10-09 11:55:15,307 [DEBUG] Accepted segment [36352:37376], variance=0.0672, QRS count=4
2025-10-09 11:55:15,323 [DEBUG] Accepted segment [36864:37888], variance=0.0556, QRS count=4
2025-10-09 11:55:15,337 [DEBUG] Accepted segment [37376:38400], variance=0.0645, QRS count=4
2025-10-09 11:55:15,352 [DEBUG] Accepted segment [37888:38912], variance=0.0696, QRS count=4
2025-10-09 11:55:15,367 [DEBUG] Accepted segment [38400:39424], variance=0.0600, QRS count=4
2025-10-09 11:55:15,381 [DEBUG] Accepted segment [38912:39936], variance=0.0560, QRS count=4
2025-10-09 11:55:15,397 [DEBUG] Accepted segment [39424:40448], variance=0.0663, QRS count=5
2025-10-09 11:55:15,408 [DEBUG] Accepted segment [39936:40960], variance=0.0676, QRS count=4
2025-10-09 11:55:15,419 [DEBUG] Accepted segment [40448:41472], variance=0.0587, QRS count=4
2025-10-09 11:55:15,432 [DEBUG] Accepted segment [40960:41984], variance=0.0638, QRS count=5
2025-10-09 11:55:15,444 [DEBUG] Accepted segment [41472:42496], variance=0.0685, QRS count=4
2025-10-09 11:55:15,454 [DEBUG] Accepted segment [41984:43008], variance=0.0633, QRS count=4
2025-10-09 11:55:15,466 [DEBUG] Accepted segment [42496:43520], variance=0.0641, QRS count=5
2025-10-09 11:55:15,477 [DEBUG] Accepted segment [43008:44032], variance=0.0666, QRS count=5
2025-10-09 11:55:15,490 [DEBUG] Accepted segment [43520:44544], variance=0.0613, QRS count=4
2025-10-09 11:55:15,502 [DEBUG] Accepted segment [44032:45056], variance=0.0696, QRS count=5
2025-10-09 11:55:15,512 [DEBUG] Accepted segment [44544:45568], variance=0.0793, QRS count=5
2025-10-09 11:55:15,524 [DEBUG] Accepted segment [45056:46080], variance=0.0745, QRS count=5
2025-10-09 11:55:15,538 [DEBUG] Accepted segment [45568:46592], variance=0.0689, QRS count=5
2025-10-09 11:55:15,551 [DEBUG] Accepted segment [46080:47104], variance=0.0612, QRS count=5
2025-10-09 11:55:15,566 [DEBUG] Accepted segment [46592:47616], variance=0.0675, QRS count=5
2025-10-09 11:55:15,580 [DEBUG] Accepted segment [47104:48128], variance=0.0667, QRS count=4
2025-10-09 11:55:15,594 [DEBUG] Accepted segment [47616:48640], variance=0.0650, QRS count=5
2025-10-09 11:55:15,609 [DEBUG] Accepted segment [48128:49152], variance=0.0693, QRS count=4
2025-10-09 11:55:15,622 [DEBUG] Accepted segment [48640:49664], variance=0.0693, QRS count=5
2025-10-09 11:55:15,634 [DEBUG] Accepted segment [49152:50176], variance=0.0686, QRS count=5
2025-10-09 11:55:15,649 [DEBUG] Accepted segment [49664:50688], variance=0.0699, QRS count=5
2025-10-09 11:55:15,663 [DEBUG] Accepted segment [50176:51200], variance=0.0716, QRS count=6
2025-10-09 11:55:15,672 [DEBUG] Accepted segment [50688:51712], variance=0.0602, QRS count=5
2025-10-09 11:55:15,678 [DEBUG] Accepted segment [51200:52224], variance=0.0649, QRS count=5
2025-10-09 11:55:15,687 [DEBUG] Accepted segment [51712:52736], variance=0.0633, QRS count=4
2025-10-09 11:55:15,704 [DEBUG] Accepted segment [0:1024], variance=0.0401, QRS count=6
2025-10-09 11:55:15,710 [DEBUG] Accepted segment [52224:53248], variance=0.0603, QRS count=5
2025-10-09 11:55:15,722 [DEBUG] Accepted segment [512:1536], variance=0.0419, QRS count=6
2025-10-09 11:55:15,732 [DEBUG] Accepted segment [52736:53760], variance=0.0668, QRS count=5
2025-10-09 11:55:15,738 [DEBUG] Accepted segment [1024:2048], variance=0.0415, QRS count=6
2025-10-09 11:55:15,753 [DEBUG] Accepted segment [53248:54272], variance=0.0604, QRS count=5
2025-10-09 11:55:15,759 [DEBUG] Accepted segment [1536:2560], variance=0.0390, QRS count=6
2025-10-09 11:55:15,768 [DEBUG] Accepted segment [53760:54784], variance=0.0667, QRS count=5
2025-10-09 11:55:15,782 [DEBUG] Accepted segment [2048:3072], variance=0.0377, QRS count=6
2025-10-09 11:55:15,785 [DEBUG] Accepted segment [54272:55296], variance=0.0659, QRS count=4
2025-10-09 11:55:15,799 [DEBUG] Accepted segment [2560:3584], variance=0.0409, QRS count=6
2025-10-09 11:55:15,807 [DEBUG] Accepted segment [54784:55808], variance=0.0629, QRS count=5
2025-10-09 11:55:15,821 [DEBUG] Accepted segment [3072:4096], variance=0.0414, QRS count=5
2025-10-09 11:55:15,823 [DEBUG] Accepted segment [55296:56320], variance=0.0680, QRS count=5
2025-10-09 11:55:15,840 [DEBUG] Accepted segment [55808:56832], variance=0.0606, QRS count=4
2025-10-09 11:55:15,842 [DEBUG] Accepted segment [3584:4608], variance=0.0384, QRS count=5
2025-10-09 11:55:15,861 [DEBUG] Accepted segment [56320:57344], variance=0.0672, QRS count=5
2025-10-09 11:55:15,862 [DEBUG] Accepted segment [4096:5120], variance=0.0392, QRS count=5
2025-10-09 11:55:15,882 [DEBUG] Accepted segment [4608:5632], variance=0.0402, QRS count=5
2025-10-09 11:55:15,884 [DEBUG] Accepted segment [56832:57856], variance=0.0676, QRS count=4
2025-10-09 11:55:15,903 [DEBUG] Accepted segment [57344:58368], variance=0.0666, QRS count=5
2025-10-09 11:55:15,911 [DEBUG] Accepted segment [5120:6144], variance=0.0394, QRS count=5
2025-10-09 11:55:15,927 [DEBUG] Accepted segment [57856:58880], variance=0.0669, QRS count=4
2025-10-09 11:55:15,931 [DEBUG] Accepted segment [5632:6656], variance=0.0395, QRS count=5
2025-10-09 11:55:15,949 [DEBUG] Accepted segment [58368:59392], variance=0.0631, QRS count=5
2025-10-09 11:55:15,962 [DEBUG] Accepted segment [58880:59904], variance=0.0658, QRS count=4
2025-10-09 11:55:15,976 [DEBUG] Accepted segment [6144:7168], variance=0.0415, QRS count=5
2025-10-09 11:55:15,983 [DEBUG] Accepted segment [59392:60416], variance=0.0663, QRS count=5
2025-10-09 11:55:15,998 [DEBUG] Accepted segment [6656:7680], variance=0.0433, QRS count=5
2025-10-09 11:55:16,007 [DEBUG] Accepted segment [59904:60928], variance=0.0609, QRS count=5
2025-10-09 11:55:16,029 [DEBUG] Accepted segment [7168:8192], variance=0.0412, QRS count=5
2025-10-09 11:55:16,034 [DEBUG] Accepted segment [60416:61440], variance=0.0636, QRS count=5
2025-10-09 11:55:16,051 [DEBUG] Accepted segment [7680:8704], variance=0.0387, QRS count=6
2025-10-09 11:55:16,064 [DEBUG] Accepted segment [60928:61952], variance=0.0645, QRS count=4
2025-10-09 11:55:16,068 [DEBUG] Accepted segment [8192:9216], variance=0.0424, QRS count=6
2025-10-09 11:55:16,088 [DEBUG] Accepted segment [61440:62464], variance=0.0635, QRS count=5
2025-10-09 11:55:16,091 [DEBUG] Accepted segment [8704:9728], variance=0.0459, QRS count=6
2025-10-09 11:55:16,113 [DEBUG] Accepted segment [61952:62976], variance=0.0681, QRS count=5
2025-10-09 11:55:16,115 [DEBUG] Accepted segment [9216:10240], variance=0.0427, QRS count=5
2025-10-09 11:55:16,136 [DEBUG] Accepted segment [62464:63488], variance=0.0672, QRS count=5
2025-10-09 11:55:16,147 [DEBUG] Accepted segment [9728:10752], variance=0.0465, QRS count=5
2025-10-09 11:55:16,150 [DEBUG] Accepted segment [62976:64000], variance=0.0674, QRS count=5
2025-10-09 11:55:16,166 [DEBUG] Accepted segment [63488:64512], variance=0.0614, QRS count=4
2025-10-09 11:55:16,169 [DEBUG] Accepted segment [10240:11264], variance=0.0452, QRS count=6
2025-10-09 11:55:16,185 [DEBUG] Accepted segment [64000:65024], variance=0.0665, QRS count=4
2025-10-09 11:55:16,189 [DEBUG] Accepted segment [10752:11776], variance=0.0496, QRS count=6
2025-10-09 11:55:16,204 [DEBUG] Accepted segment [64512:65536], variance=0.0698, QRS count=4
2025-10-09 11:55:16,209 [DEBUG] Accepted segment [11264:12288], variance=0.0525, QRS count=6
2025-10-09 11:55:16,223 [DEBUG] Accepted segment [11776:12800], variance=0.0397, QRS count=6
2025-10-09 11:55:16,226 [DEBUG] Accepted segment [65024:66048], variance=0.0600, QRS count=4
2025-10-09 11:55:16,244 [DEBUG] Accepted segment [65536:66560], variance=0.0562, QRS count=4
2025-10-09 11:55:16,252 [DEBUG] Accepted segment [12288:13312], variance=0.0377, QRS count=6
2025-10-09 11:55:16,261 [DEBUG] Accepted segment [66048:67072], variance=0.0646, QRS count=5
2025-10-09 11:55:16,276 [DEBUG] Accepted segment [12800:13824], variance=0.0388, QRS count=6
2025-10-09 11:55:16,279 [DEBUG] Accepted segment [66560:67584], variance=0.0682, QRS count=4
2025-10-09 11:55:16,295 [DEBUG] Accepted segment [13312:14336], variance=0.0378, QRS count=6
2025-10-09 11:55:16,301 [DEBUG] Accepted segment [67072:68096], variance=0.0609, QRS count=4
2025-10-09 11:55:16,313 [DEBUG] Accepted segment [13824:14848], variance=0.0385, QRS count=6
2025-10-09 11:55:16,323 [DEBUG] Accepted segment [67584:68608], variance=0.0569, QRS count=4
2025-10-09 11:55:16,337 [DEBUG] Accepted segment [14336:15360], variance=0.0398, QRS count=6
2025-10-09 11:55:16,339 [DEBUG] Accepted segment [68096:69120], variance=0.0652, QRS count=5
2025-10-09 11:55:16,357 [DEBUG] Accepted segment [14848:15872], variance=0.0393, QRS count=5
2025-10-09 11:55:16,359 [DEBUG] Accepted segment [68608:69632], variance=0.0696, QRS count=4
2025-10-09 11:55:16,373 [DEBUG] Accepted segment [15360:16384], variance=0.0346, QRS count=6
2025-10-09 11:55:16,384 [DEBUG] Accepted segment [69120:70144], variance=0.0609, QRS count=4
2025-10-09 11:55:16,398 [DEBUG] Accepted segment [69632:70656], variance=0.0629, QRS count=5
2025-10-09 11:55:16,403 [DEBUG] Accepted segment [15872:16896], variance=0.0356, QRS count=5
2025-10-09 11:55:16,415 [DEBUG] Accepted segment [70144:71168], variance=0.0675, QRS count=4
2025-10-09 11:55:16,428 [DEBUG] Accepted segment [70656:71680], variance=0.0603, QRS count=4
2025-10-09 11:55:16,433 [DEBUG] Accepted segment [16384:17408], variance=0.0412, QRS count=5
2025-10-09 11:55:16,446 [DEBUG] Accepted segment [16896:17920], variance=0.0429, QRS count=5
2025-10-09 11:55:16,455 [DEBUG] Accepted segment [71168:72192], variance=0.0674, QRS count=5
2025-10-09 11:55:16,464 [DEBUG] Accepted segment [17408:18432], variance=0.0438, QRS count=5
2025-10-09 11:55:16,474 [DEBUG] Accepted segment [71680:72704], variance=0.0668, QRS count=4
2025-10-09 11:55:16,491 [DEBUG] Accepted segment [17920:18944], variance=0.0445, QRS count=5
2025-10-09 11:55:16,492 [DEBUG] Accepted segment [72192:73216], variance=0.0556, QRS count=4
2025-10-09 11:55:16,509 [DEBUG] Accepted segment [72704:73728], variance=0.0672, QRS count=5
2025-10-09 11:55:16,515 [DEBUG] Accepted segment [18432:19456], variance=0.0446, QRS count=5
2025-10-09 11:55:16,528 [DEBUG] Accepted segment [73216:74240], variance=0.0669, QRS count=4
2025-10-09 11:55:16,536 [DEBUG] Accepted segment [18944:19968], variance=0.0441, QRS count=5
2025-10-09 11:55:16,544 [DEBUG] Accepted segment [73728:74752], variance=0.0551, QRS count=5
2025-10-09 11:55:16,558 [DEBUG] Accepted segment [19456:20480], variance=0.0441, QRS count=5
2025-10-09 11:55:16,563 [DEBUG] Accepted segment [74240:75264], variance=0.0668, QRS count=5
2025-10-09 11:55:16,578 [DEBUG] Accepted segment [74752:75776], variance=0.0669, QRS count=4
2025-10-09 11:55:16,581 [DEBUG] Accepted segment [19968:20992], variance=0.0429, QRS count=5
2025-10-09 11:55:16,596 [DEBUG] Accepted segment [75264:76288], variance=0.0631, QRS count=4
2025-10-09 11:55:16,603 [DEBUG] Accepted segment [20480:21504], variance=0.0406, QRS count=5
2025-10-09 11:55:16,626 [DEBUG] Accepted segment [75776:76800], variance=0.0682, QRS count=5
2025-10-09 11:55:16,646 [DEBUG] Accepted segment [20992:22016], variance=0.0402, QRS count=5
2025-10-09 11:55:16,668 [DEBUG] Accepted segment [76288:77312], variance=0.0602, QRS count=4
2025-10-09 11:55:16,700 [DEBUG] Accepted segment [21504:22528], variance=0.0406, QRS count=5
2025-10-09 11:55:16,705 [DEBUG] Accepted segment [76800:77824], variance=0.0663, QRS count=5
2025-10-09 11:55:16,745 [DEBUG] Accepted segment [22016:23040], variance=0.0405, QRS count=5
2025-10-09 11:55:16,746 [DEBUG] Accepted segment [77312:78336], variance=0.0746, QRS count=5
2025-10-09 11:55:16,775 [DEBUG] Accepted segment [22528:23552], variance=0.0406, QRS count=5
2025-10-09 11:55:16,785 [DEBUG] Accepted segment [77824:78848], variance=0.0747, QRS count=5
2025-10-09 11:55:16,802 [DEBUG] Accepted segment [23040:24064], variance=0.0412, QRS count=5
2025-10-09 11:55:16,816 [DEBUG] Accepted segment [78336:79360], variance=0.0700, QRS count=5
2025-10-09 11:55:16,831 [DEBUG] Accepted segment [23552:24576], variance=0.0423, QRS count=5
2025-10-09 11:55:16,835 [DEBUG] Accepted segment [78848:79872], variance=0.0689, QRS count=5
2025-10-09 11:55:16,856 [DEBUG] Accepted segment [79360:80384], variance=0.0664, QRS count=4
2025-10-09 11:55:16,861 [DEBUG] Accepted segment [24064:25088], variance=0.0420, QRS count=6
2025-10-09 11:55:16,879 [DEBUG] Accepted segment [79872:80896], variance=0.0676, QRS count=5
2025-10-09 11:55:16,884 [DEBUG] Accepted segment [24576:25600], variance=0.0412, QRS count=6
2025-10-09 11:55:16,903 [DEBUG] Accepted segment [80384:81408], variance=0.0665, QRS count=4
2025-10-09 11:55:16,906 [DEBUG] Accepted segment [25088:26112], variance=0.0412, QRS count=6
2025-10-09 11:55:16,926 [DEBUG] Accepted segment [80896:81920], variance=0.0647, QRS count=5
2025-10-09 11:55:16,928 [DEBUG] Accepted segment [25600:26624], variance=0.0407, QRS count=6
2025-10-09 11:55:16,940 [DEBUG] Accepted segment [81408:82432], variance=0.0655, QRS count=4
2025-10-09 11:55:16,957 [DEBUG] Accepted segment [81920:82944], variance=0.0642, QRS count=5
2025-10-09 11:55:16,959 [DEBUG] Accepted segment [26112:27136], variance=0.0394, QRS count=6
2025-10-09 11:55:16,978 [DEBUG] Accepted segment [26624:27648], variance=0.0471, QRS count=6
2025-10-09 11:55:16,985 [DEBUG] Accepted segment [82432:83456], variance=0.0676, QRS count=5
2025-10-09 11:55:17,000 [DEBUG] Accepted segment [27136:28160], variance=0.0493, QRS count=6
2025-10-09 11:55:17,003 [DEBUG] Accepted segment [82944:83968], variance=0.0592, QRS count=4
2025-10-09 11:55:17,022 [DEBUG] Accepted segment [83456:84480], variance=0.0646, QRS count=5
2025-10-09 11:55:17,027 [DEBUG] Accepted segment [27648:28672], variance=0.0420, QRS count=6
2025-10-09 11:55:17,040 [DEBUG] Accepted segment [83968:84992], variance=0.0657, QRS count=4
2025-10-09 11:55:17,049 [DEBUG] Accepted segment [28160:29184], variance=0.0394, QRS count=5
2025-10-09 11:55:17,065 [DEBUG] Accepted segment [84480:85504], variance=0.0633, QRS count=5
2025-10-09 11:55:17,072 [DEBUG] Accepted segment [28672:29696], variance=0.0345, QRS count=5
2025-10-09 11:55:17,081 [DEBUG] Accepted segment [84992:86016], variance=0.0668, QRS count=5
2025-10-09 11:55:17,095 [DEBUG] Accepted segment [29184:30208], variance=0.0353, QRS count=5
2025-10-09 11:55:17,101 [DEBUG] Accepted segment [85504:86528], variance=0.0680, QRS count=5
2025-10-09 11:55:17,119 [DEBUG] Accepted segment [29696:30720], variance=0.0395, QRS count=5
2025-10-09 11:55:17,122 [DEBUG] Accepted segment [86016:87040], variance=0.0652, QRS count=4
2025-10-09 11:55:17,138 [DEBUG] Accepted segment [30208:31232], variance=0.0400, QRS count=5
2025-10-09 11:55:17,146 [DEBUG] Accepted segment [86528:87552], variance=0.0649, QRS count=5
2025-10-09 11:55:17,162 [DEBUG] Accepted segment [87040:88064], variance=0.0665, QRS count=4
2025-10-09 11:55:17,165 [DEBUG] Accepted segment [30720:31744], variance=0.0419, QRS count=5
2025-10-09 11:55:17,184 [DEBUG] Accepted segment [87552:88576], variance=0.0640, QRS count=5
2025-10-09 11:55:17,187 [DEBUG] Accepted segment [31232:32256], variance=0.0425, QRS count=5
2025-10-09 11:55:17,202 [DEBUG] Accepted segment [88064:89088], variance=0.0637, QRS count=5
2025-10-09 11:55:17,218 [DEBUG] Accepted segment [88576:89600], variance=0.0630, QRS count=4
2025-10-09 11:55:17,220 [DEBUG] Accepted segment [31744:32768], variance=0.0409, QRS count=5
2025-10-09 11:55:17,239 [DEBUG] Accepted segment [32256:33280], variance=0.0398, QRS count=5
2025-10-09 11:55:17,241 [DEBUG] Accepted segment [89088:90112], variance=0.0606, QRS count=5
2025-10-09 11:55:17,259 [DEBUG] Accepted segment [89600:90624], variance=0.0560, QRS count=4
2025-10-09 11:55:17,265 [DEBUG] Accepted segment [32768:33792], variance=0.0410, QRS count=5
2025-10-09 11:55:17,283 [DEBUG] Accepted segment [33280:34304], variance=0.0416, QRS count=5
2025-10-09 11:55:17,285 [DEBUG] Accepted segment [90112:91136], variance=0.0542, QRS count=4
2025-10-09 11:55:17,303 [DEBUG] Accepted segment [90624:91648], variance=0.0615, QRS count=5
2025-10-09 11:55:17,311 [DEBUG] Accepted segment [33792:34816], variance=0.0405, QRS count=5
2025-10-09 11:55:17,320 [DEBUG] Accepted segment [91136:92160], variance=0.0635, QRS count=4
2025-10-09 11:55:17,338 [DEBUG] Accepted segment [91648:92672], variance=0.0539, QRS count=5
2025-10-09 11:55:17,341 [DEBUG] Accepted segment [34304:35328], variance=0.0395, QRS count=6
2025-10-09 11:55:17,358 [DEBUG] Accepted segment [92160:93184], variance=0.0651, QRS count=5
2025-10-09 11:55:17,364 [DEBUG] Accepted segment [34816:35840], variance=0.0397, QRS count=6
2025-10-09 11:55:17,382 [DEBUG] Accepted segment [35328:36352], variance=0.0419, QRS count=6
2025-10-09 11:55:17,385 [DEBUG] Accepted segment [92672:93696], variance=0.0662, QRS count=4
2025-10-09 11:55:17,404 [DEBUG] Accepted segment [93184:94208], variance=0.0542, QRS count=4
2025-10-09 11:55:17,408 [DEBUG] Accepted segment [35840:36864], variance=0.0427, QRS count=6
2025-10-09 11:55:17,427 [DEBUG] Accepted segment [36352:37376], variance=0.0419, QRS count=6
2025-10-09 11:55:17,430 [DEBUG] Accepted segment [93696:94720], variance=0.0644, QRS count=5
2025-10-09 11:55:17,450 [DEBUG] Accepted segment [36864:37888], variance=0.0411, QRS count=6
2025-10-09 11:55:17,452 [DEBUG] Accepted segment [94208:95232], variance=0.0639, QRS count=4
2025-10-09 11:55:17,469 [DEBUG] Accepted segment [94720:95744], variance=0.0533, QRS count=4
2025-10-09 11:55:17,472 [DEBUG] Accepted segment [37376:38400], variance=0.0402, QRS count=5
2025-10-09 11:55:17,490 [DEBUG] Accepted segment [95232:96256], variance=0.0611, QRS count=5
2025-10-09 11:55:17,495 [DEBUG] Accepted segment [37888:38912], variance=0.0358, QRS count=6
2025-10-09 11:55:17,511 [DEBUG] Accepted segment [95744:96768], variance=0.0647, QRS count=4
2025-10-09 11:55:17,516 [DEBUG] Accepted segment [38400:39424], variance=0.0363, QRS count=5
2025-10-09 11:55:17,533 [DEBUG] Accepted segment [38912:39936], variance=0.0418, QRS count=5
2025-10-09 11:55:17,536 [DEBUG] Accepted segment [96256:97280], variance=0.0575, QRS count=5
2025-10-09 11:55:17,551 [DEBUG] Accepted segment [39424:40448], variance=0.0436, QRS count=5
2025-10-09 11:55:17,562 [DEBUG] Accepted segment [96768:97792], variance=0.0637, QRS count=5
2025-10-09 11:55:17,562 [DEBUG] Skipping segment [97280:98304] due to overlap with noise [98200:101600]
2025-10-09 11:55:17,564 [DEBUG] Skipping segment [97792:98816] due to overlap with noise [98200:101600]
2025-10-09 11:55:17,564 [DEBUG] Skipping segment [98304:99328] due to overlap with noise [98200:101600]
2025-10-09 11:55:17,564 [DEBUG] Skipping segment [98816:99840] due to overlap with noise [98200:101600]
2025-10-09 11:55:17,564 [DEBUG] Skipping segment [99328:100352] due to overlap with noise [98200:101600]
2025-10-09 11:55:17,564 [DEBUG] Skipping segment [99840:100864] due to overlap with noise [98200:101600]
2025-10-09 11:55:17,564 [DEBUG] Skipping segment [100352:101376] due to overlap with noise [98200:101600]
2025-10-09 11:55:17,564 [DEBUG] Skipping segment [100864:101888] due to overlap with noise [98200:101600]
2025-10-09 11:55:17,565 [DEBUG] Skipping segment [101376:102400] due to overlap with noise [98200:101600]
2025-10-09 11:55:17,569 [DEBUG] Accepted segment [39936:40960], variance=0.0433, QRS count=5
2025-10-09 11:55:17,586 [DEBUG] Accepted segment [101888:102912], variance=0.0620, QRS count=5
2025-10-09 11:55:17,591 [DEBUG] Accepted segment [40448:41472], variance=0.0420, QRS count=5
2025-10-09 11:55:17,602 [DEBUG] Accepted segment [102400:103424], variance=0.0601, QRS count=5
2025-10-09 11:55:17,617 [DEBUG] Accepted segment [102912:103936], variance=0.0623, QRS count=4
2025-10-09 11:55:17,620 [DEBUG] Accepted segment [40960:41984], variance=0.0409, QRS count=5
2025-10-09 11:55:17,633 [DEBUG] Accepted segment [103424:104448], variance=0.0644, QRS count=5
2025-10-09 11:55:17,644 [DEBUG] Accepted segment [41472:42496], variance=0.0399, QRS count=6
2025-10-09 11:55:17,656 [DEBUG] Accepted segment [103936:104960], variance=0.0658, QRS count=5
2025-10-09 11:55:17,668 [DEBUG] Accepted segment [104448:105472], variance=0.0645, QRS count=5
2025-10-09 11:55:17,670 [DEBUG] Accepted segment [41984:43008], variance=0.0410, QRS count=6
2025-10-09 11:55:17,684 [DEBUG] Accepted segment [104960:105984], variance=0.0644, QRS count=5
2025-10-09 11:55:17,692 [DEBUG] Accepted segment [42496:43520], variance=0.0423, QRS count=6
2025-10-09 11:55:17,702 [DEBUG] Accepted segment [105472:106496], variance=0.0673, QRS count=5
2025-10-09 11:55:17,713 [DEBUG] Accepted segment [43008:44032], variance=0.0413, QRS count=6
2025-10-09 11:55:17,720 [DEBUG] Accepted segment [105984:107008], variance=0.0652, QRS count=5
2025-10-09 11:55:17,734 [DEBUG] Accepted segment [106496:107520], variance=0.0622, QRS count=5
2025-10-09 11:55:17,737 [DEBUG] Accepted segment [43520:44544], variance=0.0393, QRS count=6
2025-10-09 11:55:17,752 [DEBUG] Accepted segment [107008:108032], variance=0.0632, QRS count=4
2025-10-09 11:55:17,761 [DEBUG] Accepted segment [44032:45056], variance=0.0401, QRS count=6
2025-10-09 11:55:17,768 [DEBUG] Accepted segment [107520:108544], variance=0.0575, QRS count=4
2025-10-09 11:55:17,779 [DEBUG] Accepted segment [108032:109056], variance=0.0623, QRS count=5
2025-10-09 11:55:17,788 [DEBUG] Accepted segment [44544:45568], variance=0.0421, QRS count=6
2025-10-09 11:55:17,803 [DEBUG] Accepted segment [108544:109568], variance=0.0661, QRS count=4
2025-10-09 11:55:17,803 [DEBUG] Skipping segment [109056:110080] due to overlap with noise [110000:110800]
2025-10-09 11:55:17,803 [DEBUG] Skipping segment [109568:110592] due to overlap with noise [110000:110800]
2025-10-09 11:55:17,803 [DEBUG] Skipping segment [110080:111104] due to overlap with noise [110000:110800]
2025-10-09 11:55:17,804 [DEBUG] Skipping segment [110592:111616] due to overlap with noise [110000:110800]
2025-10-09 11:55:17,814 [DEBUG] Accepted segment [45056:46080], variance=0.0420, QRS count=6
2025-10-09 11:55:17,816 [DEBUG] Accepted segment [111104:112128], variance=0.0659, QRS count=5
2025-10-09 11:55:17,829 [DEBUG] Accepted segment [45568:46592], variance=0.0406, QRS count=6
2025-10-09 11:55:17,837 [DEBUG] Accepted segment [111616:112640], variance=0.0660, QRS count=4
2025-10-09 11:55:17,852 [DEBUG] Accepted segment [112128:113152], variance=0.0650, QRS count=5
2025-10-09 11:55:17,859 [DEBUG] Accepted segment [46080:47104], variance=0.0402, QRS count=6
2025-10-09 11:55:17,874 [DEBUG] Accepted segment [46592:47616], variance=0.0409, QRS count=6
2025-10-09 11:55:17,876 [DEBUG] Accepted segment [112640:113664], variance=0.0650, QRS count=4
2025-10-09 11:55:17,894 [DEBUG] Accepted segment [113152:114176], variance=0.0616, QRS count=5
2025-10-09 11:55:17,897 [DEBUG] Accepted segment [47104:48128], variance=0.0409, QRS count=6
2025-10-09 11:55:17,914 [DEBUG] Accepted segment [47616:48640], variance=0.0406, QRS count=6
2025-10-09 11:55:17,918 [DEBUG] Accepted segment [113664:114688], variance=0.0663, QRS count=4
2025-10-09 11:55:17,936 [DEBUG] Accepted segment [48128:49152], variance=0.0408, QRS count=5
2025-10-09 11:55:17,937 [DEBUG] Accepted segment [114176:115200], variance=0.0597, QRS count=4
2025-10-09 11:55:17,950 [DEBUG] Accepted segment [114688:115712], variance=0.0616, QRS count=5
2025-10-09 11:55:17,960 [DEBUG] Accepted segment [48640:49664], variance=0.0422, QRS count=5
2025-10-09 11:55:17,969 [DEBUG] Accepted segment [115200:116224], variance=0.0643, QRS count=4
2025-10-09 11:55:17,978 [DEBUG] Accepted segment [49152:50176], variance=0.0407, QRS count=5
2025-10-09 11:55:17,992 [DEBUG] Accepted segment [115712:116736], variance=0.0654, QRS count=5
2025-10-09 11:55:17,998 [DEBUG] Accepted segment [49664:50688], variance=0.0342, QRS count=6
2025-10-09 11:55:18,009 [DEBUG] Accepted segment [116224:117248], variance=0.0645, QRS count=5
2025-10-09 11:55:18,022 [DEBUG] Accepted segment [50176:51200], variance=0.0361, QRS count=5
2025-10-09 11:55:18,026 [DEBUG] Accepted segment [116736:117760], variance=0.0676, QRS count=5
2025-10-09 11:55:18,028 [DEBUG] Skipping segment [117248:118272] due to overlap with noise [118000:119600]
2025-10-09 11:55:18,028 [DEBUG] Skipping segment [117760:118784] due to overlap with noise [118000:119600]
2025-10-09 11:55:18,028 [DEBUG] Skipping segment [118272:119296] due to overlap with noise [118000:119600]
2025-10-09 11:55:18,030 [DEBUG] Skipping segment [118784:119808] due to overlap with noise [118000:119600]
2025-10-09 11:55:18,032 [DEBUG] Skipping segment [119296:120320] due to overlap with noise [118000:119600]
2025-10-09 11:55:18,039 [DEBUG] Accepted segment [50688:51712], variance=0.0422, QRS count=5
2025-10-09 11:55:18,051 [DEBUG] Accepted segment [119808:120832], variance=0.0673, QRS count=5
2025-10-09 11:55:18,062 [DEBUG] Accepted segment [51200:52224], variance=0.0421, QRS count=5
2025-10-09 11:55:18,067 [DEBUG] Accepted segment [120320:121344], variance=0.0726, QRS count=5
2025-10-09 11:55:18,086 [DEBUG] Accepted segment [51712:52736], variance=0.0413, QRS count=5
2025-10-09 11:55:18,092 [DEBUG] Accepted segment [120832:121856], variance=0.0690, QRS count=6
2025-10-09 11:55:18,107 [DEBUG] Accepted segment [121344:122368], variance=0.0672, QRS count=6
2025-10-09 11:55:18,113 [DEBUG] Accepted segment [52224:53248], variance=0.0424, QRS count=5
2025-10-09 11:55:18,129 [DEBUG] Accepted segment [121856:122880], variance=0.0585, QRS count=5
2025-10-09 11:55:18,135 [DEBUG] Accepted segment [52736:53760], variance=0.0428, QRS count=5
2025-10-09 11:55:18,152 [DEBUG] Accepted segment [122368:123392], variance=0.0596, QRS count=5
2025-10-09 11:55:18,155 [DEBUG] Accepted segment [53248:54272], variance=0.0407, QRS count=6
2025-10-09 11:55:18,173 [DEBUG] Accepted segment [122880:123904], variance=0.0629, QRS count=4
2025-10-09 11:55:18,184 [DEBUG] Accepted segment [53760:54784], variance=0.0401, QRS count=6
2025-10-09 11:55:18,196 [DEBUG] Accepted segment [123392:124416], variance=0.0610, QRS count=5
2025-10-09 11:55:18,214 [DEBUG] Accepted segment [123904:124928], variance=0.0617, QRS count=4
2025-10-09 11:55:18,222 [DEBUG] Accepted segment [54272:55296], variance=0.0403, QRS count=6
2025-10-09 11:55:18,238 [DEBUG] Accepted segment [124416:125440], variance=0.0623, QRS count=5
2025-10-09 11:55:18,251 [DEBUG] Accepted segment [54784:55808], variance=0.0409, QRS count=6
2025-10-09 11:55:18,261 [DEBUG] Accepted segment [124928:125952], variance=0.0606, QRS count=4
2025-10-09 11:55:18,274 [DEBUG] Accepted segment [55296:56320], variance=0.0409, QRS count=5
2025-10-09 11:55:18,286 [DEBUG] Accepted segment [125440:126464], variance=0.0610, QRS count=5
2025-10-09 11:55:18,309 [DEBUG] Accepted segment [55808:56832], variance=0.0340, QRS count=6
2025-10-09 11:55:18,313 [DEBUG] Accepted segment [125952:126976], variance=0.0600, QRS count=4
2025-10-09 11:55:18,335 [DEBUG] Accepted segment [56320:57344], variance=0.0343, QRS count=5
2025-10-09 11:55:18,337 [DEBUG] Accepted segment [126464:127488], variance=0.0591, QRS count=5
2025-10-09 11:55:18,340 [INFO] Segmented signal of length 127999 into 220 valid segments
2025-10-09 11:55:18,352 [DEBUG] Accepted segment [56832:57856], variance=0.0403, QRS count=5
2025-10-09 11:55:18,371 [DEBUG] Accepted segment [57344:58368], variance=0.0385, QRS count=5
2025-10-09 11:55:18,393 [DEBUG] Accepted segment [57856:58880], variance=0.0381, QRS count=5
2025-10-09 11:55:18,417 [DEBUG] Accepted segment [58368:59392], variance=0.0402, QRS count=5
2025-10-09 11:55:18,434 [DEBUG] Accepted segment [58880:59904], variance=0.0411, QRS count=5
2025-10-09 11:55:18,453 [DEBUG] Accepted segment [59392:60416], variance=0.0399, QRS count=5
2025-10-09 11:55:18,473 [DEBUG] Accepted segment [59904:60928], variance=0.0400, QRS count=6
2025-10-09 11:55:18,490 [DEBUG] Accepted segment [60416:61440], variance=0.0408, QRS count=6
2025-10-09 11:55:18,505 [DEBUG] Accepted segment [60928:61952], variance=0.0404, QRS count=6
2025-10-09 11:55:18,520 [DEBUG] Accepted segment [61440:62464], variance=0.0402, QRS count=6
2025-10-09 11:55:18,538 [DEBUG] Accepted segment [61952:62976], variance=0.0393, QRS count=5
2025-10-09 11:55:18,552 [DEBUG] Accepted segment [62464:63488], variance=0.0352, QRS count=6
2025-10-09 11:55:18,566 [DEBUG] Accepted segment [62976:64000], variance=0.0403, QRS count=5
2025-10-09 11:55:18,583 [DEBUG] Accepted segment [63488:64512], variance=0.0450, QRS count=6
2025-10-09 11:55:18,600 [DEBUG] Accepted segment [64000:65024], variance=0.0414, QRS count=6
2025-10-09 11:55:18,614 [DEBUG] Accepted segment [64512:65536], variance=0.0425, QRS count=6
2025-10-09 11:55:18,633 [DEBUG] Accepted segment [65024:66048], variance=0.0414, QRS count=6
2025-10-09 11:55:18,650 [DEBUG] Accepted segment [65536:66560], variance=0.0358, QRS count=6
2025-10-09 11:55:18,666 [DEBUG] Accepted segment [66048:67072], variance=0.0355, QRS count=6
2025-10-09 11:55:18,679 [DEBUG] Accepted segment [66560:67584], variance=0.0398, QRS count=5
2025-10-09 11:55:18,693 [DEBUG] Accepted segment [67072:68096], variance=0.0410, QRS count=5
2025-10-09 11:55:18,706 [DEBUG] Accepted segment [67584:68608], variance=0.0393, QRS count=5
2025-10-09 11:55:18,722 [DEBUG] Accepted segment [68096:69120], variance=0.0400, QRS count=5
2025-10-09 11:55:18,737 [DEBUG] Accepted segment [68608:69632], variance=0.0419, QRS count=5
2025-10-09 11:55:18,750 [DEBUG] Accepted segment [69120:70144], variance=0.0409, QRS count=5
2025-10-09 11:55:18,764 [DEBUG] Accepted segment [69632:70656], variance=0.0407, QRS count=5
2025-10-09 11:55:18,778 [DEBUG] Accepted segment [70144:71168], variance=0.0428, QRS count=6
2025-10-09 11:55:18,791 [DEBUG] Accepted segment [70656:71680], variance=0.0434, QRS count=6
2025-10-09 11:55:18,807 [DEBUG] Accepted segment [71168:72192], variance=0.1024, QRS count=6
2025-10-09 11:55:18,821 [DEBUG] Accepted segment [71680:72704], variance=0.1012, QRS count=6
2025-10-09 11:55:18,836 [DEBUG] Accepted segment [72192:73216], variance=0.0421, QRS count=6
2025-10-09 11:55:18,849 [DEBUG] Accepted segment [72704:73728], variance=0.0443, QRS count=6
2025-10-09 11:55:18,865 [DEBUG] Accepted segment [73216:74240], variance=0.0363, QRS count=5
2025-10-09 11:55:18,879 [DEBUG] Accepted segment [73728:74752], variance=0.0346, QRS count=5
2025-10-09 11:55:18,893 [DEBUG] Accepted segment [74240:75264], variance=0.0419, QRS count=5
2025-10-09 11:55:18,909 [DEBUG] Accepted segment [74752:75776], variance=0.0424, QRS count=5
2025-10-09 11:55:18,926 [DEBUG] Accepted segment [75264:76288], variance=0.0417, QRS count=6
2025-10-09 11:55:18,940 [DEBUG] Accepted segment [75776:76800], variance=0.0351, QRS count=5
2025-10-09 11:55:18,955 [DEBUG] Accepted segment [76288:77312], variance=0.0362, QRS count=5
2025-10-09 11:55:18,972 [DEBUG] Accepted segment [76800:77824], variance=0.0426, QRS count=5
2025-10-09 11:55:18,984 [DEBUG] Accepted segment [77312:78336], variance=0.0413, QRS count=5
2025-10-09 11:55:19,000 [DEBUG] Accepted segment [77824:78848], variance=0.0425, QRS count=6
2025-10-09 11:55:19,012 [DEBUG] Accepted segment [78336:79360], variance=0.0376, QRS count=6
2025-10-09 11:55:19,023 [DEBUG] Accepted segment [78848:79872], variance=0.0357, QRS count=5
2025-10-09 11:55:19,037 [DEBUG] Accepted segment [79360:80384], variance=0.0419, QRS count=5
2025-10-09 11:55:19,048 [DEBUG] Accepted segment [79872:80896], variance=0.0437, QRS count=5
2025-10-09 11:55:19,061 [DEBUG] Accepted segment [80384:81408], variance=0.0438, QRS count=6
2025-10-09 11:55:19,075 [DEBUG] Accepted segment [80896:81920], variance=0.0365, QRS count=5
2025-10-09 11:55:19,092 [DEBUG] Accepted segment [81408:82432], variance=0.0377, QRS count=5
2025-10-09 11:55:19,104 [DEBUG] Accepted segment [81920:82944], variance=0.0453, QRS count=5
2025-10-09 11:55:19,123 [DEBUG] Accepted segment [82432:83456], variance=0.0444, QRS count=5
2025-10-09 11:55:19,137 [DEBUG] Accepted segment [82944:83968], variance=0.0439, QRS count=6
2025-10-09 11:55:19,154 [DEBUG] Accepted segment [83456:84480], variance=0.0381, QRS count=6
2025-10-09 11:55:19,175 [DEBUG] Accepted segment [83968:84992], variance=0.0375, QRS count=5
2025-10-09 11:55:19,193 [DEBUG] Accepted segment [84480:85504], variance=0.0438, QRS count=5
2025-10-09 11:55:19,210 [DEBUG] Accepted segment [84992:86016], variance=0.0450, QRS count=5
2025-10-09 11:55:19,231 [DEBUG] Accepted segment [85504:86528], variance=0.0438, QRS count=6
2025-10-09 11:55:19,252 [DEBUG] Accepted segment [86016:87040], variance=0.0395, QRS count=6
2025-10-09 11:55:19,270 [DEBUG] Accepted segment [86528:87552], variance=0.0371, QRS count=6
2025-10-09 11:55:19,286 [DEBUG] Accepted segment [87040:88064], variance=0.0333, QRS count=5
2025-10-09 11:55:19,301 [DEBUG] Accepted segment [87552:88576], variance=0.0367, QRS count=5
2025-10-09 11:55:19,319 [DEBUG] Accepted segment [88064:89088], variance=0.0441, QRS count=6
2025-10-09 11:55:19,336 [DEBUG] Accepted segment [88576:89600], variance=0.0408, QRS count=5
2025-10-09 11:55:19,352 [DEBUG] Accepted segment [89088:90112], variance=0.0355, QRS count=5
2025-10-09 11:55:19,368 [DEBUG] Accepted segment [89600:90624], variance=0.0369, QRS count=5
2025-10-09 11:55:19,385 [DEBUG] Accepted segment [90112:91136], variance=0.0406, QRS count=5
2025-10-09 11:55:19,400 [DEBUG] Accepted segment [90624:91648], variance=0.0398, QRS count=5
2025-10-09 11:55:19,416 [DEBUG] Accepted segment [91136:92160], variance=0.0410, QRS count=5
2025-10-09 11:55:19,431 [DEBUG] Accepted segment [91648:92672], variance=0.0432, QRS count=5
2025-10-09 11:55:19,445 [DEBUG] Accepted segment [92160:93184], variance=0.0428, QRS count=6
2025-10-09 11:55:19,460 [DEBUG] Accepted segment [92672:93696], variance=0.1231, QRS count=6
2025-10-09 11:55:19,476 [DEBUG] Accepted segment [93184:94208], variance=0.1247, QRS count=6
2025-10-09 11:55:19,495 [DEBUG] Accepted segment [93696:94720], variance=0.0461, QRS count=6
2025-10-09 11:55:19,514 [DEBUG] Accepted segment [94208:95232], variance=0.0474, QRS count=6
2025-10-09 11:55:19,531 [DEBUG] Accepted segment [94720:95744], variance=0.0470, QRS count=6
2025-10-09 11:55:19,545 [DEBUG] Accepted segment [95232:96256], variance=0.0389, QRS count=5
2025-10-09 11:55:19,565 [DEBUG] Accepted segment [95744:96768], variance=0.0370, QRS count=5
2025-10-09 11:55:19,582 [DEBUG] Accepted segment [96256:97280], variance=0.0435, QRS count=5
2025-10-09 11:55:19,603 [DEBUG] Accepted segment [96768:97792], variance=0.0446, QRS count=6
2025-10-09 11:55:19,623 [DEBUG] Accepted segment [97280:98304], variance=0.0436, QRS count=5
2025-10-09 11:55:19,638 [DEBUG] Accepted segment [97792:98816], variance=0.0419, QRS count=5
2025-10-09 11:55:19,654 [DEBUG] Accepted segment [98304:99328], variance=0.0424, QRS count=5
2025-10-09 11:55:19,673 [DEBUG] Accepted segment [98816:99840], variance=0.0469, QRS count=5
2025-10-09 11:55:19,690 [DEBUG] Accepted segment [99328:100352], variance=0.0437, QRS count=5
2025-10-09 11:55:19,706 [DEBUG] Accepted segment [99840:100864], variance=0.0338, QRS count=6
2025-10-09 11:55:19,722 [DEBUG] Accepted segment [100352:101376], variance=0.0349, QRS count=6
2025-10-09 11:55:19,736 [DEBUG] Accepted segment [100864:101888], variance=0.0390, QRS count=5
2025-10-09 11:55:19,751 [DEBUG] Accepted segment [101376:102400], variance=0.0407, QRS count=5
2025-10-09 11:55:19,770 [DEBUG] Accepted segment [101888:102912], variance=0.0429, QRS count=5
2025-10-09 11:55:19,787 [DEBUG] Accepted segment [102400:103424], variance=0.0422, QRS count=5
2025-10-09 11:55:19,804 [DEBUG] Accepted segment [102912:103936], variance=0.0401, QRS count=6
2025-10-09 11:55:19,818 [DEBUG] Accepted segment [103424:104448], variance=0.0405, QRS count=6
2025-10-09 11:55:19,836 [DEBUG] Accepted segment [103936:104960], variance=0.0415, QRS count=6
2025-10-09 11:55:19,854 [DEBUG] Accepted segment [104448:105472], variance=0.0408, QRS count=6
2025-10-09 11:55:19,869 [DEBUG] Accepted segment [104960:105984], variance=0.0404, QRS count=6
2025-10-09 11:55:19,871 [DEBUG] Skipping segment [105472:106496] due to overlap with noise [106400:107000]
2025-10-09 11:55:19,871 [DEBUG] Skipping segment [105984:107008] due to overlap with noise [106400:107000]
2025-10-09 11:55:19,871 [DEBUG] Skipping segment [106496:107520] due to overlap with noise [106400:107000]
2025-10-09 11:55:19,889 [DEBUG] Accepted segment [107008:108032], variance=0.0702, QRS count=6
2025-10-09 11:55:19,905 [DEBUG] Accepted segment [107520:108544], variance=0.0616, QRS count=6
2025-10-09 11:55:19,924 [DEBUG] Accepted segment [108032:109056], variance=0.0688, QRS count=7
2025-10-09 11:55:19,940 [DEBUG] Accepted segment [108544:109568], variance=0.0644, QRS count=6
2025-10-09 11:55:19,954 [DEBUG] Accepted segment [109056:110080], variance=0.0488, QRS count=6
2025-10-09 11:55:19,970 [DEBUG] Accepted segment [109568:110592], variance=0.0477, QRS count=6
2025-10-09 11:55:19,987 [DEBUG] Accepted segment [110080:111104], variance=0.0440, QRS count=6
2025-10-09 11:55:20,000 [DEBUG] Accepted segment [110592:111616], variance=0.0451, QRS count=7
2025-10-09 11:55:20,016 [DEBUG] Accepted segment [111104:112128], variance=0.0552, QRS count=6
2025-10-09 11:55:20,028 [DEBUG] Accepted segment [111616:112640], variance=0.0556, QRS count=6
2025-10-09 11:55:20,043 [DEBUG] Accepted segment [112128:113152], variance=0.0543, QRS count=6
2025-10-09 11:55:20,061 [DEBUG] Accepted segment [112640:113664], variance=0.0555, QRS count=6
2025-10-09 11:55:20,078 [DEBUG] Accepted segment [113152:114176], variance=0.0560, QRS count=5
2025-10-09 11:55:20,091 [DEBUG] Accepted segment [113664:114688], variance=0.0558, QRS count=5
2025-10-09 11:55:20,105 [DEBUG] Accepted segment [114176:115200], variance=0.0667, QRS count=5
2025-10-09 11:55:20,120 [DEBUG] Accepted segment [114688:115712], variance=0.0741, QRS count=6
2025-10-09 11:55:20,138 [DEBUG] Accepted segment [115200:116224], variance=0.0637, QRS count=6
2025-10-09 11:55:20,152 [DEBUG] Accepted segment [115712:116736], variance=0.0559, QRS count=6
2025-10-09 11:55:20,163 [DEBUG] Accepted segment [116224:117248], variance=0.0528, QRS count=6
2025-10-09 11:55:20,174 [DEBUG] Accepted segment [116736:117760], variance=0.0522, QRS count=5
2025-10-09 11:55:20,187 [DEBUG] Accepted segment [117248:118272], variance=0.0472, QRS count=6
2025-10-09 11:55:20,200 [DEBUG] Accepted segment [117760:118784], variance=0.0471, QRS count=5
2025-10-09 11:55:20,213 [DEBUG] Accepted segment [118272:119296], variance=0.0569, QRS count=5
2025-10-09 11:55:20,229 [DEBUG] Accepted segment [118784:119808], variance=0.0603, QRS count=5
2025-10-09 11:55:20,242 [DEBUG] Accepted segment [119296:120320], variance=0.0607, QRS count=5
2025-10-09 11:55:20,260 [DEBUG] Accepted segment [119808:120832], variance=0.0601, QRS count=6
2025-10-09 11:55:20,279 [DEBUG] Accepted segment [120320:121344], variance=0.0600, QRS count=6
2025-10-09 11:55:20,294 [DEBUG] Accepted segment [120832:121856], variance=0.0599, QRS count=6
2025-10-09 11:55:20,314 [DEBUG] Accepted segment [121344:122368], variance=0.0489, QRS count=5
2025-10-09 11:55:20,327 [DEBUG] Accepted segment [121856:122880], variance=0.0471, QRS count=5
2025-10-09 11:55:20,337 [DEBUG] Accepted segment [122368:123392], variance=0.0592, QRS count=5
2025-10-09 11:55:20,351 [DEBUG] Accepted segment [122880:123904], variance=0.0606, QRS count=5
2025-10-09 11:55:20,366 [DEBUG] Accepted segment [123392:124416], variance=0.0582, QRS count=5
2025-10-09 11:55:20,379 [DEBUG] Accepted segment [123904:124928], variance=0.0582, QRS count=6
2025-10-09 11:55:20,395 [DEBUG] Accepted segment [124416:125440], variance=0.0592, QRS count=6
2025-10-09 11:55:20,409 [DEBUG] Accepted segment [124928:125952], variance=0.0585, QRS count=5
2025-10-09 11:55:20,429 [DEBUG] Accepted segment [125440:126464], variance=0.0485, QRS count=5
2025-10-09 11:55:20,446 [DEBUG] Accepted segment [125952:126976], variance=0.0503, QRS count=5
2025-10-09 11:55:20,472 [DEBUG] Accepted segment [126464:127488], variance=0.0614, QRS count=5
2025-10-09 11:55:20,490 [DEBUG] Accepted segment [126976:128000], variance=0.0608, QRS count=5
2025-10-09 11:55:20,491 [INFO] Segmented signal of length 128000 into 246 valid segments
2025-10-09 11:55:22,096 [INFO] Epoch 2 - Loss: 0.0328, MAE: 0.1305, Val Loss: 0.7958, Val MAE: 0.5107
