2025-10-09 11:25:43,419 [INFO] 


Starting ECG denoising script. Log file: /home/kesju/DI/2025_ZIVEO/S-ITP-25-9/TRAIN_UNET/logs/ecg_denoising_train_20251009_112543.log
2025-10-09 11:25:43,419 [INFO] TensorFlow version: 2.18.1
2025-10-09 11:25:43,421 [INFO] Arguments: {'ecg_records_dir': '/home/kesju/DI/2025_ZIVEO/S-ITP-25-9/DATA/ZIVE_DATA/ecg_selected_for_test', 'model_output': '/home/kesju/DI/2025_ZIVEO/S-ITP-25-9/UNET_MODELIS/resunet_ecg_1024_0_5_0_7.keras', 'vis_dir': '/home/kesju/DI/2025_ZIVEO/S-ITP-25-9/TRAIN_UNET/visualisations', 'train_split': 0.8, 'log_level': 'WARNING'}
2025-10-09 11:25:43,421 [INFO] Starting training workflow. ECG records dir: /home/kesju/DI/2025_ZIVEO/S-ITP-25-9/DATA/ZIVE_DATA/ecg_selected_for_test, Model output: /home/kesju/DI/2025_ZIVEO/S-ITP-25-9/UNET_MODELIS/resunet_ecg_1024_0_5_0_7.keras, Train split: 0.8
2025-10-09 11:25:43,421 [INFO] Loading ECG and noise indices from /home/kesju/DI/2025_ZIVEO/S-ITP-25-9/DATA/ZIVE_DATA/ecg_selected_for_test
2025-10-09 11:25:43,427 [DEBUG] Loaded annotated noise indices from /home/kesju/DI/2025_ZIVEO/S-ITP-25-9/DATA/ZIVE_DATA/ecg_selected_for_test/1001_6.json: [(120200, 120500)]
2025-10-09 11:25:43,427 [DEBUG] Loaded file: /home/kesju/DI/2025_ZIVEO/S-ITP-25-9/DATA/ZIVE_DATA/ecg_selected_for_test/1001_6.npy, shape: (128000,), noise indices: [(120200, 120500)], patient ID: 1001
2025-10-09 11:25:43,433 [DEBUG] Loaded annotated noise indices from /home/kesju/DI/2025_ZIVEO/S-ITP-25-9/DATA/ZIVE_DATA/ecg_selected_for_test/1001_8.json: [(106400, 107000)]
2025-10-09 11:25:43,433 [DEBUG] Loaded file: /home/kesju/DI/2025_ZIVEO/S-ITP-25-9/DATA/ZIVE_DATA/ecg_selected_for_test/1001_8.npy, shape: (128000,), noise indices: [(106400, 107000)], patient ID: 1001
2025-10-09 11:25:43,440 [DEBUG] Loaded annotated noise indices from /home/kesju/DI/2025_ZIVEO/S-ITP-25-9/DATA/ZIVE_DATA/ecg_selected_for_test/1004_0.json: [(0, 400), (2400, 3800), (24000, 24800), (98200, 101600), (110000, 110800), (118000, 119600)]
2025-10-09 11:25:43,440 [DEBUG] Loaded file: /home/kesju/DI/2025_ZIVEO/S-ITP-25-9/DATA/ZIVE_DATA/ecg_selected_for_test/1004_0.npy, shape: (127999,), noise indices: [(0, 400), (2400, 3800), (24000, 24800), (98200, 101600), (110000, 110800), (118000, 119600)], patient ID: 1004
2025-10-09 11:25:43,440 [INFO] Loaded 3 valid .npy files with corresponding noise indices from /home/kesju/DI/2025_ZIVEO/S-ITP-25-9/DATA/ZIVE_DATA/ecg_selected_for_test
2025-10-09 11:25:43,443 [INFO] Split 3 records from 2 patients into 2 training records (1 patients) and 1 test records (1 patients)
2025-10-09 11:25:43,443 [INFO] Training ECG files:
  - 1001_6.npy
  - 1001_8.npy
2025-10-09 11:25:43,443 [INFO] Test ECG files:
  - 1004_0.npy
2025-10-09 11:25:43,468 [DEBUG] Accepted segment [0:1024], variance=0.0485, QRS count=5
2025-10-09 11:25:43,473 [DEBUG] Accepted segment [512:1536], variance=0.0603, QRS count=5
2025-10-09 11:25:43,477 [DEBUG] Accepted segment [1024:2048], variance=0.0717, QRS count=5
2025-10-09 11:25:43,480 [DEBUG] Accepted segment [1536:2560], variance=0.0797, QRS count=6
2025-10-09 11:25:43,482 [DEBUG] Accepted segment [2048:3072], variance=0.0709, QRS count=6
2025-10-09 11:25:43,486 [DEBUG] Accepted segment [2560:3584], variance=0.0522, QRS count=5
2025-10-09 11:25:43,490 [DEBUG] Accepted segment [3072:4096], variance=0.0484, QRS count=5
2025-10-09 11:25:43,493 [DEBUG] Accepted segment [3584:4608], variance=0.0533, QRS count=5
2025-10-09 11:25:43,496 [DEBUG] Accepted segment [4096:5120], variance=0.0519, QRS count=6
2025-10-09 11:25:43,499 [DEBUG] Accepted segment [4608:5632], variance=0.0539, QRS count=6
2025-10-09 11:25:43,504 [DEBUG] Accepted segment [5120:6144], variance=0.0559, QRS count=5
2025-10-09 11:25:43,509 [DEBUG] Accepted segment [5632:6656], variance=0.0539, QRS count=5
2025-10-09 11:25:43,513 [DEBUG] Accepted segment [6144:7168], variance=0.0528, QRS count=5
2025-10-09 11:25:43,516 [DEBUG] Accepted segment [6656:7680], variance=0.0470, QRS count=5
2025-10-09 11:25:43,520 [DEBUG] Accepted segment [7168:8192], variance=0.0480, QRS count=5
2025-10-09 11:25:43,523 [DEBUG] Accepted segment [7680:8704], variance=0.0566, QRS count=5
2025-10-09 11:25:43,526 [DEBUG] Accepted segment [8192:9216], variance=0.0601, QRS count=5
2025-10-09 11:25:43,528 [DEBUG] Accepted segment [8704:9728], variance=0.0621, QRS count=6
2025-10-09 11:25:43,531 [DEBUG] Accepted segment [9216:10240], variance=0.0520, QRS count=5
2025-10-09 11:25:43,534 [DEBUG] Accepted segment [9728:10752], variance=0.0495, QRS count=5
2025-10-09 11:25:43,537 [DEBUG] Accepted segment [10240:11264], variance=0.0569, QRS count=5
2025-10-09 11:25:43,540 [DEBUG] Accepted segment [10752:11776], variance=0.0581, QRS count=5
2025-10-09 11:25:43,543 [DEBUG] Accepted segment [11264:12288], variance=0.0586, QRS count=6
2025-10-09 11:25:43,545 [DEBUG] Accepted segment [11776:12800], variance=0.0491, QRS count=6
2025-10-09 11:25:43,548 [DEBUG] Accepted segment [12288:13312], variance=0.0499, QRS count=5
2025-10-09 11:25:43,551 [DEBUG] Accepted segment [12800:13824], variance=0.0607, QRS count=5
2025-10-09 11:25:43,554 [DEBUG] Accepted segment [13312:14336], variance=0.0595, QRS count=5
2025-10-09 11:25:43,557 [DEBUG] Accepted segment [13824:14848], variance=0.0566, QRS count=6
2025-10-09 11:25:43,559 [DEBUG] Accepted segment [14336:15360], variance=0.0585, QRS count=6
2025-10-09 11:25:43,562 [DEBUG] Accepted segment [14848:15872], variance=0.0575, QRS count=6
2025-10-09 11:25:43,564 [DEBUG] Accepted segment [15360:16384], variance=0.0520, QRS count=5
2025-10-09 11:25:43,567 [DEBUG] Accepted segment [15872:16896], variance=0.0511, QRS count=5
2025-10-09 11:25:43,570 [DEBUG] Accepted segment [16384:17408], variance=0.0506, QRS count=5
2025-10-09 11:25:43,573 [DEBUG] Accepted segment [16896:17920], variance=0.0476, QRS count=5
2025-10-09 11:25:43,576 [DEBUG] Accepted segment [17408:18432], variance=0.0447, QRS count=5
2025-10-09 11:25:43,579 [DEBUG] Accepted segment [17920:18944], variance=0.0474, QRS count=6
2025-10-09 11:25:43,583 [DEBUG] Accepted segment [18432:19456], variance=0.0513, QRS count=6
2025-10-09 11:25:43,587 [DEBUG] Accepted segment [18944:19968], variance=0.0520, QRS count=5
2025-10-09 11:25:43,591 [DEBUG] Accepted segment [19456:20480], variance=0.0518, QRS count=5
2025-10-09 11:25:43,595 [DEBUG] Accepted segment [19968:20992], variance=0.0535, QRS count=5
2025-10-09 11:25:43,598 [DEBUG] Accepted segment [20480:21504], variance=0.0570, QRS count=5
2025-10-09 11:25:43,602 [DEBUG] Accepted segment [20992:22016], variance=0.0584, QRS count=5
2025-10-09 11:25:43,606 [DEBUG] Accepted segment [21504:22528], variance=0.0589, QRS count=5
2025-10-09 11:25:43,611 [DEBUG] Accepted segment [22016:23040], variance=0.0598, QRS count=6
2025-10-09 11:25:43,617 [DEBUG] Accepted segment [22528:23552], variance=0.0604, QRS count=6
2025-10-09 11:25:43,623 [DEBUG] Accepted segment [23040:24064], variance=0.0594, QRS count=5
2025-10-09 11:25:43,627 [DEBUG] Accepted segment [23552:24576], variance=0.0598, QRS count=6
2025-10-09 11:25:43,631 [DEBUG] Accepted segment [24064:25088], variance=0.0620, QRS count=6
2025-10-09 11:25:43,636 [DEBUG] Accepted segment [24576:25600], variance=0.1251, QRS count=6
2025-10-09 11:25:43,640 [DEBUG] Accepted segment [25088:26112], variance=0.1270, QRS count=6
2025-10-09 11:25:43,643 [DEBUG] Accepted segment [25600:26624], variance=0.0756, QRS count=6
2025-10-09 11:25:43,646 [DEBUG] Accepted segment [26112:27136], variance=0.0709, QRS count=6
2025-10-09 11:25:43,648 [DEBUG] Accepted segment [26624:27648], variance=0.0589, QRS count=6
2025-10-09 11:25:43,651 [DEBUG] Accepted segment [27136:28160], variance=0.0584, QRS count=6
2025-10-09 11:25:43,654 [DEBUG] Accepted segment [27648:28672], variance=0.0565, QRS count=6
2025-10-09 11:25:43,656 [DEBUG] Accepted segment [28160:29184], variance=0.0559, QRS count=6
2025-10-09 11:25:43,659 [DEBUG] Accepted segment [28672:29696], variance=0.0563, QRS count=6
2025-10-09 11:25:43,661 [DEBUG] Accepted segment [29184:30208], variance=0.0540, QRS count=6
2025-10-09 11:25:43,664 [DEBUG] Accepted segment [29696:30720], variance=0.0480, QRS count=6
2025-10-09 11:25:43,666 [DEBUG] Accepted segment [30208:31232], variance=0.0466, QRS count=5
2025-10-09 11:25:43,669 [DEBUG] Accepted segment [30720:31744], variance=0.0484, QRS count=5
2025-10-09 11:25:43,671 [DEBUG] Accepted segment [31232:32256], variance=0.0523, QRS count=6
2025-10-09 11:25:43,674 [DEBUG] Accepted segment [31744:32768], variance=0.0579, QRS count=6
2025-10-09 11:25:43,677 [DEBUG] Accepted segment [32256:33280], variance=0.0605, QRS count=5
2025-10-09 11:25:43,679 [DEBUG] Accepted segment [32768:33792], variance=0.0593, QRS count=5
2025-10-09 11:25:43,682 [DEBUG] Accepted segment [33280:34304], variance=0.0577, QRS count=5
2025-10-09 11:25:43,684 [DEBUG] Accepted segment [33792:34816], variance=0.0579, QRS count=6
2025-10-09 11:25:43,687 [DEBUG] Accepted segment [34304:35328], variance=0.0569, QRS count=6
2025-10-09 11:25:43,690 [DEBUG] Accepted segment [34816:35840], variance=0.0569, QRS count=6
2025-10-09 11:25:43,692 [DEBUG] Accepted segment [35328:36352], variance=0.0586, QRS count=6
2025-10-09 11:25:43,695 [DEBUG] Accepted segment [35840:36864], variance=0.0496, QRS count=6
2025-10-09 11:25:43,698 [DEBUG] Accepted segment [36352:37376], variance=0.0498, QRS count=5
2025-10-09 11:25:43,700 [DEBUG] Accepted segment [36864:37888], variance=0.0598, QRS count=5
2025-10-09 11:25:43,703 [DEBUG] Accepted segment [37376:38400], variance=0.0608, QRS count=5
2025-10-09 11:25:43,705 [DEBUG] Accepted segment [37888:38912], variance=0.0619, QRS count=5
2025-10-09 11:25:43,708 [DEBUG] Accepted segment [38400:39424], variance=0.0603, QRS count=6
2025-10-09 11:25:43,710 [DEBUG] Accepted segment [38912:39936], variance=0.0589, QRS count=6
2025-10-09 11:25:43,713 [DEBUG] Accepted segment [39424:40448], variance=0.0607, QRS count=6
2025-10-09 11:25:43,716 [DEBUG] Accepted segment [39936:40960], variance=0.0523, QRS count=6
2025-10-09 11:25:43,718 [DEBUG] Accepted segment [40448:41472], variance=0.0519, QRS count=5
2025-10-09 11:25:43,721 [DEBUG] Accepted segment [40960:41984], variance=0.0605, QRS count=5
2025-10-09 11:25:43,723 [DEBUG] Accepted segment [41472:42496], variance=0.0594, QRS count=5
2025-10-09 11:25:43,726 [DEBUG] Accepted segment [41984:43008], variance=0.0573, QRS count=6
2025-10-09 11:25:43,729 [DEBUG] Accepted segment [42496:43520], variance=0.0570, QRS count=6
2025-10-09 11:25:43,731 [DEBUG] Accepted segment [43008:44032], variance=0.0501, QRS count=5
2025-10-09 11:25:43,734 [DEBUG] Accepted segment [43520:44544], variance=0.0484, QRS count=5
2025-10-09 11:25:43,736 [DEBUG] Accepted segment [44032:45056], variance=0.0558, QRS count=5
2025-10-09 11:25:43,738 [DEBUG] Accepted segment [44544:45568], variance=0.0570, QRS count=5
2025-10-09 11:25:43,741 [DEBUG] Accepted segment [45056:46080], variance=0.0533, QRS count=5
2025-10-09 11:25:43,743 [DEBUG] Accepted segment [45568:46592], variance=0.0483, QRS count=6
2025-10-09 11:25:43,746 [DEBUG] Accepted segment [46080:47104], variance=0.0507, QRS count=6
2025-10-09 11:25:43,748 [DEBUG] Accepted segment [46592:47616], variance=0.0576, QRS count=6
2025-10-09 11:25:43,751 [DEBUG] Accepted segment [47104:48128], variance=0.0606, QRS count=6
2025-10-09 11:25:43,753 [DEBUG] Accepted segment [47616:48640], variance=0.0595, QRS count=6
2025-10-09 11:25:43,757 [DEBUG] Accepted segment [48128:49152], variance=0.0510, QRS count=6
2025-10-09 11:25:43,761 [DEBUG] Accepted segment [48640:49664], variance=0.0516, QRS count=5
2025-10-09 11:25:43,764 [DEBUG] Accepted segment [49152:50176], variance=0.0585, QRS count=5
2025-10-09 11:25:43,767 [DEBUG] Accepted segment [49664:50688], variance=0.0584, QRS count=5
2025-10-09 11:25:43,770 [DEBUG] Accepted segment [50176:51200], variance=0.0589, QRS count=6
2025-10-09 11:25:43,773 [DEBUG] Accepted segment [50688:51712], variance=0.0584, QRS count=6
2025-10-09 11:25:43,776 [DEBUG] Accepted segment [51200:52224], variance=0.0501, QRS count=5
2025-10-09 11:25:43,780 [DEBUG] Accepted segment [51712:52736], variance=0.0509, QRS count=5
2025-10-09 11:25:43,785 [DEBUG] Accepted segment [52224:53248], variance=0.0593, QRS count=5
2025-10-09 11:25:43,789 [DEBUG] Accepted segment [52736:53760], variance=0.0583, QRS count=6
2025-10-09 11:25:43,793 [DEBUG] Accepted segment [53248:54272], variance=0.0595, QRS count=5
2025-10-09 11:25:43,799 [DEBUG] Accepted segment [53760:54784], variance=0.0531, QRS count=5
2025-10-09 11:25:43,803 [DEBUG] Accepted segment [54272:55296], variance=0.0531, QRS count=5
2025-10-09 11:25:43,808 [DEBUG] Accepted segment [54784:55808], variance=0.0593, QRS count=5
2025-10-09 11:25:43,813 [DEBUG] Accepted segment [55296:56320], variance=0.0602, QRS count=5
2025-10-09 11:25:43,818 [DEBUG] Accepted segment [55808:56832], variance=0.0621, QRS count=5
2025-10-09 11:25:43,822 [DEBUG] Accepted segment [56320:57344], variance=0.0596, QRS count=5
2025-10-09 11:25:43,827 [DEBUG] Accepted segment [56832:57856], variance=0.0563, QRS count=6
2025-10-09 11:25:43,831 [DEBUG] Accepted segment [57344:58368], variance=0.0567, QRS count=6
2025-10-09 11:25:43,836 [DEBUG] Accepted segment [57856:58880], variance=0.0583, QRS count=5
2025-10-09 11:25:43,840 [DEBUG] Accepted segment [58368:59392], variance=0.0492, QRS count=5
2025-10-09 11:25:43,844 [DEBUG] Accepted segment [58880:59904], variance=0.0492, QRS count=5
2025-10-09 11:25:43,848 [DEBUG] Accepted segment [59392:60416], variance=0.0592, QRS count=5
2025-10-09 11:25:43,853 [DEBUG] Accepted segment [59904:60928], variance=0.0586, QRS count=5
2025-10-09 11:25:43,858 [DEBUG] Accepted segment [60416:61440], variance=0.0579, QRS count=6
2025-10-09 11:25:43,863 [DEBUG] Accepted segment [60928:61952], variance=0.0584, QRS count=6
2025-10-09 11:25:43,868 [DEBUG] Accepted segment [61440:62464], variance=0.0588, QRS count=5
2025-10-09 11:25:43,874 [DEBUG] Accepted segment [61952:62976], variance=0.0565, QRS count=5
2025-10-09 11:25:43,880 [DEBUG] Accepted segment [62464:63488], variance=0.0485, QRS count=6
2025-10-09 11:25:43,885 [DEBUG] Accepted segment [62976:64000], variance=0.0508, QRS count=5
2025-10-09 11:25:43,890 [DEBUG] Accepted segment [63488:64512], variance=0.0608, QRS count=5
2025-10-09 11:25:43,894 [DEBUG] Accepted segment [64000:65024], variance=0.0619, QRS count=5
2025-10-09 11:25:43,898 [DEBUG] Accepted segment [64512:65536], variance=0.0587, QRS count=5
2025-10-09 11:25:43,902 [DEBUG] Accepted segment [65024:66048], variance=0.0603, QRS count=5
2025-10-09 11:25:43,905 [DEBUG] Accepted segment [65536:66560], variance=0.0623, QRS count=5
2025-10-09 11:25:43,908 [DEBUG] Accepted segment [66048:67072], variance=0.0612, QRS count=5
2025-10-09 11:25:43,911 [DEBUG] Accepted segment [66560:67584], variance=0.0614, QRS count=6
2025-10-09 11:25:43,913 [DEBUG] Accepted segment [67072:68096], variance=0.0627, QRS count=6
2025-10-09 11:25:43,916 [DEBUG] Accepted segment [67584:68608], variance=0.0535, QRS count=5
2025-10-09 11:25:43,918 [DEBUG] Accepted segment [68096:69120], variance=0.0529, QRS count=5
2025-10-09 11:25:43,921 [DEBUG] Accepted segment [68608:69632], variance=0.0620, QRS count=5
2025-10-09 11:25:43,923 [DEBUG] Accepted segment [69120:70144], variance=0.0512, QRS count=6
2025-10-09 11:25:43,925 [DEBUG] Accepted segment [69632:70656], variance=0.0508, QRS count=5
2025-10-09 11:25:43,928 [DEBUG] Accepted segment [70144:71168], variance=0.0623, QRS count=5
2025-10-09 11:25:43,930 [DEBUG] Accepted segment [70656:71680], variance=0.0649, QRS count=5
2025-10-09 11:25:43,932 [DEBUG] Accepted segment [71168:72192], variance=0.0649, QRS count=6
2025-10-09 11:25:43,934 [DEBUG] Accepted segment [71680:72704], variance=0.0643, QRS count=6
2025-10-09 11:25:43,937 [DEBUG] Accepted segment [72192:73216], variance=0.0546, QRS count=6
2025-10-09 11:25:43,939 [DEBUG] Accepted segment [72704:73728], variance=0.0550, QRS count=5
2025-10-09 11:25:43,942 [DEBUG] Accepted segment [73216:74240], variance=0.0646, QRS count=5
2025-10-09 11:25:43,944 [DEBUG] Accepted segment [73728:74752], variance=0.0630, QRS count=5
2025-10-09 11:25:43,946 [DEBUG] Accepted segment [74240:75264], variance=0.0623, QRS count=6
2025-10-09 11:25:43,949 [DEBUG] Accepted segment [74752:75776], variance=0.0621, QRS count=6
2025-10-09 11:25:43,951 [DEBUG] Accepted segment [75264:76288], variance=0.0509, QRS count=6
2025-10-09 11:25:43,954 [DEBUG] Accepted segment [75776:76800], variance=0.0518, QRS count=5
2025-10-09 11:25:43,956 [DEBUG] Accepted segment [76288:77312], variance=0.0641, QRS count=5
2025-10-09 11:25:43,959 [DEBUG] Accepted segment [76800:77824], variance=0.0659, QRS count=5
2025-10-09 11:25:43,961 [DEBUG] Accepted segment [77312:78336], variance=0.0647, QRS count=6
2025-10-09 11:25:43,963 [DEBUG] Accepted segment [77824:78848], variance=0.0543, QRS count=5
2025-10-09 11:25:43,966 [DEBUG] Accepted segment [78336:79360], variance=0.0534, QRS count=5
2025-10-09 11:25:43,968 [DEBUG] Accepted segment [78848:79872], variance=0.0600, QRS count=5
2025-10-09 11:25:43,971 [DEBUG] Accepted segment [79360:80384], variance=0.0605, QRS count=6
2025-10-09 11:25:43,973 [DEBUG] Accepted segment [79872:80896], variance=0.0530, QRS count=5
2025-10-09 11:25:43,975 [DEBUG] Accepted segment [80384:81408], variance=0.0525, QRS count=5
2025-10-09 11:25:43,978 [DEBUG] Accepted segment [80896:81920], variance=0.0614, QRS count=5
2025-10-09 11:25:43,980 [DEBUG] Accepted segment [81408:82432], variance=0.0623, QRS count=6
2025-10-09 11:25:43,982 [DEBUG] Accepted segment [81920:82944], variance=0.0606, QRS count=5
2025-10-09 11:25:43,986 [DEBUG] Accepted segment [82432:83456], variance=0.0508, QRS count=5
2025-10-09 11:25:43,990 [DEBUG] Accepted segment [82944:83968], variance=0.0525, QRS count=5
2025-10-09 11:25:43,993 [DEBUG] Accepted segment [83456:84480], variance=0.0618, QRS count=5
2025-10-09 11:25:43,996 [DEBUG] Accepted segment [83968:84992], variance=0.0601, QRS count=5
2025-10-09 11:25:43,999 [DEBUG] Accepted segment [84480:85504], variance=0.0589, QRS count=5
2025-10-09 11:25:44,004 [DEBUG] Accepted segment [84992:86016], variance=0.0579, QRS count=6
2025-10-09 11:25:44,009 [DEBUG] Accepted segment [85504:86528], variance=0.0604, QRS count=6
2025-10-09 11:25:44,012 [DEBUG] Accepted segment [86016:87040], variance=0.0538, QRS count=5
2025-10-09 11:25:44,016 [DEBUG] Accepted segment [86528:87552], variance=0.0515, QRS count=5
2025-10-09 11:25:44,020 [DEBUG] Accepted segment [87040:88064], variance=0.0609, QRS count=5
2025-10-09 11:25:44,024 [DEBUG] Accepted segment [87552:88576], variance=0.0617, QRS count=5
2025-10-09 11:25:44,027 [DEBUG] Accepted segment [88064:89088], variance=0.0498, QRS count=5
2025-10-09 11:25:44,030 [DEBUG] Accepted segment [88576:89600], variance=0.0489, QRS count=5
2025-10-09 11:25:44,034 [DEBUG] Accepted segment [89088:90112], variance=0.0603, QRS count=5
2025-10-09 11:25:44,038 [DEBUG] Accepted segment [89600:90624], variance=0.0612, QRS count=6
2025-10-09 11:25:44,043 [DEBUG] Accepted segment [90112:91136], variance=0.0612, QRS count=6
2025-10-09 11:25:44,046 [DEBUG] Accepted segment [90624:91648], variance=0.0535, QRS count=5
2025-10-09 11:25:44,050 [DEBUG] Accepted segment [91136:92160], variance=0.0552, QRS count=5
2025-10-09 11:25:44,054 [DEBUG] Accepted segment [91648:92672], variance=0.0635, QRS count=5
2025-10-09 11:25:44,058 [DEBUG] Accepted segment [92160:93184], variance=0.0609, QRS count=5
2025-10-09 11:25:44,063 [DEBUG] Accepted segment [92672:93696], variance=0.0534, QRS count=6
2025-10-09 11:25:44,067 [DEBUG] Accepted segment [93184:94208], variance=0.0553, QRS count=5
2025-10-09 11:25:44,071 [DEBUG] Accepted segment [93696:94720], variance=0.0625, QRS count=5
2025-10-09 11:25:44,082 [DEBUG] Accepted segment [94208:95232], variance=0.0619, QRS count=5
2025-10-09 11:25:44,095 [DEBUG] Accepted segment [94720:95744], variance=0.0629, QRS count=6
2025-10-09 11:25:44,104 [DEBUG] Accepted segment [95232:96256], variance=0.0528, QRS count=5
2025-10-09 11:25:44,114 [DEBUG] Accepted segment [95744:96768], variance=0.0525, QRS count=5
2025-10-09 11:25:44,123 [DEBUG] Accepted segment [96256:97280], variance=0.0625, QRS count=5
2025-10-09 11:25:44,129 [DEBUG] Accepted segment [96768:97792], variance=0.0602, QRS count=6
2025-10-09 11:25:44,137 [DEBUG] Accepted segment [97280:98304], variance=0.0574, QRS count=6
2025-10-09 11:25:44,146 [DEBUG] Accepted segment [97792:98816], variance=0.0569, QRS count=6
2025-10-09 11:25:44,157 [DEBUG] Accepted segment [98304:99328], variance=0.0501, QRS count=6
2025-10-09 11:25:44,168 [DEBUG] Accepted segment [98816:99840], variance=0.0510, QRS count=5
2025-10-09 11:25:44,178 [DEBUG] Accepted segment [99328:100352], variance=0.0579, QRS count=5
2025-10-09 11:25:44,189 [DEBUG] Accepted segment [99840:100864], variance=0.0583, QRS count=5
2025-10-09 11:25:44,194 [DEBUG] Accepted segment [100352:101376], variance=0.0604, QRS count=5
2025-10-09 11:25:44,199 [DEBUG] Accepted segment [100864:101888], variance=0.0593, QRS count=6
2025-10-09 11:25:44,204 [DEBUG] Accepted segment [101376:102400], variance=0.0568, QRS count=6
2025-10-09 11:25:44,214 [DEBUG] Accepted segment [101888:102912], variance=0.0552, QRS count=6
2025-10-09 11:25:44,220 [DEBUG] Accepted segment [102400:103424], variance=0.0554, QRS count=6
2025-10-09 11:25:44,224 [DEBUG] Accepted segment [102912:103936], variance=0.0574, QRS count=6
2025-10-09 11:25:44,227 [DEBUG] Accepted segment [103424:104448], variance=0.0576, QRS count=5
2025-10-09 11:25:44,231 [DEBUG] Accepted segment [103936:104960], variance=0.0472, QRS count=6
2025-10-09 11:25:44,234 [DEBUG] Accepted segment [104448:105472], variance=0.0462, QRS count=5
2025-10-09 11:25:44,237 [DEBUG] Accepted segment [104960:105984], variance=0.0554, QRS count=5
2025-10-09 11:25:44,240 [DEBUG] Accepted segment [105472:106496], variance=0.0562, QRS count=5
2025-10-09 11:25:44,243 [DEBUG] Accepted segment [105984:107008], variance=0.0543, QRS count=5
2025-10-09 11:25:44,245 [DEBUG] Accepted segment [106496:107520], variance=0.0518, QRS count=5
2025-10-09 11:25:44,248 [DEBUG] Accepted segment [107008:108032], variance=0.0523, QRS count=5
2025-10-09 11:25:44,250 [DEBUG] Accepted segment [107520:108544], variance=0.0539, QRS count=5
2025-10-09 11:25:44,253 [DEBUG] Accepted segment [108032:109056], variance=0.0543, QRS count=5
2025-10-09 11:25:44,255 [DEBUG] Accepted segment [108544:109568], variance=0.0531, QRS count=6
2025-10-09 11:25:44,259 [DEBUG] Accepted segment [109056:110080], variance=0.0515, QRS count=6
2025-10-09 11:25:44,262 [DEBUG] Accepted segment [109568:110592], variance=0.0521, QRS count=6
2025-10-09 11:25:44,264 [DEBUG] Accepted segment [110080:111104], variance=0.1279, QRS count=6
2025-10-09 11:25:44,267 [DEBUG] Accepted segment [110592:111616], variance=0.1293, QRS count=5
2025-10-09 11:25:44,269 [DEBUG] Accepted segment [111104:112128], variance=0.0552, QRS count=6
2025-10-09 11:25:44,272 [DEBUG] Accepted segment [111616:112640], variance=0.0537, QRS count=6
2025-10-09 11:25:44,274 [DEBUG] Accepted segment [112128:113152], variance=0.0532, QRS count=6
2025-10-09 11:25:44,277 [DEBUG] Accepted segment [112640:113664], variance=0.0558, QRS count=6
2025-10-09 11:25:44,279 [DEBUG] Accepted segment [113152:114176], variance=0.0582, QRS count=5
2025-10-09 11:25:44,281 [DEBUG] Accepted segment [113664:114688], variance=0.0514, QRS count=6
2025-10-09 11:25:44,284 [DEBUG] Accepted segment [114176:115200], variance=0.0525, QRS count=5
2025-10-09 11:25:44,286 [DEBUG] Accepted segment [114688:115712], variance=0.0596, QRS count=5
2025-10-09 11:25:44,289 [DEBUG] Accepted segment [115200:116224], variance=0.0584, QRS count=5
2025-10-09 11:25:44,291 [DEBUG] Accepted segment [115712:116736], variance=0.0515, QRS count=6
2025-10-09 11:25:44,293 [DEBUG] Accepted segment [116224:117248], variance=0.0530, QRS count=5
2025-10-09 11:25:44,296 [DEBUG] Accepted segment [116736:117760], variance=0.0609, QRS count=5
2025-10-09 11:25:44,299 [DEBUG] Accepted segment [117248:118272], variance=0.0628, QRS count=5
2025-10-09 11:25:44,301 [DEBUG] Accepted segment [117760:118784], variance=0.0637, QRS count=6
2025-10-09 11:25:44,304 [DEBUG] Accepted segment [118272:119296], variance=0.0609, QRS count=6
2025-10-09 11:25:44,306 [DEBUG] Accepted segment [118784:119808], variance=0.0506, QRS count=6
2025-10-09 11:25:44,306 [DEBUG] Skipping segment [119296:120320] due to overlap with noise [120200:120500]
2025-10-09 11:25:44,306 [DEBUG] Skipping segment [119808:120832] due to overlap with noise [120200:120500]
2025-10-09 11:25:44,307 [DEBUG] Skipping segment [120320:121344] due to overlap with noise [120200:120500]
2025-10-09 11:25:44,309 [DEBUG] Accepted segment [120832:121856], variance=0.0428, QRS count=6
2025-10-09 11:25:44,312 [DEBUG] Accepted segment [121344:122368], variance=0.0406, QRS count=6
2025-10-09 11:25:44,315 [DEBUG] Accepted segment [121856:122880], variance=0.0365, QRS count=6
2025-10-09 11:25:44,317 [DEBUG] Accepted segment [122368:123392], variance=0.0401, QRS count=5
2025-10-09 11:25:44,320 [DEBUG] Accepted segment [122880:123904], variance=0.0464, QRS count=6
2025-10-09 11:25:44,322 [DEBUG] Accepted segment [123392:124416], variance=0.0520, QRS count=6
2025-10-09 11:25:44,325 [DEBUG] Accepted segment [123904:124928], variance=0.0439, QRS count=5
2025-10-09 11:25:44,327 [DEBUG] Accepted segment [124416:125440], variance=0.0354, QRS count=5
2025-10-09 11:25:44,330 [DEBUG] Accepted segment [124928:125952], variance=0.0386, QRS count=5
2025-10-09 11:25:44,332 [DEBUG] Accepted segment [125440:126464], variance=0.0365, QRS count=5
2025-10-09 11:25:44,335 [DEBUG] Accepted segment [125952:126976], variance=0.0365, QRS count=6
2025-10-09 11:25:44,337 [DEBUG] Accepted segment [126464:127488], variance=0.0327, QRS count=5
2025-10-09 11:25:44,340 [DEBUG] Accepted segment [126976:128000], variance=0.0324, QRS count=5
2025-10-09 11:25:44,340 [INFO] Segmented signal of length 128000 into 246 valid segments
2025-10-09 11:25:44,340 [DEBUG] ECG signal length: 128000, segments: 246
2025-10-09 11:25:44,349 [DEBUG] Accepted segment [0:1024], variance=0.0401, QRS count=6
2025-10-09 11:25:44,353 [DEBUG] Accepted segment [512:1536], variance=0.0419, QRS count=6
2025-10-09 11:25:44,357 [DEBUG] Accepted segment [1024:2048], variance=0.0415, QRS count=6
2025-10-09 11:25:44,362 [DEBUG] Accepted segment [1536:2560], variance=0.0390, QRS count=6
2025-10-09 11:25:44,367 [DEBUG] Accepted segment [2048:3072], variance=0.0377, QRS count=6
2025-10-09 11:25:44,372 [DEBUG] Accepted segment [2560:3584], variance=0.0409, QRS count=6
2025-10-09 11:25:44,376 [DEBUG] Accepted segment [3072:4096], variance=0.0414, QRS count=5
2025-10-09 11:25:44,380 [DEBUG] Accepted segment [3584:4608], variance=0.0384, QRS count=5
2025-10-09 11:25:44,383 [DEBUG] Accepted segment [4096:5120], variance=0.0392, QRS count=5
2025-10-09 11:25:44,386 [DEBUG] Accepted segment [4608:5632], variance=0.0402, QRS count=5
2025-10-09 11:25:44,388 [DEBUG] Accepted segment [5120:6144], variance=0.0394, QRS count=5
2025-10-09 11:25:44,391 [DEBUG] Accepted segment [5632:6656], variance=0.0395, QRS count=5
2025-10-09 11:25:44,393 [DEBUG] Accepted segment [6144:7168], variance=0.0415, QRS count=5
2025-10-09 11:25:44,396 [DEBUG] Accepted segment [6656:7680], variance=0.0433, QRS count=5
2025-10-09 11:25:44,398 [DEBUG] Accepted segment [7168:8192], variance=0.0412, QRS count=5
2025-10-09 11:25:44,401 [DEBUG] Accepted segment [7680:8704], variance=0.0387, QRS count=6
2025-10-09 11:25:44,404 [DEBUG] Accepted segment [8192:9216], variance=0.0424, QRS count=6
2025-10-09 11:25:44,407 [DEBUG] Accepted segment [8704:9728], variance=0.0459, QRS count=6
2025-10-09 11:25:44,410 [DEBUG] Accepted segment [9216:10240], variance=0.0427, QRS count=5
2025-10-09 11:25:44,413 [DEBUG] Accepted segment [9728:10752], variance=0.0465, QRS count=5
2025-10-09 11:25:44,415 [DEBUG] Accepted segment [10240:11264], variance=0.0452, QRS count=6
2025-10-09 11:25:44,418 [DEBUG] Accepted segment [10752:11776], variance=0.0496, QRS count=6
2025-10-09 11:25:44,421 [DEBUG] Accepted segment [11264:12288], variance=0.0525, QRS count=6
2025-10-09 11:25:44,423 [DEBUG] Accepted segment [11776:12800], variance=0.0397, QRS count=6
2025-10-09 11:25:44,426 [DEBUG] Accepted segment [12288:13312], variance=0.0377, QRS count=6
2025-10-09 11:25:44,428 [DEBUG] Accepted segment [12800:13824], variance=0.0388, QRS count=6
2025-10-09 11:25:44,430 [DEBUG] Accepted segment [13312:14336], variance=0.0378, QRS count=6
2025-10-09 11:25:44,433 [DEBUG] Accepted segment [13824:14848], variance=0.0385, QRS count=6
2025-10-09 11:25:44,435 [DEBUG] Accepted segment [14336:15360], variance=0.0398, QRS count=6
2025-10-09 11:25:44,438 [DEBUG] Accepted segment [14848:15872], variance=0.0393, QRS count=5
2025-10-09 11:25:44,440 [DEBUG] Accepted segment [15360:16384], variance=0.0346, QRS count=6
2025-10-09 11:25:44,443 [DEBUG] Accepted segment [15872:16896], variance=0.0356, QRS count=5
2025-10-09 11:25:44,446 [DEBUG] Accepted segment [16384:17408], variance=0.0412, QRS count=5
2025-10-09 11:25:44,449 [DEBUG] Accepted segment [16896:17920], variance=0.0429, QRS count=5
2025-10-09 11:25:44,451 [DEBUG] Accepted segment [17408:18432], variance=0.0438, QRS count=5
2025-10-09 11:25:44,454 [DEBUG] Accepted segment [17920:18944], variance=0.0445, QRS count=5
2025-10-09 11:25:44,456 [DEBUG] Accepted segment [18432:19456], variance=0.0446, QRS count=5
2025-10-09 11:25:44,459 [DEBUG] Accepted segment [18944:19968], variance=0.0441, QRS count=5
2025-10-09 11:25:44,461 [DEBUG] Accepted segment [19456:20480], variance=0.0441, QRS count=5
2025-10-09 11:25:44,464 [DEBUG] Accepted segment [19968:20992], variance=0.0429, QRS count=5
2025-10-09 11:25:44,466 [DEBUG] Accepted segment [20480:21504], variance=0.0406, QRS count=5
2025-10-09 11:25:44,469 [DEBUG] Accepted segment [20992:22016], variance=0.0402, QRS count=5
2025-10-09 11:25:44,472 [DEBUG] Accepted segment [21504:22528], variance=0.0406, QRS count=5
2025-10-09 11:25:44,474 [DEBUG] Accepted segment [22016:23040], variance=0.0405, QRS count=5
2025-10-09 11:25:44,477 [DEBUG] Accepted segment [22528:23552], variance=0.0406, QRS count=5
2025-10-09 11:25:44,479 [DEBUG] Accepted segment [23040:24064], variance=0.0412, QRS count=5
2025-10-09 11:25:44,482 [DEBUG] Accepted segment [23552:24576], variance=0.0423, QRS count=5
2025-10-09 11:25:44,484 [DEBUG] Accepted segment [24064:25088], variance=0.0420, QRS count=6
2025-10-09 11:25:44,487 [DEBUG] Accepted segment [24576:25600], variance=0.0412, QRS count=6
2025-10-09 11:25:44,489 [DEBUG] Accepted segment [25088:26112], variance=0.0412, QRS count=6
2025-10-09 11:25:44,492 [DEBUG] Accepted segment [25600:26624], variance=0.0407, QRS count=6
2025-10-09 11:25:44,494 [DEBUG] Accepted segment [26112:27136], variance=0.0394, QRS count=6
2025-10-09 11:25:44,497 [DEBUG] Accepted segment [26624:27648], variance=0.0471, QRS count=6
2025-10-09 11:25:44,499 [DEBUG] Accepted segment [27136:28160], variance=0.0493, QRS count=6
2025-10-09 11:25:44,503 [DEBUG] Accepted segment [27648:28672], variance=0.0420, QRS count=6
2025-10-09 11:25:44,506 [DEBUG] Accepted segment [28160:29184], variance=0.0394, QRS count=5
2025-10-09 11:25:44,509 [DEBUG] Accepted segment [28672:29696], variance=0.0345, QRS count=5
2025-10-09 11:25:44,512 [DEBUG] Accepted segment [29184:30208], variance=0.0353, QRS count=5
2025-10-09 11:25:44,515 [DEBUG] Accepted segment [29696:30720], variance=0.0395, QRS count=5
2025-10-09 11:25:44,517 [DEBUG] Accepted segment [30208:31232], variance=0.0400, QRS count=5
2025-10-09 11:25:44,520 [DEBUG] Accepted segment [30720:31744], variance=0.0419, QRS count=5
2025-10-09 11:25:44,522 [DEBUG] Accepted segment [31232:32256], variance=0.0425, QRS count=5
2025-10-09 11:25:44,524 [DEBUG] Accepted segment [31744:32768], variance=0.0409, QRS count=5
2025-10-09 11:25:44,526 [DEBUG] Accepted segment [32256:33280], variance=0.0398, QRS count=5
2025-10-09 11:25:44,528 [DEBUG] Accepted segment [32768:33792], variance=0.0410, QRS count=5
2025-10-09 11:25:44,531 [DEBUG] Accepted segment [33280:34304], variance=0.0416, QRS count=5
2025-10-09 11:25:44,533 [DEBUG] Accepted segment [33792:34816], variance=0.0405, QRS count=5
2025-10-09 11:25:44,536 [DEBUG] Accepted segment [34304:35328], variance=0.0395, QRS count=6
2025-10-09 11:25:44,538 [DEBUG] Accepted segment [34816:35840], variance=0.0397, QRS count=6
2025-10-09 11:25:44,540 [DEBUG] Accepted segment [35328:36352], variance=0.0419, QRS count=6
2025-10-09 11:25:44,543 [DEBUG] Accepted segment [35840:36864], variance=0.0427, QRS count=6
2025-10-09 11:25:44,545 [DEBUG] Accepted segment [36352:37376], variance=0.0419, QRS count=6
2025-10-09 11:25:44,547 [DEBUG] Accepted segment [36864:37888], variance=0.0411, QRS count=6
2025-10-09 11:25:44,550 [DEBUG] Accepted segment [37376:38400], variance=0.0402, QRS count=5
2025-10-09 11:25:44,552 [DEBUG] Accepted segment [37888:38912], variance=0.0358, QRS count=6
2025-10-09 11:25:44,555 [DEBUG] Accepted segment [38400:39424], variance=0.0363, QRS count=5
2025-10-09 11:25:44,557 [DEBUG] Accepted segment [38912:39936], variance=0.0418, QRS count=5
2025-10-09 11:25:44,559 [DEBUG] Accepted segment [39424:40448], variance=0.0436, QRS count=5
2025-10-09 11:25:44,562 [DEBUG] Accepted segment [39936:40960], variance=0.0433, QRS count=5
2025-10-09 11:25:44,565 [DEBUG] Accepted segment [40448:41472], variance=0.0420, QRS count=5
2025-10-09 11:25:44,568 [DEBUG] Accepted segment [40960:41984], variance=0.0409, QRS count=5
2025-10-09 11:25:44,571 [DEBUG] Accepted segment [41472:42496], variance=0.0399, QRS count=6
2025-10-09 11:25:44,574 [DEBUG] Accepted segment [41984:43008], variance=0.0410, QRS count=6
2025-10-09 11:25:44,578 [DEBUG] Accepted segment [42496:43520], variance=0.0423, QRS count=6
2025-10-09 11:25:44,582 [DEBUG] Accepted segment [43008:44032], variance=0.0413, QRS count=6
2025-10-09 11:25:44,585 [DEBUG] Accepted segment [43520:44544], variance=0.0393, QRS count=6
2025-10-09 11:25:44,589 [DEBUG] Accepted segment [44032:45056], variance=0.0401, QRS count=6
2025-10-09 11:25:44,592 [DEBUG] Accepted segment [44544:45568], variance=0.0421, QRS count=6
2025-10-09 11:25:44,595 [DEBUG] Accepted segment [45056:46080], variance=0.0420, QRS count=6
2025-10-09 11:25:44,599 [DEBUG] Accepted segment [45568:46592], variance=0.0406, QRS count=6
2025-10-09 11:25:44,602 [DEBUG] Accepted segment [46080:47104], variance=0.0402, QRS count=6
2025-10-09 11:25:44,605 [DEBUG] Accepted segment [46592:47616], variance=0.0409, QRS count=6
2025-10-09 11:25:44,608 [DEBUG] Accepted segment [47104:48128], variance=0.0409, QRS count=6
2025-10-09 11:25:44,610 [DEBUG] Accepted segment [47616:48640], variance=0.0406, QRS count=6
2025-10-09 11:25:44,613 [DEBUG] Accepted segment [48128:49152], variance=0.0408, QRS count=5
2025-10-09 11:25:44,616 [DEBUG] Accepted segment [48640:49664], variance=0.0422, QRS count=5
2025-10-09 11:25:44,618 [DEBUG] Accepted segment [49152:50176], variance=0.0407, QRS count=5
2025-10-09 11:25:44,621 [DEBUG] Accepted segment [49664:50688], variance=0.0342, QRS count=6
2025-10-09 11:25:44,623 [DEBUG] Accepted segment [50176:51200], variance=0.0361, QRS count=5
2025-10-09 11:25:44,626 [DEBUG] Accepted segment [50688:51712], variance=0.0422, QRS count=5
2025-10-09 11:25:44,629 [DEBUG] Accepted segment [51200:52224], variance=0.0421, QRS count=5
2025-10-09 11:25:44,631 [DEBUG] Accepted segment [51712:52736], variance=0.0413, QRS count=5
2025-10-09 11:25:44,634 [DEBUG] Accepted segment [52224:53248], variance=0.0424, QRS count=5
2025-10-09 11:25:44,636 [DEBUG] Accepted segment [52736:53760], variance=0.0428, QRS count=5
2025-10-09 11:25:44,639 [DEBUG] Accepted segment [53248:54272], variance=0.0407, QRS count=6
2025-10-09 11:25:44,642 [DEBUG] Accepted segment [53760:54784], variance=0.0401, QRS count=6
2025-10-09 11:25:44,644 [DEBUG] Accepted segment [54272:55296], variance=0.0403, QRS count=6
2025-10-09 11:25:44,647 [DEBUG] Accepted segment [54784:55808], variance=0.0409, QRS count=6
2025-10-09 11:25:44,649 [DEBUG] Accepted segment [55296:56320], variance=0.0409, QRS count=5
2025-10-09 11:25:44,652 [DEBUG] Accepted segment [55808:56832], variance=0.0340, QRS count=6
2025-10-09 11:25:44,654 [DEBUG] Accepted segment [56320:57344], variance=0.0343, QRS count=5
2025-10-09 11:25:44,657 [DEBUG] Accepted segment [56832:57856], variance=0.0403, QRS count=5
2025-10-09 11:25:44,660 [DEBUG] Accepted segment [57344:58368], variance=0.0385, QRS count=5
2025-10-09 11:25:44,663 [DEBUG] Accepted segment [57856:58880], variance=0.0381, QRS count=5
2025-10-09 11:25:44,666 [DEBUG] Accepted segment [58368:59392], variance=0.0402, QRS count=5
2025-10-09 11:25:44,668 [DEBUG] Accepted segment [58880:59904], variance=0.0411, QRS count=5
2025-10-09 11:25:44,671 [DEBUG] Accepted segment [59392:60416], variance=0.0399, QRS count=5
2025-10-09 11:25:44,673 [DEBUG] Accepted segment [59904:60928], variance=0.0400, QRS count=6
2025-10-09 11:25:44,676 [DEBUG] Accepted segment [60416:61440], variance=0.0408, QRS count=6
2025-10-09 11:25:44,679 [DEBUG] Accepted segment [60928:61952], variance=0.0404, QRS count=6
2025-10-09 11:25:44,681 [DEBUG] Accepted segment [61440:62464], variance=0.0402, QRS count=6
2025-10-09 11:25:44,683 [DEBUG] Accepted segment [61952:62976], variance=0.0393, QRS count=5
2025-10-09 11:25:44,686 [DEBUG] Accepted segment [62464:63488], variance=0.0352, QRS count=6
2025-10-09 11:25:44,688 [DEBUG] Accepted segment [62976:64000], variance=0.0403, QRS count=5
2025-10-09 11:25:44,691 [DEBUG] Accepted segment [63488:64512], variance=0.0450, QRS count=6
2025-10-09 11:25:44,693 [DEBUG] Accepted segment [64000:65024], variance=0.0414, QRS count=6
2025-10-09 11:25:44,696 [DEBUG] Accepted segment [64512:65536], variance=0.0425, QRS count=6
2025-10-09 11:25:44,698 [DEBUG] Accepted segment [65024:66048], variance=0.0414, QRS count=6
2025-10-09 11:25:44,701 [DEBUG] Accepted segment [65536:66560], variance=0.0358, QRS count=6
2025-10-09 11:25:44,703 [DEBUG] Accepted segment [66048:67072], variance=0.0355, QRS count=6
2025-10-09 11:25:44,706 [DEBUG] Accepted segment [66560:67584], variance=0.0398, QRS count=5
2025-10-09 11:25:44,708 [DEBUG] Accepted segment [67072:68096], variance=0.0410, QRS count=5
2025-10-09 11:25:44,712 [DEBUG] Accepted segment [67584:68608], variance=0.0393, QRS count=5
2025-10-09 11:25:44,716 [DEBUG] Accepted segment [68096:69120], variance=0.0400, QRS count=5
2025-10-09 11:25:44,719 [DEBUG] Accepted segment [68608:69632], variance=0.0419, QRS count=5
2025-10-09 11:25:44,722 [DEBUG] Accepted segment [69120:70144], variance=0.0409, QRS count=5
2025-10-09 11:25:44,724 [DEBUG] Accepted segment [69632:70656], variance=0.0407, QRS count=5
2025-10-09 11:25:44,726 [DEBUG] Accepted segment [70144:71168], variance=0.0428, QRS count=6
2025-10-09 11:25:44,729 [DEBUG] Accepted segment [70656:71680], variance=0.0434, QRS count=6
2025-10-09 11:25:44,731 [DEBUG] Accepted segment [71168:72192], variance=0.1024, QRS count=6
2025-10-09 11:25:44,733 [DEBUG] Accepted segment [71680:72704], variance=0.1012, QRS count=6
2025-10-09 11:25:44,736 [DEBUG] Accepted segment [72192:73216], variance=0.0421, QRS count=6
2025-10-09 11:25:44,738 [DEBUG] Accepted segment [72704:73728], variance=0.0443, QRS count=6
2025-10-09 11:25:44,741 [DEBUG] Accepted segment [73216:74240], variance=0.0363, QRS count=5
2025-10-09 11:25:44,743 [DEBUG] Accepted segment [73728:74752], variance=0.0346, QRS count=5
2025-10-09 11:25:44,746 [DEBUG] Accepted segment [74240:75264], variance=0.0419, QRS count=5
2025-10-09 11:25:44,749 [DEBUG] Accepted segment [74752:75776], variance=0.0424, QRS count=5
2025-10-09 11:25:44,751 [DEBUG] Accepted segment [75264:76288], variance=0.0417, QRS count=6
2025-10-09 11:25:44,753 [DEBUG] Accepted segment [75776:76800], variance=0.0351, QRS count=5
2025-10-09 11:25:44,757 [DEBUG] Accepted segment [76288:77312], variance=0.0362, QRS count=5
2025-10-09 11:25:44,759 [DEBUG] Accepted segment [76800:77824], variance=0.0426, QRS count=5
2025-10-09 11:25:44,762 [DEBUG] Accepted segment [77312:78336], variance=0.0413, QRS count=5
2025-10-09 11:25:44,764 [DEBUG] Accepted segment [77824:78848], variance=0.0425, QRS count=6
2025-10-09 11:25:44,767 [DEBUG] Accepted segment [78336:79360], variance=0.0376, QRS count=6
2025-10-09 11:25:44,769 [DEBUG] Accepted segment [78848:79872], variance=0.0357, QRS count=5
2025-10-09 11:25:44,772 [DEBUG] Accepted segment [79360:80384], variance=0.0419, QRS count=5
2025-10-09 11:25:44,774 [DEBUG] Accepted segment [79872:80896], variance=0.0437, QRS count=5
2025-10-09 11:25:44,777 [DEBUG] Accepted segment [80384:81408], variance=0.0438, QRS count=6
2025-10-09 11:25:44,779 [DEBUG] Accepted segment [80896:81920], variance=0.0365, QRS count=5
2025-10-09 11:25:44,782 [DEBUG] Accepted segment [81408:82432], variance=0.0377, QRS count=5
2025-10-09 11:25:44,784 [DEBUG] Accepted segment [81920:82944], variance=0.0453, QRS count=5
2025-10-09 11:25:44,786 [DEBUG] Accepted segment [82432:83456], variance=0.0444, QRS count=5
2025-10-09 11:25:44,789 [DEBUG] Accepted segment [82944:83968], variance=0.0439, QRS count=6
2025-10-09 11:25:44,791 [DEBUG] Accepted segment [83456:84480], variance=0.0381, QRS count=6
2025-10-09 11:25:44,794 [DEBUG] Accepted segment [83968:84992], variance=0.0375, QRS count=5
2025-10-09 11:25:44,796 [DEBUG] Accepted segment [84480:85504], variance=0.0438, QRS count=5
2025-10-09 11:25:44,798 [DEBUG] Accepted segment [84992:86016], variance=0.0450, QRS count=5
2025-10-09 11:25:44,801 [DEBUG] Accepted segment [85504:86528], variance=0.0438, QRS count=6
2025-10-09 11:25:44,803 [DEBUG] Accepted segment [86016:87040], variance=0.0395, QRS count=6
2025-10-09 11:25:44,806 [DEBUG] Accepted segment [86528:87552], variance=0.0371, QRS count=6
2025-10-09 11:25:44,808 [DEBUG] Accepted segment [87040:88064], variance=0.0333, QRS count=5
2025-10-09 11:25:44,811 [DEBUG] Accepted segment [87552:88576], variance=0.0367, QRS count=5
2025-10-09 11:25:44,813 [DEBUG] Accepted segment [88064:89088], variance=0.0441, QRS count=6
2025-10-09 11:25:44,816 [DEBUG] Accepted segment [88576:89600], variance=0.0408, QRS count=5
2025-10-09 11:25:44,818 [DEBUG] Accepted segment [89088:90112], variance=0.0355, QRS count=5
2025-10-09 11:25:44,820 [DEBUG] Accepted segment [89600:90624], variance=0.0369, QRS count=5
2025-10-09 11:25:44,823 [DEBUG] Accepted segment [90112:91136], variance=0.0406, QRS count=5
2025-10-09 11:25:44,825 [DEBUG] Accepted segment [90624:91648], variance=0.0398, QRS count=5
2025-10-09 11:25:44,827 [DEBUG] Accepted segment [91136:92160], variance=0.0410, QRS count=5
2025-10-09 11:25:44,830 [DEBUG] Accepted segment [91648:92672], variance=0.0432, QRS count=5
2025-10-09 11:25:44,832 [DEBUG] Accepted segment [92160:93184], variance=0.0428, QRS count=6
2025-10-09 11:25:44,834 [DEBUG] Accepted segment [92672:93696], variance=0.1231, QRS count=6
2025-10-09 11:25:44,837 [DEBUG] Accepted segment [93184:94208], variance=0.1247, QRS count=6
2025-10-09 11:25:44,839 [DEBUG] Accepted segment [93696:94720], variance=0.0461, QRS count=6
2025-10-09 11:25:44,842 [DEBUG] Accepted segment [94208:95232], variance=0.0474, QRS count=6
2025-10-09 11:25:44,844 [DEBUG] Accepted segment [94720:95744], variance=0.0470, QRS count=6
2025-10-09 11:25:44,846 [DEBUG] Accepted segment [95232:96256], variance=0.0389, QRS count=5
2025-10-09 11:25:44,849 [DEBUG] Accepted segment [95744:96768], variance=0.0370, QRS count=5
2025-10-09 11:25:44,851 [DEBUG] Accepted segment [96256:97280], variance=0.0435, QRS count=5
2025-10-09 11:25:44,853 [DEBUG] Accepted segment [96768:97792], variance=0.0446, QRS count=6
2025-10-09 11:25:44,856 [DEBUG] Accepted segment [97280:98304], variance=0.0436, QRS count=5
2025-10-09 11:25:44,858 [DEBUG] Accepted segment [97792:98816], variance=0.0419, QRS count=5
2025-10-09 11:25:44,861 [DEBUG] Accepted segment [98304:99328], variance=0.0424, QRS count=5
2025-10-09 11:25:44,863 [DEBUG] Accepted segment [98816:99840], variance=0.0469, QRS count=5
2025-10-09 11:25:44,865 [DEBUG] Accepted segment [99328:100352], variance=0.0437, QRS count=5
2025-10-09 11:25:44,868 [DEBUG] Accepted segment [99840:100864], variance=0.0338, QRS count=6
2025-10-09 11:25:44,870 [DEBUG] Accepted segment [100352:101376], variance=0.0349, QRS count=6
2025-10-09 11:25:44,873 [DEBUG] Accepted segment [100864:101888], variance=0.0390, QRS count=5
2025-10-09 11:25:44,876 [DEBUG] Accepted segment [101376:102400], variance=0.0407, QRS count=5
2025-10-09 11:25:44,879 [DEBUG] Accepted segment [101888:102912], variance=0.0429, QRS count=5
2025-10-09 11:25:44,882 [DEBUG] Accepted segment [102400:103424], variance=0.0422, QRS count=5
2025-10-09 11:25:44,885 [DEBUG] Accepted segment [102912:103936], variance=0.0401, QRS count=6
2025-10-09 11:25:44,889 [DEBUG] Accepted segment [103424:104448], variance=0.0405, QRS count=6
2025-10-09 11:25:44,892 [DEBUG] Accepted segment [103936:104960], variance=0.0415, QRS count=6
2025-10-09 11:25:44,895 [DEBUG] Accepted segment [104448:105472], variance=0.0408, QRS count=6
2025-10-09 11:25:44,897 [DEBUG] Accepted segment [104960:105984], variance=0.0404, QRS count=6
2025-10-09 11:25:44,897 [DEBUG] Skipping segment [105472:106496] due to overlap with noise [106400:107000]
2025-10-09 11:25:44,897 [DEBUG] Skipping segment [105984:107008] due to overlap with noise [106400:107000]
2025-10-09 11:25:44,897 [DEBUG] Skipping segment [106496:107520] due to overlap with noise [106400:107000]
2025-10-09 11:25:44,900 [DEBUG] Accepted segment [107008:108032], variance=0.0702, QRS count=6
2025-10-09 11:25:44,902 [DEBUG] Accepted segment [107520:108544], variance=0.0616, QRS count=6
2025-10-09 11:25:44,905 [DEBUG] Accepted segment [108032:109056], variance=0.0688, QRS count=7
2025-10-09 11:25:44,907 [DEBUG] Accepted segment [108544:109568], variance=0.0644, QRS count=6
2025-10-09 11:25:44,909 [DEBUG] Accepted segment [109056:110080], variance=0.0488, QRS count=6
2025-10-09 11:25:44,912 [DEBUG] Accepted segment [109568:110592], variance=0.0477, QRS count=6
2025-10-09 11:25:44,914 [DEBUG] Accepted segment [110080:111104], variance=0.0440, QRS count=6
2025-10-09 11:25:44,916 [DEBUG] Accepted segment [110592:111616], variance=0.0451, QRS count=7
2025-10-09 11:25:44,919 [DEBUG] Accepted segment [111104:112128], variance=0.0552, QRS count=6
2025-10-09 11:25:44,921 [DEBUG] Accepted segment [111616:112640], variance=0.0556, QRS count=6
2025-10-09 11:25:44,924 [DEBUG] Accepted segment [112128:113152], variance=0.0543, QRS count=6
2025-10-09 11:25:44,926 [DEBUG] Accepted segment [112640:113664], variance=0.0555, QRS count=6
2025-10-09 11:25:44,928 [DEBUG] Accepted segment [113152:114176], variance=0.0560, QRS count=5
2025-10-09 11:25:44,931 [DEBUG] Accepted segment [113664:114688], variance=0.0558, QRS count=5
2025-10-09 11:25:44,933 [DEBUG] Accepted segment [114176:115200], variance=0.0667, QRS count=5
2025-10-09 11:25:44,935 [DEBUG] Accepted segment [114688:115712], variance=0.0741, QRS count=6
2025-10-09 11:25:44,938 [DEBUG] Accepted segment [115200:116224], variance=0.0637, QRS count=6
2025-10-09 11:25:44,940 [DEBUG] Accepted segment [115712:116736], variance=0.0559, QRS count=6
2025-10-09 11:25:44,942 [DEBUG] Accepted segment [116224:117248], variance=0.0528, QRS count=6
2025-10-09 11:25:44,945 [DEBUG] Accepted segment [116736:117760], variance=0.0522, QRS count=5
2025-10-09 11:25:44,947 [DEBUG] Accepted segment [117248:118272], variance=0.0472, QRS count=6
2025-10-09 11:25:44,949 [DEBUG] Accepted segment [117760:118784], variance=0.0471, QRS count=5
2025-10-09 11:25:44,952 [DEBUG] Accepted segment [118272:119296], variance=0.0569, QRS count=5
2025-10-09 11:25:44,954 [DEBUG] Accepted segment [118784:119808], variance=0.0603, QRS count=5
2025-10-09 11:25:44,956 [DEBUG] Accepted segment [119296:120320], variance=0.0607, QRS count=5
2025-10-09 11:25:44,959 [DEBUG] Accepted segment [119808:120832], variance=0.0601, QRS count=6
2025-10-09 11:25:44,961 [DEBUG] Accepted segment [120320:121344], variance=0.0600, QRS count=6
2025-10-09 11:25:44,963 [DEBUG] Accepted segment [120832:121856], variance=0.0599, QRS count=6
2025-10-09 11:25:44,965 [DEBUG] Accepted segment [121344:122368], variance=0.0489, QRS count=5
2025-10-09 11:25:44,968 [DEBUG] Accepted segment [121856:122880], variance=0.0471, QRS count=5
2025-10-09 11:25:44,970 [DEBUG] Accepted segment [122368:123392], variance=0.0592, QRS count=5
2025-10-09 11:25:44,973 [DEBUG] Accepted segment [122880:123904], variance=0.0606, QRS count=5
2025-10-09 11:25:44,976 [DEBUG] Accepted segment [123392:124416], variance=0.0582, QRS count=5
2025-10-09 11:25:44,978 [DEBUG] Accepted segment [123904:124928], variance=0.0582, QRS count=6
2025-10-09 11:25:44,980 [DEBUG] Accepted segment [124416:125440], variance=0.0592, QRS count=6
2025-10-09 11:25:44,983 [DEBUG] Accepted segment [124928:125952], variance=0.0585, QRS count=5
2025-10-09 11:25:44,985 [DEBUG] Accepted segment [125440:126464], variance=0.0485, QRS count=5
2025-10-09 11:25:44,987 [DEBUG] Accepted segment [125952:126976], variance=0.0503, QRS count=5
2025-10-09 11:25:44,990 [DEBUG] Accepted segment [126464:127488], variance=0.0614, QRS count=5
2025-10-09 11:25:44,992 [DEBUG] Accepted segment [126976:128000], variance=0.0608, QRS count=5
2025-10-09 11:25:44,992 [INFO] Segmented signal of length 128000 into 246 valid segments
2025-10-09 11:25:44,992 [DEBUG] ECG signal length: 128000, segments: 246
2025-10-09 11:25:44,992 [INFO] Total segments counted: 492
2025-10-09 11:25:44,992 [INFO] Training segments: 492
2025-10-09 11:25:44,996 [DEBUG] Skipping segment [0:1024] due to overlap with noise [0:400]
2025-10-09 11:25:44,998 [DEBUG] Accepted segment [512:1536], variance=0.0713, QRS count=4
2025-10-09 11:25:45,002 [DEBUG] Accepted segment [1024:2048], variance=0.0615, QRS count=4
2025-10-09 11:25:45,002 [DEBUG] Skipping segment [1536:2560] due to overlap with noise [2400:3800]
2025-10-09 11:25:45,002 [DEBUG] Skipping segment [2048:3072] due to overlap with noise [2400:3800]
2025-10-09 11:25:45,002 [DEBUG] Skipping segment [2560:3584] due to overlap with noise [2400:3800]
2025-10-09 11:25:45,002 [DEBUG] Skipping segment [3072:4096] due to overlap with noise [2400:3800]
2025-10-09 11:25:45,002 [DEBUG] Skipping segment [3584:4608] due to overlap with noise [2400:3800]
2025-10-09 11:25:45,006 [DEBUG] Accepted segment [4096:5120], variance=0.0638, QRS count=4
2025-10-09 11:25:45,010 [DEBUG] Accepted segment [4608:5632], variance=0.0595, QRS count=4
2025-10-09 11:25:45,014 [DEBUG] Accepted segment [5120:6144], variance=0.0630, QRS count=5
2025-10-09 11:25:45,017 [DEBUG] Accepted segment [5632:6656], variance=0.0667, QRS count=4
2025-10-09 11:25:45,020 [DEBUG] Accepted segment [6144:7168], variance=0.0610, QRS count=4
2025-10-09 11:25:45,024 [DEBUG] Accepted segment [6656:7680], variance=0.0560, QRS count=4
2025-10-09 11:25:45,027 [DEBUG] Accepted segment [7168:8192], variance=0.0571, QRS count=4
2025-10-09 11:25:45,030 [DEBUG] Accepted segment [7680:8704], variance=0.0666, QRS count=4
2025-10-09 11:25:45,032 [DEBUG] Accepted segment [8192:9216], variance=0.0678, QRS count=4
2025-10-09 11:25:45,034 [DEBUG] Accepted segment [8704:9728], variance=0.0588, QRS count=4
2025-10-09 11:25:45,037 [DEBUG] Accepted segment [9216:10240], variance=0.0635, QRS count=5
2025-10-09 11:25:45,040 [DEBUG] Accepted segment [9728:10752], variance=0.0676, QRS count=4
2025-10-09 11:25:45,043 [DEBUG] Accepted segment [10240:11264], variance=0.0598, QRS count=4
2025-10-09 11:25:45,046 [DEBUG] Accepted segment [10752:11776], variance=0.0615, QRS count=4
2025-10-09 11:25:45,048 [DEBUG] Accepted segment [11264:12288], variance=0.0670, QRS count=5
2025-10-09 11:25:45,050 [DEBUG] Accepted segment [11776:12800], variance=0.0617, QRS count=4
2025-10-09 11:25:45,053 [DEBUG] Accepted segment [12288:13312], variance=0.0684, QRS count=5
2025-10-09 11:25:45,058 [DEBUG] Accepted segment [12800:13824], variance=0.0672, QRS count=4
2025-10-09 11:25:45,062 [DEBUG] Accepted segment [13312:14336], variance=0.0669, QRS count=5
2025-10-09 11:25:45,065 [DEBUG] Accepted segment [13824:14848], variance=0.0698, QRS count=4
2025-10-09 11:25:45,068 [DEBUG] Accepted segment [14336:15360], variance=0.0721, QRS count=5
2025-10-09 11:25:45,071 [DEBUG] Accepted segment [14848:15872], variance=0.0806, QRS count=5
2025-10-09 11:25:45,075 [DEBUG] Accepted segment [15360:16384], variance=0.0725, QRS count=6
2025-10-09 11:25:45,078 [DEBUG] Accepted segment [15872:16896], variance=0.0769, QRS count=5
2025-10-09 11:25:45,080 [DEBUG] Accepted segment [16384:17408], variance=0.0851, QRS count=5
2025-10-09 11:25:45,083 [DEBUG] Accepted segment [16896:17920], variance=0.0787, QRS count=6
2025-10-09 11:25:45,085 [DEBUG] Accepted segment [17408:18432], variance=0.0684, QRS count=5
2025-10-09 11:25:45,088 [DEBUG] Accepted segment [17920:18944], variance=0.0600, QRS count=4
2025-10-09 11:25:45,090 [DEBUG] Accepted segment [18432:19456], variance=0.0654, QRS count=5
2025-10-09 11:25:45,092 [DEBUG] Accepted segment [18944:19968], variance=0.0706, QRS count=4
2025-10-09 11:25:45,095 [DEBUG] Accepted segment [19456:20480], variance=0.0615, QRS count=4
2025-10-09 11:25:45,097 [DEBUG] Accepted segment [19968:20992], variance=0.0565, QRS count=4
2025-10-09 11:25:45,099 [DEBUG] Accepted segment [20480:21504], variance=0.0658, QRS count=5
2025-10-09 11:25:45,102 [DEBUG] Accepted segment [20992:22016], variance=0.0707, QRS count=4
2025-10-09 11:25:45,104 [DEBUG] Accepted segment [21504:22528], variance=0.0634, QRS count=4
2025-10-09 11:25:45,106 [DEBUG] Accepted segment [22016:23040], variance=0.0587, QRS count=4
2025-10-09 11:25:45,109 [DEBUG] Accepted segment [22528:23552], variance=0.0665, QRS count=5
2025-10-09 11:25:45,109 [DEBUG] Skipping segment [23040:24064] due to overlap with noise [24000:24800]
2025-10-09 11:25:45,109 [DEBUG] Skipping segment [23552:24576] due to overlap with noise [24000:24800]
2025-10-09 11:25:45,109 [DEBUG] Skipping segment [24064:25088] due to overlap with noise [24000:24800]
2025-10-09 11:25:45,109 [DEBUG] Skipping segment [24576:25600] due to overlap with noise [24000:24800]
2025-10-09 11:25:45,111 [DEBUG] Accepted segment [25088:26112], variance=0.0705, QRS count=6
2025-10-09 11:25:45,113 [DEBUG] Accepted segment [25600:26624], variance=0.0701, QRS count=5
2025-10-09 11:25:45,116 [DEBUG] Accepted segment [26112:27136], variance=0.0624, QRS count=5
2025-10-09 11:25:45,118 [DEBUG] Accepted segment [26624:27648], variance=0.0628, QRS count=6
2025-10-09 11:25:45,120 [DEBUG] Accepted segment [27136:28160], variance=0.0622, QRS count=5
2025-10-09 11:25:45,123 [DEBUG] Accepted segment [27648:28672], variance=0.0545, QRS count=5
2025-10-09 11:25:45,125 [DEBUG] Accepted segment [28160:29184], variance=0.0639, QRS count=5
2025-10-09 11:25:45,127 [DEBUG] Accepted segment [28672:29696], variance=0.0645, QRS count=4
2025-10-09 11:25:45,130 [DEBUG] Accepted segment [29184:30208], variance=0.0619, QRS count=5
2025-10-09 11:25:45,132 [DEBUG] Accepted segment [29696:30720], variance=0.0662, QRS count=5
2025-10-09 11:25:45,134 [DEBUG] Accepted segment [30208:31232], variance=0.0584, QRS count=4
2025-10-09 11:25:45,137 [DEBUG] Accepted segment [30720:31744], variance=0.0632, QRS count=5
2025-10-09 11:25:45,139 [DEBUG] Accepted segment [31232:32256], variance=0.0687, QRS count=4
2025-10-09 11:25:45,141 [DEBUG] Accepted segment [31744:32768], variance=0.0606, QRS count=4
2025-10-09 11:25:45,143 [DEBUG] Accepted segment [32256:33280], variance=0.0556, QRS count=5
2025-10-09 11:25:45,146 [DEBUG] Accepted segment [32768:33792], variance=0.0653, QRS count=5
2025-10-09 11:25:45,148 [DEBUG] Accepted segment [33280:34304], variance=0.0680, QRS count=4
2025-10-09 11:25:45,150 [DEBUG] Accepted segment [33792:34816], variance=0.0583, QRS count=4
2025-10-09 11:25:45,153 [DEBUG] Accepted segment [34304:35328], variance=0.0639, QRS count=5
2025-10-09 11:25:45,155 [DEBUG] Accepted segment [34816:35840], variance=0.0667, QRS count=4
2025-10-09 11:25:45,158 [DEBUG] Accepted segment [35328:36352], variance=0.0591, QRS count=5
2025-10-09 11:25:45,160 [DEBUG] Accepted segment [35840:36864], variance=0.0674, QRS count=5
2025-10-09 11:25:45,162 [DEBUG] Accepted segment [36352:37376], variance=0.0672, QRS count=4
2025-10-09 11:25:45,165 [DEBUG] Accepted segment [36864:37888], variance=0.0556, QRS count=4
2025-10-09 11:25:45,167 [DEBUG] Accepted segment [37376:38400], variance=0.0645, QRS count=4
2025-10-09 11:25:45,169 [DEBUG] Accepted segment [37888:38912], variance=0.0696, QRS count=4
2025-10-09 11:25:45,172 [DEBUG] Accepted segment [38400:39424], variance=0.0600, QRS count=4
2025-10-09 11:25:45,174 [DEBUG] Accepted segment [38912:39936], variance=0.0560, QRS count=4
2025-10-09 11:25:45,176 [DEBUG] Accepted segment [39424:40448], variance=0.0663, QRS count=5
2025-10-09 11:25:45,178 [DEBUG] Accepted segment [39936:40960], variance=0.0676, QRS count=4
2025-10-09 11:25:45,181 [DEBUG] Accepted segment [40448:41472], variance=0.0587, QRS count=4
2025-10-09 11:25:45,184 [DEBUG] Accepted segment [40960:41984], variance=0.0638, QRS count=5
2025-10-09 11:25:45,188 [DEBUG] Accepted segment [41472:42496], variance=0.0685, QRS count=4
2025-10-09 11:25:45,191 [DEBUG] Accepted segment [41984:43008], variance=0.0633, QRS count=4
2025-10-09 11:25:45,194 [DEBUG] Accepted segment [42496:43520], variance=0.0641, QRS count=5
2025-10-09 11:25:45,197 [DEBUG] Accepted segment [43008:44032], variance=0.0666, QRS count=5
2025-10-09 11:25:45,200 [DEBUG] Accepted segment [43520:44544], variance=0.0613, QRS count=4
2025-10-09 11:25:45,202 [DEBUG] Accepted segment [44032:45056], variance=0.0696, QRS count=5
2025-10-09 11:25:45,205 [DEBUG] Accepted segment [44544:45568], variance=0.0793, QRS count=5
2025-10-09 11:25:45,207 [DEBUG] Accepted segment [45056:46080], variance=0.0745, QRS count=5
2025-10-09 11:25:45,209 [DEBUG] Accepted segment [45568:46592], variance=0.0689, QRS count=5
2025-10-09 11:25:45,211 [DEBUG] Accepted segment [46080:47104], variance=0.0612, QRS count=5
2025-10-09 11:25:45,214 [DEBUG] Accepted segment [46592:47616], variance=0.0675, QRS count=5
2025-10-09 11:25:45,216 [DEBUG] Accepted segment [47104:48128], variance=0.0667, QRS count=4
2025-10-09 11:25:45,218 [DEBUG] Accepted segment [47616:48640], variance=0.0650, QRS count=5
2025-10-09 11:25:45,221 [DEBUG] Accepted segment [48128:49152], variance=0.0693, QRS count=4
2025-10-09 11:25:45,223 [DEBUG] Accepted segment [48640:49664], variance=0.0693, QRS count=5
2025-10-09 11:25:45,225 [DEBUG] Accepted segment [49152:50176], variance=0.0686, QRS count=5
2025-10-09 11:25:45,228 [DEBUG] Accepted segment [49664:50688], variance=0.0699, QRS count=5
2025-10-09 11:25:45,230 [DEBUG] Accepted segment [50176:51200], variance=0.0716, QRS count=6
2025-10-09 11:25:45,232 [DEBUG] Accepted segment [50688:51712], variance=0.0602, QRS count=5
2025-10-09 11:25:45,234 [DEBUG] Accepted segment [51200:52224], variance=0.0649, QRS count=5
2025-10-09 11:25:45,237 [DEBUG] Accepted segment [51712:52736], variance=0.0633, QRS count=4
2025-10-09 11:25:45,239 [DEBUG] Accepted segment [52224:53248], variance=0.0603, QRS count=5
2025-10-09 11:25:45,242 [DEBUG] Accepted segment [52736:53760], variance=0.0668, QRS count=5
2025-10-09 11:25:45,244 [DEBUG] Accepted segment [53248:54272], variance=0.0604, QRS count=5
2025-10-09 11:25:45,246 [DEBUG] Accepted segment [53760:54784], variance=0.0667, QRS count=5
2025-10-09 11:25:45,249 [DEBUG] Accepted segment [54272:55296], variance=0.0659, QRS count=4
2025-10-09 11:25:45,251 [DEBUG] Accepted segment [54784:55808], variance=0.0629, QRS count=5
2025-10-09 11:25:45,254 [DEBUG] Accepted segment [55296:56320], variance=0.0680, QRS count=5
2025-10-09 11:25:45,256 [DEBUG] Accepted segment [55808:56832], variance=0.0606, QRS count=4
2025-10-09 11:25:45,258 [DEBUG] Accepted segment [56320:57344], variance=0.0672, QRS count=5
2025-10-09 11:25:45,261 [DEBUG] Accepted segment [56832:57856], variance=0.0676, QRS count=4
2025-10-09 11:25:45,266 [DEBUG] Accepted segment [57344:58368], variance=0.0666, QRS count=5
2025-10-09 11:25:45,270 [DEBUG] Accepted segment [57856:58880], variance=0.0669, QRS count=4
2025-10-09 11:25:45,273 [DEBUG] Accepted segment [58368:59392], variance=0.0631, QRS count=5
2025-10-09 11:25:45,276 [DEBUG] Accepted segment [58880:59904], variance=0.0658, QRS count=4
2025-10-09 11:25:45,279 [DEBUG] Accepted segment [59392:60416], variance=0.0663, QRS count=5
2025-10-09 11:25:45,282 [DEBUG] Accepted segment [59904:60928], variance=0.0609, QRS count=5
2025-10-09 11:25:45,285 [DEBUG] Accepted segment [60416:61440], variance=0.0636, QRS count=5
2025-10-09 11:25:45,287 [DEBUG] Accepted segment [60928:61952], variance=0.0645, QRS count=4
2025-10-09 11:25:45,290 [DEBUG] Accepted segment [61440:62464], variance=0.0635, QRS count=5
2025-10-09 11:25:45,292 [DEBUG] Accepted segment [61952:62976], variance=0.0681, QRS count=5
2025-10-09 11:25:45,294 [DEBUG] Accepted segment [62464:63488], variance=0.0672, QRS count=5
2025-10-09 11:25:45,296 [DEBUG] Accepted segment [62976:64000], variance=0.0674, QRS count=5
2025-10-09 11:25:45,298 [DEBUG] Accepted segment [63488:64512], variance=0.0614, QRS count=4
2025-10-09 11:25:45,301 [DEBUG] Accepted segment [64000:65024], variance=0.0665, QRS count=4
2025-10-09 11:25:45,303 [DEBUG] Accepted segment [64512:65536], variance=0.0698, QRS count=4
2025-10-09 11:25:45,305 [DEBUG] Accepted segment [65024:66048], variance=0.0600, QRS count=4
2025-10-09 11:25:45,307 [DEBUG] Accepted segment [65536:66560], variance=0.0562, QRS count=4
2025-10-09 11:25:45,310 [DEBUG] Accepted segment [66048:67072], variance=0.0646, QRS count=5
2025-10-09 11:25:45,312 [DEBUG] Accepted segment [66560:67584], variance=0.0682, QRS count=4
2025-10-09 11:25:45,315 [DEBUG] Accepted segment [67072:68096], variance=0.0609, QRS count=4
2025-10-09 11:25:45,317 [DEBUG] Accepted segment [67584:68608], variance=0.0569, QRS count=4
2025-10-09 11:25:45,319 [DEBUG] Accepted segment [68096:69120], variance=0.0652, QRS count=5
2025-10-09 11:25:45,322 [DEBUG] Accepted segment [68608:69632], variance=0.0696, QRS count=4
2025-10-09 11:25:45,324 [DEBUG] Accepted segment [69120:70144], variance=0.0609, QRS count=4
2025-10-09 11:25:45,326 [DEBUG] Accepted segment [69632:70656], variance=0.0629, QRS count=5
2025-10-09 11:25:45,329 [DEBUG] Accepted segment [70144:71168], variance=0.0675, QRS count=4
2025-10-09 11:25:45,331 [DEBUG] Accepted segment [70656:71680], variance=0.0603, QRS count=4
2025-10-09 11:25:45,333 [DEBUG] Accepted segment [71168:72192], variance=0.0674, QRS count=5
2025-10-09 11:25:45,336 [DEBUG] Accepted segment [71680:72704], variance=0.0668, QRS count=4
2025-10-09 11:25:45,338 [DEBUG] Accepted segment [72192:73216], variance=0.0556, QRS count=4
2025-10-09 11:25:45,340 [DEBUG] Accepted segment [72704:73728], variance=0.0672, QRS count=5
2025-10-09 11:25:45,342 [DEBUG] Accepted segment [73216:74240], variance=0.0669, QRS count=4
2025-10-09 11:25:45,345 [DEBUG] Accepted segment [73728:74752], variance=0.0551, QRS count=5
2025-10-09 11:25:45,347 [DEBUG] Accepted segment [74240:75264], variance=0.0668, QRS count=5
2025-10-09 11:25:45,349 [DEBUG] Accepted segment [74752:75776], variance=0.0669, QRS count=4
2025-10-09 11:25:45,352 [DEBUG] Accepted segment [75264:76288], variance=0.0631, QRS count=4
2025-10-09 11:25:45,354 [DEBUG] Accepted segment [75776:76800], variance=0.0682, QRS count=5
2025-10-09 11:25:45,356 [DEBUG] Accepted segment [76288:77312], variance=0.0602, QRS count=4
2025-10-09 11:25:45,359 [DEBUG] Accepted segment [76800:77824], variance=0.0663, QRS count=5
2025-10-09 11:25:45,361 [DEBUG] Accepted segment [77312:78336], variance=0.0746, QRS count=5
2025-10-09 11:25:45,363 [DEBUG] Accepted segment [77824:78848], variance=0.0747, QRS count=5
2025-10-09 11:25:45,366 [DEBUG] Accepted segment [78336:79360], variance=0.0700, QRS count=5
2025-10-09 11:25:45,368 [DEBUG] Accepted segment [78848:79872], variance=0.0689, QRS count=5
2025-10-09 11:25:45,370 [DEBUG] Accepted segment [79360:80384], variance=0.0664, QRS count=4
2025-10-09 11:25:45,373 [DEBUG] Accepted segment [79872:80896], variance=0.0676, QRS count=5
2025-10-09 11:25:45,375 [DEBUG] Accepted segment [80384:81408], variance=0.0665, QRS count=4
2025-10-09 11:25:45,377 [DEBUG] Accepted segment [80896:81920], variance=0.0647, QRS count=5
2025-10-09 11:25:45,379 [DEBUG] Accepted segment [81408:82432], variance=0.0655, QRS count=4
2025-10-09 11:25:45,382 [DEBUG] Accepted segment [81920:82944], variance=0.0642, QRS count=5
2025-10-09 11:25:45,384 [DEBUG] Accepted segment [82432:83456], variance=0.0676, QRS count=5
2025-10-09 11:25:45,386 [DEBUG] Accepted segment [82944:83968], variance=0.0592, QRS count=4
2025-10-09 11:25:45,389 [DEBUG] Accepted segment [83456:84480], variance=0.0646, QRS count=5
2025-10-09 11:25:45,391 [DEBUG] Accepted segment [83968:84992], variance=0.0657, QRS count=4
2025-10-09 11:25:45,393 [DEBUG] Accepted segment [84480:85504], variance=0.0633, QRS count=5
2025-10-09 11:25:45,396 [DEBUG] Accepted segment [84992:86016], variance=0.0668, QRS count=5
2025-10-09 11:25:45,398 [DEBUG] Accepted segment [85504:86528], variance=0.0680, QRS count=5
2025-10-09 11:25:45,401 [DEBUG] Accepted segment [86016:87040], variance=0.0652, QRS count=4
2025-10-09 11:25:45,403 [DEBUG] Accepted segment [86528:87552], variance=0.0649, QRS count=5
2025-10-09 11:25:45,405 [DEBUG] Accepted segment [87040:88064], variance=0.0665, QRS count=4
2025-10-09 11:25:45,407 [DEBUG] Accepted segment [87552:88576], variance=0.0640, QRS count=5
2025-10-09 11:25:45,410 [DEBUG] Accepted segment [88064:89088], variance=0.0637, QRS count=5
2025-10-09 11:25:45,412 [DEBUG] Accepted segment [88576:89600], variance=0.0630, QRS count=4
2025-10-09 11:25:45,415 [DEBUG] Accepted segment [89088:90112], variance=0.0606, QRS count=5
2025-10-09 11:25:45,417 [DEBUG] Accepted segment [89600:90624], variance=0.0560, QRS count=4
2025-10-09 11:25:45,419 [DEBUG] Accepted segment [90112:91136], variance=0.0542, QRS count=4
2025-10-09 11:25:45,421 [DEBUG] Accepted segment [90624:91648], variance=0.0615, QRS count=5
2025-10-09 11:25:45,424 [DEBUG] Accepted segment [91136:92160], variance=0.0635, QRS count=4
2025-10-09 11:25:45,426 [DEBUG] Accepted segment [91648:92672], variance=0.0539, QRS count=5
2025-10-09 11:25:45,429 [DEBUG] Accepted segment [92160:93184], variance=0.0651, QRS count=5
2025-10-09 11:25:45,431 [DEBUG] Accepted segment [92672:93696], variance=0.0662, QRS count=4
2025-10-09 11:25:45,433 [DEBUG] Accepted segment [93184:94208], variance=0.0542, QRS count=4
2025-10-09 11:25:45,435 [DEBUG] Accepted segment [93696:94720], variance=0.0644, QRS count=5
2025-10-09 11:25:45,438 [DEBUG] Accepted segment [94208:95232], variance=0.0639, QRS count=4
2025-10-09 11:25:45,440 [DEBUG] Accepted segment [94720:95744], variance=0.0533, QRS count=4
2025-10-09 11:25:45,443 [DEBUG] Accepted segment [95232:96256], variance=0.0611, QRS count=5
2025-10-09 11:25:45,456 [DEBUG] Accepted segment [95744:96768], variance=0.0647, QRS count=4
2025-10-09 11:25:45,459 [DEBUG] Accepted segment [96256:97280], variance=0.0575, QRS count=5
2025-10-09 11:25:45,461 [DEBUG] Accepted segment [96768:97792], variance=0.0637, QRS count=5
2025-10-09 11:25:45,461 [DEBUG] Skipping segment [97280:98304] due to overlap with noise [98200:101600]
2025-10-09 11:25:45,461 [DEBUG] Skipping segment [97792:98816] due to overlap with noise [98200:101600]
2025-10-09 11:25:45,461 [DEBUG] Skipping segment [98304:99328] due to overlap with noise [98200:101600]
2025-10-09 11:25:45,461 [DEBUG] Skipping segment [98816:99840] due to overlap with noise [98200:101600]
2025-10-09 11:25:45,461 [DEBUG] Skipping segment [99328:100352] due to overlap with noise [98200:101600]
2025-10-09 11:25:45,461 [DEBUG] Skipping segment [99840:100864] due to overlap with noise [98200:101600]
2025-10-09 11:25:45,461 [DEBUG] Skipping segment [100352:101376] due to overlap with noise [98200:101600]
2025-10-09 11:25:45,461 [DEBUG] Skipping segment [100864:101888] due to overlap with noise [98200:101600]
2025-10-09 11:25:45,461 [DEBUG] Skipping segment [101376:102400] due to overlap with noise [98200:101600]
2025-10-09 11:25:45,464 [DEBUG] Accepted segment [101888:102912], variance=0.0620, QRS count=5
2025-10-09 11:25:45,466 [DEBUG] Accepted segment [102400:103424], variance=0.0601, QRS count=5
2025-10-09 11:25:45,469 [DEBUG] Accepted segment [102912:103936], variance=0.0623, QRS count=4
2025-10-09 11:25:45,471 [DEBUG] Accepted segment [103424:104448], variance=0.0644, QRS count=5
2025-10-09 11:25:45,474 [DEBUG] Accepted segment [103936:104960], variance=0.0658, QRS count=5
2025-10-09 11:25:45,477 [DEBUG] Accepted segment [104448:105472], variance=0.0645, QRS count=5
2025-10-09 11:25:45,479 [DEBUG] Accepted segment [104960:105984], variance=0.0644, QRS count=5
2025-10-09 11:25:45,482 [DEBUG] Accepted segment [105472:106496], variance=0.0673, QRS count=5
2025-10-09 11:25:45,484 [DEBUG] Accepted segment [105984:107008], variance=0.0652, QRS count=5
2025-10-09 11:25:45,487 [DEBUG] Accepted segment [106496:107520], variance=0.0622, QRS count=5
2025-10-09 11:25:45,489 [DEBUG] Accepted segment [107008:108032], variance=0.0632, QRS count=4
2025-10-09 11:25:45,492 [DEBUG] Accepted segment [107520:108544], variance=0.0575, QRS count=4
2025-10-09 11:25:45,495 [DEBUG] Accepted segment [108032:109056], variance=0.0623, QRS count=5
2025-10-09 11:25:45,497 [DEBUG] Accepted segment [108544:109568], variance=0.0661, QRS count=4
2025-10-09 11:25:45,497 [DEBUG] Skipping segment [109056:110080] due to overlap with noise [110000:110800]
2025-10-09 11:25:45,497 [DEBUG] Skipping segment [109568:110592] due to overlap with noise [110000:110800]
2025-10-09 11:25:45,497 [DEBUG] Skipping segment [110080:111104] due to overlap with noise [110000:110800]
2025-10-09 11:25:45,497 [DEBUG] Skipping segment [110592:111616] due to overlap with noise [110000:110800]
2025-10-09 11:25:45,500 [DEBUG] Accepted segment [111104:112128], variance=0.0659, QRS count=5
2025-10-09 11:25:45,504 [DEBUG] Accepted segment [111616:112640], variance=0.0660, QRS count=4
2025-10-09 11:25:45,507 [DEBUG] Accepted segment [112128:113152], variance=0.0650, QRS count=5
2025-10-09 11:25:45,511 [DEBUG] Accepted segment [112640:113664], variance=0.0650, QRS count=4
2025-10-09 11:25:45,514 [DEBUG] Accepted segment [113152:114176], variance=0.0616, QRS count=5
2025-10-09 11:25:45,516 [DEBUG] Accepted segment [113664:114688], variance=0.0663, QRS count=4
2025-10-09 11:25:45,519 [DEBUG] Accepted segment [114176:115200], variance=0.0597, QRS count=4
2025-10-09 11:25:45,521 [DEBUG] Accepted segment [114688:115712], variance=0.0616, QRS count=5
2025-10-09 11:25:45,524 [DEBUG] Accepted segment [115200:116224], variance=0.0643, QRS count=4
2025-10-09 11:25:45,526 [DEBUG] Accepted segment [115712:116736], variance=0.0654, QRS count=5
2025-10-09 11:25:45,528 [DEBUG] Accepted segment [116224:117248], variance=0.0645, QRS count=5
2025-10-09 11:25:45,531 [DEBUG] Accepted segment [116736:117760], variance=0.0676, QRS count=5
2025-10-09 11:25:45,531 [DEBUG] Skipping segment [117248:118272] due to overlap with noise [118000:119600]
2025-10-09 11:25:45,531 [DEBUG] Skipping segment [117760:118784] due to overlap with noise [118000:119600]
2025-10-09 11:25:45,531 [DEBUG] Skipping segment [118272:119296] due to overlap with noise [118000:119600]
2025-10-09 11:25:45,531 [DEBUG] Skipping segment [118784:119808] due to overlap with noise [118000:119600]
2025-10-09 11:25:45,531 [DEBUG] Skipping segment [119296:120320] due to overlap with noise [118000:119600]
2025-10-09 11:25:45,534 [DEBUG] Accepted segment [119808:120832], variance=0.0673, QRS count=5
2025-10-09 11:25:45,536 [DEBUG] Accepted segment [120320:121344], variance=0.0726, QRS count=5
2025-10-09 11:25:45,539 [DEBUG] Accepted segment [120832:121856], variance=0.0690, QRS count=6
2025-10-09 11:25:45,541 [DEBUG] Accepted segment [121344:122368], variance=0.0672, QRS count=6
2025-10-09 11:25:45,543 [DEBUG] Accepted segment [121856:122880], variance=0.0585, QRS count=5
2025-10-09 11:25:45,546 [DEBUG] Accepted segment [122368:123392], variance=0.0596, QRS count=5
2025-10-09 11:25:45,548 [DEBUG] Accepted segment [122880:123904], variance=0.0629, QRS count=4
2025-10-09 11:25:45,551 [DEBUG] Accepted segment [123392:124416], variance=0.0610, QRS count=5
2025-10-09 11:25:45,553 [DEBUG] Accepted segment [123904:124928], variance=0.0617, QRS count=4
2025-10-09 11:25:45,555 [DEBUG] Accepted segment [124416:125440], variance=0.0623, QRS count=5
2025-10-09 11:25:45,558 [DEBUG] Accepted segment [124928:125952], variance=0.0606, QRS count=4
2025-10-09 11:25:45,560 [DEBUG] Accepted segment [125440:126464], variance=0.0610, QRS count=5
2025-10-09 11:25:45,562 [DEBUG] Accepted segment [125952:126976], variance=0.0600, QRS count=4
2025-10-09 11:25:45,565 [DEBUG] Accepted segment [126464:127488], variance=0.0591, QRS count=5
2025-10-09 11:25:45,565 [INFO] Segmented signal of length 127999 into 220 valid segments
2025-10-09 11:25:45,565 [DEBUG] ECG signal length: 127999, segments: 220
2025-10-09 11:25:45,565 [INFO] Total segments counted: 220
2025-10-09 11:25:45,565 [INFO] Test segments: 220
2025-10-09 11:25:45,565 [INFO] Training segments: 492, Test segments: 220
2025-10-09 11:25:45,565 [INFO] Creating TensorFlow dataset
2025-10-09 11:25:45,660 [DEBUG] Dataset created
2025-10-09 11:25:45,660 [INFO] Creating TensorFlow dataset
2025-10-09 11:25:45,690 [DEBUG] Dataset created
2025-10-09 11:25:45,690 [INFO] Steps per epoch: 15, Validation steps: 6
2025-10-09 11:25:45,690 [INFO] Validating dataset
2025-10-09 11:25:45,767 [DEBUG] Accepted segment [0:1024], variance=0.0485, QRS count=5
2025-10-09 11:25:45,770 [DEBUG] Accepted segment [512:1536], variance=0.0603, QRS count=5
2025-10-09 11:25:45,772 [DEBUG] Accepted segment [1024:2048], variance=0.0717, QRS count=5
2025-10-09 11:25:45,775 [DEBUG] Accepted segment [1536:2560], variance=0.0797, QRS count=6
2025-10-09 11:25:45,777 [DEBUG] Accepted segment [2048:3072], variance=0.0709, QRS count=6
2025-10-09 11:25:45,780 [DEBUG] Accepted segment [2560:3584], variance=0.0522, QRS count=5
2025-10-09 11:25:45,782 [DEBUG] Accepted segment [3072:4096], variance=0.0484, QRS count=5
2025-10-09 11:25:45,785 [DEBUG] Accepted segment [3584:4608], variance=0.0533, QRS count=5
2025-10-09 11:25:45,787 [DEBUG] Accepted segment [4096:5120], variance=0.0519, QRS count=6
2025-10-09 11:25:45,790 [DEBUG] Accepted segment [4608:5632], variance=0.0539, QRS count=6
2025-10-09 11:25:45,792 [DEBUG] Accepted segment [5120:6144], variance=0.0559, QRS count=5
2025-10-09 11:25:45,795 [DEBUG] Accepted segment [5632:6656], variance=0.0539, QRS count=5
2025-10-09 11:25:45,798 [DEBUG] Accepted segment [6144:7168], variance=0.0528, QRS count=5
2025-10-09 11:25:45,801 [DEBUG] Accepted segment [6656:7680], variance=0.0470, QRS count=5
2025-10-09 11:25:45,803 [DEBUG] Accepted segment [7168:8192], variance=0.0480, QRS count=5
2025-10-09 11:25:45,806 [DEBUG] Accepted segment [7680:8704], variance=0.0566, QRS count=5
2025-10-09 11:25:45,808 [DEBUG] Accepted segment [8192:9216], variance=0.0601, QRS count=5
2025-10-09 11:25:45,811 [DEBUG] Accepted segment [8704:9728], variance=0.0621, QRS count=6
2025-10-09 11:25:45,813 [DEBUG] Accepted segment [9216:10240], variance=0.0520, QRS count=5
2025-10-09 11:25:45,816 [DEBUG] Accepted segment [9728:10752], variance=0.0495, QRS count=5
2025-10-09 11:25:45,818 [DEBUG] Accepted segment [10240:11264], variance=0.0569, QRS count=5
2025-10-09 11:25:45,822 [DEBUG] Accepted segment [10752:11776], variance=0.0581, QRS count=5
2025-10-09 11:25:45,825 [DEBUG] Accepted segment [11264:12288], variance=0.0586, QRS count=6
2025-10-09 11:25:45,829 [DEBUG] Accepted segment [11776:12800], variance=0.0491, QRS count=6
2025-10-09 11:25:45,832 [DEBUG] Accepted segment [12288:13312], variance=0.0499, QRS count=5
2025-10-09 11:25:45,835 [DEBUG] Accepted segment [12800:13824], variance=0.0607, QRS count=5
2025-10-09 11:25:45,838 [DEBUG] Accepted segment [13312:14336], variance=0.0595, QRS count=5
2025-10-09 11:25:45,840 [DEBUG] Accepted segment [13824:14848], variance=0.0566, QRS count=6
2025-10-09 11:25:45,843 [DEBUG] Accepted segment [14336:15360], variance=0.0585, QRS count=6
2025-10-09 11:25:45,846 [DEBUG] Accepted segment [14848:15872], variance=0.0575, QRS count=6
2025-10-09 11:25:45,848 [DEBUG] Accepted segment [15360:16384], variance=0.0520, QRS count=5
2025-10-09 11:25:45,850 [DEBUG] Accepted segment [15872:16896], variance=0.0511, QRS count=5
2025-10-09 11:25:45,853 [DEBUG] Accepted segment [16384:17408], variance=0.0506, QRS count=5
2025-10-09 11:25:45,855 [DEBUG] Accepted segment [16896:17920], variance=0.0476, QRS count=5
2025-10-09 11:25:45,857 [DEBUG] Accepted segment [17408:18432], variance=0.0447, QRS count=5
2025-10-09 11:25:45,860 [DEBUG] Accepted segment [17920:18944], variance=0.0474, QRS count=6
2025-10-09 11:25:45,862 [DEBUG] Accepted segment [18432:19456], variance=0.0513, QRS count=6
2025-10-09 11:25:45,865 [DEBUG] Accepted segment [18944:19968], variance=0.0520, QRS count=5
2025-10-09 11:25:45,867 [DEBUG] Accepted segment [19456:20480], variance=0.0518, QRS count=5
2025-10-09 11:25:45,870 [DEBUG] Accepted segment [19968:20992], variance=0.0535, QRS count=5
2025-10-09 11:25:45,872 [DEBUG] Accepted segment [20480:21504], variance=0.0570, QRS count=5
2025-10-09 11:25:45,875 [DEBUG] Accepted segment [20992:22016], variance=0.0584, QRS count=5
2025-10-09 11:25:45,878 [DEBUG] Accepted segment [21504:22528], variance=0.0589, QRS count=5
2025-10-09 11:25:45,882 [DEBUG] Accepted segment [22016:23040], variance=0.0598, QRS count=6
2025-10-09 11:25:45,885 [DEBUG] Accepted segment [22528:23552], variance=0.0604, QRS count=6
2025-10-09 11:25:45,889 [DEBUG] Accepted segment [23040:24064], variance=0.0594, QRS count=5
2025-10-09 11:25:45,892 [DEBUG] Accepted segment [23552:24576], variance=0.0598, QRS count=6
2025-10-09 11:25:45,895 [DEBUG] Accepted segment [24064:25088], variance=0.0620, QRS count=6
2025-10-09 11:25:45,897 [DEBUG] Accepted segment [24576:25600], variance=0.1251, QRS count=6
2025-10-09 11:25:45,900 [DEBUG] Accepted segment [25088:26112], variance=0.1270, QRS count=6
2025-10-09 11:25:45,902 [DEBUG] Accepted segment [25600:26624], variance=0.0756, QRS count=6
2025-10-09 11:25:45,905 [DEBUG] Accepted segment [26112:27136], variance=0.0709, QRS count=6
2025-10-09 11:25:45,907 [DEBUG] Accepted segment [26624:27648], variance=0.0589, QRS count=6
2025-10-09 11:25:45,909 [DEBUG] Accepted segment [27136:28160], variance=0.0584, QRS count=6
2025-10-09 11:25:45,912 [DEBUG] Accepted segment [27648:28672], variance=0.0565, QRS count=6
2025-10-09 11:25:45,914 [DEBUG] Accepted segment [28160:29184], variance=0.0559, QRS count=6
2025-10-09 11:25:45,917 [DEBUG] Accepted segment [28672:29696], variance=0.0563, QRS count=6
2025-10-09 11:25:45,919 [DEBUG] Accepted segment [29184:30208], variance=0.0540, QRS count=6
2025-10-09 11:25:45,921 [DEBUG] Accepted segment [29696:30720], variance=0.0480, QRS count=6
2025-10-09 11:25:45,923 [DEBUG] Accepted segment [30208:31232], variance=0.0466, QRS count=5
2025-10-09 11:25:45,926 [DEBUG] Accepted segment [30720:31744], variance=0.0484, QRS count=5
2025-10-09 11:25:45,928 [DEBUG] Accepted segment [31232:32256], variance=0.0523, QRS count=6
2025-10-09 11:25:45,930 [DEBUG] Accepted segment [31744:32768], variance=0.0579, QRS count=6
2025-10-09 11:25:45,933 [DEBUG] Accepted segment [32256:33280], variance=0.0605, QRS count=5
2025-10-09 11:25:45,935 [DEBUG] Accepted segment [32768:33792], variance=0.0593, QRS count=5
2025-10-09 11:25:45,937 [DEBUG] Accepted segment [33280:34304], variance=0.0577, QRS count=5
2025-10-09 11:25:45,940 [DEBUG] Accepted segment [33792:34816], variance=0.0579, QRS count=6
2025-10-09 11:25:45,942 [DEBUG] Accepted segment [34304:35328], variance=0.0569, QRS count=6
2025-10-09 11:25:45,945 [DEBUG] Accepted segment [34816:35840], variance=0.0569, QRS count=6
2025-10-09 11:25:45,947 [DEBUG] Accepted segment [35328:36352], variance=0.0586, QRS count=6
2025-10-09 11:25:45,949 [DEBUG] Accepted segment [35840:36864], variance=0.0496, QRS count=6
2025-10-09 11:25:45,952 [DEBUG] Accepted segment [36352:37376], variance=0.0498, QRS count=5
2025-10-09 11:25:45,954 [DEBUG] Accepted segment [36864:37888], variance=0.0598, QRS count=5
2025-10-09 11:25:45,956 [DEBUG] Accepted segment [37376:38400], variance=0.0608, QRS count=5
2025-10-09 11:25:45,959 [DEBUG] Accepted segment [37888:38912], variance=0.0619, QRS count=5
2025-10-09 11:25:45,961 [DEBUG] Accepted segment [38400:39424], variance=0.0603, QRS count=6
2025-10-09 11:25:45,963 [DEBUG] Accepted segment [38912:39936], variance=0.0589, QRS count=6
2025-10-09 11:25:45,966 [DEBUG] Accepted segment [39424:40448], variance=0.0607, QRS count=6
2025-10-09 11:25:45,968 [DEBUG] Accepted segment [39936:40960], variance=0.0523, QRS count=6
2025-10-09 11:25:45,970 [DEBUG] Accepted segment [40448:41472], variance=0.0519, QRS count=5
2025-10-09 11:25:45,973 [DEBUG] Accepted segment [40960:41984], variance=0.0605, QRS count=5
2025-10-09 11:25:45,975 [DEBUG] Accepted segment [41472:42496], variance=0.0594, QRS count=5
2025-10-09 11:25:45,977 [DEBUG] Accepted segment [41984:43008], variance=0.0573, QRS count=6
2025-10-09 11:25:45,980 [DEBUG] Accepted segment [42496:43520], variance=0.0570, QRS count=6
2025-10-09 11:25:45,982 [DEBUG] Accepted segment [43008:44032], variance=0.0501, QRS count=5
2025-10-09 11:25:45,984 [DEBUG] Accepted segment [43520:44544], variance=0.0484, QRS count=5
2025-10-09 11:25:45,987 [DEBUG] Accepted segment [44032:45056], variance=0.0558, QRS count=5
2025-10-09 11:25:45,989 [DEBUG] Accepted segment [44544:45568], variance=0.0570, QRS count=5
2025-10-09 11:25:45,991 [DEBUG] Accepted segment [45056:46080], variance=0.0533, QRS count=5
2025-10-09 11:25:45,994 [DEBUG] Accepted segment [45568:46592], variance=0.0483, QRS count=6
2025-10-09 11:25:45,996 [DEBUG] Accepted segment [46080:47104], variance=0.0507, QRS count=6
2025-10-09 11:25:45,998 [DEBUG] Accepted segment [46592:47616], variance=0.0576, QRS count=6
2025-10-09 11:25:46,001 [DEBUG] Accepted segment [47104:48128], variance=0.0606, QRS count=6
2025-10-09 11:25:46,004 [DEBUG] Accepted segment [47616:48640], variance=0.0595, QRS count=6
2025-10-09 11:25:46,008 [DEBUG] Accepted segment [48128:49152], variance=0.0510, QRS count=6
2025-10-09 11:25:46,011 [DEBUG] Accepted segment [48640:49664], variance=0.0516, QRS count=5
2025-10-09 11:25:46,014 [DEBUG] Accepted segment [49152:50176], variance=0.0585, QRS count=5
2025-10-09 11:25:46,018 [DEBUG] Accepted segment [49664:50688], variance=0.0584, QRS count=5
2025-10-09 11:25:46,022 [DEBUG] Accepted segment [50176:51200], variance=0.0589, QRS count=6
2025-10-09 11:25:46,026 [DEBUG] Accepted segment [50688:51712], variance=0.0584, QRS count=6
2025-10-09 11:25:46,031 [DEBUG] Accepted segment [51200:52224], variance=0.0501, QRS count=5
2025-10-09 11:25:46,035 [DEBUG] Accepted segment [51712:52736], variance=0.0509, QRS count=5
2025-10-09 11:25:46,039 [DEBUG] Accepted segment [52224:53248], variance=0.0593, QRS count=5
2025-10-09 11:25:46,043 [DEBUG] Accepted segment [52736:53760], variance=0.0583, QRS count=6
2025-10-09 11:25:46,048 [DEBUG] Accepted segment [53248:54272], variance=0.0595, QRS count=5
2025-10-09 11:25:46,052 [DEBUG] Accepted segment [53760:54784], variance=0.0531, QRS count=5
2025-10-09 11:25:46,056 [DEBUG] Accepted segment [54272:55296], variance=0.0531, QRS count=5
2025-10-09 11:25:46,060 [DEBUG] Accepted segment [54784:55808], variance=0.0593, QRS count=5
2025-10-09 11:25:46,064 [DEBUG] Accepted segment [55296:56320], variance=0.0602, QRS count=5
2025-10-09 11:25:46,069 [DEBUG] Accepted segment [55808:56832], variance=0.0621, QRS count=5
2025-10-09 11:25:46,074 [DEBUG] Accepted segment [56320:57344], variance=0.0596, QRS count=5
2025-10-09 11:25:46,080 [DEBUG] Accepted segment [56832:57856], variance=0.0563, QRS count=6
2025-10-09 11:25:46,086 [DEBUG] Accepted segment [57344:58368], variance=0.0567, QRS count=6
2025-10-09 11:25:46,092 [DEBUG] Accepted segment [57856:58880], variance=0.0583, QRS count=5
2025-10-09 11:25:46,096 [DEBUG] Accepted segment [58368:59392], variance=0.0492, QRS count=5
2025-10-09 11:25:46,101 [DEBUG] Accepted segment [58880:59904], variance=0.0492, QRS count=5
2025-10-09 11:25:46,105 [DEBUG] Accepted segment [59392:60416], variance=0.0592, QRS count=5
2025-10-09 11:25:46,109 [DEBUG] Accepted segment [59904:60928], variance=0.0586, QRS count=5
2025-10-09 11:25:46,114 [DEBUG] Accepted segment [60416:61440], variance=0.0579, QRS count=6
2025-10-09 11:25:46,117 [DEBUG] Accepted segment [60928:61952], variance=0.0584, QRS count=6
2025-10-09 11:25:46,121 [DEBUG] Accepted segment [61440:62464], variance=0.0588, QRS count=5
2025-10-09 11:25:46,125 [DEBUG] Accepted segment [61952:62976], variance=0.0565, QRS count=5
2025-10-09 11:25:46,129 [DEBUG] Accepted segment [62464:63488], variance=0.0485, QRS count=6
2025-10-09 11:25:46,132 [DEBUG] Accepted segment [62976:64000], variance=0.0508, QRS count=5
2025-10-09 11:25:46,135 [DEBUG] Accepted segment [63488:64512], variance=0.0608, QRS count=5
2025-10-09 11:25:46,138 [DEBUG] Accepted segment [64000:65024], variance=0.0619, QRS count=5
2025-10-09 11:25:46,140 [DEBUG] Accepted segment [64512:65536], variance=0.0587, QRS count=5
2025-10-09 11:25:46,143 [DEBUG] Accepted segment [65024:66048], variance=0.0603, QRS count=5
2025-10-09 11:25:46,145 [DEBUG] Accepted segment [65536:66560], variance=0.0623, QRS count=5
2025-10-09 11:25:46,147 [DEBUG] Accepted segment [66048:67072], variance=0.0612, QRS count=5
2025-10-09 11:25:46,150 [DEBUG] Accepted segment [66560:67584], variance=0.0614, QRS count=6
2025-10-09 11:25:46,152 [DEBUG] Accepted segment [67072:68096], variance=0.0627, QRS count=6
2025-10-09 11:25:46,154 [DEBUG] Accepted segment [67584:68608], variance=0.0535, QRS count=5
2025-10-09 11:25:46,157 [DEBUG] Accepted segment [68096:69120], variance=0.0529, QRS count=5
2025-10-09 11:25:46,159 [DEBUG] Accepted segment [68608:69632], variance=0.0620, QRS count=5
2025-10-09 11:25:46,161 [DEBUG] Accepted segment [69120:70144], variance=0.0512, QRS count=6
2025-10-09 11:25:46,164 [DEBUG] Accepted segment [69632:70656], variance=0.0508, QRS count=5
2025-10-09 11:25:46,166 [DEBUG] Accepted segment [70144:71168], variance=0.0623, QRS count=5
2025-10-09 11:25:46,168 [DEBUG] Accepted segment [70656:71680], variance=0.0649, QRS count=5
2025-10-09 11:25:46,171 [DEBUG] Accepted segment [71168:72192], variance=0.0649, QRS count=6
2025-10-09 11:25:46,173 [DEBUG] Accepted segment [71680:72704], variance=0.0643, QRS count=6
2025-10-09 11:25:46,176 [DEBUG] Accepted segment [72192:73216], variance=0.0546, QRS count=6
2025-10-09 11:25:46,178 [DEBUG] Accepted segment [72704:73728], variance=0.0550, QRS count=5
2025-10-09 11:25:46,181 [DEBUG] Accepted segment [73216:74240], variance=0.0646, QRS count=5
2025-10-09 11:25:46,184 [DEBUG] Accepted segment [73728:74752], variance=0.0630, QRS count=5
2025-10-09 11:25:46,187 [DEBUG] Accepted segment [74240:75264], variance=0.0623, QRS count=6
2025-10-09 11:25:46,189 [DEBUG] Accepted segment [74752:75776], variance=0.0621, QRS count=6
2025-10-09 11:25:46,192 [DEBUG] Accepted segment [75264:76288], variance=0.0509, QRS count=6
2025-10-09 11:25:46,194 [DEBUG] Accepted segment [75776:76800], variance=0.0518, QRS count=5
2025-10-09 11:25:46,197 [DEBUG] Accepted segment [76288:77312], variance=0.0641, QRS count=5
2025-10-09 11:25:46,199 [DEBUG] Accepted segment [76800:77824], variance=0.0659, QRS count=5
2025-10-09 11:25:46,201 [DEBUG] Accepted segment [77312:78336], variance=0.0647, QRS count=6
2025-10-09 11:25:46,204 [DEBUG] Accepted segment [77824:78848], variance=0.0543, QRS count=5
2025-10-09 11:25:46,207 [DEBUG] Accepted segment [78336:79360], variance=0.0534, QRS count=5
2025-10-09 11:25:46,210 [DEBUG] Accepted segment [78848:79872], variance=0.0600, QRS count=5
2025-10-09 11:25:46,213 [DEBUG] Accepted segment [79360:80384], variance=0.0605, QRS count=6
2025-10-09 11:25:46,216 [DEBUG] Accepted segment [79872:80896], variance=0.0530, QRS count=5
2025-10-09 11:25:46,218 [DEBUG] Accepted segment [80384:81408], variance=0.0525, QRS count=5
2025-10-09 11:25:46,220 [DEBUG] Accepted segment [80896:81920], variance=0.0614, QRS count=5
2025-10-09 11:25:46,224 [DEBUG] Accepted segment [81408:82432], variance=0.0623, QRS count=6
2025-10-09 11:25:46,228 [DEBUG] Accepted segment [81920:82944], variance=0.0606, QRS count=5
2025-10-09 11:25:46,231 [DEBUG] Accepted segment [82432:83456], variance=0.0508, QRS count=5
2025-10-09 11:25:46,236 [DEBUG] Accepted segment [82944:83968], variance=0.0525, QRS count=5
2025-10-09 11:25:46,240 [DEBUG] Accepted segment [83456:84480], variance=0.0618, QRS count=5
2025-10-09 11:25:46,243 [DEBUG] Accepted segment [83968:84992], variance=0.0601, QRS count=5
2025-10-09 11:25:46,245 [DEBUG] Accepted segment [84480:85504], variance=0.0589, QRS count=5
2025-10-09 11:25:46,248 [DEBUG] Accepted segment [84992:86016], variance=0.0579, QRS count=6
2025-10-09 11:25:46,250 [DEBUG] Accepted segment [85504:86528], variance=0.0604, QRS count=6
2025-10-09 11:25:46,253 [DEBUG] Accepted segment [86016:87040], variance=0.0538, QRS count=5
2025-10-09 11:25:46,255 [DEBUG] Accepted segment [86528:87552], variance=0.0515, QRS count=5
2025-10-09 11:25:46,257 [DEBUG] Accepted segment [87040:88064], variance=0.0609, QRS count=5
2025-10-09 11:25:46,260 [DEBUG] Accepted segment [87552:88576], variance=0.0617, QRS count=5
2025-10-09 11:25:46,262 [DEBUG] Accepted segment [88064:89088], variance=0.0498, QRS count=5
2025-10-09 11:25:46,264 [DEBUG] Accepted segment [88576:89600], variance=0.0489, QRS count=5
2025-10-09 11:25:46,266 [DEBUG] Accepted segment [89088:90112], variance=0.0603, QRS count=5
2025-10-09 11:25:46,269 [DEBUG] Accepted segment [89600:90624], variance=0.0612, QRS count=6
2025-10-09 11:25:46,271 [DEBUG] Accepted segment [90112:91136], variance=0.0612, QRS count=6
2025-10-09 11:25:46,273 [DEBUG] Accepted segment [90624:91648], variance=0.0535, QRS count=5
2025-10-09 11:25:46,276 [DEBUG] Accepted segment [91136:92160], variance=0.0552, QRS count=5
2025-10-09 11:25:46,278 [DEBUG] Accepted segment [91648:92672], variance=0.0635, QRS count=5
2025-10-09 11:25:46,280 [DEBUG] Accepted segment [92160:93184], variance=0.0609, QRS count=5
2025-10-09 11:25:46,283 [DEBUG] Accepted segment [92672:93696], variance=0.0534, QRS count=6
2025-10-09 11:25:46,285 [DEBUG] Accepted segment [93184:94208], variance=0.0553, QRS count=5
2025-10-09 11:25:46,288 [DEBUG] Accepted segment [93696:94720], variance=0.0625, QRS count=5
2025-10-09 11:25:46,290 [DEBUG] Accepted segment [94208:95232], variance=0.0619, QRS count=5
2025-10-09 11:25:46,293 [DEBUG] Accepted segment [94720:95744], variance=0.0629, QRS count=6
2025-10-09 11:25:46,295 [DEBUG] Accepted segment [95232:96256], variance=0.0528, QRS count=5
2025-10-09 11:25:46,297 [DEBUG] Accepted segment [95744:96768], variance=0.0525, QRS count=5
2025-10-09 11:25:46,300 [DEBUG] Accepted segment [96256:97280], variance=0.0625, QRS count=5
2025-10-09 11:25:46,302 [DEBUG] Accepted segment [96768:97792], variance=0.0602, QRS count=6
2025-10-09 11:25:46,304 [DEBUG] Accepted segment [97280:98304], variance=0.0574, QRS count=6
2025-10-09 11:25:46,307 [DEBUG] Accepted segment [97792:98816], variance=0.0569, QRS count=6
2025-10-09 11:25:46,309 [DEBUG] Accepted segment [98304:99328], variance=0.0501, QRS count=6
2025-10-09 11:25:46,312 [DEBUG] Accepted segment [98816:99840], variance=0.0510, QRS count=5
2025-10-09 11:25:46,314 [DEBUG] Accepted segment [99328:100352], variance=0.0579, QRS count=5
2025-10-09 11:25:46,317 [DEBUG] Accepted segment [99840:100864], variance=0.0583, QRS count=5
2025-10-09 11:25:46,319 [DEBUG] Accepted segment [100352:101376], variance=0.0604, QRS count=5
2025-10-09 11:25:46,321 [DEBUG] Accepted segment [100864:101888], variance=0.0593, QRS count=6
2025-10-09 11:25:46,325 [DEBUG] Accepted segment [101376:102400], variance=0.0568, QRS count=6
2025-10-09 11:25:46,329 [DEBUG] Accepted segment [101888:102912], variance=0.0552, QRS count=6
2025-10-09 11:25:46,332 [DEBUG] Accepted segment [102400:103424], variance=0.0554, QRS count=6
2025-10-09 11:25:46,335 [DEBUG] Accepted segment [102912:103936], variance=0.0574, QRS count=6
2025-10-09 11:25:46,338 [DEBUG] Accepted segment [103424:104448], variance=0.0576, QRS count=5
2025-10-09 11:25:46,340 [DEBUG] Accepted segment [103936:104960], variance=0.0472, QRS count=6
2025-10-09 11:25:46,343 [DEBUG] Accepted segment [104448:105472], variance=0.0462, QRS count=5
2025-10-09 11:25:46,345 [DEBUG] Accepted segment [104960:105984], variance=0.0554, QRS count=5
2025-10-09 11:25:46,347 [DEBUG] Accepted segment [105472:106496], variance=0.0562, QRS count=5
2025-10-09 11:25:46,349 [DEBUG] Accepted segment [105984:107008], variance=0.0543, QRS count=5
2025-10-09 11:25:46,351 [DEBUG] Accepted segment [106496:107520], variance=0.0518, QRS count=5
2025-10-09 11:25:46,354 [DEBUG] Accepted segment [107008:108032], variance=0.0523, QRS count=5
2025-10-09 11:25:46,356 [DEBUG] Accepted segment [107520:108544], variance=0.0539, QRS count=5
2025-10-09 11:25:46,358 [DEBUG] Accepted segment [108032:109056], variance=0.0543, QRS count=5
2025-10-09 11:25:46,361 [DEBUG] Accepted segment [108544:109568], variance=0.0531, QRS count=6
2025-10-09 11:25:46,363 [DEBUG] Accepted segment [109056:110080], variance=0.0515, QRS count=6
2025-10-09 11:25:46,365 [DEBUG] Accepted segment [109568:110592], variance=0.0521, QRS count=6
2025-10-09 11:25:46,368 [DEBUG] Accepted segment [110080:111104], variance=0.1279, QRS count=6
2025-10-09 11:25:46,370 [DEBUG] Accepted segment [110592:111616], variance=0.1293, QRS count=5
2025-10-09 11:25:46,372 [DEBUG] Accepted segment [111104:112128], variance=0.0552, QRS count=6
2025-10-09 11:25:46,375 [DEBUG] Accepted segment [111616:112640], variance=0.0537, QRS count=6
2025-10-09 11:25:46,377 [DEBUG] Accepted segment [112128:113152], variance=0.0532, QRS count=6
2025-10-09 11:25:46,379 [DEBUG] Accepted segment [112640:113664], variance=0.0558, QRS count=6
2025-10-09 11:25:46,381 [DEBUG] Accepted segment [113152:114176], variance=0.0582, QRS count=5
2025-10-09 11:25:46,384 [DEBUG] Accepted segment [113664:114688], variance=0.0514, QRS count=6
2025-10-09 11:25:46,386 [DEBUG] Accepted segment [114176:115200], variance=0.0525, QRS count=5
2025-10-09 11:25:46,388 [DEBUG] Accepted segment [114688:115712], variance=0.0596, QRS count=5
2025-10-09 11:25:46,391 [DEBUG] Accepted segment [115200:116224], variance=0.0584, QRS count=5
2025-10-09 11:25:46,393 [DEBUG] Accepted segment [115712:116736], variance=0.0515, QRS count=6
2025-10-09 11:25:46,395 [DEBUG] Accepted segment [116224:117248], variance=0.0530, QRS count=5
2025-10-09 11:25:46,398 [DEBUG] Accepted segment [116736:117760], variance=0.0609, QRS count=5
2025-10-09 11:25:46,400 [DEBUG] Accepted segment [117248:118272], variance=0.0628, QRS count=5
2025-10-09 11:25:46,402 [DEBUG] Accepted segment [117760:118784], variance=0.0637, QRS count=6
2025-10-09 11:25:46,405 [DEBUG] Accepted segment [118272:119296], variance=0.0609, QRS count=6
2025-10-09 11:25:46,407 [DEBUG] Accepted segment [118784:119808], variance=0.0506, QRS count=6
2025-10-09 11:25:46,407 [DEBUG] Skipping segment [119296:120320] due to overlap with noise [120200:120500]
2025-10-09 11:25:46,407 [DEBUG] Skipping segment [119808:120832] due to overlap with noise [120200:120500]
2025-10-09 11:25:46,407 [DEBUG] Skipping segment [120320:121344] due to overlap with noise [120200:120500]
2025-10-09 11:25:46,409 [DEBUG] Accepted segment [120832:121856], variance=0.0428, QRS count=6
2025-10-09 11:25:46,411 [DEBUG] Accepted segment [121344:122368], variance=0.0406, QRS count=6
2025-10-09 11:25:46,414 [DEBUG] Accepted segment [121856:122880], variance=0.0365, QRS count=6
2025-10-09 11:25:46,416 [DEBUG] Accepted segment [122368:123392], variance=0.0401, QRS count=5
2025-10-09 11:25:46,418 [DEBUG] Accepted segment [122880:123904], variance=0.0464, QRS count=6
2025-10-09 11:25:46,421 [DEBUG] Accepted segment [123392:124416], variance=0.0520, QRS count=6
2025-10-09 11:25:46,423 [DEBUG] Accepted segment [123904:124928], variance=0.0439, QRS count=5
2025-10-09 11:25:46,425 [DEBUG] Accepted segment [124416:125440], variance=0.0354, QRS count=5
2025-10-09 11:25:46,427 [DEBUG] Accepted segment [124928:125952], variance=0.0386, QRS count=5
2025-10-09 11:25:46,430 [DEBUG] Accepted segment [125440:126464], variance=0.0365, QRS count=5
2025-10-09 11:25:46,432 [DEBUG] Accepted segment [125952:126976], variance=0.0365, QRS count=6
2025-10-09 11:25:46,434 [DEBUG] Accepted segment [126464:127488], variance=0.0327, QRS count=5
2025-10-09 11:25:46,437 [DEBUG] Accepted segment [126976:128000], variance=0.0324, QRS count=5
2025-10-09 11:25:46,437 [INFO] Segmented signal of length 128000 into 246 valid segments
2025-10-09 11:25:46,736 [DEBUG] Accepted segment [0:1024], variance=0.0401, QRS count=6
2025-10-09 11:25:46,739 [DEBUG] Accepted segment [512:1536], variance=0.0419, QRS count=6
2025-10-09 11:25:46,741 [DEBUG] Accepted segment [1024:2048], variance=0.0415, QRS count=6
2025-10-09 11:25:46,743 [DEBUG] Accepted segment [1536:2560], variance=0.0390, QRS count=6
2025-10-09 11:25:46,746 [DEBUG] Accepted segment [2048:3072], variance=0.0377, QRS count=6
2025-10-09 11:25:46,748 [DEBUG] Accepted segment [2560:3584], variance=0.0409, QRS count=6
2025-10-09 11:25:46,751 [DEBUG] Accepted segment [3072:4096], variance=0.0414, QRS count=5
2025-10-09 11:25:46,753 [DEBUG] Accepted segment [3584:4608], variance=0.0384, QRS count=5
2025-10-09 11:25:46,755 [DEBUG] Accepted segment [4096:5120], variance=0.0392, QRS count=5
2025-10-09 11:25:46,758 [DEBUG] Accepted segment [4608:5632], variance=0.0402, QRS count=5
2025-10-09 11:25:46,760 [DEBUG] Accepted segment [5120:6144], variance=0.0394, QRS count=5
2025-10-09 11:25:46,763 [DEBUG] Accepted segment [5632:6656], variance=0.0395, QRS count=5
2025-10-09 11:25:46,765 [DEBUG] Accepted segment [6144:7168], variance=0.0415, QRS count=5
2025-10-09 11:25:46,767 [DEBUG] Accepted segment [6656:7680], variance=0.0433, QRS count=5
2025-10-09 11:25:46,770 [DEBUG] Accepted segment [7168:8192], variance=0.0412, QRS count=5
2025-10-09 11:25:46,772 [DEBUG] Accepted segment [7680:8704], variance=0.0387, QRS count=6
2025-10-09 11:25:46,775 [DEBUG] Accepted segment [8192:9216], variance=0.0424, QRS count=6
2025-10-09 11:25:46,778 [DEBUG] Accepted segment [8704:9728], variance=0.0459, QRS count=6
2025-10-09 11:25:46,780 [DEBUG] Accepted segment [9216:10240], variance=0.0427, QRS count=5
2025-10-09 11:25:46,783 [DEBUG] Accepted segment [9728:10752], variance=0.0465, QRS count=5
2025-10-09 11:25:46,785 [DEBUG] Accepted segment [10240:11264], variance=0.0452, QRS count=6
2025-10-09 11:25:46,788 [DEBUG] Accepted segment [10752:11776], variance=0.0496, QRS count=6
2025-10-09 11:25:46,790 [DEBUG] Accepted segment [11264:12288], variance=0.0525, QRS count=6
2025-10-09 11:25:46,792 [DEBUG] Accepted segment [11776:12800], variance=0.0397, QRS count=6
2025-10-09 11:25:46,795 [DEBUG] Accepted segment [12288:13312], variance=0.0377, QRS count=6
2025-10-09 11:25:46,797 [DEBUG] Accepted segment [12800:13824], variance=0.0388, QRS count=6
2025-10-09 11:25:46,800 [DEBUG] Accepted segment [13312:14336], variance=0.0378, QRS count=6
2025-10-09 11:25:46,802 [DEBUG] Accepted segment [13824:14848], variance=0.0385, QRS count=6
2025-10-09 11:25:46,804 [DEBUG] Accepted segment [14336:15360], variance=0.0398, QRS count=6
2025-10-09 11:25:46,807 [DEBUG] Accepted segment [14848:15872], variance=0.0393, QRS count=5
2025-10-09 11:25:46,809 [DEBUG] Accepted segment [15360:16384], variance=0.0346, QRS count=6
2025-10-09 11:25:46,812 [DEBUG] Accepted segment [15872:16896], variance=0.0356, QRS count=5
2025-10-09 11:25:46,814 [DEBUG] Accepted segment [16384:17408], variance=0.0412, QRS count=5
2025-10-09 11:25:46,816 [DEBUG] Accepted segment [16896:17920], variance=0.0429, QRS count=5
2025-10-09 11:25:46,819 [DEBUG] Accepted segment [17408:18432], variance=0.0438, QRS count=5
2025-10-09 11:25:46,821 [DEBUG] Accepted segment [17920:18944], variance=0.0445, QRS count=5
2025-10-09 11:25:46,825 [DEBUG] Accepted segment [18432:19456], variance=0.0446, QRS count=5
2025-10-09 11:25:46,828 [DEBUG] Accepted segment [18944:19968], variance=0.0441, QRS count=5
2025-10-09 11:25:46,830 [DEBUG] Accepted segment [19456:20480], variance=0.0441, QRS count=5
2025-10-09 11:25:46,832 [DEBUG] Accepted segment [19968:20992], variance=0.0429, QRS count=5
2025-10-09 11:25:46,835 [DEBUG] Accepted segment [20480:21504], variance=0.0406, QRS count=5
2025-10-09 11:25:46,837 [DEBUG] Accepted segment [20992:22016], variance=0.0402, QRS count=5
2025-10-09 11:25:46,839 [DEBUG] Accepted segment [21504:22528], variance=0.0406, QRS count=5
2025-10-09 11:25:46,842 [DEBUG] Accepted segment [22016:23040], variance=0.0405, QRS count=5
2025-10-09 11:25:46,844 [DEBUG] Accepted segment [22528:23552], variance=0.0406, QRS count=5
2025-10-09 11:25:46,847 [DEBUG] Accepted segment [23040:24064], variance=0.0412, QRS count=5
2025-10-09 11:25:46,850 [DEBUG] Accepted segment [23552:24576], variance=0.0423, QRS count=5
2025-10-09 11:25:46,852 [DEBUG] Accepted segment [24064:25088], variance=0.0420, QRS count=6
2025-10-09 11:25:46,854 [DEBUG] Accepted segment [24576:25600], variance=0.0412, QRS count=6
2025-10-09 11:25:46,857 [DEBUG] Accepted segment [25088:26112], variance=0.0412, QRS count=6
2025-10-09 11:25:46,859 [DEBUG] Accepted segment [25600:26624], variance=0.0407, QRS count=6
2025-10-09 11:25:46,862 [DEBUG] Accepted segment [26112:27136], variance=0.0394, QRS count=6
2025-10-09 11:25:46,864 [DEBUG] Accepted segment [26624:27648], variance=0.0471, QRS count=6
2025-10-09 11:25:46,866 [DEBUG] Accepted segment [27136:28160], variance=0.0493, QRS count=6
2025-10-09 11:25:46,869 [DEBUG] Accepted segment [27648:28672], variance=0.0420, QRS count=6
2025-10-09 11:25:46,871 [DEBUG] Accepted segment [28160:29184], variance=0.0394, QRS count=5
2025-10-09 11:25:46,873 [DEBUG] Accepted segment [28672:29696], variance=0.0345, QRS count=5
2025-10-09 11:25:46,876 [DEBUG] Accepted segment [29184:30208], variance=0.0353, QRS count=5
2025-10-09 11:25:46,879 [DEBUG] Accepted segment [29696:30720], variance=0.0395, QRS count=5
2025-10-09 11:25:46,882 [DEBUG] Accepted segment [30208:31232], variance=0.0400, QRS count=5
2025-10-09 11:25:46,886 [DEBUG] Accepted segment [30720:31744], variance=0.0419, QRS count=5
2025-10-09 11:25:46,889 [DEBUG] Accepted segment [31232:32256], variance=0.0425, QRS count=5
2025-10-09 11:25:46,894 [DEBUG] Accepted segment [31744:32768], variance=0.0409, QRS count=5
2025-10-09 11:25:46,897 [DEBUG] Accepted segment [32256:33280], variance=0.0398, QRS count=5
2025-10-09 11:25:46,900 [DEBUG] Accepted segment [32768:33792], variance=0.0410, QRS count=5
2025-10-09 11:25:46,903 [DEBUG] Accepted segment [33280:34304], variance=0.0416, QRS count=5
2025-10-09 11:25:46,905 [DEBUG] Accepted segment [33792:34816], variance=0.0405, QRS count=5
2025-10-09 11:25:46,908 [DEBUG] Accepted segment [34304:35328], variance=0.0395, QRS count=6
2025-10-09 11:25:46,910 [DEBUG] Accepted segment [34816:35840], variance=0.0397, QRS count=6
2025-10-09 11:25:46,913 [DEBUG] Accepted segment [35328:36352], variance=0.0419, QRS count=6
2025-10-09 11:25:46,915 [DEBUG] Accepted segment [35840:36864], variance=0.0427, QRS count=6
2025-10-09 11:25:46,917 [DEBUG] Accepted segment [36352:37376], variance=0.0419, QRS count=6
2025-10-09 11:25:46,920 [DEBUG] Accepted segment [36864:37888], variance=0.0411, QRS count=6
2025-10-09 11:25:46,922 [DEBUG] Accepted segment [37376:38400], variance=0.0402, QRS count=5
2025-10-09 11:25:46,924 [DEBUG] Accepted segment [37888:38912], variance=0.0358, QRS count=6
2025-10-09 11:25:46,927 [DEBUG] Accepted segment [38400:39424], variance=0.0363, QRS count=5
2025-10-09 11:25:46,929 [DEBUG] Accepted segment [38912:39936], variance=0.0418, QRS count=5
2025-10-09 11:25:46,931 [DEBUG] Accepted segment [39424:40448], variance=0.0436, QRS count=5
2025-10-09 11:25:46,934 [DEBUG] Accepted segment [39936:40960], variance=0.0433, QRS count=5
2025-10-09 11:25:46,936 [DEBUG] Accepted segment [40448:41472], variance=0.0420, QRS count=5
2025-10-09 11:25:46,938 [DEBUG] Accepted segment [40960:41984], variance=0.0409, QRS count=5
2025-10-09 11:25:46,941 [DEBUG] Accepted segment [41472:42496], variance=0.0399, QRS count=6
2025-10-09 11:25:46,943 [DEBUG] Accepted segment [41984:43008], variance=0.0410, QRS count=6
2025-10-09 11:25:46,945 [DEBUG] Accepted segment [42496:43520], variance=0.0423, QRS count=6
2025-10-09 11:25:46,948 [DEBUG] Accepted segment [43008:44032], variance=0.0413, QRS count=6
2025-10-09 11:25:46,950 [DEBUG] Accepted segment [43520:44544], variance=0.0393, QRS count=6
2025-10-09 11:25:46,952 [DEBUG] Accepted segment [44032:45056], variance=0.0401, QRS count=6
2025-10-09 11:25:46,955 [DEBUG] Accepted segment [44544:45568], variance=0.0421, QRS count=6
2025-10-09 11:25:46,957 [DEBUG] Accepted segment [45056:46080], variance=0.0420, QRS count=6
2025-10-09 11:25:46,960 [DEBUG] Accepted segment [45568:46592], variance=0.0406, QRS count=6
2025-10-09 11:25:46,962 [DEBUG] Accepted segment [46080:47104], variance=0.0402, QRS count=6
2025-10-09 11:25:46,964 [DEBUG] Accepted segment [46592:47616], variance=0.0409, QRS count=6
2025-10-09 11:25:46,966 [DEBUG] Accepted segment [47104:48128], variance=0.0409, QRS count=6
2025-10-09 11:25:46,969 [DEBUG] Accepted segment [47616:48640], variance=0.0406, QRS count=6
2025-10-09 11:25:46,971 [DEBUG] Accepted segment [48128:49152], variance=0.0408, QRS count=5
2025-10-09 11:25:46,974 [DEBUG] Accepted segment [48640:49664], variance=0.0422, QRS count=5
2025-10-09 11:25:46,976 [DEBUG] Accepted segment [49152:50176], variance=0.0407, QRS count=5
2025-10-09 11:25:46,979 [DEBUG] Accepted segment [49664:50688], variance=0.0342, QRS count=6
2025-10-09 11:25:46,982 [DEBUG] Accepted segment [50176:51200], variance=0.0361, QRS count=5
2025-10-09 11:25:46,984 [DEBUG] Accepted segment [50688:51712], variance=0.0422, QRS count=5
2025-10-09 11:25:46,986 [DEBUG] Accepted segment [51200:52224], variance=0.0421, QRS count=5
2025-10-09 11:25:46,989 [DEBUG] Accepted segment [51712:52736], variance=0.0413, QRS count=5
2025-10-09 11:25:46,991 [DEBUG] Accepted segment [52224:53248], variance=0.0424, QRS count=5
2025-10-09 11:25:46,994 [DEBUG] Accepted segment [52736:53760], variance=0.0428, QRS count=5
2025-10-09 11:25:46,996 [DEBUG] Accepted segment [53248:54272], variance=0.0407, QRS count=6
2025-10-09 11:25:46,998 [DEBUG] Accepted segment [53760:54784], variance=0.0401, QRS count=6
2025-10-09 11:25:47,001 [DEBUG] Accepted segment [54272:55296], variance=0.0403, QRS count=6
2025-10-09 11:25:47,003 [DEBUG] Accepted segment [54784:55808], variance=0.0409, QRS count=6
2025-10-09 11:25:47,005 [DEBUG] Accepted segment [55296:56320], variance=0.0409, QRS count=5
2025-10-09 11:25:47,008 [DEBUG] Accepted segment [55808:56832], variance=0.0340, QRS count=6
2025-10-09 11:25:47,010 [DEBUG] Accepted segment [56320:57344], variance=0.0343, QRS count=5
2025-10-09 11:25:47,013 [DEBUG] Accepted segment [56832:57856], variance=0.0403, QRS count=5
2025-10-09 11:25:47,015 [DEBUG] Accepted segment [57344:58368], variance=0.0385, QRS count=5
2025-10-09 11:25:47,018 [DEBUG] Accepted segment [57856:58880], variance=0.0381, QRS count=5
2025-10-09 11:25:47,020 [DEBUG] Accepted segment [58368:59392], variance=0.0402, QRS count=5
2025-10-09 11:25:47,022 [DEBUG] Accepted segment [58880:59904], variance=0.0411, QRS count=5
2025-10-09 11:25:47,025 [DEBUG] Accepted segment [59392:60416], variance=0.0399, QRS count=5
2025-10-09 11:25:47,027 [DEBUG] Accepted segment [59904:60928], variance=0.0400, QRS count=6
2025-10-09 11:25:47,029 [DEBUG] Accepted segment [60416:61440], variance=0.0408, QRS count=6
2025-10-09 11:25:47,032 [DEBUG] Accepted segment [60928:61952], variance=0.0404, QRS count=6
2025-10-09 11:25:47,034 [DEBUG] Accepted segment [61440:62464], variance=0.0402, QRS count=6
2025-10-09 11:25:47,036 [DEBUG] Accepted segment [61952:62976], variance=0.0393, QRS count=5
2025-10-09 11:25:47,039 [DEBUG] Accepted segment [62464:63488], variance=0.0352, QRS count=6
2025-10-09 11:25:47,041 [DEBUG] Accepted segment [62976:64000], variance=0.0403, QRS count=5
2025-10-09 11:25:47,043 [DEBUG] Accepted segment [63488:64512], variance=0.0450, QRS count=6
2025-10-09 11:25:47,046 [DEBUG] Accepted segment [64000:65024], variance=0.0414, QRS count=6
2025-10-09 11:25:47,049 [DEBUG] Accepted segment [64512:65536], variance=0.0425, QRS count=6
2025-10-09 11:25:47,052 [DEBUG] Accepted segment [65024:66048], variance=0.0414, QRS count=6
2025-10-09 11:25:47,055 [DEBUG] Accepted segment [65536:66560], variance=0.0358, QRS count=6
2025-10-09 11:25:47,059 [DEBUG] Accepted segment [66048:67072], variance=0.0355, QRS count=6
2025-10-09 11:25:47,062 [DEBUG] Accepted segment [66560:67584], variance=0.0398, QRS count=5
2025-10-09 11:25:47,065 [DEBUG] Accepted segment [67072:68096], variance=0.0410, QRS count=5
2025-10-09 11:25:47,069 [DEBUG] Accepted segment [67584:68608], variance=0.0393, QRS count=5
2025-10-09 11:25:47,074 [DEBUG] Accepted segment [68096:69120], variance=0.0400, QRS count=5
2025-10-09 11:25:47,078 [DEBUG] Accepted segment [68608:69632], variance=0.0419, QRS count=5
2025-10-09 11:25:47,082 [DEBUG] Accepted segment [69120:70144], variance=0.0409, QRS count=5
2025-10-09 11:25:47,085 [DEBUG] Accepted segment [69632:70656], variance=0.0407, QRS count=5
2025-10-09 11:25:47,087 [DEBUG] Accepted segment [70144:71168], variance=0.0428, QRS count=6
2025-10-09 11:25:47,090 [DEBUG] Accepted segment [70656:71680], variance=0.0434, QRS count=6
2025-10-09 11:25:47,092 [DEBUG] Accepted segment [71168:72192], variance=0.1024, QRS count=6
2025-10-09 11:25:47,094 [DEBUG] Accepted segment [71680:72704], variance=0.1012, QRS count=6
2025-10-09 11:25:47,097 [DEBUG] Accepted segment [72192:73216], variance=0.0421, QRS count=6
2025-10-09 11:25:47,099 [DEBUG] Accepted segment [72704:73728], variance=0.0443, QRS count=6
2025-10-09 11:25:47,101 [DEBUG] Accepted segment [73216:74240], variance=0.0363, QRS count=5
2025-10-09 11:25:47,104 [DEBUG] Accepted segment [73728:74752], variance=0.0346, QRS count=5
2025-10-09 11:25:47,107 [DEBUG] Accepted segment [74240:75264], variance=0.0419, QRS count=5
2025-10-09 11:25:47,110 [DEBUG] Accepted segment [74752:75776], variance=0.0424, QRS count=5
2025-10-09 11:25:47,112 [DEBUG] Accepted segment [75264:76288], variance=0.0417, QRS count=6
2025-10-09 11:25:47,114 [DEBUG] Accepted segment [75776:76800], variance=0.0351, QRS count=5
2025-10-09 11:25:47,117 [DEBUG] Accepted segment [76288:77312], variance=0.0362, QRS count=5
2025-10-09 11:25:47,119 [DEBUG] Accepted segment [76800:77824], variance=0.0426, QRS count=5
2025-10-09 11:25:47,122 [DEBUG] Accepted segment [77312:78336], variance=0.0413, QRS count=5
2025-10-09 11:25:47,124 [DEBUG] Accepted segment [77824:78848], variance=0.0425, QRS count=6
2025-10-09 11:25:47,126 [DEBUG] Accepted segment [78336:79360], variance=0.0376, QRS count=6
2025-10-09 11:25:47,129 [DEBUG] Accepted segment [78848:79872], variance=0.0357, QRS count=5
2025-10-09 11:25:47,131 [DEBUG] Accepted segment [79360:80384], variance=0.0419, QRS count=5
2025-10-09 11:25:47,133 [DEBUG] Accepted segment [79872:80896], variance=0.0437, QRS count=5
2025-10-09 11:25:47,136 [DEBUG] Accepted segment [80384:81408], variance=0.0438, QRS count=6
2025-10-09 11:25:47,138 [DEBUG] Accepted segment [80896:81920], variance=0.0365, QRS count=5
2025-10-09 11:25:47,140 [DEBUG] Accepted segment [81408:82432], variance=0.0377, QRS count=5
2025-10-09 11:25:47,142 [DEBUG] Accepted segment [81920:82944], variance=0.0453, QRS count=5
2025-10-09 11:25:47,145 [DEBUG] Accepted segment [82432:83456], variance=0.0444, QRS count=5
2025-10-09 11:25:47,147 [DEBUG] Accepted segment [82944:83968], variance=0.0439, QRS count=6
2025-10-09 11:25:47,149 [DEBUG] Accepted segment [83456:84480], variance=0.0381, QRS count=6
2025-10-09 11:25:47,152 [DEBUG] Accepted segment [83968:84992], variance=0.0375, QRS count=5
2025-10-09 11:25:47,155 [DEBUG] Accepted segment [84480:85504], variance=0.0438, QRS count=5
2025-10-09 11:25:47,157 [DEBUG] Accepted segment [84992:86016], variance=0.0450, QRS count=5
2025-10-09 11:25:47,160 [DEBUG] Accepted segment [85504:86528], variance=0.0438, QRS count=6
2025-10-09 11:25:47,162 [DEBUG] Accepted segment [86016:87040], variance=0.0395, QRS count=6
2025-10-09 11:25:47,165 [DEBUG] Accepted segment [86528:87552], variance=0.0371, QRS count=6
2025-10-09 11:25:47,167 [DEBUG] Accepted segment [87040:88064], variance=0.0333, QRS count=5
2025-10-09 11:25:47,170 [DEBUG] Accepted segment [87552:88576], variance=0.0367, QRS count=5
2025-10-09 11:25:47,172 [DEBUG] Accepted segment [88064:89088], variance=0.0441, QRS count=6
2025-10-09 11:25:47,175 [DEBUG] Accepted segment [88576:89600], variance=0.0408, QRS count=5
2025-10-09 11:25:47,178 [DEBUG] Accepted segment [89088:90112], variance=0.0355, QRS count=5
2025-10-09 11:25:47,182 [DEBUG] Accepted segment [89600:90624], variance=0.0369, QRS count=5
2025-10-09 11:25:47,185 [DEBUG] Accepted segment [90112:91136], variance=0.0406, QRS count=5
2025-10-09 11:25:47,188 [DEBUG] Accepted segment [90624:91648], variance=0.0398, QRS count=5
2025-10-09 11:25:47,191 [DEBUG] Accepted segment [91136:92160], variance=0.0410, QRS count=5
2025-10-09 11:25:47,193 [DEBUG] Accepted segment [91648:92672], variance=0.0432, QRS count=5
2025-10-09 11:25:47,195 [DEBUG] Accepted segment [92160:93184], variance=0.0428, QRS count=6
2025-10-09 11:25:47,198 [DEBUG] Accepted segment [92672:93696], variance=0.1231, QRS count=6
2025-10-09 11:25:47,200 [DEBUG] Accepted segment [93184:94208], variance=0.1247, QRS count=6
2025-10-09 11:25:47,203 [DEBUG] Accepted segment [93696:94720], variance=0.0461, QRS count=6
2025-10-09 11:25:47,206 [DEBUG] Accepted segment [94208:95232], variance=0.0474, QRS count=6
2025-10-09 11:25:47,208 [DEBUG] Accepted segment [94720:95744], variance=0.0470, QRS count=6
2025-10-09 11:25:47,211 [DEBUG] Accepted segment [95232:96256], variance=0.0389, QRS count=5
2025-10-09 11:25:47,213 [DEBUG] Accepted segment [95744:96768], variance=0.0370, QRS count=5
2025-10-09 11:25:47,217 [DEBUG] Accepted segment [96256:97280], variance=0.0435, QRS count=5
2025-10-09 11:25:47,220 [DEBUG] Accepted segment [96768:97792], variance=0.0446, QRS count=6
2025-10-09 11:25:47,223 [DEBUG] Accepted segment [97280:98304], variance=0.0436, QRS count=5
2025-10-09 11:25:47,226 [DEBUG] Accepted segment [97792:98816], variance=0.0419, QRS count=5
2025-10-09 11:25:47,229 [DEBUG] Accepted segment [98304:99328], variance=0.0424, QRS count=5
2025-10-09 11:25:47,232 [DEBUG] Accepted segment [98816:99840], variance=0.0469, QRS count=5
2025-10-09 11:25:47,234 [DEBUG] Accepted segment [99328:100352], variance=0.0437, QRS count=5
2025-10-09 11:25:47,237 [DEBUG] Accepted segment [99840:100864], variance=0.0338, QRS count=6
2025-10-09 11:25:47,239 [DEBUG] Accepted segment [100352:101376], variance=0.0349, QRS count=6
2025-10-09 11:25:47,242 [DEBUG] Accepted segment [100864:101888], variance=0.0390, QRS count=5
2025-10-09 11:25:47,244 [DEBUG] Accepted segment [101376:102400], variance=0.0407, QRS count=5
2025-10-09 11:25:47,246 [DEBUG] Accepted segment [101888:102912], variance=0.0429, QRS count=5
2025-10-09 11:25:47,249 [DEBUG] Accepted segment [102400:103424], variance=0.0422, QRS count=5
2025-10-09 11:25:47,252 [DEBUG] Accepted segment [102912:103936], variance=0.0401, QRS count=6
2025-10-09 11:25:47,255 [DEBUG] Accepted segment [103424:104448], variance=0.0405, QRS count=6
2025-10-09 11:25:47,258 [DEBUG] Accepted segment [103936:104960], variance=0.0415, QRS count=6
2025-10-09 11:25:47,261 [DEBUG] Accepted segment [104448:105472], variance=0.0408, QRS count=6
2025-10-09 11:25:47,265 [DEBUG] Accepted segment [104960:105984], variance=0.0404, QRS count=6
2025-10-09 11:25:47,265 [DEBUG] Skipping segment [105472:106496] due to overlap with noise [106400:107000]
2025-10-09 11:25:47,265 [DEBUG] Skipping segment [105984:107008] due to overlap with noise [106400:107000]
2025-10-09 11:25:47,265 [DEBUG] Skipping segment [106496:107520] due to overlap with noise [106400:107000]
2025-10-09 11:25:47,268 [DEBUG] Accepted segment [107008:108032], variance=0.0702, QRS count=6
2025-10-09 11:25:47,271 [DEBUG] Accepted segment [107520:108544], variance=0.0616, QRS count=6
2025-10-09 11:25:47,275 [DEBUG] Accepted segment [108032:109056], variance=0.0688, QRS count=7
2025-10-09 11:25:47,278 [DEBUG] Accepted segment [108544:109568], variance=0.0644, QRS count=6
2025-10-09 11:25:47,281 [DEBUG] Accepted segment [109056:110080], variance=0.0488, QRS count=6
2025-10-09 11:25:47,284 [DEBUG] Accepted segment [109568:110592], variance=0.0477, QRS count=6
2025-10-09 11:25:47,287 [DEBUG] Accepted segment [110080:111104], variance=0.0440, QRS count=6
2025-10-09 11:25:47,291 [DEBUG] Accepted segment [110592:111616], variance=0.0451, QRS count=7
2025-10-09 11:25:47,294 [DEBUG] Accepted segment [111104:112128], variance=0.0552, QRS count=6
2025-10-09 11:25:47,298 [DEBUG] Accepted segment [111616:112640], variance=0.0556, QRS count=6
2025-10-09 11:25:47,302 [DEBUG] Accepted segment [112128:113152], variance=0.0543, QRS count=6
2025-10-09 11:25:47,305 [DEBUG] Accepted segment [112640:113664], variance=0.0555, QRS count=6
2025-10-09 11:25:47,308 [DEBUG] Accepted segment [113152:114176], variance=0.0560, QRS count=5
2025-10-09 11:25:47,312 [DEBUG] Accepted segment [113664:114688], variance=0.0558, QRS count=5
2025-10-09 11:25:47,315 [DEBUG] Accepted segment [114176:115200], variance=0.0667, QRS count=5
2025-10-09 11:25:47,319 [DEBUG] Accepted segment [114688:115712], variance=0.0741, QRS count=6
2025-10-09 11:25:47,322 [DEBUG] Accepted segment [115200:116224], variance=0.0637, QRS count=6
2025-10-09 11:25:47,325 [DEBUG] Accepted segment [115712:116736], variance=0.0559, QRS count=6
2025-10-09 11:25:47,329 [DEBUG] Accepted segment [116224:117248], variance=0.0528, QRS count=6
2025-10-09 11:25:47,333 [DEBUG] Accepted segment [116736:117760], variance=0.0522, QRS count=5
2025-10-09 11:25:47,337 [DEBUG] Accepted segment [117248:118272], variance=0.0472, QRS count=6
2025-10-09 11:25:47,340 [DEBUG] Accepted segment [117760:118784], variance=0.0471, QRS count=5
2025-10-09 11:25:47,343 [DEBUG] Accepted segment [118272:119296], variance=0.0569, QRS count=5
2025-10-09 11:25:47,347 [DEBUG] Accepted segment [118784:119808], variance=0.0603, QRS count=5
2025-10-09 11:25:47,349 [DEBUG] Accepted segment [119296:120320], variance=0.0607, QRS count=5
2025-10-09 11:25:47,352 [DEBUG] Accepted segment [119808:120832], variance=0.0601, QRS count=6
2025-10-09 11:25:47,355 [DEBUG] Accepted segment [120320:121344], variance=0.0600, QRS count=6
2025-10-09 11:25:47,357 [DEBUG] Accepted segment [120832:121856], variance=0.0599, QRS count=6
2025-10-09 11:25:47,360 [DEBUG] Accepted segment [121344:122368], variance=0.0489, QRS count=5
2025-10-09 11:25:47,362 [DEBUG] Accepted segment [121856:122880], variance=0.0471, QRS count=5
2025-10-09 11:25:47,365 [DEBUG] Accepted segment [122368:123392], variance=0.0592, QRS count=5
2025-10-09 11:25:47,367 [DEBUG] Accepted segment [122880:123904], variance=0.0606, QRS count=5
2025-10-09 11:25:47,370 [DEBUG] Accepted segment [123392:124416], variance=0.0582, QRS count=5
2025-10-09 11:25:47,373 [DEBUG] Accepted segment [123904:124928], variance=0.0582, QRS count=6
2025-10-09 11:25:47,375 [DEBUG] Accepted segment [124416:125440], variance=0.0592, QRS count=6
2025-10-09 11:25:47,378 [DEBUG] Accepted segment [124928:125952], variance=0.0585, QRS count=5
2025-10-09 11:25:47,381 [DEBUG] Accepted segment [125440:126464], variance=0.0485, QRS count=5
2025-10-09 11:25:47,383 [DEBUG] Accepted segment [125952:126976], variance=0.0503, QRS count=5
2025-10-09 11:25:47,386 [DEBUG] Accepted segment [126464:127488], variance=0.0614, QRS count=5
2025-10-09 11:25:47,388 [DEBUG] Accepted segment [126976:128000], variance=0.0608, QRS count=5
2025-10-09 11:25:47,388 [INFO] Segmented signal of length 128000 into 246 valid segments
2025-10-09 11:25:47,727 [DEBUG] Accepted segment [0:1024], variance=0.0485, QRS count=5
2025-10-09 11:25:47,733 [DEBUG] Accepted segment [512:1536], variance=0.0603, QRS count=5
2025-10-09 11:25:47,739 [DEBUG] Accepted segment [1024:2048], variance=0.0717, QRS count=5
2025-10-09 11:25:47,744 [DEBUG] Accepted segment [1536:2560], variance=0.0797, QRS count=6
2025-10-09 11:25:47,749 [DEBUG] Accepted segment [2048:3072], variance=0.0709, QRS count=6
2025-10-09 11:25:47,753 [DEBUG] Accepted segment [2560:3584], variance=0.0522, QRS count=5
2025-10-09 11:25:47,756 [DEBUG] Accepted segment [3072:4096], variance=0.0484, QRS count=5
2025-10-09 11:25:47,758 [DEBUG] Accepted segment [3584:4608], variance=0.0533, QRS count=5
2025-10-09 11:25:47,761 [DEBUG] Accepted segment [4096:5120], variance=0.0519, QRS count=6
2025-10-09 11:25:47,764 [DEBUG] Accepted segment [4608:5632], variance=0.0539, QRS count=6
2025-10-09 11:25:47,766 [DEBUG] Accepted segment [5120:6144], variance=0.0559, QRS count=5
2025-10-09 11:25:47,768 [DEBUG] Accepted segment [5632:6656], variance=0.0539, QRS count=5
2025-10-09 11:25:47,771 [DEBUG] Accepted segment [6144:7168], variance=0.0528, QRS count=5
2025-10-09 11:25:47,774 [DEBUG] Accepted segment [6656:7680], variance=0.0470, QRS count=5
2025-10-09 11:25:47,777 [DEBUG] Accepted segment [7168:8192], variance=0.0480, QRS count=5
2025-10-09 11:25:47,779 [DEBUG] Accepted segment [7680:8704], variance=0.0566, QRS count=5
2025-10-09 11:25:47,782 [DEBUG] Accepted segment [8192:9216], variance=0.0601, QRS count=5
2025-10-09 11:25:47,784 [DEBUG] Accepted segment [8704:9728], variance=0.0621, QRS count=6
2025-10-09 11:25:47,787 [DEBUG] Accepted segment [9216:10240], variance=0.0520, QRS count=5
2025-10-09 11:25:47,789 [DEBUG] Accepted segment [9728:10752], variance=0.0495, QRS count=5
2025-10-09 11:25:47,791 [DEBUG] Accepted segment [10240:11264], variance=0.0569, QRS count=5
2025-10-09 11:25:47,794 [DEBUG] Accepted segment [10752:11776], variance=0.0581, QRS count=5
2025-10-09 11:25:47,796 [DEBUG] Accepted segment [11264:12288], variance=0.0586, QRS count=6
2025-10-09 11:25:47,798 [DEBUG] Accepted segment [11776:12800], variance=0.0491, QRS count=6
2025-10-09 11:25:47,801 [DEBUG] Accepted segment [12288:13312], variance=0.0499, QRS count=5
2025-10-09 11:25:47,803 [DEBUG] Accepted segment [12800:13824], variance=0.0607, QRS count=5
2025-10-09 11:25:47,805 [DEBUG] Accepted segment [13312:14336], variance=0.0595, QRS count=5
2025-10-09 11:25:47,808 [DEBUG] Accepted segment [13824:14848], variance=0.0566, QRS count=6
2025-10-09 11:25:47,810 [DEBUG] Accepted segment [14336:15360], variance=0.0585, QRS count=6
2025-10-09 11:25:47,812 [DEBUG] Accepted segment [14848:15872], variance=0.0575, QRS count=6
2025-10-09 11:25:47,815 [DEBUG] Accepted segment [15360:16384], variance=0.0520, QRS count=5
2025-10-09 11:25:47,817 [DEBUG] Accepted segment [15872:16896], variance=0.0511, QRS count=5
2025-10-09 11:25:47,819 [DEBUG] Accepted segment [16384:17408], variance=0.0506, QRS count=5
2025-10-09 11:25:47,822 [DEBUG] Accepted segment [16896:17920], variance=0.0476, QRS count=5
2025-10-09 11:25:47,824 [DEBUG] Accepted segment [17408:18432], variance=0.0447, QRS count=5
2025-10-09 11:25:47,826 [DEBUG] Accepted segment [17920:18944], variance=0.0474, QRS count=6
2025-10-09 11:25:47,829 [DEBUG] Accepted segment [18432:19456], variance=0.0513, QRS count=6
2025-10-09 11:25:47,832 [DEBUG] Accepted segment [18944:19968], variance=0.0520, QRS count=5
2025-10-09 11:25:47,834 [DEBUG] Accepted segment [19456:20480], variance=0.0518, QRS count=5
2025-10-09 11:25:47,837 [DEBUG] Accepted segment [19968:20992], variance=0.0535, QRS count=5
2025-10-09 11:25:47,839 [DEBUG] Accepted segment [20480:21504], variance=0.0570, QRS count=5
2025-10-09 11:25:47,841 [DEBUG] Accepted segment [20992:22016], variance=0.0584, QRS count=5
2025-10-09 11:25:47,843 [DEBUG] Accepted segment [21504:22528], variance=0.0589, QRS count=5
2025-10-09 11:25:47,846 [DEBUG] Accepted segment [22016:23040], variance=0.0598, QRS count=6
2025-10-09 11:25:47,848 [DEBUG] Accepted segment [22528:23552], variance=0.0604, QRS count=6
2025-10-09 11:25:47,851 [DEBUG] Accepted segment [23040:24064], variance=0.0594, QRS count=5
2025-10-09 11:25:47,853 [DEBUG] Accepted segment [23552:24576], variance=0.0598, QRS count=6
2025-10-09 11:25:47,855 [DEBUG] Accepted segment [24064:25088], variance=0.0620, QRS count=6
2025-10-09 11:25:47,858 [DEBUG] Accepted segment [24576:25600], variance=0.1251, QRS count=6
2025-10-09 11:25:47,860 [DEBUG] Accepted segment [25088:26112], variance=0.1270, QRS count=6
2025-10-09 11:25:47,862 [DEBUG] Accepted segment [25600:26624], variance=0.0756, QRS count=6
2025-10-09 11:25:47,865 [DEBUG] Accepted segment [26112:27136], variance=0.0709, QRS count=6
2025-10-09 11:25:47,867 [DEBUG] Accepted segment [26624:27648], variance=0.0589, QRS count=6
2025-10-09 11:25:47,869 [DEBUG] Accepted segment [27136:28160], variance=0.0584, QRS count=6
2025-10-09 11:25:47,871 [DEBUG] Accepted segment [27648:28672], variance=0.0565, QRS count=6
2025-10-09 11:25:47,874 [DEBUG] Accepted segment [28160:29184], variance=0.0559, QRS count=6
2025-10-09 11:25:47,876 [DEBUG] Accepted segment [28672:29696], variance=0.0563, QRS count=6
2025-10-09 11:25:47,878 [DEBUG] Accepted segment [29184:30208], variance=0.0540, QRS count=6
2025-10-09 11:25:47,881 [DEBUG] Accepted segment [29696:30720], variance=0.0480, QRS count=6
2025-10-09 11:25:47,883 [DEBUG] Accepted segment [30208:31232], variance=0.0466, QRS count=5
2025-10-09 11:25:47,885 [DEBUG] Accepted segment [30720:31744], variance=0.0484, QRS count=5
2025-10-09 11:25:47,888 [DEBUG] Accepted segment [31232:32256], variance=0.0523, QRS count=6
2025-10-09 11:25:47,890 [DEBUG] Accepted segment [31744:32768], variance=0.0579, QRS count=6
2025-10-09 11:25:47,893 [DEBUG] Accepted segment [32256:33280], variance=0.0605, QRS count=5
2025-10-09 11:25:47,895 [DEBUG] Accepted segment [32768:33792], variance=0.0593, QRS count=5
2025-10-09 11:25:47,899 [DEBUG] Accepted segment [33280:34304], variance=0.0577, QRS count=5
2025-10-09 11:25:47,901 [DEBUG] Accepted segment [33792:34816], variance=0.0579, QRS count=6
2025-10-09 11:25:47,905 [DEBUG] Accepted segment [34304:35328], variance=0.0569, QRS count=6
2025-10-09 11:25:47,908 [DEBUG] Accepted segment [34816:35840], variance=0.0569, QRS count=6
2025-10-09 11:25:47,911 [DEBUG] Accepted segment [35328:36352], variance=0.0586, QRS count=6
2025-10-09 11:25:47,914 [DEBUG] Accepted segment [35840:36864], variance=0.0496, QRS count=6
2025-10-09 11:25:47,916 [DEBUG] Accepted segment [36352:37376], variance=0.0498, QRS count=5
2025-10-09 11:25:47,919 [DEBUG] Accepted segment [36864:37888], variance=0.0598, QRS count=5
2025-10-09 11:25:47,921 [DEBUG] Accepted segment [37376:38400], variance=0.0608, QRS count=5
2025-10-09 11:25:47,923 [DEBUG] Accepted segment [37888:38912], variance=0.0619, QRS count=5
2025-10-09 11:25:47,926 [DEBUG] Accepted segment [38400:39424], variance=0.0603, QRS count=6
2025-10-09 11:25:47,928 [DEBUG] Accepted segment [38912:39936], variance=0.0589, QRS count=6
2025-10-09 11:25:47,931 [DEBUG] Accepted segment [39424:40448], variance=0.0607, QRS count=6
2025-10-09 11:25:47,933 [DEBUG] Accepted segment [39936:40960], variance=0.0523, QRS count=6
2025-10-09 11:25:47,935 [DEBUG] Accepted segment [40448:41472], variance=0.0519, QRS count=5
2025-10-09 11:25:47,938 [DEBUG] Accepted segment [40960:41984], variance=0.0605, QRS count=5
2025-10-09 11:25:47,940 [DEBUG] Accepted segment [41472:42496], variance=0.0594, QRS count=5
2025-10-09 11:25:47,943 [DEBUG] Accepted segment [41984:43008], variance=0.0573, QRS count=6
2025-10-09 11:25:47,945 [DEBUG] Accepted segment [42496:43520], variance=0.0570, QRS count=6
2025-10-09 11:25:47,948 [DEBUG] Accepted segment [43008:44032], variance=0.0501, QRS count=5
2025-10-09 11:25:47,950 [DEBUG] Accepted segment [43520:44544], variance=0.0484, QRS count=5
2025-10-09 11:25:47,952 [DEBUG] Accepted segment [44032:45056], variance=0.0558, QRS count=5
2025-10-09 11:25:47,955 [DEBUG] Accepted segment [44544:45568], variance=0.0570, QRS count=5
2025-10-09 11:25:47,957 [DEBUG] Accepted segment [45056:46080], variance=0.0533, QRS count=5
2025-10-09 11:25:47,960 [DEBUG] Accepted segment [45568:46592], variance=0.0483, QRS count=6
2025-10-09 11:25:47,962 [DEBUG] Accepted segment [46080:47104], variance=0.0507, QRS count=6
2025-10-09 11:25:47,965 [DEBUG] Accepted segment [46592:47616], variance=0.0576, QRS count=6
2025-10-09 11:25:47,967 [DEBUG] Accepted segment [47104:48128], variance=0.0606, QRS count=6
2025-10-09 11:25:47,969 [DEBUG] Accepted segment [47616:48640], variance=0.0595, QRS count=6
2025-10-09 11:25:47,971 [DEBUG] Accepted segment [48128:49152], variance=0.0510, QRS count=6
2025-10-09 11:25:47,974 [DEBUG] Accepted segment [48640:49664], variance=0.0516, QRS count=5
2025-10-09 11:25:47,976 [DEBUG] Accepted segment [49152:50176], variance=0.0585, QRS count=5
2025-10-09 11:25:47,978 [DEBUG] Accepted segment [49664:50688], variance=0.0584, QRS count=5
2025-10-09 11:25:47,981 [DEBUG] Accepted segment [50176:51200], variance=0.0589, QRS count=6
2025-10-09 11:25:47,983 [DEBUG] Accepted segment [50688:51712], variance=0.0584, QRS count=6
2025-10-09 11:25:47,985 [DEBUG] Accepted segment [51200:52224], variance=0.0501, QRS count=5
2025-10-09 11:25:47,988 [DEBUG] Accepted segment [51712:52736], variance=0.0509, QRS count=5
2025-10-09 11:25:47,990 [DEBUG] Accepted segment [52224:53248], variance=0.0593, QRS count=5
2025-10-09 11:25:47,992 [DEBUG] Accepted segment [52736:53760], variance=0.0583, QRS count=6
2025-10-09 11:25:47,995 [DEBUG] Accepted segment [53248:54272], variance=0.0595, QRS count=5
2025-10-09 11:25:47,997 [DEBUG] Accepted segment [53760:54784], variance=0.0531, QRS count=5
2025-10-09 11:25:47,999 [DEBUG] Accepted segment [54272:55296], variance=0.0531, QRS count=5
2025-10-09 11:25:48,001 [DEBUG] Accepted segment [54784:55808], variance=0.0593, QRS count=5
2025-10-09 11:25:48,004 [DEBUG] Accepted segment [55296:56320], variance=0.0602, QRS count=5
2025-10-09 11:25:48,006 [DEBUG] Accepted segment [55808:56832], variance=0.0621, QRS count=5
2025-10-09 11:25:48,009 [DEBUG] Accepted segment [56320:57344], variance=0.0596, QRS count=5
2025-10-09 11:25:48,011 [DEBUG] Accepted segment [56832:57856], variance=0.0563, QRS count=6
2025-10-09 11:25:48,013 [DEBUG] Accepted segment [57344:58368], variance=0.0567, QRS count=6
2025-10-09 11:25:48,015 [DEBUG] Accepted segment [57856:58880], variance=0.0583, QRS count=5
2025-10-09 11:25:48,018 [DEBUG] Accepted segment [58368:59392], variance=0.0492, QRS count=5
2025-10-09 11:25:48,022 [DEBUG] Accepted segment [58880:59904], variance=0.0492, QRS count=5
2025-10-09 11:25:48,025 [DEBUG] Accepted segment [59392:60416], variance=0.0592, QRS count=5
2025-10-09 11:25:48,029 [DEBUG] Accepted segment [59904:60928], variance=0.0586, QRS count=5
2025-10-09 11:25:48,031 [DEBUG] Accepted segment [60416:61440], variance=0.0579, QRS count=6
2025-10-09 11:25:48,034 [DEBUG] Accepted segment [60928:61952], variance=0.0584, QRS count=6
2025-10-09 11:25:48,037 [DEBUG] Accepted segment [61440:62464], variance=0.0588, QRS count=5
2025-10-09 11:25:48,039 [DEBUG] Accepted segment [61952:62976], variance=0.0565, QRS count=5
2025-10-09 11:25:48,041 [DEBUG] Accepted segment [62464:63488], variance=0.0485, QRS count=6
2025-10-09 11:25:48,043 [DEBUG] Accepted segment [62976:64000], variance=0.0508, QRS count=5
2025-10-09 11:25:48,046 [DEBUG] Accepted segment [63488:64512], variance=0.0608, QRS count=5
2025-10-09 11:25:48,048 [DEBUG] Accepted segment [64000:65024], variance=0.0619, QRS count=5
2025-10-09 11:25:48,050 [DEBUG] Accepted segment [64512:65536], variance=0.0587, QRS count=5
2025-10-09 11:25:48,052 [DEBUG] Accepted segment [65024:66048], variance=0.0603, QRS count=5
2025-10-09 11:25:48,055 [DEBUG] Accepted segment [65536:66560], variance=0.0623, QRS count=5
2025-10-09 11:25:48,057 [DEBUG] Accepted segment [66048:67072], variance=0.0612, QRS count=5
2025-10-09 11:25:48,059 [DEBUG] Accepted segment [66560:67584], variance=0.0614, QRS count=6
2025-10-09 11:25:48,062 [DEBUG] Accepted segment [67072:68096], variance=0.0627, QRS count=6
2025-10-09 11:25:48,064 [DEBUG] Accepted segment [67584:68608], variance=0.0535, QRS count=5
2025-10-09 11:25:48,067 [DEBUG] Accepted segment [68096:69120], variance=0.0529, QRS count=5
2025-10-09 11:25:48,070 [DEBUG] Accepted segment [68608:69632], variance=0.0620, QRS count=5
2025-10-09 11:25:48,072 [DEBUG] Accepted segment [69120:70144], variance=0.0512, QRS count=6
2025-10-09 11:25:48,074 [DEBUG] Accepted segment [69632:70656], variance=0.0508, QRS count=5
2025-10-09 11:25:48,077 [DEBUG] Accepted segment [70144:71168], variance=0.0623, QRS count=5
2025-10-09 11:25:48,079 [DEBUG] Accepted segment [70656:71680], variance=0.0649, QRS count=5
2025-10-09 11:25:48,082 [DEBUG] Accepted segment [71168:72192], variance=0.0649, QRS count=6
2025-10-09 11:25:48,086 [DEBUG] Accepted segment [71680:72704], variance=0.0643, QRS count=6
2025-10-09 11:25:48,089 [DEBUG] Accepted segment [72192:73216], variance=0.0546, QRS count=6
2025-10-09 11:25:48,092 [DEBUG] Accepted segment [72704:73728], variance=0.0550, QRS count=5
2025-10-09 11:25:48,095 [DEBUG] Accepted segment [73216:74240], variance=0.0646, QRS count=5
2025-10-09 11:25:48,097 [DEBUG] Accepted segment [73728:74752], variance=0.0630, QRS count=5
2025-10-09 11:25:48,099 [DEBUG] Accepted segment [74240:75264], variance=0.0623, QRS count=6
2025-10-09 11:25:48,102 [DEBUG] Accepted segment [74752:75776], variance=0.0621, QRS count=6
2025-10-09 11:25:48,104 [DEBUG] Accepted segment [75264:76288], variance=0.0509, QRS count=6
2025-10-09 11:25:48,107 [DEBUG] Accepted segment [75776:76800], variance=0.0518, QRS count=5
2025-10-09 11:25:48,109 [DEBUG] Accepted segment [76288:77312], variance=0.0641, QRS count=5
2025-10-09 11:25:48,111 [DEBUG] Accepted segment [76800:77824], variance=0.0659, QRS count=5
2025-10-09 11:25:48,114 [DEBUG] Accepted segment [77312:78336], variance=0.0647, QRS count=6
2025-10-09 11:25:48,117 [DEBUG] Accepted segment [77824:78848], variance=0.0543, QRS count=5
2025-10-09 11:25:48,120 [DEBUG] Accepted segment [78336:79360], variance=0.0534, QRS count=5
2025-10-09 11:25:48,123 [DEBUG] Accepted segment [78848:79872], variance=0.0600, QRS count=5
2025-10-09 11:25:48,125 [DEBUG] Accepted segment [79360:80384], variance=0.0605, QRS count=6
2025-10-09 11:25:48,128 [DEBUG] Accepted segment [79872:80896], variance=0.0530, QRS count=5
2025-10-09 11:25:48,130 [DEBUG] Accepted segment [80384:81408], variance=0.0525, QRS count=5
2025-10-09 11:25:48,133 [DEBUG] Accepted segment [80896:81920], variance=0.0614, QRS count=5
2025-10-09 11:25:48,135 [DEBUG] Accepted segment [81408:82432], variance=0.0623, QRS count=6
2025-10-09 11:25:48,137 [DEBUG] Accepted segment [81920:82944], variance=0.0606, QRS count=5
2025-10-09 11:25:48,140 [DEBUG] Accepted segment [82432:83456], variance=0.0508, QRS count=5
2025-10-09 11:25:48,142 [DEBUG] Accepted segment [82944:83968], variance=0.0525, QRS count=5
2025-10-09 11:25:48,144 [DEBUG] Accepted segment [83456:84480], variance=0.0618, QRS count=5
2025-10-09 11:25:48,147 [DEBUG] Accepted segment [83968:84992], variance=0.0601, QRS count=5
2025-10-09 11:25:48,149 [DEBUG] Accepted segment [84480:85504], variance=0.0589, QRS count=5
2025-10-09 11:25:48,152 [DEBUG] Accepted segment [84992:86016], variance=0.0579, QRS count=6
2025-10-09 11:25:48,154 [DEBUG] Accepted segment [85504:86528], variance=0.0604, QRS count=6
2025-10-09 11:25:48,156 [DEBUG] Accepted segment [86016:87040], variance=0.0538, QRS count=5
2025-10-09 11:25:48,159 [DEBUG] Accepted segment [86528:87552], variance=0.0515, QRS count=5
2025-10-09 11:25:48,161 [DEBUG] Accepted segment [87040:88064], variance=0.0609, QRS count=5
2025-10-09 11:25:48,164 [DEBUG] Accepted segment [87552:88576], variance=0.0617, QRS count=5
2025-10-09 11:25:48,166 [DEBUG] Accepted segment [88064:89088], variance=0.0498, QRS count=5
2025-10-09 11:25:48,168 [DEBUG] Accepted segment [88576:89600], variance=0.0489, QRS count=5
2025-10-09 11:25:48,170 [DEBUG] Accepted segment [89088:90112], variance=0.0603, QRS count=5
2025-10-09 11:25:48,173 [DEBUG] Accepted segment [89600:90624], variance=0.0612, QRS count=6
2025-10-09 11:25:48,175 [DEBUG] Accepted segment [90112:91136], variance=0.0612, QRS count=6
2025-10-09 11:25:48,178 [DEBUG] Accepted segment [90624:91648], variance=0.0535, QRS count=5
2025-10-09 11:25:48,181 [DEBUG] Accepted segment [91136:92160], variance=0.0552, QRS count=5
2025-10-09 11:25:48,184 [DEBUG] Accepted segment [91648:92672], variance=0.0635, QRS count=5
2025-10-09 11:25:48,186 [DEBUG] Accepted segment [92160:93184], variance=0.0609, QRS count=5
2025-10-09 11:25:48,188 [DEBUG] Accepted segment [92672:93696], variance=0.0534, QRS count=6
2025-10-09 11:25:48,190 [DEBUG] Accepted segment [93184:94208], variance=0.0553, QRS count=5
2025-10-09 11:25:48,193 [DEBUG] Accepted segment [93696:94720], variance=0.0625, QRS count=5
2025-10-09 11:25:48,195 [DEBUG] Accepted segment [94208:95232], variance=0.0619, QRS count=5
2025-10-09 11:25:48,197 [DEBUG] Accepted segment [94720:95744], variance=0.0629, QRS count=6
2025-10-09 11:25:48,200 [DEBUG] Accepted segment [95232:96256], variance=0.0528, QRS count=5
2025-10-09 11:25:48,202 [DEBUG] Accepted segment [95744:96768], variance=0.0525, QRS count=5
2025-10-09 11:25:48,204 [DEBUG] Accepted segment [96256:97280], variance=0.0625, QRS count=5
2025-10-09 11:25:48,207 [DEBUG] Accepted segment [96768:97792], variance=0.0602, QRS count=6
2025-10-09 11:25:48,209 [DEBUG] Accepted segment [97280:98304], variance=0.0574, QRS count=6
2025-10-09 11:25:48,211 [DEBUG] Accepted segment [97792:98816], variance=0.0569, QRS count=6
2025-10-09 11:25:48,214 [DEBUG] Accepted segment [98304:99328], variance=0.0501, QRS count=6
2025-10-09 11:25:48,216 [DEBUG] Accepted segment [98816:99840], variance=0.0510, QRS count=5
2025-10-09 11:25:48,218 [DEBUG] Accepted segment [99328:100352], variance=0.0579, QRS count=5
2025-10-09 11:25:48,220 [DEBUG] Accepted segment [99840:100864], variance=0.0583, QRS count=5
2025-10-09 11:25:48,223 [DEBUG] Accepted segment [100352:101376], variance=0.0604, QRS count=5
2025-10-09 11:25:48,226 [DEBUG] Accepted segment [100864:101888], variance=0.0593, QRS count=6
2025-10-09 11:25:48,229 [DEBUG] Accepted segment [101376:102400], variance=0.0568, QRS count=6
2025-10-09 11:25:48,232 [DEBUG] Accepted segment [101888:102912], variance=0.0552, QRS count=6
2025-10-09 11:25:48,235 [DEBUG] Accepted segment [102400:103424], variance=0.0554, QRS count=6
2025-10-09 11:25:48,237 [DEBUG] Accepted segment [102912:103936], variance=0.0574, QRS count=6
2025-10-09 11:25:48,240 [DEBUG] Accepted segment [103424:104448], variance=0.0576, QRS count=5
2025-10-09 11:25:48,243 [DEBUG] Accepted segment [103936:104960], variance=0.0472, QRS count=6
2025-10-09 11:25:48,246 [DEBUG] Accepted segment [104448:105472], variance=0.0462, QRS count=5
2025-10-09 11:25:48,249 [DEBUG] Accepted segment [104960:105984], variance=0.0554, QRS count=5
2025-10-09 11:25:48,252 [DEBUG] Accepted segment [105472:106496], variance=0.0562, QRS count=5
2025-10-09 11:25:48,256 [DEBUG] Accepted segment [105984:107008], variance=0.0543, QRS count=5
2025-10-09 11:25:48,260 [DEBUG] Accepted segment [106496:107520], variance=0.0518, QRS count=5
2025-10-09 11:25:48,264 [DEBUG] Accepted segment [107008:108032], variance=0.0523, QRS count=5
2025-10-09 11:25:48,268 [DEBUG] Accepted segment [107520:108544], variance=0.0539, QRS count=5
2025-10-09 11:25:48,272 [DEBUG] Accepted segment [108032:109056], variance=0.0543, QRS count=5
2025-10-09 11:25:48,277 [DEBUG] Accepted segment [108544:109568], variance=0.0531, QRS count=6
2025-10-09 11:25:48,282 [DEBUG] Accepted segment [109056:110080], variance=0.0515, QRS count=6
2025-10-09 11:25:48,286 [DEBUG] Accepted segment [109568:110592], variance=0.0521, QRS count=6
2025-10-09 11:25:48,290 [DEBUG] Accepted segment [110080:111104], variance=0.1279, QRS count=6
2025-10-09 11:25:48,294 [DEBUG] Accepted segment [110592:111616], variance=0.1293, QRS count=5
2025-10-09 11:25:48,299 [DEBUG] Accepted segment [111104:112128], variance=0.0552, QRS count=6
2025-10-09 11:25:48,302 [DEBUG] Accepted segment [111616:112640], variance=0.0537, QRS count=6
2025-10-09 11:25:48,307 [DEBUG] Accepted segment [112128:113152], variance=0.0532, QRS count=6
2025-10-09 11:25:48,311 [DEBUG] Accepted segment [112640:113664], variance=0.0558, QRS count=6
2025-10-09 11:25:48,315 [DEBUG] Accepted segment [113152:114176], variance=0.0582, QRS count=5
2025-10-09 11:25:48,319 [DEBUG] Accepted segment [113664:114688], variance=0.0514, QRS count=6
2025-10-09 11:25:48,323 [DEBUG] Accepted segment [114176:115200], variance=0.0525, QRS count=5
2025-10-09 11:25:48,328 [DEBUG] Accepted segment [114688:115712], variance=0.0596, QRS count=5
2025-10-09 11:25:48,332 [DEBUG] Accepted segment [115200:116224], variance=0.0584, QRS count=5
2025-10-09 11:25:48,336 [DEBUG] Accepted segment [115712:116736], variance=0.0515, QRS count=6
2025-10-09 11:25:48,340 [DEBUG] Accepted segment [116224:117248], variance=0.0530, QRS count=5
2025-10-09 11:25:48,344 [DEBUG] Accepted segment [116736:117760], variance=0.0609, QRS count=5
2025-10-09 11:25:48,348 [DEBUG] Accepted segment [117248:118272], variance=0.0628, QRS count=5
2025-10-09 11:25:48,353 [DEBUG] Accepted segment [117760:118784], variance=0.0637, QRS count=6
2025-10-09 11:25:48,357 [DEBUG] Accepted segment [118272:119296], variance=0.0609, QRS count=6
2025-10-09 11:25:48,360 [DEBUG] Accepted segment [118784:119808], variance=0.0506, QRS count=6
2025-10-09 11:25:48,361 [DEBUG] Skipping segment [119296:120320] due to overlap with noise [120200:120500]
2025-10-09 11:25:48,361 [DEBUG] Skipping segment [119808:120832] due to overlap with noise [120200:120500]
2025-10-09 11:25:48,361 [DEBUG] Skipping segment [120320:121344] due to overlap with noise [120200:120500]
2025-10-09 11:25:48,364 [DEBUG] Accepted segment [120832:121856], variance=0.0428, QRS count=6
2025-10-09 11:25:48,368 [DEBUG] Accepted segment [121344:122368], variance=0.0406, QRS count=6
2025-10-09 11:25:48,371 [DEBUG] Accepted segment [121856:122880], variance=0.0365, QRS count=6
2025-10-09 11:25:48,374 [DEBUG] Accepted segment [122368:123392], variance=0.0401, QRS count=5
2025-10-09 11:25:48,377 [DEBUG] Accepted segment [122880:123904], variance=0.0464, QRS count=6
2025-10-09 11:25:48,379 [DEBUG] Accepted segment [123392:124416], variance=0.0520, QRS count=6
2025-10-09 11:25:48,381 [DEBUG] Accepted segment [123904:124928], variance=0.0439, QRS count=5
2025-10-09 11:25:48,384 [DEBUG] Accepted segment [124416:125440], variance=0.0354, QRS count=5
2025-10-09 11:25:48,386 [DEBUG] Accepted segment [124928:125952], variance=0.0386, QRS count=5
2025-10-09 11:25:48,388 [DEBUG] Accepted segment [125440:126464], variance=0.0365, QRS count=5
2025-10-09 11:25:48,391 [DEBUG] Accepted segment [125952:126976], variance=0.0365, QRS count=6
2025-10-09 11:25:48,393 [DEBUG] Accepted segment [126464:127488], variance=0.0327, QRS count=5
2025-10-09 11:25:48,395 [DEBUG] Accepted segment [126976:128000], variance=0.0324, QRS count=5
2025-10-09 11:25:48,395 [INFO] Segmented signal of length 128000 into 246 valid segments
2025-10-09 11:25:48,707 [DEBUG] Accepted segment [0:1024], variance=0.0401, QRS count=6
2025-10-09 11:25:48,709 [DEBUG] Accepted segment [512:1536], variance=0.0419, QRS count=6
2025-10-09 11:25:48,712 [DEBUG] Accepted segment [1024:2048], variance=0.0415, QRS count=6
2025-10-09 11:25:48,714 [DEBUG] Accepted segment [1536:2560], variance=0.0390, QRS count=6
2025-10-09 11:25:48,717 [DEBUG] Accepted segment [2048:3072], variance=0.0377, QRS count=6
2025-10-09 11:25:48,719 [DEBUG] Accepted segment [2560:3584], variance=0.0409, QRS count=6
2025-10-09 11:25:48,722 [DEBUG] Accepted segment [3072:4096], variance=0.0414, QRS count=5
2025-10-09 11:25:48,724 [DEBUG] Accepted segment [3584:4608], variance=0.0384, QRS count=5
2025-10-09 11:25:48,727 [DEBUG] Accepted segment [4096:5120], variance=0.0392, QRS count=5
2025-10-09 11:25:48,729 [DEBUG] Accepted segment [4608:5632], variance=0.0402, QRS count=5
2025-10-09 11:25:48,732 [DEBUG] Accepted segment [5120:6144], variance=0.0394, QRS count=5
2025-10-09 11:25:48,734 [DEBUG] Accepted segment [5632:6656], variance=0.0395, QRS count=5
2025-10-09 11:25:48,737 [DEBUG] Accepted segment [6144:7168], variance=0.0415, QRS count=5
2025-10-09 11:25:48,739 [DEBUG] Accepted segment [6656:7680], variance=0.0433, QRS count=5
2025-10-09 11:25:48,742 [DEBUG] Accepted segment [7168:8192], variance=0.0412, QRS count=5
2025-10-09 11:25:48,744 [DEBUG] Accepted segment [7680:8704], variance=0.0387, QRS count=6
2025-10-09 11:25:48,746 [DEBUG] Accepted segment [8192:9216], variance=0.0424, QRS count=6
2025-10-09 11:25:48,749 [DEBUG] Accepted segment [8704:9728], variance=0.0459, QRS count=6
2025-10-09 11:25:48,751 [DEBUG] Accepted segment [9216:10240], variance=0.0427, QRS count=5
2025-10-09 11:25:48,753 [DEBUG] Accepted segment [9728:10752], variance=0.0465, QRS count=5
2025-10-09 11:25:48,756 [DEBUG] Accepted segment [10240:11264], variance=0.0452, QRS count=6
2025-10-09 11:25:48,758 [DEBUG] Accepted segment [10752:11776], variance=0.0496, QRS count=6
2025-10-09 11:25:48,761 [DEBUG] Accepted segment [11264:12288], variance=0.0525, QRS count=6
2025-10-09 11:25:48,763 [DEBUG] Accepted segment [11776:12800], variance=0.0397, QRS count=6
2025-10-09 11:25:48,765 [DEBUG] Accepted segment [12288:13312], variance=0.0377, QRS count=6
2025-10-09 11:25:48,768 [DEBUG] Accepted segment [12800:13824], variance=0.0388, QRS count=6
2025-10-09 11:25:48,770 [DEBUG] Accepted segment [13312:14336], variance=0.0378, QRS count=6
2025-10-09 11:25:48,773 [DEBUG] Accepted segment [13824:14848], variance=0.0385, QRS count=6
2025-10-09 11:25:48,775 [DEBUG] Accepted segment [14336:15360], variance=0.0398, QRS count=6
2025-10-09 11:25:48,777 [DEBUG] Accepted segment [14848:15872], variance=0.0393, QRS count=5
2025-10-09 11:25:48,780 [DEBUG] Accepted segment [15360:16384], variance=0.0346, QRS count=6
2025-10-09 11:25:48,783 [DEBUG] Accepted segment [15872:16896], variance=0.0356, QRS count=5
2025-10-09 11:25:48,786 [DEBUG] Accepted segment [16384:17408], variance=0.0412, QRS count=5
2025-10-09 11:25:48,789 [DEBUG] Accepted segment [16896:17920], variance=0.0429, QRS count=5
2025-10-09 11:25:48,792 [DEBUG] Accepted segment [17408:18432], variance=0.0438, QRS count=5
2025-10-09 11:25:48,794 [DEBUG] Accepted segment [17920:18944], variance=0.0445, QRS count=5
2025-10-09 11:25:48,796 [DEBUG] Accepted segment [18432:19456], variance=0.0446, QRS count=5
2025-10-09 11:25:48,799 [DEBUG] Accepted segment [18944:19968], variance=0.0441, QRS count=5
2025-10-09 11:25:48,801 [DEBUG] Accepted segment [19456:20480], variance=0.0441, QRS count=5
2025-10-09 11:25:48,803 [DEBUG] Accepted segment [19968:20992], variance=0.0429, QRS count=5
2025-10-09 11:25:48,806 [DEBUG] Accepted segment [20480:21504], variance=0.0406, QRS count=5
2025-10-09 11:25:48,808 [DEBUG] Accepted segment [20992:22016], variance=0.0402, QRS count=5
2025-10-09 11:25:48,810 [DEBUG] Accepted segment [21504:22528], variance=0.0406, QRS count=5
2025-10-09 11:25:48,813 [DEBUG] Accepted segment [22016:23040], variance=0.0405, QRS count=5
2025-10-09 11:25:48,815 [DEBUG] Accepted segment [22528:23552], variance=0.0406, QRS count=5
2025-10-09 11:25:48,817 [DEBUG] Accepted segment [23040:24064], variance=0.0412, QRS count=5
2025-10-09 11:25:48,820 [DEBUG] Accepted segment [23552:24576], variance=0.0423, QRS count=5
2025-10-09 11:25:48,822 [DEBUG] Accepted segment [24064:25088], variance=0.0420, QRS count=6
2025-10-09 11:25:48,825 [DEBUG] Accepted segment [24576:25600], variance=0.0412, QRS count=6
2025-10-09 11:25:48,827 [DEBUG] Accepted segment [25088:26112], variance=0.0412, QRS count=6
2025-10-09 11:25:48,830 [DEBUG] Accepted segment [25600:26624], variance=0.0407, QRS count=6
2025-10-09 11:25:48,832 [DEBUG] Accepted segment [26112:27136], variance=0.0394, QRS count=6
2025-10-09 11:25:48,834 [DEBUG] Accepted segment [26624:27648], variance=0.0471, QRS count=6
2025-10-09 11:25:48,837 [DEBUG] Accepted segment [27136:28160], variance=0.0493, QRS count=6
2025-10-09 11:25:48,839 [DEBUG] Accepted segment [27648:28672], variance=0.0420, QRS count=6
2025-10-09 11:25:48,841 [DEBUG] Accepted segment [28160:29184], variance=0.0394, QRS count=5
2025-10-09 11:25:48,844 [DEBUG] Accepted segment [28672:29696], variance=0.0345, QRS count=5
2025-10-09 11:25:48,846 [DEBUG] Accepted segment [29184:30208], variance=0.0353, QRS count=5
2025-10-09 11:25:48,848 [DEBUG] Accepted segment [29696:30720], variance=0.0395, QRS count=5
2025-10-09 11:25:48,851 [DEBUG] Accepted segment [30208:31232], variance=0.0400, QRS count=5
2025-10-09 11:25:48,853 [DEBUG] Accepted segment [30720:31744], variance=0.0419, QRS count=5
2025-10-09 11:25:48,855 [DEBUG] Accepted segment [31232:32256], variance=0.0425, QRS count=5
2025-10-09 11:25:48,858 [DEBUG] Accepted segment [31744:32768], variance=0.0409, QRS count=5
2025-10-09 11:25:48,860 [DEBUG] Accepted segment [32256:33280], variance=0.0398, QRS count=5
2025-10-09 11:25:48,862 [DEBUG] Accepted segment [32768:33792], variance=0.0410, QRS count=5
2025-10-09 11:25:48,865 [DEBUG] Accepted segment [33280:34304], variance=0.0416, QRS count=5
2025-10-09 11:25:48,868 [DEBUG] Accepted segment [33792:34816], variance=0.0405, QRS count=5
2025-10-09 11:25:48,870 [DEBUG] Accepted segment [34304:35328], variance=0.0395, QRS count=6
2025-10-09 11:25:48,872 [DEBUG] Accepted segment [34816:35840], variance=0.0397, QRS count=6
2025-10-09 11:25:48,875 [DEBUG] Accepted segment [35328:36352], variance=0.0419, QRS count=6
2025-10-09 11:25:48,877 [DEBUG] Accepted segment [35840:36864], variance=0.0427, QRS count=6
2025-10-09 11:25:48,879 [DEBUG] Accepted segment [36352:37376], variance=0.0419, QRS count=6
2025-10-09 11:25:48,882 [DEBUG] Accepted segment [36864:37888], variance=0.0411, QRS count=6
2025-10-09 11:25:48,884 [DEBUG] Accepted segment [37376:38400], variance=0.0402, QRS count=5
2025-10-09 11:25:48,886 [DEBUG] Accepted segment [37888:38912], variance=0.0358, QRS count=6
2025-10-09 11:25:48,889 [DEBUG] Accepted segment [38400:39424], variance=0.0363, QRS count=5
2025-10-09 11:25:48,891 [DEBUG] Accepted segment [38912:39936], variance=0.0418, QRS count=5
2025-10-09 11:25:48,894 [DEBUG] Accepted segment [39424:40448], variance=0.0436, QRS count=5
2025-10-09 11:25:48,896 [DEBUG] Accepted segment [39936:40960], variance=0.0433, QRS count=5
2025-10-09 11:25:48,900 [DEBUG] Accepted segment [40448:41472], variance=0.0420, QRS count=5
2025-10-09 11:25:48,904 [DEBUG] Accepted segment [40960:41984], variance=0.0409, QRS count=5
2025-10-09 11:25:48,907 [DEBUG] Accepted segment [41472:42496], variance=0.0399, QRS count=6
2025-10-09 11:25:48,910 [DEBUG] Accepted segment [41984:43008], variance=0.0410, QRS count=6
2025-10-09 11:25:48,914 [DEBUG] Accepted segment [42496:43520], variance=0.0423, QRS count=6
2025-10-09 11:25:48,916 [DEBUG] Accepted segment [43008:44032], variance=0.0413, QRS count=6
2025-10-09 11:25:48,919 [DEBUG] Accepted segment [43520:44544], variance=0.0393, QRS count=6
2025-10-09 11:25:48,922 [DEBUG] Accepted segment [44032:45056], variance=0.0401, QRS count=6
2025-10-09 11:25:48,925 [DEBUG] Accepted segment [44544:45568], variance=0.0421, QRS count=6
2025-10-09 11:25:48,927 [DEBUG] Accepted segment [45056:46080], variance=0.0420, QRS count=6
2025-10-09 11:25:48,930 [DEBUG] Accepted segment [45568:46592], variance=0.0406, QRS count=6
2025-10-09 11:25:48,932 [DEBUG] Accepted segment [46080:47104], variance=0.0402, QRS count=6
2025-10-09 11:25:48,935 [DEBUG] Accepted segment [46592:47616], variance=0.0409, QRS count=6
2025-10-09 11:25:48,937 [DEBUG] Accepted segment [47104:48128], variance=0.0409, QRS count=6
2025-10-09 11:25:48,939 [DEBUG] Accepted segment [47616:48640], variance=0.0406, QRS count=6
2025-10-09 11:25:48,941 [DEBUG] Accepted segment [48128:49152], variance=0.0408, QRS count=5
2025-10-09 11:25:48,943 [DEBUG] Accepted segment [48640:49664], variance=0.0422, QRS count=5
2025-10-09 11:25:48,945 [DEBUG] Accepted segment [49152:50176], variance=0.0407, QRS count=5
2025-10-09 11:25:48,948 [DEBUG] Accepted segment [49664:50688], variance=0.0342, QRS count=6
2025-10-09 11:25:48,950 [DEBUG] Accepted segment [50176:51200], variance=0.0361, QRS count=5
2025-10-09 11:25:48,953 [DEBUG] Accepted segment [50688:51712], variance=0.0422, QRS count=5
2025-10-09 11:25:48,955 [DEBUG] Accepted segment [51200:52224], variance=0.0421, QRS count=5
2025-10-09 11:25:48,957 [DEBUG] Accepted segment [51712:52736], variance=0.0413, QRS count=5
2025-10-09 11:25:48,959 [DEBUG] Accepted segment [52224:53248], variance=0.0424, QRS count=5
2025-10-09 11:25:48,962 [DEBUG] Accepted segment [52736:53760], variance=0.0428, QRS count=5
2025-10-09 11:25:48,964 [DEBUG] Accepted segment [53248:54272], variance=0.0407, QRS count=6
2025-10-09 11:25:48,966 [DEBUG] Accepted segment [53760:54784], variance=0.0401, QRS count=6
2025-10-09 11:25:48,969 [DEBUG] Accepted segment [54272:55296], variance=0.0403, QRS count=6
2025-10-09 11:25:48,971 [DEBUG] Accepted segment [54784:55808], variance=0.0409, QRS count=6
2025-10-09 11:25:48,973 [DEBUG] Accepted segment [55296:56320], variance=0.0409, QRS count=5
2025-10-09 11:25:48,976 [DEBUG] Accepted segment [55808:56832], variance=0.0340, QRS count=6
2025-10-09 11:25:48,978 [DEBUG] Accepted segment [56320:57344], variance=0.0343, QRS count=5
2025-10-09 11:25:48,980 [DEBUG] Accepted segment [56832:57856], variance=0.0403, QRS count=5
2025-10-09 11:25:48,982 [DEBUG] Accepted segment [57344:58368], variance=0.0385, QRS count=5
2025-10-09 11:25:48,985 [DEBUG] Accepted segment [57856:58880], variance=0.0381, QRS count=5
2025-10-09 11:25:48,987 [DEBUG] Accepted segment [58368:59392], variance=0.0402, QRS count=5
2025-10-09 11:25:48,989 [DEBUG] Accepted segment [58880:59904], variance=0.0411, QRS count=5
2025-10-09 11:25:48,991 [DEBUG] Accepted segment [59392:60416], variance=0.0399, QRS count=5
2025-10-09 11:25:48,994 [DEBUG] Accepted segment [59904:60928], variance=0.0400, QRS count=6
2025-10-09 11:25:48,996 [DEBUG] Accepted segment [60416:61440], variance=0.0408, QRS count=6
2025-10-09 11:25:48,999 [DEBUG] Accepted segment [60928:61952], variance=0.0404, QRS count=6
2025-10-09 11:25:49,001 [DEBUG] Accepted segment [61440:62464], variance=0.0402, QRS count=6
2025-10-09 11:25:49,003 [DEBUG] Accepted segment [61952:62976], variance=0.0393, QRS count=5
2025-10-09 11:25:49,006 [DEBUG] Accepted segment [62464:63488], variance=0.0352, QRS count=6
2025-10-09 11:25:49,008 [DEBUG] Accepted segment [62976:64000], variance=0.0403, QRS count=5
2025-10-09 11:25:49,010 [DEBUG] Accepted segment [63488:64512], variance=0.0450, QRS count=6
2025-10-09 11:25:49,012 [DEBUG] Accepted segment [64000:65024], variance=0.0414, QRS count=6
2025-10-09 11:25:49,015 [DEBUG] Accepted segment [64512:65536], variance=0.0425, QRS count=6
2025-10-09 11:25:49,017 [DEBUG] Accepted segment [65024:66048], variance=0.0414, QRS count=6
2025-10-09 11:25:49,020 [DEBUG] Accepted segment [65536:66560], variance=0.0358, QRS count=6
2025-10-09 11:25:49,022 [DEBUG] Accepted segment [66048:67072], variance=0.0355, QRS count=6
2025-10-09 11:25:49,024 [DEBUG] Accepted segment [66560:67584], variance=0.0398, QRS count=5
2025-10-09 11:25:49,028 [DEBUG] Accepted segment [67072:68096], variance=0.0410, QRS count=5
2025-10-09 11:25:49,032 [DEBUG] Accepted segment [67584:68608], variance=0.0393, QRS count=5
2025-10-09 11:25:49,035 [DEBUG] Accepted segment [68096:69120], variance=0.0400, QRS count=5
2025-10-09 11:25:49,037 [DEBUG] Accepted segment [68608:69632], variance=0.0419, QRS count=5
2025-10-09 11:25:49,039 [DEBUG] Accepted segment [69120:70144], variance=0.0409, QRS count=5
2025-10-09 11:25:49,041 [DEBUG] Accepted segment [69632:70656], variance=0.0407, QRS count=5
2025-10-09 11:25:49,044 [DEBUG] Accepted segment [70144:71168], variance=0.0428, QRS count=6
2025-10-09 11:25:49,046 [DEBUG] Accepted segment [70656:71680], variance=0.0434, QRS count=6
2025-10-09 11:25:49,048 [DEBUG] Accepted segment [71168:72192], variance=0.1024, QRS count=6
2025-10-09 11:25:49,051 [DEBUG] Accepted segment [71680:72704], variance=0.1012, QRS count=6
2025-10-09 11:25:49,053 [DEBUG] Accepted segment [72192:73216], variance=0.0421, QRS count=6
2025-10-09 11:25:49,055 [DEBUG] Accepted segment [72704:73728], variance=0.0443, QRS count=6
2025-10-09 11:25:49,057 [DEBUG] Accepted segment [73216:74240], variance=0.0363, QRS count=5
2025-10-09 11:25:49,060 [DEBUG] Accepted segment [73728:74752], variance=0.0346, QRS count=5
2025-10-09 11:25:49,062 [DEBUG] Accepted segment [74240:75264], variance=0.0419, QRS count=5
2025-10-09 11:25:49,064 [DEBUG] Accepted segment [74752:75776], variance=0.0424, QRS count=5
2025-10-09 11:25:49,067 [DEBUG] Accepted segment [75264:76288], variance=0.0417, QRS count=6
2025-10-09 11:25:49,069 [DEBUG] Accepted segment [75776:76800], variance=0.0351, QRS count=5
2025-10-09 11:25:49,071 [DEBUG] Accepted segment [76288:77312], variance=0.0362, QRS count=5
2025-10-09 11:25:49,073 [DEBUG] Accepted segment [76800:77824], variance=0.0426, QRS count=5
2025-10-09 11:25:49,076 [DEBUG] Accepted segment [77312:78336], variance=0.0413, QRS count=5
2025-10-09 11:25:49,078 [DEBUG] Accepted segment [77824:78848], variance=0.0425, QRS count=6
2025-10-09 11:25:49,080 [DEBUG] Accepted segment [78336:79360], variance=0.0376, QRS count=6
2025-10-09 11:25:49,083 [DEBUG] Accepted segment [78848:79872], variance=0.0357, QRS count=5
2025-10-09 11:25:49,085 [DEBUG] Accepted segment [79360:80384], variance=0.0419, QRS count=5
2025-10-09 11:25:49,087 [DEBUG] Accepted segment [79872:80896], variance=0.0437, QRS count=5
2025-10-09 11:25:49,090 [DEBUG] Accepted segment [80384:81408], variance=0.0438, QRS count=6
2025-10-09 11:25:49,092 [DEBUG] Accepted segment [80896:81920], variance=0.0365, QRS count=5
2025-10-09 11:25:49,094 [DEBUG] Accepted segment [81408:82432], variance=0.0377, QRS count=5
2025-10-09 11:25:49,096 [DEBUG] Accepted segment [81920:82944], variance=0.0453, QRS count=5
2025-10-09 11:25:49,099 [DEBUG] Accepted segment [82432:83456], variance=0.0444, QRS count=5
2025-10-09 11:25:49,101 [DEBUG] Accepted segment [82944:83968], variance=0.0439, QRS count=6
2025-10-09 11:25:49,103 [DEBUG] Accepted segment [83456:84480], variance=0.0381, QRS count=6
2025-10-09 11:25:49,105 [DEBUG] Accepted segment [83968:84992], variance=0.0375, QRS count=5
2025-10-09 11:25:49,108 [DEBUG] Accepted segment [84480:85504], variance=0.0438, QRS count=5
2025-10-09 11:25:49,110 [DEBUG] Accepted segment [84992:86016], variance=0.0450, QRS count=5
2025-10-09 11:25:49,112 [DEBUG] Accepted segment [85504:86528], variance=0.0438, QRS count=6
2025-10-09 11:25:49,115 [DEBUG] Accepted segment [86016:87040], variance=0.0395, QRS count=6
2025-10-09 11:25:49,117 [DEBUG] Accepted segment [86528:87552], variance=0.0371, QRS count=6
2025-10-09 11:25:49,119 [DEBUG] Accepted segment [87040:88064], variance=0.0333, QRS count=5
2025-10-09 11:25:49,122 [DEBUG] Accepted segment [87552:88576], variance=0.0367, QRS count=5
2025-10-09 11:25:49,126 [DEBUG] Accepted segment [88064:89088], variance=0.0441, QRS count=6
2025-10-09 11:25:49,129 [DEBUG] Accepted segment [88576:89600], variance=0.0408, QRS count=5
2025-10-09 11:25:49,132 [DEBUG] Accepted segment [89088:90112], variance=0.0355, QRS count=5
2025-10-09 11:25:49,134 [DEBUG] Accepted segment [89600:90624], variance=0.0369, QRS count=5
2025-10-09 11:25:49,136 [DEBUG] Accepted segment [90112:91136], variance=0.0406, QRS count=5
2025-10-09 11:25:49,139 [DEBUG] Accepted segment [90624:91648], variance=0.0398, QRS count=5
2025-10-09 11:25:49,141 [DEBUG] Accepted segment [91136:92160], variance=0.0410, QRS count=5
2025-10-09 11:25:49,143 [DEBUG] Accepted segment [91648:92672], variance=0.0432, QRS count=5
2025-10-09 11:25:49,145 [DEBUG] Accepted segment [92160:93184], variance=0.0428, QRS count=6
2025-10-09 11:25:49,148 [DEBUG] Accepted segment [92672:93696], variance=0.1231, QRS count=6
2025-10-09 11:25:49,150 [DEBUG] Accepted segment [93184:94208], variance=0.1247, QRS count=6
2025-10-09 11:25:49,152 [DEBUG] Accepted segment [93696:94720], variance=0.0461, QRS count=6
2025-10-09 11:25:49,155 [DEBUG] Accepted segment [94208:95232], variance=0.0474, QRS count=6
2025-10-09 11:25:49,157 [DEBUG] Accepted segment [94720:95744], variance=0.0470, QRS count=6
2025-10-09 11:25:49,159 [DEBUG] Accepted segment [95232:96256], variance=0.0389, QRS count=5
2025-10-09 11:25:49,162 [DEBUG] Accepted segment [95744:96768], variance=0.0370, QRS count=5
2025-10-09 11:25:49,164 [DEBUG] Accepted segment [96256:97280], variance=0.0435, QRS count=5
2025-10-09 11:25:49,166 [DEBUG] Accepted segment [96768:97792], variance=0.0446, QRS count=6
2025-10-09 11:25:49,169 [DEBUG] Accepted segment [97280:98304], variance=0.0436, QRS count=5
2025-10-09 11:25:49,172 [DEBUG] Accepted segment [97792:98816], variance=0.0419, QRS count=5
2025-10-09 11:25:49,174 [DEBUG] Accepted segment [98304:99328], variance=0.0424, QRS count=5
2025-10-09 11:25:49,176 [DEBUG] Accepted segment [98816:99840], variance=0.0469, QRS count=5
2025-10-09 11:25:49,179 [DEBUG] Accepted segment [99328:100352], variance=0.0437, QRS count=5
2025-10-09 11:25:49,181 [DEBUG] Accepted segment [99840:100864], variance=0.0338, QRS count=6
2025-10-09 11:25:49,183 [DEBUG] Accepted segment [100352:101376], variance=0.0349, QRS count=6
2025-10-09 11:25:49,187 [DEBUG] Accepted segment [100864:101888], variance=0.0390, QRS count=5
2025-10-09 11:25:49,191 [DEBUG] Accepted segment [101376:102400], variance=0.0407, QRS count=5
2025-10-09 11:25:49,194 [DEBUG] Accepted segment [101888:102912], variance=0.0429, QRS count=5
2025-10-09 11:25:49,197 [DEBUG] Accepted segment [102400:103424], variance=0.0422, QRS count=5
2025-10-09 11:25:49,200 [DEBUG] Accepted segment [102912:103936], variance=0.0401, QRS count=6
2025-10-09 11:25:49,203 [DEBUG] Accepted segment [103424:104448], variance=0.0405, QRS count=6
2025-10-09 11:25:49,205 [DEBUG] Accepted segment [103936:104960], variance=0.0415, QRS count=6
2025-10-09 11:25:49,208 [DEBUG] Accepted segment [104448:105472], variance=0.0408, QRS count=6
2025-10-09 11:25:49,210 [DEBUG] Accepted segment [104960:105984], variance=0.0404, QRS count=6
2025-10-09 11:25:49,210 [DEBUG] Skipping segment [105472:106496] due to overlap with noise [106400:107000]
2025-10-09 11:25:49,210 [DEBUG] Skipping segment [105984:107008] due to overlap with noise [106400:107000]
2025-10-09 11:25:49,210 [DEBUG] Skipping segment [106496:107520] due to overlap with noise [106400:107000]
2025-10-09 11:25:49,213 [DEBUG] Accepted segment [107008:108032], variance=0.0702, QRS count=6
2025-10-09 11:25:49,215 [DEBUG] Accepted segment [107520:108544], variance=0.0616, QRS count=6
2025-10-09 11:25:49,217 [DEBUG] Accepted segment [108032:109056], variance=0.0688, QRS count=7
2025-10-09 11:25:49,220 [DEBUG] Accepted segment [108544:109568], variance=0.0644, QRS count=6
2025-10-09 11:25:49,222 [DEBUG] Accepted segment [109056:110080], variance=0.0488, QRS count=6
2025-10-09 11:25:49,224 [DEBUG] Accepted segment [109568:110592], variance=0.0477, QRS count=6
2025-10-09 11:25:49,226 [DEBUG] Accepted segment [110080:111104], variance=0.0440, QRS count=6
2025-10-09 11:25:49,228 [DEBUG] Accepted segment [110592:111616], variance=0.0451, QRS count=7
2025-10-09 11:25:49,231 [DEBUG] Accepted segment [111104:112128], variance=0.0552, QRS count=6
2025-10-09 11:25:49,234 [DEBUG] Accepted segment [111616:112640], variance=0.0556, QRS count=6
2025-10-09 11:25:49,237 [DEBUG] Accepted segment [112128:113152], variance=0.0543, QRS count=6
2025-10-09 11:25:49,240 [DEBUG] Accepted segment [112640:113664], variance=0.0555, QRS count=6
2025-10-09 11:25:49,243 [DEBUG] Accepted segment [113152:114176], variance=0.0560, QRS count=5
2025-10-09 11:25:49,245 [DEBUG] Accepted segment [113664:114688], variance=0.0558, QRS count=5
2025-10-09 11:25:49,248 [DEBUG] Accepted segment [114176:115200], variance=0.0667, QRS count=5
2025-10-09 11:25:49,251 [DEBUG] Accepted segment [114688:115712], variance=0.0741, QRS count=6
2025-10-09 11:25:49,253 [DEBUG] Accepted segment [115200:116224], variance=0.0637, QRS count=6
2025-10-09 11:25:49,255 [DEBUG] Accepted segment [115712:116736], variance=0.0559, QRS count=6
2025-10-09 11:25:49,258 [DEBUG] Accepted segment [116224:117248], variance=0.0528, QRS count=6
2025-10-09 11:25:49,260 [DEBUG] Accepted segment [116736:117760], variance=0.0522, QRS count=5
2025-10-09 11:25:49,262 [DEBUG] Accepted segment [117248:118272], variance=0.0472, QRS count=6
2025-10-09 11:25:49,264 [DEBUG] Accepted segment [117760:118784], variance=0.0471, QRS count=5
2025-10-09 11:25:49,267 [DEBUG] Accepted segment [118272:119296], variance=0.0569, QRS count=5
2025-10-09 11:25:49,269 [DEBUG] Accepted segment [118784:119808], variance=0.0603, QRS count=5
2025-10-09 11:25:49,271 [DEBUG] Accepted segment [119296:120320], variance=0.0607, QRS count=5
2025-10-09 11:25:49,274 [DEBUG] Accepted segment [119808:120832], variance=0.0601, QRS count=6
2025-10-09 11:25:49,276 [DEBUG] Accepted segment [120320:121344], variance=0.0600, QRS count=6
2025-10-09 11:25:49,278 [DEBUG] Accepted segment [120832:121856], variance=0.0599, QRS count=6
2025-10-09 11:25:49,282 [DEBUG] Accepted segment [121344:122368], variance=0.0489, QRS count=5
2025-10-09 11:25:49,285 [DEBUG] Accepted segment [121856:122880], variance=0.0471, QRS count=5
2025-10-09 11:25:49,288 [DEBUG] Accepted segment [122368:123392], variance=0.0592, QRS count=5
2025-10-09 11:25:49,291 [DEBUG] Accepted segment [122880:123904], variance=0.0606, QRS count=5
2025-10-09 11:25:49,293 [DEBUG] Accepted segment [123392:124416], variance=0.0582, QRS count=5
2025-10-09 11:25:49,296 [DEBUG] Accepted segment [123904:124928], variance=0.0582, QRS count=6
2025-10-09 11:25:49,298 [DEBUG] Accepted segment [124416:125440], variance=0.0592, QRS count=6
2025-10-09 11:25:49,300 [DEBUG] Accepted segment [124928:125952], variance=0.0585, QRS count=5
2025-10-09 11:25:49,303 [DEBUG] Accepted segment [125440:126464], variance=0.0485, QRS count=5
2025-10-09 11:25:49,305 [DEBUG] Accepted segment [125952:126976], variance=0.0503, QRS count=5
2025-10-09 11:25:49,307 [DEBUG] Accepted segment [126464:127488], variance=0.0614, QRS count=5
2025-10-09 11:25:49,309 [DEBUG] Accepted segment [126976:128000], variance=0.0608, QRS count=5
2025-10-09 11:25:49,309 [INFO] Segmented signal of length 128000 into 246 valid segments
2025-10-09 11:25:49,623 [DEBUG] Accepted segment [0:1024], variance=0.0485, QRS count=5
2025-10-09 11:25:49,626 [DEBUG] Accepted segment [512:1536], variance=0.0603, QRS count=5
2025-10-09 11:25:49,628 [DEBUG] Accepted segment [1024:2048], variance=0.0717, QRS count=5
2025-10-09 11:25:49,630 [DEBUG] Accepted segment [1536:2560], variance=0.0797, QRS count=6
2025-10-09 11:25:49,632 [DEBUG] Accepted segment [2048:3072], variance=0.0709, QRS count=6
2025-10-09 11:25:49,635 [DEBUG] Accepted segment [2560:3584], variance=0.0522, QRS count=5
2025-10-09 11:25:49,637 [DEBUG] Accepted segment [3072:4096], variance=0.0484, QRS count=5
2025-10-09 11:25:49,639 [DEBUG] Accepted segment [3584:4608], variance=0.0533, QRS count=5
2025-10-09 11:25:49,642 [DEBUG] Accepted segment [4096:5120], variance=0.0519, QRS count=6
2025-10-09 11:25:49,644 [DEBUG] Accepted segment [4608:5632], variance=0.0539, QRS count=6
2025-10-09 11:25:49,646 [DEBUG] Accepted segment [5120:6144], variance=0.0559, QRS count=5
2025-10-09 11:25:49,649 [DEBUG] Accepted segment [5632:6656], variance=0.0539, QRS count=5
2025-10-09 11:25:49,651 [DEBUG] Accepted segment [6144:7168], variance=0.0528, QRS count=5
2025-10-09 11:25:49,654 [DEBUG] Accepted segment [6656:7680], variance=0.0470, QRS count=5
2025-10-09 11:25:49,656 [DEBUG] Accepted segment [7168:8192], variance=0.0480, QRS count=5
2025-10-09 11:25:49,658 [DEBUG] Accepted segment [7680:8704], variance=0.0566, QRS count=5
2025-10-09 11:25:49,661 [DEBUG] Accepted segment [8192:9216], variance=0.0601, QRS count=5
2025-10-09 11:25:49,663 [DEBUG] Accepted segment [8704:9728], variance=0.0621, QRS count=6
2025-10-09 11:25:49,665 [DEBUG] Accepted segment [9216:10240], variance=0.0520, QRS count=5
2025-10-09 11:25:49,668 [DEBUG] Accepted segment [9728:10752], variance=0.0495, QRS count=5
2025-10-09 11:25:49,670 [DEBUG] Accepted segment [10240:11264], variance=0.0569, QRS count=5
2025-10-09 11:25:49,672 [DEBUG] Accepted segment [10752:11776], variance=0.0581, QRS count=5
2025-10-09 11:25:49,675 [DEBUG] Accepted segment [11264:12288], variance=0.0586, QRS count=6
2025-10-09 11:25:49,677 [DEBUG] Accepted segment [11776:12800], variance=0.0491, QRS count=6
2025-10-09 11:25:49,679 [DEBUG] Accepted segment [12288:13312], variance=0.0499, QRS count=5
2025-10-09 11:25:49,682 [DEBUG] Accepted segment [12800:13824], variance=0.0607, QRS count=5
2025-10-09 11:25:49,684 [DEBUG] Accepted segment [13312:14336], variance=0.0595, QRS count=5
2025-10-09 11:25:49,686 [DEBUG] Accepted segment [13824:14848], variance=0.0566, QRS count=6
2025-10-09 11:25:49,689 [DEBUG] Accepted segment [14336:15360], variance=0.0585, QRS count=6
2025-10-09 11:25:49,691 [DEBUG] Accepted segment [14848:15872], variance=0.0575, QRS count=6
2025-10-09 11:25:49,694 [DEBUG] Accepted segment [15360:16384], variance=0.0520, QRS count=5
2025-10-09 11:25:49,697 [DEBUG] Accepted segment [15872:16896], variance=0.0511, QRS count=5
2025-10-09 11:25:49,700 [DEBUG] Accepted segment [16384:17408], variance=0.0506, QRS count=5
2025-10-09 11:25:49,702 [DEBUG] Accepted segment [16896:17920], variance=0.0476, QRS count=5
2025-10-09 11:25:49,705 [DEBUG] Accepted segment [17408:18432], variance=0.0447, QRS count=5
2025-10-09 11:25:49,707 [DEBUG] Accepted segment [17920:18944], variance=0.0474, QRS count=6
2025-10-09 11:25:49,709 [DEBUG] Accepted segment [18432:19456], variance=0.0513, QRS count=6
2025-10-09 11:25:49,712 [DEBUG] Accepted segment [18944:19968], variance=0.0520, QRS count=5
2025-10-09 11:25:49,714 [DEBUG] Accepted segment [19456:20480], variance=0.0518, QRS count=5
2025-10-09 11:25:49,717 [DEBUG] Accepted segment [19968:20992], variance=0.0535, QRS count=5
2025-10-09 11:25:49,719 [DEBUG] Accepted segment [20480:21504], variance=0.0570, QRS count=5
2025-10-09 11:25:49,721 [DEBUG] Accepted segment [20992:22016], variance=0.0584, QRS count=5
2025-10-09 11:25:49,724 [DEBUG] Accepted segment [21504:22528], variance=0.0589, QRS count=5
2025-10-09 11:25:49,726 [DEBUG] Accepted segment [22016:23040], variance=0.0598, QRS count=6
2025-10-09 11:25:49,729 [DEBUG] Accepted segment [22528:23552], variance=0.0604, QRS count=6
2025-10-09 11:25:49,731 [DEBUG] Accepted segment [23040:24064], variance=0.0594, QRS count=5
2025-10-09 11:25:49,733 [DEBUG] Accepted segment [23552:24576], variance=0.0598, QRS count=6
2025-10-09 11:25:49,736 [DEBUG] Accepted segment [24064:25088], variance=0.0620, QRS count=6
2025-10-09 11:25:49,738 [DEBUG] Accepted segment [24576:25600], variance=0.1251, QRS count=6
2025-10-09 11:25:49,740 [DEBUG] Accepted segment [25088:26112], variance=0.1270, QRS count=6
2025-10-09 11:25:49,743 [DEBUG] Accepted segment [25600:26624], variance=0.0756, QRS count=6
2025-10-09 11:25:49,745 [DEBUG] Accepted segment [26112:27136], variance=0.0709, QRS count=6
2025-10-09 11:25:49,748 [DEBUG] Accepted segment [26624:27648], variance=0.0589, QRS count=6
2025-10-09 11:25:49,750 [DEBUG] Accepted segment [27136:28160], variance=0.0584, QRS count=6
2025-10-09 11:25:49,752 [DEBUG] Accepted segment [27648:28672], variance=0.0565, QRS count=6
2025-10-09 11:25:49,755 [DEBUG] Accepted segment [28160:29184], variance=0.0559, QRS count=6
2025-10-09 11:25:49,757 [DEBUG] Accepted segment [28672:29696], variance=0.0563, QRS count=6
2025-10-09 11:25:49,760 [DEBUG] Accepted segment [29184:30208], variance=0.0540, QRS count=6
2025-10-09 11:25:49,764 [DEBUG] Accepted segment [29696:30720], variance=0.0480, QRS count=6
2025-10-09 11:25:49,767 [DEBUG] Accepted segment [30208:31232], variance=0.0466, QRS count=5
2025-10-09 11:25:49,769 [DEBUG] Accepted segment [30720:31744], variance=0.0484, QRS count=5
2025-10-09 11:25:49,772 [DEBUG] Accepted segment [31232:32256], variance=0.0523, QRS count=6
2025-10-09 11:25:49,775 [DEBUG] Accepted segment [31744:32768], variance=0.0579, QRS count=6
2025-10-09 11:25:49,778 [DEBUG] Accepted segment [32256:33280], variance=0.0605, QRS count=5
2025-10-09 11:25:49,780 [DEBUG] Accepted segment [32768:33792], variance=0.0593, QRS count=5
2025-10-09 11:25:49,783 [DEBUG] Accepted segment [33280:34304], variance=0.0577, QRS count=5
2025-10-09 11:25:49,785 [DEBUG] Accepted segment [33792:34816], variance=0.0579, QRS count=6
2025-10-09 11:25:49,788 [DEBUG] Accepted segment [34304:35328], variance=0.0569, QRS count=6
2025-10-09 11:25:49,790 [DEBUG] Accepted segment [34816:35840], variance=0.0569, QRS count=6
2025-10-09 11:25:49,793 [DEBUG] Accepted segment [35328:36352], variance=0.0586, QRS count=6
2025-10-09 11:25:49,795 [DEBUG] Accepted segment [35840:36864], variance=0.0496, QRS count=6
2025-10-09 11:25:49,798 [DEBUG] Accepted segment [36352:37376], variance=0.0498, QRS count=5
2025-10-09 11:25:49,800 [DEBUG] Accepted segment [36864:37888], variance=0.0598, QRS count=5
2025-10-09 11:25:49,803 [DEBUG] Accepted segment [37376:38400], variance=0.0608, QRS count=5
2025-10-09 11:25:49,805 [DEBUG] Accepted segment [37888:38912], variance=0.0619, QRS count=5
2025-10-09 11:25:49,808 [DEBUG] Accepted segment [38400:39424], variance=0.0603, QRS count=6
2025-10-09 11:25:49,810 [DEBUG] Accepted segment [38912:39936], variance=0.0589, QRS count=6
2025-10-09 11:25:49,813 [DEBUG] Accepted segment [39424:40448], variance=0.0607, QRS count=6
2025-10-09 11:25:49,815 [DEBUG] Accepted segment [39936:40960], variance=0.0523, QRS count=6
2025-10-09 11:25:49,817 [DEBUG] Accepted segment [40448:41472], variance=0.0519, QRS count=5
2025-10-09 11:25:49,820 [DEBUG] Accepted segment [40960:41984], variance=0.0605, QRS count=5
2025-10-09 11:25:49,823 [DEBUG] Accepted segment [41472:42496], variance=0.0594, QRS count=5
2025-10-09 11:25:49,825 [DEBUG] Accepted segment [41984:43008], variance=0.0573, QRS count=6
2025-10-09 11:25:49,828 [DEBUG] Accepted segment [42496:43520], variance=0.0570, QRS count=6
2025-10-09 11:25:49,830 [DEBUG] Accepted segment [43008:44032], variance=0.0501, QRS count=5
2025-10-09 11:25:49,832 [DEBUG] Accepted segment [43520:44544], variance=0.0484, QRS count=5
2025-10-09 11:25:49,835 [DEBUG] Accepted segment [44032:45056], variance=0.0558, QRS count=5
2025-10-09 11:25:49,837 [DEBUG] Accepted segment [44544:45568], variance=0.0570, QRS count=5
2025-10-09 11:25:49,840 [DEBUG] Accepted segment [45056:46080], variance=0.0533, QRS count=5
2025-10-09 11:25:49,842 [DEBUG] Accepted segment [45568:46592], variance=0.0483, QRS count=6
2025-10-09 11:25:49,845 [DEBUG] Accepted segment [46080:47104], variance=0.0507, QRS count=6
2025-10-09 11:25:49,847 [DEBUG] Accepted segment [46592:47616], variance=0.0576, QRS count=6
2025-10-09 11:25:49,850 [DEBUG] Accepted segment [47104:48128], variance=0.0606, QRS count=6
2025-10-09 11:25:49,852 [DEBUG] Accepted segment [47616:48640], variance=0.0595, QRS count=6
2025-10-09 11:25:49,855 [DEBUG] Accepted segment [48128:49152], variance=0.0510, QRS count=6
2025-10-09 11:25:49,857 [DEBUG] Accepted segment [48640:49664], variance=0.0516, QRS count=5
2025-10-09 11:25:49,859 [DEBUG] Accepted segment [49152:50176], variance=0.0585, QRS count=5
2025-10-09 11:25:49,862 [DEBUG] Accepted segment [49664:50688], variance=0.0584, QRS count=5
2025-10-09 11:25:49,864 [DEBUG] Accepted segment [50176:51200], variance=0.0589, QRS count=6
2025-10-09 11:25:49,866 [DEBUG] Accepted segment [50688:51712], variance=0.0584, QRS count=6
2025-10-09 11:25:49,869 [DEBUG] Accepted segment [51200:52224], variance=0.0501, QRS count=5
2025-10-09 11:25:49,872 [DEBUG] Accepted segment [51712:52736], variance=0.0509, QRS count=5
2025-10-09 11:25:49,874 [DEBUG] Accepted segment [52224:53248], variance=0.0593, QRS count=5
2025-10-09 11:25:49,876 [DEBUG] Accepted segment [52736:53760], variance=0.0583, QRS count=6
2025-10-09 11:25:49,879 [DEBUG] Accepted segment [53248:54272], variance=0.0595, QRS count=5
2025-10-09 11:25:49,881 [DEBUG] Accepted segment [53760:54784], variance=0.0531, QRS count=5
2025-10-09 11:25:49,884 [DEBUG] Accepted segment [54272:55296], variance=0.0531, QRS count=5
2025-10-09 11:25:49,886 [DEBUG] Accepted segment [54784:55808], variance=0.0593, QRS count=5
2025-10-09 11:25:49,889 [DEBUG] Accepted segment [55296:56320], variance=0.0602, QRS count=5
2025-10-09 11:25:49,891 [DEBUG] Accepted segment [55808:56832], variance=0.0621, QRS count=5
2025-10-09 11:25:49,894 [DEBUG] Accepted segment [56320:57344], variance=0.0596, QRS count=5
2025-10-09 11:25:49,896 [DEBUG] Accepted segment [56832:57856], variance=0.0563, QRS count=6
2025-10-09 11:25:49,899 [DEBUG] Accepted segment [57344:58368], variance=0.0567, QRS count=6
2025-10-09 11:25:49,902 [DEBUG] Accepted segment [57856:58880], variance=0.0583, QRS count=5
2025-10-09 11:25:49,905 [DEBUG] Accepted segment [58368:59392], variance=0.0492, QRS count=5
2025-10-09 11:25:49,909 [DEBUG] Accepted segment [58880:59904], variance=0.0492, QRS count=5
2025-10-09 11:25:49,912 [DEBUG] Accepted segment [59392:60416], variance=0.0592, QRS count=5
2025-10-09 11:25:49,916 [DEBUG] Accepted segment [59904:60928], variance=0.0586, QRS count=5
2025-10-09 11:25:49,919 [DEBUG] Accepted segment [60416:61440], variance=0.0579, QRS count=6
2025-10-09 11:25:49,922 [DEBUG] Accepted segment [60928:61952], variance=0.0584, QRS count=6
2025-10-09 11:25:49,925 [DEBUG] Accepted segment [61440:62464], variance=0.0588, QRS count=5
2025-10-09 11:25:49,927 [DEBUG] Accepted segment [61952:62976], variance=0.0565, QRS count=5
2025-10-09 11:25:49,930 [DEBUG] Accepted segment [62464:63488], variance=0.0485, QRS count=6
2025-10-09 11:25:49,933 [DEBUG] Accepted segment [62976:64000], variance=0.0508, QRS count=5
2025-10-09 11:25:49,935 [DEBUG] Accepted segment [63488:64512], variance=0.0608, QRS count=5
2025-10-09 11:25:49,938 [DEBUG] Accepted segment [64000:65024], variance=0.0619, QRS count=5
2025-10-09 11:25:49,941 [DEBUG] Accepted segment [64512:65536], variance=0.0587, QRS count=5
2025-10-09 11:25:49,946 [DEBUG] Accepted segment [65024:66048], variance=0.0603, QRS count=5
2025-10-09 11:25:49,949 [DEBUG] Accepted segment [65536:66560], variance=0.0623, QRS count=5
2025-10-09 11:25:49,951 [DEBUG] Accepted segment [66048:67072], variance=0.0612, QRS count=5
2025-10-09 11:25:49,954 [DEBUG] Accepted segment [66560:67584], variance=0.0614, QRS count=6
2025-10-09 11:25:49,957 [DEBUG] Accepted segment [67072:68096], variance=0.0627, QRS count=6
2025-10-09 11:25:49,959 [DEBUG] Accepted segment [67584:68608], variance=0.0535, QRS count=5
2025-10-09 11:25:49,961 [DEBUG] Accepted segment [68096:69120], variance=0.0529, QRS count=5
2025-10-09 11:25:49,964 [DEBUG] Accepted segment [68608:69632], variance=0.0620, QRS count=5
2025-10-09 11:25:49,966 [DEBUG] Accepted segment [69120:70144], variance=0.0512, QRS count=6
2025-10-09 11:25:49,969 [DEBUG] Accepted segment [69632:70656], variance=0.0508, QRS count=5
2025-10-09 11:25:49,971 [DEBUG] Accepted segment [70144:71168], variance=0.0623, QRS count=5
2025-10-09 11:25:49,974 [DEBUG] Accepted segment [70656:71680], variance=0.0649, QRS count=5
2025-10-09 11:25:49,977 [DEBUG] Accepted segment [71168:72192], variance=0.0649, QRS count=6
2025-10-09 11:25:49,979 [DEBUG] Accepted segment [71680:72704], variance=0.0643, QRS count=6
2025-10-09 11:25:49,982 [DEBUG] Accepted segment [72192:73216], variance=0.0546, QRS count=6
2025-10-09 11:25:49,984 [DEBUG] Accepted segment [72704:73728], variance=0.0550, QRS count=5
2025-10-09 11:25:49,987 [DEBUG] Accepted segment [73216:74240], variance=0.0646, QRS count=5
2025-10-09 11:25:49,989 [DEBUG] Accepted segment [73728:74752], variance=0.0630, QRS count=5
2025-10-09 11:25:49,991 [DEBUG] Accepted segment [74240:75264], variance=0.0623, QRS count=6
2025-10-09 11:25:49,994 [DEBUG] Accepted segment [74752:75776], variance=0.0621, QRS count=6
2025-10-09 11:25:49,996 [DEBUG] Accepted segment [75264:76288], variance=0.0509, QRS count=6
2025-10-09 11:25:49,999 [DEBUG] Accepted segment [75776:76800], variance=0.0518, QRS count=5
2025-10-09 11:25:50,001 [DEBUG] Accepted segment [76288:77312], variance=0.0641, QRS count=5
2025-10-09 11:25:50,004 [DEBUG] Accepted segment [76800:77824], variance=0.0659, QRS count=5
2025-10-09 11:25:50,006 [DEBUG] Accepted segment [77312:78336], variance=0.0647, QRS count=6
2025-10-09 11:25:50,008 [DEBUG] Accepted segment [77824:78848], variance=0.0543, QRS count=5
2025-10-09 11:25:50,011 [DEBUG] Accepted segment [78336:79360], variance=0.0534, QRS count=5
2025-10-09 11:25:50,013 [DEBUG] Accepted segment [78848:79872], variance=0.0600, QRS count=5
2025-10-09 11:25:50,016 [DEBUG] Accepted segment [79360:80384], variance=0.0605, QRS count=6
2025-10-09 11:25:50,018 [DEBUG] Accepted segment [79872:80896], variance=0.0530, QRS count=5
2025-10-09 11:25:50,020 [DEBUG] Accepted segment [80384:81408], variance=0.0525, QRS count=5
2025-10-09 11:25:50,023 [DEBUG] Accepted segment [80896:81920], variance=0.0614, QRS count=5
2025-10-09 11:25:50,025 [DEBUG] Accepted segment [81408:82432], variance=0.0623, QRS count=6
2025-10-09 11:25:50,028 [DEBUG] Accepted segment [81920:82944], variance=0.0606, QRS count=5
2025-10-09 11:25:50,030 [DEBUG] Accepted segment [82432:83456], variance=0.0508, QRS count=5
2025-10-09 11:25:50,033 [DEBUG] Accepted segment [82944:83968], variance=0.0525, QRS count=5
2025-10-09 11:25:50,035 [DEBUG] Accepted segment [83456:84480], variance=0.0618, QRS count=5
2025-10-09 11:25:50,037 [DEBUG] Accepted segment [83968:84992], variance=0.0601, QRS count=5
2025-10-09 11:25:50,040 [DEBUG] Accepted segment [84480:85504], variance=0.0589, QRS count=5
2025-10-09 11:25:50,042 [DEBUG] Accepted segment [84992:86016], variance=0.0579, QRS count=6
2025-10-09 11:25:50,044 [DEBUG] Accepted segment [85504:86528], variance=0.0604, QRS count=6
2025-10-09 11:25:50,047 [DEBUG] Accepted segment [86016:87040], variance=0.0538, QRS count=5
2025-10-09 11:25:50,049 [DEBUG] Accepted segment [86528:87552], variance=0.0515, QRS count=5
2025-10-09 11:25:50,051 [DEBUG] Accepted segment [87040:88064], variance=0.0609, QRS count=5
2025-10-09 11:25:50,054 [DEBUG] Accepted segment [87552:88576], variance=0.0617, QRS count=5
2025-10-09 11:25:50,056 [DEBUG] Accepted segment [88064:89088], variance=0.0498, QRS count=5
2025-10-09 11:25:50,058 [DEBUG] Accepted segment [88576:89600], variance=0.0489, QRS count=5
2025-10-09 11:25:50,061 [DEBUG] Accepted segment [89088:90112], variance=0.0603, QRS count=5
2025-10-09 11:25:50,063 [DEBUG] Accepted segment [89600:90624], variance=0.0612, QRS count=6
2025-10-09 11:25:50,065 [DEBUG] Accepted segment [90112:91136], variance=0.0612, QRS count=6
2025-10-09 11:25:50,068 [DEBUG] Accepted segment [90624:91648], variance=0.0535, QRS count=5
2025-10-09 11:25:50,070 [DEBUG] Accepted segment [91136:92160], variance=0.0552, QRS count=5
2025-10-09 11:25:50,072 [DEBUG] Accepted segment [91648:92672], variance=0.0635, QRS count=5
2025-10-09 11:25:50,075 [DEBUG] Accepted segment [92160:93184], variance=0.0609, QRS count=5
2025-10-09 11:25:50,077 [DEBUG] Accepted segment [92672:93696], variance=0.0534, QRS count=6
2025-10-09 11:25:50,080 [DEBUG] Accepted segment [93184:94208], variance=0.0553, QRS count=5
2025-10-09 11:25:50,082 [DEBUG] Accepted segment [93696:94720], variance=0.0625, QRS count=5
2025-10-09 11:25:50,084 [DEBUG] Accepted segment [94208:95232], variance=0.0619, QRS count=5
2025-10-09 11:25:50,087 [DEBUG] Accepted segment [94720:95744], variance=0.0629, QRS count=6
2025-10-09 11:25:50,089 [DEBUG] Accepted segment [95232:96256], variance=0.0528, QRS count=5
2025-10-09 11:25:50,092 [DEBUG] Accepted segment [95744:96768], variance=0.0525, QRS count=5
2025-10-09 11:25:50,094 [DEBUG] Accepted segment [96256:97280], variance=0.0625, QRS count=5
2025-10-09 11:25:50,096 [DEBUG] Accepted segment [96768:97792], variance=0.0602, QRS count=6
2025-10-09 11:25:50,099 [DEBUG] Accepted segment [97280:98304], variance=0.0574, QRS count=6
2025-10-09 11:25:50,101 [DEBUG] Accepted segment [97792:98816], variance=0.0569, QRS count=6
2025-10-09 11:25:50,104 [DEBUG] Accepted segment [98304:99328], variance=0.0501, QRS count=6
2025-10-09 11:25:50,106 [DEBUG] Accepted segment [98816:99840], variance=0.0510, QRS count=5
2025-10-09 11:25:50,108 [DEBUG] Accepted segment [99328:100352], variance=0.0579, QRS count=5
2025-10-09 11:25:50,111 [DEBUG] Accepted segment [99840:100864], variance=0.0583, QRS count=5
2025-10-09 11:25:50,113 [DEBUG] Accepted segment [100352:101376], variance=0.0604, QRS count=5
2025-10-09 11:25:50,115 [DEBUG] Accepted segment [100864:101888], variance=0.0593, QRS count=6
2025-10-09 11:25:50,118 [DEBUG] Accepted segment [101376:102400], variance=0.0568, QRS count=6
2025-10-09 11:25:50,120 [DEBUG] Accepted segment [101888:102912], variance=0.0552, QRS count=6
2025-10-09 11:25:50,122 [DEBUG] Accepted segment [102400:103424], variance=0.0554, QRS count=6
2025-10-09 11:25:50,125 [DEBUG] Accepted segment [102912:103936], variance=0.0574, QRS count=6
2025-10-09 11:25:50,127 [DEBUG] Accepted segment [103424:104448], variance=0.0576, QRS count=5
2025-10-09 11:25:50,129 [DEBUG] Accepted segment [103936:104960], variance=0.0472, QRS count=6
2025-10-09 11:25:50,132 [DEBUG] Accepted segment [104448:105472], variance=0.0462, QRS count=5
2025-10-09 11:25:50,134 [DEBUG] Accepted segment [104960:105984], variance=0.0554, QRS count=5
2025-10-09 11:25:50,136 [DEBUG] Accepted segment [105472:106496], variance=0.0562, QRS count=5
2025-10-09 11:25:50,140 [DEBUG] Accepted segment [105984:107008], variance=0.0543, QRS count=5
2025-10-09 11:25:50,143 [DEBUG] Accepted segment [106496:107520], variance=0.0518, QRS count=5
2025-10-09 11:25:50,146 [DEBUG] Accepted segment [107008:108032], variance=0.0523, QRS count=5
2025-10-09 11:25:50,149 [DEBUG] Accepted segment [107520:108544], variance=0.0539, QRS count=5
2025-10-09 11:25:50,151 [DEBUG] Accepted segment [108032:109056], variance=0.0543, QRS count=5
2025-10-09 11:25:50,154 [DEBUG] Accepted segment [108544:109568], variance=0.0531, QRS count=6
2025-10-09 11:25:50,156 [DEBUG] Accepted segment [109056:110080], variance=0.0515, QRS count=6
2025-10-09 11:25:50,158 [DEBUG] Accepted segment [109568:110592], variance=0.0521, QRS count=6
2025-10-09 11:25:50,160 [DEBUG] Accepted segment [110080:111104], variance=0.1279, QRS count=6
2025-10-09 11:25:50,163 [DEBUG] Accepted segment [110592:111616], variance=0.1293, QRS count=5
2025-10-09 11:25:50,165 [DEBUG] Accepted segment [111104:112128], variance=0.0552, QRS count=6
2025-10-09 11:25:50,167 [DEBUG] Accepted segment [111616:112640], variance=0.0537, QRS count=6
2025-10-09 11:25:50,170 [DEBUG] Accepted segment [112128:113152], variance=0.0532, QRS count=6
2025-10-09 11:25:50,172 [DEBUG] Accepted segment [112640:113664], variance=0.0558, QRS count=6
2025-10-09 11:25:50,175 [DEBUG] Accepted segment [113152:114176], variance=0.0582, QRS count=5
2025-10-09 11:25:50,178 [DEBUG] Accepted segment [113664:114688], variance=0.0514, QRS count=6
2025-10-09 11:25:50,180 [DEBUG] Accepted segment [114176:115200], variance=0.0525, QRS count=5
2025-10-09 11:25:50,183 [DEBUG] Accepted segment [114688:115712], variance=0.0596, QRS count=5
2025-10-09 11:25:50,185 [DEBUG] Accepted segment [115200:116224], variance=0.0584, QRS count=5
2025-10-09 11:25:50,188 [DEBUG] Accepted segment [115712:116736], variance=0.0515, QRS count=6
2025-10-09 11:25:50,190 [DEBUG] Accepted segment [116224:117248], variance=0.0530, QRS count=5
2025-10-09 11:25:50,192 [DEBUG] Accepted segment [116736:117760], variance=0.0609, QRS count=5
2025-10-09 11:25:50,197 [DEBUG] Accepted segment [117248:118272], variance=0.0628, QRS count=5
2025-10-09 11:25:50,201 [DEBUG] Accepted segment [117760:118784], variance=0.0637, QRS count=6
2025-10-09 11:25:50,204 [DEBUG] Accepted segment [118272:119296], variance=0.0609, QRS count=6
2025-10-09 11:25:50,206 [DEBUG] Accepted segment [118784:119808], variance=0.0506, QRS count=6
2025-10-09 11:25:50,206 [DEBUG] Skipping segment [119296:120320] due to overlap with noise [120200:120500]
2025-10-09 11:25:50,206 [DEBUG] Skipping segment [119808:120832] due to overlap with noise [120200:120500]
2025-10-09 11:25:50,206 [DEBUG] Skipping segment [120320:121344] due to overlap with noise [120200:120500]
2025-10-09 11:25:50,209 [DEBUG] Accepted segment [120832:121856], variance=0.0428, QRS count=6
2025-10-09 11:25:50,211 [DEBUG] Accepted segment [121344:122368], variance=0.0406, QRS count=6
2025-10-09 11:25:50,213 [DEBUG] Accepted segment [121856:122880], variance=0.0365, QRS count=6
2025-10-09 11:25:50,216 [DEBUG] Accepted segment [122368:123392], variance=0.0401, QRS count=5
2025-10-09 11:25:50,218 [DEBUG] Accepted segment [122880:123904], variance=0.0464, QRS count=6
2025-10-09 11:25:50,220 [DEBUG] Accepted segment [123392:124416], variance=0.0520, QRS count=6
2025-10-09 11:25:50,222 [DEBUG] Accepted segment [123904:124928], variance=0.0439, QRS count=5
2025-10-09 11:25:50,225 [DEBUG] Accepted segment [124416:125440], variance=0.0354, QRS count=5
2025-10-09 11:25:50,227 [DEBUG] Accepted segment [124928:125952], variance=0.0386, QRS count=5
2025-10-09 11:25:50,229 [DEBUG] Accepted segment [125440:126464], variance=0.0365, QRS count=5
2025-10-09 11:25:50,232 [DEBUG] Accepted segment [125952:126976], variance=0.0365, QRS count=6
2025-10-09 11:25:50,234 [DEBUG] Accepted segment [126464:127488], variance=0.0327, QRS count=5
2025-10-09 11:25:50,236 [DEBUG] Accepted segment [126976:128000], variance=0.0324, QRS count=5
2025-10-09 11:25:50,236 [INFO] Segmented signal of length 128000 into 246 valid segments
2025-10-09 11:25:50,305 [INFO] Training batch shapes: X=(32, 1024, 1), Y=(32, 1024, 1)
2025-10-09 11:25:50,393 [DEBUG] Skipping segment [0:1024] due to overlap with noise [0:400]
2025-10-09 11:25:50,396 [DEBUG] Accepted segment [512:1536], variance=0.0713, QRS count=4
2025-10-09 11:25:50,399 [DEBUG] Accepted segment [1024:2048], variance=0.0615, QRS count=4
2025-10-09 11:25:50,399 [DEBUG] Skipping segment [1536:2560] due to overlap with noise [2400:3800]
2025-10-09 11:25:50,399 [DEBUG] Skipping segment [2048:3072] due to overlap with noise [2400:3800]
2025-10-09 11:25:50,399 [DEBUG] Skipping segment [2560:3584] due to overlap with noise [2400:3800]
2025-10-09 11:25:50,399 [DEBUG] Skipping segment [3072:4096] due to overlap with noise [2400:3800]
2025-10-09 11:25:50,399 [DEBUG] Skipping segment [3584:4608] due to overlap with noise [2400:3800]
2025-10-09 11:25:50,402 [DEBUG] Accepted segment [4096:5120], variance=0.0638, QRS count=4
2025-10-09 11:25:50,404 [DEBUG] Accepted segment [4608:5632], variance=0.0595, QRS count=4
2025-10-09 11:25:50,406 [DEBUG] Accepted segment [5120:6144], variance=0.0630, QRS count=5
2025-10-09 11:25:50,409 [DEBUG] Accepted segment [5632:6656], variance=0.0667, QRS count=4
2025-10-09 11:25:50,411 [DEBUG] Accepted segment [6144:7168], variance=0.0610, QRS count=4
2025-10-09 11:25:50,414 [DEBUG] Accepted segment [6656:7680], variance=0.0560, QRS count=4
2025-10-09 11:25:50,417 [DEBUG] Accepted segment [7168:8192], variance=0.0571, QRS count=4
2025-10-09 11:25:50,420 [DEBUG] Accepted segment [7680:8704], variance=0.0666, QRS count=4
2025-10-09 11:25:50,422 [DEBUG] Accepted segment [8192:9216], variance=0.0678, QRS count=4
2025-10-09 11:25:50,425 [DEBUG] Accepted segment [8704:9728], variance=0.0588, QRS count=4
2025-10-09 11:25:50,427 [DEBUG] Accepted segment [9216:10240], variance=0.0635, QRS count=5
2025-10-09 11:25:50,429 [DEBUG] Accepted segment [9728:10752], variance=0.0676, QRS count=4
2025-10-09 11:25:50,431 [DEBUG] Accepted segment [10240:11264], variance=0.0598, QRS count=4
2025-10-09 11:25:50,434 [DEBUG] Accepted segment [10752:11776], variance=0.0615, QRS count=4
2025-10-09 11:25:50,436 [DEBUG] Accepted segment [11264:12288], variance=0.0670, QRS count=5
2025-10-09 11:25:50,438 [DEBUG] Accepted segment [11776:12800], variance=0.0617, QRS count=4
2025-10-09 11:25:50,441 [DEBUG] Accepted segment [12288:13312], variance=0.0684, QRS count=5
2025-10-09 11:25:50,454 [DEBUG] Accepted segment [12800:13824], variance=0.0672, QRS count=4
2025-10-09 11:25:50,456 [DEBUG] Accepted segment [13312:14336], variance=0.0669, QRS count=5
2025-10-09 11:25:50,458 [DEBUG] Accepted segment [13824:14848], variance=0.0698, QRS count=4
2025-10-09 11:25:50,461 [DEBUG] Accepted segment [14336:15360], variance=0.0721, QRS count=5
2025-10-09 11:25:50,463 [DEBUG] Accepted segment [14848:15872], variance=0.0806, QRS count=5
2025-10-09 11:25:50,466 [DEBUG] Accepted segment [15360:16384], variance=0.0725, QRS count=6
2025-10-09 11:25:50,469 [DEBUG] Accepted segment [15872:16896], variance=0.0769, QRS count=5
2025-10-09 11:25:50,472 [DEBUG] Accepted segment [16384:17408], variance=0.0851, QRS count=5
2025-10-09 11:25:50,476 [DEBUG] Accepted segment [16896:17920], variance=0.0787, QRS count=6
2025-10-09 11:25:50,480 [DEBUG] Accepted segment [17408:18432], variance=0.0684, QRS count=5
2025-10-09 11:25:50,485 [DEBUG] Accepted segment [17920:18944], variance=0.0600, QRS count=4
2025-10-09 11:25:50,489 [DEBUG] Accepted segment [18432:19456], variance=0.0654, QRS count=5
2025-10-09 11:25:50,494 [DEBUG] Accepted segment [18944:19968], variance=0.0706, QRS count=4
2025-10-09 11:25:50,499 [DEBUG] Accepted segment [19456:20480], variance=0.0615, QRS count=4
2025-10-09 11:25:50,503 [DEBUG] Accepted segment [19968:20992], variance=0.0565, QRS count=4
2025-10-09 11:25:50,508 [DEBUG] Accepted segment [20480:21504], variance=0.0658, QRS count=5
2025-10-09 11:25:50,513 [DEBUG] Accepted segment [20992:22016], variance=0.0707, QRS count=4
2025-10-09 11:25:50,518 [DEBUG] Accepted segment [21504:22528], variance=0.0634, QRS count=4
2025-10-09 11:25:50,522 [DEBUG] Accepted segment [22016:23040], variance=0.0587, QRS count=4
2025-10-09 11:25:50,527 [DEBUG] Accepted segment [22528:23552], variance=0.0665, QRS count=5
2025-10-09 11:25:50,527 [DEBUG] Skipping segment [23040:24064] due to overlap with noise [24000:24800]
2025-10-09 11:25:50,527 [DEBUG] Skipping segment [23552:24576] due to overlap with noise [24000:24800]
2025-10-09 11:25:50,527 [DEBUG] Skipping segment [24064:25088] due to overlap with noise [24000:24800]
2025-10-09 11:25:50,527 [DEBUG] Skipping segment [24576:25600] due to overlap with noise [24000:24800]
2025-10-09 11:25:50,531 [DEBUG] Accepted segment [25088:26112], variance=0.0705, QRS count=6
2025-10-09 11:25:50,535 [DEBUG] Accepted segment [25600:26624], variance=0.0701, QRS count=5
2025-10-09 11:25:50,540 [DEBUG] Accepted segment [26112:27136], variance=0.0624, QRS count=5
2025-10-09 11:25:50,544 [DEBUG] Accepted segment [26624:27648], variance=0.0628, QRS count=6
2025-10-09 11:25:50,548 [DEBUG] Accepted segment [27136:28160], variance=0.0622, QRS count=5
2025-10-09 11:25:50,553 [DEBUG] Accepted segment [27648:28672], variance=0.0545, QRS count=5
2025-10-09 11:25:50,557 [DEBUG] Accepted segment [28160:29184], variance=0.0639, QRS count=5
2025-10-09 11:25:50,562 [DEBUG] Accepted segment [28672:29696], variance=0.0645, QRS count=4
2025-10-09 11:25:50,566 [DEBUG] Accepted segment [29184:30208], variance=0.0619, QRS count=5
2025-10-09 11:25:50,571 [DEBUG] Accepted segment [29696:30720], variance=0.0662, QRS count=5
2025-10-09 11:25:50,575 [DEBUG] Accepted segment [30208:31232], variance=0.0584, QRS count=4
2025-10-09 11:25:50,580 [DEBUG] Accepted segment [30720:31744], variance=0.0632, QRS count=5
2025-10-09 11:25:50,584 [DEBUG] Accepted segment [31232:32256], variance=0.0687, QRS count=4
2025-10-09 11:25:50,588 [DEBUG] Accepted segment [31744:32768], variance=0.0606, QRS count=4
2025-10-09 11:25:50,591 [DEBUG] Accepted segment [32256:33280], variance=0.0556, QRS count=5
2025-10-09 11:25:50,595 [DEBUG] Accepted segment [32768:33792], variance=0.0653, QRS count=5
2025-10-09 11:25:50,598 [DEBUG] Accepted segment [33280:34304], variance=0.0680, QRS count=4
2025-10-09 11:25:50,601 [DEBUG] Accepted segment [33792:34816], variance=0.0583, QRS count=4
2025-10-09 11:25:50,603 [DEBUG] Accepted segment [34304:35328], variance=0.0639, QRS count=5
2025-10-09 11:25:50,606 [DEBUG] Accepted segment [34816:35840], variance=0.0667, QRS count=4
2025-10-09 11:25:50,608 [DEBUG] Accepted segment [35328:36352], variance=0.0591, QRS count=5
2025-10-09 11:25:50,610 [DEBUG] Accepted segment [35840:36864], variance=0.0674, QRS count=5
2025-10-09 11:25:50,613 [DEBUG] Accepted segment [36352:37376], variance=0.0672, QRS count=4
2025-10-09 11:25:50,615 [DEBUG] Accepted segment [36864:37888], variance=0.0556, QRS count=4
2025-10-09 11:25:50,618 [DEBUG] Accepted segment [37376:38400], variance=0.0645, QRS count=4
2025-10-09 11:25:50,620 [DEBUG] Accepted segment [37888:38912], variance=0.0696, QRS count=4
2025-10-09 11:25:50,622 [DEBUG] Accepted segment [38400:39424], variance=0.0600, QRS count=4
2025-10-09 11:25:50,625 [DEBUG] Accepted segment [38912:39936], variance=0.0560, QRS count=4
2025-10-09 11:25:50,629 [DEBUG] Accepted segment [39424:40448], variance=0.0663, QRS count=5
2025-10-09 11:25:50,632 [DEBUG] Accepted segment [39936:40960], variance=0.0676, QRS count=4
2025-10-09 11:25:50,635 [DEBUG] Accepted segment [40448:41472], variance=0.0587, QRS count=4
2025-10-09 11:25:50,638 [DEBUG] Accepted segment [40960:41984], variance=0.0638, QRS count=5
2025-10-09 11:25:50,640 [DEBUG] Accepted segment [41472:42496], variance=0.0685, QRS count=4
2025-10-09 11:25:50,643 [DEBUG] Accepted segment [41984:43008], variance=0.0633, QRS count=4
2025-10-09 11:25:50,645 [DEBUG] Accepted segment [42496:43520], variance=0.0641, QRS count=5
2025-10-09 11:25:50,648 [DEBUG] Accepted segment [43008:44032], variance=0.0666, QRS count=5
2025-10-09 11:25:50,650 [DEBUG] Accepted segment [43520:44544], variance=0.0613, QRS count=4
2025-10-09 11:25:50,652 [DEBUG] Accepted segment [44032:45056], variance=0.0696, QRS count=5
2025-10-09 11:25:50,655 [DEBUG] Accepted segment [44544:45568], variance=0.0793, QRS count=5
2025-10-09 11:25:50,657 [DEBUG] Accepted segment [45056:46080], variance=0.0745, QRS count=5
2025-10-09 11:25:50,659 [DEBUG] Accepted segment [45568:46592], variance=0.0689, QRS count=5
2025-10-09 11:25:50,661 [DEBUG] Accepted segment [46080:47104], variance=0.0612, QRS count=5
2025-10-09 11:25:50,663 [DEBUG] Accepted segment [46592:47616], variance=0.0675, QRS count=5
2025-10-09 11:25:50,666 [DEBUG] Accepted segment [47104:48128], variance=0.0667, QRS count=4
2025-10-09 11:25:50,668 [DEBUG] Accepted segment [47616:48640], variance=0.0650, QRS count=5
2025-10-09 11:25:50,670 [DEBUG] Accepted segment [48128:49152], variance=0.0693, QRS count=4
2025-10-09 11:25:50,673 [DEBUG] Accepted segment [48640:49664], variance=0.0693, QRS count=5
2025-10-09 11:25:50,675 [DEBUG] Accepted segment [49152:50176], variance=0.0686, QRS count=5
2025-10-09 11:25:50,678 [DEBUG] Accepted segment [49664:50688], variance=0.0699, QRS count=5
2025-10-09 11:25:50,680 [DEBUG] Accepted segment [50176:51200], variance=0.0716, QRS count=6
2025-10-09 11:25:50,683 [DEBUG] Accepted segment [50688:51712], variance=0.0602, QRS count=5
2025-10-09 11:25:50,687 [DEBUG] Accepted segment [51200:52224], variance=0.0649, QRS count=5
2025-10-09 11:25:50,690 [DEBUG] Accepted segment [51712:52736], variance=0.0633, QRS count=4
2025-10-09 11:25:50,693 [DEBUG] Accepted segment [52224:53248], variance=0.0603, QRS count=5
2025-10-09 11:25:50,695 [DEBUG] Accepted segment [52736:53760], variance=0.0668, QRS count=5
2025-10-09 11:25:50,699 [DEBUG] Accepted segment [53248:54272], variance=0.0604, QRS count=5
2025-10-09 11:25:50,702 [DEBUG] Accepted segment [53760:54784], variance=0.0667, QRS count=5
2025-10-09 11:25:50,705 [DEBUG] Accepted segment [54272:55296], variance=0.0659, QRS count=4
2025-10-09 11:25:50,707 [DEBUG] Accepted segment [54784:55808], variance=0.0629, QRS count=5
2025-10-09 11:25:50,710 [DEBUG] Accepted segment [55296:56320], variance=0.0680, QRS count=5
2025-10-09 11:25:50,712 [DEBUG] Accepted segment [55808:56832], variance=0.0606, QRS count=4
2025-10-09 11:25:50,715 [DEBUG] Accepted segment [56320:57344], variance=0.0672, QRS count=5
2025-10-09 11:25:50,717 [DEBUG] Accepted segment [56832:57856], variance=0.0676, QRS count=4
2025-10-09 11:25:50,719 [DEBUG] Accepted segment [57344:58368], variance=0.0666, QRS count=5
2025-10-09 11:25:50,721 [DEBUG] Accepted segment [57856:58880], variance=0.0669, QRS count=4
2025-10-09 11:25:50,724 [DEBUG] Accepted segment [58368:59392], variance=0.0631, QRS count=5
2025-10-09 11:25:50,726 [DEBUG] Accepted segment [58880:59904], variance=0.0658, QRS count=4
2025-10-09 11:25:50,728 [DEBUG] Accepted segment [59392:60416], variance=0.0663, QRS count=5
2025-10-09 11:25:50,730 [DEBUG] Accepted segment [59904:60928], variance=0.0609, QRS count=5
2025-10-09 11:25:50,733 [DEBUG] Accepted segment [60416:61440], variance=0.0636, QRS count=5
2025-10-09 11:25:50,735 [DEBUG] Accepted segment [60928:61952], variance=0.0645, QRS count=4
2025-10-09 11:25:50,738 [DEBUG] Accepted segment [61440:62464], variance=0.0635, QRS count=5
2025-10-09 11:25:50,740 [DEBUG] Accepted segment [61952:62976], variance=0.0681, QRS count=5
2025-10-09 11:25:50,742 [DEBUG] Accepted segment [62464:63488], variance=0.0672, QRS count=5
2025-10-09 11:25:50,744 [DEBUG] Accepted segment [62976:64000], variance=0.0674, QRS count=5
2025-10-09 11:25:50,747 [DEBUG] Accepted segment [63488:64512], variance=0.0614, QRS count=4
2025-10-09 11:25:50,749 [DEBUG] Accepted segment [64000:65024], variance=0.0665, QRS count=4
2025-10-09 11:25:50,751 [DEBUG] Accepted segment [64512:65536], variance=0.0698, QRS count=4
2025-10-09 11:25:50,754 [DEBUG] Accepted segment [65024:66048], variance=0.0600, QRS count=4
2025-10-09 11:25:50,756 [DEBUG] Accepted segment [65536:66560], variance=0.0562, QRS count=4
2025-10-09 11:25:50,758 [DEBUG] Accepted segment [66048:67072], variance=0.0646, QRS count=5
2025-10-09 11:25:50,760 [DEBUG] Accepted segment [66560:67584], variance=0.0682, QRS count=4
2025-10-09 11:25:50,763 [DEBUG] Accepted segment [67072:68096], variance=0.0609, QRS count=4
2025-10-09 11:25:50,765 [DEBUG] Accepted segment [67584:68608], variance=0.0569, QRS count=4
2025-10-09 11:25:50,767 [DEBUG] Accepted segment [68096:69120], variance=0.0652, QRS count=5
2025-10-09 11:25:50,770 [DEBUG] Accepted segment [68608:69632], variance=0.0696, QRS count=4
2025-10-09 11:25:50,772 [DEBUG] Accepted segment [69120:70144], variance=0.0609, QRS count=4
2025-10-09 11:25:50,774 [DEBUG] Accepted segment [69632:70656], variance=0.0629, QRS count=5
2025-10-09 11:25:50,776 [DEBUG] Accepted segment [70144:71168], variance=0.0675, QRS count=4
2025-10-09 11:25:50,779 [DEBUG] Accepted segment [70656:71680], variance=0.0603, QRS count=4
2025-10-09 11:25:50,781 [DEBUG] Accepted segment [71168:72192], variance=0.0674, QRS count=5
2025-10-09 11:25:50,783 [DEBUG] Accepted segment [71680:72704], variance=0.0668, QRS count=4
2025-10-09 11:25:50,786 [DEBUG] Accepted segment [72192:73216], variance=0.0556, QRS count=4
2025-10-09 11:25:50,788 [DEBUG] Accepted segment [72704:73728], variance=0.0672, QRS count=5
2025-10-09 11:25:50,790 [DEBUG] Accepted segment [73216:74240], variance=0.0669, QRS count=4
2025-10-09 11:25:50,792 [DEBUG] Accepted segment [73728:74752], variance=0.0551, QRS count=5
2025-10-09 11:25:50,795 [DEBUG] Accepted segment [74240:75264], variance=0.0668, QRS count=5
2025-10-09 11:25:50,797 [DEBUG] Accepted segment [74752:75776], variance=0.0669, QRS count=4
2025-10-09 11:25:50,799 [DEBUG] Accepted segment [75264:76288], variance=0.0631, QRS count=4
2025-10-09 11:25:50,802 [DEBUG] Accepted segment [75776:76800], variance=0.0682, QRS count=5
2025-10-09 11:25:50,804 [DEBUG] Accepted segment [76288:77312], variance=0.0602, QRS count=4
2025-10-09 11:25:50,806 [DEBUG] Accepted segment [76800:77824], variance=0.0663, QRS count=5
2025-10-09 11:25:50,809 [DEBUG] Accepted segment [77312:78336], variance=0.0746, QRS count=5
2025-10-09 11:25:50,811 [DEBUG] Accepted segment [77824:78848], variance=0.0747, QRS count=5
2025-10-09 11:25:50,813 [DEBUG] Accepted segment [78336:79360], variance=0.0700, QRS count=5
2025-10-09 11:25:50,815 [DEBUG] Accepted segment [78848:79872], variance=0.0689, QRS count=5
2025-10-09 11:25:50,818 [DEBUG] Accepted segment [79360:80384], variance=0.0664, QRS count=4
2025-10-09 11:25:50,820 [DEBUG] Accepted segment [79872:80896], variance=0.0676, QRS count=5
2025-10-09 11:25:50,822 [DEBUG] Accepted segment [80384:81408], variance=0.0665, QRS count=4
2025-10-09 11:25:50,825 [DEBUG] Accepted segment [80896:81920], variance=0.0647, QRS count=5
2025-10-09 11:25:50,827 [DEBUG] Accepted segment [81408:82432], variance=0.0655, QRS count=4
2025-10-09 11:25:50,829 [DEBUG] Accepted segment [81920:82944], variance=0.0642, QRS count=5
2025-10-09 11:25:50,831 [DEBUG] Accepted segment [82432:83456], variance=0.0676, QRS count=5
2025-10-09 11:25:50,834 [DEBUG] Accepted segment [82944:83968], variance=0.0592, QRS count=4
2025-10-09 11:25:50,836 [DEBUG] Accepted segment [83456:84480], variance=0.0646, QRS count=5
2025-10-09 11:25:50,838 [DEBUG] Accepted segment [83968:84992], variance=0.0657, QRS count=4
2025-10-09 11:25:50,840 [DEBUG] Accepted segment [84480:85504], variance=0.0633, QRS count=5
2025-10-09 11:25:50,843 [DEBUG] Accepted segment [84992:86016], variance=0.0668, QRS count=5
2025-10-09 11:25:50,845 [DEBUG] Accepted segment [85504:86528], variance=0.0680, QRS count=5
2025-10-09 11:25:50,848 [DEBUG] Accepted segment [86016:87040], variance=0.0652, QRS count=4
2025-10-09 11:25:50,850 [DEBUG] Accepted segment [86528:87552], variance=0.0649, QRS count=5
2025-10-09 11:25:50,852 [DEBUG] Accepted segment [87040:88064], variance=0.0665, QRS count=4
2025-10-09 11:25:50,854 [DEBUG] Accepted segment [87552:88576], variance=0.0640, QRS count=5
2025-10-09 11:25:50,857 [DEBUG] Accepted segment [88064:89088], variance=0.0637, QRS count=5
2025-10-09 11:25:50,859 [DEBUG] Accepted segment [88576:89600], variance=0.0630, QRS count=4
2025-10-09 11:25:50,861 [DEBUG] Accepted segment [89088:90112], variance=0.0606, QRS count=5
2025-10-09 11:25:50,863 [DEBUG] Accepted segment [89600:90624], variance=0.0560, QRS count=4
2025-10-09 11:25:50,866 [DEBUG] Accepted segment [90112:91136], variance=0.0542, QRS count=4
2025-10-09 11:25:50,868 [DEBUG] Accepted segment [90624:91648], variance=0.0615, QRS count=5
2025-10-09 11:25:50,870 [DEBUG] Accepted segment [91136:92160], variance=0.0635, QRS count=4
2025-10-09 11:25:50,873 [DEBUG] Accepted segment [91648:92672], variance=0.0539, QRS count=5
2025-10-09 11:25:50,875 [DEBUG] Accepted segment [92160:93184], variance=0.0651, QRS count=5
2025-10-09 11:25:50,877 [DEBUG] Accepted segment [92672:93696], variance=0.0662, QRS count=4
2025-10-09 11:25:50,879 [DEBUG] Accepted segment [93184:94208], variance=0.0542, QRS count=4
2025-10-09 11:25:50,882 [DEBUG] Accepted segment [93696:94720], variance=0.0644, QRS count=5
2025-10-09 11:25:50,884 [DEBUG] Accepted segment [94208:95232], variance=0.0639, QRS count=4
2025-10-09 11:25:50,886 [DEBUG] Accepted segment [94720:95744], variance=0.0533, QRS count=4
2025-10-09 11:25:50,888 [DEBUG] Accepted segment [95232:96256], variance=0.0611, QRS count=5
2025-10-09 11:25:50,891 [DEBUG] Accepted segment [95744:96768], variance=0.0647, QRS count=4
2025-10-09 11:25:50,894 [DEBUG] Accepted segment [96256:97280], variance=0.0575, QRS count=5
2025-10-09 11:25:50,898 [DEBUG] Accepted segment [96768:97792], variance=0.0637, QRS count=5
2025-10-09 11:25:50,898 [DEBUG] Skipping segment [97280:98304] due to overlap with noise [98200:101600]
2025-10-09 11:25:50,898 [DEBUG] Skipping segment [97792:98816] due to overlap with noise [98200:101600]
2025-10-09 11:25:50,898 [DEBUG] Skipping segment [98304:99328] due to overlap with noise [98200:101600]
2025-10-09 11:25:50,898 [DEBUG] Skipping segment [98816:99840] due to overlap with noise [98200:101600]
2025-10-09 11:25:50,898 [DEBUG] Skipping segment [99328:100352] due to overlap with noise [98200:101600]
2025-10-09 11:25:50,898 [DEBUG] Skipping segment [99840:100864] due to overlap with noise [98200:101600]
2025-10-09 11:25:50,898 [DEBUG] Skipping segment [100352:101376] due to overlap with noise [98200:101600]
2025-10-09 11:25:50,898 [DEBUG] Skipping segment [100864:101888] due to overlap with noise [98200:101600]
2025-10-09 11:25:50,898 [DEBUG] Skipping segment [101376:102400] due to overlap with noise [98200:101600]
2025-10-09 11:25:50,902 [DEBUG] Accepted segment [101888:102912], variance=0.0620, QRS count=5
2025-10-09 11:25:50,905 [DEBUG] Accepted segment [102400:103424], variance=0.0601, QRS count=5
2025-10-09 11:25:50,908 [DEBUG] Accepted segment [102912:103936], variance=0.0623, QRS count=4
2025-10-09 11:25:50,910 [DEBUG] Accepted segment [103424:104448], variance=0.0644, QRS count=5
2025-10-09 11:25:50,912 [DEBUG] Accepted segment [103936:104960], variance=0.0658, QRS count=5
2025-10-09 11:25:50,915 [DEBUG] Accepted segment [104448:105472], variance=0.0645, QRS count=5
2025-10-09 11:25:50,917 [DEBUG] Accepted segment [104960:105984], variance=0.0644, QRS count=5
2025-10-09 11:25:50,919 [DEBUG] Accepted segment [105472:106496], variance=0.0673, QRS count=5
2025-10-09 11:25:50,922 [DEBUG] Accepted segment [105984:107008], variance=0.0652, QRS count=5
2025-10-09 11:25:50,924 [DEBUG] Accepted segment [106496:107520], variance=0.0622, QRS count=5
2025-10-09 11:25:50,926 [DEBUG] Accepted segment [107008:108032], variance=0.0632, QRS count=4
2025-10-09 11:25:50,929 [DEBUG] Accepted segment [107520:108544], variance=0.0575, QRS count=4
2025-10-09 11:25:50,931 [DEBUG] Accepted segment [108032:109056], variance=0.0623, QRS count=5
2025-10-09 11:25:50,933 [DEBUG] Accepted segment [108544:109568], variance=0.0661, QRS count=4
2025-10-09 11:25:50,933 [DEBUG] Skipping segment [109056:110080] due to overlap with noise [110000:110800]
2025-10-09 11:25:50,933 [DEBUG] Skipping segment [109568:110592] due to overlap with noise [110000:110800]
2025-10-09 11:25:50,933 [DEBUG] Skipping segment [110080:111104] due to overlap with noise [110000:110800]
2025-10-09 11:25:50,933 [DEBUG] Skipping segment [110592:111616] due to overlap with noise [110000:110800]
2025-10-09 11:25:50,936 [DEBUG] Accepted segment [111104:112128], variance=0.0659, QRS count=5
2025-10-09 11:25:50,939 [DEBUG] Accepted segment [111616:112640], variance=0.0660, QRS count=4
2025-10-09 11:25:50,943 [DEBUG] Accepted segment [112128:113152], variance=0.0650, QRS count=5
2025-10-09 11:25:50,946 [DEBUG] Accepted segment [112640:113664], variance=0.0650, QRS count=4
2025-10-09 11:25:50,949 [DEBUG] Accepted segment [113152:114176], variance=0.0616, QRS count=5
2025-10-09 11:25:50,951 [DEBUG] Accepted segment [113664:114688], variance=0.0663, QRS count=4
2025-10-09 11:25:50,954 [DEBUG] Accepted segment [114176:115200], variance=0.0597, QRS count=4
2025-10-09 11:25:50,956 [DEBUG] Accepted segment [114688:115712], variance=0.0616, QRS count=5
2025-10-09 11:25:50,959 [DEBUG] Accepted segment [115200:116224], variance=0.0643, QRS count=4
2025-10-09 11:25:50,961 [DEBUG] Accepted segment [115712:116736], variance=0.0654, QRS count=5
2025-10-09 11:25:50,963 [DEBUG] Accepted segment [116224:117248], variance=0.0645, QRS count=5
2025-10-09 11:25:50,965 [DEBUG] Accepted segment [116736:117760], variance=0.0676, QRS count=5
2025-10-09 11:25:50,966 [DEBUG] Skipping segment [117248:118272] due to overlap with noise [118000:119600]
2025-10-09 11:25:50,966 [DEBUG] Skipping segment [117760:118784] due to overlap with noise [118000:119600]
2025-10-09 11:25:50,966 [DEBUG] Skipping segment [118272:119296] due to overlap with noise [118000:119600]
2025-10-09 11:25:50,966 [DEBUG] Skipping segment [118784:119808] due to overlap with noise [118000:119600]
2025-10-09 11:25:50,966 [DEBUG] Skipping segment [119296:120320] due to overlap with noise [118000:119600]
2025-10-09 11:25:50,968 [DEBUG] Accepted segment [119808:120832], variance=0.0673, QRS count=5
2025-10-09 11:25:50,970 [DEBUG] Accepted segment [120320:121344], variance=0.0726, QRS count=5
2025-10-09 11:25:50,972 [DEBUG] Accepted segment [120832:121856], variance=0.0690, QRS count=6
2025-10-09 11:25:50,974 [DEBUG] Accepted segment [121344:122368], variance=0.0672, QRS count=6
2025-10-09 11:25:50,977 [DEBUG] Accepted segment [121856:122880], variance=0.0585, QRS count=5
2025-10-09 11:25:50,979 [DEBUG] Accepted segment [122368:123392], variance=0.0596, QRS count=5
2025-10-09 11:25:50,981 [DEBUG] Accepted segment [122880:123904], variance=0.0629, QRS count=4
2025-10-09 11:25:50,984 [DEBUG] Accepted segment [123392:124416], variance=0.0610, QRS count=5
2025-10-09 11:25:50,986 [DEBUG] Accepted segment [123904:124928], variance=0.0617, QRS count=4
2025-10-09 11:25:50,988 [DEBUG] Accepted segment [124416:125440], variance=0.0623, QRS count=5
2025-10-09 11:25:50,991 [DEBUG] Accepted segment [124928:125952], variance=0.0606, QRS count=4
2025-10-09 11:25:50,993 [DEBUG] Accepted segment [125440:126464], variance=0.0610, QRS count=5
2025-10-09 11:25:50,995 [DEBUG] Accepted segment [125952:126976], variance=0.0600, QRS count=4
2025-10-09 11:25:50,997 [DEBUG] Accepted segment [126464:127488], variance=0.0591, QRS count=5
2025-10-09 11:25:50,998 [INFO] Segmented signal of length 127999 into 220 valid segments
2025-10-09 11:25:51,249 [INFO] Test batch shapes: X=(32, 1024, 1), Y=(32, 1024, 1)
2025-10-09 11:25:51,252 [INFO] Building ResUNet Denoising Autoencoder
2025-10-09 11:25:51,638 [INFO] Model: "functional"
┏━━━━━━━━━━━━━━━━━━━━━━━━━━━━━━━┳━━━━━━━━━━━━━━━━━━━━━━━━━━━┳━━━━━━━━━━━━━━━━━┳━━━━━━━━━━━━━━━━━━━━━━━━━━━━┓
┃ Layer (type)                  ┃ Output Shape              ┃         Param # ┃ Connected to               ┃
┡━━━━━━━━━━━━━━━━━━━━━━━━━━━━━━━╇━━━━━━━━━━━━━━━━━━━━━━━━━━━╇━━━━━━━━━━━━━━━━━╇━━━━━━━━━━━━━━━━━━━━━━━━━━━━┩
│ input_layer (InputLayer)      │ (None, 1024, 1)           │               0 │ -                          │
├───────────────────────────────┼───────────────────────────┼─────────────────┼────────────────────────────┤
│ conv1d (Conv1D)               │ (None, 1024, 32)          │             128 │ input_layer[0][0]          │
├───────────────────────────────┼───────────────────────────┼─────────────────┼────────────────────────────┤
│ batch_normalization           │ (None, 1024, 32)          │             128 │ conv1d[0][0]               │
│ (BatchNormalization)          │                           │                 │                            │
├───────────────────────────────┼───────────────────────────┼─────────────────┼────────────────────────────┤
│ re_lu (ReLU)                  │ (None, 1024, 32)          │               0 │ batch_normalization[0][0]  │
├───────────────────────────────┼───────────────────────────┼─────────────────┼────────────────────────────┤
│ conv1d_1 (Conv1D)             │ (None, 1024, 32)          │           3,104 │ re_lu[0][0]                │
├───────────────────────────────┼───────────────────────────┼─────────────────┼────────────────────────────┤
│ batch_normalization_1         │ (None, 1024, 32)          │             128 │ conv1d_1[0][0]             │
│ (BatchNormalization)          │                           │                 │                            │
├───────────────────────────────┼───────────────────────────┼─────────────────┼────────────────────────────┤
│ conv1d_2 (Conv1D)             │ (None, 1024, 32)          │           1,056 │ batch_normalization_1[0][… │
├───────────────────────────────┼───────────────────────────┼─────────────────┼────────────────────────────┤
│ add (Add)                     │ (None, 1024, 32)          │               0 │ batch_normalization_1[0][… │
│                               │                           │                 │ conv1d_2[0][0]             │
├───────────────────────────────┼───────────────────────────┼─────────────────┼────────────────────────────┤
│ re_lu_1 (ReLU)                │ (None, 1024, 32)          │               0 │ add[0][0]                  │
├───────────────────────────────┼───────────────────────────┼─────────────────┼────────────────────────────┤
│ max_pooling1d (MaxPooling1D)  │ (None, 512, 32)           │               0 │ re_lu_1[0][0]              │
├───────────────────────────────┼───────────────────────────┼─────────────────┼────────────────────────────┤
│ conv1d_3 (Conv1D)             │ (None, 512, 64)           │           6,208 │ max_pooling1d[0][0]        │
├───────────────────────────────┼───────────────────────────┼─────────────────┼────────────────────────────┤
│ batch_normalization_2         │ (None, 512, 64)           │             256 │ conv1d_3[0][0]             │
│ (BatchNormalization)          │                           │                 │                            │
├───────────────────────────────┼───────────────────────────┼─────────────────┼────────────────────────────┤
│ re_lu_2 (ReLU)                │ (None, 512, 64)           │               0 │ batch_normalization_2[0][… │
├───────────────────────────────┼───────────────────────────┼─────────────────┼────────────────────────────┤
│ conv1d_4 (Conv1D)             │ (None, 512, 64)           │          12,352 │ re_lu_2[0][0]              │
├───────────────────────────────┼───────────────────────────┼─────────────────┼────────────────────────────┤
│ batch_normalization_3         │ (None, 512, 64)           │             256 │ conv1d_4[0][0]             │
│ (BatchNormalization)          │                           │                 │                            │
├───────────────────────────────┼───────────────────────────┼─────────────────┼────────────────────────────┤
│ conv1d_5 (Conv1D)             │ (None, 512, 64)           │           4,160 │ batch_normalization_3[0][… │
├───────────────────────────────┼───────────────────────────┼─────────────────┼────────────────────────────┤
│ add_1 (Add)                   │ (None, 512, 64)           │               0 │ batch_normalization_3[0][… │
│                               │                           │                 │ conv1d_5[0][0]             │
├───────────────────────────────┼───────────────────────────┼─────────────────┼────────────────────────────┤
│ re_lu_3 (ReLU)                │ (None, 512, 64)           │               0 │ add_1[0][0]                │
├───────────────────────────────┼───────────────────────────┼─────────────────┼────────────────────────────┤
│ max_pooling1d_1               │ (None, 256, 64)           │               0 │ re_lu_3[0][0]              │
│ (MaxPooling1D)                │                           │                 │                            │
├───────────────────────────────┼───────────────────────────┼─────────────────┼────────────────────────────┤
│ conv1d_6 (Conv1D)             │ (None, 256, 128)          │          24,704 │ max_pooling1d_1[0][0]      │
├───────────────────────────────┼───────────────────────────┼─────────────────┼────────────────────────────┤
│ batch_normalization_4         │ (None, 256, 128)          │             512 │ conv1d_6[0][0]             │
│ (BatchNormalization)          │                           │                 │                            │
├───────────────────────────────┼───────────────────────────┼─────────────────┼────────────────────────────┤
│ re_lu_4 (ReLU)                │ (None, 256, 128)          │               0 │ batch_normalization_4[0][… │
├───────────────────────────────┼───────────────────────────┼─────────────────┼────────────────────────────┤
│ conv1d_7 (Conv1D)             │ (None, 256, 128)          │          49,280 │ re_lu_4[0][0]              │
├───────────────────────────────┼───────────────────────────┼─────────────────┼────────────────────────────┤
│ batch_normalization_5         │ (None, 256, 128)          │             512 │ conv1d_7[0][0]             │
│ (BatchNormalization)          │                           │                 │                            │
├───────────────────────────────┼───────────────────────────┼─────────────────┼────────────────────────────┤
│ conv1d_8 (Conv1D)             │ (None, 256, 128)          │          16,512 │ batch_normalization_5[0][… │
├───────────────────────────────┼───────────────────────────┼─────────────────┼────────────────────────────┤
│ add_2 (Add)                   │ (None, 256, 128)          │               0 │ batch_normalization_5[0][… │
│                               │                           │                 │ conv1d_8[0][0]             │
├───────────────────────────────┼───────────────────────────┼─────────────────┼────────────────────────────┤
│ re_lu_5 (ReLU)                │ (None, 256, 128)          │               0 │ add_2[0][0]                │
├───────────────────────────────┼───────────────────────────┼─────────────────┼────────────────────────────┤
│ max_pooling1d_2               │ (None, 128, 128)          │               0 │ re_lu_5[0][0]              │
│ (MaxPooling1D)                │                           │                 │                            │
├───────────────────────────────┼───────────────────────────┼─────────────────┼────────────────────────────┤
│ conv1d_9 (Conv1D)             │ (None, 128, 256)          │          98,560 │ max_pooling1d_2[0][0]      │
├───────────────────────────────┼───────────────────────────┼─────────────────┼────────────────────────────┤
│ batch_normalization_6         │ (None, 128, 256)          │           1,024 │ conv1d_9[0][0]             │
│ (BatchNormalization)          │                           │                 │                            │
├───────────────────────────────┼───────────────────────────┼─────────────────┼────────────────────────────┤
│ re_lu_6 (ReLU)                │ (None, 128, 256)          │               0 │ batch_normalization_6[0][… │
├───────────────────────────────┼───────────────────────────┼─────────────────┼────────────────────────────┤
│ conv1d_10 (Conv1D)            │ (None, 128, 256)          │         196,864 │ re_lu_6[0][0]              │
├───────────────────────────────┼───────────────────────────┼─────────────────┼────────────────────────────┤
│ batch_normalization_7         │ (None, 128, 256)          │           1,024 │ conv1d_10[0][0]            │
│ (BatchNormalization)          │                           │                 │                            │
├───────────────────────────────┼───────────────────────────┼─────────────────┼────────────────────────────┤
│ conv1d_11 (Conv1D)            │ (None, 128, 256)          │          65,792 │ batch_normalization_7[0][… │
├───────────────────────────────┼───────────────────────────┼─────────────────┼────────────────────────────┤
│ add_3 (Add)                   │ (None, 128, 256)          │               0 │ batch_normalization_7[0][… │
│                               │                           │                 │ conv1d_11[0][0]            │
├───────────────────────────────┼───────────────────────────┼─────────────────┼────────────────────────────┤
│ re_lu_7 (ReLU)                │ (None, 128, 256)          │               0 │ add_3[0][0]                │
├───────────────────────────────┼───────────────────────────┼─────────────────┼────────────────────────────┤
│ up_sampling1d (UpSampling1D)  │ (None, 256, 256)          │               0 │ re_lu_7[0][0]              │
├───────────────────────────────┼───────────────────────────┼─────────────────┼────────────────────────────┤
│ concatenate (Concatenate)     │ (None, 256, 384)          │               0 │ up_sampling1d[0][0],       │
│                               │                           │                 │ re_lu_5[0][0]              │
├───────────────────────────────┼───────────────────────────┼─────────────────┼────────────────────────────┤
│ conv1d_12 (Conv1D)            │ (None, 256, 128)          │         147,584 │ concatenate[0][0]          │
├───────────────────────────────┼───────────────────────────┼─────────────────┼────────────────────────────┤
│ batch_normalization_8         │ (None, 256, 128)          │             512 │ conv1d_12[0][0]            │
│ (BatchNormalization)          │                           │                 │                            │
├───────────────────────────────┼───────────────────────────┼─────────────────┼────────────────────────────┤
│ re_lu_8 (ReLU)                │ (None, 256, 128)          │               0 │ batch_normalization_8[0][… │
├───────────────────────────────┼───────────────────────────┼─────────────────┼────────────────────────────┤
│ conv1d_13 (Conv1D)            │ (None, 256, 128)          │          49,280 │ re_lu_8[0][0]              │
├───────────────────────────────┼───────────────────────────┼─────────────────┼────────────────────────────┤
│ batch_normalization_9         │ (None, 256, 128)          │             512 │ conv1d_13[0][0]            │
│ (BatchNormalization)          │                           │                 │                            │
├───────────────────────────────┼───────────────────────────┼─────────────────┼────────────────────────────┤
│ conv1d_14 (Conv1D)            │ (None, 256, 128)          │          16,512 │ batch_normalization_9[0][… │
├───────────────────────────────┼───────────────────────────┼─────────────────┼────────────────────────────┤
│ add_4 (Add)                   │ (None, 256, 128)          │               0 │ batch_normalization_9[0][… │
│                               │                           │                 │ conv1d_14[0][0]            │
├───────────────────────────────┼───────────────────────────┼─────────────────┼────────────────────────────┤
│ re_lu_9 (ReLU)                │ (None, 256, 128)          │               0 │ add_4[0][0]                │
├───────────────────────────────┼───────────────────────────┼─────────────────┼────────────────────────────┤
│ up_sampling1d_1               │ (None, 512, 128)          │               0 │ re_lu_9[0][0]              │
│ (UpSampling1D)                │                           │                 │                            │
├───────────────────────────────┼───────────────────────────┼─────────────────┼────────────────────────────┤
│ concatenate_1 (Concatenate)   │ (None, 512, 192)          │               0 │ up_sampling1d_1[0][0],     │
│                               │                           │                 │ re_lu_3[0][0]              │
├───────────────────────────────┼───────────────────────────┼─────────────────┼────────────────────────────┤
│ conv1d_15 (Conv1D)            │ (None, 512, 64)           │          36,928 │ concatenate_1[0][0]        │
├───────────────────────────────┼───────────────────────────┼─────────────────┼────────────────────────────┤
│ batch_normalization_10        │ (None, 512, 64)           │             256 │ conv1d_15[0][0]            │
│ (BatchNormalization)          │                           │                 │                            │
├───────────────────────────────┼───────────────────────────┼─────────────────┼────────────────────────────┤
│ re_lu_10 (ReLU)               │ (None, 512, 64)           │               0 │ batch_normalization_10[0]… │
├───────────────────────────────┼───────────────────────────┼─────────────────┼────────────────────────────┤
│ conv1d_16 (Conv1D)            │ (None, 512, 64)           │          12,352 │ re_lu_10[0][0]             │
├───────────────────────────────┼───────────────────────────┼─────────────────┼────────────────────────────┤
│ batch_normalization_11        │ (None, 512, 64)           │             256 │ conv1d_16[0][0]            │
│ (BatchNormalization)          │                           │                 │                            │
├───────────────────────────────┼───────────────────────────┼─────────────────┼────────────────────────────┤
│ conv1d_17 (Conv1D)            │ (None, 512, 64)           │           4,160 │ batch_normalization_11[0]… │
├───────────────────────────────┼───────────────────────────┼─────────────────┼────────────────────────────┤
│ add_5 (Add)                   │ (None, 512, 64)           │               0 │ batch_normalization_11[0]… │
│                               │                           │                 │ conv1d_17[0][0]            │
├───────────────────────────────┼───────────────────────────┼─────────────────┼────────────────────────────┤
│ re_lu_11 (ReLU)               │ (None, 512, 64)           │               0 │ add_5[0][0]                │
├───────────────────────────────┼───────────────────────────┼─────────────────┼────────────────────────────┤
│ up_sampling1d_2               │ (None, 1024, 64)          │               0 │ re_lu_11[0][0]             │
│ (UpSampling1D)                │                           │                 │                            │
├───────────────────────────────┼───────────────────────────┼─────────────────┼────────────────────────────┤
│ concatenate_2 (Concatenate)   │ (None, 1024, 96)          │               0 │ up_sampling1d_2[0][0],     │
│                               │                           │                 │ re_lu_1[0][0]              │
├───────────────────────────────┼───────────────────────────┼─────────────────┼────────────────────────────┤
│ conv1d_18 (Conv1D)            │ (None, 1024, 32)          │           9,248 │ concatenate_2[0][0]        │
├───────────────────────────────┼───────────────────────────┼─────────────────┼────────────────────────────┤
│ batch_normalization_12        │ (None, 1024, 32)          │             128 │ conv1d_18[0][0]            │
│ (BatchNormalization)          │                           │                 │                            │
├───────────────────────────────┼───────────────────────────┼─────────────────┼────────────────────────────┤
│ re_lu_12 (ReLU)               │ (None, 1024, 32)          │               0 │ batch_normalization_12[0]… │
├───────────────────────────────┼───────────────────────────┼─────────────────┼────────────────────────────┤
│ conv1d_19 (Conv1D)            │ (None, 1024, 32)          │           3,104 │ re_lu_12[0][0]             │
├───────────────────────────────┼───────────────────────────┼─────────────────┼────────────────────────────┤
│ batch_normalization_13        │ (None, 1024, 32)          │             128 │ conv1d_19[0][0]            │
│ (BatchNormalization)          │                           │                 │                            │
├───────────────────────────────┼───────────────────────────┼─────────────────┼────────────────────────────┤
│ conv1d_20 (Conv1D)            │ (None, 1024, 32)          │           1,056 │ batch_normalization_13[0]… │
├───────────────────────────────┼───────────────────────────┼─────────────────┼────────────────────────────┤
│ add_6 (Add)                   │ (None, 1024, 32)          │               0 │ batch_normalization_13[0]… │
│                               │                           │                 │ conv1d_20[0][0]            │
├───────────────────────────────┼───────────────────────────┼─────────────────┼────────────────────────────┤
│ re_lu_13 (ReLU)               │ (None, 1024, 32)          │               0 │ add_6[0][0]                │
├───────────────────────────────┼───────────────────────────┼─────────────────┼────────────────────────────┤
│ conv1d_21 (Conv1D)            │ (None, 1024, 1)           │              33 │ re_lu_13[0][0]             │
└───────────────────────────────┴───────────────────────────┴─────────────────┴────────────────────────────┘
 Total params: 764,609 (2.92 MB)
 Trainable params: 761,793 (2.91 MB)
 Non-trainable params: 2,816 (11.00 KB)

