2025-10-08 17:28:30,488 [INFO] 


Starting ECG denoising script. Log file: /home/kesju/DI/2025_ZIVEO/S-ITP-25-9/TRAIN_UNET/logs/ecg_denoising_train_20251008_172830.log
2025-10-08 17:28:30,488 [INFO] TensorFlow version: 2.15.0
2025-10-08 17:28:30,491 [INFO] Arguments: {'ecg_records_dir': '/home/kesju/DI/2025_ZIVEO/S-ITP-25-9/DATA/ZIVE_DATA/ecg_selected_for_test', 'model_output': '/home/kesju/DI/2025_ZIVEO/S-ITP-25-9/UNET_MODELIS/resunet_ecg_1024_0_5_0_7.keras', 'vis_dir': '/home/kesju/DI/2025_ZIVEO/S-ITP-25-9/TRAIN_UNET/visualisations', 'train_split': 0.8, 'log_level': 'WARNING'}
2025-10-08 17:28:30,491 [INFO] Starting training workflow. ECG records dir: /home/kesju/DI/2025_ZIVEO/S-ITP-25-9/DATA/ZIVE_DATA/ecg_selected_for_test, Model output: /home/kesju/DI/2025_ZIVEO/S-ITP-25-9/UNET_MODELIS/resunet_ecg_1024_0_5_0_7.keras, Train split: 0.8
2025-10-08 17:28:30,492 [INFO] Loading ECG and noise indices from /home/kesju/DI/2025_ZIVEO/S-ITP-25-9/DATA/ZIVE_DATA/ecg_selected_for_test
2025-10-08 17:28:30,515 [DEBUG] Loaded annotated noise indices from /home/kesju/DI/2025_ZIVEO/S-ITP-25-9/DATA/ZIVE_DATA/ecg_selected_for_test/1001_6.json: [(120200, 120500)]
2025-10-08 17:28:30,515 [DEBUG] Loaded file: /home/kesju/DI/2025_ZIVEO/S-ITP-25-9/DATA/ZIVE_DATA/ecg_selected_for_test/1001_6.npy, shape: (128000,), noise indices: [(120200, 120500)], patient ID: 1001
2025-10-08 17:28:30,527 [DEBUG] Loaded annotated noise indices from /home/kesju/DI/2025_ZIVEO/S-ITP-25-9/DATA/ZIVE_DATA/ecg_selected_for_test/1001_8.json: [(106400, 107000)]
2025-10-08 17:28:30,527 [DEBUG] Loaded file: /home/kesju/DI/2025_ZIVEO/S-ITP-25-9/DATA/ZIVE_DATA/ecg_selected_for_test/1001_8.npy, shape: (128000,), noise indices: [(106400, 107000)], patient ID: 1001
2025-10-08 17:28:30,535 [DEBUG] Loaded annotated noise indices from /home/kesju/DI/2025_ZIVEO/S-ITP-25-9/DATA/ZIVE_DATA/ecg_selected_for_test/1004_0.json: [(0, 400), (2400, 3800), (24000, 24800), (98200, 101600), (110000, 110800), (118000, 119600)]
2025-10-08 17:28:30,535 [DEBUG] Loaded file: /home/kesju/DI/2025_ZIVEO/S-ITP-25-9/DATA/ZIVE_DATA/ecg_selected_for_test/1004_0.npy, shape: (127999,), noise indices: [(0, 400), (2400, 3800), (24000, 24800), (98200, 101600), (110000, 110800), (118000, 119600)], patient ID: 1004
2025-10-08 17:28:30,535 [INFO] Loaded 3 valid .npy files with corresponding noise indices from /home/kesju/DI/2025_ZIVEO/S-ITP-25-9/DATA/ZIVE_DATA/ecg_selected_for_test
2025-10-08 17:28:30,537 [INFO] Split 3 records from 2 patients into 2 training records (1 patients) and 1 test records (1 patients)
2025-10-08 17:28:30,537 [INFO] Training ECG files:
  - 1001_6.npy
  - 1001_8.npy
2025-10-08 17:28:30,537 [INFO] Test ECG files:
  - 1004_0.npy
2025-10-08 17:28:30,567 [DEBUG] Accepted segment [0:1024], variance=0.0489, QRS count=5
2025-10-08 17:28:30,577 [DEBUG] Accepted segment [512:1536], variance=0.0602, QRS count=5
2025-10-08 17:28:30,584 [DEBUG] Accepted segment [1024:2048], variance=0.0717, QRS count=5
2025-10-08 17:28:30,590 [DEBUG] Accepted segment [1536:2560], variance=0.0797, QRS count=6
2025-10-08 17:28:30,595 [DEBUG] Accepted segment [2048:3072], variance=0.0709, QRS count=6
2025-10-08 17:28:30,600 [DEBUG] Accepted segment [2560:3584], variance=0.0522, QRS count=5
2025-10-08 17:28:30,606 [DEBUG] Accepted segment [3072:4096], variance=0.0484, QRS count=5
2025-10-08 17:28:30,611 [DEBUG] Accepted segment [3584:4608], variance=0.0533, QRS count=5
2025-10-08 17:28:30,616 [DEBUG] Accepted segment [4096:5120], variance=0.0519, QRS count=6
2025-10-08 17:28:30,622 [DEBUG] Accepted segment [4608:5632], variance=0.0539, QRS count=6
2025-10-08 17:28:30,627 [DEBUG] Accepted segment [5120:6144], variance=0.0559, QRS count=5
2025-10-08 17:28:30,632 [DEBUG] Accepted segment [5632:6656], variance=0.0539, QRS count=5
2025-10-08 17:28:30,638 [DEBUG] Accepted segment [6144:7168], variance=0.0528, QRS count=5
2025-10-08 17:28:30,643 [DEBUG] Accepted segment [6656:7680], variance=0.0470, QRS count=5
2025-10-08 17:28:30,648 [DEBUG] Accepted segment [7168:8192], variance=0.0480, QRS count=5
2025-10-08 17:28:30,654 [DEBUG] Accepted segment [7680:8704], variance=0.0566, QRS count=5
2025-10-08 17:28:30,659 [DEBUG] Accepted segment [8192:9216], variance=0.0601, QRS count=5
2025-10-08 17:28:30,664 [DEBUG] Accepted segment [8704:9728], variance=0.0621, QRS count=6
2025-10-08 17:28:30,670 [DEBUG] Accepted segment [9216:10240], variance=0.0520, QRS count=5
2025-10-08 17:28:30,676 [DEBUG] Accepted segment [9728:10752], variance=0.0495, QRS count=5
2025-10-08 17:28:30,681 [DEBUG] Accepted segment [10240:11264], variance=0.0569, QRS count=5
2025-10-08 17:28:30,686 [DEBUG] Accepted segment [10752:11776], variance=0.0581, QRS count=5
2025-10-08 17:28:30,691 [DEBUG] Accepted segment [11264:12288], variance=0.0586, QRS count=6
2025-10-08 17:28:30,696 [DEBUG] Accepted segment [11776:12800], variance=0.0491, QRS count=6
2025-10-08 17:28:30,701 [DEBUG] Accepted segment [12288:13312], variance=0.0499, QRS count=5
2025-10-08 17:28:30,707 [DEBUG] Accepted segment [12800:13824], variance=0.0607, QRS count=5
2025-10-08 17:28:30,712 [DEBUG] Accepted segment [13312:14336], variance=0.0595, QRS count=5
2025-10-08 17:28:30,717 [DEBUG] Accepted segment [13824:14848], variance=0.0566, QRS count=6
2025-10-08 17:28:30,723 [DEBUG] Accepted segment [14336:15360], variance=0.0585, QRS count=6
2025-10-08 17:28:30,728 [DEBUG] Accepted segment [14848:15872], variance=0.0575, QRS count=6
2025-10-08 17:28:30,733 [DEBUG] Accepted segment [15360:16384], variance=0.0520, QRS count=5
2025-10-08 17:28:30,739 [DEBUG] Accepted segment [15872:16896], variance=0.0511, QRS count=5
2025-10-08 17:28:30,744 [DEBUG] Accepted segment [16384:17408], variance=0.0506, QRS count=5
2025-10-08 17:28:30,751 [DEBUG] Accepted segment [16896:17920], variance=0.0476, QRS count=5
2025-10-08 17:28:30,756 [DEBUG] Accepted segment [17408:18432], variance=0.0447, QRS count=5
2025-10-08 17:28:30,762 [DEBUG] Accepted segment [17920:18944], variance=0.0474, QRS count=6
2025-10-08 17:28:30,767 [DEBUG] Accepted segment [18432:19456], variance=0.0513, QRS count=6
2025-10-08 17:28:30,773 [DEBUG] Accepted segment [18944:19968], variance=0.0520, QRS count=5
2025-10-08 17:28:30,779 [DEBUG] Accepted segment [19456:20480], variance=0.0518, QRS count=5
2025-10-08 17:28:30,784 [DEBUG] Accepted segment [19968:20992], variance=0.0535, QRS count=5
2025-10-08 17:28:30,790 [DEBUG] Accepted segment [20480:21504], variance=0.0570, QRS count=5
2025-10-08 17:28:30,796 [DEBUG] Accepted segment [20992:22016], variance=0.0584, QRS count=5
2025-10-08 17:28:30,801 [DEBUG] Accepted segment [21504:22528], variance=0.0589, QRS count=5
2025-10-08 17:28:30,807 [DEBUG] Accepted segment [22016:23040], variance=0.0598, QRS count=6
2025-10-08 17:28:30,812 [DEBUG] Accepted segment [22528:23552], variance=0.0604, QRS count=6
2025-10-08 17:28:30,818 [DEBUG] Accepted segment [23040:24064], variance=0.0594, QRS count=5
2025-10-08 17:28:30,824 [DEBUG] Accepted segment [23552:24576], variance=0.0598, QRS count=6
2025-10-08 17:28:30,830 [DEBUG] Accepted segment [24064:25088], variance=0.0620, QRS count=6
2025-10-08 17:28:30,836 [DEBUG] Accepted segment [24576:25600], variance=0.1251, QRS count=6
2025-10-08 17:28:30,841 [DEBUG] Accepted segment [25088:26112], variance=0.1270, QRS count=6
2025-10-08 17:28:30,847 [DEBUG] Accepted segment [25600:26624], variance=0.0756, QRS count=6
2025-10-08 17:28:30,852 [DEBUG] Accepted segment [26112:27136], variance=0.0709, QRS count=6
2025-10-08 17:28:30,858 [DEBUG] Accepted segment [26624:27648], variance=0.0589, QRS count=6
2025-10-08 17:28:30,864 [DEBUG] Accepted segment [27136:28160], variance=0.0584, QRS count=6
2025-10-08 17:28:30,869 [DEBUG] Accepted segment [27648:28672], variance=0.0565, QRS count=6
2025-10-08 17:28:30,875 [DEBUG] Accepted segment [28160:29184], variance=0.0559, QRS count=6
2025-10-08 17:28:30,881 [DEBUG] Accepted segment [28672:29696], variance=0.0563, QRS count=6
2025-10-08 17:28:30,886 [DEBUG] Accepted segment [29184:30208], variance=0.0540, QRS count=6
2025-10-08 17:28:30,892 [DEBUG] Accepted segment [29696:30720], variance=0.0480, QRS count=6
2025-10-08 17:28:30,897 [DEBUG] Accepted segment [30208:31232], variance=0.0466, QRS count=5
2025-10-08 17:28:30,902 [DEBUG] Accepted segment [30720:31744], variance=0.0484, QRS count=5
2025-10-08 17:28:30,908 [DEBUG] Accepted segment [31232:32256], variance=0.0523, QRS count=6
2025-10-08 17:28:30,914 [DEBUG] Accepted segment [31744:32768], variance=0.0579, QRS count=6
2025-10-08 17:28:30,919 [DEBUG] Accepted segment [32256:33280], variance=0.0605, QRS count=5
2025-10-08 17:28:30,925 [DEBUG] Accepted segment [32768:33792], variance=0.0593, QRS count=5
2025-10-08 17:28:30,931 [DEBUG] Accepted segment [33280:34304], variance=0.0577, QRS count=5
2025-10-08 17:28:30,937 [DEBUG] Accepted segment [33792:34816], variance=0.0579, QRS count=6
2025-10-08 17:28:30,943 [DEBUG] Accepted segment [34304:35328], variance=0.0569, QRS count=6
2025-10-08 17:28:30,948 [DEBUG] Accepted segment [34816:35840], variance=0.0569, QRS count=6
2025-10-08 17:28:30,953 [DEBUG] Accepted segment [35328:36352], variance=0.0586, QRS count=6
2025-10-08 17:28:30,959 [DEBUG] Accepted segment [35840:36864], variance=0.0496, QRS count=6
2025-10-08 17:28:30,964 [DEBUG] Accepted segment [36352:37376], variance=0.0498, QRS count=5
2025-10-08 17:28:30,970 [DEBUG] Accepted segment [36864:37888], variance=0.0598, QRS count=5
2025-10-08 17:28:30,976 [DEBUG] Accepted segment [37376:38400], variance=0.0608, QRS count=5
2025-10-08 17:28:30,982 [DEBUG] Accepted segment [37888:38912], variance=0.0619, QRS count=5
2025-10-08 17:28:30,988 [DEBUG] Accepted segment [38400:39424], variance=0.0603, QRS count=6
2025-10-08 17:28:30,993 [DEBUG] Accepted segment [38912:39936], variance=0.0589, QRS count=6
2025-10-08 17:28:30,999 [DEBUG] Accepted segment [39424:40448], variance=0.0607, QRS count=6
2025-10-08 17:28:31,005 [DEBUG] Accepted segment [39936:40960], variance=0.0523, QRS count=6
2025-10-08 17:28:31,013 [DEBUG] Accepted segment [40448:41472], variance=0.0519, QRS count=5
2025-10-08 17:28:31,018 [DEBUG] Accepted segment [40960:41984], variance=0.0605, QRS count=5
2025-10-08 17:28:31,024 [DEBUG] Accepted segment [41472:42496], variance=0.0594, QRS count=5
2025-10-08 17:28:31,029 [DEBUG] Accepted segment [41984:43008], variance=0.0573, QRS count=6
2025-10-08 17:28:31,035 [DEBUG] Accepted segment [42496:43520], variance=0.0570, QRS count=6
2025-10-08 17:28:31,042 [DEBUG] Accepted segment [43008:44032], variance=0.0501, QRS count=5
2025-10-08 17:28:31,048 [DEBUG] Accepted segment [43520:44544], variance=0.0484, QRS count=5
2025-10-08 17:28:31,054 [DEBUG] Accepted segment [44032:45056], variance=0.0558, QRS count=5
2025-10-08 17:28:31,059 [DEBUG] Accepted segment [44544:45568], variance=0.0570, QRS count=5
2025-10-08 17:28:31,066 [DEBUG] Accepted segment [45056:46080], variance=0.0533, QRS count=5
2025-10-08 17:28:31,074 [DEBUG] Accepted segment [45568:46592], variance=0.0483, QRS count=6
2025-10-08 17:28:31,080 [DEBUG] Accepted segment [46080:47104], variance=0.0507, QRS count=6
2025-10-08 17:28:31,087 [DEBUG] Accepted segment [46592:47616], variance=0.0576, QRS count=6
2025-10-08 17:28:31,094 [DEBUG] Accepted segment [47104:48128], variance=0.0606, QRS count=6
2025-10-08 17:28:31,101 [DEBUG] Accepted segment [47616:48640], variance=0.0595, QRS count=6
2025-10-08 17:28:31,107 [DEBUG] Accepted segment [48128:49152], variance=0.0510, QRS count=6
2025-10-08 17:28:31,114 [DEBUG] Accepted segment [48640:49664], variance=0.0516, QRS count=5
2025-10-08 17:28:31,120 [DEBUG] Accepted segment [49152:50176], variance=0.0585, QRS count=5
2025-10-08 17:28:31,126 [DEBUG] Accepted segment [49664:50688], variance=0.0584, QRS count=5
2025-10-08 17:28:31,132 [DEBUG] Accepted segment [50176:51200], variance=0.0589, QRS count=6
2025-10-08 17:28:31,139 [DEBUG] Accepted segment [50688:51712], variance=0.0584, QRS count=6
2025-10-08 17:28:31,146 [DEBUG] Accepted segment [51200:52224], variance=0.0501, QRS count=5
2025-10-08 17:28:31,153 [DEBUG] Accepted segment [51712:52736], variance=0.0509, QRS count=5
2025-10-08 17:28:31,163 [DEBUG] Accepted segment [52224:53248], variance=0.0593, QRS count=5
2025-10-08 17:28:31,170 [DEBUG] Accepted segment [52736:53760], variance=0.0583, QRS count=6
2025-10-08 17:28:31,177 [DEBUG] Accepted segment [53248:54272], variance=0.0595, QRS count=5
2025-10-08 17:28:31,184 [DEBUG] Accepted segment [53760:54784], variance=0.0531, QRS count=5
2025-10-08 17:28:31,191 [DEBUG] Accepted segment [54272:55296], variance=0.0531, QRS count=5
2025-10-08 17:28:31,199 [DEBUG] Accepted segment [54784:55808], variance=0.0593, QRS count=5
2025-10-08 17:28:31,206 [DEBUG] Accepted segment [55296:56320], variance=0.0602, QRS count=5
2025-10-08 17:28:31,213 [DEBUG] Accepted segment [55808:56832], variance=0.0621, QRS count=5
2025-10-08 17:28:31,220 [DEBUG] Accepted segment [56320:57344], variance=0.0596, QRS count=5
2025-10-08 17:28:31,226 [DEBUG] Accepted segment [56832:57856], variance=0.0563, QRS count=6
2025-10-08 17:28:31,233 [DEBUG] Accepted segment [57344:58368], variance=0.0567, QRS count=6
2025-10-08 17:28:31,239 [DEBUG] Accepted segment [57856:58880], variance=0.0583, QRS count=5
2025-10-08 17:28:31,246 [DEBUG] Accepted segment [58368:59392], variance=0.0492, QRS count=5
2025-10-08 17:28:31,252 [DEBUG] Accepted segment [58880:59904], variance=0.0492, QRS count=5
2025-10-08 17:28:31,260 [DEBUG] Accepted segment [59392:60416], variance=0.0592, QRS count=5
2025-10-08 17:28:31,267 [DEBUG] Accepted segment [59904:60928], variance=0.0586, QRS count=5
2025-10-08 17:28:31,273 [DEBUG] Accepted segment [60416:61440], variance=0.0579, QRS count=6
2025-10-08 17:28:31,280 [DEBUG] Accepted segment [60928:61952], variance=0.0584, QRS count=6
2025-10-08 17:28:31,287 [DEBUG] Accepted segment [61440:62464], variance=0.0588, QRS count=5
2025-10-08 17:28:31,293 [DEBUG] Accepted segment [61952:62976], variance=0.0565, QRS count=5
2025-10-08 17:28:31,300 [DEBUG] Accepted segment [62464:63488], variance=0.0485, QRS count=6
2025-10-08 17:28:31,306 [DEBUG] Accepted segment [62976:64000], variance=0.0508, QRS count=5
2025-10-08 17:28:31,313 [DEBUG] Accepted segment [63488:64512], variance=0.0608, QRS count=5
2025-10-08 17:28:31,319 [DEBUG] Accepted segment [64000:65024], variance=0.0619, QRS count=5
2025-10-08 17:28:31,325 [DEBUG] Accepted segment [64512:65536], variance=0.0587, QRS count=5
2025-10-08 17:28:31,332 [DEBUG] Accepted segment [65024:66048], variance=0.0603, QRS count=5
2025-10-08 17:28:31,339 [DEBUG] Accepted segment [65536:66560], variance=0.0623, QRS count=5
2025-10-08 17:28:31,345 [DEBUG] Accepted segment [66048:67072], variance=0.0612, QRS count=5
2025-10-08 17:28:31,351 [DEBUG] Accepted segment [66560:67584], variance=0.0614, QRS count=6
2025-10-08 17:28:31,357 [DEBUG] Accepted segment [67072:68096], variance=0.0627, QRS count=6
2025-10-08 17:28:31,364 [DEBUG] Accepted segment [67584:68608], variance=0.0535, QRS count=5
2025-10-08 17:28:31,370 [DEBUG] Accepted segment [68096:69120], variance=0.0529, QRS count=5
2025-10-08 17:28:31,376 [DEBUG] Accepted segment [68608:69632], variance=0.0620, QRS count=5
2025-10-08 17:28:31,383 [DEBUG] Accepted segment [69120:70144], variance=0.0512, QRS count=6
2025-10-08 17:28:31,390 [DEBUG] Accepted segment [69632:70656], variance=0.0508, QRS count=5
2025-10-08 17:28:31,397 [DEBUG] Accepted segment [70144:71168], variance=0.0623, QRS count=5
2025-10-08 17:28:31,404 [DEBUG] Accepted segment [70656:71680], variance=0.0649, QRS count=5
2025-10-08 17:28:31,410 [DEBUG] Accepted segment [71168:72192], variance=0.0649, QRS count=6
2025-10-08 17:28:31,417 [DEBUG] Accepted segment [71680:72704], variance=0.0643, QRS count=6
2025-10-08 17:28:31,423 [DEBUG] Accepted segment [72192:73216], variance=0.0546, QRS count=6
2025-10-08 17:28:31,430 [DEBUG] Accepted segment [72704:73728], variance=0.0550, QRS count=5
2025-10-08 17:28:31,437 [DEBUG] Accepted segment [73216:74240], variance=0.0646, QRS count=5
2025-10-08 17:28:31,443 [DEBUG] Accepted segment [73728:74752], variance=0.0630, QRS count=5
2025-10-08 17:28:31,449 [DEBUG] Accepted segment [74240:75264], variance=0.0623, QRS count=6
2025-10-08 17:28:31,455 [DEBUG] Accepted segment [74752:75776], variance=0.0621, QRS count=6
2025-10-08 17:28:31,461 [DEBUG] Accepted segment [75264:76288], variance=0.0509, QRS count=6
2025-10-08 17:28:31,467 [DEBUG] Accepted segment [75776:76800], variance=0.0518, QRS count=5
2025-10-08 17:28:31,473 [DEBUG] Accepted segment [76288:77312], variance=0.0641, QRS count=5
2025-10-08 17:28:31,478 [DEBUG] Accepted segment [76800:77824], variance=0.0659, QRS count=5
2025-10-08 17:28:31,484 [DEBUG] Accepted segment [77312:78336], variance=0.0647, QRS count=6
2025-10-08 17:28:31,490 [DEBUG] Accepted segment [77824:78848], variance=0.0543, QRS count=5
2025-10-08 17:28:31,496 [DEBUG] Accepted segment [78336:79360], variance=0.0534, QRS count=5
2025-10-08 17:28:31,502 [DEBUG] Accepted segment [78848:79872], variance=0.0600, QRS count=5
2025-10-08 17:28:31,508 [DEBUG] Accepted segment [79360:80384], variance=0.0605, QRS count=6
2025-10-08 17:28:31,513 [DEBUG] Accepted segment [79872:80896], variance=0.0530, QRS count=5
2025-10-08 17:28:31,519 [DEBUG] Accepted segment [80384:81408], variance=0.0525, QRS count=5
2025-10-08 17:28:31,525 [DEBUG] Accepted segment [80896:81920], variance=0.0614, QRS count=5
2025-10-08 17:28:31,531 [DEBUG] Accepted segment [81408:82432], variance=0.0623, QRS count=6
2025-10-08 17:28:31,536 [DEBUG] Accepted segment [81920:82944], variance=0.0606, QRS count=5
2025-10-08 17:28:31,542 [DEBUG] Accepted segment [82432:83456], variance=0.0508, QRS count=5
2025-10-08 17:28:31,548 [DEBUG] Accepted segment [82944:83968], variance=0.0525, QRS count=5
2025-10-08 17:28:31,554 [DEBUG] Accepted segment [83456:84480], variance=0.0618, QRS count=5
2025-10-08 17:28:31,560 [DEBUG] Accepted segment [83968:84992], variance=0.0601, QRS count=5
2025-10-08 17:28:31,565 [DEBUG] Accepted segment [84480:85504], variance=0.0589, QRS count=5
2025-10-08 17:28:31,571 [DEBUG] Accepted segment [84992:86016], variance=0.0579, QRS count=6
2025-10-08 17:28:31,578 [DEBUG] Accepted segment [85504:86528], variance=0.0604, QRS count=6
2025-10-08 17:28:31,584 [DEBUG] Accepted segment [86016:87040], variance=0.0538, QRS count=5
2025-10-08 17:28:31,590 [DEBUG] Accepted segment [86528:87552], variance=0.0515, QRS count=5
2025-10-08 17:28:31,596 [DEBUG] Accepted segment [87040:88064], variance=0.0609, QRS count=5
2025-10-08 17:28:31,602 [DEBUG] Accepted segment [87552:88576], variance=0.0617, QRS count=5
2025-10-08 17:28:31,608 [DEBUG] Accepted segment [88064:89088], variance=0.0498, QRS count=5
2025-10-08 17:28:31,613 [DEBUG] Accepted segment [88576:89600], variance=0.0489, QRS count=5
2025-10-08 17:28:31,618 [DEBUG] Accepted segment [89088:90112], variance=0.0603, QRS count=5
2025-10-08 17:28:31,624 [DEBUG] Accepted segment [89600:90624], variance=0.0612, QRS count=6
2025-10-08 17:28:31,629 [DEBUG] Accepted segment [90112:91136], variance=0.0612, QRS count=6
2025-10-08 17:28:31,634 [DEBUG] Accepted segment [90624:91648], variance=0.0535, QRS count=5
2025-10-08 17:28:31,640 [DEBUG] Accepted segment [91136:92160], variance=0.0552, QRS count=5
2025-10-08 17:28:31,645 [DEBUG] Accepted segment [91648:92672], variance=0.0635, QRS count=5
2025-10-08 17:28:31,651 [DEBUG] Accepted segment [92160:93184], variance=0.0609, QRS count=5
2025-10-08 17:28:31,656 [DEBUG] Accepted segment [92672:93696], variance=0.0534, QRS count=6
2025-10-08 17:28:31,662 [DEBUG] Accepted segment [93184:94208], variance=0.0553, QRS count=5
2025-10-08 17:28:31,668 [DEBUG] Accepted segment [93696:94720], variance=0.0625, QRS count=5
2025-10-08 17:28:31,674 [DEBUG] Accepted segment [94208:95232], variance=0.0619, QRS count=5
2025-10-08 17:28:31,680 [DEBUG] Accepted segment [94720:95744], variance=0.0629, QRS count=6
2025-10-08 17:28:31,685 [DEBUG] Accepted segment [95232:96256], variance=0.0528, QRS count=5
2025-10-08 17:28:31,691 [DEBUG] Accepted segment [95744:96768], variance=0.0525, QRS count=5
2025-10-08 17:28:31,696 [DEBUG] Accepted segment [96256:97280], variance=0.0625, QRS count=5
2025-10-08 17:28:31,701 [DEBUG] Accepted segment [96768:97792], variance=0.0602, QRS count=6
2025-10-08 17:28:31,707 [DEBUG] Accepted segment [97280:98304], variance=0.0574, QRS count=6
2025-10-08 17:28:31,712 [DEBUG] Accepted segment [97792:98816], variance=0.0569, QRS count=6
2025-10-08 17:28:31,717 [DEBUG] Accepted segment [98304:99328], variance=0.0501, QRS count=6
2025-10-08 17:28:31,723 [DEBUG] Accepted segment [98816:99840], variance=0.0510, QRS count=5
2025-10-08 17:28:31,728 [DEBUG] Accepted segment [99328:100352], variance=0.0579, QRS count=5
2025-10-08 17:28:31,733 [DEBUG] Accepted segment [99840:100864], variance=0.0583, QRS count=5
2025-10-08 17:28:31,739 [DEBUG] Accepted segment [100352:101376], variance=0.0604, QRS count=5
2025-10-08 17:28:31,744 [DEBUG] Accepted segment [100864:101888], variance=0.0593, QRS count=6
2025-10-08 17:28:31,749 [DEBUG] Accepted segment [101376:102400], variance=0.0568, QRS count=6
2025-10-08 17:28:31,754 [DEBUG] Accepted segment [101888:102912], variance=0.0552, QRS count=6
2025-10-08 17:28:31,759 [DEBUG] Accepted segment [102400:103424], variance=0.0554, QRS count=6
2025-10-08 17:28:31,765 [DEBUG] Accepted segment [102912:103936], variance=0.0574, QRS count=6
2025-10-08 17:28:31,771 [DEBUG] Accepted segment [103424:104448], variance=0.0576, QRS count=5
2025-10-08 17:28:31,776 [DEBUG] Accepted segment [103936:104960], variance=0.0472, QRS count=6
2025-10-08 17:28:31,781 [DEBUG] Accepted segment [104448:105472], variance=0.0462, QRS count=5
2025-10-08 17:28:31,787 [DEBUG] Accepted segment [104960:105984], variance=0.0554, QRS count=5
2025-10-08 17:28:31,792 [DEBUG] Accepted segment [105472:106496], variance=0.0562, QRS count=5
2025-10-08 17:28:31,797 [DEBUG] Accepted segment [105984:107008], variance=0.0543, QRS count=5
2025-10-08 17:28:31,802 [DEBUG] Accepted segment [106496:107520], variance=0.0518, QRS count=5
2025-10-08 17:28:31,807 [DEBUG] Accepted segment [107008:108032], variance=0.0523, QRS count=5
2025-10-08 17:28:31,812 [DEBUG] Accepted segment [107520:108544], variance=0.0539, QRS count=5
2025-10-08 17:28:31,817 [DEBUG] Accepted segment [108032:109056], variance=0.0543, QRS count=5
2025-10-08 17:28:31,822 [DEBUG] Accepted segment [108544:109568], variance=0.0531, QRS count=6
2025-10-08 17:28:31,827 [DEBUG] Accepted segment [109056:110080], variance=0.0515, QRS count=6
2025-10-08 17:28:31,832 [DEBUG] Accepted segment [109568:110592], variance=0.0521, QRS count=6
2025-10-08 17:28:31,837 [DEBUG] Accepted segment [110080:111104], variance=0.1279, QRS count=6
2025-10-08 17:28:31,842 [DEBUG] Accepted segment [110592:111616], variance=0.1293, QRS count=5
2025-10-08 17:28:31,847 [DEBUG] Accepted segment [111104:112128], variance=0.0552, QRS count=6
2025-10-08 17:28:31,853 [DEBUG] Accepted segment [111616:112640], variance=0.0537, QRS count=6
2025-10-08 17:28:31,858 [DEBUG] Accepted segment [112128:113152], variance=0.0532, QRS count=6
2025-10-08 17:28:31,863 [DEBUG] Accepted segment [112640:113664], variance=0.0558, QRS count=6
2025-10-08 17:28:31,868 [DEBUG] Accepted segment [113152:114176], variance=0.0582, QRS count=5
2025-10-08 17:28:31,873 [DEBUG] Accepted segment [113664:114688], variance=0.0514, QRS count=6
2025-10-08 17:28:31,878 [DEBUG] Accepted segment [114176:115200], variance=0.0525, QRS count=5
2025-10-08 17:28:31,884 [DEBUG] Accepted segment [114688:115712], variance=0.0596, QRS count=5
2025-10-08 17:28:31,889 [DEBUG] Accepted segment [115200:116224], variance=0.0584, QRS count=5
2025-10-08 17:28:31,894 [DEBUG] Accepted segment [115712:116736], variance=0.0515, QRS count=6
2025-10-08 17:28:31,899 [DEBUG] Accepted segment [116224:117248], variance=0.0530, QRS count=5
2025-10-08 17:28:31,904 [DEBUG] Accepted segment [116736:117760], variance=0.0609, QRS count=5
2025-10-08 17:28:31,909 [DEBUG] Accepted segment [117248:118272], variance=0.0628, QRS count=5
2025-10-08 17:28:31,914 [DEBUG] Accepted segment [117760:118784], variance=0.0637, QRS count=6
2025-10-08 17:28:31,919 [DEBUG] Accepted segment [118272:119296], variance=0.0609, QRS count=6
2025-10-08 17:28:31,925 [DEBUG] Accepted segment [118784:119808], variance=0.0506, QRS count=6
2025-10-08 17:28:31,925 [DEBUG] Skipping segment [119296:120320] due to overlap with noise [120200:120500]
2025-10-08 17:28:31,925 [DEBUG] Skipping segment [119808:120832] due to overlap with noise [120200:120500]
2025-10-08 17:28:31,925 [DEBUG] Skipping segment [120320:121344] due to overlap with noise [120200:120500]
2025-10-08 17:28:31,931 [DEBUG] Accepted segment [120832:121856], variance=0.0428, QRS count=6
2025-10-08 17:28:31,936 [DEBUG] Accepted segment [121344:122368], variance=0.0406, QRS count=6
2025-10-08 17:28:31,942 [DEBUG] Accepted segment [121856:122880], variance=0.0365, QRS count=6
2025-10-08 17:28:31,947 [DEBUG] Accepted segment [122368:123392], variance=0.0401, QRS count=5
2025-10-08 17:28:31,953 [DEBUG] Accepted segment [122880:123904], variance=0.0464, QRS count=6
2025-10-08 17:28:31,958 [DEBUG] Accepted segment [123392:124416], variance=0.0520, QRS count=6
2025-10-08 17:28:31,964 [DEBUG] Accepted segment [123904:124928], variance=0.0439, QRS count=5
2025-10-08 17:28:31,969 [DEBUG] Accepted segment [124416:125440], variance=0.0354, QRS count=5
2025-10-08 17:28:31,974 [DEBUG] Accepted segment [124928:125952], variance=0.0386, QRS count=5
2025-10-08 17:28:31,981 [DEBUG] Accepted segment [125440:126464], variance=0.0365, QRS count=5
2025-10-08 17:28:31,986 [DEBUG] Accepted segment [125952:126976], variance=0.0365, QRS count=6
2025-10-08 17:28:31,991 [DEBUG] Accepted segment [126464:127488], variance=0.0327, QRS count=5
2025-10-08 17:28:31,996 [DEBUG] Accepted segment [126976:128000], variance=0.0325, QRS count=5
2025-10-08 17:28:31,996 [INFO] Segmented signal of length 128000 into 246 valid segments
2025-10-08 17:28:31,996 [DEBUG] ECG signal length: 128000, segments: 246
2025-10-08 17:28:32,013 [DEBUG] Accepted segment [0:1024], variance=0.0402, QRS count=6
2025-10-08 17:28:32,019 [DEBUG] Accepted segment [512:1536], variance=0.0419, QRS count=6
2025-10-08 17:28:32,025 [DEBUG] Accepted segment [1024:2048], variance=0.0415, QRS count=6
2025-10-08 17:28:32,031 [DEBUG] Accepted segment [1536:2560], variance=0.0390, QRS count=6
2025-10-08 17:28:32,036 [DEBUG] Accepted segment [2048:3072], variance=0.0377, QRS count=6
2025-10-08 17:28:32,041 [DEBUG] Accepted segment [2560:3584], variance=0.0409, QRS count=6
2025-10-08 17:28:32,048 [DEBUG] Accepted segment [3072:4096], variance=0.0414, QRS count=5
2025-10-08 17:28:32,054 [DEBUG] Accepted segment [3584:4608], variance=0.0384, QRS count=5
2025-10-08 17:28:32,060 [DEBUG] Accepted segment [4096:5120], variance=0.0392, QRS count=5
2025-10-08 17:28:32,067 [DEBUG] Accepted segment [4608:5632], variance=0.0402, QRS count=5
2025-10-08 17:28:32,074 [DEBUG] Accepted segment [5120:6144], variance=0.0394, QRS count=5
2025-10-08 17:28:32,080 [DEBUG] Accepted segment [5632:6656], variance=0.0395, QRS count=5
2025-10-08 17:28:32,085 [DEBUG] Accepted segment [6144:7168], variance=0.0415, QRS count=5
2025-10-08 17:28:32,090 [DEBUG] Accepted segment [6656:7680], variance=0.0433, QRS count=5
2025-10-08 17:28:32,096 [DEBUG] Accepted segment [7168:8192], variance=0.0412, QRS count=5
2025-10-08 17:28:32,101 [DEBUG] Accepted segment [7680:8704], variance=0.0387, QRS count=6
2025-10-08 17:28:32,106 [DEBUG] Accepted segment [8192:9216], variance=0.0424, QRS count=6
2025-10-08 17:28:32,112 [DEBUG] Accepted segment [8704:9728], variance=0.0459, QRS count=6
2025-10-08 17:28:32,117 [DEBUG] Accepted segment [9216:10240], variance=0.0427, QRS count=5
2025-10-08 17:28:32,123 [DEBUG] Accepted segment [9728:10752], variance=0.0465, QRS count=5
2025-10-08 17:28:32,128 [DEBUG] Accepted segment [10240:11264], variance=0.0452, QRS count=6
2025-10-08 17:28:32,133 [DEBUG] Accepted segment [10752:11776], variance=0.0496, QRS count=6
2025-10-08 17:28:32,138 [DEBUG] Accepted segment [11264:12288], variance=0.0525, QRS count=6
2025-10-08 17:28:32,144 [DEBUG] Accepted segment [11776:12800], variance=0.0397, QRS count=6
2025-10-08 17:28:32,149 [DEBUG] Accepted segment [12288:13312], variance=0.0377, QRS count=6
2025-10-08 17:28:32,154 [DEBUG] Accepted segment [12800:13824], variance=0.0388, QRS count=6
2025-10-08 17:28:32,160 [DEBUG] Accepted segment [13312:14336], variance=0.0378, QRS count=6
2025-10-08 17:28:32,166 [DEBUG] Accepted segment [13824:14848], variance=0.0385, QRS count=6
2025-10-08 17:28:32,172 [DEBUG] Accepted segment [14336:15360], variance=0.0398, QRS count=6
2025-10-08 17:28:32,178 [DEBUG] Accepted segment [14848:15872], variance=0.0393, QRS count=5
2025-10-08 17:28:32,183 [DEBUG] Accepted segment [15360:16384], variance=0.0346, QRS count=6
2025-10-08 17:28:32,188 [DEBUG] Accepted segment [15872:16896], variance=0.0356, QRS count=5
2025-10-08 17:28:32,194 [DEBUG] Accepted segment [16384:17408], variance=0.0412, QRS count=5
2025-10-08 17:28:32,200 [DEBUG] Accepted segment [16896:17920], variance=0.0429, QRS count=5
2025-10-08 17:28:32,205 [DEBUG] Accepted segment [17408:18432], variance=0.0438, QRS count=5
2025-10-08 17:28:32,211 [DEBUG] Accepted segment [17920:18944], variance=0.0445, QRS count=5
2025-10-08 17:28:32,216 [DEBUG] Accepted segment [18432:19456], variance=0.0446, QRS count=5
2025-10-08 17:28:32,222 [DEBUG] Accepted segment [18944:19968], variance=0.0441, QRS count=5
2025-10-08 17:28:32,227 [DEBUG] Accepted segment [19456:20480], variance=0.0441, QRS count=5
2025-10-08 17:28:32,232 [DEBUG] Accepted segment [19968:20992], variance=0.0429, QRS count=5
2025-10-08 17:28:32,238 [DEBUG] Accepted segment [20480:21504], variance=0.0406, QRS count=5
2025-10-08 17:28:32,243 [DEBUG] Accepted segment [20992:22016], variance=0.0402, QRS count=5
2025-10-08 17:28:32,248 [DEBUG] Accepted segment [21504:22528], variance=0.0406, QRS count=5
2025-10-08 17:28:32,254 [DEBUG] Accepted segment [22016:23040], variance=0.0405, QRS count=5
2025-10-08 17:28:32,259 [DEBUG] Accepted segment [22528:23552], variance=0.0406, QRS count=5
2025-10-08 17:28:32,264 [DEBUG] Accepted segment [23040:24064], variance=0.0412, QRS count=5
2025-10-08 17:28:32,270 [DEBUG] Accepted segment [23552:24576], variance=0.0423, QRS count=5
2025-10-08 17:28:32,275 [DEBUG] Accepted segment [24064:25088], variance=0.0420, QRS count=6
2025-10-08 17:28:32,280 [DEBUG] Accepted segment [24576:25600], variance=0.0412, QRS count=6
2025-10-08 17:28:32,286 [DEBUG] Accepted segment [25088:26112], variance=0.0412, QRS count=6
2025-10-08 17:28:32,291 [DEBUG] Accepted segment [25600:26624], variance=0.0407, QRS count=6
2025-10-08 17:28:32,297 [DEBUG] Accepted segment [26112:27136], variance=0.0394, QRS count=6
2025-10-08 17:28:32,303 [DEBUG] Accepted segment [26624:27648], variance=0.0471, QRS count=6
2025-10-08 17:28:32,308 [DEBUG] Accepted segment [27136:28160], variance=0.0493, QRS count=6
2025-10-08 17:28:32,314 [DEBUG] Accepted segment [27648:28672], variance=0.0420, QRS count=6
2025-10-08 17:28:32,319 [DEBUG] Accepted segment [28160:29184], variance=0.0394, QRS count=5
2025-10-08 17:28:32,324 [DEBUG] Accepted segment [28672:29696], variance=0.0345, QRS count=5
2025-10-08 17:28:32,329 [DEBUG] Accepted segment [29184:30208], variance=0.0353, QRS count=5
2025-10-08 17:28:32,334 [DEBUG] Accepted segment [29696:30720], variance=0.0395, QRS count=5
2025-10-08 17:28:32,339 [DEBUG] Accepted segment [30208:31232], variance=0.0400, QRS count=5
2025-10-08 17:28:32,344 [DEBUG] Accepted segment [30720:31744], variance=0.0419, QRS count=5
2025-10-08 17:28:32,349 [DEBUG] Accepted segment [31232:32256], variance=0.0425, QRS count=5
2025-10-08 17:28:32,355 [DEBUG] Accepted segment [31744:32768], variance=0.0409, QRS count=5
2025-10-08 17:28:32,360 [DEBUG] Accepted segment [32256:33280], variance=0.0398, QRS count=5
2025-10-08 17:28:32,364 [DEBUG] Accepted segment [32768:33792], variance=0.0410, QRS count=5
2025-10-08 17:28:32,369 [DEBUG] Accepted segment [33280:34304], variance=0.0416, QRS count=5
2025-10-08 17:28:32,374 [DEBUG] Accepted segment [33792:34816], variance=0.0405, QRS count=5
2025-10-08 17:28:32,379 [DEBUG] Accepted segment [34304:35328], variance=0.0395, QRS count=6
2025-10-08 17:28:32,384 [DEBUG] Accepted segment [34816:35840], variance=0.0397, QRS count=6
2025-10-08 17:28:32,389 [DEBUG] Accepted segment [35328:36352], variance=0.0419, QRS count=6
2025-10-08 17:28:32,394 [DEBUG] Accepted segment [35840:36864], variance=0.0427, QRS count=6
2025-10-08 17:28:32,400 [DEBUG] Accepted segment [36352:37376], variance=0.0419, QRS count=6
2025-10-08 17:28:32,404 [DEBUG] Accepted segment [36864:37888], variance=0.0411, QRS count=6
2025-10-08 17:28:32,409 [DEBUG] Accepted segment [37376:38400], variance=0.0402, QRS count=5
2025-10-08 17:28:32,415 [DEBUG] Accepted segment [37888:38912], variance=0.0358, QRS count=6
2025-10-08 17:28:32,420 [DEBUG] Accepted segment [38400:39424], variance=0.0363, QRS count=5
2025-10-08 17:28:32,426 [DEBUG] Accepted segment [38912:39936], variance=0.0418, QRS count=5
2025-10-08 17:28:32,431 [DEBUG] Accepted segment [39424:40448], variance=0.0436, QRS count=5
2025-10-08 17:28:32,436 [DEBUG] Accepted segment [39936:40960], variance=0.0433, QRS count=5
2025-10-08 17:28:32,441 [DEBUG] Accepted segment [40448:41472], variance=0.0420, QRS count=5
2025-10-08 17:28:32,446 [DEBUG] Accepted segment [40960:41984], variance=0.0409, QRS count=5
2025-10-08 17:28:32,451 [DEBUG] Accepted segment [41472:42496], variance=0.0399, QRS count=6
2025-10-08 17:28:32,456 [DEBUG] Accepted segment [41984:43008], variance=0.0410, QRS count=6
2025-10-08 17:28:32,461 [DEBUG] Accepted segment [42496:43520], variance=0.0423, QRS count=6
2025-10-08 17:28:32,466 [DEBUG] Accepted segment [43008:44032], variance=0.0413, QRS count=6
2025-10-08 17:28:32,471 [DEBUG] Accepted segment [43520:44544], variance=0.0393, QRS count=6
2025-10-08 17:28:32,477 [DEBUG] Accepted segment [44032:45056], variance=0.0401, QRS count=6
2025-10-08 17:28:32,482 [DEBUG] Accepted segment [44544:45568], variance=0.0421, QRS count=6
2025-10-08 17:28:32,487 [DEBUG] Accepted segment [45056:46080], variance=0.0420, QRS count=6
2025-10-08 17:28:32,492 [DEBUG] Accepted segment [45568:46592], variance=0.0406, QRS count=6
2025-10-08 17:28:32,497 [DEBUG] Accepted segment [46080:47104], variance=0.0402, QRS count=6
2025-10-08 17:28:32,502 [DEBUG] Accepted segment [46592:47616], variance=0.0409, QRS count=6
2025-10-08 17:28:32,507 [DEBUG] Accepted segment [47104:48128], variance=0.0409, QRS count=6
2025-10-08 17:28:32,511 [DEBUG] Accepted segment [47616:48640], variance=0.0406, QRS count=6
2025-10-08 17:28:32,516 [DEBUG] Accepted segment [48128:49152], variance=0.0408, QRS count=5
2025-10-08 17:28:32,521 [DEBUG] Accepted segment [48640:49664], variance=0.0422, QRS count=5
2025-10-08 17:28:32,526 [DEBUG] Accepted segment [49152:50176], variance=0.0407, QRS count=5
2025-10-08 17:28:32,531 [DEBUG] Accepted segment [49664:50688], variance=0.0342, QRS count=6
2025-10-08 17:28:32,536 [DEBUG] Accepted segment [50176:51200], variance=0.0361, QRS count=5
2025-10-08 17:28:32,540 [DEBUG] Accepted segment [50688:51712], variance=0.0422, QRS count=5
2025-10-08 17:28:32,545 [DEBUG] Accepted segment [51200:52224], variance=0.0421, QRS count=5
2025-10-08 17:28:32,550 [DEBUG] Accepted segment [51712:52736], variance=0.0413, QRS count=5
2025-10-08 17:28:32,555 [DEBUG] Accepted segment [52224:53248], variance=0.0424, QRS count=5
2025-10-08 17:28:32,559 [DEBUG] Accepted segment [52736:53760], variance=0.0428, QRS count=5
2025-10-08 17:28:32,564 [DEBUG] Accepted segment [53248:54272], variance=0.0407, QRS count=6
2025-10-08 17:28:32,569 [DEBUG] Accepted segment [53760:54784], variance=0.0401, QRS count=6
2025-10-08 17:28:32,574 [DEBUG] Accepted segment [54272:55296], variance=0.0403, QRS count=6
2025-10-08 17:28:32,579 [DEBUG] Accepted segment [54784:55808], variance=0.0409, QRS count=6
2025-10-08 17:28:32,584 [DEBUG] Accepted segment [55296:56320], variance=0.0409, QRS count=5
2025-10-08 17:28:32,589 [DEBUG] Accepted segment [55808:56832], variance=0.0340, QRS count=6
2025-10-08 17:28:32,594 [DEBUG] Accepted segment [56320:57344], variance=0.0343, QRS count=6
2025-10-08 17:28:32,599 [DEBUG] Accepted segment [56832:57856], variance=0.0403, QRS count=5
2025-10-08 17:28:32,604 [DEBUG] Accepted segment [57344:58368], variance=0.0385, QRS count=5
2025-10-08 17:28:32,608 [DEBUG] Accepted segment [57856:58880], variance=0.0381, QRS count=5
2025-10-08 17:28:32,613 [DEBUG] Accepted segment [58368:59392], variance=0.0402, QRS count=5
2025-10-08 17:28:32,618 [DEBUG] Accepted segment [58880:59904], variance=0.0411, QRS count=5
2025-10-08 17:28:32,623 [DEBUG] Accepted segment [59392:60416], variance=0.0399, QRS count=5
2025-10-08 17:28:32,628 [DEBUG] Accepted segment [59904:60928], variance=0.0400, QRS count=6
2025-10-08 17:28:32,632 [DEBUG] Accepted segment [60416:61440], variance=0.0408, QRS count=6
2025-10-08 17:28:32,637 [DEBUG] Accepted segment [60928:61952], variance=0.0404, QRS count=6
2025-10-08 17:28:32,642 [DEBUG] Accepted segment [61440:62464], variance=0.0402, QRS count=6
2025-10-08 17:28:32,647 [DEBUG] Accepted segment [61952:62976], variance=0.0393, QRS count=5
2025-10-08 17:28:32,652 [DEBUG] Accepted segment [62464:63488], variance=0.0352, QRS count=6
2025-10-08 17:28:32,657 [DEBUG] Accepted segment [62976:64000], variance=0.0403, QRS count=5
2025-10-08 17:28:32,661 [DEBUG] Accepted segment [63488:64512], variance=0.0450, QRS count=6
2025-10-08 17:28:32,666 [DEBUG] Accepted segment [64000:65024], variance=0.0414, QRS count=6
2025-10-08 17:28:32,671 [DEBUG] Accepted segment [64512:65536], variance=0.0425, QRS count=6
2025-10-08 17:28:32,676 [DEBUG] Accepted segment [65024:66048], variance=0.0414, QRS count=6
2025-10-08 17:28:32,680 [DEBUG] Accepted segment [65536:66560], variance=0.0358, QRS count=6
2025-10-08 17:28:32,685 [DEBUG] Accepted segment [66048:67072], variance=0.0355, QRS count=6
2025-10-08 17:28:32,691 [DEBUG] Accepted segment [66560:67584], variance=0.0398, QRS count=5
2025-10-08 17:28:32,696 [DEBUG] Accepted segment [67072:68096], variance=0.0410, QRS count=5
2025-10-08 17:28:32,700 [DEBUG] Accepted segment [67584:68608], variance=0.0393, QRS count=5
2025-10-08 17:28:32,705 [DEBUG] Accepted segment [68096:69120], variance=0.0400, QRS count=5
2025-10-08 17:28:32,710 [DEBUG] Accepted segment [68608:69632], variance=0.0419, QRS count=5
2025-10-08 17:28:32,715 [DEBUG] Accepted segment [69120:70144], variance=0.0409, QRS count=5
2025-10-08 17:28:32,719 [DEBUG] Accepted segment [69632:70656], variance=0.0407, QRS count=5
2025-10-08 17:28:32,724 [DEBUG] Accepted segment [70144:71168], variance=0.0428, QRS count=6
2025-10-08 17:28:32,728 [DEBUG] Accepted segment [70656:71680], variance=0.0434, QRS count=6
2025-10-08 17:28:32,733 [DEBUG] Accepted segment [71168:72192], variance=0.1024, QRS count=6
2025-10-08 17:28:32,737 [DEBUG] Accepted segment [71680:72704], variance=0.1012, QRS count=6
2025-10-08 17:28:32,741 [DEBUG] Accepted segment [72192:73216], variance=0.0421, QRS count=6
2025-10-08 17:28:32,746 [DEBUG] Accepted segment [72704:73728], variance=0.0443, QRS count=6
2025-10-08 17:28:32,750 [DEBUG] Accepted segment [73216:74240], variance=0.0363, QRS count=5
2025-10-08 17:28:32,755 [DEBUG] Accepted segment [73728:74752], variance=0.0346, QRS count=5
2025-10-08 17:28:32,759 [DEBUG] Accepted segment [74240:75264], variance=0.0419, QRS count=5
2025-10-08 17:28:32,764 [DEBUG] Accepted segment [74752:75776], variance=0.0424, QRS count=5
2025-10-08 17:28:32,768 [DEBUG] Accepted segment [75264:76288], variance=0.0417, QRS count=6
2025-10-08 17:28:32,772 [DEBUG] Accepted segment [75776:76800], variance=0.0351, QRS count=5
2025-10-08 17:28:32,777 [DEBUG] Accepted segment [76288:77312], variance=0.0362, QRS count=5
2025-10-08 17:28:32,782 [DEBUG] Accepted segment [76800:77824], variance=0.0426, QRS count=5
2025-10-08 17:28:32,787 [DEBUG] Accepted segment [77312:78336], variance=0.0413, QRS count=5
2025-10-08 17:28:32,791 [DEBUG] Accepted segment [77824:78848], variance=0.0425, QRS count=6
2025-10-08 17:28:32,796 [DEBUG] Accepted segment [78336:79360], variance=0.0376, QRS count=6
2025-10-08 17:28:32,801 [DEBUG] Accepted segment [78848:79872], variance=0.0357, QRS count=5
2025-10-08 17:28:32,805 [DEBUG] Accepted segment [79360:80384], variance=0.0419, QRS count=5
2025-10-08 17:28:32,809 [DEBUG] Accepted segment [79872:80896], variance=0.0437, QRS count=5
2025-10-08 17:28:32,814 [DEBUG] Accepted segment [80384:81408], variance=0.0438, QRS count=6
2025-10-08 17:28:32,818 [DEBUG] Accepted segment [80896:81920], variance=0.0365, QRS count=5
2025-10-08 17:28:32,823 [DEBUG] Accepted segment [81408:82432], variance=0.0377, QRS count=5
2025-10-08 17:28:32,829 [DEBUG] Accepted segment [81920:82944], variance=0.0453, QRS count=5
2025-10-08 17:28:32,834 [DEBUG] Accepted segment [82432:83456], variance=0.0444, QRS count=5
2025-10-08 17:28:32,838 [DEBUG] Accepted segment [82944:83968], variance=0.0439, QRS count=6
2025-10-08 17:28:32,843 [DEBUG] Accepted segment [83456:84480], variance=0.0381, QRS count=6
2025-10-08 17:28:32,847 [DEBUG] Accepted segment [83968:84992], variance=0.0375, QRS count=5
2025-10-08 17:28:32,852 [DEBUG] Accepted segment [84480:85504], variance=0.0438, QRS count=5
2025-10-08 17:28:32,857 [DEBUG] Accepted segment [84992:86016], variance=0.0450, QRS count=5
2025-10-08 17:28:32,861 [DEBUG] Accepted segment [85504:86528], variance=0.0438, QRS count=6
2025-10-08 17:28:32,866 [DEBUG] Accepted segment [86016:87040], variance=0.0395, QRS count=6
2025-10-08 17:28:32,870 [DEBUG] Accepted segment [86528:87552], variance=0.0371, QRS count=6
2025-10-08 17:28:32,875 [DEBUG] Accepted segment [87040:88064], variance=0.0333, QRS count=5
2025-10-08 17:28:32,880 [DEBUG] Accepted segment [87552:88576], variance=0.0367, QRS count=5
2025-10-08 17:28:32,885 [DEBUG] Accepted segment [88064:89088], variance=0.0441, QRS count=6
2025-10-08 17:28:32,890 [DEBUG] Accepted segment [88576:89600], variance=0.0408, QRS count=5
2025-10-08 17:28:32,894 [DEBUG] Accepted segment [89088:90112], variance=0.0355, QRS count=5
2025-10-08 17:28:32,899 [DEBUG] Accepted segment [89600:90624], variance=0.0369, QRS count=5
2025-10-08 17:28:32,904 [DEBUG] Accepted segment [90112:91136], variance=0.0406, QRS count=5
2025-10-08 17:28:32,909 [DEBUG] Accepted segment [90624:91648], variance=0.0398, QRS count=5
2025-10-08 17:28:32,914 [DEBUG] Accepted segment [91136:92160], variance=0.0410, QRS count=5
2025-10-08 17:28:32,918 [DEBUG] Accepted segment [91648:92672], variance=0.0432, QRS count=5
2025-10-08 17:28:32,923 [DEBUG] Accepted segment [92160:93184], variance=0.0428, QRS count=6
2025-10-08 17:28:32,927 [DEBUG] Accepted segment [92672:93696], variance=0.1231, QRS count=6
2025-10-08 17:28:32,932 [DEBUG] Accepted segment [93184:94208], variance=0.1247, QRS count=6
2025-10-08 17:28:32,936 [DEBUG] Accepted segment [93696:94720], variance=0.0461, QRS count=6
2025-10-08 17:28:32,941 [DEBUG] Accepted segment [94208:95232], variance=0.0474, QRS count=6
2025-10-08 17:28:32,946 [DEBUG] Accepted segment [94720:95744], variance=0.0470, QRS count=6
2025-10-08 17:28:32,951 [DEBUG] Accepted segment [95232:96256], variance=0.0389, QRS count=5
2025-10-08 17:28:32,955 [DEBUG] Accepted segment [95744:96768], variance=0.0370, QRS count=5
2025-10-08 17:28:32,960 [DEBUG] Accepted segment [96256:97280], variance=0.0435, QRS count=5
2025-10-08 17:28:32,965 [DEBUG] Accepted segment [96768:97792], variance=0.0446, QRS count=6
2025-10-08 17:28:32,970 [DEBUG] Accepted segment [97280:98304], variance=0.0436, QRS count=5
2025-10-08 17:28:32,975 [DEBUG] Accepted segment [97792:98816], variance=0.0419, QRS count=5
2025-10-08 17:28:32,979 [DEBUG] Accepted segment [98304:99328], variance=0.0424, QRS count=5
2025-10-08 17:28:32,984 [DEBUG] Accepted segment [98816:99840], variance=0.0469, QRS count=5
2025-10-08 17:28:32,989 [DEBUG] Accepted segment [99328:100352], variance=0.0437, QRS count=5
2025-10-08 17:28:32,994 [DEBUG] Accepted segment [99840:100864], variance=0.0338, QRS count=6
2025-10-08 17:28:32,999 [DEBUG] Accepted segment [100352:101376], variance=0.0349, QRS count=6
2025-10-08 17:28:33,003 [DEBUG] Accepted segment [100864:101888], variance=0.0390, QRS count=5
2025-10-08 17:28:33,008 [DEBUG] Accepted segment [101376:102400], variance=0.0407, QRS count=5
2025-10-08 17:28:33,013 [DEBUG] Accepted segment [101888:102912], variance=0.0429, QRS count=5
2025-10-08 17:28:33,018 [DEBUG] Accepted segment [102400:103424], variance=0.0422, QRS count=5
2025-10-08 17:28:33,022 [DEBUG] Accepted segment [102912:103936], variance=0.0401, QRS count=6
2025-10-08 17:28:33,027 [DEBUG] Accepted segment [103424:104448], variance=0.0405, QRS count=6
2025-10-08 17:28:33,032 [DEBUG] Accepted segment [103936:104960], variance=0.0415, QRS count=6
2025-10-08 17:28:33,037 [DEBUG] Accepted segment [104448:105472], variance=0.0408, QRS count=6
2025-10-08 17:28:33,042 [DEBUG] Accepted segment [104960:105984], variance=0.0404, QRS count=6
2025-10-08 17:28:33,042 [DEBUG] Skipping segment [105472:106496] due to overlap with noise [106400:107000]
2025-10-08 17:28:33,042 [DEBUG] Skipping segment [105984:107008] due to overlap with noise [106400:107000]
2025-10-08 17:28:33,042 [DEBUG] Skipping segment [106496:107520] due to overlap with noise [106400:107000]
2025-10-08 17:28:33,047 [DEBUG] Accepted segment [107008:108032], variance=0.0702, QRS count=6
2025-10-08 17:28:33,052 [DEBUG] Accepted segment [107520:108544], variance=0.0616, QRS count=6
2025-10-08 17:28:33,056 [DEBUG] Accepted segment [108032:109056], variance=0.0688, QRS count=7
2025-10-08 17:28:33,061 [DEBUG] Accepted segment [108544:109568], variance=0.0644, QRS count=6
2025-10-08 17:28:33,066 [DEBUG] Accepted segment [109056:110080], variance=0.0488, QRS count=6
2025-10-08 17:28:33,072 [DEBUG] Accepted segment [109568:110592], variance=0.0477, QRS count=6
2025-10-08 17:28:33,077 [DEBUG] Accepted segment [110080:111104], variance=0.0440, QRS count=6
2025-10-08 17:28:33,082 [DEBUG] Accepted segment [110592:111616], variance=0.0451, QRS count=7
2025-10-08 17:28:33,087 [DEBUG] Accepted segment [111104:112128], variance=0.0552, QRS count=6
2025-10-08 17:28:33,093 [DEBUG] Accepted segment [111616:112640], variance=0.0556, QRS count=6
2025-10-08 17:28:33,098 [DEBUG] Accepted segment [112128:113152], variance=0.0543, QRS count=6
2025-10-08 17:28:33,103 [DEBUG] Accepted segment [112640:113664], variance=0.0555, QRS count=6
2025-10-08 17:28:33,108 [DEBUG] Accepted segment [113152:114176], variance=0.0560, QRS count=5
2025-10-08 17:28:33,114 [DEBUG] Accepted segment [113664:114688], variance=0.0558, QRS count=5
2025-10-08 17:28:33,119 [DEBUG] Accepted segment [114176:115200], variance=0.0667, QRS count=5
2025-10-08 17:28:33,124 [DEBUG] Accepted segment [114688:115712], variance=0.0741, QRS count=6
2025-10-08 17:28:33,129 [DEBUG] Accepted segment [115200:116224], variance=0.0637, QRS count=6
2025-10-08 17:28:33,134 [DEBUG] Accepted segment [115712:116736], variance=0.0559, QRS count=6
2025-10-08 17:28:33,139 [DEBUG] Accepted segment [116224:117248], variance=0.0528, QRS count=6
2025-10-08 17:28:33,143 [DEBUG] Accepted segment [116736:117760], variance=0.0522, QRS count=5
2025-10-08 17:28:33,148 [DEBUG] Accepted segment [117248:118272], variance=0.0472, QRS count=6
2025-10-08 17:28:33,153 [DEBUG] Accepted segment [117760:118784], variance=0.0471, QRS count=5
2025-10-08 17:28:33,157 [DEBUG] Accepted segment [118272:119296], variance=0.0569, QRS count=5
2025-10-08 17:28:33,162 [DEBUG] Accepted segment [118784:119808], variance=0.0603, QRS count=5
2025-10-08 17:28:33,167 [DEBUG] Accepted segment [119296:120320], variance=0.0607, QRS count=5
2025-10-08 17:28:33,172 [DEBUG] Accepted segment [119808:120832], variance=0.0601, QRS count=6
2025-10-08 17:28:33,177 [DEBUG] Accepted segment [120320:121344], variance=0.0600, QRS count=6
2025-10-08 17:28:33,181 [DEBUG] Accepted segment [120832:121856], variance=0.0599, QRS count=6
2025-10-08 17:28:33,186 [DEBUG] Accepted segment [121344:122368], variance=0.0489, QRS count=5
2025-10-08 17:28:33,191 [DEBUG] Accepted segment [121856:122880], variance=0.0471, QRS count=5
2025-10-08 17:28:33,196 [DEBUG] Accepted segment [122368:123392], variance=0.0592, QRS count=5
2025-10-08 17:28:33,201 [DEBUG] Accepted segment [122880:123904], variance=0.0606, QRS count=5
2025-10-08 17:28:33,205 [DEBUG] Accepted segment [123392:124416], variance=0.0582, QRS count=5
2025-10-08 17:28:33,210 [DEBUG] Accepted segment [123904:124928], variance=0.0582, QRS count=6
2025-10-08 17:28:33,215 [DEBUG] Accepted segment [124416:125440], variance=0.0592, QRS count=6
2025-10-08 17:28:33,220 [DEBUG] Accepted segment [124928:125952], variance=0.0585, QRS count=5
2025-10-08 17:28:33,225 [DEBUG] Accepted segment [125440:126464], variance=0.0485, QRS count=5
2025-10-08 17:28:33,230 [DEBUG] Accepted segment [125952:126976], variance=0.0503, QRS count=5
2025-10-08 17:28:33,234 [DEBUG] Accepted segment [126464:127488], variance=0.0614, QRS count=5
2025-10-08 17:28:33,239 [DEBUG] Accepted segment [126976:128000], variance=0.0608, QRS count=5
2025-10-08 17:28:33,239 [INFO] Segmented signal of length 128000 into 246 valid segments
2025-10-08 17:28:33,240 [DEBUG] ECG signal length: 128000, segments: 246
2025-10-08 17:28:33,240 [INFO] Total segments counted: 492
2025-10-08 17:28:33,240 [INFO] Training segments: 492
2025-10-08 17:28:33,246 [DEBUG] Skipping segment [0:1024] due to overlap with noise [0:400]
2025-10-08 17:28:33,251 [DEBUG] Accepted segment [512:1536], variance=0.0713, QRS count=4
2025-10-08 17:28:33,256 [DEBUG] Accepted segment [1024:2048], variance=0.0615, QRS count=4
2025-10-08 17:28:33,257 [DEBUG] Skipping segment [1536:2560] due to overlap with noise [2400:3800]
2025-10-08 17:28:33,257 [DEBUG] Skipping segment [2048:3072] due to overlap with noise [2400:3800]
2025-10-08 17:28:33,257 [DEBUG] Skipping segment [2560:3584] due to overlap with noise [2400:3800]
2025-10-08 17:28:33,257 [DEBUG] Skipping segment [3072:4096] due to overlap with noise [2400:3800]
2025-10-08 17:28:33,257 [DEBUG] Skipping segment [3584:4608] due to overlap with noise [2400:3800]
2025-10-08 17:28:33,263 [DEBUG] Accepted segment [4096:5120], variance=0.0638, QRS count=4
2025-10-08 17:28:33,268 [DEBUG] Accepted segment [4608:5632], variance=0.0595, QRS count=4
2025-10-08 17:28:33,273 [DEBUG] Accepted segment [5120:6144], variance=0.0630, QRS count=5
2025-10-08 17:28:33,278 [DEBUG] Accepted segment [5632:6656], variance=0.0667, QRS count=4
2025-10-08 17:28:33,282 [DEBUG] Accepted segment [6144:7168], variance=0.0610, QRS count=4
2025-10-08 17:28:33,287 [DEBUG] Accepted segment [6656:7680], variance=0.0560, QRS count=4
2025-10-08 17:28:33,292 [DEBUG] Accepted segment [7168:8192], variance=0.0571, QRS count=4
2025-10-08 17:28:33,296 [DEBUG] Accepted segment [7680:8704], variance=0.0666, QRS count=4
2025-10-08 17:28:33,301 [DEBUG] Accepted segment [8192:9216], variance=0.0678, QRS count=4
2025-10-08 17:28:33,307 [DEBUG] Accepted segment [8704:9728], variance=0.0588, QRS count=4
2025-10-08 17:28:33,312 [DEBUG] Accepted segment [9216:10240], variance=0.0635, QRS count=5
2025-10-08 17:28:33,316 [DEBUG] Accepted segment [9728:10752], variance=0.0676, QRS count=4
2025-10-08 17:28:33,321 [DEBUG] Accepted segment [10240:11264], variance=0.0598, QRS count=4
2025-10-08 17:28:33,326 [DEBUG] Accepted segment [10752:11776], variance=0.0615, QRS count=4
2025-10-08 17:28:33,330 [DEBUG] Accepted segment [11264:12288], variance=0.0670, QRS count=5
2025-10-08 17:28:33,335 [DEBUG] Accepted segment [11776:12800], variance=0.0617, QRS count=4
2025-10-08 17:28:33,340 [DEBUG] Accepted segment [12288:13312], variance=0.0684, QRS count=5
2025-10-08 17:28:33,345 [DEBUG] Accepted segment [12800:13824], variance=0.0672, QRS count=4
2025-10-08 17:28:33,350 [DEBUG] Accepted segment [13312:14336], variance=0.0669, QRS count=5
2025-10-08 17:28:33,355 [DEBUG] Accepted segment [13824:14848], variance=0.0698, QRS count=4
2025-10-08 17:28:33,359 [DEBUG] Accepted segment [14336:15360], variance=0.0721, QRS count=5
2025-10-08 17:28:33,364 [DEBUG] Accepted segment [14848:15872], variance=0.0806, QRS count=5
2025-10-08 17:28:33,369 [DEBUG] Accepted segment [15360:16384], variance=0.0725, QRS count=6
2025-10-08 17:28:33,374 [DEBUG] Accepted segment [15872:16896], variance=0.0769, QRS count=5
2025-10-08 17:28:33,378 [DEBUG] Accepted segment [16384:17408], variance=0.0851, QRS count=5
2025-10-08 17:28:33,383 [DEBUG] Accepted segment [16896:17920], variance=0.0787, QRS count=6
2025-10-08 17:28:33,388 [DEBUG] Accepted segment [17408:18432], variance=0.0684, QRS count=5
2025-10-08 17:28:33,393 [DEBUG] Accepted segment [17920:18944], variance=0.0600, QRS count=4
2025-10-08 17:28:33,397 [DEBUG] Accepted segment [18432:19456], variance=0.0654, QRS count=5
2025-10-08 17:28:33,402 [DEBUG] Accepted segment [18944:19968], variance=0.0706, QRS count=4
2025-10-08 17:28:33,407 [DEBUG] Accepted segment [19456:20480], variance=0.0615, QRS count=4
2025-10-08 17:28:33,411 [DEBUG] Accepted segment [19968:20992], variance=0.0565, QRS count=4
2025-10-08 17:28:33,416 [DEBUG] Accepted segment [20480:21504], variance=0.0658, QRS count=5
2025-10-08 17:28:33,421 [DEBUG] Accepted segment [20992:22016], variance=0.0707, QRS count=4
2025-10-08 17:28:33,426 [DEBUG] Accepted segment [21504:22528], variance=0.0634, QRS count=4
2025-10-08 17:28:33,430 [DEBUG] Accepted segment [22016:23040], variance=0.0587, QRS count=4
2025-10-08 17:28:33,435 [DEBUG] Accepted segment [22528:23552], variance=0.0665, QRS count=5
2025-10-08 17:28:33,435 [DEBUG] Skipping segment [23040:24064] due to overlap with noise [24000:24800]
2025-10-08 17:28:33,435 [DEBUG] Skipping segment [23552:24576] due to overlap with noise [24000:24800]
2025-10-08 17:28:33,435 [DEBUG] Skipping segment [24064:25088] due to overlap with noise [24000:24800]
2025-10-08 17:28:33,436 [DEBUG] Skipping segment [24576:25600] due to overlap with noise [24000:24800]
2025-10-08 17:28:33,441 [DEBUG] Accepted segment [25088:26112], variance=0.0705, QRS count=6
2025-10-08 17:28:33,446 [DEBUG] Accepted segment [25600:26624], variance=0.0701, QRS count=5
2025-10-08 17:28:33,450 [DEBUG] Accepted segment [26112:27136], variance=0.0624, QRS count=5
2025-10-08 17:28:33,455 [DEBUG] Accepted segment [26624:27648], variance=0.0628, QRS count=6
2025-10-08 17:28:33,460 [DEBUG] Accepted segment [27136:28160], variance=0.0622, QRS count=5
2025-10-08 17:28:33,465 [DEBUG] Accepted segment [27648:28672], variance=0.0545, QRS count=5
2025-10-08 17:28:33,470 [DEBUG] Accepted segment [28160:29184], variance=0.0639, QRS count=5
2025-10-08 17:28:33,475 [DEBUG] Accepted segment [28672:29696], variance=0.0645, QRS count=4
2025-10-08 17:28:33,479 [DEBUG] Accepted segment [29184:30208], variance=0.0619, QRS count=5
2025-10-08 17:28:33,484 [DEBUG] Accepted segment [29696:30720], variance=0.0662, QRS count=5
2025-10-08 17:28:33,489 [DEBUG] Accepted segment [30208:31232], variance=0.0584, QRS count=4
2025-10-08 17:28:33,493 [DEBUG] Accepted segment [30720:31744], variance=0.0632, QRS count=5
2025-10-08 17:28:33,498 [DEBUG] Accepted segment [31232:32256], variance=0.0687, QRS count=4
2025-10-08 17:28:33,502 [DEBUG] Accepted segment [31744:32768], variance=0.0606, QRS count=4
2025-10-08 17:28:33,507 [DEBUG] Accepted segment [32256:33280], variance=0.0556, QRS count=5
2025-10-08 17:28:33,512 [DEBUG] Accepted segment [32768:33792], variance=0.0653, QRS count=5
2025-10-08 17:28:33,516 [DEBUG] Accepted segment [33280:34304], variance=0.0680, QRS count=4
2025-10-08 17:28:33,521 [DEBUG] Accepted segment [33792:34816], variance=0.0583, QRS count=4
2025-10-08 17:28:33,526 [DEBUG] Accepted segment [34304:35328], variance=0.0639, QRS count=5
2025-10-08 17:28:33,530 [DEBUG] Accepted segment [34816:35840], variance=0.0667, QRS count=4
2025-10-08 17:28:33,535 [DEBUG] Accepted segment [35328:36352], variance=0.0591, QRS count=5
2025-10-08 17:28:33,539 [DEBUG] Accepted segment [35840:36864], variance=0.0674, QRS count=5
2025-10-08 17:28:33,544 [DEBUG] Accepted segment [36352:37376], variance=0.0672, QRS count=4
2025-10-08 17:28:33,549 [DEBUG] Accepted segment [36864:37888], variance=0.0557, QRS count=4
2025-10-08 17:28:33,553 [DEBUG] Accepted segment [37376:38400], variance=0.0645, QRS count=4
2025-10-08 17:28:33,558 [DEBUG] Accepted segment [37888:38912], variance=0.0696, QRS count=4
2025-10-08 17:28:33,563 [DEBUG] Accepted segment [38400:39424], variance=0.0600, QRS count=4
2025-10-08 17:28:33,567 [DEBUG] Accepted segment [38912:39936], variance=0.0560, QRS count=4
2025-10-08 17:28:33,572 [DEBUG] Accepted segment [39424:40448], variance=0.0664, QRS count=5
2025-10-08 17:28:33,577 [DEBUG] Accepted segment [39936:40960], variance=0.0676, QRS count=4
2025-10-08 17:28:33,582 [DEBUG] Accepted segment [40448:41472], variance=0.0587, QRS count=4
2025-10-08 17:28:33,587 [DEBUG] Accepted segment [40960:41984], variance=0.0638, QRS count=5
2025-10-08 17:28:33,592 [DEBUG] Accepted segment [41472:42496], variance=0.0685, QRS count=4
2025-10-08 17:28:33,597 [DEBUG] Accepted segment [41984:43008], variance=0.0633, QRS count=4
2025-10-08 17:28:33,602 [DEBUG] Accepted segment [42496:43520], variance=0.0641, QRS count=5
2025-10-08 17:28:33,606 [DEBUG] Accepted segment [43008:44032], variance=0.0666, QRS count=5
2025-10-08 17:28:33,611 [DEBUG] Accepted segment [43520:44544], variance=0.0613, QRS count=4
2025-10-08 17:28:33,616 [DEBUG] Accepted segment [44032:45056], variance=0.0696, QRS count=5
2025-10-08 17:28:33,621 [DEBUG] Accepted segment [44544:45568], variance=0.0793, QRS count=5
2025-10-08 17:28:33,626 [DEBUG] Accepted segment [45056:46080], variance=0.0745, QRS count=5
2025-10-08 17:28:33,630 [DEBUG] Accepted segment [45568:46592], variance=0.0689, QRS count=5
2025-10-08 17:28:33,635 [DEBUG] Accepted segment [46080:47104], variance=0.0612, QRS count=5
2025-10-08 17:28:33,640 [DEBUG] Accepted segment [46592:47616], variance=0.0675, QRS count=5
2025-10-08 17:28:33,644 [DEBUG] Accepted segment [47104:48128], variance=0.0667, QRS count=4
2025-10-08 17:28:33,649 [DEBUG] Accepted segment [47616:48640], variance=0.0650, QRS count=5
2025-10-08 17:28:33,653 [DEBUG] Accepted segment [48128:49152], variance=0.0693, QRS count=4
2025-10-08 17:28:33,658 [DEBUG] Accepted segment [48640:49664], variance=0.0693, QRS count=5
2025-10-08 17:28:33,662 [DEBUG] Accepted segment [49152:50176], variance=0.0686, QRS count=5
2025-10-08 17:28:33,667 [DEBUG] Accepted segment [49664:50688], variance=0.0699, QRS count=5
2025-10-08 17:28:33,671 [DEBUG] Accepted segment [50176:51200], variance=0.0716, QRS count=6
2025-10-08 17:28:33,676 [DEBUG] Accepted segment [50688:51712], variance=0.0602, QRS count=5
2025-10-08 17:28:33,680 [DEBUG] Accepted segment [51200:52224], variance=0.0649, QRS count=5
2025-10-08 17:28:33,685 [DEBUG] Accepted segment [51712:52736], variance=0.0633, QRS count=4
2025-10-08 17:28:33,689 [DEBUG] Accepted segment [52224:53248], variance=0.0603, QRS count=5
2025-10-08 17:28:33,694 [DEBUG] Accepted segment [52736:53760], variance=0.0668, QRS count=5
2025-10-08 17:28:33,698 [DEBUG] Accepted segment [53248:54272], variance=0.0604, QRS count=5
2025-10-08 17:28:33,703 [DEBUG] Accepted segment [53760:54784], variance=0.0667, QRS count=5
2025-10-08 17:28:33,708 [DEBUG] Accepted segment [54272:55296], variance=0.0659, QRS count=4
2025-10-08 17:28:33,712 [DEBUG] Accepted segment [54784:55808], variance=0.0629, QRS count=5
2025-10-08 17:28:33,717 [DEBUG] Accepted segment [55296:56320], variance=0.0680, QRS count=5
2025-10-08 17:28:33,721 [DEBUG] Accepted segment [55808:56832], variance=0.0606, QRS count=4
2025-10-08 17:28:33,726 [DEBUG] Accepted segment [56320:57344], variance=0.0672, QRS count=5
2025-10-08 17:28:33,730 [DEBUG] Accepted segment [56832:57856], variance=0.0676, QRS count=4
2025-10-08 17:28:33,734 [DEBUG] Accepted segment [57344:58368], variance=0.0666, QRS count=5
2025-10-08 17:28:33,739 [DEBUG] Accepted segment [57856:58880], variance=0.0669, QRS count=4
2025-10-08 17:28:33,743 [DEBUG] Accepted segment [58368:59392], variance=0.0631, QRS count=5
2025-10-08 17:28:33,748 [DEBUG] Accepted segment [58880:59904], variance=0.0658, QRS count=4
2025-10-08 17:28:33,752 [DEBUG] Accepted segment [59392:60416], variance=0.0663, QRS count=5
2025-10-08 17:28:33,757 [DEBUG] Accepted segment [59904:60928], variance=0.0609, QRS count=5
2025-10-08 17:28:33,761 [DEBUG] Accepted segment [60416:61440], variance=0.0636, QRS count=5
2025-10-08 17:28:33,765 [DEBUG] Accepted segment [60928:61952], variance=0.0645, QRS count=4
2025-10-08 17:28:33,770 [DEBUG] Accepted segment [61440:62464], variance=0.0635, QRS count=5
2025-10-08 17:28:33,774 [DEBUG] Accepted segment [61952:62976], variance=0.0681, QRS count=5
2025-10-08 17:28:33,778 [DEBUG] Accepted segment [62464:63488], variance=0.0672, QRS count=5
2025-10-08 17:28:33,783 [DEBUG] Accepted segment [62976:64000], variance=0.0674, QRS count=5
2025-10-08 17:28:33,788 [DEBUG] Accepted segment [63488:64512], variance=0.0614, QRS count=4
2025-10-08 17:28:33,792 [DEBUG] Accepted segment [64000:65024], variance=0.0665, QRS count=4
2025-10-08 17:28:33,797 [DEBUG] Accepted segment [64512:65536], variance=0.0698, QRS count=4
2025-10-08 17:28:33,801 [DEBUG] Accepted segment [65024:66048], variance=0.0600, QRS count=4
2025-10-08 17:28:33,805 [DEBUG] Accepted segment [65536:66560], variance=0.0562, QRS count=4
2025-10-08 17:28:33,810 [DEBUG] Accepted segment [66048:67072], variance=0.0646, QRS count=5
2025-10-08 17:28:33,814 [DEBUG] Accepted segment [66560:67584], variance=0.0682, QRS count=4
2025-10-08 17:28:33,819 [DEBUG] Accepted segment [67072:68096], variance=0.0609, QRS count=4
2025-10-08 17:28:33,823 [DEBUG] Accepted segment [67584:68608], variance=0.0569, QRS count=4
2025-10-08 17:28:33,828 [DEBUG] Accepted segment [68096:69120], variance=0.0652, QRS count=5
2025-10-08 17:28:33,832 [DEBUG] Accepted segment [68608:69632], variance=0.0696, QRS count=4
2025-10-08 17:28:33,837 [DEBUG] Accepted segment [69120:70144], variance=0.0609, QRS count=4
2025-10-08 17:28:33,841 [DEBUG] Accepted segment [69632:70656], variance=0.0629, QRS count=5
2025-10-08 17:28:33,846 [DEBUG] Accepted segment [70144:71168], variance=0.0675, QRS count=4
2025-10-08 17:28:33,850 [DEBUG] Accepted segment [70656:71680], variance=0.0603, QRS count=4
2025-10-08 17:28:33,854 [DEBUG] Accepted segment [71168:72192], variance=0.0674, QRS count=5
2025-10-08 17:28:33,859 [DEBUG] Accepted segment [71680:72704], variance=0.0668, QRS count=4
2025-10-08 17:28:33,863 [DEBUG] Accepted segment [72192:73216], variance=0.0556, QRS count=4
2025-10-08 17:28:33,868 [DEBUG] Accepted segment [72704:73728], variance=0.0672, QRS count=5
2025-10-08 17:28:33,872 [DEBUG] Accepted segment [73216:74240], variance=0.0669, QRS count=4
2025-10-08 17:28:33,876 [DEBUG] Accepted segment [73728:74752], variance=0.0551, QRS count=5
2025-10-08 17:28:33,881 [DEBUG] Accepted segment [74240:75264], variance=0.0668, QRS count=5
2025-10-08 17:28:33,885 [DEBUG] Accepted segment [74752:75776], variance=0.0669, QRS count=4
2025-10-08 17:28:33,890 [DEBUG] Accepted segment [75264:76288], variance=0.0631, QRS count=4
2025-10-08 17:28:33,894 [DEBUG] Accepted segment [75776:76800], variance=0.0682, QRS count=5
2025-10-08 17:28:33,899 [DEBUG] Accepted segment [76288:77312], variance=0.0602, QRS count=4
2025-10-08 17:28:33,903 [DEBUG] Accepted segment [76800:77824], variance=0.0663, QRS count=5
2025-10-08 17:28:33,908 [DEBUG] Accepted segment [77312:78336], variance=0.0746, QRS count=5
2025-10-08 17:28:33,912 [DEBUG] Accepted segment [77824:78848], variance=0.0747, QRS count=5
2025-10-08 17:28:33,917 [DEBUG] Accepted segment [78336:79360], variance=0.0700, QRS count=5
2025-10-08 17:28:33,921 [DEBUG] Accepted segment [78848:79872], variance=0.0689, QRS count=5
2025-10-08 17:28:33,926 [DEBUG] Accepted segment [79360:80384], variance=0.0664, QRS count=4
2025-10-08 17:28:33,930 [DEBUG] Accepted segment [79872:80896], variance=0.0676, QRS count=5
2025-10-08 17:28:33,935 [DEBUG] Accepted segment [80384:81408], variance=0.0665, QRS count=4
2025-10-08 17:28:33,939 [DEBUG] Accepted segment [80896:81920], variance=0.0647, QRS count=5
2025-10-08 17:28:33,943 [DEBUG] Accepted segment [81408:82432], variance=0.0655, QRS count=4
2025-10-08 17:28:33,948 [DEBUG] Accepted segment [81920:82944], variance=0.0642, QRS count=5
2025-10-08 17:28:33,952 [DEBUG] Accepted segment [82432:83456], variance=0.0676, QRS count=5
2025-10-08 17:28:33,957 [DEBUG] Accepted segment [82944:83968], variance=0.0592, QRS count=4
2025-10-08 17:28:33,961 [DEBUG] Accepted segment [83456:84480], variance=0.0647, QRS count=5
2025-10-08 17:28:33,965 [DEBUG] Accepted segment [83968:84992], variance=0.0657, QRS count=4
2025-10-08 17:28:33,969 [DEBUG] Accepted segment [84480:85504], variance=0.0633, QRS count=5
2025-10-08 17:28:33,973 [DEBUG] Accepted segment [84992:86016], variance=0.0668, QRS count=5
2025-10-08 17:28:33,977 [DEBUG] Accepted segment [85504:86528], variance=0.0680, QRS count=5
2025-10-08 17:28:33,982 [DEBUG] Accepted segment [86016:87040], variance=0.0652, QRS count=4
2025-10-08 17:28:33,986 [DEBUG] Accepted segment [86528:87552], variance=0.0649, QRS count=5
2025-10-08 17:28:33,990 [DEBUG] Accepted segment [87040:88064], variance=0.0665, QRS count=4
2025-10-08 17:28:33,994 [DEBUG] Accepted segment [87552:88576], variance=0.0640, QRS count=5
2025-10-08 17:28:33,999 [DEBUG] Accepted segment [88064:89088], variance=0.0637, QRS count=5
2025-10-08 17:28:34,003 [DEBUG] Accepted segment [88576:89600], variance=0.0630, QRS count=4
2025-10-08 17:28:34,007 [DEBUG] Accepted segment [89088:90112], variance=0.0606, QRS count=5
2025-10-08 17:28:34,011 [DEBUG] Accepted segment [89600:90624], variance=0.0560, QRS count=4
2025-10-08 17:28:34,015 [DEBUG] Accepted segment [90112:91136], variance=0.0542, QRS count=4
2025-10-08 17:28:34,020 [DEBUG] Accepted segment [90624:91648], variance=0.0615, QRS count=5
2025-10-08 17:28:34,024 [DEBUG] Accepted segment [91136:92160], variance=0.0635, QRS count=4
2025-10-08 17:28:34,028 [DEBUG] Accepted segment [91648:92672], variance=0.0539, QRS count=5
2025-10-08 17:28:34,032 [DEBUG] Accepted segment [92160:93184], variance=0.0651, QRS count=5
2025-10-08 17:28:34,036 [DEBUG] Accepted segment [92672:93696], variance=0.0663, QRS count=4
2025-10-08 17:28:34,040 [DEBUG] Accepted segment [93184:94208], variance=0.0542, QRS count=4
2025-10-08 17:28:34,045 [DEBUG] Accepted segment [93696:94720], variance=0.0644, QRS count=5
2025-10-08 17:28:34,049 [DEBUG] Accepted segment [94208:95232], variance=0.0639, QRS count=4
2025-10-08 17:28:34,053 [DEBUG] Accepted segment [94720:95744], variance=0.0533, QRS count=4
2025-10-08 17:28:34,057 [DEBUG] Accepted segment [95232:96256], variance=0.0611, QRS count=5
2025-10-08 17:28:34,062 [DEBUG] Accepted segment [95744:96768], variance=0.0647, QRS count=4
2025-10-08 17:28:34,066 [DEBUG] Accepted segment [96256:97280], variance=0.0575, QRS count=5
2025-10-08 17:28:34,071 [DEBUG] Accepted segment [96768:97792], variance=0.0637, QRS count=5
2025-10-08 17:28:34,071 [DEBUG] Skipping segment [97280:98304] due to overlap with noise [98200:101600]
2025-10-08 17:28:34,071 [DEBUG] Skipping segment [97792:98816] due to overlap with noise [98200:101600]
2025-10-08 17:28:34,072 [DEBUG] Skipping segment [98304:99328] due to overlap with noise [98200:101600]
2025-10-08 17:28:34,072 [DEBUG] Skipping segment [98816:99840] due to overlap with noise [98200:101600]
2025-10-08 17:28:34,072 [DEBUG] Skipping segment [99328:100352] due to overlap with noise [98200:101600]
2025-10-08 17:28:34,072 [DEBUG] Skipping segment [99840:100864] due to overlap with noise [98200:101600]
2025-10-08 17:28:34,072 [DEBUG] Skipping segment [100352:101376] due to overlap with noise [98200:101600]
2025-10-08 17:28:34,072 [DEBUG] Skipping segment [100864:101888] due to overlap with noise [98200:101600]
2025-10-08 17:28:34,072 [DEBUG] Skipping segment [101376:102400] due to overlap with noise [98200:101600]
2025-10-08 17:28:34,076 [DEBUG] Accepted segment [101888:102912], variance=0.0620, QRS count=5
2025-10-08 17:28:34,081 [DEBUG] Accepted segment [102400:103424], variance=0.0601, QRS count=5
2025-10-08 17:28:34,085 [DEBUG] Accepted segment [102912:103936], variance=0.0623, QRS count=4
2025-10-08 17:28:34,090 [DEBUG] Accepted segment [103424:104448], variance=0.0644, QRS count=5
2025-10-08 17:28:34,094 [DEBUG] Accepted segment [103936:104960], variance=0.0658, QRS count=5
2025-10-08 17:28:34,099 [DEBUG] Accepted segment [104448:105472], variance=0.0645, QRS count=5
2025-10-08 17:28:34,103 [DEBUG] Accepted segment [104960:105984], variance=0.0644, QRS count=5
2025-10-08 17:28:34,107 [DEBUG] Accepted segment [105472:106496], variance=0.0673, QRS count=5
2025-10-08 17:28:34,111 [DEBUG] Accepted segment [105984:107008], variance=0.0652, QRS count=5
2025-10-08 17:28:34,115 [DEBUG] Accepted segment [106496:107520], variance=0.0622, QRS count=5
2025-10-08 17:28:34,119 [DEBUG] Accepted segment [107008:108032], variance=0.0632, QRS count=4
2025-10-08 17:28:34,123 [DEBUG] Accepted segment [107520:108544], variance=0.0575, QRS count=4
2025-10-08 17:28:34,128 [DEBUG] Accepted segment [108032:109056], variance=0.0623, QRS count=5
2025-10-08 17:28:34,132 [DEBUG] Accepted segment [108544:109568], variance=0.0661, QRS count=4
2025-10-08 17:28:34,132 [DEBUG] Skipping segment [109056:110080] due to overlap with noise [110000:110800]
2025-10-08 17:28:34,132 [DEBUG] Skipping segment [109568:110592] due to overlap with noise [110000:110800]
2025-10-08 17:28:34,132 [DEBUG] Skipping segment [110080:111104] due to overlap with noise [110000:110800]
2025-10-08 17:28:34,132 [DEBUG] Skipping segment [110592:111616] due to overlap with noise [110000:110800]
2025-10-08 17:28:34,136 [DEBUG] Accepted segment [111104:112128], variance=0.0659, QRS count=5
2025-10-08 17:28:34,140 [DEBUG] Accepted segment [111616:112640], variance=0.0660, QRS count=4
2025-10-08 17:28:34,144 [DEBUG] Accepted segment [112128:113152], variance=0.0650, QRS count=5
2025-10-08 17:28:34,148 [DEBUG] Accepted segment [112640:113664], variance=0.0650, QRS count=4
2025-10-08 17:28:34,152 [DEBUG] Accepted segment [113152:114176], variance=0.0616, QRS count=5
2025-10-08 17:28:34,157 [DEBUG] Accepted segment [113664:114688], variance=0.0663, QRS count=4
2025-10-08 17:28:34,161 [DEBUG] Accepted segment [114176:115200], variance=0.0597, QRS count=4
2025-10-08 17:28:34,165 [DEBUG] Accepted segment [114688:115712], variance=0.0616, QRS count=5
2025-10-08 17:28:34,169 [DEBUG] Accepted segment [115200:116224], variance=0.0643, QRS count=4
2025-10-08 17:28:34,173 [DEBUG] Accepted segment [115712:116736], variance=0.0654, QRS count=5
2025-10-08 17:28:34,177 [DEBUG] Accepted segment [116224:117248], variance=0.0645, QRS count=5
2025-10-08 17:28:34,182 [DEBUG] Accepted segment [116736:117760], variance=0.0676, QRS count=5
2025-10-08 17:28:34,182 [DEBUG] Skipping segment [117248:118272] due to overlap with noise [118000:119600]
2025-10-08 17:28:34,182 [DEBUG] Skipping segment [117760:118784] due to overlap with noise [118000:119600]
2025-10-08 17:28:34,182 [DEBUG] Skipping segment [118272:119296] due to overlap with noise [118000:119600]
2025-10-08 17:28:34,182 [DEBUG] Skipping segment [118784:119808] due to overlap with noise [118000:119600]
2025-10-08 17:28:34,182 [DEBUG] Skipping segment [119296:120320] due to overlap with noise [118000:119600]
2025-10-08 17:28:34,186 [DEBUG] Accepted segment [119808:120832], variance=0.0673, QRS count=5
2025-10-08 17:28:34,190 [DEBUG] Accepted segment [120320:121344], variance=0.0726, QRS count=5
2025-10-08 17:28:34,194 [DEBUG] Accepted segment [120832:121856], variance=0.0690, QRS count=6
2025-10-08 17:28:34,198 [DEBUG] Accepted segment [121344:122368], variance=0.0672, QRS count=6
2025-10-08 17:28:34,203 [DEBUG] Accepted segment [121856:122880], variance=0.0585, QRS count=5
2025-10-08 17:28:34,207 [DEBUG] Accepted segment [122368:123392], variance=0.0596, QRS count=5
2025-10-08 17:28:34,211 [DEBUG] Accepted segment [122880:123904], variance=0.0629, QRS count=4
2025-10-08 17:28:34,215 [DEBUG] Accepted segment [123392:124416], variance=0.0610, QRS count=5
2025-10-08 17:28:34,219 [DEBUG] Accepted segment [123904:124928], variance=0.0617, QRS count=4
2025-10-08 17:28:34,223 [DEBUG] Accepted segment [124416:125440], variance=0.0623, QRS count=5
2025-10-08 17:28:34,227 [DEBUG] Accepted segment [124928:125952], variance=0.0606, QRS count=4
2025-10-08 17:28:34,232 [DEBUG] Accepted segment [125440:126464], variance=0.0610, QRS count=5
2025-10-08 17:28:34,236 [DEBUG] Accepted segment [125952:126976], variance=0.0601, QRS count=4
2025-10-08 17:28:34,241 [DEBUG] Accepted segment [126464:127488], variance=0.0592, QRS count=5
2025-10-08 17:28:34,241 [INFO] Segmented signal of length 127999 into 220 valid segments
2025-10-08 17:28:34,241 [DEBUG] ECG signal length: 127999, segments: 220
2025-10-08 17:28:34,241 [INFO] Total segments counted: 220
2025-10-08 17:28:34,242 [INFO] Test segments: 220
2025-10-08 17:28:34,242 [INFO] Training segments: 492, Test segments: 220
2025-10-08 17:28:34,242 [INFO] Creating TensorFlow dataset
2025-10-08 17:28:34,380 [DEBUG] Dataset created
2025-10-08 17:28:34,380 [INFO] Creating TensorFlow dataset
2025-10-08 17:28:34,435 [DEBUG] Dataset created
2025-10-08 17:28:34,436 [INFO] Steps per epoch: 15, Validation steps: 6
2025-10-08 17:28:34,436 [INFO] Validating dataset
2025-10-08 17:28:34,534 [DEBUG] Accepted segment [0:1024], variance=0.0489, QRS count=5
2025-10-08 17:28:34,539 [DEBUG] Accepted segment [512:1536], variance=0.0602, QRS count=5
2025-10-08 17:28:34,544 [DEBUG] Accepted segment [1024:2048], variance=0.0717, QRS count=5
2025-10-08 17:28:34,548 [DEBUG] Accepted segment [1536:2560], variance=0.0797, QRS count=6
2025-10-08 17:28:34,553 [DEBUG] Accepted segment [2048:3072], variance=0.0709, QRS count=6
2025-10-08 17:28:34,558 [DEBUG] Accepted segment [2560:3584], variance=0.0522, QRS count=5
2025-10-08 17:28:34,563 [DEBUG] Accepted segment [3072:4096], variance=0.0484, QRS count=5
2025-10-08 17:28:34,569 [DEBUG] Accepted segment [3584:4608], variance=0.0533, QRS count=5
2025-10-08 17:28:34,574 [DEBUG] Accepted segment [4096:5120], variance=0.0519, QRS count=6
2025-10-08 17:28:34,579 [DEBUG] Accepted segment [4608:5632], variance=0.0539, QRS count=6
2025-10-08 17:28:34,584 [DEBUG] Accepted segment [5120:6144], variance=0.0559, QRS count=5
2025-10-08 17:28:34,589 [DEBUG] Accepted segment [5632:6656], variance=0.0539, QRS count=5
2025-10-08 17:28:34,593 [DEBUG] Accepted segment [6144:7168], variance=0.0528, QRS count=5
2025-10-08 17:28:34,598 [DEBUG] Accepted segment [6656:7680], variance=0.0470, QRS count=5
2025-10-08 17:28:34,603 [DEBUG] Accepted segment [7168:8192], variance=0.0480, QRS count=5
2025-10-08 17:28:34,608 [DEBUG] Accepted segment [7680:8704], variance=0.0566, QRS count=5
2025-10-08 17:28:34,613 [DEBUG] Accepted segment [8192:9216], variance=0.0601, QRS count=5
2025-10-08 17:28:34,617 [DEBUG] Accepted segment [8704:9728], variance=0.0621, QRS count=6
2025-10-08 17:28:34,622 [DEBUG] Accepted segment [9216:10240], variance=0.0520, QRS count=5
2025-10-08 17:28:34,627 [DEBUG] Accepted segment [9728:10752], variance=0.0495, QRS count=5
2025-10-08 17:28:34,632 [DEBUG] Accepted segment [10240:11264], variance=0.0569, QRS count=5
2025-10-08 17:28:34,637 [DEBUG] Accepted segment [10752:11776], variance=0.0581, QRS count=5
2025-10-08 17:28:34,641 [DEBUG] Accepted segment [11264:12288], variance=0.0586, QRS count=6
2025-10-08 17:28:34,646 [DEBUG] Accepted segment [11776:12800], variance=0.0491, QRS count=6
2025-10-08 17:28:34,651 [DEBUG] Accepted segment [12288:13312], variance=0.0499, QRS count=5
2025-10-08 17:28:34,656 [DEBUG] Accepted segment [12800:13824], variance=0.0607, QRS count=5
2025-10-08 17:28:34,661 [DEBUG] Accepted segment [13312:14336], variance=0.0595, QRS count=5
2025-10-08 17:28:34,666 [DEBUG] Accepted segment [13824:14848], variance=0.0566, QRS count=6
2025-10-08 17:28:34,671 [DEBUG] Accepted segment [14336:15360], variance=0.0585, QRS count=6
2025-10-08 17:28:34,675 [DEBUG] Accepted segment [14848:15872], variance=0.0575, QRS count=6
2025-10-08 17:28:34,680 [DEBUG] Accepted segment [15360:16384], variance=0.0520, QRS count=5
2025-10-08 17:28:34,685 [DEBUG] Accepted segment [15872:16896], variance=0.0511, QRS count=5
2025-10-08 17:28:34,689 [DEBUG] Accepted segment [16384:17408], variance=0.0506, QRS count=5
2025-10-08 17:28:34,694 [DEBUG] Accepted segment [16896:17920], variance=0.0476, QRS count=5
2025-10-08 17:28:34,698 [DEBUG] Accepted segment [17408:18432], variance=0.0447, QRS count=5
2025-10-08 17:28:34,703 [DEBUG] Accepted segment [17920:18944], variance=0.0474, QRS count=6
2025-10-08 17:28:34,707 [DEBUG] Accepted segment [18432:19456], variance=0.0513, QRS count=6
2025-10-08 17:28:34,712 [DEBUG] Accepted segment [18944:19968], variance=0.0520, QRS count=5
2025-10-08 17:28:34,717 [DEBUG] Accepted segment [19456:20480], variance=0.0518, QRS count=5
2025-10-08 17:28:34,721 [DEBUG] Accepted segment [19968:20992], variance=0.0535, QRS count=5
2025-10-08 17:28:34,726 [DEBUG] Accepted segment [20480:21504], variance=0.0570, QRS count=5
2025-10-08 17:28:34,731 [DEBUG] Accepted segment [20992:22016], variance=0.0584, QRS count=5
2025-10-08 17:28:34,735 [DEBUG] Accepted segment [21504:22528], variance=0.0589, QRS count=5
2025-10-08 17:28:34,740 [DEBUG] Accepted segment [22016:23040], variance=0.0598, QRS count=6
2025-10-08 17:28:34,744 [DEBUG] Accepted segment [22528:23552], variance=0.0604, QRS count=6
2025-10-08 17:28:34,749 [DEBUG] Accepted segment [23040:24064], variance=0.0594, QRS count=5
2025-10-08 17:28:34,754 [DEBUG] Accepted segment [23552:24576], variance=0.0598, QRS count=6
2025-10-08 17:28:34,759 [DEBUG] Accepted segment [24064:25088], variance=0.0620, QRS count=6
2025-10-08 17:28:34,764 [DEBUG] Accepted segment [24576:25600], variance=0.1251, QRS count=6
2025-10-08 17:28:34,769 [DEBUG] Accepted segment [25088:26112], variance=0.1270, QRS count=6
2025-10-08 17:28:34,774 [DEBUG] Accepted segment [25600:26624], variance=0.0756, QRS count=6
2025-10-08 17:28:34,778 [DEBUG] Accepted segment [26112:27136], variance=0.0709, QRS count=6
2025-10-08 17:28:34,783 [DEBUG] Accepted segment [26624:27648], variance=0.0589, QRS count=6
2025-10-08 17:28:34,788 [DEBUG] Accepted segment [27136:28160], variance=0.0584, QRS count=6
2025-10-08 17:28:34,793 [DEBUG] Accepted segment [27648:28672], variance=0.0565, QRS count=6
2025-10-08 17:28:34,798 [DEBUG] Accepted segment [28160:29184], variance=0.0559, QRS count=6
2025-10-08 17:28:34,803 [DEBUG] Accepted segment [28672:29696], variance=0.0563, QRS count=6
2025-10-08 17:28:34,807 [DEBUG] Accepted segment [29184:30208], variance=0.0540, QRS count=6
2025-10-08 17:28:34,812 [DEBUG] Accepted segment [29696:30720], variance=0.0480, QRS count=6
2025-10-08 17:28:34,817 [DEBUG] Accepted segment [30208:31232], variance=0.0466, QRS count=5
2025-10-08 17:28:34,822 [DEBUG] Accepted segment [30720:31744], variance=0.0484, QRS count=5
2025-10-08 17:28:34,826 [DEBUG] Accepted segment [31232:32256], variance=0.0523, QRS count=6
2025-10-08 17:28:34,831 [DEBUG] Accepted segment [31744:32768], variance=0.0579, QRS count=6
2025-10-08 17:28:34,836 [DEBUG] Accepted segment [32256:33280], variance=0.0605, QRS count=5
2025-10-08 17:28:34,841 [DEBUG] Accepted segment [32768:33792], variance=0.0593, QRS count=5
2025-10-08 17:28:34,845 [DEBUG] Accepted segment [33280:34304], variance=0.0577, QRS count=5
2025-10-08 17:28:34,850 [DEBUG] Accepted segment [33792:34816], variance=0.0579, QRS count=6
2025-10-08 17:28:34,855 [DEBUG] Accepted segment [34304:35328], variance=0.0569, QRS count=6
2025-10-08 17:28:34,860 [DEBUG] Accepted segment [34816:35840], variance=0.0569, QRS count=6
2025-10-08 17:28:34,864 [DEBUG] Accepted segment [35328:36352], variance=0.0586, QRS count=6
2025-10-08 17:28:34,869 [DEBUG] Accepted segment [35840:36864], variance=0.0496, QRS count=6
2025-10-08 17:28:34,873 [DEBUG] Accepted segment [36352:37376], variance=0.0498, QRS count=5
2025-10-08 17:28:34,878 [DEBUG] Accepted segment [36864:37888], variance=0.0598, QRS count=5
2025-10-08 17:28:34,882 [DEBUG] Accepted segment [37376:38400], variance=0.0608, QRS count=5
2025-10-08 17:28:34,887 [DEBUG] Accepted segment [37888:38912], variance=0.0619, QRS count=5
2025-10-08 17:28:34,891 [DEBUG] Accepted segment [38400:39424], variance=0.0603, QRS count=6
2025-10-08 17:28:34,895 [DEBUG] Accepted segment [38912:39936], variance=0.0589, QRS count=6
2025-10-08 17:28:34,900 [DEBUG] Accepted segment [39424:40448], variance=0.0607, QRS count=6
2025-10-08 17:28:34,905 [DEBUG] Accepted segment [39936:40960], variance=0.0523, QRS count=6
2025-10-08 17:28:34,909 [DEBUG] Accepted segment [40448:41472], variance=0.0519, QRS count=5
2025-10-08 17:28:34,914 [DEBUG] Accepted segment [40960:41984], variance=0.0605, QRS count=5
2025-10-08 17:28:34,918 [DEBUG] Accepted segment [41472:42496], variance=0.0594, QRS count=5
2025-10-08 17:28:34,923 [DEBUG] Accepted segment [41984:43008], variance=0.0573, QRS count=6
2025-10-08 17:28:34,928 [DEBUG] Accepted segment [42496:43520], variance=0.0570, QRS count=6
2025-10-08 17:28:34,933 [DEBUG] Accepted segment [43008:44032], variance=0.0501, QRS count=5
2025-10-08 17:28:34,938 [DEBUG] Accepted segment [43520:44544], variance=0.0484, QRS count=5
2025-10-08 17:28:34,942 [DEBUG] Accepted segment [44032:45056], variance=0.0558, QRS count=5
2025-10-08 17:28:34,947 [DEBUG] Accepted segment [44544:45568], variance=0.0570, QRS count=5
2025-10-08 17:28:34,952 [DEBUG] Accepted segment [45056:46080], variance=0.0533, QRS count=5
2025-10-08 17:28:34,957 [DEBUG] Accepted segment [45568:46592], variance=0.0483, QRS count=6
2025-10-08 17:28:34,962 [DEBUG] Accepted segment [46080:47104], variance=0.0507, QRS count=6
2025-10-08 17:28:34,966 [DEBUG] Accepted segment [46592:47616], variance=0.0576, QRS count=6
2025-10-08 17:28:34,971 [DEBUG] Accepted segment [47104:48128], variance=0.0606, QRS count=6
2025-10-08 17:28:34,976 [DEBUG] Accepted segment [47616:48640], variance=0.0595, QRS count=6
2025-10-08 17:28:34,981 [DEBUG] Accepted segment [48128:49152], variance=0.0510, QRS count=6
2025-10-08 17:28:34,985 [DEBUG] Accepted segment [48640:49664], variance=0.0516, QRS count=5
2025-10-08 17:28:34,990 [DEBUG] Accepted segment [49152:50176], variance=0.0585, QRS count=5
2025-10-08 17:28:34,995 [DEBUG] Accepted segment [49664:50688], variance=0.0584, QRS count=5
2025-10-08 17:28:35,000 [DEBUG] Accepted segment [50176:51200], variance=0.0589, QRS count=6
2025-10-08 17:28:35,004 [DEBUG] Accepted segment [50688:51712], variance=0.0584, QRS count=6
2025-10-08 17:28:35,009 [DEBUG] Accepted segment [51200:52224], variance=0.0501, QRS count=5
2025-10-08 17:28:35,013 [DEBUG] Accepted segment [51712:52736], variance=0.0509, QRS count=5
2025-10-08 17:28:35,018 [DEBUG] Accepted segment [52224:53248], variance=0.0593, QRS count=5
2025-10-08 17:28:35,023 [DEBUG] Accepted segment [52736:53760], variance=0.0583, QRS count=6
2025-10-08 17:28:35,027 [DEBUG] Accepted segment [53248:54272], variance=0.0595, QRS count=5
2025-10-08 17:28:35,032 [DEBUG] Accepted segment [53760:54784], variance=0.0531, QRS count=5
2025-10-08 17:28:35,037 [DEBUG] Accepted segment [54272:55296], variance=0.0531, QRS count=5
2025-10-08 17:28:35,041 [DEBUG] Accepted segment [54784:55808], variance=0.0593, QRS count=5
2025-10-08 17:28:35,046 [DEBUG] Accepted segment [55296:56320], variance=0.0602, QRS count=5
2025-10-08 17:28:35,050 [DEBUG] Accepted segment [55808:56832], variance=0.0621, QRS count=5
2025-10-08 17:28:35,055 [DEBUG] Accepted segment [56320:57344], variance=0.0596, QRS count=5
2025-10-08 17:28:35,060 [DEBUG] Accepted segment [56832:57856], variance=0.0563, QRS count=6
2025-10-08 17:28:35,064 [DEBUG] Accepted segment [57344:58368], variance=0.0567, QRS count=6
2025-10-08 17:28:35,069 [DEBUG] Accepted segment [57856:58880], variance=0.0583, QRS count=5
2025-10-08 17:28:35,075 [DEBUG] Accepted segment [58368:59392], variance=0.0492, QRS count=5
2025-10-08 17:28:35,081 [DEBUG] Accepted segment [58880:59904], variance=0.0492, QRS count=5
2025-10-08 17:28:35,086 [DEBUG] Accepted segment [59392:60416], variance=0.0592, QRS count=5
2025-10-08 17:28:35,091 [DEBUG] Accepted segment [59904:60928], variance=0.0586, QRS count=5
2025-10-08 17:28:35,096 [DEBUG] Accepted segment [60416:61440], variance=0.0579, QRS count=6
2025-10-08 17:28:35,101 [DEBUG] Accepted segment [60928:61952], variance=0.0584, QRS count=6
2025-10-08 17:28:35,106 [DEBUG] Accepted segment [61440:62464], variance=0.0588, QRS count=5
2025-10-08 17:28:35,110 [DEBUG] Accepted segment [61952:62976], variance=0.0565, QRS count=5
2025-10-08 17:28:35,115 [DEBUG] Accepted segment [62464:63488], variance=0.0485, QRS count=6
2025-10-08 17:28:35,120 [DEBUG] Accepted segment [62976:64000], variance=0.0508, QRS count=5
2025-10-08 17:28:35,124 [DEBUG] Accepted segment [63488:64512], variance=0.0608, QRS count=5
2025-10-08 17:28:35,129 [DEBUG] Accepted segment [64000:65024], variance=0.0619, QRS count=5
2025-10-08 17:28:35,134 [DEBUG] Accepted segment [64512:65536], variance=0.0587, QRS count=5
2025-10-08 17:28:35,139 [DEBUG] Accepted segment [65024:66048], variance=0.0603, QRS count=5
2025-10-08 17:28:35,143 [DEBUG] Accepted segment [65536:66560], variance=0.0623, QRS count=5
2025-10-08 17:28:35,148 [DEBUG] Accepted segment [66048:67072], variance=0.0612, QRS count=5
2025-10-08 17:28:35,152 [DEBUG] Accepted segment [66560:67584], variance=0.0614, QRS count=6
2025-10-08 17:28:35,157 [DEBUG] Accepted segment [67072:68096], variance=0.0627, QRS count=6
2025-10-08 17:28:35,161 [DEBUG] Accepted segment [67584:68608], variance=0.0535, QRS count=5
2025-10-08 17:28:35,166 [DEBUG] Accepted segment [68096:69120], variance=0.0529, QRS count=5
2025-10-08 17:28:35,170 [DEBUG] Accepted segment [68608:69632], variance=0.0620, QRS count=5
2025-10-08 17:28:35,175 [DEBUG] Accepted segment [69120:70144], variance=0.0512, QRS count=6
2025-10-08 17:28:35,179 [DEBUG] Accepted segment [69632:70656], variance=0.0508, QRS count=5
2025-10-08 17:28:35,184 [DEBUG] Accepted segment [70144:71168], variance=0.0623, QRS count=5
2025-10-08 17:28:35,188 [DEBUG] Accepted segment [70656:71680], variance=0.0649, QRS count=5
2025-10-08 17:28:35,192 [DEBUG] Accepted segment [71168:72192], variance=0.0649, QRS count=6
2025-10-08 17:28:35,197 [DEBUG] Accepted segment [71680:72704], variance=0.0643, QRS count=6
2025-10-08 17:28:35,201 [DEBUG] Accepted segment [72192:73216], variance=0.0546, QRS count=6
2025-10-08 17:28:35,206 [DEBUG] Accepted segment [72704:73728], variance=0.0550, QRS count=5
2025-10-08 17:28:35,210 [DEBUG] Accepted segment [73216:74240], variance=0.0646, QRS count=5
2025-10-08 17:28:35,214 [DEBUG] Accepted segment [73728:74752], variance=0.0630, QRS count=5
2025-10-08 17:28:35,219 [DEBUG] Accepted segment [74240:75264], variance=0.0623, QRS count=6
2025-10-08 17:28:35,223 [DEBUG] Accepted segment [74752:75776], variance=0.0621, QRS count=6
2025-10-08 17:28:35,228 [DEBUG] Accepted segment [75264:76288], variance=0.0509, QRS count=6
2025-10-08 17:28:35,232 [DEBUG] Accepted segment [75776:76800], variance=0.0518, QRS count=5
2025-10-08 17:28:35,236 [DEBUG] Accepted segment [76288:77312], variance=0.0641, QRS count=5
2025-10-08 17:28:35,241 [DEBUG] Accepted segment [76800:77824], variance=0.0659, QRS count=5
2025-10-08 17:28:35,246 [DEBUG] Accepted segment [77312:78336], variance=0.0647, QRS count=6
2025-10-08 17:28:35,251 [DEBUG] Accepted segment [77824:78848], variance=0.0543, QRS count=5
2025-10-08 17:28:35,255 [DEBUG] Accepted segment [78336:79360], variance=0.0534, QRS count=5
2025-10-08 17:28:35,260 [DEBUG] Accepted segment [78848:79872], variance=0.0600, QRS count=5
2025-10-08 17:28:35,266 [DEBUG] Accepted segment [79360:80384], variance=0.0605, QRS count=6
2025-10-08 17:28:35,281 [DEBUG] Accepted segment [79872:80896], variance=0.0530, QRS count=5
2025-10-08 17:28:35,285 [DEBUG] Accepted segment [80384:81408], variance=0.0525, QRS count=5
2025-10-08 17:28:35,290 [DEBUG] Accepted segment [80896:81920], variance=0.0614, QRS count=5
2025-10-08 17:28:35,295 [DEBUG] Accepted segment [81408:82432], variance=0.0623, QRS count=6
2025-10-08 17:28:35,300 [DEBUG] Accepted segment [81920:82944], variance=0.0606, QRS count=5
2025-10-08 17:28:35,304 [DEBUG] Accepted segment [82432:83456], variance=0.0508, QRS count=5
2025-10-08 17:28:35,309 [DEBUG] Accepted segment [82944:83968], variance=0.0525, QRS count=5
2025-10-08 17:28:35,313 [DEBUG] Accepted segment [83456:84480], variance=0.0618, QRS count=5
2025-10-08 17:28:35,318 [DEBUG] Accepted segment [83968:84992], variance=0.0601, QRS count=5
2025-10-08 17:28:35,322 [DEBUG] Accepted segment [84480:85504], variance=0.0589, QRS count=5
2025-10-08 17:28:35,327 [DEBUG] Accepted segment [84992:86016], variance=0.0579, QRS count=6
2025-10-08 17:28:35,332 [DEBUG] Accepted segment [85504:86528], variance=0.0604, QRS count=6
2025-10-08 17:28:35,337 [DEBUG] Accepted segment [86016:87040], variance=0.0538, QRS count=5
2025-10-08 17:28:35,342 [DEBUG] Accepted segment [86528:87552], variance=0.0515, QRS count=5
2025-10-08 17:28:35,347 [DEBUG] Accepted segment [87040:88064], variance=0.0609, QRS count=5
2025-10-08 17:28:35,352 [DEBUG] Accepted segment [87552:88576], variance=0.0617, QRS count=5
2025-10-08 17:28:35,357 [DEBUG] Accepted segment [88064:89088], variance=0.0498, QRS count=5
2025-10-08 17:28:35,361 [DEBUG] Accepted segment [88576:89600], variance=0.0489, QRS count=5
2025-10-08 17:28:35,366 [DEBUG] Accepted segment [89088:90112], variance=0.0603, QRS count=5
2025-10-08 17:28:35,371 [DEBUG] Accepted segment [89600:90624], variance=0.0612, QRS count=6
2025-10-08 17:28:35,375 [DEBUG] Accepted segment [90112:91136], variance=0.0612, QRS count=6
2025-10-08 17:28:35,380 [DEBUG] Accepted segment [90624:91648], variance=0.0535, QRS count=5
2025-10-08 17:28:35,384 [DEBUG] Accepted segment [91136:92160], variance=0.0552, QRS count=5
2025-10-08 17:28:35,389 [DEBUG] Accepted segment [91648:92672], variance=0.0635, QRS count=5
2025-10-08 17:28:35,393 [DEBUG] Accepted segment [92160:93184], variance=0.0609, QRS count=5
2025-10-08 17:28:35,398 [DEBUG] Accepted segment [92672:93696], variance=0.0534, QRS count=6
2025-10-08 17:28:35,403 [DEBUG] Accepted segment [93184:94208], variance=0.0553, QRS count=5
2025-10-08 17:28:35,408 [DEBUG] Accepted segment [93696:94720], variance=0.0625, QRS count=5
2025-10-08 17:28:35,414 [DEBUG] Accepted segment [94208:95232], variance=0.0619, QRS count=5
2025-10-08 17:28:35,419 [DEBUG] Accepted segment [94720:95744], variance=0.0629, QRS count=6
2025-10-08 17:28:35,424 [DEBUG] Accepted segment [95232:96256], variance=0.0528, QRS count=5
2025-10-08 17:28:35,429 [DEBUG] Accepted segment [95744:96768], variance=0.0525, QRS count=5
2025-10-08 17:28:35,435 [DEBUG] Accepted segment [96256:97280], variance=0.0625, QRS count=5
2025-10-08 17:28:35,440 [DEBUG] Accepted segment [96768:97792], variance=0.0602, QRS count=6
2025-10-08 17:28:35,444 [DEBUG] Accepted segment [97280:98304], variance=0.0574, QRS count=6
2025-10-08 17:28:35,449 [DEBUG] Accepted segment [97792:98816], variance=0.0569, QRS count=6
2025-10-08 17:28:35,454 [DEBUG] Accepted segment [98304:99328], variance=0.0501, QRS count=6
2025-10-08 17:28:35,459 [DEBUG] Accepted segment [98816:99840], variance=0.0510, QRS count=5
2025-10-08 17:28:35,463 [DEBUG] Accepted segment [99328:100352], variance=0.0579, QRS count=5
2025-10-08 17:28:35,468 [DEBUG] Accepted segment [99840:100864], variance=0.0583, QRS count=5
2025-10-08 17:28:35,472 [DEBUG] Accepted segment [100352:101376], variance=0.0604, QRS count=5
2025-10-08 17:28:35,477 [DEBUG] Accepted segment [100864:101888], variance=0.0593, QRS count=6
2025-10-08 17:28:35,482 [DEBUG] Accepted segment [101376:102400], variance=0.0568, QRS count=6
2025-10-08 17:28:35,487 [DEBUG] Accepted segment [101888:102912], variance=0.0552, QRS count=6
2025-10-08 17:28:35,492 [DEBUG] Accepted segment [102400:103424], variance=0.0554, QRS count=6
2025-10-08 17:28:35,497 [DEBUG] Accepted segment [102912:103936], variance=0.0574, QRS count=6
2025-10-08 17:28:35,503 [DEBUG] Accepted segment [103424:104448], variance=0.0576, QRS count=5
2025-10-08 17:28:35,508 [DEBUG] Accepted segment [103936:104960], variance=0.0472, QRS count=6
2025-10-08 17:28:35,513 [DEBUG] Accepted segment [104448:105472], variance=0.0462, QRS count=5
2025-10-08 17:28:35,518 [DEBUG] Accepted segment [104960:105984], variance=0.0554, QRS count=5
2025-10-08 17:28:35,523 [DEBUG] Accepted segment [105472:106496], variance=0.0562, QRS count=5
2025-10-08 17:28:35,527 [DEBUG] Accepted segment [105984:107008], variance=0.0543, QRS count=5
2025-10-08 17:28:35,532 [DEBUG] Accepted segment [106496:107520], variance=0.0518, QRS count=5
2025-10-08 17:28:35,537 [DEBUG] Accepted segment [107008:108032], variance=0.0523, QRS count=5
2025-10-08 17:28:35,542 [DEBUG] Accepted segment [107520:108544], variance=0.0539, QRS count=5
2025-10-08 17:28:35,546 [DEBUG] Accepted segment [108032:109056], variance=0.0543, QRS count=5
2025-10-08 17:28:35,552 [DEBUG] Accepted segment [108544:109568], variance=0.0531, QRS count=6
2025-10-08 17:28:35,556 [DEBUG] Accepted segment [109056:110080], variance=0.0515, QRS count=6
2025-10-08 17:28:35,561 [DEBUG] Accepted segment [109568:110592], variance=0.0521, QRS count=6
2025-10-08 17:28:35,566 [DEBUG] Accepted segment [110080:111104], variance=0.1279, QRS count=6
2025-10-08 17:28:35,570 [DEBUG] Accepted segment [110592:111616], variance=0.1293, QRS count=5
2025-10-08 17:28:35,576 [DEBUG] Accepted segment [111104:112128], variance=0.0552, QRS count=6
2025-10-08 17:28:35,582 [DEBUG] Accepted segment [111616:112640], variance=0.0537, QRS count=6
2025-10-08 17:28:35,587 [DEBUG] Accepted segment [112128:113152], variance=0.0532, QRS count=6
2025-10-08 17:28:35,592 [DEBUG] Accepted segment [112640:113664], variance=0.0558, QRS count=6
2025-10-08 17:28:35,597 [DEBUG] Accepted segment [113152:114176], variance=0.0582, QRS count=5
2025-10-08 17:28:35,602 [DEBUG] Accepted segment [113664:114688], variance=0.0514, QRS count=6
2025-10-08 17:28:35,607 [DEBUG] Accepted segment [114176:115200], variance=0.0525, QRS count=5
2025-10-08 17:28:35,612 [DEBUG] Accepted segment [114688:115712], variance=0.0596, QRS count=5
2025-10-08 17:28:35,617 [DEBUG] Accepted segment [115200:116224], variance=0.0584, QRS count=5
2025-10-08 17:28:35,622 [DEBUG] Accepted segment [115712:116736], variance=0.0515, QRS count=6
2025-10-08 17:28:35,627 [DEBUG] Accepted segment [116224:117248], variance=0.0530, QRS count=5
2025-10-08 17:28:35,632 [DEBUG] Accepted segment [116736:117760], variance=0.0609, QRS count=5
2025-10-08 17:28:35,638 [DEBUG] Accepted segment [117248:118272], variance=0.0628, QRS count=5
2025-10-08 17:28:35,643 [DEBUG] Accepted segment [117760:118784], variance=0.0637, QRS count=6
2025-10-08 17:28:35,648 [DEBUG] Accepted segment [118272:119296], variance=0.0609, QRS count=6
2025-10-08 17:28:35,653 [DEBUG] Accepted segment [118784:119808], variance=0.0506, QRS count=6
2025-10-08 17:28:35,653 [DEBUG] Skipping segment [119296:120320] due to overlap with noise [120200:120500]
2025-10-08 17:28:35,653 [DEBUG] Skipping segment [119808:120832] due to overlap with noise [120200:120500]
2025-10-08 17:28:35,653 [DEBUG] Skipping segment [120320:121344] due to overlap with noise [120200:120500]
2025-10-08 17:28:35,658 [DEBUG] Accepted segment [120832:121856], variance=0.0428, QRS count=6
2025-10-08 17:28:35,663 [DEBUG] Accepted segment [121344:122368], variance=0.0406, QRS count=6
2025-10-08 17:28:35,669 [DEBUG] Accepted segment [121856:122880], variance=0.0365, QRS count=6
2025-10-08 17:28:35,674 [DEBUG] Accepted segment [122368:123392], variance=0.0401, QRS count=5
2025-10-08 17:28:35,680 [DEBUG] Accepted segment [122880:123904], variance=0.0464, QRS count=6
2025-10-08 17:28:35,685 [DEBUG] Accepted segment [123392:124416], variance=0.0520, QRS count=6
2025-10-08 17:28:35,690 [DEBUG] Accepted segment [123904:124928], variance=0.0439, QRS count=5
2025-10-08 17:28:35,695 [DEBUG] Accepted segment [124416:125440], variance=0.0354, QRS count=5
2025-10-08 17:28:35,700 [DEBUG] Accepted segment [124928:125952], variance=0.0386, QRS count=5
2025-10-08 17:28:35,705 [DEBUG] Accepted segment [125440:126464], variance=0.0365, QRS count=5
2025-10-08 17:28:35,710 [DEBUG] Accepted segment [125952:126976], variance=0.0365, QRS count=6
2025-10-08 17:28:35,715 [DEBUG] Accepted segment [126464:127488], variance=0.0327, QRS count=5
2025-10-08 17:28:35,720 [DEBUG] Accepted segment [126976:128000], variance=0.0325, QRS count=5
2025-10-08 17:28:35,720 [INFO] Segmented signal of length 128000 into 246 valid segments
2025-10-08 17:28:36,203 [DEBUG] Accepted segment [0:1024], variance=0.0402, QRS count=6
2025-10-08 17:28:36,208 [DEBUG] Accepted segment [512:1536], variance=0.0419, QRS count=6
2025-10-08 17:28:36,213 [DEBUG] Accepted segment [1024:2048], variance=0.0415, QRS count=6
2025-10-08 17:28:36,218 [DEBUG] Accepted segment [1536:2560], variance=0.0390, QRS count=6
2025-10-08 17:28:36,222 [DEBUG] Accepted segment [2048:3072], variance=0.0377, QRS count=6
2025-10-08 17:28:36,227 [DEBUG] Accepted segment [2560:3584], variance=0.0409, QRS count=6
2025-10-08 17:28:36,232 [DEBUG] Accepted segment [3072:4096], variance=0.0414, QRS count=5
2025-10-08 17:28:36,237 [DEBUG] Accepted segment [3584:4608], variance=0.0384, QRS count=5
2025-10-08 17:28:36,241 [DEBUG] Accepted segment [4096:5120], variance=0.0392, QRS count=5
2025-10-08 17:28:36,246 [DEBUG] Accepted segment [4608:5632], variance=0.0402, QRS count=5
2025-10-08 17:28:36,251 [DEBUG] Accepted segment [5120:6144], variance=0.0394, QRS count=5
2025-10-08 17:28:36,255 [DEBUG] Accepted segment [5632:6656], variance=0.0395, QRS count=5
2025-10-08 17:28:36,260 [DEBUG] Accepted segment [6144:7168], variance=0.0415, QRS count=5
2025-10-08 17:28:36,265 [DEBUG] Accepted segment [6656:7680], variance=0.0433, QRS count=5
2025-10-08 17:28:36,270 [DEBUG] Accepted segment [7168:8192], variance=0.0412, QRS count=5
2025-10-08 17:28:36,274 [DEBUG] Accepted segment [7680:8704], variance=0.0387, QRS count=6
2025-10-08 17:28:36,279 [DEBUG] Accepted segment [8192:9216], variance=0.0424, QRS count=6
2025-10-08 17:28:36,285 [DEBUG] Accepted segment [8704:9728], variance=0.0459, QRS count=6
2025-10-08 17:28:36,289 [DEBUG] Accepted segment [9216:10240], variance=0.0427, QRS count=5
2025-10-08 17:28:36,295 [DEBUG] Accepted segment [9728:10752], variance=0.0465, QRS count=5
2025-10-08 17:28:36,300 [DEBUG] Accepted segment [10240:11264], variance=0.0452, QRS count=6
2025-10-08 17:28:36,305 [DEBUG] Accepted segment [10752:11776], variance=0.0496, QRS count=6
2025-10-08 17:28:36,310 [DEBUG] Accepted segment [11264:12288], variance=0.0525, QRS count=6
2025-10-08 17:28:36,315 [DEBUG] Accepted segment [11776:12800], variance=0.0397, QRS count=6
2025-10-08 17:28:36,320 [DEBUG] Accepted segment [12288:13312], variance=0.0377, QRS count=6
2025-10-08 17:28:36,325 [DEBUG] Accepted segment [12800:13824], variance=0.0388, QRS count=6
2025-10-08 17:28:36,330 [DEBUG] Accepted segment [13312:14336], variance=0.0378, QRS count=6
2025-10-08 17:28:36,335 [DEBUG] Accepted segment [13824:14848], variance=0.0385, QRS count=6
2025-10-08 17:28:36,340 [DEBUG] Accepted segment [14336:15360], variance=0.0398, QRS count=6
2025-10-08 17:28:36,345 [DEBUG] Accepted segment [14848:15872], variance=0.0393, QRS count=5
2025-10-08 17:28:36,350 [DEBUG] Accepted segment [15360:16384], variance=0.0346, QRS count=6
2025-10-08 17:28:36,355 [DEBUG] Accepted segment [15872:16896], variance=0.0356, QRS count=5
2025-10-08 17:28:36,360 [DEBUG] Accepted segment [16384:17408], variance=0.0412, QRS count=5
2025-10-08 17:28:36,365 [DEBUG] Accepted segment [16896:17920], variance=0.0429, QRS count=5
2025-10-08 17:28:36,371 [DEBUG] Accepted segment [17408:18432], variance=0.0438, QRS count=5
2025-10-08 17:28:36,376 [DEBUG] Accepted segment [17920:18944], variance=0.0445, QRS count=5
2025-10-08 17:28:36,381 [DEBUG] Accepted segment [18432:19456], variance=0.0446, QRS count=5
2025-10-08 17:28:36,386 [DEBUG] Accepted segment [18944:19968], variance=0.0441, QRS count=5
2025-10-08 17:28:36,391 [DEBUG] Accepted segment [19456:20480], variance=0.0441, QRS count=5
2025-10-08 17:28:36,396 [DEBUG] Accepted segment [19968:20992], variance=0.0429, QRS count=5
2025-10-08 17:28:36,401 [DEBUG] Accepted segment [20480:21504], variance=0.0406, QRS count=5
2025-10-08 17:28:36,405 [DEBUG] Accepted segment [20992:22016], variance=0.0402, QRS count=5
2025-10-08 17:28:36,410 [DEBUG] Accepted segment [21504:22528], variance=0.0406, QRS count=5
2025-10-08 17:28:36,415 [DEBUG] Accepted segment [22016:23040], variance=0.0405, QRS count=5
2025-10-08 17:28:36,420 [DEBUG] Accepted segment [22528:23552], variance=0.0406, QRS count=5
2025-10-08 17:28:36,425 [DEBUG] Accepted segment [23040:24064], variance=0.0412, QRS count=5
2025-10-08 17:28:36,430 [DEBUG] Accepted segment [23552:24576], variance=0.0423, QRS count=5
2025-10-08 17:28:36,435 [DEBUG] Accepted segment [24064:25088], variance=0.0420, QRS count=6
2025-10-08 17:28:36,441 [DEBUG] Accepted segment [24576:25600], variance=0.0412, QRS count=6
2025-10-08 17:28:36,446 [DEBUG] Accepted segment [25088:26112], variance=0.0412, QRS count=6
2025-10-08 17:28:36,450 [DEBUG] Accepted segment [25600:26624], variance=0.0407, QRS count=6
2025-10-08 17:28:36,455 [DEBUG] Accepted segment [26112:27136], variance=0.0394, QRS count=6
2025-10-08 17:28:36,460 [DEBUG] Accepted segment [26624:27648], variance=0.0471, QRS count=6
2025-10-08 17:28:36,465 [DEBUG] Accepted segment [27136:28160], variance=0.0493, QRS count=6
2025-10-08 17:28:36,470 [DEBUG] Accepted segment [27648:28672], variance=0.0420, QRS count=6
2025-10-08 17:28:36,475 [DEBUG] Accepted segment [28160:29184], variance=0.0394, QRS count=5
2025-10-08 17:28:36,480 [DEBUG] Accepted segment [28672:29696], variance=0.0345, QRS count=5
2025-10-08 17:28:36,485 [DEBUG] Accepted segment [29184:30208], variance=0.0353, QRS count=5
2025-10-08 17:28:36,490 [DEBUG] Accepted segment [29696:30720], variance=0.0395, QRS count=5
2025-10-08 17:28:36,495 [DEBUG] Accepted segment [30208:31232], variance=0.0400, QRS count=5
2025-10-08 17:28:36,500 [DEBUG] Accepted segment [30720:31744], variance=0.0419, QRS count=5
2025-10-08 17:28:36,507 [DEBUG] Accepted segment [31232:32256], variance=0.0425, QRS count=5
2025-10-08 17:28:36,512 [DEBUG] Accepted segment [31744:32768], variance=0.0409, QRS count=5
2025-10-08 17:28:36,517 [DEBUG] Accepted segment [32256:33280], variance=0.0398, QRS count=5
2025-10-08 17:28:36,522 [DEBUG] Accepted segment [32768:33792], variance=0.0410, QRS count=5
2025-10-08 17:28:36,527 [DEBUG] Accepted segment [33280:34304], variance=0.0416, QRS count=5
2025-10-08 17:28:36,532 [DEBUG] Accepted segment [33792:34816], variance=0.0405, QRS count=5
2025-10-08 17:28:36,537 [DEBUG] Accepted segment [34304:35328], variance=0.0395, QRS count=6
2025-10-08 17:28:36,542 [DEBUG] Accepted segment [34816:35840], variance=0.0397, QRS count=6
2025-10-08 17:28:36,546 [DEBUG] Accepted segment [35328:36352], variance=0.0419, QRS count=6
2025-10-08 17:28:36,552 [DEBUG] Accepted segment [35840:36864], variance=0.0427, QRS count=6
2025-10-08 17:28:36,557 [DEBUG] Accepted segment [36352:37376], variance=0.0419, QRS count=6
2025-10-08 17:28:36,562 [DEBUG] Accepted segment [36864:37888], variance=0.0411, QRS count=6
2025-10-08 17:28:36,567 [DEBUG] Accepted segment [37376:38400], variance=0.0402, QRS count=5
2025-10-08 17:28:36,573 [DEBUG] Accepted segment [37888:38912], variance=0.0358, QRS count=6
2025-10-08 17:28:36,577 [DEBUG] Accepted segment [38400:39424], variance=0.0363, QRS count=5
2025-10-08 17:28:36,582 [DEBUG] Accepted segment [38912:39936], variance=0.0418, QRS count=5
2025-10-08 17:28:36,588 [DEBUG] Accepted segment [39424:40448], variance=0.0436, QRS count=5
2025-10-08 17:28:36,593 [DEBUG] Accepted segment [39936:40960], variance=0.0433, QRS count=5
2025-10-08 17:28:36,598 [DEBUG] Accepted segment [40448:41472], variance=0.0420, QRS count=5
2025-10-08 17:28:36,605 [DEBUG] Accepted segment [40960:41984], variance=0.0409, QRS count=5
2025-10-08 17:28:36,611 [DEBUG] Accepted segment [41472:42496], variance=0.0399, QRS count=6
2025-10-08 17:28:36,616 [DEBUG] Accepted segment [41984:43008], variance=0.0410, QRS count=6
2025-10-08 17:28:36,621 [DEBUG] Accepted segment [42496:43520], variance=0.0423, QRS count=6
2025-10-08 17:28:36,626 [DEBUG] Accepted segment [43008:44032], variance=0.0413, QRS count=6
2025-10-08 17:28:36,631 [DEBUG] Accepted segment [43520:44544], variance=0.0393, QRS count=6
2025-10-08 17:28:36,636 [DEBUG] Accepted segment [44032:45056], variance=0.0401, QRS count=6
2025-10-08 17:28:36,641 [DEBUG] Accepted segment [44544:45568], variance=0.0421, QRS count=6
2025-10-08 17:28:36,646 [DEBUG] Accepted segment [45056:46080], variance=0.0420, QRS count=6
2025-10-08 17:28:36,651 [DEBUG] Accepted segment [45568:46592], variance=0.0406, QRS count=6
2025-10-08 17:28:36,657 [DEBUG] Accepted segment [46080:47104], variance=0.0402, QRS count=6
2025-10-08 17:28:36,662 [DEBUG] Accepted segment [46592:47616], variance=0.0409, QRS count=6
2025-10-08 17:28:36,668 [DEBUG] Accepted segment [47104:48128], variance=0.0409, QRS count=6
2025-10-08 17:28:36,674 [DEBUG] Accepted segment [47616:48640], variance=0.0406, QRS count=6
2025-10-08 17:28:36,680 [DEBUG] Accepted segment [48128:49152], variance=0.0408, QRS count=5
2025-10-08 17:28:36,686 [DEBUG] Accepted segment [48640:49664], variance=0.0422, QRS count=5
2025-10-08 17:28:36,692 [DEBUG] Accepted segment [49152:50176], variance=0.0407, QRS count=5
2025-10-08 17:28:36,698 [DEBUG] Accepted segment [49664:50688], variance=0.0342, QRS count=6
2025-10-08 17:28:36,704 [DEBUG] Accepted segment [50176:51200], variance=0.0361, QRS count=5
2025-10-08 17:28:36,710 [DEBUG] Accepted segment [50688:51712], variance=0.0422, QRS count=5
2025-10-08 17:28:36,715 [DEBUG] Accepted segment [51200:52224], variance=0.0421, QRS count=5
2025-10-08 17:28:36,721 [DEBUG] Accepted segment [51712:52736], variance=0.0413, QRS count=5
2025-10-08 17:28:36,726 [DEBUG] Accepted segment [52224:53248], variance=0.0424, QRS count=5
2025-10-08 17:28:36,731 [DEBUG] Accepted segment [52736:53760], variance=0.0428, QRS count=5
2025-10-08 17:28:36,736 [DEBUG] Accepted segment [53248:54272], variance=0.0407, QRS count=6
2025-10-08 17:28:36,742 [DEBUG] Accepted segment [53760:54784], variance=0.0401, QRS count=6
2025-10-08 17:28:36,747 [DEBUG] Accepted segment [54272:55296], variance=0.0403, QRS count=6
2025-10-08 17:28:36,752 [DEBUG] Accepted segment [54784:55808], variance=0.0409, QRS count=6
2025-10-08 17:28:36,757 [DEBUG] Accepted segment [55296:56320], variance=0.0409, QRS count=5
2025-10-08 17:28:36,762 [DEBUG] Accepted segment [55808:56832], variance=0.0340, QRS count=6
2025-10-08 17:28:36,767 [DEBUG] Accepted segment [56320:57344], variance=0.0343, QRS count=6
2025-10-08 17:28:36,773 [DEBUG] Accepted segment [56832:57856], variance=0.0403, QRS count=5
2025-10-08 17:28:36,778 [DEBUG] Accepted segment [57344:58368], variance=0.0385, QRS count=5
2025-10-08 17:28:36,784 [DEBUG] Accepted segment [57856:58880], variance=0.0381, QRS count=5
2025-10-08 17:28:36,789 [DEBUG] Accepted segment [58368:59392], variance=0.0402, QRS count=5
2025-10-08 17:28:36,794 [DEBUG] Accepted segment [58880:59904], variance=0.0411, QRS count=5
2025-10-08 17:28:36,799 [DEBUG] Accepted segment [59392:60416], variance=0.0399, QRS count=5
2025-10-08 17:28:36,805 [DEBUG] Accepted segment [59904:60928], variance=0.0400, QRS count=6
2025-10-08 17:28:36,810 [DEBUG] Accepted segment [60416:61440], variance=0.0408, QRS count=6
2025-10-08 17:28:36,815 [DEBUG] Accepted segment [60928:61952], variance=0.0404, QRS count=6
2025-10-08 17:28:36,820 [DEBUG] Accepted segment [61440:62464], variance=0.0402, QRS count=6
2025-10-08 17:28:36,825 [DEBUG] Accepted segment [61952:62976], variance=0.0393, QRS count=5
2025-10-08 17:28:36,830 [DEBUG] Accepted segment [62464:63488], variance=0.0352, QRS count=6
2025-10-08 17:28:36,836 [DEBUG] Accepted segment [62976:64000], variance=0.0403, QRS count=5
2025-10-08 17:28:36,841 [DEBUG] Accepted segment [63488:64512], variance=0.0450, QRS count=6
2025-10-08 17:28:36,846 [DEBUG] Accepted segment [64000:65024], variance=0.0414, QRS count=6
2025-10-08 17:28:36,851 [DEBUG] Accepted segment [64512:65536], variance=0.0425, QRS count=6
2025-10-08 17:28:36,856 [DEBUG] Accepted segment [65024:66048], variance=0.0414, QRS count=6
2025-10-08 17:28:36,862 [DEBUG] Accepted segment [65536:66560], variance=0.0358, QRS count=6
2025-10-08 17:28:36,869 [DEBUG] Accepted segment [66048:67072], variance=0.0355, QRS count=6
2025-10-08 17:28:36,874 [DEBUG] Accepted segment [66560:67584], variance=0.0398, QRS count=5
2025-10-08 17:28:36,879 [DEBUG] Accepted segment [67072:68096], variance=0.0410, QRS count=5
2025-10-08 17:28:36,885 [DEBUG] Accepted segment [67584:68608], variance=0.0393, QRS count=5
2025-10-08 17:28:36,890 [DEBUG] Accepted segment [68096:69120], variance=0.0400, QRS count=5
2025-10-08 17:28:36,895 [DEBUG] Accepted segment [68608:69632], variance=0.0419, QRS count=5
2025-10-08 17:28:36,901 [DEBUG] Accepted segment [69120:70144], variance=0.0409, QRS count=5
2025-10-08 17:28:36,906 [DEBUG] Accepted segment [69632:70656], variance=0.0407, QRS count=5
2025-10-08 17:28:36,911 [DEBUG] Accepted segment [70144:71168], variance=0.0428, QRS count=6
2025-10-08 17:28:36,916 [DEBUG] Accepted segment [70656:71680], variance=0.0434, QRS count=6
2025-10-08 17:28:36,921 [DEBUG] Accepted segment [71168:72192], variance=0.1024, QRS count=6
2025-10-08 17:28:36,925 [DEBUG] Accepted segment [71680:72704], variance=0.1012, QRS count=6
2025-10-08 17:28:36,930 [DEBUG] Accepted segment [72192:73216], variance=0.0421, QRS count=6
2025-10-08 17:28:36,935 [DEBUG] Accepted segment [72704:73728], variance=0.0443, QRS count=6
2025-10-08 17:28:36,940 [DEBUG] Accepted segment [73216:74240], variance=0.0363, QRS count=5
2025-10-08 17:28:36,945 [DEBUG] Accepted segment [73728:74752], variance=0.0346, QRS count=5
2025-10-08 17:28:36,950 [DEBUG] Accepted segment [74240:75264], variance=0.0419, QRS count=5
2025-10-08 17:28:36,954 [DEBUG] Accepted segment [74752:75776], variance=0.0424, QRS count=5
2025-10-08 17:28:36,959 [DEBUG] Accepted segment [75264:76288], variance=0.0417, QRS count=6
2025-10-08 17:28:36,964 [DEBUG] Accepted segment [75776:76800], variance=0.0351, QRS count=5
2025-10-08 17:28:36,968 [DEBUG] Accepted segment [76288:77312], variance=0.0362, QRS count=5
2025-10-08 17:28:36,973 [DEBUG] Accepted segment [76800:77824], variance=0.0426, QRS count=5
2025-10-08 17:28:36,977 [DEBUG] Accepted segment [77312:78336], variance=0.0413, QRS count=5
2025-10-08 17:28:36,982 [DEBUG] Accepted segment [77824:78848], variance=0.0425, QRS count=6
2025-10-08 17:28:36,987 [DEBUG] Accepted segment [78336:79360], variance=0.0376, QRS count=6
2025-10-08 17:28:36,991 [DEBUG] Accepted segment [78848:79872], variance=0.0357, QRS count=5
2025-10-08 17:28:36,996 [DEBUG] Accepted segment [79360:80384], variance=0.0419, QRS count=5
2025-10-08 17:28:37,001 [DEBUG] Accepted segment [79872:80896], variance=0.0437, QRS count=5
2025-10-08 17:28:37,005 [DEBUG] Accepted segment [80384:81408], variance=0.0438, QRS count=6
2025-10-08 17:28:37,010 [DEBUG] Accepted segment [80896:81920], variance=0.0365, QRS count=5
2025-10-08 17:28:37,015 [DEBUG] Accepted segment [81408:82432], variance=0.0377, QRS count=5
2025-10-08 17:28:37,019 [DEBUG] Accepted segment [81920:82944], variance=0.0453, QRS count=5
2025-10-08 17:28:37,024 [DEBUG] Accepted segment [82432:83456], variance=0.0444, QRS count=5
2025-10-08 17:28:37,029 [DEBUG] Accepted segment [82944:83968], variance=0.0439, QRS count=6
2025-10-08 17:28:37,034 [DEBUG] Accepted segment [83456:84480], variance=0.0381, QRS count=6
2025-10-08 17:28:37,039 [DEBUG] Accepted segment [83968:84992], variance=0.0375, QRS count=5
2025-10-08 17:28:37,044 [DEBUG] Accepted segment [84480:85504], variance=0.0438, QRS count=5
2025-10-08 17:28:37,049 [DEBUG] Accepted segment [84992:86016], variance=0.0450, QRS count=5
2025-10-08 17:28:37,054 [DEBUG] Accepted segment [85504:86528], variance=0.0438, QRS count=6
2025-10-08 17:28:37,059 [DEBUG] Accepted segment [86016:87040], variance=0.0395, QRS count=6
2025-10-08 17:28:37,064 [DEBUG] Accepted segment [86528:87552], variance=0.0371, QRS count=6
2025-10-08 17:28:37,068 [DEBUG] Accepted segment [87040:88064], variance=0.0333, QRS count=5
2025-10-08 17:28:37,074 [DEBUG] Accepted segment [87552:88576], variance=0.0367, QRS count=5
2025-10-08 17:28:37,080 [DEBUG] Accepted segment [88064:89088], variance=0.0441, QRS count=6
2025-10-08 17:28:37,085 [DEBUG] Accepted segment [88576:89600], variance=0.0408, QRS count=5
2025-10-08 17:28:37,090 [DEBUG] Accepted segment [89088:90112], variance=0.0355, QRS count=5
2025-10-08 17:28:37,095 [DEBUG] Accepted segment [89600:90624], variance=0.0369, QRS count=5
2025-10-08 17:28:37,100 [DEBUG] Accepted segment [90112:91136], variance=0.0406, QRS count=5
2025-10-08 17:28:37,105 [DEBUG] Accepted segment [90624:91648], variance=0.0398, QRS count=5
2025-10-08 17:28:37,110 [DEBUG] Accepted segment [91136:92160], variance=0.0410, QRS count=5
2025-10-08 17:28:37,115 [DEBUG] Accepted segment [91648:92672], variance=0.0432, QRS count=5
2025-10-08 17:28:37,120 [DEBUG] Accepted segment [92160:93184], variance=0.0428, QRS count=6
2025-10-08 17:28:37,124 [DEBUG] Accepted segment [92672:93696], variance=0.1231, QRS count=6
2025-10-08 17:28:37,129 [DEBUG] Accepted segment [93184:94208], variance=0.1247, QRS count=6
2025-10-08 17:28:37,133 [DEBUG] Accepted segment [93696:94720], variance=0.0461, QRS count=6
2025-10-08 17:28:37,137 [DEBUG] Accepted segment [94208:95232], variance=0.0474, QRS count=6
2025-10-08 17:28:37,142 [DEBUG] Accepted segment [94720:95744], variance=0.0470, QRS count=6
2025-10-08 17:28:37,146 [DEBUG] Accepted segment [95232:96256], variance=0.0389, QRS count=5
2025-10-08 17:28:37,150 [DEBUG] Accepted segment [95744:96768], variance=0.0370, QRS count=5
2025-10-08 17:28:37,155 [DEBUG] Accepted segment [96256:97280], variance=0.0435, QRS count=5
2025-10-08 17:28:37,159 [DEBUG] Accepted segment [96768:97792], variance=0.0446, QRS count=6
2025-10-08 17:28:37,163 [DEBUG] Accepted segment [97280:98304], variance=0.0436, QRS count=5
2025-10-08 17:28:37,168 [DEBUG] Accepted segment [97792:98816], variance=0.0419, QRS count=5
2025-10-08 17:28:37,172 [DEBUG] Accepted segment [98304:99328], variance=0.0424, QRS count=5
2025-10-08 17:28:37,177 [DEBUG] Accepted segment [98816:99840], variance=0.0469, QRS count=5
2025-10-08 17:28:37,181 [DEBUG] Accepted segment [99328:100352], variance=0.0437, QRS count=5
2025-10-08 17:28:37,185 [DEBUG] Accepted segment [99840:100864], variance=0.0338, QRS count=6
2025-10-08 17:28:37,190 [DEBUG] Accepted segment [100352:101376], variance=0.0349, QRS count=6
2025-10-08 17:28:37,194 [DEBUG] Accepted segment [100864:101888], variance=0.0390, QRS count=5
2025-10-08 17:28:37,199 [DEBUG] Accepted segment [101376:102400], variance=0.0407, QRS count=5
2025-10-08 17:28:37,204 [DEBUG] Accepted segment [101888:102912], variance=0.0429, QRS count=5
2025-10-08 17:28:37,208 [DEBUG] Accepted segment [102400:103424], variance=0.0422, QRS count=5
2025-10-08 17:28:37,213 [DEBUG] Accepted segment [102912:103936], variance=0.0401, QRS count=6
2025-10-08 17:28:37,217 [DEBUG] Accepted segment [103424:104448], variance=0.0405, QRS count=6
2025-10-08 17:28:37,221 [DEBUG] Accepted segment [103936:104960], variance=0.0415, QRS count=6
2025-10-08 17:28:37,226 [DEBUG] Accepted segment [104448:105472], variance=0.0408, QRS count=6
2025-10-08 17:28:37,230 [DEBUG] Accepted segment [104960:105984], variance=0.0404, QRS count=6
2025-10-08 17:28:37,230 [DEBUG] Skipping segment [105472:106496] due to overlap with noise [106400:107000]
2025-10-08 17:28:37,230 [DEBUG] Skipping segment [105984:107008] due to overlap with noise [106400:107000]
2025-10-08 17:28:37,230 [DEBUG] Skipping segment [106496:107520] due to overlap with noise [106400:107000]
2025-10-08 17:28:37,235 [DEBUG] Accepted segment [107008:108032], variance=0.0702, QRS count=6
2025-10-08 17:28:37,239 [DEBUG] Accepted segment [107520:108544], variance=0.0616, QRS count=6
2025-10-08 17:28:37,243 [DEBUG] Accepted segment [108032:109056], variance=0.0688, QRS count=7
2025-10-08 17:28:37,248 [DEBUG] Accepted segment [108544:109568], variance=0.0644, QRS count=6
2025-10-08 17:28:37,252 [DEBUG] Accepted segment [109056:110080], variance=0.0488, QRS count=6
2025-10-08 17:28:37,256 [DEBUG] Accepted segment [109568:110592], variance=0.0477, QRS count=6
2025-10-08 17:28:37,260 [DEBUG] Accepted segment [110080:111104], variance=0.0440, QRS count=6
2025-10-08 17:28:37,265 [DEBUG] Accepted segment [110592:111616], variance=0.0451, QRS count=7
2025-10-08 17:28:37,269 [DEBUG] Accepted segment [111104:112128], variance=0.0552, QRS count=6
2025-10-08 17:28:37,273 [DEBUG] Accepted segment [111616:112640], variance=0.0556, QRS count=6
2025-10-08 17:28:37,278 [DEBUG] Accepted segment [112128:113152], variance=0.0543, QRS count=6
2025-10-08 17:28:37,282 [DEBUG] Accepted segment [112640:113664], variance=0.0555, QRS count=6
2025-10-08 17:28:37,286 [DEBUG] Accepted segment [113152:114176], variance=0.0560, QRS count=5
2025-10-08 17:28:37,290 [DEBUG] Accepted segment [113664:114688], variance=0.0558, QRS count=5
2025-10-08 17:28:37,295 [DEBUG] Accepted segment [114176:115200], variance=0.0667, QRS count=5
2025-10-08 17:28:37,299 [DEBUG] Accepted segment [114688:115712], variance=0.0741, QRS count=6
2025-10-08 17:28:37,303 [DEBUG] Accepted segment [115200:116224], variance=0.0637, QRS count=6
2025-10-08 17:28:37,308 [DEBUG] Accepted segment [115712:116736], variance=0.0559, QRS count=6
2025-10-08 17:28:37,312 [DEBUG] Accepted segment [116224:117248], variance=0.0528, QRS count=6
2025-10-08 17:28:37,316 [DEBUG] Accepted segment [116736:117760], variance=0.0522, QRS count=5
2025-10-08 17:28:37,320 [DEBUG] Accepted segment [117248:118272], variance=0.0472, QRS count=6
2025-10-08 17:28:37,325 [DEBUG] Accepted segment [117760:118784], variance=0.0471, QRS count=5
2025-10-08 17:28:37,329 [DEBUG] Accepted segment [118272:119296], variance=0.0569, QRS count=5
2025-10-08 17:28:37,333 [DEBUG] Accepted segment [118784:119808], variance=0.0603, QRS count=5
2025-10-08 17:28:37,337 [DEBUG] Accepted segment [119296:120320], variance=0.0607, QRS count=5
2025-10-08 17:28:37,341 [DEBUG] Accepted segment [119808:120832], variance=0.0601, QRS count=6
2025-10-08 17:28:37,345 [DEBUG] Accepted segment [120320:121344], variance=0.0600, QRS count=6
2025-10-08 17:28:37,349 [DEBUG] Accepted segment [120832:121856], variance=0.0599, QRS count=6
2025-10-08 17:28:37,354 [DEBUG] Accepted segment [121344:122368], variance=0.0489, QRS count=5
2025-10-08 17:28:37,358 [DEBUG] Accepted segment [121856:122880], variance=0.0471, QRS count=5
2025-10-08 17:28:37,363 [DEBUG] Accepted segment [122368:123392], variance=0.0592, QRS count=5
2025-10-08 17:28:37,369 [DEBUG] Accepted segment [122880:123904], variance=0.0606, QRS count=5
2025-10-08 17:28:37,373 [DEBUG] Accepted segment [123392:124416], variance=0.0582, QRS count=5
2025-10-08 17:28:37,377 [DEBUG] Accepted segment [123904:124928], variance=0.0582, QRS count=6
2025-10-08 17:28:37,382 [DEBUG] Accepted segment [124416:125440], variance=0.0592, QRS count=6
2025-10-08 17:28:37,386 [DEBUG] Accepted segment [124928:125952], variance=0.0585, QRS count=5
2025-10-08 17:28:37,390 [DEBUG] Accepted segment [125440:126464], variance=0.0485, QRS count=5
2025-10-08 17:28:37,395 [DEBUG] Accepted segment [125952:126976], variance=0.0503, QRS count=5
2025-10-08 17:28:37,399 [DEBUG] Accepted segment [126464:127488], variance=0.0614, QRS count=5
2025-10-08 17:28:37,404 [DEBUG] Accepted segment [126976:128000], variance=0.0608, QRS count=5
2025-10-08 17:28:37,404 [INFO] Segmented signal of length 128000 into 246 valid segments
2025-10-08 17:28:37,864 [DEBUG] Accepted segment [0:1024], variance=0.0489, QRS count=5
2025-10-08 17:28:37,869 [DEBUG] Accepted segment [512:1536], variance=0.0602, QRS count=5
2025-10-08 17:28:37,874 [DEBUG] Accepted segment [1024:2048], variance=0.0717, QRS count=5
2025-10-08 17:28:37,879 [DEBUG] Accepted segment [1536:2560], variance=0.0797, QRS count=6
2025-10-08 17:28:37,884 [DEBUG] Accepted segment [2048:3072], variance=0.0709, QRS count=6
2025-10-08 17:28:37,888 [DEBUG] Accepted segment [2560:3584], variance=0.0522, QRS count=5
2025-10-08 17:28:37,893 [DEBUG] Accepted segment [3072:4096], variance=0.0484, QRS count=5
2025-10-08 17:28:37,897 [DEBUG] Accepted segment [3584:4608], variance=0.0533, QRS count=5
2025-10-08 17:28:37,902 [DEBUG] Accepted segment [4096:5120], variance=0.0519, QRS count=6
2025-10-08 17:28:37,907 [DEBUG] Accepted segment [4608:5632], variance=0.0539, QRS count=6
2025-10-08 17:28:37,911 [DEBUG] Accepted segment [5120:6144], variance=0.0559, QRS count=5
2025-10-08 17:28:37,916 [DEBUG] Accepted segment [5632:6656], variance=0.0539, QRS count=5
2025-10-08 17:28:37,921 [DEBUG] Accepted segment [6144:7168], variance=0.0528, QRS count=5
2025-10-08 17:28:37,925 [DEBUG] Accepted segment [6656:7680], variance=0.0470, QRS count=5
2025-10-08 17:28:37,930 [DEBUG] Accepted segment [7168:8192], variance=0.0480, QRS count=5
2025-10-08 17:28:37,934 [DEBUG] Accepted segment [7680:8704], variance=0.0566, QRS count=5
2025-10-08 17:28:37,939 [DEBUG] Accepted segment [8192:9216], variance=0.0601, QRS count=5
2025-10-08 17:28:37,943 [DEBUG] Accepted segment [8704:9728], variance=0.0621, QRS count=6
2025-10-08 17:28:37,947 [DEBUG] Accepted segment [9216:10240], variance=0.0520, QRS count=5
2025-10-08 17:28:37,952 [DEBUG] Accepted segment [9728:10752], variance=0.0495, QRS count=5
2025-10-08 17:28:37,957 [DEBUG] Accepted segment [10240:11264], variance=0.0569, QRS count=5
2025-10-08 17:28:37,961 [DEBUG] Accepted segment [10752:11776], variance=0.0581, QRS count=5
2025-10-08 17:28:37,965 [DEBUG] Accepted segment [11264:12288], variance=0.0586, QRS count=6
2025-10-08 17:28:37,970 [DEBUG] Accepted segment [11776:12800], variance=0.0491, QRS count=6
2025-10-08 17:28:37,974 [DEBUG] Accepted segment [12288:13312], variance=0.0499, QRS count=5
2025-10-08 17:28:37,979 [DEBUG] Accepted segment [12800:13824], variance=0.0607, QRS count=5
2025-10-08 17:28:37,983 [DEBUG] Accepted segment [13312:14336], variance=0.0595, QRS count=5
2025-10-08 17:28:37,988 [DEBUG] Accepted segment [13824:14848], variance=0.0566, QRS count=6
2025-10-08 17:28:37,992 [DEBUG] Accepted segment [14336:15360], variance=0.0585, QRS count=6
2025-10-08 17:28:37,997 [DEBUG] Accepted segment [14848:15872], variance=0.0575, QRS count=6
2025-10-08 17:28:38,001 [DEBUG] Accepted segment [15360:16384], variance=0.0520, QRS count=5
2025-10-08 17:28:38,006 [DEBUG] Accepted segment [15872:16896], variance=0.0511, QRS count=5
2025-10-08 17:28:38,010 [DEBUG] Accepted segment [16384:17408], variance=0.0506, QRS count=5
2025-10-08 17:28:38,014 [DEBUG] Accepted segment [16896:17920], variance=0.0476, QRS count=5
2025-10-08 17:28:38,019 [DEBUG] Accepted segment [17408:18432], variance=0.0447, QRS count=5
2025-10-08 17:28:38,024 [DEBUG] Accepted segment [17920:18944], variance=0.0474, QRS count=6
2025-10-08 17:28:38,029 [DEBUG] Accepted segment [18432:19456], variance=0.0513, QRS count=6
2025-10-08 17:28:38,033 [DEBUG] Accepted segment [18944:19968], variance=0.0520, QRS count=5
2025-10-08 17:28:38,039 [DEBUG] Accepted segment [19456:20480], variance=0.0518, QRS count=5
2025-10-08 17:28:38,044 [DEBUG] Accepted segment [19968:20992], variance=0.0535, QRS count=5
2025-10-08 17:28:38,049 [DEBUG] Accepted segment [20480:21504], variance=0.0570, QRS count=5
2025-10-08 17:28:38,053 [DEBUG] Accepted segment [20992:22016], variance=0.0584, QRS count=5
2025-10-08 17:28:38,058 [DEBUG] Accepted segment [21504:22528], variance=0.0589, QRS count=5
2025-10-08 17:28:38,063 [DEBUG] Accepted segment [22016:23040], variance=0.0598, QRS count=6
2025-10-08 17:28:38,068 [DEBUG] Accepted segment [22528:23552], variance=0.0604, QRS count=6
2025-10-08 17:28:38,072 [DEBUG] Accepted segment [23040:24064], variance=0.0594, QRS count=5
2025-10-08 17:28:38,077 [DEBUG] Accepted segment [23552:24576], variance=0.0598, QRS count=6
2025-10-08 17:28:38,083 [DEBUG] Accepted segment [24064:25088], variance=0.0620, QRS count=6
2025-10-08 17:28:38,088 [DEBUG] Accepted segment [24576:25600], variance=0.1251, QRS count=6
2025-10-08 17:28:38,092 [DEBUG] Accepted segment [25088:26112], variance=0.1270, QRS count=6
2025-10-08 17:28:38,098 [DEBUG] Accepted segment [25600:26624], variance=0.0756, QRS count=6
2025-10-08 17:28:38,103 [DEBUG] Accepted segment [26112:27136], variance=0.0709, QRS count=6
2025-10-08 17:28:38,108 [DEBUG] Accepted segment [26624:27648], variance=0.0589, QRS count=6
2025-10-08 17:28:38,112 [DEBUG] Accepted segment [27136:28160], variance=0.0584, QRS count=6
2025-10-08 17:28:38,117 [DEBUG] Accepted segment [27648:28672], variance=0.0565, QRS count=6
2025-10-08 17:28:38,121 [DEBUG] Accepted segment [28160:29184], variance=0.0559, QRS count=6
2025-10-08 17:28:38,126 [DEBUG] Accepted segment [28672:29696], variance=0.0563, QRS count=6
2025-10-08 17:28:38,131 [DEBUG] Accepted segment [29184:30208], variance=0.0540, QRS count=6
2025-10-08 17:28:38,136 [DEBUG] Accepted segment [29696:30720], variance=0.0480, QRS count=6
2025-10-08 17:28:38,141 [DEBUG] Accepted segment [30208:31232], variance=0.0466, QRS count=5
2025-10-08 17:28:38,145 [DEBUG] Accepted segment [30720:31744], variance=0.0484, QRS count=5
2025-10-08 17:28:38,150 [DEBUG] Accepted segment [31232:32256], variance=0.0523, QRS count=6
2025-10-08 17:28:38,155 [DEBUG] Accepted segment [31744:32768], variance=0.0579, QRS count=6
2025-10-08 17:28:38,159 [DEBUG] Accepted segment [32256:33280], variance=0.0605, QRS count=5
2025-10-08 17:28:38,164 [DEBUG] Accepted segment [32768:33792], variance=0.0593, QRS count=5
2025-10-08 17:28:38,168 [DEBUG] Accepted segment [33280:34304], variance=0.0577, QRS count=5
2025-10-08 17:28:38,173 [DEBUG] Accepted segment [33792:34816], variance=0.0579, QRS count=6
2025-10-08 17:28:38,177 [DEBUG] Accepted segment [34304:35328], variance=0.0569, QRS count=6
2025-10-08 17:28:38,182 [DEBUG] Accepted segment [34816:35840], variance=0.0569, QRS count=6
2025-10-08 17:28:38,187 [DEBUG] Accepted segment [35328:36352], variance=0.0586, QRS count=6
2025-10-08 17:28:38,191 [DEBUG] Accepted segment [35840:36864], variance=0.0496, QRS count=6
2025-10-08 17:28:38,196 [DEBUG] Accepted segment [36352:37376], variance=0.0498, QRS count=5
2025-10-08 17:28:38,201 [DEBUG] Accepted segment [36864:37888], variance=0.0598, QRS count=5
2025-10-08 17:28:38,206 [DEBUG] Accepted segment [37376:38400], variance=0.0608, QRS count=5
2025-10-08 17:28:38,211 [DEBUG] Accepted segment [37888:38912], variance=0.0619, QRS count=5
2025-10-08 17:28:38,215 [DEBUG] Accepted segment [38400:39424], variance=0.0603, QRS count=6
2025-10-08 17:28:38,220 [DEBUG] Accepted segment [38912:39936], variance=0.0589, QRS count=6
2025-10-08 17:28:38,225 [DEBUG] Accepted segment [39424:40448], variance=0.0607, QRS count=6
2025-10-08 17:28:38,229 [DEBUG] Accepted segment [39936:40960], variance=0.0523, QRS count=6
2025-10-08 17:28:38,234 [DEBUG] Accepted segment [40448:41472], variance=0.0519, QRS count=5
2025-10-08 17:28:38,239 [DEBUG] Accepted segment [40960:41984], variance=0.0605, QRS count=5
2025-10-08 17:28:38,244 [DEBUG] Accepted segment [41472:42496], variance=0.0594, QRS count=5
2025-10-08 17:28:38,249 [DEBUG] Accepted segment [41984:43008], variance=0.0573, QRS count=6
2025-10-08 17:28:38,253 [DEBUG] Accepted segment [42496:43520], variance=0.0570, QRS count=6
2025-10-08 17:28:38,258 [DEBUG] Accepted segment [43008:44032], variance=0.0501, QRS count=5
2025-10-08 17:28:38,262 [DEBUG] Accepted segment [43520:44544], variance=0.0484, QRS count=5
2025-10-08 17:28:38,267 [DEBUG] Accepted segment [44032:45056], variance=0.0558, QRS count=5
2025-10-08 17:28:38,272 [DEBUG] Accepted segment [44544:45568], variance=0.0570, QRS count=5
2025-10-08 17:28:38,276 [DEBUG] Accepted segment [45056:46080], variance=0.0533, QRS count=5
2025-10-08 17:28:38,281 [DEBUG] Accepted segment [45568:46592], variance=0.0483, QRS count=6
2025-10-08 17:28:38,286 [DEBUG] Accepted segment [46080:47104], variance=0.0507, QRS count=6
2025-10-08 17:28:38,290 [DEBUG] Accepted segment [46592:47616], variance=0.0576, QRS count=6
2025-10-08 17:28:38,295 [DEBUG] Accepted segment [47104:48128], variance=0.0606, QRS count=6
2025-10-08 17:28:38,300 [DEBUG] Accepted segment [47616:48640], variance=0.0595, QRS count=6
2025-10-08 17:28:38,304 [DEBUG] Accepted segment [48128:49152], variance=0.0510, QRS count=6
2025-10-08 17:28:38,309 [DEBUG] Accepted segment [48640:49664], variance=0.0516, QRS count=5
2025-10-08 17:28:38,313 [DEBUG] Accepted segment [49152:50176], variance=0.0585, QRS count=5
2025-10-08 17:28:38,318 [DEBUG] Accepted segment [49664:50688], variance=0.0584, QRS count=5
2025-10-08 17:28:38,323 [DEBUG] Accepted segment [50176:51200], variance=0.0589, QRS count=6
2025-10-08 17:28:38,327 [DEBUG] Accepted segment [50688:51712], variance=0.0584, QRS count=6
2025-10-08 17:28:38,331 [DEBUG] Accepted segment [51200:52224], variance=0.0501, QRS count=5
2025-10-08 17:28:38,336 [DEBUG] Accepted segment [51712:52736], variance=0.0509, QRS count=5
2025-10-08 17:28:38,340 [DEBUG] Accepted segment [52224:53248], variance=0.0593, QRS count=5
2025-10-08 17:28:38,345 [DEBUG] Accepted segment [52736:53760], variance=0.0583, QRS count=6
2025-10-08 17:28:38,349 [DEBUG] Accepted segment [53248:54272], variance=0.0595, QRS count=5
2025-10-08 17:28:38,354 [DEBUG] Accepted segment [53760:54784], variance=0.0531, QRS count=5
2025-10-08 17:28:38,359 [DEBUG] Accepted segment [54272:55296], variance=0.0531, QRS count=5
2025-10-08 17:28:38,364 [DEBUG] Accepted segment [54784:55808], variance=0.0593, QRS count=5
2025-10-08 17:28:38,369 [DEBUG] Accepted segment [55296:56320], variance=0.0602, QRS count=5
2025-10-08 17:28:38,374 [DEBUG] Accepted segment [55808:56832], variance=0.0621, QRS count=5
2025-10-08 17:28:38,379 [DEBUG] Accepted segment [56320:57344], variance=0.0596, QRS count=5
2025-10-08 17:28:38,384 [DEBUG] Accepted segment [56832:57856], variance=0.0563, QRS count=6
2025-10-08 17:28:38,389 [DEBUG] Accepted segment [57344:58368], variance=0.0567, QRS count=6
2025-10-08 17:28:38,394 [DEBUG] Accepted segment [57856:58880], variance=0.0583, QRS count=5
2025-10-08 17:28:38,399 [DEBUG] Accepted segment [58368:59392], variance=0.0492, QRS count=5
2025-10-08 17:28:38,404 [DEBUG] Accepted segment [58880:59904], variance=0.0492, QRS count=5
2025-10-08 17:28:38,409 [DEBUG] Accepted segment [59392:60416], variance=0.0592, QRS count=5
2025-10-08 17:28:38,414 [DEBUG] Accepted segment [59904:60928], variance=0.0586, QRS count=5
2025-10-08 17:28:38,419 [DEBUG] Accepted segment [60416:61440], variance=0.0579, QRS count=6
2025-10-08 17:28:38,424 [DEBUG] Accepted segment [60928:61952], variance=0.0584, QRS count=6
2025-10-08 17:28:38,428 [DEBUG] Accepted segment [61440:62464], variance=0.0588, QRS count=5
2025-10-08 17:28:38,433 [DEBUG] Accepted segment [61952:62976], variance=0.0565, QRS count=5
2025-10-08 17:28:38,438 [DEBUG] Accepted segment [62464:63488], variance=0.0485, QRS count=6
2025-10-08 17:28:38,443 [DEBUG] Accepted segment [62976:64000], variance=0.0508, QRS count=5
2025-10-08 17:28:38,447 [DEBUG] Accepted segment [63488:64512], variance=0.0608, QRS count=5
2025-10-08 17:28:38,452 [DEBUG] Accepted segment [64000:65024], variance=0.0619, QRS count=5
2025-10-08 17:28:38,457 [DEBUG] Accepted segment [64512:65536], variance=0.0587, QRS count=5
2025-10-08 17:28:38,462 [DEBUG] Accepted segment [65024:66048], variance=0.0603, QRS count=5
2025-10-08 17:28:38,466 [DEBUG] Accepted segment [65536:66560], variance=0.0623, QRS count=5
2025-10-08 17:28:38,471 [DEBUG] Accepted segment [66048:67072], variance=0.0612, QRS count=5
2025-10-08 17:28:38,475 [DEBUG] Accepted segment [66560:67584], variance=0.0614, QRS count=6
2025-10-08 17:28:38,480 [DEBUG] Accepted segment [67072:68096], variance=0.0627, QRS count=6
2025-10-08 17:28:38,484 [DEBUG] Accepted segment [67584:68608], variance=0.0535, QRS count=5
2025-10-08 17:28:38,489 [DEBUG] Accepted segment [68096:69120], variance=0.0529, QRS count=5
2025-10-08 17:28:38,493 [DEBUG] Accepted segment [68608:69632], variance=0.0620, QRS count=5
2025-10-08 17:28:38,498 [DEBUG] Accepted segment [69120:70144], variance=0.0512, QRS count=6
2025-10-08 17:28:38,502 [DEBUG] Accepted segment [69632:70656], variance=0.0508, QRS count=5
2025-10-08 17:28:38,507 [DEBUG] Accepted segment [70144:71168], variance=0.0623, QRS count=5
2025-10-08 17:28:38,511 [DEBUG] Accepted segment [70656:71680], variance=0.0649, QRS count=5
2025-10-08 17:28:38,516 [DEBUG] Accepted segment [71168:72192], variance=0.0649, QRS count=6
2025-10-08 17:28:38,521 [DEBUG] Accepted segment [71680:72704], variance=0.0643, QRS count=6
2025-10-08 17:28:38,526 [DEBUG] Accepted segment [72192:73216], variance=0.0546, QRS count=6
2025-10-08 17:28:38,531 [DEBUG] Accepted segment [72704:73728], variance=0.0550, QRS count=5
2025-10-08 17:28:38,536 [DEBUG] Accepted segment [73216:74240], variance=0.0646, QRS count=5
2025-10-08 17:28:38,541 [DEBUG] Accepted segment [73728:74752], variance=0.0630, QRS count=5
2025-10-08 17:28:38,547 [DEBUG] Accepted segment [74240:75264], variance=0.0623, QRS count=6
2025-10-08 17:28:38,551 [DEBUG] Accepted segment [74752:75776], variance=0.0621, QRS count=6
2025-10-08 17:28:38,556 [DEBUG] Accepted segment [75264:76288], variance=0.0509, QRS count=6
2025-10-08 17:28:38,560 [DEBUG] Accepted segment [75776:76800], variance=0.0518, QRS count=5
2025-10-08 17:28:38,565 [DEBUG] Accepted segment [76288:77312], variance=0.0641, QRS count=5
2025-10-08 17:28:38,570 [DEBUG] Accepted segment [76800:77824], variance=0.0659, QRS count=5
2025-10-08 17:28:38,575 [DEBUG] Accepted segment [77312:78336], variance=0.0647, QRS count=6
2025-10-08 17:28:38,579 [DEBUG] Accepted segment [77824:78848], variance=0.0543, QRS count=5
2025-10-08 17:28:38,584 [DEBUG] Accepted segment [78336:79360], variance=0.0534, QRS count=5
2025-10-08 17:28:38,588 [DEBUG] Accepted segment [78848:79872], variance=0.0600, QRS count=5
2025-10-08 17:28:38,592 [DEBUG] Accepted segment [79360:80384], variance=0.0605, QRS count=6
2025-10-08 17:28:38,597 [DEBUG] Accepted segment [79872:80896], variance=0.0530, QRS count=5
2025-10-08 17:28:38,601 [DEBUG] Accepted segment [80384:81408], variance=0.0525, QRS count=5
2025-10-08 17:28:38,605 [DEBUG] Accepted segment [80896:81920], variance=0.0614, QRS count=5
2025-10-08 17:28:38,610 [DEBUG] Accepted segment [81408:82432], variance=0.0623, QRS count=6
2025-10-08 17:28:38,614 [DEBUG] Accepted segment [81920:82944], variance=0.0606, QRS count=5
2025-10-08 17:28:38,619 [DEBUG] Accepted segment [82432:83456], variance=0.0508, QRS count=5
2025-10-08 17:28:38,623 [DEBUG] Accepted segment [82944:83968], variance=0.0525, QRS count=5
2025-10-08 17:28:38,627 [DEBUG] Accepted segment [83456:84480], variance=0.0618, QRS count=5
2025-10-08 17:28:38,632 [DEBUG] Accepted segment [83968:84992], variance=0.0601, QRS count=5
2025-10-08 17:28:38,636 [DEBUG] Accepted segment [84480:85504], variance=0.0589, QRS count=5
2025-10-08 17:28:38,640 [DEBUG] Accepted segment [84992:86016], variance=0.0579, QRS count=6
2025-10-08 17:28:38,645 [DEBUG] Accepted segment [85504:86528], variance=0.0604, QRS count=6
2025-10-08 17:28:38,649 [DEBUG] Accepted segment [86016:87040], variance=0.0538, QRS count=5
2025-10-08 17:28:38,654 [DEBUG] Accepted segment [86528:87552], variance=0.0515, QRS count=5
2025-10-08 17:28:38,658 [DEBUG] Accepted segment [87040:88064], variance=0.0609, QRS count=5
2025-10-08 17:28:38,663 [DEBUG] Accepted segment [87552:88576], variance=0.0617, QRS count=5
2025-10-08 17:28:38,668 [DEBUG] Accepted segment [88064:89088], variance=0.0498, QRS count=5
2025-10-08 17:28:38,672 [DEBUG] Accepted segment [88576:89600], variance=0.0489, QRS count=5
2025-10-08 17:28:38,677 [DEBUG] Accepted segment [89088:90112], variance=0.0603, QRS count=5
2025-10-08 17:28:38,682 [DEBUG] Accepted segment [89600:90624], variance=0.0612, QRS count=6
2025-10-08 17:28:38,686 [DEBUG] Accepted segment [90112:91136], variance=0.0612, QRS count=6
2025-10-08 17:28:38,691 [DEBUG] Accepted segment [90624:91648], variance=0.0535, QRS count=5
2025-10-08 17:28:38,696 [DEBUG] Accepted segment [91136:92160], variance=0.0552, QRS count=5
2025-10-08 17:28:38,701 [DEBUG] Accepted segment [91648:92672], variance=0.0635, QRS count=5
2025-10-08 17:28:38,706 [DEBUG] Accepted segment [92160:93184], variance=0.0609, QRS count=5
2025-10-08 17:28:38,710 [DEBUG] Accepted segment [92672:93696], variance=0.0534, QRS count=6
2025-10-08 17:28:38,715 [DEBUG] Accepted segment [93184:94208], variance=0.0553, QRS count=5
2025-10-08 17:28:38,719 [DEBUG] Accepted segment [93696:94720], variance=0.0625, QRS count=5
2025-10-08 17:28:38,723 [DEBUG] Accepted segment [94208:95232], variance=0.0619, QRS count=5
2025-10-08 17:28:38,728 [DEBUG] Accepted segment [94720:95744], variance=0.0629, QRS count=6
2025-10-08 17:28:38,733 [DEBUG] Accepted segment [95232:96256], variance=0.0528, QRS count=5
2025-10-08 17:28:38,738 [DEBUG] Accepted segment [95744:96768], variance=0.0525, QRS count=5
2025-10-08 17:28:38,742 [DEBUG] Accepted segment [96256:97280], variance=0.0625, QRS count=5
2025-10-08 17:28:38,747 [DEBUG] Accepted segment [96768:97792], variance=0.0602, QRS count=6
2025-10-08 17:28:38,751 [DEBUG] Accepted segment [97280:98304], variance=0.0574, QRS count=6
2025-10-08 17:28:38,755 [DEBUG] Accepted segment [97792:98816], variance=0.0569, QRS count=6
2025-10-08 17:28:38,760 [DEBUG] Accepted segment [98304:99328], variance=0.0501, QRS count=6
2025-10-08 17:28:38,764 [DEBUG] Accepted segment [98816:99840], variance=0.0510, QRS count=5
2025-10-08 17:28:38,768 [DEBUG] Accepted segment [99328:100352], variance=0.0579, QRS count=5
2025-10-08 17:28:38,772 [DEBUG] Accepted segment [99840:100864], variance=0.0583, QRS count=5
2025-10-08 17:28:38,776 [DEBUG] Accepted segment [100352:101376], variance=0.0604, QRS count=5
2025-10-08 17:28:38,780 [DEBUG] Accepted segment [100864:101888], variance=0.0593, QRS count=6
2025-10-08 17:28:38,785 [DEBUG] Accepted segment [101376:102400], variance=0.0568, QRS count=6
2025-10-08 17:28:38,789 [DEBUG] Accepted segment [101888:102912], variance=0.0552, QRS count=6
2025-10-08 17:28:38,793 [DEBUG] Accepted segment [102400:103424], variance=0.0554, QRS count=6
2025-10-08 17:28:38,797 [DEBUG] Accepted segment [102912:103936], variance=0.0574, QRS count=6
2025-10-08 17:28:38,801 [DEBUG] Accepted segment [103424:104448], variance=0.0576, QRS count=5
2025-10-08 17:28:38,806 [DEBUG] Accepted segment [103936:104960], variance=0.0472, QRS count=6
2025-10-08 17:28:38,810 [DEBUG] Accepted segment [104448:105472], variance=0.0462, QRS count=5
2025-10-08 17:28:38,814 [DEBUG] Accepted segment [104960:105984], variance=0.0554, QRS count=5
2025-10-08 17:28:38,819 [DEBUG] Accepted segment [105472:106496], variance=0.0562, QRS count=5
2025-10-08 17:28:38,823 [DEBUG] Accepted segment [105984:107008], variance=0.0543, QRS count=5
2025-10-08 17:28:38,828 [DEBUG] Accepted segment [106496:107520], variance=0.0518, QRS count=5
2025-10-08 17:28:38,832 [DEBUG] Accepted segment [107008:108032], variance=0.0523, QRS count=5
2025-10-08 17:28:38,836 [DEBUG] Accepted segment [107520:108544], variance=0.0539, QRS count=5
2025-10-08 17:28:38,841 [DEBUG] Accepted segment [108032:109056], variance=0.0543, QRS count=5
2025-10-08 17:28:38,845 [DEBUG] Accepted segment [108544:109568], variance=0.0531, QRS count=6
2025-10-08 17:28:38,850 [DEBUG] Accepted segment [109056:110080], variance=0.0515, QRS count=6
2025-10-08 17:28:38,854 [DEBUG] Accepted segment [109568:110592], variance=0.0521, QRS count=6
2025-10-08 17:28:38,859 [DEBUG] Accepted segment [110080:111104], variance=0.1279, QRS count=6
2025-10-08 17:28:38,863 [DEBUG] Accepted segment [110592:111616], variance=0.1293, QRS count=5
2025-10-08 17:28:38,867 [DEBUG] Accepted segment [111104:112128], variance=0.0552, QRS count=6
2025-10-08 17:28:38,872 [DEBUG] Accepted segment [111616:112640], variance=0.0537, QRS count=6
2025-10-08 17:28:38,877 [DEBUG] Accepted segment [112128:113152], variance=0.0532, QRS count=6
2025-10-08 17:28:38,882 [DEBUG] Accepted segment [112640:113664], variance=0.0558, QRS count=6
2025-10-08 17:28:38,887 [DEBUG] Accepted segment [113152:114176], variance=0.0582, QRS count=5
2025-10-08 17:28:38,892 [DEBUG] Accepted segment [113664:114688], variance=0.0514, QRS count=6
2025-10-08 17:28:38,897 [DEBUG] Accepted segment [114176:115200], variance=0.0525, QRS count=5
2025-10-08 17:28:38,902 [DEBUG] Accepted segment [114688:115712], variance=0.0596, QRS count=5
2025-10-08 17:28:38,907 [DEBUG] Accepted segment [115200:116224], variance=0.0584, QRS count=5
2025-10-08 17:28:38,912 [DEBUG] Accepted segment [115712:116736], variance=0.0515, QRS count=6
2025-10-08 17:28:38,917 [DEBUG] Accepted segment [116224:117248], variance=0.0530, QRS count=5
2025-10-08 17:28:38,922 [DEBUG] Accepted segment [116736:117760], variance=0.0609, QRS count=5
2025-10-08 17:28:38,927 [DEBUG] Accepted segment [117248:118272], variance=0.0628, QRS count=5
2025-10-08 17:28:38,932 [DEBUG] Accepted segment [117760:118784], variance=0.0637, QRS count=6
2025-10-08 17:28:38,937 [DEBUG] Accepted segment [118272:119296], variance=0.0609, QRS count=6
2025-10-08 17:28:38,941 [DEBUG] Accepted segment [118784:119808], variance=0.0506, QRS count=6
2025-10-08 17:28:38,942 [DEBUG] Skipping segment [119296:120320] due to overlap with noise [120200:120500]
2025-10-08 17:28:38,942 [DEBUG] Skipping segment [119808:120832] due to overlap with noise [120200:120500]
2025-10-08 17:28:38,942 [DEBUG] Skipping segment [120320:121344] due to overlap with noise [120200:120500]
2025-10-08 17:28:38,946 [DEBUG] Accepted segment [120832:121856], variance=0.0428, QRS count=6
2025-10-08 17:28:38,951 [DEBUG] Accepted segment [121344:122368], variance=0.0406, QRS count=6
2025-10-08 17:28:38,956 [DEBUG] Accepted segment [121856:122880], variance=0.0365, QRS count=6
2025-10-08 17:28:38,962 [DEBUG] Accepted segment [122368:123392], variance=0.0401, QRS count=5
2025-10-08 17:28:38,967 [DEBUG] Accepted segment [122880:123904], variance=0.0464, QRS count=6
2025-10-08 17:28:38,973 [DEBUG] Accepted segment [123392:124416], variance=0.0520, QRS count=6
2025-10-08 17:28:38,977 [DEBUG] Accepted segment [123904:124928], variance=0.0439, QRS count=5
2025-10-08 17:28:38,982 [DEBUG] Accepted segment [124416:125440], variance=0.0354, QRS count=5
2025-10-08 17:28:38,988 [DEBUG] Accepted segment [124928:125952], variance=0.0386, QRS count=5
2025-10-08 17:28:38,992 [DEBUG] Accepted segment [125440:126464], variance=0.0365, QRS count=5
2025-10-08 17:28:38,997 [DEBUG] Accepted segment [125952:126976], variance=0.0365, QRS count=6
2025-10-08 17:28:39,002 [DEBUG] Accepted segment [126464:127488], variance=0.0327, QRS count=5
2025-10-08 17:28:39,006 [DEBUG] Accepted segment [126976:128000], variance=0.0325, QRS count=5
2025-10-08 17:28:39,007 [INFO] Segmented signal of length 128000 into 246 valid segments
2025-10-08 17:28:39,470 [DEBUG] Accepted segment [0:1024], variance=0.0402, QRS count=6
2025-10-08 17:28:39,474 [DEBUG] Accepted segment [512:1536], variance=0.0419, QRS count=6
2025-10-08 17:28:39,479 [DEBUG] Accepted segment [1024:2048], variance=0.0415, QRS count=6
2025-10-08 17:28:39,483 [DEBUG] Accepted segment [1536:2560], variance=0.0390, QRS count=6
2025-10-08 17:28:39,487 [DEBUG] Accepted segment [2048:3072], variance=0.0377, QRS count=6
2025-10-08 17:28:39,492 [DEBUG] Accepted segment [2560:3584], variance=0.0409, QRS count=6
2025-10-08 17:28:39,496 [DEBUG] Accepted segment [3072:4096], variance=0.0414, QRS count=5
2025-10-08 17:28:39,500 [DEBUG] Accepted segment [3584:4608], variance=0.0384, QRS count=5
2025-10-08 17:28:39,504 [DEBUG] Accepted segment [4096:5120], variance=0.0392, QRS count=5
2025-10-08 17:28:39,509 [DEBUG] Accepted segment [4608:5632], variance=0.0402, QRS count=5
2025-10-08 17:28:39,513 [DEBUG] Accepted segment [5120:6144], variance=0.0394, QRS count=5
2025-10-08 17:28:39,518 [DEBUG] Accepted segment [5632:6656], variance=0.0395, QRS count=5
2025-10-08 17:28:39,522 [DEBUG] Accepted segment [6144:7168], variance=0.0415, QRS count=5
2025-10-08 17:28:39,526 [DEBUG] Accepted segment [6656:7680], variance=0.0433, QRS count=5
2025-10-08 17:28:39,531 [DEBUG] Accepted segment [7168:8192], variance=0.0412, QRS count=5
2025-10-08 17:28:39,535 [DEBUG] Accepted segment [7680:8704], variance=0.0387, QRS count=6
2025-10-08 17:28:39,540 [DEBUG] Accepted segment [8192:9216], variance=0.0424, QRS count=6
2025-10-08 17:28:39,546 [DEBUG] Accepted segment [8704:9728], variance=0.0459, QRS count=6
2025-10-08 17:28:39,551 [DEBUG] Accepted segment [9216:10240], variance=0.0427, QRS count=5
2025-10-08 17:28:39,555 [DEBUG] Accepted segment [9728:10752], variance=0.0465, QRS count=5
2025-10-08 17:28:39,560 [DEBUG] Accepted segment [10240:11264], variance=0.0452, QRS count=6
2025-10-08 17:28:39,564 [DEBUG] Accepted segment [10752:11776], variance=0.0496, QRS count=6
2025-10-08 17:28:39,569 [DEBUG] Accepted segment [11264:12288], variance=0.0525, QRS count=6
2025-10-08 17:28:39,573 [DEBUG] Accepted segment [11776:12800], variance=0.0397, QRS count=6
2025-10-08 17:28:39,578 [DEBUG] Accepted segment [12288:13312], variance=0.0377, QRS count=6
2025-10-08 17:28:39,582 [DEBUG] Accepted segment [12800:13824], variance=0.0388, QRS count=6
2025-10-08 17:28:39,587 [DEBUG] Accepted segment [13312:14336], variance=0.0378, QRS count=6
2025-10-08 17:28:39,592 [DEBUG] Accepted segment [13824:14848], variance=0.0385, QRS count=6
2025-10-08 17:28:39,596 [DEBUG] Accepted segment [14336:15360], variance=0.0398, QRS count=6
2025-10-08 17:28:39,601 [DEBUG] Accepted segment [14848:15872], variance=0.0393, QRS count=5
2025-10-08 17:28:39,605 [DEBUG] Accepted segment [15360:16384], variance=0.0346, QRS count=6
2025-10-08 17:28:39,609 [DEBUG] Accepted segment [15872:16896], variance=0.0356, QRS count=5
2025-10-08 17:28:39,614 [DEBUG] Accepted segment [16384:17408], variance=0.0412, QRS count=5
2025-10-08 17:28:39,618 [DEBUG] Accepted segment [16896:17920], variance=0.0429, QRS count=5
2025-10-08 17:28:39,622 [DEBUG] Accepted segment [17408:18432], variance=0.0438, QRS count=5
2025-10-08 17:28:39,627 [DEBUG] Accepted segment [17920:18944], variance=0.0445, QRS count=5
2025-10-08 17:28:39,631 [DEBUG] Accepted segment [18432:19456], variance=0.0446, QRS count=5
2025-10-08 17:28:39,635 [DEBUG] Accepted segment [18944:19968], variance=0.0441, QRS count=5
2025-10-08 17:28:39,640 [DEBUG] Accepted segment [19456:20480], variance=0.0441, QRS count=5
2025-10-08 17:28:39,645 [DEBUG] Accepted segment [19968:20992], variance=0.0429, QRS count=5
2025-10-08 17:28:39,649 [DEBUG] Accepted segment [20480:21504], variance=0.0406, QRS count=5
2025-10-08 17:28:39,654 [DEBUG] Accepted segment [20992:22016], variance=0.0402, QRS count=5
2025-10-08 17:28:39,658 [DEBUG] Accepted segment [21504:22528], variance=0.0406, QRS count=5
2025-10-08 17:28:39,663 [DEBUG] Accepted segment [22016:23040], variance=0.0405, QRS count=5
2025-10-08 17:28:39,667 [DEBUG] Accepted segment [22528:23552], variance=0.0406, QRS count=5
2025-10-08 17:28:39,672 [DEBUG] Accepted segment [23040:24064], variance=0.0412, QRS count=5
2025-10-08 17:28:39,676 [DEBUG] Accepted segment [23552:24576], variance=0.0423, QRS count=5
2025-10-08 17:28:39,680 [DEBUG] Accepted segment [24064:25088], variance=0.0420, QRS count=6
2025-10-08 17:28:39,685 [DEBUG] Accepted segment [24576:25600], variance=0.0412, QRS count=6
2025-10-08 17:28:39,689 [DEBUG] Accepted segment [25088:26112], variance=0.0412, QRS count=6
2025-10-08 17:28:39,694 [DEBUG] Accepted segment [25600:26624], variance=0.0407, QRS count=6
2025-10-08 17:28:39,699 [DEBUG] Accepted segment [26112:27136], variance=0.0394, QRS count=6
2025-10-08 17:28:39,704 [DEBUG] Accepted segment [26624:27648], variance=0.0471, QRS count=6
2025-10-08 17:28:39,709 [DEBUG] Accepted segment [27136:28160], variance=0.0493, QRS count=6
2025-10-08 17:28:39,713 [DEBUG] Accepted segment [27648:28672], variance=0.0420, QRS count=6
2025-10-08 17:28:39,718 [DEBUG] Accepted segment [28160:29184], variance=0.0394, QRS count=5
2025-10-08 17:28:39,723 [DEBUG] Accepted segment [28672:29696], variance=0.0345, QRS count=5
2025-10-08 17:28:39,728 [DEBUG] Accepted segment [29184:30208], variance=0.0353, QRS count=5
2025-10-08 17:28:39,732 [DEBUG] Accepted segment [29696:30720], variance=0.0395, QRS count=5
2025-10-08 17:28:39,737 [DEBUG] Accepted segment [30208:31232], variance=0.0400, QRS count=5
2025-10-08 17:28:39,741 [DEBUG] Accepted segment [30720:31744], variance=0.0419, QRS count=5
2025-10-08 17:28:39,746 [DEBUG] Accepted segment [31232:32256], variance=0.0425, QRS count=5
2025-10-08 17:28:39,751 [DEBUG] Accepted segment [31744:32768], variance=0.0409, QRS count=5
2025-10-08 17:28:39,756 [DEBUG] Accepted segment [32256:33280], variance=0.0398, QRS count=5
2025-10-08 17:28:39,760 [DEBUG] Accepted segment [32768:33792], variance=0.0410, QRS count=5
2025-10-08 17:28:39,764 [DEBUG] Accepted segment [33280:34304], variance=0.0416, QRS count=5
2025-10-08 17:28:39,769 [DEBUG] Accepted segment [33792:34816], variance=0.0405, QRS count=5
2025-10-08 17:28:39,773 [DEBUG] Accepted segment [34304:35328], variance=0.0395, QRS count=6
2025-10-08 17:28:39,778 [DEBUG] Accepted segment [34816:35840], variance=0.0397, QRS count=6
2025-10-08 17:28:39,782 [DEBUG] Accepted segment [35328:36352], variance=0.0419, QRS count=6
2025-10-08 17:28:39,786 [DEBUG] Accepted segment [35840:36864], variance=0.0427, QRS count=6
2025-10-08 17:28:39,790 [DEBUG] Accepted segment [36352:37376], variance=0.0419, QRS count=6
2025-10-08 17:28:39,795 [DEBUG] Accepted segment [36864:37888], variance=0.0411, QRS count=6
2025-10-08 17:28:39,799 [DEBUG] Accepted segment [37376:38400], variance=0.0402, QRS count=5
2025-10-08 17:28:39,803 [DEBUG] Accepted segment [37888:38912], variance=0.0358, QRS count=6
2025-10-08 17:28:39,807 [DEBUG] Accepted segment [38400:39424], variance=0.0363, QRS count=5
2025-10-08 17:28:39,812 [DEBUG] Accepted segment [38912:39936], variance=0.0418, QRS count=5
2025-10-08 17:28:39,816 [DEBUG] Accepted segment [39424:40448], variance=0.0436, QRS count=5
2025-10-08 17:28:39,820 [DEBUG] Accepted segment [39936:40960], variance=0.0433, QRS count=5
2025-10-08 17:28:39,824 [DEBUG] Accepted segment [40448:41472], variance=0.0420, QRS count=5
2025-10-08 17:28:39,829 [DEBUG] Accepted segment [40960:41984], variance=0.0409, QRS count=5
2025-10-08 17:28:39,833 [DEBUG] Accepted segment [41472:42496], variance=0.0399, QRS count=6
2025-10-08 17:28:39,838 [DEBUG] Accepted segment [41984:43008], variance=0.0410, QRS count=6
2025-10-08 17:28:39,842 [DEBUG] Accepted segment [42496:43520], variance=0.0423, QRS count=6
2025-10-08 17:28:39,846 [DEBUG] Accepted segment [43008:44032], variance=0.0413, QRS count=6
2025-10-08 17:28:39,851 [DEBUG] Accepted segment [43520:44544], variance=0.0393, QRS count=6
2025-10-08 17:28:39,856 [DEBUG] Accepted segment [44032:45056], variance=0.0401, QRS count=6
2025-10-08 17:28:39,860 [DEBUG] Accepted segment [44544:45568], variance=0.0421, QRS count=6
2025-10-08 17:28:39,865 [DEBUG] Accepted segment [45056:46080], variance=0.0420, QRS count=6
2025-10-08 17:28:39,869 [DEBUG] Accepted segment [45568:46592], variance=0.0406, QRS count=6
2025-10-08 17:28:39,874 [DEBUG] Accepted segment [46080:47104], variance=0.0402, QRS count=6
2025-10-08 17:28:39,878 [DEBUG] Accepted segment [46592:47616], variance=0.0409, QRS count=6
2025-10-08 17:28:39,883 [DEBUG] Accepted segment [47104:48128], variance=0.0409, QRS count=6
2025-10-08 17:28:39,887 [DEBUG] Accepted segment [47616:48640], variance=0.0406, QRS count=6
2025-10-08 17:28:39,892 [DEBUG] Accepted segment [48128:49152], variance=0.0408, QRS count=5
2025-10-08 17:28:39,896 [DEBUG] Accepted segment [48640:49664], variance=0.0422, QRS count=5
2025-10-08 17:28:39,901 [DEBUG] Accepted segment [49152:50176], variance=0.0407, QRS count=5
2025-10-08 17:28:39,905 [DEBUG] Accepted segment [49664:50688], variance=0.0342, QRS count=6
2025-10-08 17:28:39,909 [DEBUG] Accepted segment [50176:51200], variance=0.0361, QRS count=5
2025-10-08 17:28:39,914 [DEBUG] Accepted segment [50688:51712], variance=0.0422, QRS count=5
2025-10-08 17:28:39,918 [DEBUG] Accepted segment [51200:52224], variance=0.0421, QRS count=5
2025-10-08 17:28:39,922 [DEBUG] Accepted segment [51712:52736], variance=0.0413, QRS count=5
2025-10-08 17:28:39,927 [DEBUG] Accepted segment [52224:53248], variance=0.0424, QRS count=5
2025-10-08 17:28:39,931 [DEBUG] Accepted segment [52736:53760], variance=0.0428, QRS count=5
2025-10-08 17:28:39,935 [DEBUG] Accepted segment [53248:54272], variance=0.0407, QRS count=6
2025-10-08 17:28:39,939 [DEBUG] Accepted segment [53760:54784], variance=0.0401, QRS count=6
2025-10-08 17:28:39,944 [DEBUG] Accepted segment [54272:55296], variance=0.0403, QRS count=6
2025-10-08 17:28:39,948 [DEBUG] Accepted segment [54784:55808], variance=0.0409, QRS count=6
2025-10-08 17:28:39,952 [DEBUG] Accepted segment [55296:56320], variance=0.0409, QRS count=5
2025-10-08 17:28:39,956 [DEBUG] Accepted segment [55808:56832], variance=0.0340, QRS count=6
2025-10-08 17:28:39,961 [DEBUG] Accepted segment [56320:57344], variance=0.0343, QRS count=6
2025-10-08 17:28:39,965 [DEBUG] Accepted segment [56832:57856], variance=0.0403, QRS count=5
2025-10-08 17:28:39,969 [DEBUG] Accepted segment [57344:58368], variance=0.0385, QRS count=5
2025-10-08 17:28:39,973 [DEBUG] Accepted segment [57856:58880], variance=0.0381, QRS count=5
2025-10-08 17:28:39,977 [DEBUG] Accepted segment [58368:59392], variance=0.0402, QRS count=5
2025-10-08 17:28:39,982 [DEBUG] Accepted segment [58880:59904], variance=0.0411, QRS count=5
2025-10-08 17:28:39,986 [DEBUG] Accepted segment [59392:60416], variance=0.0399, QRS count=5
2025-10-08 17:28:39,990 [DEBUG] Accepted segment [59904:60928], variance=0.0400, QRS count=6
2025-10-08 17:28:39,994 [DEBUG] Accepted segment [60416:61440], variance=0.0408, QRS count=6
2025-10-08 17:28:39,998 [DEBUG] Accepted segment [60928:61952], variance=0.0404, QRS count=6
2025-10-08 17:28:40,003 [DEBUG] Accepted segment [61440:62464], variance=0.0402, QRS count=6
2025-10-08 17:28:40,007 [DEBUG] Accepted segment [61952:62976], variance=0.0393, QRS count=5
2025-10-08 17:28:40,012 [DEBUG] Accepted segment [62464:63488], variance=0.0352, QRS count=6
2025-10-08 17:28:40,016 [DEBUG] Accepted segment [62976:64000], variance=0.0403, QRS count=5
2025-10-08 17:28:40,021 [DEBUG] Accepted segment [63488:64512], variance=0.0450, QRS count=6
2025-10-08 17:28:40,025 [DEBUG] Accepted segment [64000:65024], variance=0.0414, QRS count=6
2025-10-08 17:28:40,030 [DEBUG] Accepted segment [64512:65536], variance=0.0425, QRS count=6
2025-10-08 17:28:40,034 [DEBUG] Accepted segment [65024:66048], variance=0.0414, QRS count=6
2025-10-08 17:28:40,038 [DEBUG] Accepted segment [65536:66560], variance=0.0358, QRS count=6
2025-10-08 17:28:40,043 [DEBUG] Accepted segment [66048:67072], variance=0.0355, QRS count=6
2025-10-08 17:28:40,047 [DEBUG] Accepted segment [66560:67584], variance=0.0398, QRS count=5
2025-10-08 17:28:40,052 [DEBUG] Accepted segment [67072:68096], variance=0.0410, QRS count=5
2025-10-08 17:28:40,057 [DEBUG] Accepted segment [67584:68608], variance=0.0393, QRS count=5
2025-10-08 17:28:40,062 [DEBUG] Accepted segment [68096:69120], variance=0.0400, QRS count=5
2025-10-08 17:28:40,066 [DEBUG] Accepted segment [68608:69632], variance=0.0419, QRS count=5
2025-10-08 17:28:40,071 [DEBUG] Accepted segment [69120:70144], variance=0.0409, QRS count=5
2025-10-08 17:28:40,075 [DEBUG] Accepted segment [69632:70656], variance=0.0407, QRS count=5
2025-10-08 17:28:40,080 [DEBUG] Accepted segment [70144:71168], variance=0.0428, QRS count=6
2025-10-08 17:28:40,086 [DEBUG] Accepted segment [70656:71680], variance=0.0434, QRS count=6
2025-10-08 17:28:40,091 [DEBUG] Accepted segment [71168:72192], variance=0.1024, QRS count=6
2025-10-08 17:28:40,096 [DEBUG] Accepted segment [71680:72704], variance=0.1012, QRS count=6
2025-10-08 17:28:40,100 [DEBUG] Accepted segment [72192:73216], variance=0.0421, QRS count=6
2025-10-08 17:28:40,105 [DEBUG] Accepted segment [72704:73728], variance=0.0443, QRS count=6
2025-10-08 17:28:40,109 [DEBUG] Accepted segment [73216:74240], variance=0.0363, QRS count=5
2025-10-08 17:28:40,114 [DEBUG] Accepted segment [73728:74752], variance=0.0346, QRS count=5
2025-10-08 17:28:40,118 [DEBUG] Accepted segment [74240:75264], variance=0.0419, QRS count=5
2025-10-08 17:28:40,122 [DEBUG] Accepted segment [74752:75776], variance=0.0424, QRS count=5
2025-10-08 17:28:40,127 [DEBUG] Accepted segment [75264:76288], variance=0.0417, QRS count=6
2025-10-08 17:28:40,131 [DEBUG] Accepted segment [75776:76800], variance=0.0351, QRS count=5
2025-10-08 17:28:40,135 [DEBUG] Accepted segment [76288:77312], variance=0.0362, QRS count=5
2025-10-08 17:28:40,140 [DEBUG] Accepted segment [76800:77824], variance=0.0426, QRS count=5
2025-10-08 17:28:40,145 [DEBUG] Accepted segment [77312:78336], variance=0.0413, QRS count=5
2025-10-08 17:28:40,150 [DEBUG] Accepted segment [77824:78848], variance=0.0425, QRS count=6
2025-10-08 17:28:40,154 [DEBUG] Accepted segment [78336:79360], variance=0.0376, QRS count=6
2025-10-08 17:28:40,159 [DEBUG] Accepted segment [78848:79872], variance=0.0357, QRS count=5
2025-10-08 17:28:40,163 [DEBUG] Accepted segment [79360:80384], variance=0.0419, QRS count=5
2025-10-08 17:28:40,167 [DEBUG] Accepted segment [79872:80896], variance=0.0437, QRS count=5
2025-10-08 17:28:40,171 [DEBUG] Accepted segment [80384:81408], variance=0.0438, QRS count=6
2025-10-08 17:28:40,176 [DEBUG] Accepted segment [80896:81920], variance=0.0365, QRS count=5
2025-10-08 17:28:40,180 [DEBUG] Accepted segment [81408:82432], variance=0.0377, QRS count=5
2025-10-08 17:28:40,185 [DEBUG] Accepted segment [81920:82944], variance=0.0453, QRS count=5
2025-10-08 17:28:40,189 [DEBUG] Accepted segment [82432:83456], variance=0.0444, QRS count=5
2025-10-08 17:28:40,194 [DEBUG] Accepted segment [82944:83968], variance=0.0439, QRS count=6
2025-10-08 17:28:40,199 [DEBUG] Accepted segment [83456:84480], variance=0.0381, QRS count=6
2025-10-08 17:28:40,204 [DEBUG] Accepted segment [83968:84992], variance=0.0375, QRS count=5
2025-10-08 17:28:40,209 [DEBUG] Accepted segment [84480:85504], variance=0.0438, QRS count=5
2025-10-08 17:28:40,214 [DEBUG] Accepted segment [84992:86016], variance=0.0450, QRS count=5
2025-10-08 17:28:40,218 [DEBUG] Accepted segment [85504:86528], variance=0.0438, QRS count=6
2025-10-08 17:28:40,223 [DEBUG] Accepted segment [86016:87040], variance=0.0395, QRS count=6
2025-10-08 17:28:40,228 [DEBUG] Accepted segment [86528:87552], variance=0.0371, QRS count=6
2025-10-08 17:28:40,232 [DEBUG] Accepted segment [87040:88064], variance=0.0333, QRS count=5
2025-10-08 17:28:40,237 [DEBUG] Accepted segment [87552:88576], variance=0.0367, QRS count=5
2025-10-08 17:28:40,242 [DEBUG] Accepted segment [88064:89088], variance=0.0441, QRS count=6
2025-10-08 17:28:40,246 [DEBUG] Accepted segment [88576:89600], variance=0.0408, QRS count=5
2025-10-08 17:28:40,251 [DEBUG] Accepted segment [89088:90112], variance=0.0355, QRS count=5
2025-10-08 17:28:40,256 [DEBUG] Accepted segment [89600:90624], variance=0.0369, QRS count=5
2025-10-08 17:28:40,261 [DEBUG] Accepted segment [90112:91136], variance=0.0406, QRS count=5
2025-10-08 17:28:40,265 [DEBUG] Accepted segment [90624:91648], variance=0.0398, QRS count=5
2025-10-08 17:28:40,270 [DEBUG] Accepted segment [91136:92160], variance=0.0410, QRS count=5
2025-10-08 17:28:40,282 [DEBUG] Accepted segment [91648:92672], variance=0.0432, QRS count=5
2025-10-08 17:28:40,287 [DEBUG] Accepted segment [92160:93184], variance=0.0428, QRS count=6
2025-10-08 17:28:40,293 [DEBUG] Accepted segment [92672:93696], variance=0.1231, QRS count=6
2025-10-08 17:28:40,297 [DEBUG] Accepted segment [93184:94208], variance=0.1247, QRS count=6
2025-10-08 17:28:40,301 [DEBUG] Accepted segment [93696:94720], variance=0.0461, QRS count=6
2025-10-08 17:28:40,306 [DEBUG] Accepted segment [94208:95232], variance=0.0474, QRS count=6
2025-10-08 17:28:40,310 [DEBUG] Accepted segment [94720:95744], variance=0.0470, QRS count=6
2025-10-08 17:28:40,314 [DEBUG] Accepted segment [95232:96256], variance=0.0389, QRS count=5
2025-10-08 17:28:40,319 [DEBUG] Accepted segment [95744:96768], variance=0.0370, QRS count=5
2025-10-08 17:28:40,323 [DEBUG] Accepted segment [96256:97280], variance=0.0435, QRS count=5
2025-10-08 17:28:40,327 [DEBUG] Accepted segment [96768:97792], variance=0.0446, QRS count=6
2025-10-08 17:28:40,332 [DEBUG] Accepted segment [97280:98304], variance=0.0436, QRS count=5
2025-10-08 17:28:40,336 [DEBUG] Accepted segment [97792:98816], variance=0.0419, QRS count=5
2025-10-08 17:28:40,341 [DEBUG] Accepted segment [98304:99328], variance=0.0424, QRS count=5
2025-10-08 17:28:40,346 [DEBUG] Accepted segment [98816:99840], variance=0.0469, QRS count=5
2025-10-08 17:28:40,350 [DEBUG] Accepted segment [99328:100352], variance=0.0437, QRS count=5
2025-10-08 17:28:40,357 [DEBUG] Accepted segment [99840:100864], variance=0.0338, QRS count=6
2025-10-08 17:28:40,362 [DEBUG] Accepted segment [100352:101376], variance=0.0349, QRS count=6
2025-10-08 17:28:40,368 [DEBUG] Accepted segment [100864:101888], variance=0.0390, QRS count=5
2025-10-08 17:28:40,373 [DEBUG] Accepted segment [101376:102400], variance=0.0407, QRS count=5
2025-10-08 17:28:40,378 [DEBUG] Accepted segment [101888:102912], variance=0.0429, QRS count=5
2025-10-08 17:28:40,382 [DEBUG] Accepted segment [102400:103424], variance=0.0422, QRS count=5
2025-10-08 17:28:40,387 [DEBUG] Accepted segment [102912:103936], variance=0.0401, QRS count=6
2025-10-08 17:28:40,392 [DEBUG] Accepted segment [103424:104448], variance=0.0405, QRS count=6
2025-10-08 17:28:40,397 [DEBUG] Accepted segment [103936:104960], variance=0.0415, QRS count=6
2025-10-08 17:28:40,402 [DEBUG] Accepted segment [104448:105472], variance=0.0408, QRS count=6
2025-10-08 17:28:40,407 [DEBUG] Accepted segment [104960:105984], variance=0.0404, QRS count=6
2025-10-08 17:28:40,407 [DEBUG] Skipping segment [105472:106496] due to overlap with noise [106400:107000]
2025-10-08 17:28:40,407 [DEBUG] Skipping segment [105984:107008] due to overlap with noise [106400:107000]
2025-10-08 17:28:40,407 [DEBUG] Skipping segment [106496:107520] due to overlap with noise [106400:107000]
2025-10-08 17:28:40,412 [DEBUG] Accepted segment [107008:108032], variance=0.0702, QRS count=6
2025-10-08 17:28:40,417 [DEBUG] Accepted segment [107520:108544], variance=0.0616, QRS count=6
2025-10-08 17:28:40,421 [DEBUG] Accepted segment [108032:109056], variance=0.0688, QRS count=7
2025-10-08 17:28:40,426 [DEBUG] Accepted segment [108544:109568], variance=0.0644, QRS count=6
2025-10-08 17:28:40,431 [DEBUG] Accepted segment [109056:110080], variance=0.0488, QRS count=6
2025-10-08 17:28:40,435 [DEBUG] Accepted segment [109568:110592], variance=0.0477, QRS count=6
2025-10-08 17:28:40,440 [DEBUG] Accepted segment [110080:111104], variance=0.0440, QRS count=6
2025-10-08 17:28:40,445 [DEBUG] Accepted segment [110592:111616], variance=0.0451, QRS count=7
2025-10-08 17:28:40,449 [DEBUG] Accepted segment [111104:112128], variance=0.0552, QRS count=6
2025-10-08 17:28:40,454 [DEBUG] Accepted segment [111616:112640], variance=0.0556, QRS count=6
2025-10-08 17:28:40,458 [DEBUG] Accepted segment [112128:113152], variance=0.0543, QRS count=6
2025-10-08 17:28:40,463 [DEBUG] Accepted segment [112640:113664], variance=0.0555, QRS count=6
2025-10-08 17:28:40,467 [DEBUG] Accepted segment [113152:114176], variance=0.0560, QRS count=5
2025-10-08 17:28:40,472 [DEBUG] Accepted segment [113664:114688], variance=0.0558, QRS count=5
2025-10-08 17:28:40,477 [DEBUG] Accepted segment [114176:115200], variance=0.0667, QRS count=5
2025-10-08 17:28:40,481 [DEBUG] Accepted segment [114688:115712], variance=0.0741, QRS count=6
2025-10-08 17:28:40,486 [DEBUG] Accepted segment [115200:116224], variance=0.0637, QRS count=6
2025-10-08 17:28:40,490 [DEBUG] Accepted segment [115712:116736], variance=0.0559, QRS count=6
2025-10-08 17:28:40,495 [DEBUG] Accepted segment [116224:117248], variance=0.0528, QRS count=6
2025-10-08 17:28:40,500 [DEBUG] Accepted segment [116736:117760], variance=0.0522, QRS count=5
2025-10-08 17:28:40,504 [DEBUG] Accepted segment [117248:118272], variance=0.0472, QRS count=6
2025-10-08 17:28:40,509 [DEBUG] Accepted segment [117760:118784], variance=0.0471, QRS count=5
2025-10-08 17:28:40,513 [DEBUG] Accepted segment [118272:119296], variance=0.0569, QRS count=5
2025-10-08 17:28:40,518 [DEBUG] Accepted segment [118784:119808], variance=0.0603, QRS count=5
2025-10-08 17:28:40,523 [DEBUG] Accepted segment [119296:120320], variance=0.0607, QRS count=5
2025-10-08 17:28:40,528 [DEBUG] Accepted segment [119808:120832], variance=0.0601, QRS count=6
2025-10-08 17:28:40,533 [DEBUG] Accepted segment [120320:121344], variance=0.0600, QRS count=6
2025-10-08 17:28:40,538 [DEBUG] Accepted segment [120832:121856], variance=0.0599, QRS count=6
2025-10-08 17:28:40,542 [DEBUG] Accepted segment [121344:122368], variance=0.0489, QRS count=5
2025-10-08 17:28:40,547 [DEBUG] Accepted segment [121856:122880], variance=0.0471, QRS count=5
2025-10-08 17:28:40,552 [DEBUG] Accepted segment [122368:123392], variance=0.0592, QRS count=5
2025-10-08 17:28:40,557 [DEBUG] Accepted segment [122880:123904], variance=0.0606, QRS count=5
2025-10-08 17:28:40,561 [DEBUG] Accepted segment [123392:124416], variance=0.0582, QRS count=5
2025-10-08 17:28:40,566 [DEBUG] Accepted segment [123904:124928], variance=0.0582, QRS count=6
2025-10-08 17:28:40,571 [DEBUG] Accepted segment [124416:125440], variance=0.0592, QRS count=6
2025-10-08 17:28:40,576 [DEBUG] Accepted segment [124928:125952], variance=0.0585, QRS count=5
2025-10-08 17:28:40,580 [DEBUG] Accepted segment [125440:126464], variance=0.0485, QRS count=5
2025-10-08 17:28:40,585 [DEBUG] Accepted segment [125952:126976], variance=0.0503, QRS count=5
2025-10-08 17:28:40,589 [DEBUG] Accepted segment [126464:127488], variance=0.0614, QRS count=5
2025-10-08 17:28:40,594 [DEBUG] Accepted segment [126976:128000], variance=0.0608, QRS count=5
2025-10-08 17:28:40,594 [INFO] Segmented signal of length 128000 into 246 valid segments
2025-10-08 17:28:41,060 [DEBUG] Accepted segment [0:1024], variance=0.0489, QRS count=5
2025-10-08 17:28:41,066 [DEBUG] Accepted segment [512:1536], variance=0.0602, QRS count=5
2025-10-08 17:28:41,071 [DEBUG] Accepted segment [1024:2048], variance=0.0717, QRS count=5
2025-10-08 17:28:41,076 [DEBUG] Accepted segment [1536:2560], variance=0.0797, QRS count=6
2025-10-08 17:28:41,082 [DEBUG] Accepted segment [2048:3072], variance=0.0709, QRS count=6
2025-10-08 17:28:41,087 [DEBUG] Accepted segment [2560:3584], variance=0.0522, QRS count=5
2025-10-08 17:28:41,092 [DEBUG] Accepted segment [3072:4096], variance=0.0484, QRS count=5
2025-10-08 17:28:41,099 [DEBUG] Accepted segment [3584:4608], variance=0.0533, QRS count=5
2025-10-08 17:28:41,106 [DEBUG] Accepted segment [4096:5120], variance=0.0519, QRS count=6
2025-10-08 17:28:41,111 [DEBUG] Accepted segment [4608:5632], variance=0.0539, QRS count=6
2025-10-08 17:28:41,117 [DEBUG] Accepted segment [5120:6144], variance=0.0559, QRS count=5
2025-10-08 17:28:41,123 [DEBUG] Accepted segment [5632:6656], variance=0.0539, QRS count=5
2025-10-08 17:28:41,128 [DEBUG] Accepted segment [6144:7168], variance=0.0528, QRS count=5
2025-10-08 17:28:41,133 [DEBUG] Accepted segment [6656:7680], variance=0.0470, QRS count=5
2025-10-08 17:28:41,139 [DEBUG] Accepted segment [7168:8192], variance=0.0480, QRS count=5
2025-10-08 17:28:41,144 [DEBUG] Accepted segment [7680:8704], variance=0.0566, QRS count=5
2025-10-08 17:28:41,149 [DEBUG] Accepted segment [8192:9216], variance=0.0601, QRS count=5
2025-10-08 17:28:41,155 [DEBUG] Accepted segment [8704:9728], variance=0.0621, QRS count=6
2025-10-08 17:28:41,161 [DEBUG] Accepted segment [9216:10240], variance=0.0520, QRS count=5
2025-10-08 17:28:41,167 [DEBUG] Accepted segment [9728:10752], variance=0.0495, QRS count=5
2025-10-08 17:28:41,172 [DEBUG] Accepted segment [10240:11264], variance=0.0569, QRS count=5
2025-10-08 17:28:41,177 [DEBUG] Accepted segment [10752:11776], variance=0.0581, QRS count=5
2025-10-08 17:28:41,182 [DEBUG] Accepted segment [11264:12288], variance=0.0586, QRS count=6
2025-10-08 17:28:41,187 [DEBUG] Accepted segment [11776:12800], variance=0.0491, QRS count=6
2025-10-08 17:28:41,192 [DEBUG] Accepted segment [12288:13312], variance=0.0499, QRS count=5
2025-10-08 17:28:41,197 [DEBUG] Accepted segment [12800:13824], variance=0.0607, QRS count=5
2025-10-08 17:28:41,204 [DEBUG] Accepted segment [13312:14336], variance=0.0595, QRS count=5
2025-10-08 17:28:41,212 [DEBUG] Accepted segment [13824:14848], variance=0.0566, QRS count=6
2025-10-08 17:28:41,219 [DEBUG] Accepted segment [14336:15360], variance=0.0585, QRS count=6
2025-10-08 17:28:41,225 [DEBUG] Accepted segment [14848:15872], variance=0.0575, QRS count=6
2025-10-08 17:28:41,236 [DEBUG] Accepted segment [15360:16384], variance=0.0520, QRS count=5
2025-10-08 17:28:41,245 [DEBUG] Accepted segment [15872:16896], variance=0.0511, QRS count=5
2025-10-08 17:28:41,251 [DEBUG] Accepted segment [16384:17408], variance=0.0506, QRS count=5
2025-10-08 17:28:41,257 [DEBUG] Accepted segment [16896:17920], variance=0.0476, QRS count=5
2025-10-08 17:28:41,262 [DEBUG] Accepted segment [17408:18432], variance=0.0447, QRS count=5
2025-10-08 17:28:41,267 [DEBUG] Accepted segment [17920:18944], variance=0.0474, QRS count=6
2025-10-08 17:28:41,273 [DEBUG] Accepted segment [18432:19456], variance=0.0513, QRS count=6
2025-10-08 17:28:41,278 [DEBUG] Accepted segment [18944:19968], variance=0.0520, QRS count=5
2025-10-08 17:28:41,283 [DEBUG] Accepted segment [19456:20480], variance=0.0518, QRS count=5
2025-10-08 17:28:41,289 [DEBUG] Accepted segment [19968:20992], variance=0.0535, QRS count=5
2025-10-08 17:28:41,294 [DEBUG] Accepted segment [20480:21504], variance=0.0570, QRS count=5
2025-10-08 17:28:41,299 [DEBUG] Accepted segment [20992:22016], variance=0.0584, QRS count=5
2025-10-08 17:28:41,304 [DEBUG] Accepted segment [21504:22528], variance=0.0589, QRS count=5
2025-10-08 17:28:41,309 [DEBUG] Accepted segment [22016:23040], variance=0.0598, QRS count=6
2025-10-08 17:28:41,314 [DEBUG] Accepted segment [22528:23552], variance=0.0604, QRS count=6
2025-10-08 17:28:41,321 [DEBUG] Accepted segment [23040:24064], variance=0.0594, QRS count=5
2025-10-08 17:28:41,326 [DEBUG] Accepted segment [23552:24576], variance=0.0598, QRS count=6
2025-10-08 17:28:41,331 [DEBUG] Accepted segment [24064:25088], variance=0.0620, QRS count=6
2025-10-08 17:28:41,336 [DEBUG] Accepted segment [24576:25600], variance=0.1251, QRS count=6
2025-10-08 17:28:41,341 [DEBUG] Accepted segment [25088:26112], variance=0.1270, QRS count=6
2025-10-08 17:28:41,346 [DEBUG] Accepted segment [25600:26624], variance=0.0756, QRS count=6
2025-10-08 17:28:41,352 [DEBUG] Accepted segment [26112:27136], variance=0.0709, QRS count=6
2025-10-08 17:28:41,357 [DEBUG] Accepted segment [26624:27648], variance=0.0589, QRS count=6
2025-10-08 17:28:41,363 [DEBUG] Accepted segment [27136:28160], variance=0.0584, QRS count=6
2025-10-08 17:28:41,368 [DEBUG] Accepted segment [27648:28672], variance=0.0565, QRS count=6
2025-10-08 17:28:41,374 [DEBUG] Accepted segment [28160:29184], variance=0.0559, QRS count=6
2025-10-08 17:28:41,379 [DEBUG] Accepted segment [28672:29696], variance=0.0563, QRS count=6
2025-10-08 17:28:41,385 [DEBUG] Accepted segment [29184:30208], variance=0.0540, QRS count=6
2025-10-08 17:28:41,390 [DEBUG] Accepted segment [29696:30720], variance=0.0480, QRS count=6
2025-10-08 17:28:41,395 [DEBUG] Accepted segment [30208:31232], variance=0.0466, QRS count=5
2025-10-08 17:28:41,401 [DEBUG] Accepted segment [30720:31744], variance=0.0484, QRS count=5
2025-10-08 17:28:41,406 [DEBUG] Accepted segment [31232:32256], variance=0.0523, QRS count=6
2025-10-08 17:28:41,412 [DEBUG] Accepted segment [31744:32768], variance=0.0579, QRS count=6
2025-10-08 17:28:41,418 [DEBUG] Accepted segment [32256:33280], variance=0.0605, QRS count=5
2025-10-08 17:28:41,423 [DEBUG] Accepted segment [32768:33792], variance=0.0593, QRS count=5
2025-10-08 17:28:41,429 [DEBUG] Accepted segment [33280:34304], variance=0.0577, QRS count=5
2025-10-08 17:28:41,435 [DEBUG] Accepted segment [33792:34816], variance=0.0579, QRS count=6
2025-10-08 17:28:41,440 [DEBUG] Accepted segment [34304:35328], variance=0.0569, QRS count=6
2025-10-08 17:28:41,446 [DEBUG] Accepted segment [34816:35840], variance=0.0569, QRS count=6
2025-10-08 17:28:41,452 [DEBUG] Accepted segment [35328:36352], variance=0.0586, QRS count=6
2025-10-08 17:28:41,457 [DEBUG] Accepted segment [35840:36864], variance=0.0496, QRS count=6
2025-10-08 17:28:41,462 [DEBUG] Accepted segment [36352:37376], variance=0.0498, QRS count=5
2025-10-08 17:28:41,467 [DEBUG] Accepted segment [36864:37888], variance=0.0598, QRS count=5
2025-10-08 17:28:41,472 [DEBUG] Accepted segment [37376:38400], variance=0.0608, QRS count=5
2025-10-08 17:28:41,478 [DEBUG] Accepted segment [37888:38912], variance=0.0619, QRS count=5
2025-10-08 17:28:41,483 [DEBUG] Accepted segment [38400:39424], variance=0.0603, QRS count=6
2025-10-08 17:28:41,488 [DEBUG] Accepted segment [38912:39936], variance=0.0589, QRS count=6
2025-10-08 17:28:41,494 [DEBUG] Accepted segment [39424:40448], variance=0.0607, QRS count=6
2025-10-08 17:28:41,499 [DEBUG] Accepted segment [39936:40960], variance=0.0523, QRS count=6
2025-10-08 17:28:41,504 [DEBUG] Accepted segment [40448:41472], variance=0.0519, QRS count=5
2025-10-08 17:28:41,510 [DEBUG] Accepted segment [40960:41984], variance=0.0605, QRS count=5
2025-10-08 17:28:41,515 [DEBUG] Accepted segment [41472:42496], variance=0.0594, QRS count=5
2025-10-08 17:28:41,520 [DEBUG] Accepted segment [41984:43008], variance=0.0573, QRS count=6
2025-10-08 17:28:41,525 [DEBUG] Accepted segment [42496:43520], variance=0.0570, QRS count=6
2025-10-08 17:28:41,530 [DEBUG] Accepted segment [43008:44032], variance=0.0501, QRS count=5
2025-10-08 17:28:41,535 [DEBUG] Accepted segment [43520:44544], variance=0.0484, QRS count=5
2025-10-08 17:28:41,540 [DEBUG] Accepted segment [44032:45056], variance=0.0558, QRS count=5
2025-10-08 17:28:41,545 [DEBUG] Accepted segment [44544:45568], variance=0.0570, QRS count=5
2025-10-08 17:28:41,550 [DEBUG] Accepted segment [45056:46080], variance=0.0533, QRS count=5
2025-10-08 17:28:41,555 [DEBUG] Accepted segment [45568:46592], variance=0.0483, QRS count=6
2025-10-08 17:28:41,560 [DEBUG] Accepted segment [46080:47104], variance=0.0507, QRS count=6
2025-10-08 17:28:41,565 [DEBUG] Accepted segment [46592:47616], variance=0.0576, QRS count=6
2025-10-08 17:28:41,570 [DEBUG] Accepted segment [47104:48128], variance=0.0606, QRS count=6
2025-10-08 17:28:41,575 [DEBUG] Accepted segment [47616:48640], variance=0.0595, QRS count=6
2025-10-08 17:28:41,581 [DEBUG] Accepted segment [48128:49152], variance=0.0510, QRS count=6
2025-10-08 17:28:41,586 [DEBUG] Accepted segment [48640:49664], variance=0.0516, QRS count=5
2025-10-08 17:28:41,591 [DEBUG] Accepted segment [49152:50176], variance=0.0585, QRS count=5
2025-10-08 17:28:41,596 [DEBUG] Accepted segment [49664:50688], variance=0.0584, QRS count=5
2025-10-08 17:28:41,601 [DEBUG] Accepted segment [50176:51200], variance=0.0589, QRS count=6
2025-10-08 17:28:41,607 [DEBUG] Accepted segment [50688:51712], variance=0.0584, QRS count=6
2025-10-08 17:28:41,613 [DEBUG] Accepted segment [51200:52224], variance=0.0501, QRS count=5
2025-10-08 17:28:41,618 [DEBUG] Accepted segment [51712:52736], variance=0.0509, QRS count=5
2025-10-08 17:28:41,623 [DEBUG] Accepted segment [52224:53248], variance=0.0593, QRS count=5
2025-10-08 17:28:41,628 [DEBUG] Accepted segment [52736:53760], variance=0.0583, QRS count=6
2025-10-08 17:28:41,634 [DEBUG] Accepted segment [53248:54272], variance=0.0595, QRS count=5
2025-10-08 17:28:41,639 [DEBUG] Accepted segment [53760:54784], variance=0.0531, QRS count=5
2025-10-08 17:28:41,645 [DEBUG] Accepted segment [54272:55296], variance=0.0531, QRS count=5
2025-10-08 17:28:41,650 [DEBUG] Accepted segment [54784:55808], variance=0.0593, QRS count=5
2025-10-08 17:28:41,655 [DEBUG] Accepted segment [55296:56320], variance=0.0602, QRS count=5
2025-10-08 17:28:41,661 [DEBUG] Accepted segment [55808:56832], variance=0.0621, QRS count=5
2025-10-08 17:28:41,666 [DEBUG] Accepted segment [56320:57344], variance=0.0596, QRS count=5
2025-10-08 17:28:41,671 [DEBUG] Accepted segment [56832:57856], variance=0.0563, QRS count=6
2025-10-08 17:28:41,676 [DEBUG] Accepted segment [57344:58368], variance=0.0567, QRS count=6
2025-10-08 17:28:41,682 [DEBUG] Accepted segment [57856:58880], variance=0.0583, QRS count=5
2025-10-08 17:28:41,687 [DEBUG] Accepted segment [58368:59392], variance=0.0492, QRS count=5
2025-10-08 17:28:41,692 [DEBUG] Accepted segment [58880:59904], variance=0.0492, QRS count=5
2025-10-08 17:28:41,697 [DEBUG] Accepted segment [59392:60416], variance=0.0592, QRS count=5
2025-10-08 17:28:41,702 [DEBUG] Accepted segment [59904:60928], variance=0.0586, QRS count=5
2025-10-08 17:28:41,707 [DEBUG] Accepted segment [60416:61440], variance=0.0579, QRS count=6
2025-10-08 17:28:41,712 [DEBUG] Accepted segment [60928:61952], variance=0.0584, QRS count=6
2025-10-08 17:28:41,717 [DEBUG] Accepted segment [61440:62464], variance=0.0588, QRS count=5
2025-10-08 17:28:41,722 [DEBUG] Accepted segment [61952:62976], variance=0.0565, QRS count=5
2025-10-08 17:28:41,727 [DEBUG] Accepted segment [62464:63488], variance=0.0485, QRS count=6
2025-10-08 17:28:41,733 [DEBUG] Accepted segment [62976:64000], variance=0.0508, QRS count=5
2025-10-08 17:28:41,737 [DEBUG] Accepted segment [63488:64512], variance=0.0608, QRS count=5
2025-10-08 17:28:41,742 [DEBUG] Accepted segment [64000:65024], variance=0.0619, QRS count=5
2025-10-08 17:28:41,747 [DEBUG] Accepted segment [64512:65536], variance=0.0587, QRS count=5
2025-10-08 17:28:41,752 [DEBUG] Accepted segment [65024:66048], variance=0.0603, QRS count=5
2025-10-08 17:28:41,756 [DEBUG] Accepted segment [65536:66560], variance=0.0623, QRS count=5
2025-10-08 17:28:41,761 [DEBUG] Accepted segment [66048:67072], variance=0.0612, QRS count=5
2025-10-08 17:28:41,766 [DEBUG] Accepted segment [66560:67584], variance=0.0614, QRS count=6
2025-10-08 17:28:41,771 [DEBUG] Accepted segment [67072:68096], variance=0.0627, QRS count=6
2025-10-08 17:28:41,776 [DEBUG] Accepted segment [67584:68608], variance=0.0535, QRS count=5
2025-10-08 17:28:41,781 [DEBUG] Accepted segment [68096:69120], variance=0.0529, QRS count=5
2025-10-08 17:28:41,786 [DEBUG] Accepted segment [68608:69632], variance=0.0620, QRS count=5
2025-10-08 17:28:41,791 [DEBUG] Accepted segment [69120:70144], variance=0.0512, QRS count=6
2025-10-08 17:28:41,796 [DEBUG] Accepted segment [69632:70656], variance=0.0508, QRS count=5
2025-10-08 17:28:41,801 [DEBUG] Accepted segment [70144:71168], variance=0.0623, QRS count=5
2025-10-08 17:28:41,806 [DEBUG] Accepted segment [70656:71680], variance=0.0649, QRS count=5
2025-10-08 17:28:41,811 [DEBUG] Accepted segment [71168:72192], variance=0.0649, QRS count=6
2025-10-08 17:28:41,816 [DEBUG] Accepted segment [71680:72704], variance=0.0643, QRS count=6
2025-10-08 17:28:41,821 [DEBUG] Accepted segment [72192:73216], variance=0.0546, QRS count=6
2025-10-08 17:28:41,826 [DEBUG] Accepted segment [72704:73728], variance=0.0550, QRS count=5
2025-10-08 17:28:41,831 [DEBUG] Accepted segment [73216:74240], variance=0.0646, QRS count=5
2025-10-08 17:28:41,835 [DEBUG] Accepted segment [73728:74752], variance=0.0630, QRS count=5
2025-10-08 17:28:41,840 [DEBUG] Accepted segment [74240:75264], variance=0.0623, QRS count=6
2025-10-08 17:28:41,846 [DEBUG] Accepted segment [74752:75776], variance=0.0621, QRS count=6
2025-10-08 17:28:41,851 [DEBUG] Accepted segment [75264:76288], variance=0.0509, QRS count=6
2025-10-08 17:28:41,856 [DEBUG] Accepted segment [75776:76800], variance=0.0518, QRS count=5
2025-10-08 17:28:41,861 [DEBUG] Accepted segment [76288:77312], variance=0.0641, QRS count=5
2025-10-08 17:28:41,866 [DEBUG] Accepted segment [76800:77824], variance=0.0659, QRS count=5
2025-10-08 17:28:41,871 [DEBUG] Accepted segment [77312:78336], variance=0.0647, QRS count=6
2025-10-08 17:28:41,876 [DEBUG] Accepted segment [77824:78848], variance=0.0543, QRS count=5
2025-10-08 17:28:41,881 [DEBUG] Accepted segment [78336:79360], variance=0.0534, QRS count=5
2025-10-08 17:28:41,885 [DEBUG] Accepted segment [78848:79872], variance=0.0600, QRS count=5
2025-10-08 17:28:41,890 [DEBUG] Accepted segment [79360:80384], variance=0.0605, QRS count=6
2025-10-08 17:28:41,895 [DEBUG] Accepted segment [79872:80896], variance=0.0530, QRS count=5
2025-10-08 17:28:41,899 [DEBUG] Accepted segment [80384:81408], variance=0.0525, QRS count=5
2025-10-08 17:28:41,904 [DEBUG] Accepted segment [80896:81920], variance=0.0614, QRS count=5
2025-10-08 17:28:41,909 [DEBUG] Accepted segment [81408:82432], variance=0.0623, QRS count=6
2025-10-08 17:28:41,913 [DEBUG] Accepted segment [81920:82944], variance=0.0606, QRS count=5
2025-10-08 17:28:41,918 [DEBUG] Accepted segment [82432:83456], variance=0.0508, QRS count=5
2025-10-08 17:28:41,923 [DEBUG] Accepted segment [82944:83968], variance=0.0525, QRS count=5
2025-10-08 17:28:41,927 [DEBUG] Accepted segment [83456:84480], variance=0.0618, QRS count=5
2025-10-08 17:28:41,932 [DEBUG] Accepted segment [83968:84992], variance=0.0601, QRS count=5
2025-10-08 17:28:41,937 [DEBUG] Accepted segment [84480:85504], variance=0.0589, QRS count=5
2025-10-08 17:28:41,941 [DEBUG] Accepted segment [84992:86016], variance=0.0579, QRS count=6
2025-10-08 17:28:41,946 [DEBUG] Accepted segment [85504:86528], variance=0.0604, QRS count=6
2025-10-08 17:28:41,951 [DEBUG] Accepted segment [86016:87040], variance=0.0538, QRS count=5
2025-10-08 17:28:41,956 [DEBUG] Accepted segment [86528:87552], variance=0.0515, QRS count=5
2025-10-08 17:28:41,960 [DEBUG] Accepted segment [87040:88064], variance=0.0609, QRS count=5
2025-10-08 17:28:41,965 [DEBUG] Accepted segment [87552:88576], variance=0.0617, QRS count=5
2025-10-08 17:28:41,970 [DEBUG] Accepted segment [88064:89088], variance=0.0498, QRS count=5
2025-10-08 17:28:41,974 [DEBUG] Accepted segment [88576:89600], variance=0.0489, QRS count=5
2025-10-08 17:28:41,979 [DEBUG] Accepted segment [89088:90112], variance=0.0603, QRS count=5
2025-10-08 17:28:41,984 [DEBUG] Accepted segment [89600:90624], variance=0.0612, QRS count=6
2025-10-08 17:28:41,988 [DEBUG] Accepted segment [90112:91136], variance=0.0612, QRS count=6
2025-10-08 17:28:41,993 [DEBUG] Accepted segment [90624:91648], variance=0.0535, QRS count=5
2025-10-08 17:28:41,998 [DEBUG] Accepted segment [91136:92160], variance=0.0552, QRS count=5
2025-10-08 17:28:42,002 [DEBUG] Accepted segment [91648:92672], variance=0.0635, QRS count=5
2025-10-08 17:28:42,007 [DEBUG] Accepted segment [92160:93184], variance=0.0609, QRS count=5
2025-10-08 17:28:42,012 [DEBUG] Accepted segment [92672:93696], variance=0.0534, QRS count=6
2025-10-08 17:28:42,016 [DEBUG] Accepted segment [93184:94208], variance=0.0553, QRS count=5
2025-10-08 17:28:42,020 [DEBUG] Accepted segment [93696:94720], variance=0.0625, QRS count=5
2025-10-08 17:28:42,025 [DEBUG] Accepted segment [94208:95232], variance=0.0619, QRS count=5
2025-10-08 17:28:42,029 [DEBUG] Accepted segment [94720:95744], variance=0.0629, QRS count=6
2025-10-08 17:28:42,034 [DEBUG] Accepted segment [95232:96256], variance=0.0528, QRS count=5
2025-10-08 17:28:42,038 [DEBUG] Accepted segment [95744:96768], variance=0.0525, QRS count=5
2025-10-08 17:28:42,043 [DEBUG] Accepted segment [96256:97280], variance=0.0625, QRS count=5
2025-10-08 17:28:42,047 [DEBUG] Accepted segment [96768:97792], variance=0.0602, QRS count=6
2025-10-08 17:28:42,052 [DEBUG] Accepted segment [97280:98304], variance=0.0574, QRS count=6
2025-10-08 17:28:42,056 [DEBUG] Accepted segment [97792:98816], variance=0.0569, QRS count=6
2025-10-08 17:28:42,061 [DEBUG] Accepted segment [98304:99328], variance=0.0501, QRS count=6
2025-10-08 17:28:42,065 [DEBUG] Accepted segment [98816:99840], variance=0.0510, QRS count=5
2025-10-08 17:28:42,070 [DEBUG] Accepted segment [99328:100352], variance=0.0579, QRS count=5
2025-10-08 17:28:42,075 [DEBUG] Accepted segment [99840:100864], variance=0.0583, QRS count=5
2025-10-08 17:28:42,079 [DEBUG] Accepted segment [100352:101376], variance=0.0604, QRS count=5
2025-10-08 17:28:42,084 [DEBUG] Accepted segment [100864:101888], variance=0.0593, QRS count=6
2025-10-08 17:28:42,088 [DEBUG] Accepted segment [101376:102400], variance=0.0568, QRS count=6
2025-10-08 17:28:42,093 [DEBUG] Accepted segment [101888:102912], variance=0.0552, QRS count=6
2025-10-08 17:28:42,098 [DEBUG] Accepted segment [102400:103424], variance=0.0554, QRS count=6
2025-10-08 17:28:42,103 [DEBUG] Accepted segment [102912:103936], variance=0.0574, QRS count=6
2025-10-08 17:28:42,107 [DEBUG] Accepted segment [103424:104448], variance=0.0576, QRS count=5
2025-10-08 17:28:42,112 [DEBUG] Accepted segment [103936:104960], variance=0.0472, QRS count=6
2025-10-08 17:28:42,117 [DEBUG] Accepted segment [104448:105472], variance=0.0462, QRS count=5
2025-10-08 17:28:42,122 [DEBUG] Accepted segment [104960:105984], variance=0.0554, QRS count=5
2025-10-08 17:28:42,126 [DEBUG] Accepted segment [105472:106496], variance=0.0562, QRS count=5
2025-10-08 17:28:42,131 [DEBUG] Accepted segment [105984:107008], variance=0.0543, QRS count=5
2025-10-08 17:28:42,136 [DEBUG] Accepted segment [106496:107520], variance=0.0518, QRS count=5
2025-10-08 17:28:42,140 [DEBUG] Accepted segment [107008:108032], variance=0.0523, QRS count=5
2025-10-08 17:28:42,145 [DEBUG] Accepted segment [107520:108544], variance=0.0539, QRS count=5
2025-10-08 17:28:42,150 [DEBUG] Accepted segment [108032:109056], variance=0.0543, QRS count=5
2025-10-08 17:28:42,154 [DEBUG] Accepted segment [108544:109568], variance=0.0531, QRS count=6
2025-10-08 17:28:42,159 [DEBUG] Accepted segment [109056:110080], variance=0.0515, QRS count=6
2025-10-08 17:28:42,163 [DEBUG] Accepted segment [109568:110592], variance=0.0521, QRS count=6
2025-10-08 17:28:42,168 [DEBUG] Accepted segment [110080:111104], variance=0.1279, QRS count=6
2025-10-08 17:28:42,172 [DEBUG] Accepted segment [110592:111616], variance=0.1293, QRS count=5
2025-10-08 17:28:42,177 [DEBUG] Accepted segment [111104:112128], variance=0.0552, QRS count=6
2025-10-08 17:28:42,182 [DEBUG] Accepted segment [111616:112640], variance=0.0537, QRS count=6
2025-10-08 17:28:42,186 [DEBUG] Accepted segment [112128:113152], variance=0.0532, QRS count=6
2025-10-08 17:28:42,190 [DEBUG] Accepted segment [112640:113664], variance=0.0558, QRS count=6
2025-10-08 17:28:42,195 [DEBUG] Accepted segment [113152:114176], variance=0.0582, QRS count=5
2025-10-08 17:28:42,200 [DEBUG] Accepted segment [113664:114688], variance=0.0514, QRS count=6
2025-10-08 17:28:42,205 [DEBUG] Accepted segment [114176:115200], variance=0.0525, QRS count=5
2025-10-08 17:28:42,209 [DEBUG] Accepted segment [114688:115712], variance=0.0596, QRS count=5
2025-10-08 17:28:42,214 [DEBUG] Accepted segment [115200:116224], variance=0.0584, QRS count=5
2025-10-08 17:28:42,218 [DEBUG] Accepted segment [115712:116736], variance=0.0515, QRS count=6
2025-10-08 17:28:42,222 [DEBUG] Accepted segment [116224:117248], variance=0.0530, QRS count=5
2025-10-08 17:28:42,227 [DEBUG] Accepted segment [116736:117760], variance=0.0609, QRS count=5
2025-10-08 17:28:42,232 [DEBUG] Accepted segment [117248:118272], variance=0.0628, QRS count=5
2025-10-08 17:28:42,236 [DEBUG] Accepted segment [117760:118784], variance=0.0637, QRS count=6
2025-10-08 17:28:42,240 [DEBUG] Accepted segment [118272:119296], variance=0.0609, QRS count=6
2025-10-08 17:28:42,244 [DEBUG] Accepted segment [118784:119808], variance=0.0506, QRS count=6
2025-10-08 17:28:42,245 [DEBUG] Skipping segment [119296:120320] due to overlap with noise [120200:120500]
2025-10-08 17:28:42,245 [DEBUG] Skipping segment [119808:120832] due to overlap with noise [120200:120500]
2025-10-08 17:28:42,245 [DEBUG] Skipping segment [120320:121344] due to overlap with noise [120200:120500]
2025-10-08 17:28:42,249 [DEBUG] Accepted segment [120832:121856], variance=0.0428, QRS count=6
2025-10-08 17:28:42,253 [DEBUG] Accepted segment [121344:122368], variance=0.0406, QRS count=6
2025-10-08 17:28:42,257 [DEBUG] Accepted segment [121856:122880], variance=0.0365, QRS count=6
2025-10-08 17:28:42,261 [DEBUG] Accepted segment [122368:123392], variance=0.0401, QRS count=5
2025-10-08 17:28:42,265 [DEBUG] Accepted segment [122880:123904], variance=0.0464, QRS count=6
2025-10-08 17:28:42,269 [DEBUG] Accepted segment [123392:124416], variance=0.0520, QRS count=6
2025-10-08 17:28:42,273 [DEBUG] Accepted segment [123904:124928], variance=0.0439, QRS count=5
2025-10-08 17:28:42,277 [DEBUG] Accepted segment [124416:125440], variance=0.0354, QRS count=5
2025-10-08 17:28:42,282 [DEBUG] Accepted segment [124928:125952], variance=0.0386, QRS count=5
2025-10-08 17:28:42,287 [DEBUG] Accepted segment [125440:126464], variance=0.0365, QRS count=5
2025-10-08 17:28:42,291 [DEBUG] Accepted segment [125952:126976], variance=0.0365, QRS count=6
2025-10-08 17:28:42,295 [DEBUG] Accepted segment [126464:127488], variance=0.0327, QRS count=5
2025-10-08 17:28:42,300 [DEBUG] Accepted segment [126976:128000], variance=0.0325, QRS count=5
2025-10-08 17:28:42,300 [INFO] Segmented signal of length 128000 into 246 valid segments
2025-10-08 17:28:42,382 [INFO] Training batch shapes: X=(32, 1024, 1), Y=(32, 1024, 1)
2025-10-08 17:28:42,500 [DEBUG] Skipping segment [0:1024] due to overlap with noise [0:400]
2025-10-08 17:28:42,506 [DEBUG] Accepted segment [512:1536], variance=0.0713, QRS count=4
2025-10-08 17:28:42,511 [DEBUG] Accepted segment [1024:2048], variance=0.0615, QRS count=4
2025-10-08 17:28:42,512 [DEBUG] Skipping segment [1536:2560] due to overlap with noise [2400:3800]
2025-10-08 17:28:42,512 [DEBUG] Skipping segment [2048:3072] due to overlap with noise [2400:3800]
2025-10-08 17:28:42,512 [DEBUG] Skipping segment [2560:3584] due to overlap with noise [2400:3800]
2025-10-08 17:28:42,512 [DEBUG] Skipping segment [3072:4096] due to overlap with noise [2400:3800]
2025-10-08 17:28:42,512 [DEBUG] Skipping segment [3584:4608] due to overlap with noise [2400:3800]
2025-10-08 17:28:42,517 [DEBUG] Accepted segment [4096:5120], variance=0.0638, QRS count=4
2025-10-08 17:28:42,523 [DEBUG] Accepted segment [4608:5632], variance=0.0595, QRS count=4
2025-10-08 17:28:42,528 [DEBUG] Accepted segment [5120:6144], variance=0.0630, QRS count=5
2025-10-08 17:28:42,533 [DEBUG] Accepted segment [5632:6656], variance=0.0667, QRS count=4
2025-10-08 17:28:42,538 [DEBUG] Accepted segment [6144:7168], variance=0.0610, QRS count=4
2025-10-08 17:28:42,542 [DEBUG] Accepted segment [6656:7680], variance=0.0560, QRS count=4
2025-10-08 17:28:42,547 [DEBUG] Accepted segment [7168:8192], variance=0.0571, QRS count=4
2025-10-08 17:28:42,552 [DEBUG] Accepted segment [7680:8704], variance=0.0666, QRS count=4
2025-10-08 17:28:42,557 [DEBUG] Accepted segment [8192:9216], variance=0.0678, QRS count=4
2025-10-08 17:28:42,561 [DEBUG] Accepted segment [8704:9728], variance=0.0588, QRS count=4
2025-10-08 17:28:42,566 [DEBUG] Accepted segment [9216:10240], variance=0.0635, QRS count=5
2025-10-08 17:28:42,571 [DEBUG] Accepted segment [9728:10752], variance=0.0676, QRS count=4
2025-10-08 17:28:42,576 [DEBUG] Accepted segment [10240:11264], variance=0.0598, QRS count=4
2025-10-08 17:28:42,580 [DEBUG] Accepted segment [10752:11776], variance=0.0615, QRS count=4
2025-10-08 17:28:42,585 [DEBUG] Accepted segment [11264:12288], variance=0.0670, QRS count=5
2025-10-08 17:28:42,590 [DEBUG] Accepted segment [11776:12800], variance=0.0617, QRS count=4
2025-10-08 17:28:42,594 [DEBUG] Accepted segment [12288:13312], variance=0.0684, QRS count=5
2025-10-08 17:28:42,599 [DEBUG] Accepted segment [12800:13824], variance=0.0672, QRS count=4
2025-10-08 17:28:42,604 [DEBUG] Accepted segment [13312:14336], variance=0.0669, QRS count=5
2025-10-08 17:28:42,608 [DEBUG] Accepted segment [13824:14848], variance=0.0698, QRS count=4
2025-10-08 17:28:42,613 [DEBUG] Accepted segment [14336:15360], variance=0.0721, QRS count=5
2025-10-08 17:28:42,617 [DEBUG] Accepted segment [14848:15872], variance=0.0806, QRS count=5
2025-10-08 17:28:42,622 [DEBUG] Accepted segment [15360:16384], variance=0.0725, QRS count=6
2025-10-08 17:28:42,627 [DEBUG] Accepted segment [15872:16896], variance=0.0769, QRS count=5
2025-10-08 17:28:42,631 [DEBUG] Accepted segment [16384:17408], variance=0.0851, QRS count=5
2025-10-08 17:28:42,636 [DEBUG] Accepted segment [16896:17920], variance=0.0787, QRS count=6
2025-10-08 17:28:42,641 [DEBUG] Accepted segment [17408:18432], variance=0.0684, QRS count=5
2025-10-08 17:28:42,645 [DEBUG] Accepted segment [17920:18944], variance=0.0600, QRS count=4
2025-10-08 17:28:42,651 [DEBUG] Accepted segment [18432:19456], variance=0.0654, QRS count=5
2025-10-08 17:28:42,656 [DEBUG] Accepted segment [18944:19968], variance=0.0706, QRS count=4
2025-10-08 17:28:42,661 [DEBUG] Accepted segment [19456:20480], variance=0.0615, QRS count=4
2025-10-08 17:28:42,666 [DEBUG] Accepted segment [19968:20992], variance=0.0565, QRS count=4
2025-10-08 17:28:42,671 [DEBUG] Accepted segment [20480:21504], variance=0.0658, QRS count=5
2025-10-08 17:28:42,675 [DEBUG] Accepted segment [20992:22016], variance=0.0707, QRS count=4
2025-10-08 17:28:42,680 [DEBUG] Accepted segment [21504:22528], variance=0.0634, QRS count=4
2025-10-08 17:28:42,685 [DEBUG] Accepted segment [22016:23040], variance=0.0587, QRS count=4
2025-10-08 17:28:42,690 [DEBUG] Accepted segment [22528:23552], variance=0.0665, QRS count=5
2025-10-08 17:28:42,691 [DEBUG] Skipping segment [23040:24064] due to overlap with noise [24000:24800]
2025-10-08 17:28:42,691 [DEBUG] Skipping segment [23552:24576] due to overlap with noise [24000:24800]
2025-10-08 17:28:42,691 [DEBUG] Skipping segment [24064:25088] due to overlap with noise [24000:24800]
2025-10-08 17:28:42,691 [DEBUG] Skipping segment [24576:25600] due to overlap with noise [24000:24800]
2025-10-08 17:28:42,696 [DEBUG] Accepted segment [25088:26112], variance=0.0705, QRS count=6
2025-10-08 17:28:42,700 [DEBUG] Accepted segment [25600:26624], variance=0.0701, QRS count=5
2025-10-08 17:28:42,705 [DEBUG] Accepted segment [26112:27136], variance=0.0624, QRS count=5
2025-10-08 17:28:42,709 [DEBUG] Accepted segment [26624:27648], variance=0.0628, QRS count=6
2025-10-08 17:28:42,713 [DEBUG] Accepted segment [27136:28160], variance=0.0622, QRS count=5
2025-10-08 17:28:42,718 [DEBUG] Accepted segment [27648:28672], variance=0.0545, QRS count=5
2025-10-08 17:28:42,723 [DEBUG] Accepted segment [28160:29184], variance=0.0639, QRS count=5
2025-10-08 17:28:42,727 [DEBUG] Accepted segment [28672:29696], variance=0.0645, QRS count=4
2025-10-08 17:28:42,731 [DEBUG] Accepted segment [29184:30208], variance=0.0619, QRS count=5
2025-10-08 17:28:42,736 [DEBUG] Accepted segment [29696:30720], variance=0.0662, QRS count=5
2025-10-08 17:28:42,740 [DEBUG] Accepted segment [30208:31232], variance=0.0584, QRS count=4
2025-10-08 17:28:42,745 [DEBUG] Accepted segment [30720:31744], variance=0.0632, QRS count=5
2025-10-08 17:28:42,749 [DEBUG] Accepted segment [31232:32256], variance=0.0687, QRS count=4
2025-10-08 17:28:42,753 [DEBUG] Accepted segment [31744:32768], variance=0.0606, QRS count=4
2025-10-08 17:28:42,758 [DEBUG] Accepted segment [32256:33280], variance=0.0556, QRS count=5
2025-10-08 17:28:42,762 [DEBUG] Accepted segment [32768:33792], variance=0.0653, QRS count=5
2025-10-08 17:28:42,766 [DEBUG] Accepted segment [33280:34304], variance=0.0680, QRS count=4
2025-10-08 17:28:42,771 [DEBUG] Accepted segment [33792:34816], variance=0.0583, QRS count=4
2025-10-08 17:28:42,775 [DEBUG] Accepted segment [34304:35328], variance=0.0639, QRS count=5
2025-10-08 17:28:42,780 [DEBUG] Accepted segment [34816:35840], variance=0.0667, QRS count=4
2025-10-08 17:28:42,784 [DEBUG] Accepted segment [35328:36352], variance=0.0591, QRS count=5
2025-10-08 17:28:42,788 [DEBUG] Accepted segment [35840:36864], variance=0.0674, QRS count=5
2025-10-08 17:28:42,793 [DEBUG] Accepted segment [36352:37376], variance=0.0672, QRS count=4
2025-10-08 17:28:42,797 [DEBUG] Accepted segment [36864:37888], variance=0.0557, QRS count=4
2025-10-08 17:28:42,801 [DEBUG] Accepted segment [37376:38400], variance=0.0645, QRS count=4
2025-10-08 17:28:42,805 [DEBUG] Accepted segment [37888:38912], variance=0.0696, QRS count=4
2025-10-08 17:28:42,810 [DEBUG] Accepted segment [38400:39424], variance=0.0600, QRS count=4
2025-10-08 17:28:42,814 [DEBUG] Accepted segment [38912:39936], variance=0.0560, QRS count=4
2025-10-08 17:28:42,819 [DEBUG] Accepted segment [39424:40448], variance=0.0664, QRS count=5
2025-10-08 17:28:42,824 [DEBUG] Accepted segment [39936:40960], variance=0.0676, QRS count=4
2025-10-08 17:28:42,828 [DEBUG] Accepted segment [40448:41472], variance=0.0587, QRS count=4
2025-10-08 17:28:42,833 [DEBUG] Accepted segment [40960:41984], variance=0.0638, QRS count=5
2025-10-08 17:28:42,838 [DEBUG] Accepted segment [41472:42496], variance=0.0685, QRS count=4
2025-10-08 17:28:42,842 [DEBUG] Accepted segment [41984:43008], variance=0.0633, QRS count=4
2025-10-08 17:28:42,847 [DEBUG] Accepted segment [42496:43520], variance=0.0641, QRS count=5
2025-10-08 17:28:42,852 [DEBUG] Accepted segment [43008:44032], variance=0.0666, QRS count=5
2025-10-08 17:28:42,857 [DEBUG] Accepted segment [43520:44544], variance=0.0613, QRS count=4
2025-10-08 17:28:42,861 [DEBUG] Accepted segment [44032:45056], variance=0.0696, QRS count=5
2025-10-08 17:28:42,866 [DEBUG] Accepted segment [44544:45568], variance=0.0793, QRS count=5
2025-10-08 17:28:42,870 [DEBUG] Accepted segment [45056:46080], variance=0.0745, QRS count=5
2025-10-08 17:28:42,875 [DEBUG] Accepted segment [45568:46592], variance=0.0689, QRS count=5
2025-10-08 17:28:42,879 [DEBUG] Accepted segment [46080:47104], variance=0.0612, QRS count=5
2025-10-08 17:28:42,884 [DEBUG] Accepted segment [46592:47616], variance=0.0675, QRS count=5
2025-10-08 17:28:42,888 [DEBUG] Accepted segment [47104:48128], variance=0.0667, QRS count=4
2025-10-08 17:28:42,893 [DEBUG] Accepted segment [47616:48640], variance=0.0650, QRS count=5
2025-10-08 17:28:42,898 [DEBUG] Accepted segment [48128:49152], variance=0.0693, QRS count=4
2025-10-08 17:28:42,902 [DEBUG] Accepted segment [48640:49664], variance=0.0693, QRS count=5
2025-10-08 17:28:42,906 [DEBUG] Accepted segment [49152:50176], variance=0.0686, QRS count=5
2025-10-08 17:28:42,911 [DEBUG] Accepted segment [49664:50688], variance=0.0699, QRS count=5
2025-10-08 17:28:42,915 [DEBUG] Accepted segment [50176:51200], variance=0.0716, QRS count=6
2025-10-08 17:28:42,920 [DEBUG] Accepted segment [50688:51712], variance=0.0602, QRS count=5
2025-10-08 17:28:42,924 [DEBUG] Accepted segment [51200:52224], variance=0.0649, QRS count=5
2025-10-08 17:28:42,928 [DEBUG] Accepted segment [51712:52736], variance=0.0633, QRS count=4
2025-10-08 17:28:42,933 [DEBUG] Accepted segment [52224:53248], variance=0.0603, QRS count=5
2025-10-08 17:28:42,937 [DEBUG] Accepted segment [52736:53760], variance=0.0668, QRS count=5
2025-10-08 17:28:42,941 [DEBUG] Accepted segment [53248:54272], variance=0.0604, QRS count=5
2025-10-08 17:28:42,946 [DEBUG] Accepted segment [53760:54784], variance=0.0667, QRS count=5
2025-10-08 17:28:42,950 [DEBUG] Accepted segment [54272:55296], variance=0.0659, QRS count=4
2025-10-08 17:28:42,954 [DEBUG] Accepted segment [54784:55808], variance=0.0629, QRS count=5
2025-10-08 17:28:42,959 [DEBUG] Accepted segment [55296:56320], variance=0.0680, QRS count=5
2025-10-08 17:28:42,963 [DEBUG] Accepted segment [55808:56832], variance=0.0606, QRS count=4
2025-10-08 17:28:42,967 [DEBUG] Accepted segment [56320:57344], variance=0.0672, QRS count=5
2025-10-08 17:28:42,971 [DEBUG] Accepted segment [56832:57856], variance=0.0676, QRS count=4
2025-10-08 17:28:42,975 [DEBUG] Accepted segment [57344:58368], variance=0.0666, QRS count=5
2025-10-08 17:28:42,980 [DEBUG] Accepted segment [57856:58880], variance=0.0669, QRS count=4
2025-10-08 17:28:42,984 [DEBUG] Accepted segment [58368:59392], variance=0.0631, QRS count=5
2025-10-08 17:28:42,989 [DEBUG] Accepted segment [58880:59904], variance=0.0658, QRS count=4
2025-10-08 17:28:42,993 [DEBUG] Accepted segment [59392:60416], variance=0.0663, QRS count=5
2025-10-08 17:28:42,997 [DEBUG] Accepted segment [59904:60928], variance=0.0609, QRS count=5
2025-10-08 17:28:43,002 [DEBUG] Accepted segment [60416:61440], variance=0.0636, QRS count=5
2025-10-08 17:28:43,006 [DEBUG] Accepted segment [60928:61952], variance=0.0645, QRS count=4
2025-10-08 17:28:43,011 [DEBUG] Accepted segment [61440:62464], variance=0.0635, QRS count=5
2025-10-08 17:28:43,015 [DEBUG] Accepted segment [61952:62976], variance=0.0681, QRS count=5
2025-10-08 17:28:43,020 [DEBUG] Accepted segment [62464:63488], variance=0.0672, QRS count=5
2025-10-08 17:28:43,024 [DEBUG] Accepted segment [62976:64000], variance=0.0674, QRS count=5
2025-10-08 17:28:43,029 [DEBUG] Accepted segment [63488:64512], variance=0.0614, QRS count=4
2025-10-08 17:28:43,033 [DEBUG] Accepted segment [64000:65024], variance=0.0665, QRS count=4
2025-10-08 17:28:43,037 [DEBUG] Accepted segment [64512:65536], variance=0.0698, QRS count=4
2025-10-08 17:28:43,041 [DEBUG] Accepted segment [65024:66048], variance=0.0600, QRS count=4
2025-10-08 17:28:43,045 [DEBUG] Accepted segment [65536:66560], variance=0.0562, QRS count=4
2025-10-08 17:28:43,049 [DEBUG] Accepted segment [66048:67072], variance=0.0646, QRS count=5
2025-10-08 17:28:43,054 [DEBUG] Accepted segment [66560:67584], variance=0.0682, QRS count=4
2025-10-08 17:28:43,058 [DEBUG] Accepted segment [67072:68096], variance=0.0609, QRS count=4
2025-10-08 17:28:43,063 [DEBUG] Accepted segment [67584:68608], variance=0.0569, QRS count=4
2025-10-08 17:28:43,067 [DEBUG] Accepted segment [68096:69120], variance=0.0652, QRS count=5
2025-10-08 17:28:43,071 [DEBUG] Accepted segment [68608:69632], variance=0.0696, QRS count=4
2025-10-08 17:28:43,076 [DEBUG] Accepted segment [69120:70144], variance=0.0609, QRS count=4
2025-10-08 17:28:43,080 [DEBUG] Accepted segment [69632:70656], variance=0.0629, QRS count=5
2025-10-08 17:28:43,085 [DEBUG] Accepted segment [70144:71168], variance=0.0675, QRS count=4
2025-10-08 17:28:43,090 [DEBUG] Accepted segment [70656:71680], variance=0.0603, QRS count=4
2025-10-08 17:28:43,095 [DEBUG] Accepted segment [71168:72192], variance=0.0674, QRS count=5
2025-10-08 17:28:43,099 [DEBUG] Accepted segment [71680:72704], variance=0.0668, QRS count=4
2025-10-08 17:28:43,103 [DEBUG] Accepted segment [72192:73216], variance=0.0556, QRS count=4
2025-10-08 17:28:43,107 [DEBUG] Accepted segment [72704:73728], variance=0.0672, QRS count=5
2025-10-08 17:28:43,112 [DEBUG] Accepted segment [73216:74240], variance=0.0669, QRS count=4
2025-10-08 17:28:43,116 [DEBUG] Accepted segment [73728:74752], variance=0.0551, QRS count=5
2025-10-08 17:28:43,120 [DEBUG] Accepted segment [74240:75264], variance=0.0668, QRS count=5
2025-10-08 17:28:43,124 [DEBUG] Accepted segment [74752:75776], variance=0.0669, QRS count=4
2025-10-08 17:28:43,129 [DEBUG] Accepted segment [75264:76288], variance=0.0631, QRS count=4
2025-10-08 17:28:43,133 [DEBUG] Accepted segment [75776:76800], variance=0.0682, QRS count=5
2025-10-08 17:28:43,137 [DEBUG] Accepted segment [76288:77312], variance=0.0602, QRS count=4
2025-10-08 17:28:43,142 [DEBUG] Accepted segment [76800:77824], variance=0.0663, QRS count=5
2025-10-08 17:28:43,147 [DEBUG] Accepted segment [77312:78336], variance=0.0746, QRS count=5
2025-10-08 17:28:43,151 [DEBUG] Accepted segment [77824:78848], variance=0.0747, QRS count=5
2025-10-08 17:28:43,156 [DEBUG] Accepted segment [78336:79360], variance=0.0700, QRS count=5
2025-10-08 17:28:43,161 [DEBUG] Accepted segment [78848:79872], variance=0.0689, QRS count=5
2025-10-08 17:28:43,166 [DEBUG] Accepted segment [79360:80384], variance=0.0664, QRS count=4
2025-10-08 17:28:43,170 [DEBUG] Accepted segment [79872:80896], variance=0.0676, QRS count=5
2025-10-08 17:28:43,175 [DEBUG] Accepted segment [80384:81408], variance=0.0665, QRS count=4
2025-10-08 17:28:43,179 [DEBUG] Accepted segment [80896:81920], variance=0.0647, QRS count=5
2025-10-08 17:28:43,184 [DEBUG] Accepted segment [81408:82432], variance=0.0655, QRS count=4
2025-10-08 17:28:43,188 [DEBUG] Accepted segment [81920:82944], variance=0.0642, QRS count=5
2025-10-08 17:28:43,193 [DEBUG] Accepted segment [82432:83456], variance=0.0676, QRS count=5
2025-10-08 17:28:43,197 [DEBUG] Accepted segment [82944:83968], variance=0.0592, QRS count=4
2025-10-08 17:28:43,201 [DEBUG] Accepted segment [83456:84480], variance=0.0647, QRS count=5
2025-10-08 17:28:43,206 [DEBUG] Accepted segment [83968:84992], variance=0.0657, QRS count=4
2025-10-08 17:28:43,210 [DEBUG] Accepted segment [84480:85504], variance=0.0633, QRS count=5
2025-10-08 17:28:43,214 [DEBUG] Accepted segment [84992:86016], variance=0.0668, QRS count=5
2025-10-08 17:28:43,219 [DEBUG] Accepted segment [85504:86528], variance=0.0680, QRS count=5
2025-10-08 17:28:43,223 [DEBUG] Accepted segment [86016:87040], variance=0.0652, QRS count=4
2025-10-08 17:28:43,228 [DEBUG] Accepted segment [86528:87552], variance=0.0649, QRS count=5
2025-10-08 17:28:43,232 [DEBUG] Accepted segment [87040:88064], variance=0.0665, QRS count=4
2025-10-08 17:28:43,237 [DEBUG] Accepted segment [87552:88576], variance=0.0640, QRS count=5
2025-10-08 17:28:43,241 [DEBUG] Accepted segment [88064:89088], variance=0.0637, QRS count=5
2025-10-08 17:28:43,245 [DEBUG] Accepted segment [88576:89600], variance=0.0630, QRS count=4
2025-10-08 17:28:43,250 [DEBUG] Accepted segment [89088:90112], variance=0.0606, QRS count=5
2025-10-08 17:28:43,254 [DEBUG] Accepted segment [89600:90624], variance=0.0560, QRS count=4
2025-10-08 17:28:43,258 [DEBUG] Accepted segment [90112:91136], variance=0.0542, QRS count=4
2025-10-08 17:28:43,262 [DEBUG] Accepted segment [90624:91648], variance=0.0615, QRS count=5
2025-10-08 17:28:43,266 [DEBUG] Accepted segment [91136:92160], variance=0.0635, QRS count=4
2025-10-08 17:28:43,271 [DEBUG] Accepted segment [91648:92672], variance=0.0539, QRS count=5
2025-10-08 17:28:43,275 [DEBUG] Accepted segment [92160:93184], variance=0.0651, QRS count=5
2025-10-08 17:28:43,279 [DEBUG] Accepted segment [92672:93696], variance=0.0663, QRS count=4
2025-10-08 17:28:43,283 [DEBUG] Accepted segment [93184:94208], variance=0.0542, QRS count=4
2025-10-08 17:28:43,287 [DEBUG] Accepted segment [93696:94720], variance=0.0644, QRS count=5
2025-10-08 17:28:43,291 [DEBUG] Accepted segment [94208:95232], variance=0.0639, QRS count=4
2025-10-08 17:28:43,295 [DEBUG] Accepted segment [94720:95744], variance=0.0533, QRS count=4
2025-10-08 17:28:43,299 [DEBUG] Accepted segment [95232:96256], variance=0.0611, QRS count=5
2025-10-08 17:28:43,303 [DEBUG] Accepted segment [95744:96768], variance=0.0647, QRS count=4
2025-10-08 17:28:43,308 [DEBUG] Accepted segment [96256:97280], variance=0.0575, QRS count=5
2025-10-08 17:28:43,312 [DEBUG] Accepted segment [96768:97792], variance=0.0637, QRS count=5
2025-10-08 17:28:43,313 [DEBUG] Skipping segment [97280:98304] due to overlap with noise [98200:101600]
2025-10-08 17:28:43,313 [DEBUG] Skipping segment [97792:98816] due to overlap with noise [98200:101600]
2025-10-08 17:28:43,313 [DEBUG] Skipping segment [98304:99328] due to overlap with noise [98200:101600]
2025-10-08 17:28:43,313 [DEBUG] Skipping segment [98816:99840] due to overlap with noise [98200:101600]
2025-10-08 17:28:43,313 [DEBUG] Skipping segment [99328:100352] due to overlap with noise [98200:101600]
2025-10-08 17:28:43,313 [DEBUG] Skipping segment [99840:100864] due to overlap with noise [98200:101600]
2025-10-08 17:28:43,313 [DEBUG] Skipping segment [100352:101376] due to overlap with noise [98200:101600]
2025-10-08 17:28:43,313 [DEBUG] Skipping segment [100864:101888] due to overlap with noise [98200:101600]
2025-10-08 17:28:43,313 [DEBUG] Skipping segment [101376:102400] due to overlap with noise [98200:101600]
2025-10-08 17:28:43,317 [DEBUG] Accepted segment [101888:102912], variance=0.0620, QRS count=5
2025-10-08 17:28:43,322 [DEBUG] Accepted segment [102400:103424], variance=0.0601, QRS count=5
2025-10-08 17:28:43,326 [DEBUG] Accepted segment [102912:103936], variance=0.0623, QRS count=4
2025-10-08 17:28:43,330 [DEBUG] Accepted segment [103424:104448], variance=0.0644, QRS count=5
2025-10-08 17:28:43,335 [DEBUG] Accepted segment [103936:104960], variance=0.0658, QRS count=5
2025-10-08 17:28:43,339 [DEBUG] Accepted segment [104448:105472], variance=0.0645, QRS count=5
2025-10-08 17:28:43,344 [DEBUG] Accepted segment [104960:105984], variance=0.0644, QRS count=5
2025-10-08 17:28:43,348 [DEBUG] Accepted segment [105472:106496], variance=0.0673, QRS count=5
2025-10-08 17:28:43,352 [DEBUG] Accepted segment [105984:107008], variance=0.0652, QRS count=5
2025-10-08 17:28:43,357 [DEBUG] Accepted segment [106496:107520], variance=0.0622, QRS count=5
2025-10-08 17:28:43,361 [DEBUG] Accepted segment [107008:108032], variance=0.0632, QRS count=4
2025-10-08 17:28:43,365 [DEBUG] Accepted segment [107520:108544], variance=0.0575, QRS count=4
2025-10-08 17:28:43,369 [DEBUG] Accepted segment [108032:109056], variance=0.0623, QRS count=5
2025-10-08 17:28:43,374 [DEBUG] Accepted segment [108544:109568], variance=0.0661, QRS count=4
2025-10-08 17:28:43,374 [DEBUG] Skipping segment [109056:110080] due to overlap with noise [110000:110800]
2025-10-08 17:28:43,374 [DEBUG] Skipping segment [109568:110592] due to overlap with noise [110000:110800]
2025-10-08 17:28:43,374 [DEBUG] Skipping segment [110080:111104] due to overlap with noise [110000:110800]
2025-10-08 17:28:43,374 [DEBUG] Skipping segment [110592:111616] due to overlap with noise [110000:110800]
2025-10-08 17:28:43,378 [DEBUG] Accepted segment [111104:112128], variance=0.0659, QRS count=5
2025-10-08 17:28:43,383 [DEBUG] Accepted segment [111616:112640], variance=0.0660, QRS count=4
2025-10-08 17:28:43,387 [DEBUG] Accepted segment [112128:113152], variance=0.0650, QRS count=5
2025-10-08 17:28:43,392 [DEBUG] Accepted segment [112640:113664], variance=0.0650, QRS count=4
2025-10-08 17:28:43,396 [DEBUG] Accepted segment [113152:114176], variance=0.0616, QRS count=5
2025-10-08 17:28:43,401 [DEBUG] Accepted segment [113664:114688], variance=0.0663, QRS count=4
2025-10-08 17:28:43,405 [DEBUG] Accepted segment [114176:115200], variance=0.0597, QRS count=4
2025-10-08 17:28:43,410 [DEBUG] Accepted segment [114688:115712], variance=0.0616, QRS count=5
2025-10-08 17:28:43,414 [DEBUG] Accepted segment [115200:116224], variance=0.0643, QRS count=4
2025-10-08 17:28:43,419 [DEBUG] Accepted segment [115712:116736], variance=0.0654, QRS count=5
2025-10-08 17:28:43,423 [DEBUG] Accepted segment [116224:117248], variance=0.0645, QRS count=5
2025-10-08 17:28:43,427 [DEBUG] Accepted segment [116736:117760], variance=0.0676, QRS count=5
2025-10-08 17:28:43,428 [DEBUG] Skipping segment [117248:118272] due to overlap with noise [118000:119600]
2025-10-08 17:28:43,428 [DEBUG] Skipping segment [117760:118784] due to overlap with noise [118000:119600]
2025-10-08 17:28:43,428 [DEBUG] Skipping segment [118272:119296] due to overlap with noise [118000:119600]
2025-10-08 17:28:43,428 [DEBUG] Skipping segment [118784:119808] due to overlap with noise [118000:119600]
2025-10-08 17:28:43,428 [DEBUG] Skipping segment [119296:120320] due to overlap with noise [118000:119600]
2025-10-08 17:28:43,432 [DEBUG] Accepted segment [119808:120832], variance=0.0673, QRS count=5
2025-10-08 17:28:43,436 [DEBUG] Accepted segment [120320:121344], variance=0.0726, QRS count=5
2025-10-08 17:28:43,441 [DEBUG] Accepted segment [120832:121856], variance=0.0690, QRS count=6
2025-10-08 17:28:43,446 [DEBUG] Accepted segment [121344:122368], variance=0.0672, QRS count=6
2025-10-08 17:28:43,450 [DEBUG] Accepted segment [121856:122880], variance=0.0585, QRS count=5
2025-10-08 17:28:43,455 [DEBUG] Accepted segment [122368:123392], variance=0.0596, QRS count=5
2025-10-08 17:28:43,459 [DEBUG] Accepted segment [122880:123904], variance=0.0629, QRS count=4
2025-10-08 17:28:43,465 [DEBUG] Accepted segment [123392:124416], variance=0.0610, QRS count=5
2025-10-08 17:28:43,469 [DEBUG] Accepted segment [123904:124928], variance=0.0617, QRS count=4
2025-10-08 17:28:43,474 [DEBUG] Accepted segment [124416:125440], variance=0.0623, QRS count=5
2025-10-08 17:28:43,480 [DEBUG] Accepted segment [124928:125952], variance=0.0606, QRS count=4
2025-10-08 17:28:43,484 [DEBUG] Accepted segment [125440:126464], variance=0.0610, QRS count=5
2025-10-08 17:28:43,489 [DEBUG] Accepted segment [125952:126976], variance=0.0601, QRS count=4
2025-10-08 17:28:43,494 [DEBUG] Accepted segment [126464:127488], variance=0.0592, QRS count=5
2025-10-08 17:28:43,494 [INFO] Segmented signal of length 127999 into 220 valid segments
2025-10-08 17:28:43,870 [INFO] Test batch shapes: X=(32, 1024, 1), Y=(32, 1024, 1)
2025-10-08 17:28:43,873 [INFO] Building ResUNet Denoising Autoencoder
2025-10-08 17:28:45,029 [INFO] Model: "model"
2025-10-08 17:28:45,029 [INFO] __________________________________________________________________________________________________
2025-10-08 17:28:45,029 [INFO]  Layer (type)                Output Shape                 Param #   Connected to                  
2025-10-08 17:28:45,030 [INFO] ==================================================================================================
2025-10-08 17:28:45,030 [INFO]  input_1 (InputLayer)        [(None, 1024, 1)]            0         []                            
2025-10-08 17:28:45,030 [INFO]                                                                                                   
2025-10-08 17:28:45,031 [INFO]  conv1d (Conv1D)             (None, 1024, 32)             128       ['input_1[0][0]']             
2025-10-08 17:28:45,031 [INFO]                                                                                                   
2025-10-08 17:28:45,031 [INFO]  batch_normalization (Batch  (None, 1024, 32)             128       ['conv1d[0][0]']              
2025-10-08 17:28:45,032 [INFO]  Normalization)                                                                                   
2025-10-08 17:28:45,032 [INFO]                                                                                                   
2025-10-08 17:28:45,032 [INFO]  re_lu (ReLU)                (None, 1024, 32)             0         ['batch_normalization[0][0]'] 
2025-10-08 17:28:45,032 [INFO]                                                                                                   
2025-10-08 17:28:45,033 [INFO]  conv1d_1 (Conv1D)           (None, 1024, 32)             3104      ['re_lu[0][0]']               
2025-10-08 17:28:45,033 [INFO]                                                                                                   
2025-10-08 17:28:45,033 [INFO]  batch_normalization_1 (Bat  (None, 1024, 32)             128       ['conv1d_1[0][0]']            
2025-10-08 17:28:45,034 [INFO]  chNormalization)                                                                                 
2025-10-08 17:28:45,034 [INFO]                                                                                                   
2025-10-08 17:28:45,034 [INFO]  conv1d_2 (Conv1D)           (None, 1024, 32)             1056      ['batch_normalization_1[0][0]'
2025-10-08 17:28:45,034 [INFO]                                                                     ]                             
2025-10-08 17:28:45,034 [INFO]                                                                                                   
2025-10-08 17:28:45,035 [INFO]  add (Add)                   (None, 1024, 32)             0         ['batch_normalization_1[0][0]'
2025-10-08 17:28:45,035 [INFO]                                                                     , 'conv1d_2[0][0]']           
2025-10-08 17:28:45,035 [INFO]                                                                                                   
2025-10-08 17:28:45,035 [INFO]  re_lu_1 (ReLU)              (None, 1024, 32)             0         ['add[0][0]']                 
2025-10-08 17:28:45,035 [INFO]                                                                                                   
2025-10-08 17:28:45,036 [INFO]  max_pooling1d (MaxPooling1  (None, 512, 32)              0         ['re_lu_1[0][0]']             
2025-10-08 17:28:45,036 [INFO]  D)                                                                                               
2025-10-08 17:28:45,036 [INFO]                                                                                                   
2025-10-08 17:28:45,036 [INFO]  conv1d_3 (Conv1D)           (None, 512, 64)              6208      ['max_pooling1d[0][0]']       
2025-10-08 17:28:45,037 [INFO]                                                                                                   
2025-10-08 17:28:45,037 [INFO]  batch_normalization_2 (Bat  (None, 512, 64)              256       ['conv1d_3[0][0]']            
2025-10-08 17:28:45,037 [INFO]  chNormalization)                                                                                 
2025-10-08 17:28:45,038 [INFO]                                                                                                   
2025-10-08 17:28:45,038 [INFO]  re_lu_2 (ReLU)              (None, 512, 64)              0         ['batch_normalization_2[0][0]'
2025-10-08 17:28:45,038 [INFO]                                                                     ]                             
2025-10-08 17:28:45,039 [INFO]                                                                                                   
2025-10-08 17:28:45,039 [INFO]  conv1d_4 (Conv1D)           (None, 512, 64)              12352     ['re_lu_2[0][0]']             
2025-10-08 17:28:45,039 [INFO]                                                                                                   
2025-10-08 17:28:45,040 [INFO]  batch_normalization_3 (Bat  (None, 512, 64)              256       ['conv1d_4[0][0]']            
2025-10-08 17:28:45,040 [INFO]  chNormalization)                                                                                 
2025-10-08 17:28:45,040 [INFO]                                                                                                   
2025-10-08 17:28:45,041 [INFO]  conv1d_5 (Conv1D)           (None, 512, 64)              4160      ['batch_normalization_3[0][0]'
2025-10-08 17:28:45,041 [INFO]                                                                     ]                             
2025-10-08 17:28:45,042 [INFO]                                                                                                   
2025-10-08 17:28:45,043 [INFO]  add_1 (Add)                 (None, 512, 64)              0         ['batch_normalization_3[0][0]'
2025-10-08 17:28:45,044 [INFO]                                                                     , 'conv1d_5[0][0]']           
2025-10-08 17:28:45,044 [INFO]                                                                                                   
2025-10-08 17:28:45,045 [INFO]  re_lu_3 (ReLU)              (None, 512, 64)              0         ['add_1[0][0]']               
2025-10-08 17:28:45,045 [INFO]                                                                                                   
2025-10-08 17:28:45,046 [INFO]  max_pooling1d_1 (MaxPoolin  (None, 256, 64)              0         ['re_lu_3[0][0]']             
2025-10-08 17:28:45,046 [INFO]  g1D)                                                                                             
2025-10-08 17:28:45,046 [INFO]                                                                                                   
2025-10-08 17:28:45,047 [INFO]  conv1d_6 (Conv1D)           (None, 256, 128)             24704     ['max_pooling1d_1[0][0]']     
2025-10-08 17:28:45,047 [INFO]                                                                                                   
2025-10-08 17:28:45,048 [INFO]  batch_normalization_4 (Bat  (None, 256, 128)             512       ['conv1d_6[0][0]']            
2025-10-08 17:28:45,049 [INFO]  chNormalization)                                                                                 
2025-10-08 17:28:45,049 [INFO]                                                                                                   
2025-10-08 17:28:45,050 [INFO]  re_lu_4 (ReLU)              (None, 256, 128)             0         ['batch_normalization_4[0][0]'
2025-10-08 17:28:45,050 [INFO]                                                                     ]                             
2025-10-08 17:28:45,051 [INFO]                                                                                                   
2025-10-08 17:28:45,052 [INFO]  conv1d_7 (Conv1D)           (None, 256, 128)             49280     ['re_lu_4[0][0]']             
2025-10-08 17:28:45,052 [INFO]                                                                                                   
2025-10-08 17:28:45,054 [INFO]  batch_normalization_5 (Bat  (None, 256, 128)             512       ['conv1d_7[0][0]']            
2025-10-08 17:28:45,055 [INFO]  chNormalization)                                                                                 
2025-10-08 17:28:45,055 [INFO]                                                                                                   
2025-10-08 17:28:45,056 [INFO]  conv1d_8 (Conv1D)           (None, 256, 128)             16512     ['batch_normalization_5[0][0]'
2025-10-08 17:28:45,057 [INFO]                                                                     ]                             
2025-10-08 17:28:45,057 [INFO]                                                                                                   
2025-10-08 17:28:45,058 [INFO]  add_2 (Add)                 (None, 256, 128)             0         ['batch_normalization_5[0][0]'
2025-10-08 17:28:45,058 [INFO]                                                                     , 'conv1d_8[0][0]']           
2025-10-08 17:28:45,059 [INFO]                                                                                                   
2025-10-08 17:28:45,059 [INFO]  re_lu_5 (ReLU)              (None, 256, 128)             0         ['add_2[0][0]']               
2025-10-08 17:28:45,060 [INFO]                                                                                                   
2025-10-08 17:28:45,061 [INFO]  max_pooling1d_2 (MaxPoolin  (None, 128, 128)             0         ['re_lu_5[0][0]']             
2025-10-08 17:28:45,061 [INFO]  g1D)                                                                                             
2025-10-08 17:28:45,061 [INFO]                                                                                                   
2025-10-08 17:28:45,062 [INFO]  conv1d_9 (Conv1D)           (None, 128, 256)             98560     ['max_pooling1d_2[0][0]']     
2025-10-08 17:28:45,063 [INFO]                                                                                                   
2025-10-08 17:28:45,064 [INFO]  batch_normalization_6 (Bat  (None, 128, 256)             1024      ['conv1d_9[0][0]']            
2025-10-08 17:28:45,065 [INFO]  chNormalization)                                                                                 
2025-10-08 17:28:45,065 [INFO]                                                                                                   
2025-10-08 17:28:45,066 [INFO]  re_lu_6 (ReLU)              (None, 128, 256)             0         ['batch_normalization_6[0][0]'
2025-10-08 17:28:45,066 [INFO]                                                                     ]                             
2025-10-08 17:28:45,066 [INFO]                                                                                                   
2025-10-08 17:28:45,067 [INFO]  conv1d_10 (Conv1D)          (None, 128, 256)             196864    ['re_lu_6[0][0]']             
2025-10-08 17:28:45,067 [INFO]                                                                                                   
2025-10-08 17:28:45,068 [INFO]  batch_normalization_7 (Bat  (None, 128, 256)             1024      ['conv1d_10[0][0]']           
2025-10-08 17:28:45,069 [INFO]  chNormalization)                                                                                 
2025-10-08 17:28:45,069 [INFO]                                                                                                   
2025-10-08 17:28:45,070 [INFO]  conv1d_11 (Conv1D)          (None, 128, 256)             65792     ['batch_normalization_7[0][0]'
2025-10-08 17:28:45,070 [INFO]                                                                     ]                             
2025-10-08 17:28:45,070 [INFO]                                                                                                   
2025-10-08 17:28:45,071 [INFO]  add_3 (Add)                 (None, 128, 256)             0         ['batch_normalization_7[0][0]'
2025-10-08 17:28:45,072 [INFO]                                                                     , 'conv1d_11[0][0]']          
2025-10-08 17:28:45,072 [INFO]                                                                                                   
2025-10-08 17:28:45,072 [INFO]  re_lu_7 (ReLU)              (None, 128, 256)             0         ['add_3[0][0]']               
2025-10-08 17:28:45,072 [INFO]                                                                                                   
2025-10-08 17:28:45,073 [INFO]  up_sampling1d (UpSampling1  (None, 256, 256)             0         ['re_lu_7[0][0]']             
2025-10-08 17:28:45,073 [INFO]  D)                                                                                               
2025-10-08 17:28:45,074 [INFO]                                                                                                   
2025-10-08 17:28:45,074 [INFO]  concatenate (Concatenate)   (None, 256, 384)             0         ['up_sampling1d[0][0]',       
2025-10-08 17:28:45,075 [INFO]                                                                      're_lu_5[0][0]']             
2025-10-08 17:28:45,075 [INFO]                                                                                                   
2025-10-08 17:28:45,076 [INFO]  conv1d_12 (Conv1D)          (None, 256, 128)             147584    ['concatenate[0][0]']         
2025-10-08 17:28:45,076 [INFO]                                                                                                   
2025-10-08 17:28:45,077 [INFO]  batch_normalization_8 (Bat  (None, 256, 128)             512       ['conv1d_12[0][0]']           
2025-10-08 17:28:45,077 [INFO]  chNormalization)                                                                                 
2025-10-08 17:28:45,078 [INFO]                                                                                                   
2025-10-08 17:28:45,078 [INFO]  re_lu_8 (ReLU)              (None, 256, 128)             0         ['batch_normalization_8[0][0]'
2025-10-08 17:28:45,079 [INFO]                                                                     ]                             
2025-10-08 17:28:45,079 [INFO]                                                                                                   
2025-10-08 17:28:45,080 [INFO]  conv1d_13 (Conv1D)          (None, 256, 128)             49280     ['re_lu_8[0][0]']             
2025-10-08 17:28:45,080 [INFO]                                                                                                   
2025-10-08 17:28:45,081 [INFO]  batch_normalization_9 (Bat  (None, 256, 128)             512       ['conv1d_13[0][0]']           
2025-10-08 17:28:45,082 [INFO]  chNormalization)                                                                                 
2025-10-08 17:28:45,082 [INFO]                                                                                                   
2025-10-08 17:28:45,084 [INFO]  conv1d_14 (Conv1D)          (None, 256, 128)             16512     ['batch_normalization_9[0][0]'
2025-10-08 17:28:45,084 [INFO]                                                                     ]                             
2025-10-08 17:28:45,084 [INFO]                                                                                                   
2025-10-08 17:28:45,085 [INFO]  add_4 (Add)                 (None, 256, 128)             0         ['batch_normalization_9[0][0]'
2025-10-08 17:28:45,085 [INFO]                                                                     , 'conv1d_14[0][0]']          
2025-10-08 17:28:45,086 [INFO]                                                                                                   
2025-10-08 17:28:45,086 [INFO]  re_lu_9 (ReLU)              (None, 256, 128)             0         ['add_4[0][0]']               
2025-10-08 17:28:45,087 [INFO]                                                                                                   
2025-10-08 17:28:45,087 [INFO]  up_sampling1d_1 (UpSamplin  (None, 512, 128)             0         ['re_lu_9[0][0]']             
2025-10-08 17:28:45,088 [INFO]  g1D)                                                                                             
2025-10-08 17:28:45,088 [INFO]                                                                                                   
2025-10-08 17:28:45,089 [INFO]  concatenate_1 (Concatenate  (None, 512, 192)             0         ['up_sampling1d_1[0][0]',     
2025-10-08 17:28:45,089 [INFO]  )                                                                   're_lu_3[0][0]']             
2025-10-08 17:28:45,089 [INFO]                                                                                                   
2025-10-08 17:28:45,090 [INFO]  conv1d_15 (Conv1D)          (None, 512, 64)              36928     ['concatenate_1[0][0]']       
2025-10-08 17:28:45,090 [INFO]                                                                                                   
2025-10-08 17:28:45,091 [INFO]  batch_normalization_10 (Ba  (None, 512, 64)              256       ['conv1d_15[0][0]']           
2025-10-08 17:28:45,092 [INFO]  tchNormalization)                                                                                
2025-10-08 17:28:45,092 [INFO]                                                                                                   
2025-10-08 17:28:45,092 [INFO]  re_lu_10 (ReLU)             (None, 512, 64)              0         ['batch_normalization_10[0][0]
2025-10-08 17:28:45,093 [INFO]                                                                     ']                            
2025-10-08 17:28:45,093 [INFO]                                                                                                   
2025-10-08 17:28:45,094 [INFO]  conv1d_16 (Conv1D)          (None, 512, 64)              12352     ['re_lu_10[0][0]']            
2025-10-08 17:28:45,094 [INFO]                                                                                                   
2025-10-08 17:28:45,095 [INFO]  batch_normalization_11 (Ba  (None, 512, 64)              256       ['conv1d_16[0][0]']           
2025-10-08 17:28:45,095 [INFO]  tchNormalization)                                                                                
2025-10-08 17:28:45,096 [INFO]                                                                                                   
2025-10-08 17:28:45,096 [INFO]  conv1d_17 (Conv1D)          (None, 512, 64)              4160      ['batch_normalization_11[0][0]
2025-10-08 17:28:45,097 [INFO]                                                                     ']                            
2025-10-08 17:28:45,097 [INFO]                                                                                                   
2025-10-08 17:28:45,098 [INFO]  add_5 (Add)                 (None, 512, 64)              0         ['batch_normalization_11[0][0]
2025-10-08 17:28:45,099 [INFO]                                                                     ',                            
2025-10-08 17:28:45,099 [INFO]                                                                      'conv1d_17[0][0]']           
2025-10-08 17:28:45,099 [INFO]                                                                                                   
2025-10-08 17:28:45,100 [INFO]  re_lu_11 (ReLU)             (None, 512, 64)              0         ['add_5[0][0]']               
2025-10-08 17:28:45,100 [INFO]                                                                                                   
2025-10-08 17:28:45,100 [INFO]  up_sampling1d_2 (UpSamplin  (None, 1024, 64)             0         ['re_lu_11[0][0]']            
2025-10-08 17:28:45,101 [INFO]  g1D)                                                                                             
2025-10-08 17:28:45,101 [INFO]                                                                                                   
2025-10-08 17:28:45,101 [INFO]  concatenate_2 (Concatenate  (None, 1024, 96)             0         ['up_sampling1d_2[0][0]',     
2025-10-08 17:28:45,101 [INFO]  )                                                                   're_lu_1[0][0]']             
2025-10-08 17:28:45,102 [INFO]                                                                                                   
2025-10-08 17:28:45,104 [INFO]  conv1d_18 (Conv1D)          (None, 1024, 32)             9248      ['concatenate_2[0][0]']       
2025-10-08 17:28:45,104 [INFO]                                                                                                   
2025-10-08 17:28:45,105 [INFO]  batch_normalization_12 (Ba  (None, 1024, 32)             128       ['conv1d_18[0][0]']           
2025-10-08 17:28:45,105 [INFO]  tchNormalization)                                                                                
2025-10-08 17:28:45,105 [INFO]                                                                                                   
2025-10-08 17:28:45,106 [INFO]  re_lu_12 (ReLU)             (None, 1024, 32)             0         ['batch_normalization_12[0][0]
2025-10-08 17:28:45,106 [INFO]                                                                     ']                            
2025-10-08 17:28:45,107 [INFO]                                                                                                   
2025-10-08 17:28:45,108 [INFO]  conv1d_19 (Conv1D)          (None, 1024, 32)             3104      ['re_lu_12[0][0]']            
2025-10-08 17:28:45,108 [INFO]                                                                                                   
2025-10-08 17:28:45,109 [INFO]  batch_normalization_13 (Ba  (None, 1024, 32)             128       ['conv1d_19[0][0]']           
2025-10-08 17:28:45,110 [INFO]  tchNormalization)                                                                                
2025-10-08 17:28:45,110 [INFO]                                                                                                   
2025-10-08 17:28:45,111 [INFO]  conv1d_20 (Conv1D)          (None, 1024, 32)             1056      ['batch_normalization_13[0][0]
2025-10-08 17:28:45,111 [INFO]                                                                     ']                            
2025-10-08 17:28:45,112 [INFO]                                                                                                   
2025-10-08 17:28:45,113 [INFO]  add_6 (Add)                 (None, 1024, 32)             0         ['batch_normalization_13[0][0]
2025-10-08 17:28:45,113 [INFO]                                                                     ',                            
2025-10-08 17:28:45,114 [INFO]                                                                      'conv1d_20[0][0]']           
2025-10-08 17:28:45,114 [INFO]                                                                                                   
2025-10-08 17:28:45,115 [INFO]  re_lu_13 (ReLU)             (None, 1024, 32)             0         ['add_6[0][0]']               
2025-10-08 17:28:45,116 [INFO]                                                                                                   
2025-10-08 17:28:45,117 [INFO]  conv1d_21 (Conv1D)          (None, 1024, 1)              33        ['re_lu_13[0][0]']            
2025-10-08 17:28:45,117 [INFO]                                                                                                   
2025-10-08 17:28:45,117 [INFO] ==================================================================================================
2025-10-08 17:28:45,126 [INFO] Total params: 764609 (2.92 MB)
2025-10-08 17:28:45,126 [INFO] Trainable params: 761793 (2.91 MB)
2025-10-08 17:28:45,127 [INFO] Non-trainable params: 2816 (11.00 KB)
2025-10-08 17:28:45,127 [INFO] __________________________________________________________________________________________________
2025-10-08 17:28:45,128 [INFO] Starting model training
2025-10-08 17:29:01,089 [DEBUG] Accepted segment [0:1024], variance=0.0489, QRS count=5
2025-10-08 17:29:01,094 [DEBUG] Accepted segment [512:1536], variance=0.0602, QRS count=5
2025-10-08 17:29:01,100 [DEBUG] Accepted segment [1024:2048], variance=0.0717, QRS count=5
2025-10-08 17:29:01,105 [DEBUG] Accepted segment [1536:2560], variance=0.0797, QRS count=6
2025-10-08 17:29:01,110 [DEBUG] Accepted segment [2048:3072], variance=0.0709, QRS count=6
2025-10-08 17:29:01,115 [DEBUG] Accepted segment [2560:3584], variance=0.0522, QRS count=5
2025-10-08 17:29:01,120 [DEBUG] Accepted segment [3072:4096], variance=0.0484, QRS count=5
2025-10-08 17:29:01,125 [DEBUG] Accepted segment [3584:4608], variance=0.0533, QRS count=5
2025-10-08 17:29:01,131 [DEBUG] Accepted segment [4096:5120], variance=0.0519, QRS count=6
2025-10-08 17:29:01,137 [DEBUG] Accepted segment [4608:5632], variance=0.0539, QRS count=6
2025-10-08 17:29:01,142 [DEBUG] Accepted segment [5120:6144], variance=0.0559, QRS count=5
2025-10-08 17:29:01,148 [DEBUG] Accepted segment [5632:6656], variance=0.0539, QRS count=5
2025-10-08 17:29:01,153 [DEBUG] Accepted segment [6144:7168], variance=0.0528, QRS count=5
2025-10-08 17:29:01,157 [DEBUG] Accepted segment [6656:7680], variance=0.0470, QRS count=5
2025-10-08 17:29:01,162 [DEBUG] Accepted segment [7168:8192], variance=0.0480, QRS count=5
2025-10-08 17:29:01,167 [DEBUG] Accepted segment [7680:8704], variance=0.0566, QRS count=5
2025-10-08 17:29:01,173 [DEBUG] Accepted segment [8192:9216], variance=0.0601, QRS count=5
2025-10-08 17:29:01,178 [DEBUG] Accepted segment [8704:9728], variance=0.0621, QRS count=6
2025-10-08 17:29:01,183 [DEBUG] Accepted segment [9216:10240], variance=0.0520, QRS count=5
2025-10-08 17:29:01,188 [DEBUG] Accepted segment [9728:10752], variance=0.0495, QRS count=5
2025-10-08 17:29:01,193 [DEBUG] Accepted segment [10240:11264], variance=0.0569, QRS count=5
2025-10-08 17:29:01,197 [DEBUG] Accepted segment [10752:11776], variance=0.0581, QRS count=5
2025-10-08 17:29:01,202 [DEBUG] Accepted segment [11264:12288], variance=0.0586, QRS count=6
2025-10-08 17:29:01,207 [DEBUG] Accepted segment [11776:12800], variance=0.0491, QRS count=6
2025-10-08 17:29:01,212 [DEBUG] Accepted segment [12288:13312], variance=0.0499, QRS count=5
2025-10-08 17:29:01,217 [DEBUG] Accepted segment [12800:13824], variance=0.0607, QRS count=5
2025-10-08 17:29:01,222 [DEBUG] Accepted segment [13312:14336], variance=0.0595, QRS count=5
2025-10-08 17:29:01,228 [DEBUG] Accepted segment [13824:14848], variance=0.0566, QRS count=6
2025-10-08 17:29:01,233 [DEBUG] Accepted segment [14336:15360], variance=0.0585, QRS count=6
2025-10-08 17:29:01,238 [DEBUG] Accepted segment [14848:15872], variance=0.0575, QRS count=6
2025-10-08 17:29:01,244 [DEBUG] Accepted segment [15360:16384], variance=0.0520, QRS count=5
2025-10-08 17:29:01,249 [DEBUG] Accepted segment [15872:16896], variance=0.0511, QRS count=5
2025-10-08 17:29:01,254 [DEBUG] Accepted segment [16384:17408], variance=0.0506, QRS count=5
2025-10-08 17:29:01,259 [DEBUG] Accepted segment [16896:17920], variance=0.0476, QRS count=5
2025-10-08 17:29:01,264 [DEBUG] Accepted segment [17408:18432], variance=0.0447, QRS count=5
2025-10-08 17:29:01,269 [DEBUG] Accepted segment [17920:18944], variance=0.0474, QRS count=6
2025-10-08 17:29:01,274 [DEBUG] Accepted segment [18432:19456], variance=0.0513, QRS count=6
2025-10-08 17:29:01,279 [DEBUG] Accepted segment [18944:19968], variance=0.0520, QRS count=5
2025-10-08 17:29:01,284 [DEBUG] Accepted segment [19456:20480], variance=0.0518, QRS count=5
2025-10-08 17:29:01,290 [DEBUG] Accepted segment [19968:20992], variance=0.0535, QRS count=5
2025-10-08 17:29:01,295 [DEBUG] Accepted segment [20480:21504], variance=0.0570, QRS count=5
2025-10-08 17:29:01,300 [DEBUG] Accepted segment [20992:22016], variance=0.0584, QRS count=5
2025-10-08 17:29:01,305 [DEBUG] Accepted segment [21504:22528], variance=0.0589, QRS count=5
2025-10-08 17:29:01,311 [DEBUG] Accepted segment [22016:23040], variance=0.0598, QRS count=6
2025-10-08 17:29:01,316 [DEBUG] Accepted segment [22528:23552], variance=0.0604, QRS count=6
2025-10-08 17:29:01,321 [DEBUG] Accepted segment [23040:24064], variance=0.0594, QRS count=5
2025-10-08 17:29:01,327 [DEBUG] Accepted segment [23552:24576], variance=0.0598, QRS count=6
2025-10-08 17:29:01,332 [DEBUG] Accepted segment [24064:25088], variance=0.0620, QRS count=6
2025-10-08 17:29:01,338 [DEBUG] Accepted segment [24576:25600], variance=0.1251, QRS count=6
2025-10-08 17:29:01,343 [DEBUG] Accepted segment [25088:26112], variance=0.1270, QRS count=6
2025-10-08 17:29:01,349 [DEBUG] Accepted segment [25600:26624], variance=0.0756, QRS count=6
2025-10-08 17:29:01,354 [DEBUG] Accepted segment [26112:27136], variance=0.0709, QRS count=6
2025-10-08 17:29:01,360 [DEBUG] Accepted segment [26624:27648], variance=0.0589, QRS count=6
2025-10-08 17:29:01,365 [DEBUG] Accepted segment [27136:28160], variance=0.0584, QRS count=6
2025-10-08 17:29:01,370 [DEBUG] Accepted segment [27648:28672], variance=0.0565, QRS count=6
2025-10-08 17:29:01,376 [DEBUG] Accepted segment [28160:29184], variance=0.0559, QRS count=6
2025-10-08 17:29:01,382 [DEBUG] Accepted segment [28672:29696], variance=0.0563, QRS count=6
2025-10-08 17:29:01,387 [DEBUG] Accepted segment [29184:30208], variance=0.0540, QRS count=6
2025-10-08 17:29:01,393 [DEBUG] Accepted segment [29696:30720], variance=0.0480, QRS count=6
2025-10-08 17:29:01,399 [DEBUG] Accepted segment [30208:31232], variance=0.0466, QRS count=5
2025-10-08 17:29:01,404 [DEBUG] Accepted segment [30720:31744], variance=0.0484, QRS count=5
2025-10-08 17:29:01,410 [DEBUG] Accepted segment [31232:32256], variance=0.0523, QRS count=6
2025-10-08 17:29:01,417 [DEBUG] Accepted segment [31744:32768], variance=0.0579, QRS count=6
2025-10-08 17:29:01,423 [DEBUG] Accepted segment [32256:33280], variance=0.0605, QRS count=5
2025-10-08 17:29:01,431 [DEBUG] Accepted segment [32768:33792], variance=0.0593, QRS count=5
2025-10-08 17:29:01,437 [DEBUG] Accepted segment [33280:34304], variance=0.0577, QRS count=5
2025-10-08 17:29:01,444 [DEBUG] Accepted segment [33792:34816], variance=0.0579, QRS count=6
2025-10-08 17:29:01,451 [DEBUG] Accepted segment [34304:35328], variance=0.0569, QRS count=6
2025-10-08 17:29:01,458 [DEBUG] Accepted segment [34816:35840], variance=0.0569, QRS count=6
2025-10-08 17:29:01,464 [DEBUG] Accepted segment [35328:36352], variance=0.0586, QRS count=6
2025-10-08 17:29:01,470 [DEBUG] Accepted segment [35840:36864], variance=0.0496, QRS count=6
2025-10-08 17:29:01,476 [DEBUG] Accepted segment [36352:37376], variance=0.0498, QRS count=5
2025-10-08 17:29:01,482 [DEBUG] Accepted segment [36864:37888], variance=0.0598, QRS count=5
2025-10-08 17:29:01,487 [DEBUG] Accepted segment [37376:38400], variance=0.0608, QRS count=5
2025-10-08 17:29:01,494 [DEBUG] Accepted segment [37888:38912], variance=0.0619, QRS count=5
2025-10-08 17:29:01,499 [DEBUG] Accepted segment [38400:39424], variance=0.0603, QRS count=6
2025-10-08 17:29:01,505 [DEBUG] Accepted segment [38912:39936], variance=0.0589, QRS count=6
2025-10-08 17:29:01,510 [DEBUG] Accepted segment [39424:40448], variance=0.0607, QRS count=6
2025-10-08 17:29:01,516 [DEBUG] Accepted segment [39936:40960], variance=0.0523, QRS count=6
2025-10-08 17:29:01,522 [DEBUG] Accepted segment [40448:41472], variance=0.0519, QRS count=5
2025-10-08 17:29:01,527 [DEBUG] Accepted segment [40960:41984], variance=0.0605, QRS count=5
2025-10-08 17:29:01,533 [DEBUG] Accepted segment [41472:42496], variance=0.0594, QRS count=5
2025-10-08 17:29:01,539 [DEBUG] Accepted segment [41984:43008], variance=0.0573, QRS count=6
2025-10-08 17:29:01,545 [DEBUG] Accepted segment [42496:43520], variance=0.0570, QRS count=6
2025-10-08 17:29:01,550 [DEBUG] Accepted segment [43008:44032], variance=0.0501, QRS count=5
2025-10-08 17:29:01,556 [DEBUG] Accepted segment [43520:44544], variance=0.0484, QRS count=5
2025-10-08 17:29:01,561 [DEBUG] Accepted segment [44032:45056], variance=0.0558, QRS count=5
2025-10-08 17:29:01,566 [DEBUG] Accepted segment [44544:45568], variance=0.0570, QRS count=5
2025-10-08 17:29:01,572 [DEBUG] Accepted segment [45056:46080], variance=0.0533, QRS count=5
2025-10-08 17:29:01,578 [DEBUG] Accepted segment [45568:46592], variance=0.0483, QRS count=6
2025-10-08 17:29:01,583 [DEBUG] Accepted segment [46080:47104], variance=0.0507, QRS count=6
2025-10-08 17:29:01,589 [DEBUG] Accepted segment [46592:47616], variance=0.0576, QRS count=6
2025-10-08 17:29:01,594 [DEBUG] Accepted segment [47104:48128], variance=0.0606, QRS count=6
2025-10-08 17:29:01,599 [DEBUG] Accepted segment [47616:48640], variance=0.0595, QRS count=6
2025-10-08 17:29:01,605 [DEBUG] Accepted segment [48128:49152], variance=0.0510, QRS count=6
2025-10-08 17:29:01,610 [DEBUG] Accepted segment [48640:49664], variance=0.0516, QRS count=5
2025-10-08 17:29:01,615 [DEBUG] Accepted segment [49152:50176], variance=0.0585, QRS count=5
2025-10-08 17:29:01,621 [DEBUG] Accepted segment [49664:50688], variance=0.0584, QRS count=5
2025-10-08 17:29:01,626 [DEBUG] Accepted segment [50176:51200], variance=0.0589, QRS count=6
2025-10-08 17:29:01,631 [DEBUG] Accepted segment [50688:51712], variance=0.0584, QRS count=6
2025-10-08 17:29:01,636 [DEBUG] Accepted segment [51200:52224], variance=0.0501, QRS count=5
2025-10-08 17:29:01,642 [DEBUG] Accepted segment [51712:52736], variance=0.0509, QRS count=5
2025-10-08 17:29:01,647 [DEBUG] Accepted segment [52224:53248], variance=0.0593, QRS count=5
2025-10-08 17:29:01,653 [DEBUG] Accepted segment [52736:53760], variance=0.0583, QRS count=6
2025-10-08 17:29:01,659 [DEBUG] Accepted segment [53248:54272], variance=0.0595, QRS count=5
2025-10-08 17:29:01,665 [DEBUG] Accepted segment [53760:54784], variance=0.0531, QRS count=5
2025-10-08 17:29:01,670 [DEBUG] Accepted segment [54272:55296], variance=0.0531, QRS count=5
2025-10-08 17:29:01,676 [DEBUG] Accepted segment [54784:55808], variance=0.0593, QRS count=5
2025-10-08 17:29:01,682 [DEBUG] Accepted segment [55296:56320], variance=0.0602, QRS count=5
2025-10-08 17:29:01,688 [DEBUG] Accepted segment [55808:56832], variance=0.0621, QRS count=5
2025-10-08 17:29:01,693 [DEBUG] Accepted segment [56320:57344], variance=0.0596, QRS count=5
2025-10-08 17:29:01,699 [DEBUG] Accepted segment [56832:57856], variance=0.0563, QRS count=6
2025-10-08 17:29:01,705 [DEBUG] Accepted segment [57344:58368], variance=0.0567, QRS count=6
2025-10-08 17:29:01,710 [DEBUG] Accepted segment [57856:58880], variance=0.0583, QRS count=5
2025-10-08 17:29:01,716 [DEBUG] Accepted segment [58368:59392], variance=0.0492, QRS count=5
2025-10-08 17:29:01,721 [DEBUG] Accepted segment [58880:59904], variance=0.0492, QRS count=5
2025-10-08 17:29:01,727 [DEBUG] Accepted segment [59392:60416], variance=0.0592, QRS count=5
2025-10-08 17:29:01,732 [DEBUG] Accepted segment [59904:60928], variance=0.0586, QRS count=5
2025-10-08 17:29:01,737 [DEBUG] Accepted segment [60416:61440], variance=0.0579, QRS count=6
2025-10-08 17:29:01,742 [DEBUG] Accepted segment [60928:61952], variance=0.0584, QRS count=6
2025-10-08 17:29:01,748 [DEBUG] Accepted segment [61440:62464], variance=0.0588, QRS count=5
2025-10-08 17:29:01,753 [DEBUG] Accepted segment [61952:62976], variance=0.0565, QRS count=5
2025-10-08 17:29:01,758 [DEBUG] Accepted segment [62464:63488], variance=0.0485, QRS count=6
2025-10-08 17:29:01,763 [DEBUG] Accepted segment [62976:64000], variance=0.0508, QRS count=5
2025-10-08 17:29:01,768 [DEBUG] Accepted segment [63488:64512], variance=0.0608, QRS count=5
2025-10-08 17:29:01,773 [DEBUG] Accepted segment [64000:65024], variance=0.0619, QRS count=5
2025-10-08 17:29:01,778 [DEBUG] Accepted segment [64512:65536], variance=0.0587, QRS count=5
2025-10-08 17:29:01,783 [DEBUG] Accepted segment [65024:66048], variance=0.0603, QRS count=5
2025-10-08 17:29:01,789 [DEBUG] Accepted segment [65536:66560], variance=0.0623, QRS count=5
2025-10-08 17:29:01,794 [DEBUG] Accepted segment [66048:67072], variance=0.0612, QRS count=5
2025-10-08 17:29:01,799 [DEBUG] Accepted segment [66560:67584], variance=0.0614, QRS count=6
2025-10-08 17:29:01,804 [DEBUG] Accepted segment [67072:68096], variance=0.0627, QRS count=6
2025-10-08 17:29:01,809 [DEBUG] Accepted segment [67584:68608], variance=0.0535, QRS count=5
2025-10-08 17:29:01,815 [DEBUG] Accepted segment [68096:69120], variance=0.0529, QRS count=5
2025-10-08 17:29:01,820 [DEBUG] Accepted segment [68608:69632], variance=0.0620, QRS count=5
2025-10-08 17:29:01,825 [DEBUG] Accepted segment [69120:70144], variance=0.0512, QRS count=6
2025-10-08 17:29:01,830 [DEBUG] Accepted segment [69632:70656], variance=0.0508, QRS count=5
2025-10-08 17:29:01,835 [DEBUG] Accepted segment [70144:71168], variance=0.0623, QRS count=5
2025-10-08 17:29:01,841 [DEBUG] Accepted segment [70656:71680], variance=0.0649, QRS count=5
2025-10-08 17:29:01,846 [DEBUG] Accepted segment [71168:72192], variance=0.0649, QRS count=6
2025-10-08 17:29:01,852 [DEBUG] Accepted segment [71680:72704], variance=0.0643, QRS count=6
2025-10-08 17:29:01,857 [DEBUG] Accepted segment [72192:73216], variance=0.0546, QRS count=6
2025-10-08 17:29:01,863 [DEBUG] Accepted segment [72704:73728], variance=0.0550, QRS count=5
2025-10-08 17:29:01,868 [DEBUG] Accepted segment [73216:74240], variance=0.0646, QRS count=5
2025-10-08 17:29:01,874 [DEBUG] Accepted segment [73728:74752], variance=0.0630, QRS count=5
2025-10-08 17:29:01,880 [DEBUG] Accepted segment [74240:75264], variance=0.0623, QRS count=6
2025-10-08 17:29:01,886 [DEBUG] Accepted segment [74752:75776], variance=0.0621, QRS count=6
2025-10-08 17:29:01,892 [DEBUG] Accepted segment [75264:76288], variance=0.0509, QRS count=6
2025-10-08 17:29:01,898 [DEBUG] Accepted segment [75776:76800], variance=0.0518, QRS count=5
2025-10-08 17:29:01,903 [DEBUG] Accepted segment [76288:77312], variance=0.0641, QRS count=5
2025-10-08 17:29:01,909 [DEBUG] Accepted segment [76800:77824], variance=0.0659, QRS count=5
2025-10-08 17:29:01,915 [DEBUG] Accepted segment [77312:78336], variance=0.0647, QRS count=6
2025-10-08 17:29:01,920 [DEBUG] Accepted segment [77824:78848], variance=0.0543, QRS count=5
2025-10-08 17:29:01,926 [DEBUG] Accepted segment [78336:79360], variance=0.0534, QRS count=5
2025-10-08 17:29:01,932 [DEBUG] Accepted segment [78848:79872], variance=0.0600, QRS count=5
2025-10-08 17:29:01,937 [DEBUG] Accepted segment [79360:80384], variance=0.0605, QRS count=6
2025-10-08 17:29:01,943 [DEBUG] Accepted segment [79872:80896], variance=0.0530, QRS count=5
2025-10-08 17:29:01,948 [DEBUG] Accepted segment [80384:81408], variance=0.0525, QRS count=5
2025-10-08 17:29:01,953 [DEBUG] Accepted segment [80896:81920], variance=0.0614, QRS count=5
2025-10-08 17:29:01,959 [DEBUG] Accepted segment [81408:82432], variance=0.0623, QRS count=6
2025-10-08 17:29:01,964 [DEBUG] Accepted segment [81920:82944], variance=0.0606, QRS count=5
2025-10-08 17:29:01,969 [DEBUG] Accepted segment [82432:83456], variance=0.0508, QRS count=5
2025-10-08 17:29:01,974 [DEBUG] Accepted segment [82944:83968], variance=0.0525, QRS count=5
2025-10-08 17:29:01,980 [DEBUG] Accepted segment [83456:84480], variance=0.0618, QRS count=5
2025-10-08 17:29:01,985 [DEBUG] Accepted segment [83968:84992], variance=0.0601, QRS count=5
2025-10-08 17:29:01,990 [DEBUG] Accepted segment [84480:85504], variance=0.0589, QRS count=5
2025-10-08 17:29:01,996 [DEBUG] Accepted segment [84992:86016], variance=0.0579, QRS count=6
2025-10-08 17:29:02,001 [DEBUG] Accepted segment [85504:86528], variance=0.0604, QRS count=6
2025-10-08 17:29:02,006 [DEBUG] Accepted segment [86016:87040], variance=0.0538, QRS count=5
2025-10-08 17:29:02,012 [DEBUG] Accepted segment [86528:87552], variance=0.0515, QRS count=5
2025-10-08 17:29:02,017 [DEBUG] Accepted segment [87040:88064], variance=0.0609, QRS count=5
2025-10-08 17:29:02,023 [DEBUG] Accepted segment [87552:88576], variance=0.0617, QRS count=5
2025-10-08 17:29:02,028 [DEBUG] Accepted segment [88064:89088], variance=0.0498, QRS count=5
2025-10-08 17:29:02,033 [DEBUG] Accepted segment [88576:89600], variance=0.0489, QRS count=5
2025-10-08 17:29:02,038 [DEBUG] Accepted segment [89088:90112], variance=0.0603, QRS count=5
2025-10-08 17:29:02,043 [DEBUG] Accepted segment [89600:90624], variance=0.0612, QRS count=6
2025-10-08 17:29:02,049 [DEBUG] Accepted segment [90112:91136], variance=0.0612, QRS count=6
2025-10-08 17:29:02,054 [DEBUG] Accepted segment [90624:91648], variance=0.0535, QRS count=5
2025-10-08 17:29:02,060 [DEBUG] Accepted segment [91136:92160], variance=0.0552, QRS count=5
2025-10-08 17:29:02,066 [DEBUG] Accepted segment [91648:92672], variance=0.0635, QRS count=5
2025-10-08 17:29:02,071 [DEBUG] Accepted segment [92160:93184], variance=0.0609, QRS count=5
2025-10-08 17:29:02,077 [DEBUG] Accepted segment [92672:93696], variance=0.0534, QRS count=6
2025-10-08 17:29:02,082 [DEBUG] Accepted segment [93184:94208], variance=0.0553, QRS count=5
2025-10-08 17:29:02,087 [DEBUG] Accepted segment [93696:94720], variance=0.0625, QRS count=5
2025-10-08 17:29:02,092 [DEBUG] Accepted segment [94208:95232], variance=0.0619, QRS count=5
2025-10-08 17:29:02,098 [DEBUG] Accepted segment [94720:95744], variance=0.0629, QRS count=6
2025-10-08 17:29:02,103 [DEBUG] Accepted segment [95232:96256], variance=0.0528, QRS count=5
2025-10-08 17:29:02,109 [DEBUG] Accepted segment [95744:96768], variance=0.0525, QRS count=5
2025-10-08 17:29:02,115 [DEBUG] Accepted segment [96256:97280], variance=0.0625, QRS count=5
2025-10-08 17:29:02,121 [DEBUG] Accepted segment [96768:97792], variance=0.0602, QRS count=6
2025-10-08 17:29:02,126 [DEBUG] Accepted segment [97280:98304], variance=0.0574, QRS count=6
2025-10-08 17:29:02,132 [DEBUG] Accepted segment [97792:98816], variance=0.0569, QRS count=6
2025-10-08 17:29:02,138 [DEBUG] Accepted segment [98304:99328], variance=0.0501, QRS count=6
2025-10-08 17:29:02,144 [DEBUG] Accepted segment [98816:99840], variance=0.0510, QRS count=5
2025-10-08 17:29:02,150 [DEBUG] Accepted segment [99328:100352], variance=0.0579, QRS count=5
2025-10-08 17:29:02,155 [DEBUG] Accepted segment [99840:100864], variance=0.0583, QRS count=5
2025-10-08 17:29:02,161 [DEBUG] Accepted segment [100352:101376], variance=0.0604, QRS count=5
2025-10-08 17:29:02,166 [DEBUG] Accepted segment [100864:101888], variance=0.0593, QRS count=6
2025-10-08 17:29:02,171 [DEBUG] Accepted segment [101376:102400], variance=0.0568, QRS count=6
2025-10-08 17:29:02,177 [DEBUG] Accepted segment [101888:102912], variance=0.0552, QRS count=6
2025-10-08 17:29:02,182 [DEBUG] Accepted segment [102400:103424], variance=0.0554, QRS count=6
2025-10-08 17:29:02,188 [DEBUG] Accepted segment [102912:103936], variance=0.0574, QRS count=6
2025-10-08 17:29:02,194 [DEBUG] Accepted segment [103424:104448], variance=0.0576, QRS count=5
2025-10-08 17:29:02,199 [DEBUG] Accepted segment [103936:104960], variance=0.0472, QRS count=6
2025-10-08 17:29:02,204 [DEBUG] Accepted segment [104448:105472], variance=0.0462, QRS count=5
2025-10-08 17:29:02,210 [DEBUG] Accepted segment [104960:105984], variance=0.0554, QRS count=5
2025-10-08 17:29:02,215 [DEBUG] Accepted segment [105472:106496], variance=0.0562, QRS count=5
2025-10-08 17:29:02,221 [DEBUG] Accepted segment [105984:107008], variance=0.0543, QRS count=5
2025-10-08 17:29:02,226 [DEBUG] Accepted segment [106496:107520], variance=0.0518, QRS count=5
2025-10-08 17:29:02,232 [DEBUG] Accepted segment [107008:108032], variance=0.0523, QRS count=5
2025-10-08 17:29:02,237 [DEBUG] Accepted segment [107520:108544], variance=0.0539, QRS count=5
2025-10-08 17:29:02,243 [DEBUG] Accepted segment [108032:109056], variance=0.0543, QRS count=5
2025-10-08 17:29:02,249 [DEBUG] Accepted segment [108544:109568], variance=0.0531, QRS count=6
2025-10-08 17:29:02,254 [DEBUG] Accepted segment [109056:110080], variance=0.0515, QRS count=6
2025-10-08 17:29:02,260 [DEBUG] Accepted segment [109568:110592], variance=0.0521, QRS count=6
2025-10-08 17:29:02,266 [DEBUG] Accepted segment [110080:111104], variance=0.1279, QRS count=6
2025-10-08 17:29:02,272 [DEBUG] Accepted segment [110592:111616], variance=0.1293, QRS count=5
2025-10-08 17:29:02,278 [DEBUG] Accepted segment [111104:112128], variance=0.0552, QRS count=6
2025-10-08 17:29:02,284 [DEBUG] Accepted segment [111616:112640], variance=0.0537, QRS count=6
2025-10-08 17:29:02,290 [DEBUG] Accepted segment [112128:113152], variance=0.0532, QRS count=6
2025-10-08 17:29:02,295 [DEBUG] Accepted segment [112640:113664], variance=0.0558, QRS count=6
2025-10-08 17:29:02,301 [DEBUG] Accepted segment [113152:114176], variance=0.0582, QRS count=5
2025-10-08 17:29:02,307 [DEBUG] Accepted segment [113664:114688], variance=0.0514, QRS count=6
2025-10-08 17:29:02,313 [DEBUG] Accepted segment [114176:115200], variance=0.0525, QRS count=5
2025-10-08 17:29:02,319 [DEBUG] Accepted segment [114688:115712], variance=0.0596, QRS count=5
2025-10-08 17:29:02,325 [DEBUG] Accepted segment [115200:116224], variance=0.0584, QRS count=5
2025-10-08 17:29:02,330 [DEBUG] Accepted segment [115712:116736], variance=0.0515, QRS count=6
2025-10-08 17:29:02,336 [DEBUG] Accepted segment [116224:117248], variance=0.0530, QRS count=5
2025-10-08 17:29:02,342 [DEBUG] Accepted segment [116736:117760], variance=0.0609, QRS count=5
2025-10-08 17:29:02,348 [DEBUG] Accepted segment [117248:118272], variance=0.0628, QRS count=5
2025-10-08 17:29:02,353 [DEBUG] Accepted segment [117760:118784], variance=0.0637, QRS count=6
2025-10-08 17:29:02,359 [DEBUG] Accepted segment [118272:119296], variance=0.0609, QRS count=6
2025-10-08 17:29:02,364 [DEBUG] Accepted segment [118784:119808], variance=0.0506, QRS count=6
2025-10-08 17:29:02,365 [DEBUG] Skipping segment [119296:120320] due to overlap with noise [120200:120500]
2025-10-08 17:29:02,365 [DEBUG] Skipping segment [119808:120832] due to overlap with noise [120200:120500]
2025-10-08 17:29:02,365 [DEBUG] Skipping segment [120320:121344] due to overlap with noise [120200:120500]
2025-10-08 17:29:02,371 [DEBUG] Accepted segment [120832:121856], variance=0.0428, QRS count=6
2025-10-08 17:29:02,376 [DEBUG] Accepted segment [121344:122368], variance=0.0406, QRS count=6
2025-10-08 17:29:02,382 [DEBUG] Accepted segment [121856:122880], variance=0.0365, QRS count=6
2025-10-08 17:29:02,389 [DEBUG] Accepted segment [122368:123392], variance=0.0401, QRS count=5
2025-10-08 17:29:02,396 [DEBUG] Accepted segment [122880:123904], variance=0.0464, QRS count=6
2025-10-08 17:29:02,403 [DEBUG] Accepted segment [123392:124416], variance=0.0520, QRS count=6
2025-10-08 17:29:02,408 [DEBUG] Accepted segment [123904:124928], variance=0.0439, QRS count=5
2025-10-08 17:29:02,415 [DEBUG] Accepted segment [124416:125440], variance=0.0354, QRS count=5
2025-10-08 17:29:02,421 [DEBUG] Accepted segment [124928:125952], variance=0.0386, QRS count=5
2025-10-08 17:29:02,427 [DEBUG] Accepted segment [125440:126464], variance=0.0365, QRS count=5
2025-10-08 17:29:02,433 [DEBUG] Accepted segment [125952:126976], variance=0.0365, QRS count=6
2025-10-08 17:29:02,439 [DEBUG] Accepted segment [126464:127488], variance=0.0327, QRS count=5
2025-10-08 17:29:02,446 [DEBUG] Accepted segment [126976:128000], variance=0.0325, QRS count=5
2025-10-08 17:29:02,446 [INFO] Segmented signal of length 128000 into 246 valid segments
2025-10-08 17:29:02,968 [DEBUG] Accepted segment [0:1024], variance=0.0402, QRS count=6
2025-10-08 17:29:02,973 [DEBUG] Accepted segment [512:1536], variance=0.0419, QRS count=6
2025-10-08 17:29:02,979 [DEBUG] Accepted segment [1024:2048], variance=0.0415, QRS count=6
2025-10-08 17:29:02,984 [DEBUG] Accepted segment [1536:2560], variance=0.0390, QRS count=6
2025-10-08 17:29:02,990 [DEBUG] Accepted segment [2048:3072], variance=0.0377, QRS count=6
2025-10-08 17:29:02,995 [DEBUG] Accepted segment [2560:3584], variance=0.0409, QRS count=6
2025-10-08 17:29:03,000 [DEBUG] Accepted segment [3072:4096], variance=0.0414, QRS count=5
2025-10-08 17:29:03,005 [DEBUG] Accepted segment [3584:4608], variance=0.0384, QRS count=5
2025-10-08 17:29:03,011 [DEBUG] Accepted segment [4096:5120], variance=0.0392, QRS count=5
2025-10-08 17:29:03,016 [DEBUG] Accepted segment [4608:5632], variance=0.0402, QRS count=5
2025-10-08 17:29:03,023 [DEBUG] Accepted segment [5120:6144], variance=0.0394, QRS count=5
2025-10-08 17:29:03,028 [DEBUG] Accepted segment [5632:6656], variance=0.0395, QRS count=5
2025-10-08 17:29:03,034 [DEBUG] Accepted segment [6144:7168], variance=0.0415, QRS count=5
2025-10-08 17:29:03,040 [DEBUG] Accepted segment [6656:7680], variance=0.0433, QRS count=5
2025-10-08 17:29:03,046 [DEBUG] Accepted segment [7168:8192], variance=0.0412, QRS count=5
2025-10-08 17:29:03,051 [DEBUG] Accepted segment [7680:8704], variance=0.0387, QRS count=6
2025-10-08 17:29:03,057 [DEBUG] Accepted segment [8192:9216], variance=0.0424, QRS count=6
2025-10-08 17:29:03,063 [DEBUG] Accepted segment [8704:9728], variance=0.0459, QRS count=6
2025-10-08 17:29:03,068 [DEBUG] Accepted segment [9216:10240], variance=0.0427, QRS count=5
2025-10-08 17:29:03,074 [DEBUG] Accepted segment [9728:10752], variance=0.0465, QRS count=5
2025-10-08 17:29:03,080 [DEBUG] Accepted segment [10240:11264], variance=0.0452, QRS count=6
2025-10-08 17:29:03,087 [DEBUG] Accepted segment [10752:11776], variance=0.0496, QRS count=6
2025-10-08 17:29:03,093 [DEBUG] Accepted segment [11264:12288], variance=0.0525, QRS count=6
2025-10-08 17:29:03,098 [DEBUG] Accepted segment [11776:12800], variance=0.0397, QRS count=6
2025-10-08 17:29:03,103 [DEBUG] Accepted segment [12288:13312], variance=0.0377, QRS count=6
2025-10-08 17:29:03,109 [DEBUG] Accepted segment [12800:13824], variance=0.0388, QRS count=6
2025-10-08 17:29:03,114 [DEBUG] Accepted segment [13312:14336], variance=0.0378, QRS count=6
2025-10-08 17:29:03,120 [DEBUG] Accepted segment [13824:14848], variance=0.0385, QRS count=6
2025-10-08 17:29:03,126 [DEBUG] Accepted segment [14336:15360], variance=0.0398, QRS count=6
2025-10-08 17:29:03,132 [DEBUG] Accepted segment [14848:15872], variance=0.0393, QRS count=5
2025-10-08 17:29:03,139 [DEBUG] Accepted segment [15360:16384], variance=0.0346, QRS count=6
2025-10-08 17:29:03,145 [DEBUG] Accepted segment [15872:16896], variance=0.0356, QRS count=5
2025-10-08 17:29:03,150 [DEBUG] Accepted segment [16384:17408], variance=0.0412, QRS count=5
2025-10-08 17:29:03,156 [DEBUG] Accepted segment [16896:17920], variance=0.0429, QRS count=5
2025-10-08 17:29:03,162 [DEBUG] Accepted segment [17408:18432], variance=0.0438, QRS count=5
2025-10-08 17:29:03,167 [DEBUG] Accepted segment [17920:18944], variance=0.0445, QRS count=5
2025-10-08 17:29:03,172 [DEBUG] Accepted segment [18432:19456], variance=0.0446, QRS count=5
2025-10-08 17:29:03,178 [DEBUG] Accepted segment [18944:19968], variance=0.0441, QRS count=5
2025-10-08 17:29:03,183 [DEBUG] Accepted segment [19456:20480], variance=0.0441, QRS count=5
2025-10-08 17:29:03,188 [DEBUG] Accepted segment [19968:20992], variance=0.0429, QRS count=5
2025-10-08 17:29:03,194 [DEBUG] Accepted segment [20480:21504], variance=0.0406, QRS count=5
2025-10-08 17:29:03,199 [DEBUG] Accepted segment [20992:22016], variance=0.0402, QRS count=5
2025-10-08 17:29:03,205 [DEBUG] Accepted segment [21504:22528], variance=0.0406, QRS count=5
2025-10-08 17:29:03,210 [DEBUG] Accepted segment [22016:23040], variance=0.0405, QRS count=5
2025-10-08 17:29:03,216 [DEBUG] Accepted segment [22528:23552], variance=0.0406, QRS count=5
2025-10-08 17:29:03,221 [DEBUG] Accepted segment [23040:24064], variance=0.0412, QRS count=5
2025-10-08 17:29:03,227 [DEBUG] Accepted segment [23552:24576], variance=0.0423, QRS count=5
2025-10-08 17:29:03,232 [DEBUG] Accepted segment [24064:25088], variance=0.0420, QRS count=6
2025-10-08 17:29:03,238 [DEBUG] Accepted segment [24576:25600], variance=0.0412, QRS count=6
2025-10-08 17:29:03,243 [DEBUG] Accepted segment [25088:26112], variance=0.0412, QRS count=6
2025-10-08 17:29:03,249 [DEBUG] Accepted segment [25600:26624], variance=0.0407, QRS count=6
2025-10-08 17:29:03,254 [DEBUG] Accepted segment [26112:27136], variance=0.0394, QRS count=6
2025-10-08 17:29:03,260 [DEBUG] Accepted segment [26624:27648], variance=0.0471, QRS count=6
2025-10-08 17:29:03,265 [DEBUG] Accepted segment [27136:28160], variance=0.0493, QRS count=6
2025-10-08 17:29:03,271 [DEBUG] Accepted segment [27648:28672], variance=0.0420, QRS count=6
2025-10-08 17:29:03,276 [DEBUG] Accepted segment [28160:29184], variance=0.0394, QRS count=5
2025-10-08 17:29:03,282 [DEBUG] Accepted segment [28672:29696], variance=0.0345, QRS count=5
2025-10-08 17:29:03,287 [DEBUG] Accepted segment [29184:30208], variance=0.0353, QRS count=5
2025-10-08 17:29:03,292 [DEBUG] Accepted segment [29696:30720], variance=0.0395, QRS count=5
2025-10-08 17:29:03,298 [DEBUG] Accepted segment [30208:31232], variance=0.0400, QRS count=5
2025-10-08 17:29:03,303 [DEBUG] Accepted segment [30720:31744], variance=0.0419, QRS count=5
2025-10-08 17:29:03,308 [DEBUG] Accepted segment [31232:32256], variance=0.0425, QRS count=5
2025-10-08 17:29:03,313 [DEBUG] Accepted segment [31744:32768], variance=0.0409, QRS count=5
2025-10-08 17:29:03,319 [DEBUG] Accepted segment [32256:33280], variance=0.0398, QRS count=5
2025-10-08 17:29:03,324 [DEBUG] Accepted segment [32768:33792], variance=0.0410, QRS count=5
2025-10-08 17:29:03,330 [DEBUG] Accepted segment [33280:34304], variance=0.0416, QRS count=5
2025-10-08 17:29:03,336 [DEBUG] Accepted segment [33792:34816], variance=0.0405, QRS count=5
2025-10-08 17:29:03,342 [DEBUG] Accepted segment [34304:35328], variance=0.0395, QRS count=6
2025-10-08 17:29:03,348 [DEBUG] Accepted segment [34816:35840], variance=0.0397, QRS count=6
2025-10-08 17:29:03,353 [DEBUG] Accepted segment [35328:36352], variance=0.0419, QRS count=6
2025-10-08 17:29:03,359 [DEBUG] Accepted segment [35840:36864], variance=0.0427, QRS count=6
2025-10-08 17:29:03,365 [DEBUG] Accepted segment [36352:37376], variance=0.0419, QRS count=6
2025-10-08 17:29:03,371 [DEBUG] Accepted segment [36864:37888], variance=0.0411, QRS count=6
2025-10-08 17:29:03,376 [DEBUG] Accepted segment [37376:38400], variance=0.0402, QRS count=5
2025-10-08 17:29:03,381 [DEBUG] Accepted segment [37888:38912], variance=0.0358, QRS count=6
2025-10-08 17:29:03,386 [DEBUG] Accepted segment [38400:39424], variance=0.0363, QRS count=5
2025-10-08 17:29:03,392 [DEBUG] Accepted segment [38912:39936], variance=0.0418, QRS count=5
2025-10-08 17:29:03,397 [DEBUG] Accepted segment [39424:40448], variance=0.0436, QRS count=5
2025-10-08 17:29:03,402 [DEBUG] Accepted segment [39936:40960], variance=0.0433, QRS count=5
2025-10-08 17:29:03,408 [DEBUG] Accepted segment [40448:41472], variance=0.0420, QRS count=5
2025-10-08 17:29:03,413 [DEBUG] Accepted segment [40960:41984], variance=0.0409, QRS count=5
2025-10-08 17:29:03,419 [DEBUG] Accepted segment [41472:42496], variance=0.0399, QRS count=6
2025-10-08 17:29:03,425 [DEBUG] Accepted segment [41984:43008], variance=0.0410, QRS count=6
2025-10-08 17:29:03,430 [DEBUG] Accepted segment [42496:43520], variance=0.0423, QRS count=6
2025-10-08 17:29:03,435 [DEBUG] Accepted segment [43008:44032], variance=0.0413, QRS count=6
2025-10-08 17:29:03,441 [DEBUG] Accepted segment [43520:44544], variance=0.0393, QRS count=6
2025-10-08 17:29:03,447 [DEBUG] Accepted segment [44032:45056], variance=0.0401, QRS count=6
2025-10-08 17:29:03,452 [DEBUG] Accepted segment [44544:45568], variance=0.0421, QRS count=6
2025-10-08 17:29:03,458 [DEBUG] Accepted segment [45056:46080], variance=0.0420, QRS count=6
2025-10-08 17:29:03,464 [DEBUG] Accepted segment [45568:46592], variance=0.0406, QRS count=6
2025-10-08 17:29:03,471 [DEBUG] Accepted segment [46080:47104], variance=0.0402, QRS count=6
2025-10-08 17:29:03,477 [DEBUG] Accepted segment [46592:47616], variance=0.0409, QRS count=6
2025-10-08 17:29:03,483 [DEBUG] Accepted segment [47104:48128], variance=0.0409, QRS count=6
2025-10-08 17:29:03,488 [DEBUG] Accepted segment [47616:48640], variance=0.0406, QRS count=6
2025-10-08 17:29:03,494 [DEBUG] Accepted segment [48128:49152], variance=0.0408, QRS count=5
2025-10-08 17:29:03,500 [DEBUG] Accepted segment [48640:49664], variance=0.0422, QRS count=5
2025-10-08 17:29:03,505 [DEBUG] Accepted segment [49152:50176], variance=0.0407, QRS count=5
2025-10-08 17:29:03,510 [DEBUG] Accepted segment [49664:50688], variance=0.0342, QRS count=6
2025-10-08 17:29:03,516 [DEBUG] Accepted segment [50176:51200], variance=0.0361, QRS count=5
2025-10-08 17:29:03,521 [DEBUG] Accepted segment [50688:51712], variance=0.0422, QRS count=5
2025-10-08 17:29:03,527 [DEBUG] Accepted segment [51200:52224], variance=0.0421, QRS count=5
2025-10-08 17:29:03,532 [DEBUG] Accepted segment [51712:52736], variance=0.0413, QRS count=5
2025-10-08 17:29:03,538 [DEBUG] Accepted segment [52224:53248], variance=0.0424, QRS count=5
2025-10-08 17:29:03,544 [DEBUG] Accepted segment [52736:53760], variance=0.0428, QRS count=5
2025-10-08 17:29:03,550 [DEBUG] Accepted segment [53248:54272], variance=0.0407, QRS count=6
2025-10-08 17:29:03,556 [DEBUG] Accepted segment [53760:54784], variance=0.0401, QRS count=6
2025-10-08 17:29:03,561 [DEBUG] Accepted segment [54272:55296], variance=0.0403, QRS count=6
2025-10-08 17:29:03,566 [DEBUG] Accepted segment [54784:55808], variance=0.0409, QRS count=6
2025-10-08 17:29:03,572 [DEBUG] Accepted segment [55296:56320], variance=0.0409, QRS count=5
2025-10-08 17:29:03,577 [DEBUG] Accepted segment [55808:56832], variance=0.0340, QRS count=6
2025-10-08 17:29:03,583 [DEBUG] Accepted segment [56320:57344], variance=0.0343, QRS count=6
2025-10-08 17:29:03,591 [DEBUG] Accepted segment [56832:57856], variance=0.0403, QRS count=5
2025-10-08 17:29:03,597 [DEBUG] Accepted segment [57344:58368], variance=0.0385, QRS count=5
2025-10-08 17:29:03,603 [DEBUG] Accepted segment [57856:58880], variance=0.0381, QRS count=5
2025-10-08 17:29:03,608 [DEBUG] Accepted segment [58368:59392], variance=0.0402, QRS count=5
2025-10-08 17:29:03,614 [DEBUG] Accepted segment [58880:59904], variance=0.0411, QRS count=5
2025-10-08 17:29:03,620 [DEBUG] Accepted segment [59392:60416], variance=0.0399, QRS count=5
2025-10-08 17:29:03,625 [DEBUG] Accepted segment [59904:60928], variance=0.0400, QRS count=6
2025-10-08 17:29:03,631 [DEBUG] Accepted segment [60416:61440], variance=0.0408, QRS count=6
2025-10-08 17:29:03,636 [DEBUG] Accepted segment [60928:61952], variance=0.0404, QRS count=6
2025-10-08 17:29:03,642 [DEBUG] Accepted segment [61440:62464], variance=0.0402, QRS count=6
2025-10-08 17:29:03,647 [DEBUG] Accepted segment [61952:62976], variance=0.0393, QRS count=5
2025-10-08 17:29:03,653 [DEBUG] Accepted segment [62464:63488], variance=0.0352, QRS count=6
2025-10-08 17:29:03,658 [DEBUG] Accepted segment [62976:64000], variance=0.0403, QRS count=5
2025-10-08 17:29:03,664 [DEBUG] Accepted segment [63488:64512], variance=0.0450, QRS count=6
2025-10-08 17:29:03,669 [DEBUG] Accepted segment [64000:65024], variance=0.0414, QRS count=6
2025-10-08 17:29:03,676 [DEBUG] Accepted segment [64512:65536], variance=0.0425, QRS count=6
2025-10-08 17:29:03,682 [DEBUG] Accepted segment [65024:66048], variance=0.0414, QRS count=6
2025-10-08 17:29:03,687 [DEBUG] Accepted segment [65536:66560], variance=0.0358, QRS count=6
2025-10-08 17:29:03,692 [DEBUG] Accepted segment [66048:67072], variance=0.0355, QRS count=6
2025-10-08 17:29:03,698 [DEBUG] Accepted segment [66560:67584], variance=0.0398, QRS count=5
2025-10-08 17:29:03,704 [DEBUG] Accepted segment [67072:68096], variance=0.0410, QRS count=5
2025-10-08 17:29:03,710 [DEBUG] Accepted segment [67584:68608], variance=0.0393, QRS count=5
2025-10-08 17:29:03,715 [DEBUG] Accepted segment [68096:69120], variance=0.0400, QRS count=5
2025-10-08 17:29:03,721 [DEBUG] Accepted segment [68608:69632], variance=0.0419, QRS count=5
2025-10-08 17:29:03,726 [DEBUG] Accepted segment [69120:70144], variance=0.0409, QRS count=5
2025-10-08 17:29:03,731 [DEBUG] Accepted segment [69632:70656], variance=0.0407, QRS count=5
2025-10-08 17:29:03,736 [DEBUG] Accepted segment [70144:71168], variance=0.0428, QRS count=6
2025-10-08 17:29:03,742 [DEBUG] Accepted segment [70656:71680], variance=0.0434, QRS count=6
2025-10-08 17:29:03,747 [DEBUG] Accepted segment [71168:72192], variance=0.1024, QRS count=6
2025-10-08 17:29:03,752 [DEBUG] Accepted segment [71680:72704], variance=0.1012, QRS count=6
2025-10-08 17:29:03,757 [DEBUG] Accepted segment [72192:73216], variance=0.0421, QRS count=6
2025-10-08 17:29:03,762 [DEBUG] Accepted segment [72704:73728], variance=0.0443, QRS count=6
2025-10-08 17:29:03,768 [DEBUG] Accepted segment [73216:74240], variance=0.0363, QRS count=5
2025-10-08 17:29:03,774 [DEBUG] Accepted segment [73728:74752], variance=0.0346, QRS count=5
2025-10-08 17:29:03,779 [DEBUG] Accepted segment [74240:75264], variance=0.0419, QRS count=5
2025-10-08 17:29:03,784 [DEBUG] Accepted segment [74752:75776], variance=0.0424, QRS count=5
2025-10-08 17:29:03,790 [DEBUG] Accepted segment [75264:76288], variance=0.0417, QRS count=6
2025-10-08 17:29:03,796 [DEBUG] Accepted segment [75776:76800], variance=0.0351, QRS count=5
2025-10-08 17:29:03,801 [DEBUG] Accepted segment [76288:77312], variance=0.0362, QRS count=5
2025-10-08 17:29:03,807 [DEBUG] Accepted segment [76800:77824], variance=0.0426, QRS count=5
2025-10-08 17:29:03,812 [DEBUG] Accepted segment [77312:78336], variance=0.0413, QRS count=5
2025-10-08 17:29:03,818 [DEBUG] Accepted segment [77824:78848], variance=0.0425, QRS count=6
2025-10-08 17:29:03,823 [DEBUG] Accepted segment [78336:79360], variance=0.0376, QRS count=6
2025-10-08 17:29:03,828 [DEBUG] Accepted segment [78848:79872], variance=0.0357, QRS count=5
2025-10-08 17:29:03,834 [DEBUG] Accepted segment [79360:80384], variance=0.0419, QRS count=5
2025-10-08 17:29:03,840 [DEBUG] Accepted segment [79872:80896], variance=0.0437, QRS count=5
2025-10-08 17:29:03,845 [DEBUG] Accepted segment [80384:81408], variance=0.0438, QRS count=6
2025-10-08 17:29:03,850 [DEBUG] Accepted segment [80896:81920], variance=0.0365, QRS count=5
2025-10-08 17:29:03,856 [DEBUG] Accepted segment [81408:82432], variance=0.0377, QRS count=5
2025-10-08 17:29:03,861 [DEBUG] Accepted segment [81920:82944], variance=0.0453, QRS count=5
2025-10-08 17:29:03,866 [DEBUG] Accepted segment [82432:83456], variance=0.0444, QRS count=5
2025-10-08 17:29:03,872 [DEBUG] Accepted segment [82944:83968], variance=0.0439, QRS count=6
2025-10-08 17:29:03,877 [DEBUG] Accepted segment [83456:84480], variance=0.0381, QRS count=6
2025-10-08 17:29:03,882 [DEBUG] Accepted segment [83968:84992], variance=0.0375, QRS count=5
2025-10-08 17:29:03,888 [DEBUG] Accepted segment [84480:85504], variance=0.0438, QRS count=5
2025-10-08 17:29:03,893 [DEBUG] Accepted segment [84992:86016], variance=0.0450, QRS count=5
2025-10-08 17:29:03,898 [DEBUG] Accepted segment [85504:86528], variance=0.0438, QRS count=6
2025-10-08 17:29:03,903 [DEBUG] Accepted segment [86016:87040], variance=0.0395, QRS count=6
2025-10-08 17:29:03,909 [DEBUG] Accepted segment [86528:87552], variance=0.0371, QRS count=6
2025-10-08 17:29:03,914 [DEBUG] Accepted segment [87040:88064], variance=0.0333, QRS count=5
2025-10-08 17:29:03,919 [DEBUG] Accepted segment [87552:88576], variance=0.0367, QRS count=5
2025-10-08 17:29:03,924 [DEBUG] Accepted segment [88064:89088], variance=0.0441, QRS count=6
2025-10-08 17:29:03,929 [DEBUG] Accepted segment [88576:89600], variance=0.0408, QRS count=5
2025-10-08 17:29:03,935 [DEBUG] Accepted segment [89088:90112], variance=0.0355, QRS count=5
2025-10-08 17:29:03,940 [DEBUG] Accepted segment [89600:90624], variance=0.0369, QRS count=5
2025-10-08 17:29:03,945 [DEBUG] Accepted segment [90112:91136], variance=0.0406, QRS count=5
2025-10-08 17:29:03,950 [DEBUG] Accepted segment [90624:91648], variance=0.0398, QRS count=5
2025-10-08 17:29:03,955 [DEBUG] Accepted segment [91136:92160], variance=0.0410, QRS count=5
2025-10-08 17:29:03,961 [DEBUG] Accepted segment [91648:92672], variance=0.0432, QRS count=5
2025-10-08 17:29:03,966 [DEBUG] Accepted segment [92160:93184], variance=0.0428, QRS count=6
2025-10-08 17:29:03,971 [DEBUG] Accepted segment [92672:93696], variance=0.1231, QRS count=6
2025-10-08 17:29:03,976 [DEBUG] Accepted segment [93184:94208], variance=0.1247, QRS count=6
2025-10-08 17:29:03,981 [DEBUG] Accepted segment [93696:94720], variance=0.0461, QRS count=6
2025-10-08 17:29:03,987 [DEBUG] Accepted segment [94208:95232], variance=0.0474, QRS count=6
2025-10-08 17:29:03,993 [DEBUG] Accepted segment [94720:95744], variance=0.0470, QRS count=6
2025-10-08 17:29:03,999 [DEBUG] Accepted segment [95232:96256], variance=0.0389, QRS count=5
2025-10-08 17:29:04,004 [DEBUG] Accepted segment [95744:96768], variance=0.0370, QRS count=5
2025-10-08 17:29:04,010 [DEBUG] Accepted segment [96256:97280], variance=0.0435, QRS count=5
2025-10-08 17:29:04,015 [DEBUG] Accepted segment [96768:97792], variance=0.0446, QRS count=6
2025-10-08 17:29:04,021 [DEBUG] Accepted segment [97280:98304], variance=0.0436, QRS count=5
2025-10-08 17:29:04,026 [DEBUG] Accepted segment [97792:98816], variance=0.0419, QRS count=5
2025-10-08 17:29:04,033 [DEBUG] Accepted segment [98304:99328], variance=0.0424, QRS count=5
2025-10-08 17:29:04,038 [DEBUG] Accepted segment [98816:99840], variance=0.0469, QRS count=5
2025-10-08 17:29:04,044 [DEBUG] Accepted segment [99328:100352], variance=0.0437, QRS count=5
2025-10-08 17:29:04,049 [DEBUG] Accepted segment [99840:100864], variance=0.0338, QRS count=6
2025-10-08 17:29:04,054 [DEBUG] Accepted segment [100352:101376], variance=0.0349, QRS count=6
2025-10-08 17:29:04,060 [DEBUG] Accepted segment [100864:101888], variance=0.0390, QRS count=5
2025-10-08 17:29:04,065 [DEBUG] Accepted segment [101376:102400], variance=0.0407, QRS count=5
2025-10-08 17:29:04,071 [DEBUG] Accepted segment [101888:102912], variance=0.0429, QRS count=5
2025-10-08 17:29:04,076 [DEBUG] Accepted segment [102400:103424], variance=0.0422, QRS count=5
2025-10-08 17:29:04,081 [DEBUG] Accepted segment [102912:103936], variance=0.0401, QRS count=6
2025-10-08 17:29:04,086 [DEBUG] Accepted segment [103424:104448], variance=0.0405, QRS count=6
2025-10-08 17:29:04,092 [DEBUG] Accepted segment [103936:104960], variance=0.0415, QRS count=6
2025-10-08 17:29:04,098 [DEBUG] Accepted segment [104448:105472], variance=0.0408, QRS count=6
2025-10-08 17:29:04,104 [DEBUG] Accepted segment [104960:105984], variance=0.0404, QRS count=6
2025-10-08 17:29:04,104 [DEBUG] Skipping segment [105472:106496] due to overlap with noise [106400:107000]
2025-10-08 17:29:04,104 [DEBUG] Skipping segment [105984:107008] due to overlap with noise [106400:107000]
2025-10-08 17:29:04,104 [DEBUG] Skipping segment [106496:107520] due to overlap with noise [106400:107000]
2025-10-08 17:29:04,109 [DEBUG] Accepted segment [107008:108032], variance=0.0702, QRS count=6
2025-10-08 17:29:04,114 [DEBUG] Accepted segment [107520:108544], variance=0.0616, QRS count=6
2025-10-08 17:29:04,119 [DEBUG] Accepted segment [108032:109056], variance=0.0688, QRS count=7
2025-10-08 17:29:04,125 [DEBUG] Accepted segment [108544:109568], variance=0.0644, QRS count=6
2025-10-08 17:29:04,130 [DEBUG] Accepted segment [109056:110080], variance=0.0488, QRS count=6
2025-10-08 17:29:04,136 [DEBUG] Accepted segment [109568:110592], variance=0.0477, QRS count=6
2025-10-08 17:29:04,141 [DEBUG] Accepted segment [110080:111104], variance=0.0440, QRS count=6
2025-10-08 17:29:04,146 [DEBUG] Accepted segment [110592:111616], variance=0.0451, QRS count=7
2025-10-08 17:29:04,153 [DEBUG] Accepted segment [111104:112128], variance=0.0552, QRS count=6
2025-10-08 17:29:04,158 [DEBUG] Accepted segment [111616:112640], variance=0.0556, QRS count=6
2025-10-08 17:29:04,163 [DEBUG] Accepted segment [112128:113152], variance=0.0543, QRS count=6
2025-10-08 17:29:04,168 [DEBUG] Accepted segment [112640:113664], variance=0.0555, QRS count=6
2025-10-08 17:29:04,173 [DEBUG] Accepted segment [113152:114176], variance=0.0560, QRS count=5
2025-10-08 17:29:04,178 [DEBUG] Accepted segment [113664:114688], variance=0.0558, QRS count=5
2025-10-08 17:29:04,183 [DEBUG] Accepted segment [114176:115200], variance=0.0667, QRS count=5
2025-10-08 17:29:04,188 [DEBUG] Accepted segment [114688:115712], variance=0.0741, QRS count=6
2025-10-08 17:29:04,193 [DEBUG] Accepted segment [115200:116224], variance=0.0637, QRS count=6
2025-10-08 17:29:04,198 [DEBUG] Accepted segment [115712:116736], variance=0.0559, QRS count=6
2025-10-08 17:29:04,204 [DEBUG] Accepted segment [116224:117248], variance=0.0528, QRS count=6
2025-10-08 17:29:04,208 [DEBUG] Accepted segment [116736:117760], variance=0.0522, QRS count=5
2025-10-08 17:29:04,214 [DEBUG] Accepted segment [117248:118272], variance=0.0472, QRS count=6
2025-10-08 17:29:04,219 [DEBUG] Accepted segment [117760:118784], variance=0.0471, QRS count=5
2025-10-08 17:29:04,224 [DEBUG] Accepted segment [118272:119296], variance=0.0569, QRS count=5
2025-10-08 17:29:04,229 [DEBUG] Accepted segment [118784:119808], variance=0.0603, QRS count=5
2025-10-08 17:29:04,234 [DEBUG] Accepted segment [119296:120320], variance=0.0607, QRS count=5
2025-10-08 17:29:04,239 [DEBUG] Accepted segment [119808:120832], variance=0.0601, QRS count=6
2025-10-08 17:29:04,245 [DEBUG] Accepted segment [120320:121344], variance=0.0600, QRS count=6
2025-10-08 17:29:04,250 [DEBUG] Accepted segment [120832:121856], variance=0.0599, QRS count=6
2025-10-08 17:29:04,255 [DEBUG] Accepted segment [121344:122368], variance=0.0489, QRS count=5
2025-10-08 17:29:04,261 [DEBUG] Accepted segment [121856:122880], variance=0.0471, QRS count=5
2025-10-08 17:29:04,266 [DEBUG] Accepted segment [122368:123392], variance=0.0592, QRS count=5
2025-10-08 17:29:04,272 [DEBUG] Accepted segment [122880:123904], variance=0.0606, QRS count=5
2025-10-08 17:29:04,278 [DEBUG] Accepted segment [123392:124416], variance=0.0582, QRS count=5
2025-10-08 17:29:04,284 [DEBUG] Accepted segment [123904:124928], variance=0.0582, QRS count=6
2025-10-08 17:29:04,290 [DEBUG] Accepted segment [124416:125440], variance=0.0592, QRS count=6
2025-10-08 17:29:04,295 [DEBUG] Accepted segment [124928:125952], variance=0.0585, QRS count=5
2025-10-08 17:29:04,299 [DEBUG] Accepted segment [125440:126464], variance=0.0485, QRS count=5
2025-10-08 17:29:04,304 [DEBUG] Accepted segment [125952:126976], variance=0.0503, QRS count=5
2025-10-08 17:29:04,309 [DEBUG] Accepted segment [126464:127488], variance=0.0614, QRS count=5
2025-10-08 17:29:04,315 [DEBUG] Accepted segment [126976:128000], variance=0.0608, QRS count=5
2025-10-08 17:29:04,315 [INFO] Segmented signal of length 128000 into 246 valid segments
2025-10-08 17:29:04,819 [DEBUG] Accepted segment [0:1024], variance=0.0489, QRS count=5
2025-10-08 17:29:04,824 [DEBUG] Accepted segment [512:1536], variance=0.0602, QRS count=5
2025-10-08 17:29:04,829 [DEBUG] Accepted segment [1024:2048], variance=0.0717, QRS count=5
2025-10-08 17:29:04,834 [DEBUG] Accepted segment [1536:2560], variance=0.0797, QRS count=6
2025-10-08 17:29:04,839 [DEBUG] Accepted segment [2048:3072], variance=0.0709, QRS count=6
2025-10-08 17:29:04,845 [DEBUG] Accepted segment [2560:3584], variance=0.0522, QRS count=5
2025-10-08 17:29:04,850 [DEBUG] Accepted segment [3072:4096], variance=0.0484, QRS count=5
2025-10-08 17:29:04,855 [DEBUG] Accepted segment [3584:4608], variance=0.0533, QRS count=5
2025-10-08 17:29:04,861 [DEBUG] Accepted segment [4096:5120], variance=0.0519, QRS count=6
2025-10-08 17:29:04,866 [DEBUG] Accepted segment [4608:5632], variance=0.0539, QRS count=6
2025-10-08 17:29:04,871 [DEBUG] Accepted segment [5120:6144], variance=0.0559, QRS count=5
2025-10-08 17:29:04,876 [DEBUG] Accepted segment [5632:6656], variance=0.0539, QRS count=5
2025-10-08 17:29:04,882 [DEBUG] Accepted segment [6144:7168], variance=0.0528, QRS count=5
2025-10-08 17:29:04,887 [DEBUG] Accepted segment [6656:7680], variance=0.0470, QRS count=5
2025-10-08 17:29:04,892 [DEBUG] Accepted segment [7168:8192], variance=0.0480, QRS count=5
2025-10-08 17:29:04,897 [DEBUG] Accepted segment [7680:8704], variance=0.0566, QRS count=5
2025-10-08 17:29:04,902 [DEBUG] Accepted segment [8192:9216], variance=0.0601, QRS count=5
2025-10-08 17:29:04,908 [DEBUG] Accepted segment [8704:9728], variance=0.0621, QRS count=6
2025-10-08 17:29:04,912 [DEBUG] Accepted segment [9216:10240], variance=0.0520, QRS count=5
2025-10-08 17:29:04,917 [DEBUG] Accepted segment [9728:10752], variance=0.0495, QRS count=5
2025-10-08 17:29:04,922 [DEBUG] Accepted segment [10240:11264], variance=0.0569, QRS count=5
2025-10-08 17:29:04,928 [DEBUG] Accepted segment [10752:11776], variance=0.0581, QRS count=5
2025-10-08 17:29:04,933 [DEBUG] Accepted segment [11264:12288], variance=0.0586, QRS count=6
2025-10-08 17:29:04,938 [DEBUG] Accepted segment [11776:12800], variance=0.0491, QRS count=6
2025-10-08 17:29:04,944 [DEBUG] Accepted segment [12288:13312], variance=0.0499, QRS count=5
2025-10-08 17:29:04,949 [DEBUG] Accepted segment [12800:13824], variance=0.0607, QRS count=5
2025-10-08 17:29:04,954 [DEBUG] Accepted segment [13312:14336], variance=0.0595, QRS count=5
2025-10-08 17:29:04,960 [DEBUG] Accepted segment [13824:14848], variance=0.0566, QRS count=6
2025-10-08 17:29:04,965 [DEBUG] Accepted segment [14336:15360], variance=0.0585, QRS count=6
2025-10-08 17:29:04,970 [DEBUG] Accepted segment [14848:15872], variance=0.0575, QRS count=6
2025-10-08 17:29:04,975 [DEBUG] Accepted segment [15360:16384], variance=0.0520, QRS count=5
2025-10-08 17:29:04,980 [DEBUG] Accepted segment [15872:16896], variance=0.0511, QRS count=5
2025-10-08 17:29:04,985 [DEBUG] Accepted segment [16384:17408], variance=0.0506, QRS count=5
2025-10-08 17:29:04,989 [DEBUG] Accepted segment [16896:17920], variance=0.0476, QRS count=5
2025-10-08 17:29:04,994 [DEBUG] Accepted segment [17408:18432], variance=0.0447, QRS count=5
2025-10-08 17:29:04,999 [DEBUG] Accepted segment [17920:18944], variance=0.0474, QRS count=6
2025-10-08 17:29:05,004 [DEBUG] Accepted segment [18432:19456], variance=0.0513, QRS count=6
2025-10-08 17:29:05,009 [DEBUG] Accepted segment [18944:19968], variance=0.0520, QRS count=5
2025-10-08 17:29:05,014 [DEBUG] Accepted segment [19456:20480], variance=0.0518, QRS count=5
2025-10-08 17:29:05,018 [DEBUG] Accepted segment [19968:20992], variance=0.0535, QRS count=5
2025-10-08 17:29:05,023 [DEBUG] Accepted segment [20480:21504], variance=0.0570, QRS count=5
2025-10-08 17:29:05,029 [DEBUG] Accepted segment [20992:22016], variance=0.0584, QRS count=5
2025-10-08 17:29:05,034 [DEBUG] Accepted segment [21504:22528], variance=0.0589, QRS count=5
2025-10-08 17:29:05,040 [DEBUG] Accepted segment [22016:23040], variance=0.0598, QRS count=6
2025-10-08 17:29:05,045 [DEBUG] Accepted segment [22528:23552], variance=0.0604, QRS count=6
2025-10-08 17:29:05,050 [DEBUG] Accepted segment [23040:24064], variance=0.0594, QRS count=5
2025-10-08 17:29:05,055 [DEBUG] Accepted segment [23552:24576], variance=0.0598, QRS count=6
2025-10-08 17:29:05,060 [DEBUG] Accepted segment [24064:25088], variance=0.0620, QRS count=6
2025-10-08 17:29:05,065 [DEBUG] Accepted segment [24576:25600], variance=0.1251, QRS count=6
2025-10-08 17:29:05,071 [DEBUG] Accepted segment [25088:26112], variance=0.1270, QRS count=6
2025-10-08 17:29:05,076 [DEBUG] Accepted segment [25600:26624], variance=0.0756, QRS count=6
2025-10-08 17:29:05,082 [DEBUG] Accepted segment [26112:27136], variance=0.0709, QRS count=6
2025-10-08 17:29:05,088 [DEBUG] Accepted segment [26624:27648], variance=0.0589, QRS count=6
2025-10-08 17:29:05,093 [DEBUG] Accepted segment [27136:28160], variance=0.0584, QRS count=6
2025-10-08 17:29:05,098 [DEBUG] Accepted segment [27648:28672], variance=0.0565, QRS count=6
2025-10-08 17:29:05,103 [DEBUG] Accepted segment [28160:29184], variance=0.0559, QRS count=6
2025-10-08 17:29:05,109 [DEBUG] Accepted segment [28672:29696], variance=0.0563, QRS count=6
2025-10-08 17:29:05,115 [DEBUG] Accepted segment [29184:30208], variance=0.0540, QRS count=6
2025-10-08 17:29:05,121 [DEBUG] Accepted segment [29696:30720], variance=0.0480, QRS count=6
2025-10-08 17:29:05,127 [DEBUG] Accepted segment [30208:31232], variance=0.0466, QRS count=5
2025-10-08 17:29:05,132 [DEBUG] Accepted segment [30720:31744], variance=0.0484, QRS count=5
2025-10-08 17:29:05,139 [DEBUG] Accepted segment [31232:32256], variance=0.0523, QRS count=6
2025-10-08 17:29:05,145 [DEBUG] Accepted segment [31744:32768], variance=0.0579, QRS count=6
2025-10-08 17:29:05,151 [DEBUG] Accepted segment [32256:33280], variance=0.0605, QRS count=5
2025-10-08 17:29:05,157 [DEBUG] Accepted segment [32768:33792], variance=0.0593, QRS count=5
2025-10-08 17:29:05,162 [DEBUG] Accepted segment [33280:34304], variance=0.0577, QRS count=5
2025-10-08 17:29:05,168 [DEBUG] Accepted segment [33792:34816], variance=0.0579, QRS count=6
2025-10-08 17:29:05,174 [DEBUG] Accepted segment [34304:35328], variance=0.0569, QRS count=6
2025-10-08 17:29:05,179 [DEBUG] Accepted segment [34816:35840], variance=0.0569, QRS count=6
2025-10-08 17:29:05,185 [DEBUG] Accepted segment [35328:36352], variance=0.0586, QRS count=6
2025-10-08 17:29:05,190 [DEBUG] Accepted segment [35840:36864], variance=0.0496, QRS count=6
2025-10-08 17:29:05,196 [DEBUG] Accepted segment [36352:37376], variance=0.0498, QRS count=5
2025-10-08 17:29:05,201 [DEBUG] Accepted segment [36864:37888], variance=0.0598, QRS count=5
2025-10-08 17:29:05,207 [DEBUG] Accepted segment [37376:38400], variance=0.0608, QRS count=5
2025-10-08 17:29:05,213 [DEBUG] Accepted segment [37888:38912], variance=0.0619, QRS count=5
2025-10-08 17:29:05,218 [DEBUG] Accepted segment [38400:39424], variance=0.0603, QRS count=6
2025-10-08 17:29:05,224 [DEBUG] Accepted segment [38912:39936], variance=0.0589, QRS count=6
2025-10-08 17:29:05,229 [DEBUG] Accepted segment [39424:40448], variance=0.0607, QRS count=6
2025-10-08 17:29:05,235 [DEBUG] Accepted segment [39936:40960], variance=0.0523, QRS count=6
2025-10-08 17:29:05,241 [DEBUG] Accepted segment [40448:41472], variance=0.0519, QRS count=5
2025-10-08 17:29:05,247 [DEBUG] Accepted segment [40960:41984], variance=0.0605, QRS count=5
2025-10-08 17:29:05,253 [DEBUG] Accepted segment [41472:42496], variance=0.0594, QRS count=5
2025-10-08 17:29:05,258 [DEBUG] Accepted segment [41984:43008], variance=0.0573, QRS count=6
2025-10-08 17:29:05,264 [DEBUG] Accepted segment [42496:43520], variance=0.0570, QRS count=6
2025-10-08 17:29:05,269 [DEBUG] Accepted segment [43008:44032], variance=0.0501, QRS count=5
2025-10-08 17:29:05,275 [DEBUG] Accepted segment [43520:44544], variance=0.0484, QRS count=5
2025-10-08 17:29:05,280 [DEBUG] Accepted segment [44032:45056], variance=0.0558, QRS count=5
2025-10-08 17:29:05,292 [DEBUG] Accepted segment [44544:45568], variance=0.0570, QRS count=5
2025-10-08 17:29:05,298 [DEBUG] Accepted segment [45056:46080], variance=0.0533, QRS count=5
2025-10-08 17:29:05,303 [DEBUG] Accepted segment [45568:46592], variance=0.0483, QRS count=6
2025-10-08 17:29:05,309 [DEBUG] Accepted segment [46080:47104], variance=0.0507, QRS count=6
2025-10-08 17:29:05,315 [DEBUG] Accepted segment [46592:47616], variance=0.0576, QRS count=6
2025-10-08 17:29:05,320 [DEBUG] Accepted segment [47104:48128], variance=0.0606, QRS count=6
2025-10-08 17:29:05,325 [DEBUG] Accepted segment [47616:48640], variance=0.0595, QRS count=6
2025-10-08 17:29:05,331 [DEBUG] Accepted segment [48128:49152], variance=0.0510, QRS count=6
2025-10-08 17:29:05,336 [DEBUG] Accepted segment [48640:49664], variance=0.0516, QRS count=5
2025-10-08 17:29:05,342 [DEBUG] Accepted segment [49152:50176], variance=0.0585, QRS count=5
2025-10-08 17:29:05,347 [DEBUG] Accepted segment [49664:50688], variance=0.0584, QRS count=5
2025-10-08 17:29:05,352 [DEBUG] Accepted segment [50176:51200], variance=0.0589, QRS count=6
2025-10-08 17:29:05,358 [DEBUG] Accepted segment [50688:51712], variance=0.0584, QRS count=6
2025-10-08 17:29:05,363 [DEBUG] Accepted segment [51200:52224], variance=0.0501, QRS count=5
2025-10-08 17:29:05,368 [DEBUG] Accepted segment [51712:52736], variance=0.0509, QRS count=5
2025-10-08 17:29:05,373 [DEBUG] Accepted segment [52224:53248], variance=0.0593, QRS count=5
2025-10-08 17:29:05,378 [DEBUG] Accepted segment [52736:53760], variance=0.0583, QRS count=6
2025-10-08 17:29:05,384 [DEBUG] Accepted segment [53248:54272], variance=0.0595, QRS count=5
2025-10-08 17:29:05,389 [DEBUG] Accepted segment [53760:54784], variance=0.0531, QRS count=5
2025-10-08 17:29:05,394 [DEBUG] Accepted segment [54272:55296], variance=0.0531, QRS count=5
2025-10-08 17:29:05,400 [DEBUG] Accepted segment [54784:55808], variance=0.0593, QRS count=5
2025-10-08 17:29:05,405 [DEBUG] Accepted segment [55296:56320], variance=0.0602, QRS count=5
2025-10-08 17:29:05,411 [DEBUG] Accepted segment [55808:56832], variance=0.0621, QRS count=5
2025-10-08 17:29:05,417 [DEBUG] Accepted segment [56320:57344], variance=0.0596, QRS count=5
2025-10-08 17:29:05,422 [DEBUG] Accepted segment [56832:57856], variance=0.0563, QRS count=6
2025-10-08 17:29:05,428 [DEBUG] Accepted segment [57344:58368], variance=0.0567, QRS count=6
2025-10-08 17:29:05,433 [DEBUG] Accepted segment [57856:58880], variance=0.0583, QRS count=5
2025-10-08 17:29:05,439 [DEBUG] Accepted segment [58368:59392], variance=0.0492, QRS count=5
2025-10-08 17:29:05,445 [DEBUG] Accepted segment [58880:59904], variance=0.0492, QRS count=5
2025-10-08 17:29:05,451 [DEBUG] Accepted segment [59392:60416], variance=0.0592, QRS count=5
2025-10-08 17:29:05,458 [DEBUG] Accepted segment [59904:60928], variance=0.0586, QRS count=5
2025-10-08 17:29:05,464 [DEBUG] Accepted segment [60416:61440], variance=0.0579, QRS count=6
2025-10-08 17:29:05,469 [DEBUG] Accepted segment [60928:61952], variance=0.0584, QRS count=6
2025-10-08 17:29:05,475 [DEBUG] Accepted segment [61440:62464], variance=0.0588, QRS count=5
2025-10-08 17:29:05,480 [DEBUG] Accepted segment [61952:62976], variance=0.0565, QRS count=5
2025-10-08 17:29:05,486 [DEBUG] Accepted segment [62464:63488], variance=0.0485, QRS count=6
2025-10-08 17:29:05,491 [DEBUG] Accepted segment [62976:64000], variance=0.0508, QRS count=5
2025-10-08 17:29:05,497 [DEBUG] Accepted segment [63488:64512], variance=0.0608, QRS count=5
2025-10-08 17:29:05,503 [DEBUG] Accepted segment [64000:65024], variance=0.0619, QRS count=5
2025-10-08 17:29:05,508 [DEBUG] Accepted segment [64512:65536], variance=0.0587, QRS count=5
2025-10-08 17:29:05,513 [DEBUG] Accepted segment [65024:66048], variance=0.0603, QRS count=5
2025-10-08 17:29:05,519 [DEBUG] Accepted segment [65536:66560], variance=0.0623, QRS count=5
2025-10-08 17:29:05,524 [DEBUG] Accepted segment [66048:67072], variance=0.0612, QRS count=5
2025-10-08 17:29:05,529 [DEBUG] Accepted segment [66560:67584], variance=0.0614, QRS count=6
2025-10-08 17:29:05,535 [DEBUG] Accepted segment [67072:68096], variance=0.0627, QRS count=6
2025-10-08 17:29:05,540 [DEBUG] Accepted segment [67584:68608], variance=0.0535, QRS count=5
2025-10-08 17:29:05,546 [DEBUG] Accepted segment [68096:69120], variance=0.0529, QRS count=5
2025-10-08 17:29:05,551 [DEBUG] Accepted segment [68608:69632], variance=0.0620, QRS count=5
2025-10-08 17:29:05,556 [DEBUG] Accepted segment [69120:70144], variance=0.0512, QRS count=6
2025-10-08 17:29:05,562 [DEBUG] Accepted segment [69632:70656], variance=0.0508, QRS count=5
2025-10-08 17:29:05,568 [DEBUG] Accepted segment [70144:71168], variance=0.0623, QRS count=5
2025-10-08 17:29:05,574 [DEBUG] Accepted segment [70656:71680], variance=0.0649, QRS count=5
2025-10-08 17:29:05,579 [DEBUG] Accepted segment [71168:72192], variance=0.0649, QRS count=6
2025-10-08 17:29:05,585 [DEBUG] Accepted segment [71680:72704], variance=0.0643, QRS count=6
2025-10-08 17:29:05,591 [DEBUG] Accepted segment [72192:73216], variance=0.0546, QRS count=6
2025-10-08 17:29:05,596 [DEBUG] Accepted segment [72704:73728], variance=0.0550, QRS count=5
2025-10-08 17:29:05,602 [DEBUG] Accepted segment [73216:74240], variance=0.0646, QRS count=5
2025-10-08 17:29:05,608 [DEBUG] Accepted segment [73728:74752], variance=0.0630, QRS count=5
2025-10-08 17:29:05,613 [DEBUG] Accepted segment [74240:75264], variance=0.0623, QRS count=6
2025-10-08 17:29:05,619 [DEBUG] Accepted segment [74752:75776], variance=0.0621, QRS count=6
2025-10-08 17:29:05,625 [DEBUG] Accepted segment [75264:76288], variance=0.0509, QRS count=6
2025-10-08 17:29:05,630 [DEBUG] Accepted segment [75776:76800], variance=0.0518, QRS count=5
2025-10-08 17:29:05,636 [DEBUG] Accepted segment [76288:77312], variance=0.0641, QRS count=5
2025-10-08 17:29:05,641 [DEBUG] Accepted segment [76800:77824], variance=0.0659, QRS count=5
2025-10-08 17:29:05,647 [DEBUG] Accepted segment [77312:78336], variance=0.0647, QRS count=6
2025-10-08 17:29:05,653 [DEBUG] Accepted segment [77824:78848], variance=0.0543, QRS count=5
2025-10-08 17:29:05,659 [DEBUG] Accepted segment [78336:79360], variance=0.0534, QRS count=5
2025-10-08 17:29:05,664 [DEBUG] Accepted segment [78848:79872], variance=0.0600, QRS count=5
2025-10-08 17:29:05,670 [DEBUG] Accepted segment [79360:80384], variance=0.0605, QRS count=6
2025-10-08 17:29:05,675 [DEBUG] Accepted segment [79872:80896], variance=0.0530, QRS count=5
2025-10-08 17:29:05,681 [DEBUG] Accepted segment [80384:81408], variance=0.0525, QRS count=5
2025-10-08 17:29:05,687 [DEBUG] Accepted segment [80896:81920], variance=0.0614, QRS count=5
2025-10-08 17:29:05,692 [DEBUG] Accepted segment [81408:82432], variance=0.0623, QRS count=6
2025-10-08 17:29:05,697 [DEBUG] Accepted segment [81920:82944], variance=0.0606, QRS count=5
2025-10-08 17:29:05,703 [DEBUG] Accepted segment [82432:83456], variance=0.0508, QRS count=5
2025-10-08 17:29:05,709 [DEBUG] Accepted segment [82944:83968], variance=0.0525, QRS count=5
2025-10-08 17:29:05,714 [DEBUG] Accepted segment [83456:84480], variance=0.0618, QRS count=5
2025-10-08 17:29:05,719 [DEBUG] Accepted segment [83968:84992], variance=0.0601, QRS count=5
2025-10-08 17:29:05,725 [DEBUG] Accepted segment [84480:85504], variance=0.0589, QRS count=5
2025-10-08 17:29:05,730 [DEBUG] Accepted segment [84992:86016], variance=0.0579, QRS count=6
2025-10-08 17:29:05,736 [DEBUG] Accepted segment [85504:86528], variance=0.0604, QRS count=6
2025-10-08 17:29:05,741 [DEBUG] Accepted segment [86016:87040], variance=0.0538, QRS count=5
2025-10-08 17:29:05,747 [DEBUG] Accepted segment [86528:87552], variance=0.0515, QRS count=5
2025-10-08 17:29:05,752 [DEBUG] Accepted segment [87040:88064], variance=0.0609, QRS count=5
2025-10-08 17:29:05,758 [DEBUG] Accepted segment [87552:88576], variance=0.0617, QRS count=5
2025-10-08 17:29:05,763 [DEBUG] Accepted segment [88064:89088], variance=0.0498, QRS count=5
2025-10-08 17:29:05,769 [DEBUG] Accepted segment [88576:89600], variance=0.0489, QRS count=5
2025-10-08 17:29:05,774 [DEBUG] Accepted segment [89088:90112], variance=0.0603, QRS count=5
2025-10-08 17:29:05,779 [DEBUG] Accepted segment [89600:90624], variance=0.0612, QRS count=6
2025-10-08 17:29:05,784 [DEBUG] Accepted segment [90112:91136], variance=0.0612, QRS count=6
2025-10-08 17:29:05,789 [DEBUG] Accepted segment [90624:91648], variance=0.0535, QRS count=5
2025-10-08 17:29:05,795 [DEBUG] Accepted segment [91136:92160], variance=0.0552, QRS count=5
2025-10-08 17:29:05,800 [DEBUG] Accepted segment [91648:92672], variance=0.0635, QRS count=5
2025-10-08 17:29:05,805 [DEBUG] Accepted segment [92160:93184], variance=0.0609, QRS count=5
2025-10-08 17:29:05,810 [DEBUG] Accepted segment [92672:93696], variance=0.0534, QRS count=6
2025-10-08 17:29:05,816 [DEBUG] Accepted segment [93184:94208], variance=0.0553, QRS count=5
2025-10-08 17:29:05,821 [DEBUG] Accepted segment [93696:94720], variance=0.0625, QRS count=5
2025-10-08 17:29:05,826 [DEBUG] Accepted segment [94208:95232], variance=0.0619, QRS count=5
2025-10-08 17:29:05,831 [DEBUG] Accepted segment [94720:95744], variance=0.0629, QRS count=6
2025-10-08 17:29:05,837 [DEBUG] Accepted segment [95232:96256], variance=0.0528, QRS count=5
2025-10-08 17:29:05,842 [DEBUG] Accepted segment [95744:96768], variance=0.0525, QRS count=5
2025-10-08 17:29:05,848 [DEBUG] Accepted segment [96256:97280], variance=0.0625, QRS count=5
2025-10-08 17:29:05,854 [DEBUG] Accepted segment [96768:97792], variance=0.0602, QRS count=6
2025-10-08 17:29:05,860 [DEBUG] Accepted segment [97280:98304], variance=0.0574, QRS count=6
2025-10-08 17:29:05,866 [DEBUG] Accepted segment [97792:98816], variance=0.0569, QRS count=6
2025-10-08 17:29:05,871 [DEBUG] Accepted segment [98304:99328], variance=0.0501, QRS count=6
2025-10-08 17:29:05,877 [DEBUG] Accepted segment [98816:99840], variance=0.0510, QRS count=5
2025-10-08 17:29:05,883 [DEBUG] Accepted segment [99328:100352], variance=0.0579, QRS count=5
2025-10-08 17:29:05,888 [DEBUG] Accepted segment [99840:100864], variance=0.0583, QRS count=5
2025-10-08 17:29:05,894 [DEBUG] Accepted segment [100352:101376], variance=0.0604, QRS count=5
2025-10-08 17:29:05,900 [DEBUG] Accepted segment [100864:101888], variance=0.0593, QRS count=6
2025-10-08 17:29:05,906 [DEBUG] Accepted segment [101376:102400], variance=0.0568, QRS count=6
2025-10-08 17:29:05,911 [DEBUG] Accepted segment [101888:102912], variance=0.0552, QRS count=6
2025-10-08 17:29:05,917 [DEBUG] Accepted segment [102400:103424], variance=0.0554, QRS count=6
2025-10-08 17:29:05,922 [DEBUG] Accepted segment [102912:103936], variance=0.0574, QRS count=6
2025-10-08 17:29:05,928 [DEBUG] Accepted segment [103424:104448], variance=0.0576, QRS count=5
2025-10-08 17:29:05,935 [DEBUG] Accepted segment [103936:104960], variance=0.0472, QRS count=6
2025-10-08 17:29:05,941 [DEBUG] Accepted segment [104448:105472], variance=0.0462, QRS count=5
2025-10-08 17:29:05,947 [DEBUG] Accepted segment [104960:105984], variance=0.0554, QRS count=5
2025-10-08 17:29:05,953 [DEBUG] Accepted segment [105472:106496], variance=0.0562, QRS count=5
2025-10-08 17:29:05,961 [DEBUG] Accepted segment [105984:107008], variance=0.0543, QRS count=5
2025-10-08 17:29:05,967 [DEBUG] Accepted segment [106496:107520], variance=0.0518, QRS count=5
2025-10-08 17:29:05,972 [DEBUG] Accepted segment [107008:108032], variance=0.0523, QRS count=5
2025-10-08 17:29:05,977 [DEBUG] Accepted segment [107520:108544], variance=0.0539, QRS count=5
2025-10-08 17:29:05,983 [DEBUG] Accepted segment [108032:109056], variance=0.0543, QRS count=5
2025-10-08 17:29:05,989 [DEBUG] Accepted segment [108544:109568], variance=0.0531, QRS count=6
2025-10-08 17:29:05,994 [DEBUG] Accepted segment [109056:110080], variance=0.0515, QRS count=6
2025-10-08 17:29:05,999 [DEBUG] Accepted segment [109568:110592], variance=0.0521, QRS count=6
2025-10-08 17:29:06,005 [DEBUG] Accepted segment [110080:111104], variance=0.1279, QRS count=6
2025-10-08 17:29:06,010 [DEBUG] Accepted segment [110592:111616], variance=0.1293, QRS count=5
2025-10-08 17:29:06,016 [DEBUG] Accepted segment [111104:112128], variance=0.0552, QRS count=6
2025-10-08 17:29:06,021 [DEBUG] Accepted segment [111616:112640], variance=0.0537, QRS count=6
2025-10-08 17:29:06,026 [DEBUG] Accepted segment [112128:113152], variance=0.0532, QRS count=6
2025-10-08 17:29:06,031 [DEBUG] Accepted segment [112640:113664], variance=0.0558, QRS count=6
2025-10-08 17:29:06,037 [DEBUG] Accepted segment [113152:114176], variance=0.0582, QRS count=5
2025-10-08 17:29:06,042 [DEBUG] Accepted segment [113664:114688], variance=0.0514, QRS count=6
2025-10-08 17:29:06,048 [DEBUG] Accepted segment [114176:115200], variance=0.0525, QRS count=5
2025-10-08 17:29:06,054 [DEBUG] Accepted segment [114688:115712], variance=0.0596, QRS count=5
2025-10-08 17:29:06,060 [DEBUG] Accepted segment [115200:116224], variance=0.0584, QRS count=5
2025-10-08 17:29:06,066 [DEBUG] Accepted segment [115712:116736], variance=0.0515, QRS count=6
2025-10-08 17:29:06,071 [DEBUG] Accepted segment [116224:117248], variance=0.0530, QRS count=5
2025-10-08 17:29:06,077 [DEBUG] Accepted segment [116736:117760], variance=0.0609, QRS count=5
2025-10-08 17:29:06,082 [DEBUG] Accepted segment [117248:118272], variance=0.0628, QRS count=5
2025-10-08 17:29:06,088 [DEBUG] Accepted segment [117760:118784], variance=0.0637, QRS count=6
2025-10-08 17:29:06,093 [DEBUG] Accepted segment [118272:119296], variance=0.0609, QRS count=6
2025-10-08 17:29:06,099 [DEBUG] Accepted segment [118784:119808], variance=0.0506, QRS count=6
2025-10-08 17:29:06,100 [DEBUG] Skipping segment [119296:120320] due to overlap with noise [120200:120500]
2025-10-08 17:29:06,100 [DEBUG] Skipping segment [119808:120832] due to overlap with noise [120200:120500]
2025-10-08 17:29:06,100 [DEBUG] Skipping segment [120320:121344] due to overlap with noise [120200:120500]
2025-10-08 17:29:06,105 [DEBUG] Accepted segment [120832:121856], variance=0.0428, QRS count=6
2025-10-08 17:29:06,111 [DEBUG] Accepted segment [121344:122368], variance=0.0406, QRS count=6
2025-10-08 17:29:06,116 [DEBUG] Accepted segment [121856:122880], variance=0.0365, QRS count=6
2025-10-08 17:29:06,121 [DEBUG] Accepted segment [122368:123392], variance=0.0401, QRS count=5
2025-10-08 17:29:06,127 [DEBUG] Accepted segment [122880:123904], variance=0.0464, QRS count=6
2025-10-08 17:29:06,132 [DEBUG] Accepted segment [123392:124416], variance=0.0520, QRS count=6
2025-10-08 17:29:06,138 [DEBUG] Accepted segment [123904:124928], variance=0.0439, QRS count=5
2025-10-08 17:29:06,143 [DEBUG] Accepted segment [124416:125440], variance=0.0354, QRS count=5
2025-10-08 17:29:06,149 [DEBUG] Accepted segment [124928:125952], variance=0.0386, QRS count=5
2025-10-08 17:29:06,155 [DEBUG] Accepted segment [125440:126464], variance=0.0365, QRS count=5
2025-10-08 17:29:06,160 [DEBUG] Accepted segment [125952:126976], variance=0.0365, QRS count=6
2025-10-08 17:29:06,166 [DEBUG] Accepted segment [126464:127488], variance=0.0327, QRS count=5
2025-10-08 17:29:06,171 [DEBUG] Accepted segment [126976:128000], variance=0.0325, QRS count=5
2025-10-08 17:29:06,171 [INFO] Segmented signal of length 128000 into 246 valid segments
2025-10-08 17:29:06,678 [DEBUG] Accepted segment [0:1024], variance=0.0402, QRS count=6
2025-10-08 17:29:06,683 [DEBUG] Accepted segment [512:1536], variance=0.0419, QRS count=6
2025-10-08 17:29:06,688 [DEBUG] Accepted segment [1024:2048], variance=0.0415, QRS count=6
2025-10-08 17:29:06,693 [DEBUG] Accepted segment [1536:2560], variance=0.0390, QRS count=6
2025-10-08 17:29:06,699 [DEBUG] Accepted segment [2048:3072], variance=0.0377, QRS count=6
2025-10-08 17:29:06,704 [DEBUG] Accepted segment [2560:3584], variance=0.0409, QRS count=6
2025-10-08 17:29:06,710 [DEBUG] Accepted segment [3072:4096], variance=0.0414, QRS count=5
2025-10-08 17:29:06,715 [DEBUG] Accepted segment [3584:4608], variance=0.0384, QRS count=5
2025-10-08 17:29:06,720 [DEBUG] Accepted segment [4096:5120], variance=0.0392, QRS count=5
2025-10-08 17:29:06,726 [DEBUG] Accepted segment [4608:5632], variance=0.0402, QRS count=5
2025-10-08 17:29:06,731 [DEBUG] Accepted segment [5120:6144], variance=0.0394, QRS count=5
2025-10-08 17:29:06,736 [DEBUG] Accepted segment [5632:6656], variance=0.0395, QRS count=5
2025-10-08 17:29:06,741 [DEBUG] Accepted segment [6144:7168], variance=0.0415, QRS count=5
2025-10-08 17:29:06,746 [DEBUG] Accepted segment [6656:7680], variance=0.0433, QRS count=5
2025-10-08 17:29:06,751 [DEBUG] Accepted segment [7168:8192], variance=0.0412, QRS count=5
2025-10-08 17:29:06,757 [DEBUG] Accepted segment [7680:8704], variance=0.0387, QRS count=6
2025-10-08 17:29:06,762 [DEBUG] Accepted segment [8192:9216], variance=0.0424, QRS count=6
2025-10-08 17:29:06,767 [DEBUG] Accepted segment [8704:9728], variance=0.0459, QRS count=6
2025-10-08 17:29:06,772 [DEBUG] Accepted segment [9216:10240], variance=0.0427, QRS count=5
2025-10-08 17:29:06,777 [DEBUG] Accepted segment [9728:10752], variance=0.0465, QRS count=5
2025-10-08 17:29:06,782 [DEBUG] Accepted segment [10240:11264], variance=0.0452, QRS count=6
2025-10-08 17:29:06,787 [DEBUG] Accepted segment [10752:11776], variance=0.0496, QRS count=6
2025-10-08 17:29:06,792 [DEBUG] Accepted segment [11264:12288], variance=0.0525, QRS count=6
2025-10-08 17:29:06,797 [DEBUG] Accepted segment [11776:12800], variance=0.0397, QRS count=6
2025-10-08 17:29:06,802 [DEBUG] Accepted segment [12288:13312], variance=0.0377, QRS count=6
2025-10-08 17:29:06,808 [DEBUG] Accepted segment [12800:13824], variance=0.0388, QRS count=6
2025-10-08 17:29:06,814 [DEBUG] Accepted segment [13312:14336], variance=0.0378, QRS count=6
2025-10-08 17:29:06,819 [DEBUG] Accepted segment [13824:14848], variance=0.0385, QRS count=6
2025-10-08 17:29:06,824 [DEBUG] Accepted segment [14336:15360], variance=0.0398, QRS count=6
2025-10-08 17:29:06,829 [DEBUG] Accepted segment [14848:15872], variance=0.0393, QRS count=5
2025-10-08 17:29:06,834 [DEBUG] Accepted segment [15360:16384], variance=0.0346, QRS count=6
2025-10-08 17:29:06,840 [DEBUG] Accepted segment [15872:16896], variance=0.0356, QRS count=5
2025-10-08 17:29:06,845 [DEBUG] Accepted segment [16384:17408], variance=0.0412, QRS count=5
2025-10-08 17:29:06,850 [DEBUG] Accepted segment [16896:17920], variance=0.0429, QRS count=5
2025-10-08 17:29:06,856 [DEBUG] Accepted segment [17408:18432], variance=0.0438, QRS count=5
2025-10-08 17:29:06,861 [DEBUG] Accepted segment [17920:18944], variance=0.0445, QRS count=5
2025-10-08 17:29:06,866 [DEBUG] Accepted segment [18432:19456], variance=0.0446, QRS count=5
2025-10-08 17:29:06,871 [DEBUG] Accepted segment [18944:19968], variance=0.0441, QRS count=5
2025-10-08 17:29:06,876 [DEBUG] Accepted segment [19456:20480], variance=0.0441, QRS count=5
2025-10-08 17:29:06,881 [DEBUG] Accepted segment [19968:20992], variance=0.0429, QRS count=5
2025-10-08 17:29:06,886 [DEBUG] Accepted segment [20480:21504], variance=0.0406, QRS count=5
2025-10-08 17:29:06,891 [DEBUG] Accepted segment [20992:22016], variance=0.0402, QRS count=5
2025-10-08 17:29:06,896 [DEBUG] Accepted segment [21504:22528], variance=0.0406, QRS count=5
2025-10-08 17:29:06,900 [DEBUG] Accepted segment [22016:23040], variance=0.0405, QRS count=5
2025-10-08 17:29:06,905 [DEBUG] Accepted segment [22528:23552], variance=0.0406, QRS count=5
2025-10-08 17:29:06,910 [DEBUG] Accepted segment [23040:24064], variance=0.0412, QRS count=5
2025-10-08 17:29:06,915 [DEBUG] Accepted segment [23552:24576], variance=0.0423, QRS count=5
2025-10-08 17:29:06,920 [DEBUG] Accepted segment [24064:25088], variance=0.0420, QRS count=6
2025-10-08 17:29:06,925 [DEBUG] Accepted segment [24576:25600], variance=0.0412, QRS count=6
2025-10-08 17:29:06,930 [DEBUG] Accepted segment [25088:26112], variance=0.0412, QRS count=6
2025-10-08 17:29:06,935 [DEBUG] Accepted segment [25600:26624], variance=0.0407, QRS count=6
2025-10-08 17:29:06,940 [DEBUG] Accepted segment [26112:27136], variance=0.0394, QRS count=6
2025-10-08 17:29:06,945 [DEBUG] Accepted segment [26624:27648], variance=0.0471, QRS count=6
2025-10-08 17:29:06,951 [DEBUG] Accepted segment [27136:28160], variance=0.0493, QRS count=6
2025-10-08 17:29:06,956 [DEBUG] Accepted segment [27648:28672], variance=0.0420, QRS count=6
2025-10-08 17:29:06,961 [DEBUG] Accepted segment [28160:29184], variance=0.0394, QRS count=5
2025-10-08 17:29:06,966 [DEBUG] Accepted segment [28672:29696], variance=0.0345, QRS count=5
2025-10-08 17:29:06,971 [DEBUG] Accepted segment [29184:30208], variance=0.0353, QRS count=5
2025-10-08 17:29:06,975 [DEBUG] Accepted segment [29696:30720], variance=0.0395, QRS count=5
2025-10-08 17:29:06,980 [DEBUG] Accepted segment [30208:31232], variance=0.0400, QRS count=5
2025-10-08 17:29:06,985 [DEBUG] Accepted segment [30720:31744], variance=0.0419, QRS count=5
2025-10-08 17:29:06,989 [DEBUG] Accepted segment [31232:32256], variance=0.0425, QRS count=5
2025-10-08 17:29:06,994 [DEBUG] Accepted segment [31744:32768], variance=0.0409, QRS count=5
2025-10-08 17:29:06,999 [DEBUG] Accepted segment [32256:33280], variance=0.0398, QRS count=5
2025-10-08 17:29:07,004 [DEBUG] Accepted segment [32768:33792], variance=0.0410, QRS count=5
2025-10-08 17:29:07,008 [DEBUG] Accepted segment [33280:34304], variance=0.0416, QRS count=5
2025-10-08 17:29:07,013 [DEBUG] Accepted segment [33792:34816], variance=0.0405, QRS count=5
2025-10-08 17:29:07,018 [DEBUG] Accepted segment [34304:35328], variance=0.0395, QRS count=6
2025-10-08 17:29:07,023 [DEBUG] Accepted segment [34816:35840], variance=0.0397, QRS count=6
2025-10-08 17:29:07,029 [DEBUG] Accepted segment [35328:36352], variance=0.0419, QRS count=6
2025-10-08 17:29:07,034 [DEBUG] Accepted segment [35840:36864], variance=0.0427, QRS count=6
2025-10-08 17:29:07,039 [DEBUG] Accepted segment [36352:37376], variance=0.0419, QRS count=6
2025-10-08 17:29:07,044 [DEBUG] Accepted segment [36864:37888], variance=0.0411, QRS count=6
2025-10-08 17:29:07,048 [DEBUG] Accepted segment [37376:38400], variance=0.0402, QRS count=5
2025-10-08 17:29:07,053 [DEBUG] Accepted segment [37888:38912], variance=0.0358, QRS count=6
2025-10-08 17:29:07,058 [DEBUG] Accepted segment [38400:39424], variance=0.0363, QRS count=5
2025-10-08 17:29:07,064 [DEBUG] Accepted segment [38912:39936], variance=0.0418, QRS count=5
2025-10-08 17:29:07,069 [DEBUG] Accepted segment [39424:40448], variance=0.0436, QRS count=5
2025-10-08 17:29:07,073 [DEBUG] Accepted segment [39936:40960], variance=0.0433, QRS count=5
2025-10-08 17:29:07,078 [DEBUG] Accepted segment [40448:41472], variance=0.0420, QRS count=5
2025-10-08 17:29:07,082 [DEBUG] Accepted segment [40960:41984], variance=0.0409, QRS count=5
2025-10-08 17:29:07,087 [DEBUG] Accepted segment [41472:42496], variance=0.0399, QRS count=6
2025-10-08 17:29:07,091 [DEBUG] Accepted segment [41984:43008], variance=0.0410, QRS count=6
2025-10-08 17:29:07,096 [DEBUG] Accepted segment [42496:43520], variance=0.0423, QRS count=6
2025-10-08 17:29:07,101 [DEBUG] Accepted segment [43008:44032], variance=0.0413, QRS count=6
2025-10-08 17:29:07,105 [DEBUG] Accepted segment [43520:44544], variance=0.0393, QRS count=6
2025-10-08 17:29:07,110 [DEBUG] Accepted segment [44032:45056], variance=0.0401, QRS count=6
2025-10-08 17:29:07,115 [DEBUG] Accepted segment [44544:45568], variance=0.0421, QRS count=6
2025-10-08 17:29:07,120 [DEBUG] Accepted segment [45056:46080], variance=0.0420, QRS count=6
2025-10-08 17:29:07,124 [DEBUG] Accepted segment [45568:46592], variance=0.0406, QRS count=6
2025-10-08 17:29:07,129 [DEBUG] Accepted segment [46080:47104], variance=0.0402, QRS count=6
2025-10-08 17:29:07,133 [DEBUG] Accepted segment [46592:47616], variance=0.0409, QRS count=6
2025-10-08 17:29:07,138 [DEBUG] Accepted segment [47104:48128], variance=0.0409, QRS count=6
2025-10-08 17:29:07,143 [DEBUG] Accepted segment [47616:48640], variance=0.0406, QRS count=6
2025-10-08 17:29:07,148 [DEBUG] Accepted segment [48128:49152], variance=0.0408, QRS count=5
2025-10-08 17:29:07,153 [DEBUG] Accepted segment [48640:49664], variance=0.0422, QRS count=5
2025-10-08 17:29:07,158 [DEBUG] Accepted segment [49152:50176], variance=0.0407, QRS count=5
2025-10-08 17:29:07,162 [DEBUG] Accepted segment [49664:50688], variance=0.0342, QRS count=6
2025-10-08 17:29:07,167 [DEBUG] Accepted segment [50176:51200], variance=0.0361, QRS count=5
2025-10-08 17:29:07,171 [DEBUG] Accepted segment [50688:51712], variance=0.0422, QRS count=5
2025-10-08 17:29:07,176 [DEBUG] Accepted segment [51200:52224], variance=0.0421, QRS count=5
2025-10-08 17:29:07,180 [DEBUG] Accepted segment [51712:52736], variance=0.0413, QRS count=5
2025-10-08 17:29:07,185 [DEBUG] Accepted segment [52224:53248], variance=0.0424, QRS count=5
2025-10-08 17:29:07,190 [DEBUG] Accepted segment [52736:53760], variance=0.0428, QRS count=5
2025-10-08 17:29:07,195 [DEBUG] Accepted segment [53248:54272], variance=0.0407, QRS count=6
2025-10-08 17:29:07,200 [DEBUG] Accepted segment [53760:54784], variance=0.0401, QRS count=6
2025-10-08 17:29:07,204 [DEBUG] Accepted segment [54272:55296], variance=0.0403, QRS count=6
2025-10-08 17:29:07,209 [DEBUG] Accepted segment [54784:55808], variance=0.0409, QRS count=6
2025-10-08 17:29:07,213 [DEBUG] Accepted segment [55296:56320], variance=0.0409, QRS count=5
2025-10-08 17:29:07,218 [DEBUG] Accepted segment [55808:56832], variance=0.0340, QRS count=6
2025-10-08 17:29:07,223 [DEBUG] Accepted segment [56320:57344], variance=0.0343, QRS count=6
2025-10-08 17:29:07,227 [DEBUG] Accepted segment [56832:57856], variance=0.0403, QRS count=5
2025-10-08 17:29:07,232 [DEBUG] Accepted segment [57344:58368], variance=0.0385, QRS count=5
2025-10-08 17:29:07,237 [DEBUG] Accepted segment [57856:58880], variance=0.0381, QRS count=5
2025-10-08 17:29:07,242 [DEBUG] Accepted segment [58368:59392], variance=0.0402, QRS count=5
2025-10-08 17:29:07,246 [DEBUG] Accepted segment [58880:59904], variance=0.0411, QRS count=5
2025-10-08 17:29:07,251 [DEBUG] Accepted segment [59392:60416], variance=0.0399, QRS count=5
2025-10-08 17:29:07,255 [DEBUG] Accepted segment [59904:60928], variance=0.0400, QRS count=6
2025-10-08 17:29:07,260 [DEBUG] Accepted segment [60416:61440], variance=0.0408, QRS count=6
2025-10-08 17:29:07,264 [DEBUG] Accepted segment [60928:61952], variance=0.0404, QRS count=6
2025-10-08 17:29:07,269 [DEBUG] Accepted segment [61440:62464], variance=0.0402, QRS count=6
2025-10-08 17:29:07,273 [DEBUG] Accepted segment [61952:62976], variance=0.0393, QRS count=5
2025-10-08 17:29:07,278 [DEBUG] Accepted segment [62464:63488], variance=0.0352, QRS count=6
2025-10-08 17:29:07,283 [DEBUG] Accepted segment [62976:64000], variance=0.0403, QRS count=5
2025-10-08 17:29:07,287 [DEBUG] Accepted segment [63488:64512], variance=0.0450, QRS count=6
2025-10-08 17:29:07,292 [DEBUG] Accepted segment [64000:65024], variance=0.0414, QRS count=6
2025-10-08 17:29:07,296 [DEBUG] Accepted segment [64512:65536], variance=0.0425, QRS count=6
2025-10-08 17:29:07,300 [DEBUG] Accepted segment [65024:66048], variance=0.0414, QRS count=6
2025-10-08 17:29:07,305 [DEBUG] Accepted segment [65536:66560], variance=0.0358, QRS count=6
2025-10-08 17:29:07,310 [DEBUG] Accepted segment [66048:67072], variance=0.0355, QRS count=6
2025-10-08 17:29:07,315 [DEBUG] Accepted segment [66560:67584], variance=0.0398, QRS count=5
2025-10-08 17:29:07,320 [DEBUG] Accepted segment [67072:68096], variance=0.0410, QRS count=5
2025-10-08 17:29:07,325 [DEBUG] Accepted segment [67584:68608], variance=0.0393, QRS count=5
2025-10-08 17:29:07,329 [DEBUG] Accepted segment [68096:69120], variance=0.0400, QRS count=5
2025-10-08 17:29:07,334 [DEBUG] Accepted segment [68608:69632], variance=0.0419, QRS count=5
2025-10-08 17:29:07,338 [DEBUG] Accepted segment [69120:70144], variance=0.0409, QRS count=5
2025-10-08 17:29:07,343 [DEBUG] Accepted segment [69632:70656], variance=0.0407, QRS count=5
2025-10-08 17:29:07,348 [DEBUG] Accepted segment [70144:71168], variance=0.0428, QRS count=6
2025-10-08 17:29:07,353 [DEBUG] Accepted segment [70656:71680], variance=0.0434, QRS count=6
2025-10-08 17:29:07,358 [DEBUG] Accepted segment [71168:72192], variance=0.1024, QRS count=6
2025-10-08 17:29:07,363 [DEBUG] Accepted segment [71680:72704], variance=0.1012, QRS count=6
2025-10-08 17:29:07,367 [DEBUG] Accepted segment [72192:73216], variance=0.0421, QRS count=6
2025-10-08 17:29:07,372 [DEBUG] Accepted segment [72704:73728], variance=0.0443, QRS count=6
2025-10-08 17:29:07,376 [DEBUG] Accepted segment [73216:74240], variance=0.0363, QRS count=5
2025-10-08 17:29:07,381 [DEBUG] Accepted segment [73728:74752], variance=0.0346, QRS count=5
2025-10-08 17:29:07,386 [DEBUG] Accepted segment [74240:75264], variance=0.0419, QRS count=5
2025-10-08 17:29:07,391 [DEBUG] Accepted segment [74752:75776], variance=0.0424, QRS count=5
2025-10-08 17:29:07,395 [DEBUG] Accepted segment [75264:76288], variance=0.0417, QRS count=6
2025-10-08 17:29:07,400 [DEBUG] Accepted segment [75776:76800], variance=0.0351, QRS count=5
2025-10-08 17:29:07,404 [DEBUG] Accepted segment [76288:77312], variance=0.0362, QRS count=5
2025-10-08 17:29:07,409 [DEBUG] Accepted segment [76800:77824], variance=0.0426, QRS count=5
2025-10-08 17:29:07,413 [DEBUG] Accepted segment [77312:78336], variance=0.0413, QRS count=5
2025-10-08 17:29:07,417 [DEBUG] Accepted segment [77824:78848], variance=0.0425, QRS count=6
2025-10-08 17:29:07,421 [DEBUG] Accepted segment [78336:79360], variance=0.0376, QRS count=6
2025-10-08 17:29:07,426 [DEBUG] Accepted segment [78848:79872], variance=0.0357, QRS count=5
2025-10-08 17:29:07,430 [DEBUG] Accepted segment [79360:80384], variance=0.0419, QRS count=5
2025-10-08 17:29:07,434 [DEBUG] Accepted segment [79872:80896], variance=0.0437, QRS count=5
2025-10-08 17:29:07,438 [DEBUG] Accepted segment [80384:81408], variance=0.0438, QRS count=6
2025-10-08 17:29:07,443 [DEBUG] Accepted segment [80896:81920], variance=0.0365, QRS count=5
2025-10-08 17:29:07,447 [DEBUG] Accepted segment [81408:82432], variance=0.0377, QRS count=5
2025-10-08 17:29:07,451 [DEBUG] Accepted segment [81920:82944], variance=0.0453, QRS count=5
2025-10-08 17:29:07,455 [DEBUG] Accepted segment [82432:83456], variance=0.0444, QRS count=5
2025-10-08 17:29:07,459 [DEBUG] Accepted segment [82944:83968], variance=0.0439, QRS count=6
2025-10-08 17:29:07,464 [DEBUG] Accepted segment [83456:84480], variance=0.0381, QRS count=6
2025-10-08 17:29:07,468 [DEBUG] Accepted segment [83968:84992], variance=0.0375, QRS count=5
2025-10-08 17:29:07,472 [DEBUG] Accepted segment [84480:85504], variance=0.0438, QRS count=5
2025-10-08 17:29:07,476 [DEBUG] Accepted segment [84992:86016], variance=0.0450, QRS count=5
2025-10-08 17:29:07,480 [DEBUG] Accepted segment [85504:86528], variance=0.0438, QRS count=6
2025-10-08 17:29:07,484 [DEBUG] Accepted segment [86016:87040], variance=0.0395, QRS count=6
2025-10-08 17:29:07,489 [DEBUG] Accepted segment [86528:87552], variance=0.0371, QRS count=6
2025-10-08 17:29:07,493 [DEBUG] Accepted segment [87040:88064], variance=0.0333, QRS count=5
2025-10-08 17:29:07,498 [DEBUG] Accepted segment [87552:88576], variance=0.0367, QRS count=5
2025-10-08 17:29:07,502 [DEBUG] Accepted segment [88064:89088], variance=0.0441, QRS count=6
2025-10-08 17:29:07,507 [DEBUG] Accepted segment [88576:89600], variance=0.0408, QRS count=5
2025-10-08 17:29:07,511 [DEBUG] Accepted segment [89088:90112], variance=0.0355, QRS count=5
2025-10-08 17:29:07,516 [DEBUG] Accepted segment [89600:90624], variance=0.0369, QRS count=5
2025-10-08 17:29:07,520 [DEBUG] Accepted segment [90112:91136], variance=0.0406, QRS count=5
2025-10-08 17:29:07,524 [DEBUG] Accepted segment [90624:91648], variance=0.0398, QRS count=5
2025-10-08 17:29:07,529 [DEBUG] Accepted segment [91136:92160], variance=0.0410, QRS count=5
2025-10-08 17:29:07,533 [DEBUG] Accepted segment [91648:92672], variance=0.0432, QRS count=5
2025-10-08 17:29:07,537 [DEBUG] Accepted segment [92160:93184], variance=0.0428, QRS count=6
2025-10-08 17:29:07,542 [DEBUG] Accepted segment [92672:93696], variance=0.1231, QRS count=6
2025-10-08 17:29:07,546 [DEBUG] Accepted segment [93184:94208], variance=0.1247, QRS count=6
2025-10-08 17:29:07,551 [DEBUG] Accepted segment [93696:94720], variance=0.0461, QRS count=6
2025-10-08 17:29:07,556 [DEBUG] Accepted segment [94208:95232], variance=0.0474, QRS count=6
2025-10-08 17:29:07,560 [DEBUG] Accepted segment [94720:95744], variance=0.0470, QRS count=6
2025-10-08 17:29:07,564 [DEBUG] Accepted segment [95232:96256], variance=0.0389, QRS count=5
2025-10-08 17:29:07,569 [DEBUG] Accepted segment [95744:96768], variance=0.0370, QRS count=5
2025-10-08 17:29:07,573 [DEBUG] Accepted segment [96256:97280], variance=0.0435, QRS count=5
2025-10-08 17:29:07,578 [DEBUG] Accepted segment [96768:97792], variance=0.0446, QRS count=6
2025-10-08 17:29:07,582 [DEBUG] Accepted segment [97280:98304], variance=0.0436, QRS count=5
2025-10-08 17:29:07,586 [DEBUG] Accepted segment [97792:98816], variance=0.0419, QRS count=5
2025-10-08 17:29:07,591 [DEBUG] Accepted segment [98304:99328], variance=0.0424, QRS count=5
2025-10-08 17:29:07,595 [DEBUG] Accepted segment [98816:99840], variance=0.0469, QRS count=5
2025-10-08 17:29:07,599 [DEBUG] Accepted segment [99328:100352], variance=0.0437, QRS count=5
2025-10-08 17:29:07,603 [DEBUG] Accepted segment [99840:100864], variance=0.0338, QRS count=6
2025-10-08 17:29:07,607 [DEBUG] Accepted segment [100352:101376], variance=0.0349, QRS count=6
2025-10-08 17:29:07,611 [DEBUG] Accepted segment [100864:101888], variance=0.0390, QRS count=5
2025-10-08 17:29:07,616 [DEBUG] Accepted segment [101376:102400], variance=0.0407, QRS count=5
2025-10-08 17:29:07,620 [DEBUG] Accepted segment [101888:102912], variance=0.0429, QRS count=5
2025-10-08 17:29:07,624 [DEBUG] Accepted segment [102400:103424], variance=0.0422, QRS count=5
2025-10-08 17:29:07,629 [DEBUG] Accepted segment [102912:103936], variance=0.0401, QRS count=6
2025-10-08 17:29:07,633 [DEBUG] Accepted segment [103424:104448], variance=0.0405, QRS count=6
2025-10-08 17:29:07,637 [DEBUG] Accepted segment [103936:104960], variance=0.0415, QRS count=6
2025-10-08 17:29:07,641 [DEBUG] Accepted segment [104448:105472], variance=0.0408, QRS count=6
2025-10-08 17:29:07,646 [DEBUG] Accepted segment [104960:105984], variance=0.0404, QRS count=6
2025-10-08 17:29:07,646 [DEBUG] Skipping segment [105472:106496] due to overlap with noise [106400:107000]
2025-10-08 17:29:07,646 [DEBUG] Skipping segment [105984:107008] due to overlap with noise [106400:107000]
2025-10-08 17:29:07,646 [DEBUG] Skipping segment [106496:107520] due to overlap with noise [106400:107000]
2025-10-08 17:29:07,650 [DEBUG] Accepted segment [107008:108032], variance=0.0702, QRS count=6
2025-10-08 17:29:07,655 [DEBUG] Accepted segment [107520:108544], variance=0.0616, QRS count=6
2025-10-08 17:29:07,660 [DEBUG] Accepted segment [108032:109056], variance=0.0688, QRS count=7
2025-10-08 17:29:07,664 [DEBUG] Accepted segment [108544:109568], variance=0.0644, QRS count=6
2025-10-08 17:29:07,669 [DEBUG] Accepted segment [109056:110080], variance=0.0488, QRS count=6
2025-10-08 17:29:07,673 [DEBUG] Accepted segment [109568:110592], variance=0.0477, QRS count=6
2025-10-08 17:29:07,678 [DEBUG] Accepted segment [110080:111104], variance=0.0440, QRS count=6
2025-10-08 17:29:07,682 [DEBUG] Accepted segment [110592:111616], variance=0.0451, QRS count=7
2025-10-08 17:29:07,686 [DEBUG] Accepted segment [111104:112128], variance=0.0552, QRS count=6
2025-10-08 17:29:07,691 [DEBUG] Accepted segment [111616:112640], variance=0.0556, QRS count=6
2025-10-08 17:29:07,695 [DEBUG] Accepted segment [112128:113152], variance=0.0543, QRS count=6
2025-10-08 17:29:07,700 [DEBUG] Accepted segment [112640:113664], variance=0.0555, QRS count=6
2025-10-08 17:29:07,704 [DEBUG] Accepted segment [113152:114176], variance=0.0560, QRS count=5
2025-10-08 17:29:07,709 [DEBUG] Accepted segment [113664:114688], variance=0.0558, QRS count=5
2025-10-08 17:29:07,713 [DEBUG] Accepted segment [114176:115200], variance=0.0667, QRS count=5
2025-10-08 17:29:07,718 [DEBUG] Accepted segment [114688:115712], variance=0.0741, QRS count=6
2025-10-08 17:29:07,722 [DEBUG] Accepted segment [115200:116224], variance=0.0637, QRS count=6
2025-10-08 17:29:07,727 [DEBUG] Accepted segment [115712:116736], variance=0.0559, QRS count=6
2025-10-08 17:29:07,732 [DEBUG] Accepted segment [116224:117248], variance=0.0528, QRS count=6
2025-10-08 17:29:07,736 [DEBUG] Accepted segment [116736:117760], variance=0.0522, QRS count=5
2025-10-08 17:29:07,741 [DEBUG] Accepted segment [117248:118272], variance=0.0472, QRS count=6
2025-10-08 17:29:07,748 [DEBUG] Accepted segment [117760:118784], variance=0.0471, QRS count=5
2025-10-08 17:29:07,754 [DEBUG] Accepted segment [118272:119296], variance=0.0569, QRS count=5
2025-10-08 17:29:07,759 [DEBUG] Accepted segment [118784:119808], variance=0.0603, QRS count=5
2025-10-08 17:29:07,763 [DEBUG] Accepted segment [119296:120320], variance=0.0607, QRS count=5
2025-10-08 17:29:07,768 [DEBUG] Accepted segment [119808:120832], variance=0.0601, QRS count=6
2025-10-08 17:29:07,773 [DEBUG] Accepted segment [120320:121344], variance=0.0600, QRS count=6
2025-10-08 17:29:07,778 [DEBUG] Accepted segment [120832:121856], variance=0.0599, QRS count=6
2025-10-08 17:29:07,783 [DEBUG] Accepted segment [121344:122368], variance=0.0489, QRS count=5
2025-10-08 17:29:07,787 [DEBUG] Accepted segment [121856:122880], variance=0.0471, QRS count=5
2025-10-08 17:29:07,792 [DEBUG] Accepted segment [122368:123392], variance=0.0592, QRS count=5
2025-10-08 17:29:07,797 [DEBUG] Accepted segment [122880:123904], variance=0.0606, QRS count=5
2025-10-08 17:29:07,802 [DEBUG] Accepted segment [123392:124416], variance=0.0582, QRS count=5
2025-10-08 17:29:07,808 [DEBUG] Accepted segment [123904:124928], variance=0.0582, QRS count=6
2025-10-08 17:29:07,814 [DEBUG] Accepted segment [124416:125440], variance=0.0592, QRS count=6
2025-10-08 17:29:07,821 [DEBUG] Accepted segment [124928:125952], variance=0.0585, QRS count=5
2025-10-08 17:29:07,826 [DEBUG] Accepted segment [125440:126464], variance=0.0485, QRS count=5
2025-10-08 17:29:07,831 [DEBUG] Accepted segment [125952:126976], variance=0.0503, QRS count=5
2025-10-08 17:29:07,837 [DEBUG] Accepted segment [126464:127488], variance=0.0614, QRS count=5
2025-10-08 17:29:07,845 [DEBUG] Accepted segment [126976:128000], variance=0.0608, QRS count=5
2025-10-08 17:29:07,846 [INFO] Segmented signal of length 128000 into 246 valid segments
2025-10-08 17:29:08,294 [DEBUG] Accepted segment [0:1024], variance=0.0489, QRS count=5
2025-10-08 17:29:08,299 [DEBUG] Accepted segment [512:1536], variance=0.0602, QRS count=5
2025-10-08 17:29:08,303 [DEBUG] Accepted segment [1024:2048], variance=0.0717, QRS count=5
2025-10-08 17:29:08,307 [DEBUG] Accepted segment [1536:2560], variance=0.0797, QRS count=6
2025-10-08 17:29:08,312 [DEBUG] Accepted segment [2048:3072], variance=0.0709, QRS count=6
2025-10-08 17:29:08,317 [DEBUG] Accepted segment [2560:3584], variance=0.0522, QRS count=5
2025-10-08 17:29:08,321 [DEBUG] Accepted segment [3072:4096], variance=0.0484, QRS count=5
2025-10-08 17:29:08,326 [DEBUG] Accepted segment [3584:4608], variance=0.0533, QRS count=5
2025-10-08 17:29:08,330 [DEBUG] Accepted segment [4096:5120], variance=0.0519, QRS count=6
2025-10-08 17:29:08,335 [DEBUG] Accepted segment [4608:5632], variance=0.0539, QRS count=6
2025-10-08 17:29:08,339 [DEBUG] Accepted segment [5120:6144], variance=0.0559, QRS count=5
2025-10-08 17:29:08,344 [DEBUG] Accepted segment [5632:6656], variance=0.0539, QRS count=5
2025-10-08 17:29:08,348 [DEBUG] Accepted segment [6144:7168], variance=0.0528, QRS count=5
2025-10-08 17:29:08,353 [DEBUG] Accepted segment [6656:7680], variance=0.0470, QRS count=5
2025-10-08 17:29:08,358 [DEBUG] Accepted segment [7168:8192], variance=0.0480, QRS count=5
2025-10-08 17:29:08,364 [DEBUG] Accepted segment [7680:8704], variance=0.0566, QRS count=5
2025-10-08 17:29:08,369 [DEBUG] Accepted segment [8192:9216], variance=0.0601, QRS count=5
2025-10-08 17:29:08,373 [DEBUG] Accepted segment [8704:9728], variance=0.0621, QRS count=6
2025-10-08 17:29:08,378 [DEBUG] Accepted segment [9216:10240], variance=0.0520, QRS count=5
2025-10-08 17:29:08,383 [DEBUG] Accepted segment [9728:10752], variance=0.0495, QRS count=5
2025-10-08 17:29:08,388 [DEBUG] Accepted segment [10240:11264], variance=0.0569, QRS count=5
2025-10-08 17:29:08,393 [DEBUG] Accepted segment [10752:11776], variance=0.0581, QRS count=5
2025-10-08 17:29:08,397 [DEBUG] Accepted segment [11264:12288], variance=0.0586, QRS count=6
2025-10-08 17:29:08,402 [DEBUG] Accepted segment [11776:12800], variance=0.0491, QRS count=6
2025-10-08 17:29:08,406 [DEBUG] Accepted segment [12288:13312], variance=0.0499, QRS count=5
2025-10-08 17:29:08,411 [DEBUG] Accepted segment [12800:13824], variance=0.0607, QRS count=5
2025-10-08 17:29:08,416 [DEBUG] Accepted segment [13312:14336], variance=0.0595, QRS count=5
2025-10-08 17:29:08,421 [DEBUG] Accepted segment [13824:14848], variance=0.0566, QRS count=6
2025-10-08 17:29:08,426 [DEBUG] Accepted segment [14336:15360], variance=0.0585, QRS count=6
2025-10-08 17:29:08,430 [DEBUG] Accepted segment [14848:15872], variance=0.0575, QRS count=6
2025-10-08 17:29:08,435 [DEBUG] Accepted segment [15360:16384], variance=0.0520, QRS count=5
2025-10-08 17:29:08,439 [DEBUG] Accepted segment [15872:16896], variance=0.0511, QRS count=5
2025-10-08 17:29:08,444 [DEBUG] Accepted segment [16384:17408], variance=0.0506, QRS count=5
2025-10-08 17:29:08,448 [DEBUG] Accepted segment [16896:17920], variance=0.0476, QRS count=5
2025-10-08 17:29:08,453 [DEBUG] Accepted segment [17408:18432], variance=0.0447, QRS count=5
2025-10-08 17:29:08,458 [DEBUG] Accepted segment [17920:18944], variance=0.0474, QRS count=6
2025-10-08 17:29:08,463 [DEBUG] Accepted segment [18432:19456], variance=0.0513, QRS count=6
2025-10-08 17:29:08,468 [DEBUG] Accepted segment [18944:19968], variance=0.0520, QRS count=5
2025-10-08 17:29:08,473 [DEBUG] Accepted segment [19456:20480], variance=0.0518, QRS count=5
2025-10-08 17:29:08,478 [DEBUG] Accepted segment [19968:20992], variance=0.0535, QRS count=5
2025-10-08 17:29:08,484 [DEBUG] Accepted segment [20480:21504], variance=0.0570, QRS count=5
2025-10-08 17:29:08,489 [DEBUG] Accepted segment [20992:22016], variance=0.0584, QRS count=5
2025-10-08 17:29:08,493 [DEBUG] Accepted segment [21504:22528], variance=0.0589, QRS count=5
2025-10-08 17:29:08,498 [DEBUG] Accepted segment [22016:23040], variance=0.0598, QRS count=6
2025-10-08 17:29:08,503 [DEBUG] Accepted segment [22528:23552], variance=0.0604, QRS count=6
2025-10-08 17:29:08,507 [DEBUG] Accepted segment [23040:24064], variance=0.0594, QRS count=5
2025-10-08 17:29:08,512 [DEBUG] Accepted segment [23552:24576], variance=0.0598, QRS count=6
2025-10-08 17:29:08,516 [DEBUG] Accepted segment [24064:25088], variance=0.0620, QRS count=6
2025-10-08 17:29:08,521 [DEBUG] Accepted segment [24576:25600], variance=0.1251, QRS count=6
2025-10-08 17:29:08,526 [DEBUG] Accepted segment [25088:26112], variance=0.1270, QRS count=6
2025-10-08 17:29:08,531 [DEBUG] Accepted segment [25600:26624], variance=0.0756, QRS count=6
2025-10-08 17:29:08,538 [DEBUG] Accepted segment [26112:27136], variance=0.0709, QRS count=6
2025-10-08 17:29:08,543 [DEBUG] Accepted segment [26624:27648], variance=0.0589, QRS count=6
2025-10-08 17:29:08,548 [DEBUG] Accepted segment [27136:28160], variance=0.0584, QRS count=6
2025-10-08 17:29:08,553 [DEBUG] Accepted segment [27648:28672], variance=0.0565, QRS count=6
2025-10-08 17:29:08,557 [DEBUG] Accepted segment [28160:29184], variance=0.0559, QRS count=6
2025-10-08 17:29:08,562 [DEBUG] Accepted segment [28672:29696], variance=0.0563, QRS count=6
2025-10-08 17:29:08,566 [DEBUG] Accepted segment [29184:30208], variance=0.0540, QRS count=6
2025-10-08 17:29:08,571 [DEBUG] Accepted segment [29696:30720], variance=0.0480, QRS count=6
2025-10-08 17:29:08,576 [DEBUG] Accepted segment [30208:31232], variance=0.0466, QRS count=5
2025-10-08 17:29:08,580 [DEBUG] Accepted segment [30720:31744], variance=0.0484, QRS count=5
2025-10-08 17:29:08,585 [DEBUG] Accepted segment [31232:32256], variance=0.0523, QRS count=6
2025-10-08 17:29:08,590 [DEBUG] Accepted segment [31744:32768], variance=0.0579, QRS count=6
2025-10-08 17:29:08,594 [DEBUG] Accepted segment [32256:33280], variance=0.0605, QRS count=5
2025-10-08 17:29:08,598 [DEBUG] Accepted segment [32768:33792], variance=0.0593, QRS count=5
2025-10-08 17:29:08,603 [DEBUG] Accepted segment [33280:34304], variance=0.0577, QRS count=5
2025-10-08 17:29:08,607 [DEBUG] Accepted segment [33792:34816], variance=0.0579, QRS count=6
2025-10-08 17:29:08,612 [DEBUG] Accepted segment [34304:35328], variance=0.0569, QRS count=6
2025-10-08 17:29:08,616 [DEBUG] Accepted segment [34816:35840], variance=0.0569, QRS count=6
2025-10-08 17:29:08,620 [DEBUG] Accepted segment [35328:36352], variance=0.0586, QRS count=6
2025-10-08 17:29:08,625 [DEBUG] Accepted segment [35840:36864], variance=0.0496, QRS count=6
2025-10-08 17:29:08,629 [DEBUG] Accepted segment [36352:37376], variance=0.0498, QRS count=5
2025-10-08 17:29:08,634 [DEBUG] Accepted segment [36864:37888], variance=0.0598, QRS count=5
2025-10-08 17:29:08,638 [DEBUG] Accepted segment [37376:38400], variance=0.0608, QRS count=5
2025-10-08 17:29:08,642 [DEBUG] Accepted segment [37888:38912], variance=0.0619, QRS count=5
2025-10-08 17:29:08,646 [DEBUG] Accepted segment [38400:39424], variance=0.0603, QRS count=6
2025-10-08 17:29:08,650 [DEBUG] Accepted segment [38912:39936], variance=0.0589, QRS count=6
2025-10-08 17:29:08,655 [DEBUG] Accepted segment [39424:40448], variance=0.0607, QRS count=6
2025-10-08 17:29:08,659 [DEBUG] Accepted segment [39936:40960], variance=0.0523, QRS count=6
2025-10-08 17:29:08,663 [DEBUG] Accepted segment [40448:41472], variance=0.0519, QRS count=5
2025-10-08 17:29:08,667 [DEBUG] Accepted segment [40960:41984], variance=0.0605, QRS count=5
2025-10-08 17:29:08,671 [DEBUG] Accepted segment [41472:42496], variance=0.0594, QRS count=5
2025-10-08 17:29:08,675 [DEBUG] Accepted segment [41984:43008], variance=0.0573, QRS count=6
2025-10-08 17:29:08,679 [DEBUG] Accepted segment [42496:43520], variance=0.0570, QRS count=6
2025-10-08 17:29:08,683 [DEBUG] Accepted segment [43008:44032], variance=0.0501, QRS count=5
2025-10-08 17:29:08,688 [DEBUG] Accepted segment [43520:44544], variance=0.0484, QRS count=5
2025-10-08 17:29:08,692 [DEBUG] Accepted segment [44032:45056], variance=0.0558, QRS count=5
2025-10-08 17:29:08,697 [DEBUG] Accepted segment [44544:45568], variance=0.0570, QRS count=5
2025-10-08 17:29:08,701 [DEBUG] Accepted segment [45056:46080], variance=0.0533, QRS count=5
2025-10-08 17:29:08,706 [DEBUG] Accepted segment [45568:46592], variance=0.0483, QRS count=6
2025-10-08 17:29:08,710 [DEBUG] Accepted segment [46080:47104], variance=0.0507, QRS count=6
2025-10-08 17:29:08,715 [DEBUG] Accepted segment [46592:47616], variance=0.0576, QRS count=6
2025-10-08 17:29:08,719 [DEBUG] Accepted segment [47104:48128], variance=0.0606, QRS count=6
2025-10-08 17:29:08,723 [DEBUG] Accepted segment [47616:48640], variance=0.0595, QRS count=6
2025-10-08 17:29:08,728 [DEBUG] Accepted segment [48128:49152], variance=0.0510, QRS count=6
2025-10-08 17:29:08,733 [DEBUG] Accepted segment [48640:49664], variance=0.0516, QRS count=5
2025-10-08 17:29:08,737 [DEBUG] Accepted segment [49152:50176], variance=0.0585, QRS count=5
2025-10-08 17:29:08,742 [DEBUG] Accepted segment [49664:50688], variance=0.0584, QRS count=5
2025-10-08 17:29:08,746 [DEBUG] Accepted segment [50176:51200], variance=0.0589, QRS count=6
2025-10-08 17:29:08,750 [DEBUG] Accepted segment [50688:51712], variance=0.0584, QRS count=6
2025-10-08 17:29:08,754 [DEBUG] Accepted segment [51200:52224], variance=0.0501, QRS count=5
2025-10-08 17:29:08,759 [DEBUG] Accepted segment [51712:52736], variance=0.0509, QRS count=5
2025-10-08 17:29:08,763 [DEBUG] Accepted segment [52224:53248], variance=0.0593, QRS count=5
2025-10-08 17:29:08,767 [DEBUG] Accepted segment [52736:53760], variance=0.0583, QRS count=6
2025-10-08 17:29:08,771 [DEBUG] Accepted segment [53248:54272], variance=0.0595, QRS count=5
2025-10-08 17:29:08,775 [DEBUG] Accepted segment [53760:54784], variance=0.0531, QRS count=5
2025-10-08 17:29:08,780 [DEBUG] Accepted segment [54272:55296], variance=0.0531, QRS count=5
2025-10-08 17:29:08,784 [DEBUG] Accepted segment [54784:55808], variance=0.0593, QRS count=5
2025-10-08 17:29:08,788 [DEBUG] Accepted segment [55296:56320], variance=0.0602, QRS count=5
2025-10-08 17:29:08,792 [DEBUG] Accepted segment [55808:56832], variance=0.0621, QRS count=5
2025-10-08 17:29:08,797 [DEBUG] Accepted segment [56320:57344], variance=0.0596, QRS count=5
2025-10-08 17:29:08,801 [DEBUG] Accepted segment [56832:57856], variance=0.0563, QRS count=6
2025-10-08 17:29:08,805 [DEBUG] Accepted segment [57344:58368], variance=0.0567, QRS count=6
2025-10-08 17:29:08,810 [DEBUG] Accepted segment [57856:58880], variance=0.0583, QRS count=5
2025-10-08 17:29:08,814 [DEBUG] Accepted segment [58368:59392], variance=0.0492, QRS count=5
2025-10-08 17:29:08,818 [DEBUG] Accepted segment [58880:59904], variance=0.0492, QRS count=5
2025-10-08 17:29:08,822 [DEBUG] Accepted segment [59392:60416], variance=0.0592, QRS count=5
2025-10-08 17:29:08,827 [DEBUG] Accepted segment [59904:60928], variance=0.0586, QRS count=5
2025-10-08 17:29:08,831 [DEBUG] Accepted segment [60416:61440], variance=0.0579, QRS count=6
2025-10-08 17:29:08,835 [DEBUG] Accepted segment [60928:61952], variance=0.0584, QRS count=6
2025-10-08 17:29:08,839 [DEBUG] Accepted segment [61440:62464], variance=0.0588, QRS count=5
2025-10-08 17:29:08,844 [DEBUG] Accepted segment [61952:62976], variance=0.0565, QRS count=5
2025-10-08 17:29:08,848 [DEBUG] Accepted segment [62464:63488], variance=0.0485, QRS count=6
2025-10-08 17:29:08,853 [DEBUG] Accepted segment [62976:64000], variance=0.0508, QRS count=5
2025-10-08 17:29:08,857 [DEBUG] Accepted segment [63488:64512], variance=0.0608, QRS count=5
2025-10-08 17:29:08,862 [DEBUG] Accepted segment [64000:65024], variance=0.0619, QRS count=5
2025-10-08 17:29:08,866 [DEBUG] Accepted segment [64512:65536], variance=0.0587, QRS count=5
2025-10-08 17:29:08,872 [DEBUG] Accepted segment [65024:66048], variance=0.0603, QRS count=5
2025-10-08 17:29:08,876 [DEBUG] Accepted segment [65536:66560], variance=0.0623, QRS count=5
2025-10-08 17:29:08,881 [DEBUG] Accepted segment [66048:67072], variance=0.0612, QRS count=5
2025-10-08 17:29:08,885 [DEBUG] Accepted segment [66560:67584], variance=0.0614, QRS count=6
2025-10-08 17:29:08,890 [DEBUG] Accepted segment [67072:68096], variance=0.0627, QRS count=6
2025-10-08 17:29:08,895 [DEBUG] Accepted segment [67584:68608], variance=0.0535, QRS count=5
2025-10-08 17:29:08,900 [DEBUG] Accepted segment [68096:69120], variance=0.0529, QRS count=5
2025-10-08 17:29:08,904 [DEBUG] Accepted segment [68608:69632], variance=0.0620, QRS count=5
2025-10-08 17:29:08,909 [DEBUG] Accepted segment [69120:70144], variance=0.0512, QRS count=6
2025-10-08 17:29:08,914 [DEBUG] Accepted segment [69632:70656], variance=0.0508, QRS count=5
2025-10-08 17:29:08,918 [DEBUG] Accepted segment [70144:71168], variance=0.0623, QRS count=5
2025-10-08 17:29:08,923 [DEBUG] Accepted segment [70656:71680], variance=0.0649, QRS count=5
2025-10-08 17:29:08,928 [DEBUG] Accepted segment [71168:72192], variance=0.0649, QRS count=6
2025-10-08 17:29:08,932 [DEBUG] Accepted segment [71680:72704], variance=0.0643, QRS count=6
2025-10-08 17:29:08,937 [DEBUG] Accepted segment [72192:73216], variance=0.0546, QRS count=6
2025-10-08 17:29:08,941 [DEBUG] Accepted segment [72704:73728], variance=0.0550, QRS count=5
2025-10-08 17:29:08,946 [DEBUG] Accepted segment [73216:74240], variance=0.0646, QRS count=5
2025-10-08 17:29:08,950 [DEBUG] Accepted segment [73728:74752], variance=0.0630, QRS count=5
2025-10-08 17:29:08,954 [DEBUG] Accepted segment [74240:75264], variance=0.0623, QRS count=6
2025-10-08 17:29:08,959 [DEBUG] Accepted segment [74752:75776], variance=0.0621, QRS count=6
2025-10-08 17:29:08,963 [DEBUG] Accepted segment [75264:76288], variance=0.0509, QRS count=6
2025-10-08 17:29:08,967 [DEBUG] Accepted segment [75776:76800], variance=0.0518, QRS count=5
2025-10-08 17:29:08,971 [DEBUG] Accepted segment [76288:77312], variance=0.0641, QRS count=5
2025-10-08 17:29:08,976 [DEBUG] Accepted segment [76800:77824], variance=0.0659, QRS count=5
2025-10-08 17:29:08,980 [DEBUG] Accepted segment [77312:78336], variance=0.0647, QRS count=6
2025-10-08 17:29:08,985 [DEBUG] Accepted segment [77824:78848], variance=0.0543, QRS count=5
2025-10-08 17:29:08,990 [DEBUG] Accepted segment [78336:79360], variance=0.0534, QRS count=5
2025-10-08 17:29:08,995 [DEBUG] Accepted segment [78848:79872], variance=0.0600, QRS count=5
2025-10-08 17:29:09,000 [DEBUG] Accepted segment [79360:80384], variance=0.0605, QRS count=6
2025-10-08 17:29:09,004 [DEBUG] Accepted segment [79872:80896], variance=0.0530, QRS count=5
2025-10-08 17:29:09,009 [DEBUG] Accepted segment [80384:81408], variance=0.0525, QRS count=5
2025-10-08 17:29:09,014 [DEBUG] Accepted segment [80896:81920], variance=0.0614, QRS count=5
2025-10-08 17:29:09,019 [DEBUG] Accepted segment [81408:82432], variance=0.0623, QRS count=6
2025-10-08 17:29:09,024 [DEBUG] Accepted segment [81920:82944], variance=0.0606, QRS count=5
2025-10-08 17:29:09,029 [DEBUG] Accepted segment [82432:83456], variance=0.0508, QRS count=5
2025-10-08 17:29:09,034 [DEBUG] Accepted segment [82944:83968], variance=0.0525, QRS count=5
2025-10-08 17:29:09,038 [DEBUG] Accepted segment [83456:84480], variance=0.0618, QRS count=5
2025-10-08 17:29:09,043 [DEBUG] Accepted segment [83968:84992], variance=0.0601, QRS count=5
2025-10-08 17:29:09,048 [DEBUG] Accepted segment [84480:85504], variance=0.0589, QRS count=5
2025-10-08 17:29:09,052 [DEBUG] Accepted segment [84992:86016], variance=0.0579, QRS count=6
2025-10-08 17:29:09,057 [DEBUG] Accepted segment [85504:86528], variance=0.0604, QRS count=6
2025-10-08 17:29:09,061 [DEBUG] Accepted segment [86016:87040], variance=0.0538, QRS count=5
2025-10-08 17:29:09,066 [DEBUG] Accepted segment [86528:87552], variance=0.0515, QRS count=5
2025-10-08 17:29:09,070 [DEBUG] Accepted segment [87040:88064], variance=0.0609, QRS count=5
2025-10-08 17:29:09,075 [DEBUG] Accepted segment [87552:88576], variance=0.0617, QRS count=5
2025-10-08 17:29:09,080 [DEBUG] Accepted segment [88064:89088], variance=0.0498, QRS count=5
2025-10-08 17:29:09,085 [DEBUG] Accepted segment [88576:89600], variance=0.0489, QRS count=5
2025-10-08 17:29:09,089 [DEBUG] Accepted segment [89088:90112], variance=0.0603, QRS count=5
2025-10-08 17:29:09,094 [DEBUG] Accepted segment [89600:90624], variance=0.0612, QRS count=6
2025-10-08 17:29:09,099 [DEBUG] Accepted segment [90112:91136], variance=0.0612, QRS count=6
2025-10-08 17:29:09,104 [DEBUG] Accepted segment [90624:91648], variance=0.0535, QRS count=5
2025-10-08 17:29:09,108 [DEBUG] Accepted segment [91136:92160], variance=0.0552, QRS count=5
2025-10-08 17:29:09,113 [DEBUG] Accepted segment [91648:92672], variance=0.0635, QRS count=5
2025-10-08 17:29:09,117 [DEBUG] Accepted segment [92160:93184], variance=0.0609, QRS count=5
2025-10-08 17:29:09,122 [DEBUG] Accepted segment [92672:93696], variance=0.0534, QRS count=6
2025-10-08 17:29:09,126 [DEBUG] Accepted segment [93184:94208], variance=0.0553, QRS count=5
2025-10-08 17:29:09,130 [DEBUG] Accepted segment [93696:94720], variance=0.0625, QRS count=5
2025-10-08 17:29:09,135 [DEBUG] Accepted segment [94208:95232], variance=0.0619, QRS count=5
2025-10-08 17:29:09,139 [DEBUG] Accepted segment [94720:95744], variance=0.0629, QRS count=6
2025-10-08 17:29:09,145 [DEBUG] Accepted segment [95232:96256], variance=0.0528, QRS count=5
2025-10-08 17:29:09,150 [DEBUG] Accepted segment [95744:96768], variance=0.0525, QRS count=5
2025-10-08 17:29:09,154 [DEBUG] Accepted segment [96256:97280], variance=0.0625, QRS count=5
2025-10-08 17:29:09,159 [DEBUG] Accepted segment [96768:97792], variance=0.0602, QRS count=6
2025-10-08 17:29:09,164 [DEBUG] Accepted segment [97280:98304], variance=0.0574, QRS count=6
2025-10-08 17:29:09,168 [DEBUG] Accepted segment [97792:98816], variance=0.0569, QRS count=6
2025-10-08 17:29:09,174 [DEBUG] Accepted segment [98304:99328], variance=0.0501, QRS count=6
2025-10-08 17:29:09,178 [DEBUG] Accepted segment [98816:99840], variance=0.0510, QRS count=5
2025-10-08 17:29:09,183 [DEBUG] Accepted segment [99328:100352], variance=0.0579, QRS count=5
2025-10-08 17:29:09,187 [DEBUG] Accepted segment [99840:100864], variance=0.0583, QRS count=5
2025-10-08 17:29:09,192 [DEBUG] Accepted segment [100352:101376], variance=0.0604, QRS count=5
2025-10-08 17:29:09,196 [DEBUG] Accepted segment [100864:101888], variance=0.0593, QRS count=6
2025-10-08 17:29:09,201 [DEBUG] Accepted segment [101376:102400], variance=0.0568, QRS count=6
2025-10-08 17:29:09,205 [DEBUG] Accepted segment [101888:102912], variance=0.0552, QRS count=6
2025-10-08 17:29:09,210 [DEBUG] Accepted segment [102400:103424], variance=0.0554, QRS count=6
2025-10-08 17:29:09,215 [DEBUG] Accepted segment [102912:103936], variance=0.0574, QRS count=6
2025-10-08 17:29:09,219 [DEBUG] Accepted segment [103424:104448], variance=0.0576, QRS count=5
2025-10-08 17:29:09,224 [DEBUG] Accepted segment [103936:104960], variance=0.0472, QRS count=6
2025-10-08 17:29:09,228 [DEBUG] Accepted segment [104448:105472], variance=0.0462, QRS count=5
2025-10-08 17:29:09,233 [DEBUG] Accepted segment [104960:105984], variance=0.0554, QRS count=5
2025-10-08 17:29:09,237 [DEBUG] Accepted segment [105472:106496], variance=0.0562, QRS count=5
2025-10-08 17:29:09,242 [DEBUG] Accepted segment [105984:107008], variance=0.0543, QRS count=5
2025-10-08 17:29:09,246 [DEBUG] Accepted segment [106496:107520], variance=0.0518, QRS count=5
2025-10-08 17:29:09,250 [DEBUG] Accepted segment [107008:108032], variance=0.0523, QRS count=5
2025-10-08 17:29:09,255 [DEBUG] Accepted segment [107520:108544], variance=0.0539, QRS count=5
2025-10-08 17:29:09,259 [DEBUG] Accepted segment [108032:109056], variance=0.0543, QRS count=5
2025-10-08 17:29:09,264 [DEBUG] Accepted segment [108544:109568], variance=0.0531, QRS count=6
2025-10-08 17:29:09,268 [DEBUG] Accepted segment [109056:110080], variance=0.0515, QRS count=6
2025-10-08 17:29:09,272 [DEBUG] Accepted segment [109568:110592], variance=0.0521, QRS count=6
2025-10-08 17:29:09,277 [DEBUG] Accepted segment [110080:111104], variance=0.1279, QRS count=6
2025-10-08 17:29:09,282 [DEBUG] Accepted segment [110592:111616], variance=0.1293, QRS count=5
2025-10-08 17:29:09,286 [DEBUG] Accepted segment [111104:112128], variance=0.0552, QRS count=6
2025-10-08 17:29:09,291 [DEBUG] Accepted segment [111616:112640], variance=0.0537, QRS count=6
2025-10-08 17:29:09,295 [DEBUG] Accepted segment [112128:113152], variance=0.0532, QRS count=6
2025-10-08 17:29:09,300 [DEBUG] Accepted segment [112640:113664], variance=0.0558, QRS count=6
2025-10-08 17:29:09,304 [DEBUG] Accepted segment [113152:114176], variance=0.0582, QRS count=5
2025-10-08 17:29:09,308 [DEBUG] Accepted segment [113664:114688], variance=0.0514, QRS count=6
2025-10-08 17:29:09,313 [DEBUG] Accepted segment [114176:115200], variance=0.0525, QRS count=5
2025-10-08 17:29:09,317 [DEBUG] Accepted segment [114688:115712], variance=0.0596, QRS count=5
2025-10-08 17:29:09,321 [DEBUG] Accepted segment [115200:116224], variance=0.0584, QRS count=5
2025-10-08 17:29:09,326 [DEBUG] Accepted segment [115712:116736], variance=0.0515, QRS count=6
2025-10-08 17:29:09,330 [DEBUG] Accepted segment [116224:117248], variance=0.0530, QRS count=5
2025-10-08 17:29:09,334 [DEBUG] Accepted segment [116736:117760], variance=0.0609, QRS count=5
2025-10-08 17:29:09,339 [DEBUG] Accepted segment [117248:118272], variance=0.0628, QRS count=5
2025-10-08 17:29:09,343 [DEBUG] Accepted segment [117760:118784], variance=0.0637, QRS count=6
2025-10-08 17:29:09,348 [DEBUG] Accepted segment [118272:119296], variance=0.0609, QRS count=6
2025-10-08 17:29:09,352 [DEBUG] Accepted segment [118784:119808], variance=0.0506, QRS count=6
2025-10-08 17:29:09,352 [DEBUG] Skipping segment [119296:120320] due to overlap with noise [120200:120500]
2025-10-08 17:29:09,352 [DEBUG] Skipping segment [119808:120832] due to overlap with noise [120200:120500]
2025-10-08 17:29:09,352 [DEBUG] Skipping segment [120320:121344] due to overlap with noise [120200:120500]
2025-10-08 17:29:09,356 [DEBUG] Accepted segment [120832:121856], variance=0.0428, QRS count=6
2025-10-08 17:29:09,361 [DEBUG] Accepted segment [121344:122368], variance=0.0406, QRS count=6
2025-10-08 17:29:09,365 [DEBUG] Accepted segment [121856:122880], variance=0.0365, QRS count=6
2025-10-08 17:29:09,370 [DEBUG] Accepted segment [122368:123392], variance=0.0401, QRS count=5
2025-10-08 17:29:09,375 [DEBUG] Accepted segment [122880:123904], variance=0.0464, QRS count=6
2025-10-08 17:29:09,379 [DEBUG] Accepted segment [123392:124416], variance=0.0520, QRS count=6
2025-10-08 17:29:09,384 [DEBUG] Accepted segment [123904:124928], variance=0.0439, QRS count=5
2025-10-08 17:29:09,388 [DEBUG] Accepted segment [124416:125440], variance=0.0354, QRS count=5
2025-10-08 17:29:09,393 [DEBUG] Accepted segment [124928:125952], variance=0.0386, QRS count=5
2025-10-08 17:29:09,397 [DEBUG] Accepted segment [125440:126464], variance=0.0365, QRS count=5
2025-10-08 17:29:09,402 [DEBUG] Accepted segment [125952:126976], variance=0.0365, QRS count=6
2025-10-08 17:29:09,406 [DEBUG] Accepted segment [126464:127488], variance=0.0327, QRS count=5
2025-10-08 17:29:09,411 [DEBUG] Accepted segment [126976:128000], variance=0.0325, QRS count=5
2025-10-08 17:29:09,411 [INFO] Segmented signal of length 128000 into 246 valid segments
2025-10-08 17:29:16,638 [DEBUG] Accepted segment [0:1024], variance=0.0402, QRS count=6
2025-10-08 17:29:16,654 [DEBUG] Accepted segment [512:1536], variance=0.0419, QRS count=6
2025-10-08 17:29:16,673 [DEBUG] Accepted segment [1024:2048], variance=0.0415, QRS count=6
2025-10-08 17:29:16,692 [DEBUG] Accepted segment [1536:2560], variance=0.0390, QRS count=6
2025-10-08 17:29:16,711 [DEBUG] Accepted segment [2048:3072], variance=0.0377, QRS count=6
2025-10-08 17:29:16,729 [DEBUG] Accepted segment [2560:3584], variance=0.0409, QRS count=6
2025-10-08 17:29:16,755 [DEBUG] Accepted segment [3072:4096], variance=0.0414, QRS count=5
2025-10-08 17:29:16,774 [DEBUG] Accepted segment [3584:4608], variance=0.0384, QRS count=5
2025-10-08 17:29:16,792 [DEBUG] Accepted segment [4096:5120], variance=0.0392, QRS count=5
2025-10-08 17:29:16,811 [DEBUG] Accepted segment [4608:5632], variance=0.0402, QRS count=5
2025-10-08 17:29:16,832 [DEBUG] Accepted segment [5120:6144], variance=0.0394, QRS count=5
2025-10-08 17:29:16,850 [DEBUG] Accepted segment [5632:6656], variance=0.0395, QRS count=5
2025-10-08 17:29:16,865 [DEBUG] Accepted segment [6144:7168], variance=0.0415, QRS count=5
2025-10-08 17:29:16,887 [DEBUG] Accepted segment [6656:7680], variance=0.0433, QRS count=5
2025-10-08 17:29:16,906 [DEBUG] Accepted segment [7168:8192], variance=0.0412, QRS count=5
2025-10-08 17:29:16,924 [DEBUG] Accepted segment [7680:8704], variance=0.0387, QRS count=6
2025-10-08 17:29:16,941 [DEBUG] Accepted segment [8192:9216], variance=0.0424, QRS count=6
2025-10-08 17:29:16,963 [DEBUG] Accepted segment [8704:9728], variance=0.0459, QRS count=6
2025-10-08 17:29:16,984 [DEBUG] Accepted segment [9216:10240], variance=0.0427, QRS count=5
2025-10-08 17:29:17,006 [DEBUG] Accepted segment [9728:10752], variance=0.0465, QRS count=5
2025-10-08 17:29:17,024 [DEBUG] Accepted segment [10240:11264], variance=0.0452, QRS count=6
2025-10-08 17:29:17,042 [DEBUG] Accepted segment [10752:11776], variance=0.0496, QRS count=6
2025-10-08 17:29:17,057 [DEBUG] Accepted segment [11264:12288], variance=0.0525, QRS count=6
2025-10-08 17:29:17,069 [DEBUG] Accepted segment [11776:12800], variance=0.0397, QRS count=6
2025-10-08 17:29:17,091 [DEBUG] Accepted segment [12288:13312], variance=0.0377, QRS count=6
2025-10-08 17:29:17,113 [DEBUG] Accepted segment [12800:13824], variance=0.0388, QRS count=6
2025-10-08 17:29:17,138 [DEBUG] Accepted segment [13312:14336], variance=0.0378, QRS count=6
2025-10-08 17:29:17,163 [DEBUG] Accepted segment [13824:14848], variance=0.0385, QRS count=6
2025-10-08 17:29:17,195 [DEBUG] Accepted segment [14336:15360], variance=0.0398, QRS count=6
2025-10-08 17:29:17,217 [DEBUG] Accepted segment [14848:15872], variance=0.0393, QRS count=5
2025-10-08 17:29:17,240 [DEBUG] Accepted segment [15360:16384], variance=0.0346, QRS count=6
2025-10-08 17:29:17,265 [DEBUG] Accepted segment [15872:16896], variance=0.0356, QRS count=5
2025-10-08 17:29:17,300 [DEBUG] Accepted segment [16384:17408], variance=0.0412, QRS count=5
2025-10-08 17:29:17,329 [DEBUG] Accepted segment [16896:17920], variance=0.0429, QRS count=5
2025-10-08 17:29:17,361 [DEBUG] Accepted segment [17408:18432], variance=0.0438, QRS count=5
2025-10-08 17:29:17,385 [DEBUG] Accepted segment [17920:18944], variance=0.0445, QRS count=5
2025-10-08 17:29:17,413 [DEBUG] Accepted segment [18432:19456], variance=0.0446, QRS count=5
2025-10-08 17:29:17,448 [DEBUG] Accepted segment [18944:19968], variance=0.0441, QRS count=5
2025-10-08 17:29:17,481 [DEBUG] Accepted segment [19456:20480], variance=0.0441, QRS count=5
2025-10-08 17:29:17,506 [DEBUG] Accepted segment [19968:20992], variance=0.0429, QRS count=5
2025-10-08 17:29:17,539 [DEBUG] Accepted segment [20480:21504], variance=0.0406, QRS count=5
2025-10-08 17:29:17,561 [DEBUG] Accepted segment [20992:22016], variance=0.0402, QRS count=5
2025-10-08 17:29:17,579 [DEBUG] Accepted segment [21504:22528], variance=0.0406, QRS count=5
2025-10-08 17:29:17,602 [DEBUG] Accepted segment [22016:23040], variance=0.0405, QRS count=5
2025-10-08 17:29:17,629 [DEBUG] Accepted segment [22528:23552], variance=0.0406, QRS count=5
2025-10-08 17:29:17,649 [DEBUG] Accepted segment [23040:24064], variance=0.0412, QRS count=5
2025-10-08 17:29:17,676 [DEBUG] Accepted segment [23552:24576], variance=0.0423, QRS count=5
2025-10-08 17:29:17,695 [DEBUG] Accepted segment [24064:25088], variance=0.0420, QRS count=6
2025-10-08 17:29:17,709 [DEBUG] Accepted segment [24576:25600], variance=0.0412, QRS count=6
2025-10-08 17:29:17,722 [DEBUG] Accepted segment [25088:26112], variance=0.0412, QRS count=6
2025-10-08 17:29:17,734 [DEBUG] Accepted segment [25600:26624], variance=0.0407, QRS count=6
2025-10-08 17:29:17,746 [DEBUG] Accepted segment [26112:27136], variance=0.0394, QRS count=6
2025-10-08 17:29:17,757 [DEBUG] Accepted segment [26624:27648], variance=0.0471, QRS count=6
2025-10-08 17:29:17,767 [DEBUG] Accepted segment [27136:28160], variance=0.0493, QRS count=6
2025-10-08 17:29:17,777 [DEBUG] Accepted segment [27648:28672], variance=0.0420, QRS count=6
2025-10-08 17:29:17,786 [DEBUG] Accepted segment [28160:29184], variance=0.0394, QRS count=5
2025-10-08 17:29:17,796 [DEBUG] Accepted segment [28672:29696], variance=0.0345, QRS count=5
2025-10-08 17:29:17,805 [DEBUG] Accepted segment [29184:30208], variance=0.0353, QRS count=5
2025-10-08 17:29:17,815 [DEBUG] Accepted segment [29696:30720], variance=0.0395, QRS count=5
2025-10-08 17:29:17,823 [DEBUG] Accepted segment [30208:31232], variance=0.0400, QRS count=5
2025-10-08 17:29:17,832 [DEBUG] Accepted segment [30720:31744], variance=0.0419, QRS count=5
2025-10-08 17:29:17,840 [DEBUG] Accepted segment [31232:32256], variance=0.0425, QRS count=5
2025-10-08 17:29:17,849 [DEBUG] Accepted segment [31744:32768], variance=0.0409, QRS count=5
2025-10-08 17:29:17,857 [DEBUG] Accepted segment [32256:33280], variance=0.0398, QRS count=5
2025-10-08 17:29:17,865 [DEBUG] Accepted segment [32768:33792], variance=0.0410, QRS count=5
2025-10-08 17:29:17,873 [DEBUG] Accepted segment [33280:34304], variance=0.0416, QRS count=5
2025-10-08 17:29:17,882 [DEBUG] Accepted segment [33792:34816], variance=0.0405, QRS count=5
2025-10-08 17:29:17,889 [DEBUG] Accepted segment [34304:35328], variance=0.0395, QRS count=6
2025-10-08 17:29:17,898 [DEBUG] Accepted segment [34816:35840], variance=0.0397, QRS count=6
2025-10-08 17:29:17,905 [DEBUG] Accepted segment [35328:36352], variance=0.0419, QRS count=6
2025-10-08 17:29:17,913 [DEBUG] Accepted segment [35840:36864], variance=0.0427, QRS count=6
2025-10-08 17:29:17,920 [DEBUG] Accepted segment [36352:37376], variance=0.0419, QRS count=6
2025-10-08 17:29:17,928 [DEBUG] Accepted segment [36864:37888], variance=0.0411, QRS count=6
2025-10-08 17:29:17,935 [DEBUG] Accepted segment [37376:38400], variance=0.0402, QRS count=5
2025-10-08 17:29:17,942 [DEBUG] Accepted segment [37888:38912], variance=0.0358, QRS count=6
2025-10-08 17:29:17,949 [DEBUG] Accepted segment [38400:39424], variance=0.0363, QRS count=5
2025-10-08 17:29:17,956 [DEBUG] Accepted segment [38912:39936], variance=0.0418, QRS count=5
2025-10-08 17:29:17,963 [DEBUG] Accepted segment [39424:40448], variance=0.0436, QRS count=5
2025-10-08 17:29:17,969 [DEBUG] Accepted segment [39936:40960], variance=0.0433, QRS count=5
2025-10-08 17:29:17,976 [DEBUG] Accepted segment [40448:41472], variance=0.0420, QRS count=5
2025-10-08 17:29:17,983 [DEBUG] Accepted segment [40960:41984], variance=0.0409, QRS count=5
2025-10-08 17:29:17,990 [DEBUG] Accepted segment [41472:42496], variance=0.0399, QRS count=6
2025-10-08 17:29:17,996 [DEBUG] Accepted segment [41984:43008], variance=0.0410, QRS count=6
2025-10-08 17:29:18,003 [DEBUG] Accepted segment [42496:43520], variance=0.0423, QRS count=6
2025-10-08 17:29:18,009 [DEBUG] Accepted segment [43008:44032], variance=0.0413, QRS count=6
2025-10-08 17:29:18,016 [DEBUG] Accepted segment [43520:44544], variance=0.0393, QRS count=6
2025-10-08 17:29:18,022 [DEBUG] Accepted segment [44032:45056], variance=0.0401, QRS count=6
2025-10-08 17:29:18,029 [DEBUG] Accepted segment [44544:45568], variance=0.0421, QRS count=6
2025-10-08 17:29:18,035 [DEBUG] Accepted segment [45056:46080], variance=0.0420, QRS count=6
2025-10-08 17:29:18,041 [DEBUG] Accepted segment [45568:46592], variance=0.0406, QRS count=6
2025-10-08 17:29:18,047 [DEBUG] Accepted segment [46080:47104], variance=0.0402, QRS count=6
2025-10-08 17:29:18,053 [DEBUG] Accepted segment [46592:47616], variance=0.0409, QRS count=6
2025-10-08 17:29:18,059 [DEBUG] Accepted segment [47104:48128], variance=0.0409, QRS count=6
2025-10-08 17:29:18,064 [DEBUG] Accepted segment [47616:48640], variance=0.0406, QRS count=6
2025-10-08 17:29:18,070 [DEBUG] Accepted segment [48128:49152], variance=0.0408, QRS count=5
2025-10-08 17:29:18,076 [DEBUG] Accepted segment [48640:49664], variance=0.0422, QRS count=5
2025-10-08 17:29:18,082 [DEBUG] Accepted segment [49152:50176], variance=0.0407, QRS count=5
2025-10-08 17:29:18,087 [DEBUG] Accepted segment [49664:50688], variance=0.0342, QRS count=6
2025-10-08 17:29:18,093 [DEBUG] Accepted segment [50176:51200], variance=0.0361, QRS count=5
2025-10-08 17:29:18,099 [DEBUG] Accepted segment [50688:51712], variance=0.0422, QRS count=5
2025-10-08 17:29:18,104 [DEBUG] Accepted segment [51200:52224], variance=0.0421, QRS count=5
2025-10-08 17:29:18,109 [DEBUG] Accepted segment [51712:52736], variance=0.0413, QRS count=5
2025-10-08 17:29:18,115 [DEBUG] Accepted segment [52224:53248], variance=0.0424, QRS count=5
2025-10-08 17:29:18,120 [DEBUG] Accepted segment [52736:53760], variance=0.0428, QRS count=5
2025-10-08 17:29:18,125 [DEBUG] Accepted segment [53248:54272], variance=0.0407, QRS count=6
2025-10-08 17:29:18,130 [DEBUG] Accepted segment [53760:54784], variance=0.0401, QRS count=6
2025-10-08 17:29:18,136 [DEBUG] Accepted segment [54272:55296], variance=0.0403, QRS count=6
2025-10-08 17:29:18,141 [DEBUG] Accepted segment [54784:55808], variance=0.0409, QRS count=6
2025-10-08 17:29:18,146 [DEBUG] Accepted segment [55296:56320], variance=0.0409, QRS count=5
2025-10-08 17:29:18,151 [DEBUG] Accepted segment [55808:56832], variance=0.0340, QRS count=6
2025-10-08 17:29:18,157 [DEBUG] Accepted segment [56320:57344], variance=0.0343, QRS count=6
2025-10-08 17:29:18,162 [DEBUG] Accepted segment [56832:57856], variance=0.0403, QRS count=5
2025-10-08 17:29:18,167 [DEBUG] Accepted segment [57344:58368], variance=0.0385, QRS count=5
2025-10-08 17:29:18,173 [DEBUG] Accepted segment [57856:58880], variance=0.0381, QRS count=5
2025-10-08 17:29:18,178 [DEBUG] Accepted segment [58368:59392], variance=0.0402, QRS count=5
2025-10-08 17:29:18,184 [DEBUG] Accepted segment [58880:59904], variance=0.0411, QRS count=5
2025-10-08 17:29:18,189 [DEBUG] Accepted segment [59392:60416], variance=0.0399, QRS count=5
2025-10-08 17:29:18,194 [DEBUG] Accepted segment [59904:60928], variance=0.0400, QRS count=6
2025-10-08 17:29:18,199 [DEBUG] Accepted segment [60416:61440], variance=0.0408, QRS count=6
2025-10-08 17:29:18,204 [DEBUG] Accepted segment [60928:61952], variance=0.0404, QRS count=6
2025-10-08 17:29:18,209 [DEBUG] Accepted segment [61440:62464], variance=0.0402, QRS count=6
2025-10-08 17:29:18,214 [DEBUG] Accepted segment [61952:62976], variance=0.0393, QRS count=5
2025-10-08 17:29:18,219 [DEBUG] Accepted segment [62464:63488], variance=0.0352, QRS count=6
2025-10-08 17:29:18,224 [DEBUG] Accepted segment [62976:64000], variance=0.0403, QRS count=5
2025-10-08 17:29:18,229 [DEBUG] Accepted segment [63488:64512], variance=0.0450, QRS count=6
2025-10-08 17:29:18,234 [DEBUG] Accepted segment [64000:65024], variance=0.0414, QRS count=6
2025-10-08 17:29:18,239 [DEBUG] Accepted segment [64512:65536], variance=0.0425, QRS count=6
2025-10-08 17:29:18,244 [DEBUG] Accepted segment [65024:66048], variance=0.0414, QRS count=6
2025-10-08 17:29:18,248 [DEBUG] Accepted segment [65536:66560], variance=0.0358, QRS count=6
2025-10-08 17:29:18,253 [DEBUG] Accepted segment [66048:67072], variance=0.0355, QRS count=6
2025-10-08 17:29:18,258 [DEBUG] Accepted segment [66560:67584], variance=0.0398, QRS count=5
2025-10-08 17:29:18,263 [DEBUG] Accepted segment [67072:68096], variance=0.0410, QRS count=5
2025-10-08 17:29:18,268 [DEBUG] Accepted segment [67584:68608], variance=0.0393, QRS count=5
2025-10-08 17:29:18,273 [DEBUG] Accepted segment [68096:69120], variance=0.0400, QRS count=5
2025-10-08 17:29:18,277 [DEBUG] Accepted segment [68608:69632], variance=0.0419, QRS count=5
2025-10-08 17:29:18,282 [DEBUG] Accepted segment [69120:70144], variance=0.0409, QRS count=5
2025-10-08 17:29:18,287 [DEBUG] Accepted segment [69632:70656], variance=0.0407, QRS count=5
2025-10-08 17:29:18,291 [DEBUG] Accepted segment [70144:71168], variance=0.0428, QRS count=6
2025-10-08 17:29:18,296 [DEBUG] Accepted segment [70656:71680], variance=0.0434, QRS count=6
2025-10-08 17:29:18,301 [DEBUG] Accepted segment [71168:72192], variance=0.1024, QRS count=6
2025-10-08 17:29:18,305 [DEBUG] Accepted segment [71680:72704], variance=0.1012, QRS count=6
2025-10-08 17:29:18,310 [DEBUG] Accepted segment [72192:73216], variance=0.0421, QRS count=6
2025-10-08 17:29:18,315 [DEBUG] Accepted segment [72704:73728], variance=0.0443, QRS count=6
2025-10-08 17:29:18,320 [DEBUG] Accepted segment [73216:74240], variance=0.0363, QRS count=5
2025-10-08 17:29:18,324 [DEBUG] Accepted segment [73728:74752], variance=0.0346, QRS count=5
2025-10-08 17:29:18,329 [DEBUG] Accepted segment [74240:75264], variance=0.0419, QRS count=5
2025-10-08 17:29:18,334 [DEBUG] Accepted segment [74752:75776], variance=0.0424, QRS count=5
2025-10-08 17:29:18,339 [DEBUG] Accepted segment [75264:76288], variance=0.0417, QRS count=6
2025-10-08 17:29:18,344 [DEBUG] Accepted segment [75776:76800], variance=0.0351, QRS count=5
2025-10-08 17:29:18,349 [DEBUG] Accepted segment [76288:77312], variance=0.0362, QRS count=5
2025-10-08 17:29:18,354 [DEBUG] Accepted segment [76800:77824], variance=0.0426, QRS count=5
2025-10-08 17:29:18,359 [DEBUG] Accepted segment [77312:78336], variance=0.0413, QRS count=5
2025-10-08 17:29:18,363 [DEBUG] Accepted segment [77824:78848], variance=0.0425, QRS count=6
2025-10-08 17:29:18,368 [DEBUG] Accepted segment [78336:79360], variance=0.0376, QRS count=6
2025-10-08 17:29:18,373 [DEBUG] Accepted segment [78848:79872], variance=0.0357, QRS count=5
2025-10-08 17:29:18,378 [DEBUG] Accepted segment [79360:80384], variance=0.0419, QRS count=5
2025-10-08 17:29:18,383 [DEBUG] Accepted segment [79872:80896], variance=0.0437, QRS count=5
2025-10-08 17:29:18,388 [DEBUG] Accepted segment [80384:81408], variance=0.0438, QRS count=6
2025-10-08 17:29:18,393 [DEBUG] Accepted segment [80896:81920], variance=0.0365, QRS count=5
2025-10-08 17:29:18,397 [DEBUG] Accepted segment [81408:82432], variance=0.0377, QRS count=5
2025-10-08 17:29:18,402 [DEBUG] Accepted segment [81920:82944], variance=0.0453, QRS count=5
2025-10-08 17:29:18,407 [DEBUG] Accepted segment [82432:83456], variance=0.0444, QRS count=5
2025-10-08 17:29:18,413 [DEBUG] Accepted segment [82944:83968], variance=0.0439, QRS count=6
2025-10-08 17:29:18,421 [DEBUG] Accepted segment [83456:84480], variance=0.0381, QRS count=6
2025-10-08 17:29:18,426 [DEBUG] Accepted segment [83968:84992], variance=0.0375, QRS count=5
2025-10-08 17:29:18,432 [DEBUG] Accepted segment [84480:85504], variance=0.0438, QRS count=5
2025-10-08 17:29:18,437 [DEBUG] Accepted segment [84992:86016], variance=0.0450, QRS count=5
2025-10-08 17:29:18,443 [DEBUG] Accepted segment [85504:86528], variance=0.0438, QRS count=6
2025-10-08 17:29:18,448 [DEBUG] Accepted segment [86016:87040], variance=0.0395, QRS count=6
2025-10-08 17:29:18,454 [DEBUG] Accepted segment [86528:87552], variance=0.0371, QRS count=6
2025-10-08 17:29:18,459 [DEBUG] Accepted segment [87040:88064], variance=0.0333, QRS count=5
2025-10-08 17:29:18,465 [DEBUG] Accepted segment [87552:88576], variance=0.0367, QRS count=5
2025-10-08 17:29:18,470 [DEBUG] Accepted segment [88064:89088], variance=0.0441, QRS count=6
2025-10-08 17:29:18,475 [DEBUG] Accepted segment [88576:89600], variance=0.0408, QRS count=5
2025-10-08 17:29:18,481 [DEBUG] Accepted segment [89088:90112], variance=0.0355, QRS count=5
2025-10-08 17:29:18,486 [DEBUG] Accepted segment [89600:90624], variance=0.0369, QRS count=5
2025-10-08 17:29:18,493 [DEBUG] Accepted segment [90112:91136], variance=0.0406, QRS count=5
2025-10-08 17:29:18,499 [DEBUG] Accepted segment [90624:91648], variance=0.0398, QRS count=5
2025-10-08 17:29:18,505 [DEBUG] Accepted segment [91136:92160], variance=0.0410, QRS count=5
2025-10-08 17:29:18,510 [DEBUG] Accepted segment [91648:92672], variance=0.0432, QRS count=5
2025-10-08 17:29:18,516 [DEBUG] Accepted segment [92160:93184], variance=0.0428, QRS count=6
2025-10-08 17:29:18,522 [DEBUG] Accepted segment [92672:93696], variance=0.1231, QRS count=6
2025-10-08 17:29:18,527 [DEBUG] Accepted segment [93184:94208], variance=0.1247, QRS count=6
2025-10-08 17:29:18,533 [DEBUG] Accepted segment [93696:94720], variance=0.0461, QRS count=6
2025-10-08 17:29:18,539 [DEBUG] Accepted segment [94208:95232], variance=0.0474, QRS count=6
2025-10-08 17:29:18,545 [DEBUG] Accepted segment [94720:95744], variance=0.0470, QRS count=6
2025-10-08 17:29:18,550 [DEBUG] Accepted segment [95232:96256], variance=0.0389, QRS count=5
2025-10-08 17:29:18,556 [DEBUG] Accepted segment [95744:96768], variance=0.0370, QRS count=5
2025-10-08 17:29:18,562 [DEBUG] Accepted segment [96256:97280], variance=0.0435, QRS count=5
2025-10-08 17:29:18,567 [DEBUG] Accepted segment [96768:97792], variance=0.0446, QRS count=6
2025-10-08 17:29:18,573 [DEBUG] Accepted segment [97280:98304], variance=0.0436, QRS count=5
2025-10-08 17:29:18,579 [DEBUG] Accepted segment [97792:98816], variance=0.0419, QRS count=5
2025-10-08 17:29:18,584 [DEBUG] Accepted segment [98304:99328], variance=0.0424, QRS count=5
2025-10-08 17:29:18,589 [DEBUG] Accepted segment [98816:99840], variance=0.0469, QRS count=5
2025-10-08 17:29:18,594 [DEBUG] Accepted segment [99328:100352], variance=0.0437, QRS count=5
2025-10-08 17:29:18,600 [DEBUG] Accepted segment [99840:100864], variance=0.0338, QRS count=6
2025-10-08 17:29:18,605 [DEBUG] Accepted segment [100352:101376], variance=0.0349, QRS count=6
2025-10-08 17:29:18,610 [DEBUG] Accepted segment [100864:101888], variance=0.0390, QRS count=5
2025-10-08 17:29:18,616 [DEBUG] Accepted segment [101376:102400], variance=0.0407, QRS count=5
2025-10-08 17:29:18,621 [DEBUG] Accepted segment [101888:102912], variance=0.0429, QRS count=5
2025-10-08 17:29:18,628 [DEBUG] Accepted segment [102400:103424], variance=0.0422, QRS count=5
2025-10-08 17:29:18,634 [DEBUG] Accepted segment [102912:103936], variance=0.0401, QRS count=6
2025-10-08 17:29:18,639 [DEBUG] Accepted segment [103424:104448], variance=0.0405, QRS count=6
2025-10-08 17:29:18,644 [DEBUG] Accepted segment [103936:104960], variance=0.0415, QRS count=6
2025-10-08 17:29:18,650 [DEBUG] Accepted segment [104448:105472], variance=0.0408, QRS count=6
2025-10-08 17:29:18,655 [DEBUG] Accepted segment [104960:105984], variance=0.0404, QRS count=6
2025-10-08 17:29:18,655 [DEBUG] Skipping segment [105472:106496] due to overlap with noise [106400:107000]
2025-10-08 17:29:18,656 [DEBUG] Skipping segment [105984:107008] due to overlap with noise [106400:107000]
2025-10-08 17:29:18,656 [DEBUG] Skipping segment [106496:107520] due to overlap with noise [106400:107000]
2025-10-08 17:29:18,661 [DEBUG] Accepted segment [107008:108032], variance=0.0702, QRS count=6
2025-10-08 17:29:18,666 [DEBUG] Accepted segment [107520:108544], variance=0.0616, QRS count=6
2025-10-08 17:29:18,671 [DEBUG] Accepted segment [108032:109056], variance=0.0688, QRS count=7
2025-10-08 17:29:18,676 [DEBUG] Accepted segment [108544:109568], variance=0.0644, QRS count=6
2025-10-08 17:29:18,681 [DEBUG] Accepted segment [109056:110080], variance=0.0488, QRS count=6
2025-10-08 17:29:18,687 [DEBUG] Accepted segment [109568:110592], variance=0.0477, QRS count=6
2025-10-08 17:29:18,692 [DEBUG] Accepted segment [110080:111104], variance=0.0440, QRS count=6
2025-10-08 17:29:18,697 [DEBUG] Accepted segment [110592:111616], variance=0.0451, QRS count=7
2025-10-08 17:29:18,703 [DEBUG] Accepted segment [111104:112128], variance=0.0552, QRS count=6
2025-10-08 17:29:18,708 [DEBUG] Accepted segment [111616:112640], variance=0.0556, QRS count=6
2025-10-08 17:29:18,713 [DEBUG] Accepted segment [112128:113152], variance=0.0543, QRS count=6
2025-10-08 17:29:18,718 [DEBUG] Accepted segment [112640:113664], variance=0.0555, QRS count=6
2025-10-08 17:29:18,723 [DEBUG] Accepted segment [113152:114176], variance=0.0560, QRS count=5
2025-10-08 17:29:18,729 [DEBUG] Accepted segment [113664:114688], variance=0.0558, QRS count=5
2025-10-08 17:29:18,734 [DEBUG] Accepted segment [114176:115200], variance=0.0667, QRS count=5
2025-10-08 17:29:18,739 [DEBUG] Accepted segment [114688:115712], variance=0.0741, QRS count=6
2025-10-08 17:29:18,744 [DEBUG] Accepted segment [115200:116224], variance=0.0637, QRS count=6
2025-10-08 17:29:18,749 [DEBUG] Accepted segment [115712:116736], variance=0.0559, QRS count=6
2025-10-08 17:29:18,754 [DEBUG] Accepted segment [116224:117248], variance=0.0528, QRS count=6
2025-10-08 17:29:18,759 [DEBUG] Accepted segment [116736:117760], variance=0.0522, QRS count=5
2025-10-08 17:29:18,765 [DEBUG] Accepted segment [117248:118272], variance=0.0472, QRS count=6
2025-10-08 17:29:18,770 [DEBUG] Accepted segment [117760:118784], variance=0.0471, QRS count=5
2025-10-08 17:29:18,775 [DEBUG] Accepted segment [118272:119296], variance=0.0569, QRS count=5
2025-10-08 17:29:18,780 [DEBUG] Accepted segment [118784:119808], variance=0.0603, QRS count=5
2025-10-08 17:29:18,785 [DEBUG] Accepted segment [119296:120320], variance=0.0607, QRS count=5
2025-10-08 17:29:18,790 [DEBUG] Accepted segment [119808:120832], variance=0.0601, QRS count=6
2025-10-08 17:29:18,795 [DEBUG] Accepted segment [120320:121344], variance=0.0600, QRS count=6
2025-10-08 17:29:18,800 [DEBUG] Accepted segment [120832:121856], variance=0.0599, QRS count=6
2025-10-08 17:29:18,805 [DEBUG] Accepted segment [121344:122368], variance=0.0489, QRS count=5
2025-10-08 17:29:18,810 [DEBUG] Accepted segment [121856:122880], variance=0.0471, QRS count=5
2025-10-08 17:29:18,816 [DEBUG] Accepted segment [122368:123392], variance=0.0592, QRS count=5
2025-10-08 17:29:18,821 [DEBUG] Accepted segment [122880:123904], variance=0.0606, QRS count=5
2025-10-08 17:29:18,827 [DEBUG] Accepted segment [123392:124416], variance=0.0582, QRS count=5
2025-10-08 17:29:18,832 [DEBUG] Accepted segment [123904:124928], variance=0.0582, QRS count=6
2025-10-08 17:29:18,838 [DEBUG] Accepted segment [124416:125440], variance=0.0592, QRS count=6
2025-10-08 17:29:18,843 [DEBUG] Accepted segment [124928:125952], variance=0.0585, QRS count=5
2025-10-08 17:29:18,848 [DEBUG] Accepted segment [125440:126464], variance=0.0485, QRS count=5
2025-10-08 17:29:18,853 [DEBUG] Accepted segment [125952:126976], variance=0.0503, QRS count=5
2025-10-08 17:29:18,858 [DEBUG] Accepted segment [126464:127488], variance=0.0614, QRS count=5
2025-10-08 17:29:18,863 [DEBUG] Accepted segment [126976:128000], variance=0.0608, QRS count=5
2025-10-08 17:29:18,864 [INFO] Segmented signal of length 128000 into 246 valid segments
2025-10-08 17:29:24,251 [DEBUG] Accepted segment [0:1024], variance=0.0489, QRS count=5
2025-10-08 17:29:24,284 [DEBUG] Accepted segment [512:1536], variance=0.0602, QRS count=5
2025-10-08 17:29:24,309 [DEBUG] Accepted segment [1024:2048], variance=0.0717, QRS count=5
2025-10-08 17:29:24,338 [DEBUG] Accepted segment [1536:2560], variance=0.0797, QRS count=6
2025-10-08 17:29:24,373 [DEBUG] Accepted segment [2048:3072], variance=0.0709, QRS count=6
2025-10-08 17:29:24,411 [DEBUG] Accepted segment [2560:3584], variance=0.0522, QRS count=5
2025-10-08 17:29:24,451 [DEBUG] Accepted segment [3072:4096], variance=0.0484, QRS count=5
2025-10-08 17:29:24,484 [DEBUG] Accepted segment [3584:4608], variance=0.0533, QRS count=5
2025-10-08 17:29:24,522 [DEBUG] Accepted segment [4096:5120], variance=0.0519, QRS count=6
2025-10-08 17:29:24,562 [DEBUG] Accepted segment [4608:5632], variance=0.0539, QRS count=6
2025-10-08 17:29:24,597 [DEBUG] Accepted segment [5120:6144], variance=0.0559, QRS count=5
2025-10-08 17:29:24,623 [DEBUG] Accepted segment [5632:6656], variance=0.0539, QRS count=5
2025-10-08 17:29:24,643 [DEBUG] Accepted segment [6144:7168], variance=0.0528, QRS count=5
2025-10-08 17:29:24,655 [DEBUG] Accepted segment [6656:7680], variance=0.0470, QRS count=5
2025-10-08 17:29:24,670 [DEBUG] Accepted segment [7168:8192], variance=0.0480, QRS count=5
2025-10-08 17:29:24,698 [DEBUG] Accepted segment [7680:8704], variance=0.0566, QRS count=5
2025-10-08 17:29:24,718 [DEBUG] Accepted segment [8192:9216], variance=0.0601, QRS count=5
2025-10-08 17:29:24,756 [DEBUG] Accepted segment [8704:9728], variance=0.0621, QRS count=6
2025-10-08 17:29:24,794 [DEBUG] Accepted segment [9216:10240], variance=0.0520, QRS count=5
2025-10-08 17:29:24,833 [DEBUG] Accepted segment [9728:10752], variance=0.0495, QRS count=5
2025-10-08 17:29:24,884 [DEBUG] Accepted segment [10240:11264], variance=0.0569, QRS count=5
2025-10-08 17:29:24,920 [DEBUG] Accepted segment [10752:11776], variance=0.0581, QRS count=5
2025-10-08 17:29:24,948 [DEBUG] Accepted segment [11264:12288], variance=0.0586, QRS count=6
2025-10-08 17:29:24,972 [DEBUG] Accepted segment [11776:12800], variance=0.0491, QRS count=6
2025-10-08 17:29:25,021 [DEBUG] Accepted segment [12288:13312], variance=0.0499, QRS count=5
2025-10-08 17:29:25,100 [DEBUG] Accepted segment [12800:13824], variance=0.0607, QRS count=5
2025-10-08 17:29:25,179 [DEBUG] Accepted segment [13312:14336], variance=0.0595, QRS count=5
2025-10-08 17:29:25,273 [DEBUG] Accepted segment [13824:14848], variance=0.0566, QRS count=6
2025-10-08 17:29:25,326 [DEBUG] Accepted segment [14336:15360], variance=0.0585, QRS count=6
2025-10-08 17:29:25,381 [DEBUG] Accepted segment [14848:15872], variance=0.0575, QRS count=6
2025-10-08 17:29:25,436 [DEBUG] Accepted segment [15360:16384], variance=0.0520, QRS count=5
2025-10-08 17:29:25,516 [DEBUG] Accepted segment [15872:16896], variance=0.0511, QRS count=5
2025-10-08 17:29:25,582 [DEBUG] Accepted segment [16384:17408], variance=0.0506, QRS count=5
2025-10-08 17:29:25,615 [DEBUG] Accepted segment [16896:17920], variance=0.0476, QRS count=5
2025-10-08 17:29:25,662 [DEBUG] Accepted segment [17408:18432], variance=0.0447, QRS count=5
2025-10-08 17:29:25,708 [DEBUG] Accepted segment [17920:18944], variance=0.0474, QRS count=6
2025-10-08 17:29:25,738 [DEBUG] Accepted segment [18432:19456], variance=0.0513, QRS count=6
2025-10-08 17:29:25,764 [DEBUG] Accepted segment [18944:19968], variance=0.0520, QRS count=5
2025-10-08 17:29:25,795 [DEBUG] Accepted segment [19456:20480], variance=0.0518, QRS count=5
2025-10-08 17:29:25,824 [DEBUG] Accepted segment [19968:20992], variance=0.0535, QRS count=5
2025-10-08 17:29:25,860 [DEBUG] Accepted segment [20480:21504], variance=0.0570, QRS count=5
2025-10-08 17:29:25,884 [DEBUG] Accepted segment [20992:22016], variance=0.0584, QRS count=5
2025-10-08 17:29:25,920 [DEBUG] Accepted segment [21504:22528], variance=0.0589, QRS count=5
2025-10-08 17:29:25,955 [DEBUG] Accepted segment [22016:23040], variance=0.0598, QRS count=6
2025-10-08 17:29:25,992 [DEBUG] Accepted segment [22528:23552], variance=0.0604, QRS count=6
2025-10-08 17:29:26,025 [DEBUG] Accepted segment [23040:24064], variance=0.0594, QRS count=5
2025-10-08 17:29:26,053 [DEBUG] Accepted segment [23552:24576], variance=0.0598, QRS count=6
2025-10-08 17:29:26,071 [DEBUG] Accepted segment [24064:25088], variance=0.0620, QRS count=6
2025-10-08 17:29:26,094 [DEBUG] Accepted segment [24576:25600], variance=0.1251, QRS count=6
2025-10-08 17:29:26,119 [DEBUG] Accepted segment [25088:26112], variance=0.1270, QRS count=6
2025-10-08 17:29:26,141 [DEBUG] Accepted segment [25600:26624], variance=0.0756, QRS count=6
2025-10-08 17:29:26,170 [DEBUG] Accepted segment [26112:27136], variance=0.0709, QRS count=6
2025-10-08 17:29:26,201 [DEBUG] Accepted segment [26624:27648], variance=0.0589, QRS count=6
2025-10-08 17:29:26,233 [DEBUG] Accepted segment [27136:28160], variance=0.0584, QRS count=6
2025-10-08 17:29:26,265 [DEBUG] Accepted segment [27648:28672], variance=0.0565, QRS count=6
2025-10-08 17:29:26,287 [DEBUG] Accepted segment [28160:29184], variance=0.0559, QRS count=6
2025-10-08 17:29:26,301 [DEBUG] Accepted segment [28672:29696], variance=0.0563, QRS count=6
2025-10-08 17:29:26,316 [DEBUG] Accepted segment [29184:30208], variance=0.0540, QRS count=6
2025-10-08 17:29:26,345 [DEBUG] Accepted segment [29696:30720], variance=0.0480, QRS count=6
2025-10-08 17:29:26,371 [DEBUG] Accepted segment [30208:31232], variance=0.0466, QRS count=5
2025-10-08 17:29:26,395 [DEBUG] Accepted segment [30720:31744], variance=0.0484, QRS count=5
2025-10-08 17:29:26,423 [DEBUG] Accepted segment [31232:32256], variance=0.0523, QRS count=6
2025-10-08 17:29:26,451 [DEBUG] Accepted segment [31744:32768], variance=0.0579, QRS count=6
2025-10-08 17:29:26,472 [DEBUG] Accepted segment [32256:33280], variance=0.0605, QRS count=5
2025-10-08 17:29:26,495 [DEBUG] Accepted segment [32768:33792], variance=0.0593, QRS count=5
2025-10-08 17:29:26,516 [DEBUG] Accepted segment [33280:34304], variance=0.0577, QRS count=5
2025-10-08 17:29:26,544 [DEBUG] Accepted segment [33792:34816], variance=0.0579, QRS count=6
2025-10-08 17:29:26,573 [DEBUG] Accepted segment [34304:35328], variance=0.0569, QRS count=6
2025-10-08 17:29:26,600 [DEBUG] Accepted segment [34816:35840], variance=0.0569, QRS count=6
2025-10-08 17:29:26,634 [DEBUG] Accepted segment [35328:36352], variance=0.0586, QRS count=6
2025-10-08 17:29:26,677 [DEBUG] Accepted segment [35840:36864], variance=0.0496, QRS count=6
2025-10-08 17:29:26,706 [DEBUG] Accepted segment [36352:37376], variance=0.0498, QRS count=5
2025-10-08 17:29:26,728 [DEBUG] Accepted segment [36864:37888], variance=0.0598, QRS count=5
2025-10-08 17:29:26,757 [DEBUG] Accepted segment [37376:38400], variance=0.0608, QRS count=5
2025-10-08 17:29:26,784 [DEBUG] Accepted segment [37888:38912], variance=0.0619, QRS count=5
2025-10-08 17:29:26,814 [DEBUG] Accepted segment [38400:39424], variance=0.0603, QRS count=6
2025-10-08 17:29:26,845 [DEBUG] Accepted segment [38912:39936], variance=0.0589, QRS count=6
2025-10-08 17:29:26,870 [DEBUG] Accepted segment [39424:40448], variance=0.0607, QRS count=6
2025-10-08 17:29:26,908 [DEBUG] Accepted segment [39936:40960], variance=0.0523, QRS count=6
2025-10-08 17:29:26,935 [DEBUG] Accepted segment [40448:41472], variance=0.0519, QRS count=5
2025-10-08 17:29:26,957 [DEBUG] Accepted segment [40960:41984], variance=0.0605, QRS count=5
2025-10-08 17:29:26,973 [DEBUG] Accepted segment [41472:42496], variance=0.0594, QRS count=5
2025-10-08 17:29:26,991 [DEBUG] Accepted segment [41984:43008], variance=0.0573, QRS count=6
2025-10-08 17:29:27,006 [DEBUG] Accepted segment [42496:43520], variance=0.0570, QRS count=6
2025-10-08 17:29:27,023 [DEBUG] Accepted segment [43008:44032], variance=0.0501, QRS count=5
2025-10-08 17:29:27,039 [DEBUG] Accepted segment [43520:44544], variance=0.0484, QRS count=5
2025-10-08 17:29:27,053 [DEBUG] Accepted segment [44032:45056], variance=0.0558, QRS count=5
2025-10-08 17:29:27,066 [DEBUG] Accepted segment [44544:45568], variance=0.0570, QRS count=5
2025-10-08 17:29:27,081 [DEBUG] Accepted segment [45056:46080], variance=0.0533, QRS count=5
2025-10-08 17:29:27,094 [DEBUG] Accepted segment [45568:46592], variance=0.0483, QRS count=6
2025-10-08 17:29:27,107 [DEBUG] Accepted segment [46080:47104], variance=0.0507, QRS count=6
2025-10-08 17:29:27,119 [DEBUG] Accepted segment [46592:47616], variance=0.0576, QRS count=6
2025-10-08 17:29:27,132 [DEBUG] Accepted segment [47104:48128], variance=0.0606, QRS count=6
2025-10-08 17:29:27,143 [DEBUG] Accepted segment [47616:48640], variance=0.0595, QRS count=6
2025-10-08 17:29:27,155 [DEBUG] Accepted segment [48128:49152], variance=0.0510, QRS count=6
2025-10-08 17:29:27,171 [DEBUG] Accepted segment [48640:49664], variance=0.0516, QRS count=5
2025-10-08 17:29:27,187 [DEBUG] Accepted segment [49152:50176], variance=0.0585, QRS count=5
2025-10-08 17:29:27,199 [DEBUG] Accepted segment [49664:50688], variance=0.0584, QRS count=5
2025-10-08 17:29:27,211 [DEBUG] Accepted segment [50176:51200], variance=0.0589, QRS count=6
2025-10-08 17:29:27,222 [DEBUG] Accepted segment [50688:51712], variance=0.0584, QRS count=6
2025-10-08 17:29:27,234 [DEBUG] Accepted segment [51200:52224], variance=0.0501, QRS count=5
2025-10-08 17:29:27,244 [DEBUG] Accepted segment [51712:52736], variance=0.0509, QRS count=5
2025-10-08 17:29:27,254 [DEBUG] Accepted segment [52224:53248], variance=0.0593, QRS count=5
2025-10-08 17:29:27,264 [DEBUG] Accepted segment [52736:53760], variance=0.0583, QRS count=6
2025-10-08 17:29:27,275 [DEBUG] Accepted segment [53248:54272], variance=0.0595, QRS count=5
2025-10-08 17:29:27,286 [DEBUG] Accepted segment [53760:54784], variance=0.0531, QRS count=5
2025-10-08 17:29:27,296 [DEBUG] Accepted segment [54272:55296], variance=0.0531, QRS count=5
2025-10-08 17:29:27,305 [DEBUG] Accepted segment [54784:55808], variance=0.0593, QRS count=5
2025-10-08 17:29:27,315 [DEBUG] Accepted segment [55296:56320], variance=0.0602, QRS count=5
2025-10-08 17:29:27,323 [DEBUG] Accepted segment [55808:56832], variance=0.0621, QRS count=5
2025-10-08 17:29:27,332 [DEBUG] Accepted segment [56320:57344], variance=0.0596, QRS count=5
2025-10-08 17:29:27,341 [DEBUG] Accepted segment [56832:57856], variance=0.0563, QRS count=6
2025-10-08 17:29:27,350 [DEBUG] Accepted segment [57344:58368], variance=0.0567, QRS count=6
2025-10-08 17:29:27,359 [DEBUG] Accepted segment [57856:58880], variance=0.0583, QRS count=5
2025-10-08 17:29:27,368 [DEBUG] Accepted segment [58368:59392], variance=0.0492, QRS count=5
2025-10-08 17:29:27,377 [DEBUG] Accepted segment [58880:59904], variance=0.0492, QRS count=5
2025-10-08 17:29:27,386 [DEBUG] Accepted segment [59392:60416], variance=0.0592, QRS count=5
2025-10-08 17:29:27,395 [DEBUG] Accepted segment [59904:60928], variance=0.0586, QRS count=5
2025-10-08 17:29:27,405 [DEBUG] Accepted segment [60416:61440], variance=0.0579, QRS count=6
2025-10-08 17:29:27,413 [DEBUG] Accepted segment [60928:61952], variance=0.0584, QRS count=6
2025-10-08 17:29:27,422 [DEBUG] Accepted segment [61440:62464], variance=0.0588, QRS count=5
2025-10-08 17:29:27,430 [DEBUG] Accepted segment [61952:62976], variance=0.0565, QRS count=5
2025-10-08 17:29:27,439 [DEBUG] Accepted segment [62464:63488], variance=0.0485, QRS count=6
2025-10-08 17:29:27,448 [DEBUG] Accepted segment [62976:64000], variance=0.0508, QRS count=5
2025-10-08 17:29:27,456 [DEBUG] Accepted segment [63488:64512], variance=0.0608, QRS count=5
2025-10-08 17:29:27,464 [DEBUG] Accepted segment [64000:65024], variance=0.0619, QRS count=5
2025-10-08 17:29:27,474 [DEBUG] Accepted segment [64512:65536], variance=0.0587, QRS count=5
2025-10-08 17:29:27,483 [DEBUG] Accepted segment [65024:66048], variance=0.0603, QRS count=5
2025-10-08 17:29:27,492 [DEBUG] Accepted segment [65536:66560], variance=0.0623, QRS count=5
2025-10-08 17:29:27,501 [DEBUG] Accepted segment [66048:67072], variance=0.0612, QRS count=5
2025-10-08 17:29:27,510 [DEBUG] Accepted segment [66560:67584], variance=0.0614, QRS count=6
2025-10-08 17:29:27,518 [DEBUG] Accepted segment [67072:68096], variance=0.0627, QRS count=6
2025-10-08 17:29:27,526 [DEBUG] Accepted segment [67584:68608], variance=0.0535, QRS count=5
2025-10-08 17:29:27,534 [DEBUG] Accepted segment [68096:69120], variance=0.0529, QRS count=5
2025-10-08 17:29:27,541 [DEBUG] Accepted segment [68608:69632], variance=0.0620, QRS count=5
2025-10-08 17:29:27,549 [DEBUG] Accepted segment [69120:70144], variance=0.0512, QRS count=6
2025-10-08 17:29:27,557 [DEBUG] Accepted segment [69632:70656], variance=0.0508, QRS count=5
2025-10-08 17:29:27,565 [DEBUG] Accepted segment [70144:71168], variance=0.0623, QRS count=5
2025-10-08 17:29:27,573 [DEBUG] Accepted segment [70656:71680], variance=0.0649, QRS count=5
2025-10-08 17:29:27,581 [DEBUG] Accepted segment [71168:72192], variance=0.0649, QRS count=6
2025-10-08 17:29:27,588 [DEBUG] Accepted segment [71680:72704], variance=0.0643, QRS count=6
2025-10-08 17:29:27,596 [DEBUG] Accepted segment [72192:73216], variance=0.0546, QRS count=6
2025-10-08 17:29:27,604 [DEBUG] Accepted segment [72704:73728], variance=0.0550, QRS count=5
2025-10-08 17:29:27,612 [DEBUG] Accepted segment [73216:74240], variance=0.0646, QRS count=5
2025-10-08 17:29:27,619 [DEBUG] Accepted segment [73728:74752], variance=0.0630, QRS count=5
2025-10-08 17:29:27,627 [DEBUG] Accepted segment [74240:75264], variance=0.0623, QRS count=6
2025-10-08 17:29:27,635 [DEBUG] Accepted segment [74752:75776], variance=0.0621, QRS count=6
2025-10-08 17:29:27,643 [DEBUG] Accepted segment [75264:76288], variance=0.0509, QRS count=6
2025-10-08 17:29:27,650 [DEBUG] Accepted segment [75776:76800], variance=0.0518, QRS count=5
2025-10-08 17:29:27,657 [DEBUG] Accepted segment [76288:77312], variance=0.0641, QRS count=5
2025-10-08 17:29:27,663 [DEBUG] Accepted segment [76800:77824], variance=0.0659, QRS count=5
2025-10-08 17:29:27,670 [DEBUG] Accepted segment [77312:78336], variance=0.0647, QRS count=6
2025-10-08 17:29:27,681 [DEBUG] Accepted segment [77824:78848], variance=0.0543, QRS count=5
2025-10-08 17:29:27,688 [DEBUG] Accepted segment [78336:79360], variance=0.0534, QRS count=5
2025-10-08 17:29:27,695 [DEBUG] Accepted segment [78848:79872], variance=0.0600, QRS count=5
2025-10-08 17:29:27,702 [DEBUG] Accepted segment [79360:80384], variance=0.0605, QRS count=6
2025-10-08 17:29:27,709 [DEBUG] Accepted segment [79872:80896], variance=0.0530, QRS count=5
2025-10-08 17:29:27,716 [DEBUG] Accepted segment [80384:81408], variance=0.0525, QRS count=5
2025-10-08 17:29:27,723 [DEBUG] Accepted segment [80896:81920], variance=0.0614, QRS count=5
2025-10-08 17:29:27,730 [DEBUG] Accepted segment [81408:82432], variance=0.0623, QRS count=6
2025-10-08 17:29:27,738 [DEBUG] Accepted segment [81920:82944], variance=0.0606, QRS count=5
2025-10-08 17:29:27,745 [DEBUG] Accepted segment [82432:83456], variance=0.0508, QRS count=5
2025-10-08 17:29:27,752 [DEBUG] Accepted segment [82944:83968], variance=0.0525, QRS count=5
2025-10-08 17:29:27,759 [DEBUG] Accepted segment [83456:84480], variance=0.0618, QRS count=5
2025-10-08 17:29:27,766 [DEBUG] Accepted segment [83968:84992], variance=0.0601, QRS count=5
2025-10-08 17:29:27,773 [DEBUG] Accepted segment [84480:85504], variance=0.0589, QRS count=5
2025-10-08 17:29:27,780 [DEBUG] Accepted segment [84992:86016], variance=0.0579, QRS count=6
2025-10-08 17:29:27,787 [DEBUG] Accepted segment [85504:86528], variance=0.0604, QRS count=6
2025-10-08 17:29:27,793 [DEBUG] Accepted segment [86016:87040], variance=0.0538, QRS count=5
2025-10-08 17:29:27,800 [DEBUG] Accepted segment [86528:87552], variance=0.0515, QRS count=5
2025-10-08 17:29:27,806 [DEBUG] Accepted segment [87040:88064], variance=0.0609, QRS count=5
2025-10-08 17:29:27,813 [DEBUG] Accepted segment [87552:88576], variance=0.0617, QRS count=5
2025-10-08 17:29:27,819 [DEBUG] Accepted segment [88064:89088], variance=0.0498, QRS count=5
2025-10-08 17:29:27,826 [DEBUG] Accepted segment [88576:89600], variance=0.0489, QRS count=5
2025-10-08 17:29:27,832 [DEBUG] Accepted segment [89088:90112], variance=0.0603, QRS count=5
2025-10-08 17:29:27,839 [DEBUG] Accepted segment [89600:90624], variance=0.0612, QRS count=6
2025-10-08 17:29:27,845 [DEBUG] Accepted segment [90112:91136], variance=0.0612, QRS count=6
2025-10-08 17:29:27,851 [DEBUG] Accepted segment [90624:91648], variance=0.0535, QRS count=5
2025-10-08 17:29:27,858 [DEBUG] Accepted segment [91136:92160], variance=0.0552, QRS count=5
2025-10-08 17:29:27,864 [DEBUG] Accepted segment [91648:92672], variance=0.0635, QRS count=5
2025-10-08 17:29:27,870 [DEBUG] Accepted segment [92160:93184], variance=0.0609, QRS count=5
2025-10-08 17:29:27,876 [DEBUG] Accepted segment [92672:93696], variance=0.0534, QRS count=6
2025-10-08 17:29:27,883 [DEBUG] Accepted segment [93184:94208], variance=0.0553, QRS count=5
2025-10-08 17:29:27,889 [DEBUG] Accepted segment [93696:94720], variance=0.0625, QRS count=5
2025-10-08 17:29:27,895 [DEBUG] Accepted segment [94208:95232], variance=0.0619, QRS count=5
2025-10-08 17:29:27,901 [DEBUG] Accepted segment [94720:95744], variance=0.0629, QRS count=6
2025-10-08 17:29:27,907 [DEBUG] Accepted segment [95232:96256], variance=0.0528, QRS count=5
2025-10-08 17:29:27,914 [DEBUG] Accepted segment [95744:96768], variance=0.0525, QRS count=5
2025-10-08 17:29:27,920 [DEBUG] Accepted segment [96256:97280], variance=0.0625, QRS count=5
2025-10-08 17:29:27,925 [DEBUG] Accepted segment [96768:97792], variance=0.0602, QRS count=6
2025-10-08 17:29:27,932 [DEBUG] Accepted segment [97280:98304], variance=0.0574, QRS count=6
2025-10-08 17:29:27,937 [DEBUG] Accepted segment [97792:98816], variance=0.0569, QRS count=6
2025-10-08 17:29:27,943 [DEBUG] Accepted segment [98304:99328], variance=0.0501, QRS count=6
2025-10-08 17:29:27,949 [DEBUG] Accepted segment [98816:99840], variance=0.0510, QRS count=5
2025-10-08 17:29:27,954 [DEBUG] Accepted segment [99328:100352], variance=0.0579, QRS count=5
2025-10-08 17:29:27,960 [DEBUG] Accepted segment [99840:100864], variance=0.0583, QRS count=5
2025-10-08 17:29:27,967 [DEBUG] Accepted segment [100352:101376], variance=0.0604, QRS count=5
2025-10-08 17:29:27,973 [DEBUG] Accepted segment [100864:101888], variance=0.0593, QRS count=6
2025-10-08 17:29:27,979 [DEBUG] Accepted segment [101376:102400], variance=0.0568, QRS count=6
2025-10-08 17:29:27,985 [DEBUG] Accepted segment [101888:102912], variance=0.0552, QRS count=6
2025-10-08 17:29:27,991 [DEBUG] Accepted segment [102400:103424], variance=0.0554, QRS count=6
2025-10-08 17:29:27,998 [DEBUG] Accepted segment [102912:103936], variance=0.0574, QRS count=6
2025-10-08 17:29:28,004 [DEBUG] Accepted segment [103424:104448], variance=0.0576, QRS count=5
2025-10-08 17:29:28,010 [DEBUG] Accepted segment [103936:104960], variance=0.0472, QRS count=6
2025-10-08 17:29:28,016 [DEBUG] Accepted segment [104448:105472], variance=0.0462, QRS count=5
2025-10-08 17:29:28,022 [DEBUG] Accepted segment [104960:105984], variance=0.0554, QRS count=5
2025-10-08 17:29:28,029 [DEBUG] Accepted segment [105472:106496], variance=0.0562, QRS count=5
2025-10-08 17:29:28,035 [DEBUG] Accepted segment [105984:107008], variance=0.0543, QRS count=5
2025-10-08 17:29:28,041 [DEBUG] Accepted segment [106496:107520], variance=0.0518, QRS count=5
2025-10-08 17:29:28,047 [DEBUG] Accepted segment [107008:108032], variance=0.0523, QRS count=5
2025-10-08 17:29:28,053 [DEBUG] Accepted segment [107520:108544], variance=0.0539, QRS count=5
2025-10-08 17:29:28,059 [DEBUG] Accepted segment [108032:109056], variance=0.0543, QRS count=5
2025-10-08 17:29:28,065 [DEBUG] Accepted segment [108544:109568], variance=0.0531, QRS count=6
2025-10-08 17:29:28,071 [DEBUG] Accepted segment [109056:110080], variance=0.0515, QRS count=6
2025-10-08 17:29:28,077 [DEBUG] Accepted segment [109568:110592], variance=0.0521, QRS count=6
2025-10-08 17:29:28,083 [DEBUG] Accepted segment [110080:111104], variance=0.1279, QRS count=6
2025-10-08 17:29:28,089 [DEBUG] Accepted segment [110592:111616], variance=0.1293, QRS count=5
2025-10-08 17:29:28,095 [DEBUG] Accepted segment [111104:112128], variance=0.0552, QRS count=6
2025-10-08 17:29:28,101 [DEBUG] Accepted segment [111616:112640], variance=0.0537, QRS count=6
2025-10-08 17:29:28,107 [DEBUG] Accepted segment [112128:113152], variance=0.0532, QRS count=6
2025-10-08 17:29:28,112 [DEBUG] Accepted segment [112640:113664], variance=0.0558, QRS count=6
2025-10-08 17:29:28,118 [DEBUG] Accepted segment [113152:114176], variance=0.0582, QRS count=5
2025-10-08 17:29:28,123 [DEBUG] Accepted segment [113664:114688], variance=0.0514, QRS count=6
2025-10-08 17:29:28,129 [DEBUG] Accepted segment [114176:115200], variance=0.0525, QRS count=5
2025-10-08 17:29:28,134 [DEBUG] Accepted segment [114688:115712], variance=0.0596, QRS count=5
2025-10-08 17:29:28,140 [DEBUG] Accepted segment [115200:116224], variance=0.0584, QRS count=5
2025-10-08 17:29:28,145 [DEBUG] Accepted segment [115712:116736], variance=0.0515, QRS count=6
2025-10-08 17:29:28,150 [DEBUG] Accepted segment [116224:117248], variance=0.0530, QRS count=5
2025-10-08 17:29:28,156 [DEBUG] Accepted segment [116736:117760], variance=0.0609, QRS count=5
2025-10-08 17:29:28,162 [DEBUG] Accepted segment [117248:118272], variance=0.0628, QRS count=5
2025-10-08 17:29:28,169 [DEBUG] Accepted segment [117760:118784], variance=0.0637, QRS count=6
2025-10-08 17:29:28,175 [DEBUG] Accepted segment [118272:119296], variance=0.0609, QRS count=6
2025-10-08 17:29:28,182 [DEBUG] Accepted segment [118784:119808], variance=0.0506, QRS count=6
2025-10-08 17:29:28,182 [DEBUG] Skipping segment [119296:120320] due to overlap with noise [120200:120500]
2025-10-08 17:29:28,182 [DEBUG] Skipping segment [119808:120832] due to overlap with noise [120200:120500]
2025-10-08 17:29:28,183 [DEBUG] Skipping segment [120320:121344] due to overlap with noise [120200:120500]
2025-10-08 17:29:28,189 [DEBUG] Accepted segment [120832:121856], variance=0.0428, QRS count=6
2025-10-08 17:29:28,194 [DEBUG] Accepted segment [121344:122368], variance=0.0406, QRS count=6
2025-10-08 17:29:28,199 [DEBUG] Accepted segment [121856:122880], variance=0.0365, QRS count=6
2025-10-08 17:29:28,204 [DEBUG] Accepted segment [122368:123392], variance=0.0401, QRS count=5
2025-10-08 17:29:28,209 [DEBUG] Accepted segment [122880:123904], variance=0.0464, QRS count=6
2025-10-08 17:29:28,214 [DEBUG] Accepted segment [123392:124416], variance=0.0520, QRS count=6
2025-10-08 17:29:28,219 [DEBUG] Accepted segment [123904:124928], variance=0.0439, QRS count=5
2025-10-08 17:29:28,224 [DEBUG] Accepted segment [124416:125440], variance=0.0354, QRS count=5
2025-10-08 17:29:28,229 [DEBUG] Accepted segment [124928:125952], variance=0.0386, QRS count=5
2025-10-08 17:29:28,234 [DEBUG] Accepted segment [125440:126464], variance=0.0365, QRS count=5
2025-10-08 17:29:28,238 [DEBUG] Accepted segment [125952:126976], variance=0.0365, QRS count=6
2025-10-08 17:29:28,243 [DEBUG] Accepted segment [126464:127488], variance=0.0327, QRS count=5
2025-10-08 17:29:28,248 [DEBUG] Accepted segment [126976:128000], variance=0.0325, QRS count=5
2025-10-08 17:29:28,248 [INFO] Segmented signal of length 128000 into 246 valid segments
2025-10-08 17:29:30,447 [DEBUG] Skipping segment [0:1024] due to overlap with noise [0:400]
2025-10-08 17:29:30,453 [DEBUG] Accepted segment [512:1536], variance=0.0713, QRS count=4
2025-10-08 17:29:30,457 [DEBUG] Accepted segment [1024:2048], variance=0.0615, QRS count=4
2025-10-08 17:29:30,457 [DEBUG] Skipping segment [1536:2560] due to overlap with noise [2400:3800]
2025-10-08 17:29:30,457 [DEBUG] Skipping segment [2048:3072] due to overlap with noise [2400:3800]
2025-10-08 17:29:30,457 [DEBUG] Skipping segment [2560:3584] due to overlap with noise [2400:3800]
2025-10-08 17:29:30,457 [DEBUG] Skipping segment [3072:4096] due to overlap with noise [2400:3800]
2025-10-08 17:29:30,457 [DEBUG] Skipping segment [3584:4608] due to overlap with noise [2400:3800]
2025-10-08 17:29:30,462 [DEBUG] Accepted segment [4096:5120], variance=0.0638, QRS count=4
2025-10-08 17:29:30,466 [DEBUG] Accepted segment [4608:5632], variance=0.0595, QRS count=4
2025-10-08 17:29:30,471 [DEBUG] Accepted segment [5120:6144], variance=0.0630, QRS count=5
2025-10-08 17:29:30,476 [DEBUG] Accepted segment [5632:6656], variance=0.0667, QRS count=4
2025-10-08 17:29:30,481 [DEBUG] Accepted segment [6144:7168], variance=0.0610, QRS count=4
2025-10-08 17:29:30,485 [DEBUG] Accepted segment [6656:7680], variance=0.0560, QRS count=4
2025-10-08 17:29:30,490 [DEBUG] Accepted segment [7168:8192], variance=0.0571, QRS count=4
2025-10-08 17:29:30,495 [DEBUG] Accepted segment [7680:8704], variance=0.0666, QRS count=4
2025-10-08 17:29:30,499 [DEBUG] Accepted segment [8192:9216], variance=0.0678, QRS count=4
2025-10-08 17:29:30,503 [DEBUG] Accepted segment [8704:9728], variance=0.0588, QRS count=4
2025-10-08 17:29:30,508 [DEBUG] Accepted segment [9216:10240], variance=0.0635, QRS count=5
2025-10-08 17:29:30,513 [DEBUG] Accepted segment [9728:10752], variance=0.0676, QRS count=4
2025-10-08 17:29:30,518 [DEBUG] Accepted segment [10240:11264], variance=0.0598, QRS count=4
2025-10-08 17:29:30,522 [DEBUG] Accepted segment [10752:11776], variance=0.0615, QRS count=4
2025-10-08 17:29:30,526 [DEBUG] Accepted segment [11264:12288], variance=0.0670, QRS count=5
2025-10-08 17:29:30,531 [DEBUG] Accepted segment [11776:12800], variance=0.0617, QRS count=4
2025-10-08 17:29:30,536 [DEBUG] Accepted segment [12288:13312], variance=0.0684, QRS count=5
2025-10-08 17:29:30,541 [DEBUG] Accepted segment [12800:13824], variance=0.0672, QRS count=4
2025-10-08 17:29:30,545 [DEBUG] Accepted segment [13312:14336], variance=0.0669, QRS count=5
2025-10-08 17:29:30,550 [DEBUG] Accepted segment [13824:14848], variance=0.0698, QRS count=4
2025-10-08 17:29:30,556 [DEBUG] Accepted segment [14336:15360], variance=0.0721, QRS count=5
2025-10-08 17:29:30,563 [DEBUG] Accepted segment [14848:15872], variance=0.0806, QRS count=5
2025-10-08 17:29:30,569 [DEBUG] Accepted segment [15360:16384], variance=0.0725, QRS count=6
2025-10-08 17:29:30,575 [DEBUG] Accepted segment [15872:16896], variance=0.0769, QRS count=5
2025-10-08 17:29:30,582 [DEBUG] Accepted segment [16384:17408], variance=0.0851, QRS count=5
2025-10-08 17:29:30,589 [DEBUG] Accepted segment [16896:17920], variance=0.0787, QRS count=6
2025-10-08 17:29:30,596 [DEBUG] Accepted segment [17408:18432], variance=0.0684, QRS count=5
2025-10-08 17:29:30,602 [DEBUG] Accepted segment [17920:18944], variance=0.0600, QRS count=4
2025-10-08 17:29:30,608 [DEBUG] Accepted segment [18432:19456], variance=0.0654, QRS count=5
2025-10-08 17:29:30,614 [DEBUG] Accepted segment [18944:19968], variance=0.0706, QRS count=4
2025-10-08 17:29:30,620 [DEBUG] Accepted segment [19456:20480], variance=0.0615, QRS count=4
2025-10-08 17:29:30,625 [DEBUG] Accepted segment [19968:20992], variance=0.0565, QRS count=4
2025-10-08 17:29:30,631 [DEBUG] Accepted segment [20480:21504], variance=0.0658, QRS count=5
2025-10-08 17:29:30,637 [DEBUG] Accepted segment [20992:22016], variance=0.0707, QRS count=4
2025-10-08 17:29:30,643 [DEBUG] Accepted segment [21504:22528], variance=0.0634, QRS count=4
2025-10-08 17:29:30,648 [DEBUG] Accepted segment [22016:23040], variance=0.0587, QRS count=4
2025-10-08 17:29:30,653 [DEBUG] Accepted segment [22528:23552], variance=0.0665, QRS count=5
2025-10-08 17:29:30,653 [DEBUG] Skipping segment [23040:24064] due to overlap with noise [24000:24800]
2025-10-08 17:29:30,653 [DEBUG] Skipping segment [23552:24576] due to overlap with noise [24000:24800]
2025-10-08 17:29:30,653 [DEBUG] Skipping segment [24064:25088] due to overlap with noise [24000:24800]
2025-10-08 17:29:30,653 [DEBUG] Skipping segment [24576:25600] due to overlap with noise [24000:24800]
2025-10-08 17:29:30,660 [DEBUG] Accepted segment [25088:26112], variance=0.0705, QRS count=6
2025-10-08 17:29:30,665 [DEBUG] Accepted segment [25600:26624], variance=0.0701, QRS count=5
2025-10-08 17:29:30,670 [DEBUG] Accepted segment [26112:27136], variance=0.0624, QRS count=5
2025-10-08 17:29:30,676 [DEBUG] Accepted segment [26624:27648], variance=0.0628, QRS count=6
2025-10-08 17:29:30,681 [DEBUG] Accepted segment [27136:28160], variance=0.0622, QRS count=5
2025-10-08 17:29:30,687 [DEBUG] Accepted segment [27648:28672], variance=0.0545, QRS count=5
2025-10-08 17:29:30,692 [DEBUG] Accepted segment [28160:29184], variance=0.0639, QRS count=5
2025-10-08 17:29:30,698 [DEBUG] Accepted segment [28672:29696], variance=0.0645, QRS count=4
2025-10-08 17:29:30,703 [DEBUG] Accepted segment [29184:30208], variance=0.0619, QRS count=5
2025-10-08 17:29:30,708 [DEBUG] Accepted segment [29696:30720], variance=0.0662, QRS count=5
2025-10-08 17:29:30,713 [DEBUG] Accepted segment [30208:31232], variance=0.0584, QRS count=4
2025-10-08 17:29:30,718 [DEBUG] Accepted segment [30720:31744], variance=0.0632, QRS count=5
2025-10-08 17:29:30,724 [DEBUG] Accepted segment [31232:32256], variance=0.0687, QRS count=4
2025-10-08 17:29:30,729 [DEBUG] Accepted segment [31744:32768], variance=0.0606, QRS count=4
2025-10-08 17:29:30,735 [DEBUG] Accepted segment [32256:33280], variance=0.0556, QRS count=5
2025-10-08 17:29:30,740 [DEBUG] Accepted segment [32768:33792], variance=0.0653, QRS count=5
2025-10-08 17:29:30,745 [DEBUG] Accepted segment [33280:34304], variance=0.0680, QRS count=4
2025-10-08 17:29:30,750 [DEBUG] Accepted segment [33792:34816], variance=0.0583, QRS count=4
2025-10-08 17:29:30,755 [DEBUG] Accepted segment [34304:35328], variance=0.0639, QRS count=5
2025-10-08 17:29:30,760 [DEBUG] Accepted segment [34816:35840], variance=0.0667, QRS count=4
2025-10-08 17:29:30,765 [DEBUG] Accepted segment [35328:36352], variance=0.0591, QRS count=5
2025-10-08 17:29:30,770 [DEBUG] Accepted segment [35840:36864], variance=0.0674, QRS count=5
2025-10-08 17:29:30,774 [DEBUG] Accepted segment [36352:37376], variance=0.0672, QRS count=4
2025-10-08 17:29:30,779 [DEBUG] Accepted segment [36864:37888], variance=0.0557, QRS count=4
2025-10-08 17:29:30,784 [DEBUG] Accepted segment [37376:38400], variance=0.0645, QRS count=4
2025-10-08 17:29:30,790 [DEBUG] Accepted segment [37888:38912], variance=0.0696, QRS count=4
2025-10-08 17:29:30,796 [DEBUG] Accepted segment [38400:39424], variance=0.0600, QRS count=4
2025-10-08 17:29:30,801 [DEBUG] Accepted segment [38912:39936], variance=0.0560, QRS count=4
2025-10-08 17:29:30,807 [DEBUG] Accepted segment [39424:40448], variance=0.0664, QRS count=5
2025-10-08 17:29:30,812 [DEBUG] Accepted segment [39936:40960], variance=0.0676, QRS count=4
2025-10-08 17:29:30,818 [DEBUG] Accepted segment [40448:41472], variance=0.0587, QRS count=4
2025-10-08 17:29:30,823 [DEBUG] Accepted segment [40960:41984], variance=0.0638, QRS count=5
2025-10-08 17:29:30,830 [DEBUG] Accepted segment [41472:42496], variance=0.0685, QRS count=4
2025-10-08 17:29:30,837 [DEBUG] Accepted segment [41984:43008], variance=0.0633, QRS count=4
2025-10-08 17:29:30,844 [DEBUG] Accepted segment [42496:43520], variance=0.0641, QRS count=5
2025-10-08 17:29:30,850 [DEBUG] Accepted segment [43008:44032], variance=0.0666, QRS count=5
2025-10-08 17:29:30,856 [DEBUG] Accepted segment [43520:44544], variance=0.0613, QRS count=4
2025-10-08 17:29:30,862 [DEBUG] Accepted segment [44032:45056], variance=0.0696, QRS count=5
2025-10-08 17:29:30,867 [DEBUG] Accepted segment [44544:45568], variance=0.0793, QRS count=5
2025-10-08 17:29:30,874 [DEBUG] Accepted segment [45056:46080], variance=0.0745, QRS count=5
2025-10-08 17:29:30,883 [DEBUG] Accepted segment [45568:46592], variance=0.0689, QRS count=5
2025-10-08 17:29:30,890 [DEBUG] Accepted segment [46080:47104], variance=0.0612, QRS count=5
2025-10-08 17:29:30,897 [DEBUG] Accepted segment [46592:47616], variance=0.0675, QRS count=5
2025-10-08 17:29:30,904 [DEBUG] Accepted segment [47104:48128], variance=0.0667, QRS count=4
2025-10-08 17:29:30,910 [DEBUG] Accepted segment [47616:48640], variance=0.0650, QRS count=5
2025-10-08 17:29:30,916 [DEBUG] Accepted segment [48128:49152], variance=0.0693, QRS count=4
2025-10-08 17:29:30,922 [DEBUG] Accepted segment [48640:49664], variance=0.0693, QRS count=5
2025-10-08 17:29:30,928 [DEBUG] Accepted segment [49152:50176], variance=0.0686, QRS count=5
2025-10-08 17:29:30,934 [DEBUG] Accepted segment [49664:50688], variance=0.0699, QRS count=5
2025-10-08 17:29:30,940 [DEBUG] Accepted segment [50176:51200], variance=0.0716, QRS count=6
2025-10-08 17:29:30,946 [DEBUG] Accepted segment [50688:51712], variance=0.0602, QRS count=5
2025-10-08 17:29:30,952 [DEBUG] Accepted segment [51200:52224], variance=0.0649, QRS count=5
2025-10-08 17:29:30,958 [DEBUG] Accepted segment [51712:52736], variance=0.0633, QRS count=4
2025-10-08 17:29:30,964 [DEBUG] Accepted segment [52224:53248], variance=0.0603, QRS count=5
2025-10-08 17:29:30,970 [DEBUG] Accepted segment [52736:53760], variance=0.0668, QRS count=5
2025-10-08 17:29:30,976 [DEBUG] Accepted segment [53248:54272], variance=0.0604, QRS count=5
2025-10-08 17:29:30,982 [DEBUG] Accepted segment [53760:54784], variance=0.0667, QRS count=5
2025-10-08 17:29:30,987 [DEBUG] Accepted segment [54272:55296], variance=0.0659, QRS count=4
2025-10-08 17:29:30,992 [DEBUG] Accepted segment [54784:55808], variance=0.0629, QRS count=5
2025-10-08 17:29:30,998 [DEBUG] Accepted segment [55296:56320], variance=0.0680, QRS count=5
2025-10-08 17:29:31,004 [DEBUG] Accepted segment [55808:56832], variance=0.0606, QRS count=4
2025-10-08 17:29:31,009 [DEBUG] Accepted segment [56320:57344], variance=0.0672, QRS count=5
2025-10-08 17:29:31,015 [DEBUG] Accepted segment [56832:57856], variance=0.0676, QRS count=4
2025-10-08 17:29:31,021 [DEBUG] Accepted segment [57344:58368], variance=0.0666, QRS count=5
2025-10-08 17:29:31,026 [DEBUG] Accepted segment [57856:58880], variance=0.0669, QRS count=4
2025-10-08 17:29:31,031 [DEBUG] Accepted segment [58368:59392], variance=0.0631, QRS count=5
2025-10-08 17:29:31,043 [DEBUG] Accepted segment [58880:59904], variance=0.0658, QRS count=4
2025-10-08 17:29:31,049 [DEBUG] Accepted segment [59392:60416], variance=0.0663, QRS count=5
2025-10-08 17:29:31,054 [DEBUG] Accepted segment [59904:60928], variance=0.0609, QRS count=5
2025-10-08 17:29:31,060 [DEBUG] Accepted segment [60416:61440], variance=0.0636, QRS count=5
2025-10-08 17:29:31,066 [DEBUG] Accepted segment [60928:61952], variance=0.0645, QRS count=4
2025-10-08 17:29:31,071 [DEBUG] Accepted segment [61440:62464], variance=0.0635, QRS count=5
2025-10-08 17:29:31,077 [DEBUG] Accepted segment [61952:62976], variance=0.0681, QRS count=5
2025-10-08 17:29:31,082 [DEBUG] Accepted segment [62464:63488], variance=0.0672, QRS count=5
2025-10-08 17:29:31,087 [DEBUG] Accepted segment [62976:64000], variance=0.0674, QRS count=5
2025-10-08 17:29:31,093 [DEBUG] Accepted segment [63488:64512], variance=0.0614, QRS count=4
2025-10-08 17:29:31,098 [DEBUG] Accepted segment [64000:65024], variance=0.0665, QRS count=4
2025-10-08 17:29:31,103 [DEBUG] Accepted segment [64512:65536], variance=0.0698, QRS count=4
2025-10-08 17:29:31,108 [DEBUG] Accepted segment [65024:66048], variance=0.0600, QRS count=4
2025-10-08 17:29:31,116 [DEBUG] Accepted segment [65536:66560], variance=0.0562, QRS count=4
2025-10-08 17:29:31,122 [DEBUG] Accepted segment [66048:67072], variance=0.0646, QRS count=5
2025-10-08 17:29:31,128 [DEBUG] Accepted segment [66560:67584], variance=0.0682, QRS count=4
2025-10-08 17:29:31,134 [DEBUG] Accepted segment [67072:68096], variance=0.0609, QRS count=4
2025-10-08 17:29:31,140 [DEBUG] Accepted segment [67584:68608], variance=0.0569, QRS count=4
2025-10-08 17:29:31,146 [DEBUG] Accepted segment [68096:69120], variance=0.0652, QRS count=5
2025-10-08 17:29:31,152 [DEBUG] Accepted segment [68608:69632], variance=0.0696, QRS count=4
2025-10-08 17:29:31,158 [DEBUG] Accepted segment [69120:70144], variance=0.0609, QRS count=4
2025-10-08 17:29:31,164 [DEBUG] Accepted segment [69632:70656], variance=0.0629, QRS count=5
2025-10-08 17:29:31,170 [DEBUG] Accepted segment [70144:71168], variance=0.0675, QRS count=4
2025-10-08 17:29:31,176 [DEBUG] Accepted segment [70656:71680], variance=0.0603, QRS count=4
2025-10-08 17:29:31,183 [DEBUG] Accepted segment [71168:72192], variance=0.0674, QRS count=5
2025-10-08 17:29:31,190 [DEBUG] Accepted segment [71680:72704], variance=0.0668, QRS count=4
2025-10-08 17:29:31,196 [DEBUG] Accepted segment [72192:73216], variance=0.0556, QRS count=4
2025-10-08 17:29:31,203 [DEBUG] Accepted segment [72704:73728], variance=0.0672, QRS count=5
2025-10-08 17:29:31,210 [DEBUG] Accepted segment [73216:74240], variance=0.0669, QRS count=4
2025-10-08 17:29:31,218 [DEBUG] Accepted segment [73728:74752], variance=0.0551, QRS count=5
2025-10-08 17:29:31,225 [DEBUG] Accepted segment [74240:75264], variance=0.0668, QRS count=5
2025-10-08 17:29:31,231 [DEBUG] Accepted segment [74752:75776], variance=0.0669, QRS count=4
2025-10-08 17:29:31,238 [DEBUG] Accepted segment [75264:76288], variance=0.0631, QRS count=4
2025-10-08 17:29:31,245 [DEBUG] Accepted segment [75776:76800], variance=0.0682, QRS count=5
2025-10-08 17:29:31,252 [DEBUG] Accepted segment [76288:77312], variance=0.0602, QRS count=4
2025-10-08 17:29:31,258 [DEBUG] Accepted segment [76800:77824], variance=0.0663, QRS count=5
2025-10-08 17:29:31,264 [DEBUG] Accepted segment [77312:78336], variance=0.0746, QRS count=5
2025-10-08 17:29:31,270 [DEBUG] Accepted segment [77824:78848], variance=0.0747, QRS count=5
2025-10-08 17:29:31,276 [DEBUG] Accepted segment [78336:79360], variance=0.0700, QRS count=5
2025-10-08 17:29:31,282 [DEBUG] Accepted segment [78848:79872], variance=0.0689, QRS count=5
2025-10-08 17:29:31,287 [DEBUG] Accepted segment [79360:80384], variance=0.0664, QRS count=4
2025-10-08 17:29:31,294 [DEBUG] Accepted segment [79872:80896], variance=0.0676, QRS count=5
2025-10-08 17:29:31,300 [DEBUG] Accepted segment [80384:81408], variance=0.0665, QRS count=4
2025-10-08 17:29:31,306 [DEBUG] Accepted segment [80896:81920], variance=0.0647, QRS count=5
2025-10-08 17:29:31,313 [DEBUG] Accepted segment [81408:82432], variance=0.0655, QRS count=4
2025-10-08 17:29:31,319 [DEBUG] Accepted segment [81920:82944], variance=0.0642, QRS count=5
2025-10-08 17:29:31,325 [DEBUG] Accepted segment [82432:83456], variance=0.0676, QRS count=5
2025-10-08 17:29:31,330 [DEBUG] Accepted segment [82944:83968], variance=0.0592, QRS count=4
2025-10-08 17:29:31,336 [DEBUG] Accepted segment [83456:84480], variance=0.0647, QRS count=5
2025-10-08 17:29:31,342 [DEBUG] Accepted segment [83968:84992], variance=0.0657, QRS count=4
2025-10-08 17:29:31,349 [DEBUG] Accepted segment [84480:85504], variance=0.0633, QRS count=5
2025-10-08 17:29:31,355 [DEBUG] Accepted segment [84992:86016], variance=0.0668, QRS count=5
2025-10-08 17:29:31,361 [DEBUG] Accepted segment [85504:86528], variance=0.0680, QRS count=5
2025-10-08 17:29:31,367 [DEBUG] Accepted segment [86016:87040], variance=0.0652, QRS count=4
2025-10-08 17:29:31,373 [DEBUG] Accepted segment [86528:87552], variance=0.0649, QRS count=5
2025-10-08 17:29:31,379 [DEBUG] Accepted segment [87040:88064], variance=0.0665, QRS count=4
2025-10-08 17:29:31,384 [DEBUG] Accepted segment [87552:88576], variance=0.0640, QRS count=5
2025-10-08 17:29:31,389 [DEBUG] Accepted segment [88064:89088], variance=0.0637, QRS count=5
2025-10-08 17:29:31,395 [DEBUG] Accepted segment [88576:89600], variance=0.0630, QRS count=4
2025-10-08 17:29:31,401 [DEBUG] Accepted segment [89088:90112], variance=0.0606, QRS count=5
2025-10-08 17:29:31,407 [DEBUG] Accepted segment [89600:90624], variance=0.0560, QRS count=4
2025-10-08 17:29:31,412 [DEBUG] Accepted segment [90112:91136], variance=0.0542, QRS count=4
2025-10-08 17:29:31,418 [DEBUG] Accepted segment [90624:91648], variance=0.0615, QRS count=5
2025-10-08 17:29:31,424 [DEBUG] Accepted segment [91136:92160], variance=0.0635, QRS count=4
2025-10-08 17:29:31,430 [DEBUG] Accepted segment [91648:92672], variance=0.0539, QRS count=5
2025-10-08 17:29:31,435 [DEBUG] Accepted segment [92160:93184], variance=0.0651, QRS count=5
2025-10-08 17:29:31,440 [DEBUG] Accepted segment [92672:93696], variance=0.0663, QRS count=4
2025-10-08 17:29:31,446 [DEBUG] Accepted segment [93184:94208], variance=0.0542, QRS count=4
2025-10-08 17:29:31,452 [DEBUG] Accepted segment [93696:94720], variance=0.0644, QRS count=5
2025-10-08 17:29:31,457 [DEBUG] Accepted segment [94208:95232], variance=0.0639, QRS count=4
2025-10-08 17:29:31,462 [DEBUG] Accepted segment [94720:95744], variance=0.0533, QRS count=4
2025-10-08 17:29:31,468 [DEBUG] Accepted segment [95232:96256], variance=0.0611, QRS count=5
2025-10-08 17:29:31,473 [DEBUG] Accepted segment [95744:96768], variance=0.0647, QRS count=4
2025-10-08 17:29:31,479 [DEBUG] Accepted segment [96256:97280], variance=0.0575, QRS count=5
2025-10-08 17:29:31,484 [DEBUG] Accepted segment [96768:97792], variance=0.0637, QRS count=5
2025-10-08 17:29:31,484 [DEBUG] Skipping segment [97280:98304] due to overlap with noise [98200:101600]
2025-10-08 17:29:31,484 [DEBUG] Skipping segment [97792:98816] due to overlap with noise [98200:101600]
2025-10-08 17:29:31,484 [DEBUG] Skipping segment [98304:99328] due to overlap with noise [98200:101600]
2025-10-08 17:29:31,485 [DEBUG] Skipping segment [98816:99840] due to overlap with noise [98200:101600]
2025-10-08 17:29:31,485 [DEBUG] Skipping segment [99328:100352] due to overlap with noise [98200:101600]
2025-10-08 17:29:31,485 [DEBUG] Skipping segment [99840:100864] due to overlap with noise [98200:101600]
2025-10-08 17:29:31,485 [DEBUG] Skipping segment [100352:101376] due to overlap with noise [98200:101600]
2025-10-08 17:29:31,485 [DEBUG] Skipping segment [100864:101888] due to overlap with noise [98200:101600]
2025-10-08 17:29:31,485 [DEBUG] Skipping segment [101376:102400] due to overlap with noise [98200:101600]
2025-10-08 17:29:31,490 [DEBUG] Accepted segment [101888:102912], variance=0.0620, QRS count=5
2025-10-08 17:29:31,495 [DEBUG] Accepted segment [102400:103424], variance=0.0601, QRS count=5
2025-10-08 17:29:31,501 [DEBUG] Accepted segment [102912:103936], variance=0.0623, QRS count=4
2025-10-08 17:29:31,506 [DEBUG] Accepted segment [103424:104448], variance=0.0644, QRS count=5
2025-10-08 17:29:31,512 [DEBUG] Accepted segment [103936:104960], variance=0.0658, QRS count=5
2025-10-08 17:29:31,517 [DEBUG] Accepted segment [104448:105472], variance=0.0645, QRS count=5
2025-10-08 17:29:31,523 [DEBUG] Accepted segment [104960:105984], variance=0.0644, QRS count=5
2025-10-08 17:29:31,528 [DEBUG] Accepted segment [105472:106496], variance=0.0673, QRS count=5
2025-10-08 17:29:31,534 [DEBUG] Accepted segment [105984:107008], variance=0.0652, QRS count=5
2025-10-08 17:29:31,539 [DEBUG] Accepted segment [106496:107520], variance=0.0622, QRS count=5
2025-10-08 17:29:31,545 [DEBUG] Accepted segment [107008:108032], variance=0.0632, QRS count=4
2025-10-08 17:29:31,552 [DEBUG] Accepted segment [107520:108544], variance=0.0575, QRS count=4
2025-10-08 17:29:31,558 [DEBUG] Accepted segment [108032:109056], variance=0.0623, QRS count=5
2025-10-08 17:29:31,563 [DEBUG] Accepted segment [108544:109568], variance=0.0661, QRS count=4
2025-10-08 17:29:31,563 [DEBUG] Skipping segment [109056:110080] due to overlap with noise [110000:110800]
2025-10-08 17:29:31,563 [DEBUG] Skipping segment [109568:110592] due to overlap with noise [110000:110800]
2025-10-08 17:29:31,563 [DEBUG] Skipping segment [110080:111104] due to overlap with noise [110000:110800]
2025-10-08 17:29:31,563 [DEBUG] Skipping segment [110592:111616] due to overlap with noise [110000:110800]
2025-10-08 17:29:31,569 [DEBUG] Accepted segment [111104:112128], variance=0.0659, QRS count=5
2025-10-08 17:29:31,574 [DEBUG] Accepted segment [111616:112640], variance=0.0660, QRS count=4
2025-10-08 17:29:31,580 [DEBUG] Accepted segment [112128:113152], variance=0.0650, QRS count=5
2025-10-08 17:29:31,586 [DEBUG] Accepted segment [112640:113664], variance=0.0650, QRS count=4
2025-10-08 17:29:31,592 [DEBUG] Accepted segment [113152:114176], variance=0.0616, QRS count=5
2025-10-08 17:29:31,598 [DEBUG] Accepted segment [113664:114688], variance=0.0663, QRS count=4
2025-10-08 17:29:31,604 [DEBUG] Accepted segment [114176:115200], variance=0.0597, QRS count=4
2025-10-08 17:29:31,609 [DEBUG] Accepted segment [114688:115712], variance=0.0616, QRS count=5
2025-10-08 17:29:31,615 [DEBUG] Accepted segment [115200:116224], variance=0.0643, QRS count=4
2025-10-08 17:29:31,621 [DEBUG] Accepted segment [115712:116736], variance=0.0654, QRS count=5
2025-10-08 17:29:31,627 [DEBUG] Accepted segment [116224:117248], variance=0.0645, QRS count=5
2025-10-08 17:29:31,633 [DEBUG] Accepted segment [116736:117760], variance=0.0676, QRS count=5
2025-10-08 17:29:31,633 [DEBUG] Skipping segment [117248:118272] due to overlap with noise [118000:119600]
2025-10-08 17:29:31,633 [DEBUG] Skipping segment [117760:118784] due to overlap with noise [118000:119600]
2025-10-08 17:29:31,633 [DEBUG] Skipping segment [118272:119296] due to overlap with noise [118000:119600]
2025-10-08 17:29:31,633 [DEBUG] Skipping segment [118784:119808] due to overlap with noise [118000:119600]
2025-10-08 17:29:31,633 [DEBUG] Skipping segment [119296:120320] due to overlap with noise [118000:119600]
2025-10-08 17:29:31,639 [DEBUG] Accepted segment [119808:120832], variance=0.0673, QRS count=5
2025-10-08 17:29:31,645 [DEBUG] Accepted segment [120320:121344], variance=0.0726, QRS count=5
2025-10-08 17:29:31,652 [DEBUG] Accepted segment [120832:121856], variance=0.0690, QRS count=6
2025-10-08 17:29:31,658 [DEBUG] Accepted segment [121344:122368], variance=0.0672, QRS count=6
2025-10-08 17:29:31,666 [DEBUG] Accepted segment [121856:122880], variance=0.0585, QRS count=5
2025-10-08 17:29:31,672 [DEBUG] Accepted segment [122368:123392], variance=0.0596, QRS count=5
2025-10-08 17:29:31,678 [DEBUG] Accepted segment [122880:123904], variance=0.0629, QRS count=4
2025-10-08 17:29:31,684 [DEBUG] Accepted segment [123392:124416], variance=0.0610, QRS count=5
2025-10-08 17:29:31,690 [DEBUG] Accepted segment [123904:124928], variance=0.0617, QRS count=4
2025-10-08 17:29:31,697 [DEBUG] Accepted segment [124416:125440], variance=0.0623, QRS count=5
2025-10-08 17:29:31,702 [DEBUG] Accepted segment [124928:125952], variance=0.0606, QRS count=4
2025-10-08 17:29:31,708 [DEBUG] Accepted segment [125440:126464], variance=0.0610, QRS count=5
2025-10-08 17:29:31,714 [DEBUG] Accepted segment [125952:126976], variance=0.0601, QRS count=4
2025-10-08 17:29:31,720 [DEBUG] Accepted segment [126464:127488], variance=0.0592, QRS count=5
2025-10-08 17:29:31,721 [INFO] Segmented signal of length 127999 into 220 valid segments
2025-10-08 17:29:34,821 [INFO] Epoch 1 - Loss: 1.5527, MAE: 0.6437, Val Loss: 0.5087, Val MAE: 0.5548
2025-10-08 17:29:39,011 [DEBUG] Accepted segment [0:1024], variance=0.0402, QRS count=6
2025-10-08 17:29:39,044 [DEBUG] Accepted segment [512:1536], variance=0.0419, QRS count=6
2025-10-08 17:29:39,073 [DEBUG] Accepted segment [1024:2048], variance=0.0415, QRS count=6
2025-10-08 17:29:39,100 [DEBUG] Accepted segment [1536:2560], variance=0.0390, QRS count=6
2025-10-08 17:29:39,146 [DEBUG] Accepted segment [2048:3072], variance=0.0377, QRS count=6
2025-10-08 17:29:39,172 [DEBUG] Accepted segment [2560:3584], variance=0.0409, QRS count=6
2025-10-08 17:29:39,193 [DEBUG] Accepted segment [3072:4096], variance=0.0414, QRS count=5
2025-10-08 17:29:39,211 [DEBUG] Accepted segment [3584:4608], variance=0.0384, QRS count=5
2025-10-08 17:29:39,230 [DEBUG] Accepted segment [4096:5120], variance=0.0392, QRS count=5
2025-10-08 17:29:39,249 [DEBUG] Accepted segment [4608:5632], variance=0.0402, QRS count=5
2025-10-08 17:29:39,268 [DEBUG] Accepted segment [5120:6144], variance=0.0394, QRS count=5
2025-10-08 17:29:39,289 [DEBUG] Accepted segment [5632:6656], variance=0.0395, QRS count=5
2025-10-08 17:29:39,325 [DEBUG] Accepted segment [6144:7168], variance=0.0415, QRS count=5
2025-10-08 17:29:39,360 [DEBUG] Accepted segment [6656:7680], variance=0.0433, QRS count=5
2025-10-08 17:29:39,383 [DEBUG] Accepted segment [7168:8192], variance=0.0412, QRS count=5
2025-10-08 17:29:39,410 [DEBUG] Accepted segment [7680:8704], variance=0.0387, QRS count=6
2025-10-08 17:29:39,442 [DEBUG] Accepted segment [8192:9216], variance=0.0424, QRS count=6
2025-10-08 17:29:39,469 [DEBUG] Accepted segment [8704:9728], variance=0.0459, QRS count=6
2025-10-08 17:29:39,497 [DEBUG] Accepted segment [9216:10240], variance=0.0427, QRS count=5
2025-10-08 17:29:39,527 [DEBUG] Accepted segment [9728:10752], variance=0.0465, QRS count=5
2025-10-08 17:29:39,557 [DEBUG] Accepted segment [10240:11264], variance=0.0452, QRS count=6
2025-10-08 17:29:39,593 [DEBUG] Accepted segment [10752:11776], variance=0.0496, QRS count=6
2025-10-08 17:29:39,617 [DEBUG] Accepted segment [11264:12288], variance=0.0525, QRS count=6
2025-10-08 17:29:39,649 [DEBUG] Accepted segment [11776:12800], variance=0.0397, QRS count=6
2025-10-08 17:29:39,683 [DEBUG] Accepted segment [12288:13312], variance=0.0377, QRS count=6
2025-10-08 17:29:39,716 [DEBUG] Accepted segment [12800:13824], variance=0.0388, QRS count=6
2025-10-08 17:29:39,745 [DEBUG] Accepted segment [13312:14336], variance=0.0378, QRS count=6
2025-10-08 17:29:39,778 [DEBUG] Accepted segment [13824:14848], variance=0.0385, QRS count=6
2025-10-08 17:29:39,817 [DEBUG] Accepted segment [14336:15360], variance=0.0398, QRS count=6
2025-10-08 17:29:39,860 [DEBUG] Accepted segment [14848:15872], variance=0.0393, QRS count=5
2025-10-08 17:29:39,899 [DEBUG] Accepted segment [15360:16384], variance=0.0346, QRS count=6
2025-10-08 17:29:39,925 [DEBUG] Accepted segment [15872:16896], variance=0.0356, QRS count=5
2025-10-08 17:29:39,960 [DEBUG] Accepted segment [16384:17408], variance=0.0412, QRS count=5
2025-10-08 17:29:39,992 [DEBUG] Accepted segment [16896:17920], variance=0.0429, QRS count=5
2025-10-08 17:29:40,022 [DEBUG] Accepted segment [17408:18432], variance=0.0438, QRS count=5
2025-10-08 17:29:40,055 [DEBUG] Accepted segment [17920:18944], variance=0.0445, QRS count=5
2025-10-08 17:29:40,106 [DEBUG] Accepted segment [18432:19456], variance=0.0446, QRS count=5
2025-10-08 17:29:40,134 [DEBUG] Accepted segment [18944:19968], variance=0.0441, QRS count=5
2025-10-08 17:29:40,156 [DEBUG] Accepted segment [19456:20480], variance=0.0441, QRS count=5
2025-10-08 17:29:40,178 [DEBUG] Accepted segment [19968:20992], variance=0.0429, QRS count=5
2025-10-08 17:29:40,202 [DEBUG] Accepted segment [20480:21504], variance=0.0406, QRS count=5
2025-10-08 17:29:40,233 [DEBUG] Accepted segment [20992:22016], variance=0.0402, QRS count=5
2025-10-08 17:29:40,269 [DEBUG] Accepted segment [21504:22528], variance=0.0406, QRS count=5
2025-10-08 17:29:40,304 [DEBUG] Accepted segment [22016:23040], variance=0.0405, QRS count=5
2025-10-08 17:29:40,346 [DEBUG] Accepted segment [22528:23552], variance=0.0406, QRS count=5
2025-10-08 17:29:40,384 [DEBUG] Accepted segment [23040:24064], variance=0.0412, QRS count=5
2025-10-08 17:29:40,422 [DEBUG] Accepted segment [23552:24576], variance=0.0423, QRS count=5
2025-10-08 17:29:40,468 [DEBUG] Accepted segment [24064:25088], variance=0.0420, QRS count=6
2025-10-08 17:29:40,502 [DEBUG] Accepted segment [24576:25600], variance=0.0412, QRS count=6
2025-10-08 17:29:40,537 [DEBUG] Accepted segment [25088:26112], variance=0.0412, QRS count=6
2025-10-08 17:29:40,575 [DEBUG] Accepted segment [25600:26624], variance=0.0407, QRS count=6
2025-10-08 17:29:40,609 [DEBUG] Accepted segment [26112:27136], variance=0.0394, QRS count=6
2025-10-08 17:29:40,637 [DEBUG] Accepted segment [26624:27648], variance=0.0471, QRS count=6
2025-10-08 17:29:40,665 [DEBUG] Accepted segment [27136:28160], variance=0.0493, QRS count=6
2025-10-08 17:29:40,702 [DEBUG] Accepted segment [27648:28672], variance=0.0420, QRS count=6
2025-10-08 17:29:40,735 [DEBUG] Accepted segment [28160:29184], variance=0.0394, QRS count=5
2025-10-08 17:29:40,770 [DEBUG] Accepted segment [28672:29696], variance=0.0345, QRS count=5
2025-10-08 17:29:40,791 [DEBUG] Accepted segment [29184:30208], variance=0.0353, QRS count=5
2025-10-08 17:29:40,817 [DEBUG] Accepted segment [29696:30720], variance=0.0395, QRS count=5
2025-10-08 17:29:40,845 [DEBUG] Accepted segment [30208:31232], variance=0.0400, QRS count=5
2025-10-08 17:29:40,891 [DEBUG] Accepted segment [30720:31744], variance=0.0419, QRS count=5
2025-10-08 17:29:40,936 [DEBUG] Accepted segment [31232:32256], variance=0.0425, QRS count=5
2025-10-08 17:29:40,972 [DEBUG] Accepted segment [31744:32768], variance=0.0409, QRS count=5
2025-10-08 17:29:41,008 [DEBUG] Accepted segment [32256:33280], variance=0.0398, QRS count=5
2025-10-08 17:29:41,040 [DEBUG] Accepted segment [32768:33792], variance=0.0410, QRS count=5
2025-10-08 17:29:41,078 [DEBUG] Accepted segment [33280:34304], variance=0.0416, QRS count=5
2025-10-08 17:29:41,122 [DEBUG] Accepted segment [33792:34816], variance=0.0405, QRS count=5
2025-10-08 17:29:41,158 [DEBUG] Accepted segment [34304:35328], variance=0.0395, QRS count=6
2025-10-08 17:29:41,197 [DEBUG] Accepted segment [34816:35840], variance=0.0397, QRS count=6
2025-10-08 17:29:41,242 [DEBUG] Accepted segment [35328:36352], variance=0.0419, QRS count=6
2025-10-08 17:29:41,278 [DEBUG] Accepted segment [35840:36864], variance=0.0427, QRS count=6
2025-10-08 17:29:41,320 [DEBUG] Accepted segment [36352:37376], variance=0.0419, QRS count=6
2025-10-08 17:29:41,362 [DEBUG] Accepted segment [36864:37888], variance=0.0411, QRS count=6
2025-10-08 17:29:41,405 [DEBUG] Accepted segment [37376:38400], variance=0.0402, QRS count=5
2025-10-08 17:29:41,447 [DEBUG] Accepted segment [37888:38912], variance=0.0358, QRS count=6
2025-10-08 17:29:41,488 [DEBUG] Accepted segment [38400:39424], variance=0.0363, QRS count=5
2025-10-08 17:29:41,557 [DEBUG] Accepted segment [38912:39936], variance=0.0418, QRS count=5
2025-10-08 17:29:41,588 [DEBUG] Accepted segment [39424:40448], variance=0.0436, QRS count=5
2025-10-08 17:29:41,617 [DEBUG] Accepted segment [39936:40960], variance=0.0433, QRS count=5
2025-10-08 17:29:41,652 [DEBUG] Accepted segment [40448:41472], variance=0.0420, QRS count=5
2025-10-08 17:29:41,682 [DEBUG] Accepted segment [40960:41984], variance=0.0409, QRS count=5
2025-10-08 17:29:41,712 [DEBUG] Accepted segment [41472:42496], variance=0.0399, QRS count=6
2025-10-08 17:29:41,741 [DEBUG] Accepted segment [41984:43008], variance=0.0410, QRS count=6
2025-10-08 17:29:41,777 [DEBUG] Accepted segment [42496:43520], variance=0.0423, QRS count=6
2025-10-08 17:29:41,816 [DEBUG] Accepted segment [43008:44032], variance=0.0413, QRS count=6
2025-10-08 17:29:41,849 [DEBUG] Accepted segment [43520:44544], variance=0.0393, QRS count=6
2025-10-08 17:29:41,888 [DEBUG] Accepted segment [44032:45056], variance=0.0401, QRS count=6
2025-10-08 17:29:41,952 [DEBUG] Accepted segment [44544:45568], variance=0.0421, QRS count=6
2025-10-08 17:29:42,010 [DEBUG] Accepted segment [45056:46080], variance=0.0420, QRS count=6
2025-10-08 17:29:42,051 [DEBUG] Accepted segment [45568:46592], variance=0.0406, QRS count=6
2025-10-08 17:29:42,074 [DEBUG] Accepted segment [46080:47104], variance=0.0402, QRS count=6
2025-10-08 17:29:42,102 [DEBUG] Accepted segment [46592:47616], variance=0.0409, QRS count=6
2025-10-08 17:29:42,133 [DEBUG] Accepted segment [47104:48128], variance=0.0409, QRS count=6
2025-10-08 17:29:42,155 [DEBUG] Accepted segment [47616:48640], variance=0.0406, QRS count=6
2025-10-08 17:29:42,183 [DEBUG] Accepted segment [48128:49152], variance=0.0408, QRS count=5
2025-10-08 17:29:42,207 [DEBUG] Accepted segment [48640:49664], variance=0.0422, QRS count=5
2025-10-08 17:29:42,230 [DEBUG] Accepted segment [49152:50176], variance=0.0407, QRS count=5
2025-10-08 17:29:42,251 [DEBUG] Accepted segment [49664:50688], variance=0.0342, QRS count=6
2025-10-08 17:29:42,285 [DEBUG] Accepted segment [50176:51200], variance=0.0361, QRS count=5
2025-10-08 17:29:42,317 [DEBUG] Accepted segment [50688:51712], variance=0.0422, QRS count=5
2025-10-08 17:29:42,345 [DEBUG] Accepted segment [51200:52224], variance=0.0421, QRS count=5
2025-10-08 17:29:42,371 [DEBUG] Accepted segment [51712:52736], variance=0.0413, QRS count=5
2025-10-08 17:29:42,392 [DEBUG] Accepted segment [52224:53248], variance=0.0424, QRS count=5
2025-10-08 17:29:42,411 [DEBUG] Accepted segment [52736:53760], variance=0.0428, QRS count=5
2025-10-08 17:29:42,433 [DEBUG] Accepted segment [53248:54272], variance=0.0407, QRS count=6
2025-10-08 17:29:42,455 [DEBUG] Accepted segment [53760:54784], variance=0.0401, QRS count=6
2025-10-08 17:29:42,478 [DEBUG] Accepted segment [54272:55296], variance=0.0403, QRS count=6
2025-10-08 17:29:42,497 [DEBUG] Accepted segment [54784:55808], variance=0.0409, QRS count=6
2025-10-08 17:29:42,518 [DEBUG] Accepted segment [55296:56320], variance=0.0409, QRS count=5
2025-10-08 17:29:42,545 [DEBUG] Accepted segment [55808:56832], variance=0.0340, QRS count=6
2025-10-08 17:29:42,574 [DEBUG] Accepted segment [56320:57344], variance=0.0343, QRS count=6
2025-10-08 17:29:42,603 [DEBUG] Accepted segment [56832:57856], variance=0.0403, QRS count=5
2025-10-08 17:29:42,632 [DEBUG] Accepted segment [57344:58368], variance=0.0385, QRS count=5
2025-10-08 17:29:42,656 [DEBUG] Accepted segment [57856:58880], variance=0.0381, QRS count=5
2025-10-08 17:29:42,678 [DEBUG] Accepted segment [58368:59392], variance=0.0402, QRS count=5
2025-10-08 17:29:42,699 [DEBUG] Accepted segment [58880:59904], variance=0.0411, QRS count=5
2025-10-08 17:29:42,725 [DEBUG] Accepted segment [59392:60416], variance=0.0399, QRS count=5
2025-10-08 17:29:42,750 [DEBUG] Accepted segment [59904:60928], variance=0.0400, QRS count=6
2025-10-08 17:29:42,780 [DEBUG] Accepted segment [60416:61440], variance=0.0408, QRS count=6
2025-10-08 17:29:42,792 [DEBUG] Accepted segment [60928:61952], variance=0.0404, QRS count=6
2025-10-08 17:29:42,818 [DEBUG] Accepted segment [61440:62464], variance=0.0402, QRS count=6
2025-10-08 17:29:42,842 [DEBUG] Accepted segment [61952:62976], variance=0.0393, QRS count=5
2025-10-08 17:29:42,863 [DEBUG] Accepted segment [62464:63488], variance=0.0352, QRS count=6
2025-10-08 17:29:42,891 [DEBUG] Accepted segment [62976:64000], variance=0.0403, QRS count=5
2025-10-08 17:29:42,916 [DEBUG] Accepted segment [63488:64512], variance=0.0450, QRS count=6
2025-10-08 17:29:42,927 [DEBUG] Accepted segment [64000:65024], variance=0.0414, QRS count=6
2025-10-08 17:29:42,937 [DEBUG] Accepted segment [64512:65536], variance=0.0425, QRS count=6
2025-10-08 17:29:42,948 [DEBUG] Accepted segment [65024:66048], variance=0.0414, QRS count=6
2025-10-08 17:29:42,965 [DEBUG] Accepted segment [65536:66560], variance=0.0358, QRS count=6
2025-10-08 17:29:42,980 [DEBUG] Accepted segment [66048:67072], variance=0.0355, QRS count=6
2025-10-08 17:29:43,000 [DEBUG] Accepted segment [66560:67584], variance=0.0398, QRS count=5
2025-10-08 17:29:43,016 [DEBUG] Accepted segment [67072:68096], variance=0.0410, QRS count=5
2025-10-08 17:29:43,033 [DEBUG] Accepted segment [67584:68608], variance=0.0393, QRS count=5
2025-10-08 17:29:43,052 [DEBUG] Accepted segment [68096:69120], variance=0.0400, QRS count=5
2025-10-08 17:29:43,071 [DEBUG] Accepted segment [68608:69632], variance=0.0419, QRS count=5
2025-10-08 17:29:43,091 [DEBUG] Accepted segment [69120:70144], variance=0.0409, QRS count=5
2025-10-08 17:29:43,113 [DEBUG] Accepted segment [69632:70656], variance=0.0407, QRS count=5
2025-10-08 17:29:43,141 [DEBUG] Accepted segment [70144:71168], variance=0.0428, QRS count=6
2025-10-08 17:29:43,161 [DEBUG] Accepted segment [70656:71680], variance=0.0434, QRS count=6
2025-10-08 17:29:43,182 [DEBUG] Accepted segment [71168:72192], variance=0.1024, QRS count=6
2025-10-08 17:29:43,213 [DEBUG] Accepted segment [71680:72704], variance=0.1012, QRS count=6
2025-10-08 17:29:43,239 [DEBUG] Accepted segment [72192:73216], variance=0.0421, QRS count=6
2025-10-08 17:29:43,257 [DEBUG] Accepted segment [72704:73728], variance=0.0443, QRS count=6
2025-10-08 17:29:43,277 [DEBUG] Accepted segment [73216:74240], variance=0.0363, QRS count=5
2025-10-08 17:29:43,299 [DEBUG] Accepted segment [73728:74752], variance=0.0346, QRS count=5
2025-10-08 17:29:43,325 [DEBUG] Accepted segment [74240:75264], variance=0.0419, QRS count=5
2025-10-08 17:29:43,365 [DEBUG] Accepted segment [74752:75776], variance=0.0424, QRS count=5
2025-10-08 17:29:43,400 [DEBUG] Accepted segment [75264:76288], variance=0.0417, QRS count=6
2025-10-08 17:29:43,423 [DEBUG] Accepted segment [75776:76800], variance=0.0351, QRS count=5
2025-10-08 17:29:43,448 [DEBUG] Accepted segment [76288:77312], variance=0.0362, QRS count=5
2025-10-08 17:29:43,468 [DEBUG] Accepted segment [76800:77824], variance=0.0426, QRS count=5
2025-10-08 17:29:43,494 [DEBUG] Accepted segment [77312:78336], variance=0.0413, QRS count=5
2025-10-08 17:29:43,523 [DEBUG] Accepted segment [77824:78848], variance=0.0425, QRS count=6
2025-10-08 17:29:43,550 [DEBUG] Accepted segment [78336:79360], variance=0.0376, QRS count=6
2025-10-08 17:29:43,573 [DEBUG] Accepted segment [78848:79872], variance=0.0357, QRS count=5
2025-10-08 17:29:43,593 [DEBUG] Accepted segment [79360:80384], variance=0.0419, QRS count=5
2025-10-08 17:29:43,623 [DEBUG] Accepted segment [79872:80896], variance=0.0437, QRS count=5
2025-10-08 17:29:43,651 [DEBUG] Accepted segment [80384:81408], variance=0.0438, QRS count=6
2025-10-08 17:29:43,678 [DEBUG] Accepted segment [80896:81920], variance=0.0365, QRS count=5
2025-10-08 17:29:43,698 [DEBUG] Accepted segment [81408:82432], variance=0.0377, QRS count=5
2025-10-08 17:29:43,726 [DEBUG] Accepted segment [81920:82944], variance=0.0453, QRS count=5
2025-10-08 17:29:43,764 [DEBUG] Accepted segment [82432:83456], variance=0.0444, QRS count=5
2025-10-08 17:29:43,800 [DEBUG] Accepted segment [82944:83968], variance=0.0439, QRS count=6
2025-10-08 17:29:43,829 [DEBUG] Accepted segment [83456:84480], variance=0.0381, QRS count=6
2025-10-08 17:29:43,853 [DEBUG] Accepted segment [83968:84992], variance=0.0375, QRS count=5
2025-10-08 17:29:43,878 [DEBUG] Accepted segment [84480:85504], variance=0.0438, QRS count=5
2025-10-08 17:29:43,904 [DEBUG] Accepted segment [84992:86016], variance=0.0450, QRS count=5
2025-10-08 17:29:43,926 [DEBUG] Accepted segment [85504:86528], variance=0.0438, QRS count=6
2025-10-08 17:29:43,951 [DEBUG] Accepted segment [86016:87040], variance=0.0395, QRS count=6
2025-10-08 17:29:43,976 [DEBUG] Accepted segment [86528:87552], variance=0.0371, QRS count=6
2025-10-08 17:29:44,008 [DEBUG] Accepted segment [87040:88064], variance=0.0333, QRS count=5
2025-10-08 17:29:44,032 [DEBUG] Accepted segment [87552:88576], variance=0.0367, QRS count=5
2025-10-08 17:29:44,055 [DEBUG] Accepted segment [88064:89088], variance=0.0441, QRS count=6
2025-10-08 17:29:44,079 [DEBUG] Accepted segment [88576:89600], variance=0.0408, QRS count=5
2025-10-08 17:29:44,106 [DEBUG] Accepted segment [89088:90112], variance=0.0355, QRS count=5
2025-10-08 17:29:44,137 [DEBUG] Accepted segment [89600:90624], variance=0.0369, QRS count=5
2025-10-08 17:29:44,155 [DEBUG] Accepted segment [90112:91136], variance=0.0406, QRS count=5
2025-10-08 17:29:44,167 [DEBUG] Accepted segment [90624:91648], variance=0.0398, QRS count=5
2025-10-08 17:29:44,179 [DEBUG] Accepted segment [91136:92160], variance=0.0410, QRS count=5
2025-10-08 17:29:44,190 [DEBUG] Accepted segment [91648:92672], variance=0.0432, QRS count=5
2025-10-08 17:29:44,200 [DEBUG] Accepted segment [92160:93184], variance=0.0428, QRS count=6
2025-10-08 17:29:44,211 [DEBUG] Accepted segment [92672:93696], variance=0.1231, QRS count=6
2025-10-08 17:29:44,221 [DEBUG] Accepted segment [93184:94208], variance=0.1247, QRS count=6
2025-10-08 17:29:44,231 [DEBUG] Accepted segment [93696:94720], variance=0.0461, QRS count=6
2025-10-08 17:29:44,241 [DEBUG] Accepted segment [94208:95232], variance=0.0474, QRS count=6
2025-10-08 17:29:44,252 [DEBUG] Accepted segment [94720:95744], variance=0.0470, QRS count=6
2025-10-08 17:29:44,261 [DEBUG] Accepted segment [95232:96256], variance=0.0389, QRS count=5
2025-10-08 17:29:44,271 [DEBUG] Accepted segment [95744:96768], variance=0.0370, QRS count=5
2025-10-08 17:29:44,280 [DEBUG] Accepted segment [96256:97280], variance=0.0435, QRS count=5
2025-10-08 17:29:44,292 [DEBUG] Accepted segment [96768:97792], variance=0.0446, QRS count=6
2025-10-08 17:29:44,303 [DEBUG] Accepted segment [97280:98304], variance=0.0436, QRS count=5
2025-10-08 17:29:44,313 [DEBUG] Accepted segment [97792:98816], variance=0.0419, QRS count=5
2025-10-08 17:29:44,321 [DEBUG] Accepted segment [98304:99328], variance=0.0424, QRS count=5
2025-10-08 17:29:44,331 [DEBUG] Accepted segment [98816:99840], variance=0.0469, QRS count=5
2025-10-08 17:29:44,340 [DEBUG] Accepted segment [99328:100352], variance=0.0437, QRS count=5
2025-10-08 17:29:44,349 [DEBUG] Accepted segment [99840:100864], variance=0.0338, QRS count=6
2025-10-08 17:29:44,359 [DEBUG] Accepted segment [100352:101376], variance=0.0349, QRS count=6
2025-10-08 17:29:44,370 [DEBUG] Accepted segment [100864:101888], variance=0.0390, QRS count=5
2025-10-08 17:29:44,381 [DEBUG] Accepted segment [101376:102400], variance=0.0407, QRS count=5
2025-10-08 17:29:44,392 [DEBUG] Accepted segment [101888:102912], variance=0.0429, QRS count=5
2025-10-08 17:29:44,403 [DEBUG] Accepted segment [102400:103424], variance=0.0422, QRS count=5
2025-10-08 17:29:44,414 [DEBUG] Accepted segment [102912:103936], variance=0.0401, QRS count=6
2025-10-08 17:29:44,427 [DEBUG] Accepted segment [103424:104448], variance=0.0405, QRS count=6
2025-10-08 17:29:44,438 [DEBUG] Accepted segment [103936:104960], variance=0.0415, QRS count=6
2025-10-08 17:29:44,449 [DEBUG] Accepted segment [104448:105472], variance=0.0408, QRS count=6
2025-10-08 17:29:44,461 [DEBUG] Accepted segment [104960:105984], variance=0.0404, QRS count=6
2025-10-08 17:29:44,462 [DEBUG] Skipping segment [105472:106496] due to overlap with noise [106400:107000]
2025-10-08 17:29:44,462 [DEBUG] Skipping segment [105984:107008] due to overlap with noise [106400:107000]
2025-10-08 17:29:44,462 [DEBUG] Skipping segment [106496:107520] due to overlap with noise [106400:107000]
2025-10-08 17:29:44,474 [DEBUG] Accepted segment [107008:108032], variance=0.0702, QRS count=6
2025-10-08 17:29:44,485 [DEBUG] Accepted segment [107520:108544], variance=0.0616, QRS count=6
2025-10-08 17:29:44,497 [DEBUG] Accepted segment [108032:109056], variance=0.0688, QRS count=7
2025-10-08 17:29:44,508 [DEBUG] Accepted segment [108544:109568], variance=0.0644, QRS count=6
2025-10-08 17:29:44,518 [DEBUG] Accepted segment [109056:110080], variance=0.0488, QRS count=6
2025-10-08 17:29:44,528 [DEBUG] Accepted segment [109568:110592], variance=0.0477, QRS count=6
2025-10-08 17:29:44,538 [DEBUG] Accepted segment [110080:111104], variance=0.0440, QRS count=6
2025-10-08 17:29:44,548 [DEBUG] Accepted segment [110592:111616], variance=0.0451, QRS count=7
2025-10-08 17:29:44,557 [DEBUG] Accepted segment [111104:112128], variance=0.0552, QRS count=6
2025-10-08 17:29:44,567 [DEBUG] Accepted segment [111616:112640], variance=0.0556, QRS count=6
2025-10-08 17:29:44,576 [DEBUG] Accepted segment [112128:113152], variance=0.0543, QRS count=6
2025-10-08 17:29:44,586 [DEBUG] Accepted segment [112640:113664], variance=0.0555, QRS count=6
2025-10-08 17:29:44,597 [DEBUG] Accepted segment [113152:114176], variance=0.0560, QRS count=5
2025-10-08 17:29:44,609 [DEBUG] Accepted segment [113664:114688], variance=0.0558, QRS count=5
2025-10-08 17:29:44,619 [DEBUG] Accepted segment [114176:115200], variance=0.0667, QRS count=5
2025-10-08 17:29:44,630 [DEBUG] Accepted segment [114688:115712], variance=0.0741, QRS count=6
2025-10-08 17:29:44,640 [DEBUG] Accepted segment [115200:116224], variance=0.0637, QRS count=6
2025-10-08 17:29:44,650 [DEBUG] Accepted segment [115712:116736], variance=0.0559, QRS count=6
2025-10-08 17:29:44,659 [DEBUG] Accepted segment [116224:117248], variance=0.0528, QRS count=6
2025-10-08 17:29:44,669 [DEBUG] Accepted segment [116736:117760], variance=0.0522, QRS count=5
2025-10-08 17:29:44,679 [DEBUG] Accepted segment [117248:118272], variance=0.0472, QRS count=6
2025-10-08 17:29:44,691 [DEBUG] Accepted segment [117760:118784], variance=0.0471, QRS count=5
2025-10-08 17:29:44,704 [DEBUG] Accepted segment [118272:119296], variance=0.0569, QRS count=5
2025-10-08 17:29:44,717 [DEBUG] Accepted segment [118784:119808], variance=0.0603, QRS count=5
2025-10-08 17:29:44,730 [DEBUG] Accepted segment [119296:120320], variance=0.0607, QRS count=5
2025-10-08 17:29:44,743 [DEBUG] Accepted segment [119808:120832], variance=0.0601, QRS count=6
2025-10-08 17:29:44,756 [DEBUG] Accepted segment [120320:121344], variance=0.0600, QRS count=6
2025-10-08 17:29:44,769 [DEBUG] Accepted segment [120832:121856], variance=0.0599, QRS count=6
2025-10-08 17:29:44,780 [DEBUG] Accepted segment [121344:122368], variance=0.0489, QRS count=5
2025-10-08 17:29:44,792 [DEBUG] Accepted segment [121856:122880], variance=0.0471, QRS count=5
2025-10-08 17:29:44,804 [DEBUG] Accepted segment [122368:123392], variance=0.0592, QRS count=5
2025-10-08 17:29:44,816 [DEBUG] Accepted segment [122880:123904], variance=0.0606, QRS count=5
2025-10-08 17:29:44,829 [DEBUG] Accepted segment [123392:124416], variance=0.0582, QRS count=5
2025-10-08 17:29:44,839 [DEBUG] Accepted segment [123904:124928], variance=0.0582, QRS count=6
2025-10-08 17:29:44,847 [DEBUG] Accepted segment [124416:125440], variance=0.0592, QRS count=6
2025-10-08 17:29:44,855 [DEBUG] Accepted segment [124928:125952], variance=0.0585, QRS count=5
2025-10-08 17:29:44,862 [DEBUG] Accepted segment [125440:126464], variance=0.0485, QRS count=5
2025-10-08 17:29:44,870 [DEBUG] Accepted segment [125952:126976], variance=0.0503, QRS count=5
2025-10-08 17:29:44,878 [DEBUG] Accepted segment [126464:127488], variance=0.0614, QRS count=5
2025-10-08 17:29:44,886 [DEBUG] Accepted segment [126976:128000], variance=0.0608, QRS count=5
2025-10-08 17:29:44,886 [INFO] Segmented signal of length 128000 into 246 valid segments
2025-10-08 17:29:46,280 [DEBUG] Accepted segment [0:1024], variance=0.0489, QRS count=5
2025-10-08 17:29:46,311 [DEBUG] Accepted segment [512:1536], variance=0.0602, QRS count=5
2025-10-08 17:29:46,335 [DEBUG] Accepted segment [1024:2048], variance=0.0717, QRS count=5
2025-10-08 17:29:46,361 [DEBUG] Accepted segment [1536:2560], variance=0.0797, QRS count=6
2025-10-08 17:29:46,399 [DEBUG] Accepted segment [2048:3072], variance=0.0709, QRS count=6
2025-10-08 17:29:46,431 [DEBUG] Accepted segment [2560:3584], variance=0.0522, QRS count=5
2025-10-08 17:29:46,453 [DEBUG] Accepted segment [3072:4096], variance=0.0484, QRS count=5
2025-10-08 17:29:46,475 [DEBUG] Accepted segment [3584:4608], variance=0.0533, QRS count=5
2025-10-08 17:29:46,494 [DEBUG] Accepted segment [4096:5120], variance=0.0519, QRS count=6
2025-10-08 17:29:46,519 [DEBUG] Accepted segment [4608:5632], variance=0.0539, QRS count=6
2025-10-08 17:29:46,546 [DEBUG] Accepted segment [5120:6144], variance=0.0559, QRS count=5
2025-10-08 17:29:46,571 [DEBUG] Accepted segment [5632:6656], variance=0.0539, QRS count=5
2025-10-08 17:29:46,593 [DEBUG] Accepted segment [6144:7168], variance=0.0528, QRS count=5
2025-10-08 17:29:46,621 [DEBUG] Accepted segment [6656:7680], variance=0.0470, QRS count=5
2025-10-08 17:29:46,644 [DEBUG] Accepted segment [7168:8192], variance=0.0480, QRS count=5
2025-10-08 17:29:46,660 [DEBUG] Accepted segment [7680:8704], variance=0.0566, QRS count=5
2025-10-08 17:29:46,678 [DEBUG] Accepted segment [8192:9216], variance=0.0601, QRS count=5
2025-10-08 17:29:46,697 [DEBUG] Accepted segment [8704:9728], variance=0.0621, QRS count=6
2025-10-08 17:29:46,716 [DEBUG] Accepted segment [9216:10240], variance=0.0520, QRS count=5
2025-10-08 17:29:46,733 [DEBUG] Accepted segment [9728:10752], variance=0.0495, QRS count=5
2025-10-08 17:29:46,760 [DEBUG] Accepted segment [10240:11264], variance=0.0569, QRS count=5
2025-10-08 17:29:46,779 [DEBUG] Accepted segment [10752:11776], variance=0.0581, QRS count=5
2025-10-08 17:29:46,799 [DEBUG] Accepted segment [11264:12288], variance=0.0586, QRS count=6
2025-10-08 17:29:46,820 [DEBUG] Accepted segment [11776:12800], variance=0.0491, QRS count=6
2025-10-08 17:29:46,836 [DEBUG] Accepted segment [12288:13312], variance=0.0499, QRS count=5
2025-10-08 17:29:46,851 [DEBUG] Accepted segment [12800:13824], variance=0.0607, QRS count=5
2025-10-08 17:29:46,869 [DEBUG] Accepted segment [13312:14336], variance=0.0595, QRS count=5
2025-10-08 17:29:46,892 [DEBUG] Accepted segment [13824:14848], variance=0.0566, QRS count=6
2025-10-08 17:29:46,911 [DEBUG] Accepted segment [14336:15360], variance=0.0585, QRS count=6
2025-10-08 17:29:46,928 [DEBUG] Accepted segment [14848:15872], variance=0.0575, QRS count=6
2025-10-08 17:29:46,944 [DEBUG] Accepted segment [15360:16384], variance=0.0520, QRS count=5
2025-10-08 17:29:46,961 [DEBUG] Accepted segment [15872:16896], variance=0.0511, QRS count=5
2025-10-08 17:29:46,976 [DEBUG] Accepted segment [16384:17408], variance=0.0506, QRS count=5
2025-10-08 17:29:46,992 [DEBUG] Accepted segment [16896:17920], variance=0.0476, QRS count=5
2025-10-08 17:29:47,008 [DEBUG] Accepted segment [17408:18432], variance=0.0447, QRS count=5
2025-10-08 17:29:47,024 [DEBUG] Accepted segment [17920:18944], variance=0.0474, QRS count=6
2025-10-08 17:29:47,040 [DEBUG] Accepted segment [18432:19456], variance=0.0513, QRS count=6
2025-10-08 17:29:47,055 [DEBUG] Accepted segment [18944:19968], variance=0.0520, QRS count=5
2025-10-08 17:29:47,071 [DEBUG] Accepted segment [19456:20480], variance=0.0518, QRS count=5
2025-10-08 17:29:47,086 [DEBUG] Accepted segment [19968:20992], variance=0.0535, QRS count=5
2025-10-08 17:29:47,103 [DEBUG] Accepted segment [20480:21504], variance=0.0570, QRS count=5
2025-10-08 17:29:47,129 [DEBUG] Accepted segment [20992:22016], variance=0.0584, QRS count=5
2025-10-08 17:29:47,156 [DEBUG] Accepted segment [21504:22528], variance=0.0589, QRS count=5
2025-10-08 17:29:47,177 [DEBUG] Accepted segment [22016:23040], variance=0.0598, QRS count=6
2025-10-08 17:29:47,189 [DEBUG] Accepted segment [22528:23552], variance=0.0604, QRS count=6
2025-10-08 17:29:47,201 [DEBUG] Accepted segment [23040:24064], variance=0.0594, QRS count=5
2025-10-08 17:29:47,211 [DEBUG] Accepted segment [23552:24576], variance=0.0598, QRS count=6
2025-10-08 17:29:47,239 [DEBUG] Accepted segment [24064:25088], variance=0.0620, QRS count=6
2025-10-08 17:29:47,265 [DEBUG] Accepted segment [24576:25600], variance=0.1251, QRS count=6
2025-10-08 17:29:47,293 [DEBUG] Accepted segment [25088:26112], variance=0.1270, QRS count=6
2025-10-08 17:29:47,322 [DEBUG] Accepted segment [25600:26624], variance=0.0756, QRS count=6
2025-10-08 17:29:47,349 [DEBUG] Accepted segment [26112:27136], variance=0.0709, QRS count=6
2025-10-08 17:29:47,374 [DEBUG] Accepted segment [26624:27648], variance=0.0589, QRS count=6
2025-10-08 17:29:47,392 [DEBUG] Accepted segment [27136:28160], variance=0.0584, QRS count=6
2025-10-08 17:29:47,422 [DEBUG] Accepted segment [27648:28672], variance=0.0565, QRS count=6
2025-10-08 17:29:47,449 [DEBUG] Accepted segment [28160:29184], variance=0.0559, QRS count=6
2025-10-08 17:29:47,481 [DEBUG] Accepted segment [28672:29696], variance=0.0563, QRS count=6
2025-10-08 17:29:47,512 [DEBUG] Accepted segment [29184:30208], variance=0.0540, QRS count=6
2025-10-08 17:29:47,537 [DEBUG] Accepted segment [29696:30720], variance=0.0480, QRS count=6
2025-10-08 17:29:47,564 [DEBUG] Accepted segment [30208:31232], variance=0.0466, QRS count=5
2025-10-08 17:29:47,589 [DEBUG] Accepted segment [30720:31744], variance=0.0484, QRS count=5
2025-10-08 17:29:47,604 [DEBUG] Accepted segment [31232:32256], variance=0.0523, QRS count=6
2025-10-08 17:29:47,626 [DEBUG] Accepted segment [31744:32768], variance=0.0579, QRS count=6
2025-10-08 17:29:47,649 [DEBUG] Accepted segment [32256:33280], variance=0.0605, QRS count=5
2025-10-08 17:29:47,674 [DEBUG] Accepted segment [32768:33792], variance=0.0593, QRS count=5
2025-10-08 17:29:47,701 [DEBUG] Accepted segment [33280:34304], variance=0.0577, QRS count=5
2025-10-08 17:29:47,723 [DEBUG] Accepted segment [33792:34816], variance=0.0579, QRS count=6
2025-10-08 17:29:47,748 [DEBUG] Accepted segment [34304:35328], variance=0.0569, QRS count=6
2025-10-08 17:29:47,773 [DEBUG] Accepted segment [34816:35840], variance=0.0569, QRS count=6
2025-10-08 17:29:47,807 [DEBUG] Accepted segment [35328:36352], variance=0.0586, QRS count=6
2025-10-08 17:29:47,831 [DEBUG] Accepted segment [35840:36864], variance=0.0496, QRS count=6
2025-10-08 17:29:47,856 [DEBUG] Accepted segment [36352:37376], variance=0.0498, QRS count=5
2025-10-08 17:29:47,883 [DEBUG] Accepted segment [36864:37888], variance=0.0598, QRS count=5
2025-10-08 17:29:47,912 [DEBUG] Accepted segment [37376:38400], variance=0.0608, QRS count=5
2025-10-08 17:29:47,949 [DEBUG] Accepted segment [37888:38912], variance=0.0619, QRS count=5
2025-10-08 17:29:47,976 [DEBUG] Accepted segment [38400:39424], variance=0.0603, QRS count=6
2025-10-08 17:29:47,998 [DEBUG] Accepted segment [38912:39936], variance=0.0589, QRS count=6
2025-10-08 17:29:48,020 [DEBUG] Accepted segment [39424:40448], variance=0.0607, QRS count=6
2025-10-08 17:29:48,042 [DEBUG] Accepted segment [39936:40960], variance=0.0523, QRS count=6
2025-10-08 17:29:48,064 [DEBUG] Accepted segment [40448:41472], variance=0.0519, QRS count=5
2025-10-08 17:29:48,087 [DEBUG] Accepted segment [40960:41984], variance=0.0605, QRS count=5
2025-10-08 17:29:48,112 [DEBUG] Accepted segment [41472:42496], variance=0.0594, QRS count=5
2025-10-08 17:29:48,134 [DEBUG] Accepted segment [41984:43008], variance=0.0573, QRS count=6
2025-10-08 17:29:48,155 [DEBUG] Accepted segment [42496:43520], variance=0.0570, QRS count=6
2025-10-08 17:29:48,177 [DEBUG] Accepted segment [43008:44032], variance=0.0501, QRS count=5
2025-10-08 17:29:48,199 [DEBUG] Accepted segment [43520:44544], variance=0.0484, QRS count=5
2025-10-08 17:29:48,216 [DEBUG] Accepted segment [44032:45056], variance=0.0558, QRS count=5
2025-10-08 17:29:48,233 [DEBUG] Accepted segment [44544:45568], variance=0.0570, QRS count=5
2025-10-08 17:29:48,250 [DEBUG] Accepted segment [45056:46080], variance=0.0533, QRS count=5
2025-10-08 17:29:48,267 [DEBUG] Accepted segment [45568:46592], variance=0.0483, QRS count=6
2025-10-08 17:29:48,286 [DEBUG] Accepted segment [46080:47104], variance=0.0507, QRS count=6
2025-10-08 17:29:48,309 [DEBUG] Accepted segment [46592:47616], variance=0.0576, QRS count=6
2025-10-08 17:29:48,339 [DEBUG] Accepted segment [47104:48128], variance=0.0606, QRS count=6
2025-10-08 17:29:48,357 [DEBUG] Accepted segment [47616:48640], variance=0.0595, QRS count=6
2025-10-08 17:29:48,371 [DEBUG] Accepted segment [48128:49152], variance=0.0510, QRS count=6
2025-10-08 17:29:48,384 [DEBUG] Accepted segment [48640:49664], variance=0.0516, QRS count=5
2025-10-08 17:29:48,402 [DEBUG] Accepted segment [49152:50176], variance=0.0585, QRS count=5
2025-10-08 17:29:48,416 [DEBUG] Accepted segment [49664:50688], variance=0.0584, QRS count=5
2025-10-08 17:29:48,429 [DEBUG] Accepted segment [50176:51200], variance=0.0589, QRS count=6
2025-10-08 17:29:48,448 [DEBUG] Accepted segment [50688:51712], variance=0.0584, QRS count=6
2025-10-08 17:29:48,467 [DEBUG] Accepted segment [51200:52224], variance=0.0501, QRS count=5
2025-10-08 17:29:48,491 [DEBUG] Accepted segment [51712:52736], variance=0.0509, QRS count=5
2025-10-08 17:29:48,509 [DEBUG] Accepted segment [52224:53248], variance=0.0593, QRS count=5
2025-10-08 17:29:48,538 [DEBUG] Accepted segment [52736:53760], variance=0.0583, QRS count=6
2025-10-08 17:29:48,562 [DEBUG] Accepted segment [53248:54272], variance=0.0595, QRS count=5
2025-10-08 17:29:48,589 [DEBUG] Accepted segment [53760:54784], variance=0.0531, QRS count=5
2025-10-08 17:29:48,621 [DEBUG] Accepted segment [54272:55296], variance=0.0531, QRS count=5
2025-10-08 17:29:48,652 [DEBUG] Accepted segment [54784:55808], variance=0.0593, QRS count=5
2025-10-08 17:29:48,681 [DEBUG] Accepted segment [55296:56320], variance=0.0602, QRS count=5
2025-10-08 17:29:48,722 [DEBUG] Accepted segment [55808:56832], variance=0.0621, QRS count=5
2025-10-08 17:29:48,758 [DEBUG] Accepted segment [56320:57344], variance=0.0596, QRS count=5
2025-10-08 17:29:48,783 [DEBUG] Accepted segment [56832:57856], variance=0.0563, QRS count=6
2025-10-08 17:29:48,822 [DEBUG] Accepted segment [57344:58368], variance=0.0567, QRS count=6
2025-10-08 17:29:48,852 [DEBUG] Accepted segment [57856:58880], variance=0.0583, QRS count=5
2025-10-08 17:29:48,879 [DEBUG] Accepted segment [58368:59392], variance=0.0492, QRS count=5
2025-10-08 17:29:48,905 [DEBUG] Accepted segment [58880:59904], variance=0.0492, QRS count=5
2025-10-08 17:29:48,934 [DEBUG] Accepted segment [59392:60416], variance=0.0592, QRS count=5
2025-10-08 17:29:48,967 [DEBUG] Accepted segment [59904:60928], variance=0.0586, QRS count=5
2025-10-08 17:29:48,992 [DEBUG] Accepted segment [60416:61440], variance=0.0579, QRS count=6
2025-10-08 17:29:49,004 [DEBUG] Accepted segment [60928:61952], variance=0.0584, QRS count=6
2025-10-08 17:29:49,017 [DEBUG] Accepted segment [61440:62464], variance=0.0588, QRS count=5
2025-10-08 17:29:49,036 [DEBUG] Accepted segment [61952:62976], variance=0.0565, QRS count=5
2025-10-08 17:29:49,051 [DEBUG] Accepted segment [62464:63488], variance=0.0485, QRS count=6
2025-10-08 17:29:49,065 [DEBUG] Accepted segment [62976:64000], variance=0.0508, QRS count=5
2025-10-08 17:29:49,080 [DEBUG] Accepted segment [63488:64512], variance=0.0608, QRS count=5
2025-10-08 17:29:49,095 [DEBUG] Accepted segment [64000:65024], variance=0.0619, QRS count=5
2025-10-08 17:29:49,110 [DEBUG] Accepted segment [64512:65536], variance=0.0587, QRS count=5
2025-10-08 17:29:49,125 [DEBUG] Accepted segment [65024:66048], variance=0.0603, QRS count=5
2025-10-08 17:29:49,143 [DEBUG] Accepted segment [65536:66560], variance=0.0623, QRS count=5
2025-10-08 17:29:49,160 [DEBUG] Accepted segment [66048:67072], variance=0.0612, QRS count=5
2025-10-08 17:29:49,177 [DEBUG] Accepted segment [66560:67584], variance=0.0614, QRS count=6
2025-10-08 17:29:49,196 [DEBUG] Accepted segment [67072:68096], variance=0.0627, QRS count=6
2025-10-08 17:29:49,213 [DEBUG] Accepted segment [67584:68608], variance=0.0535, QRS count=5
2025-10-08 17:29:49,228 [DEBUG] Accepted segment [68096:69120], variance=0.0529, QRS count=5
2025-10-08 17:29:49,245 [DEBUG] Accepted segment [68608:69632], variance=0.0620, QRS count=5
2025-10-08 17:29:49,261 [DEBUG] Accepted segment [69120:70144], variance=0.0512, QRS count=6
2025-10-08 17:29:49,275 [DEBUG] Accepted segment [69632:70656], variance=0.0508, QRS count=5
2025-10-08 17:29:49,291 [DEBUG] Accepted segment [70144:71168], variance=0.0623, QRS count=5
2025-10-08 17:29:49,305 [DEBUG] Accepted segment [70656:71680], variance=0.0649, QRS count=5
2025-10-08 17:29:49,322 [DEBUG] Accepted segment [71168:72192], variance=0.0649, QRS count=6
2025-10-08 17:29:49,345 [DEBUG] Accepted segment [71680:72704], variance=0.0643, QRS count=6
2025-10-08 17:29:49,370 [DEBUG] Accepted segment [72192:73216], variance=0.0546, QRS count=6
2025-10-08 17:29:49,393 [DEBUG] Accepted segment [72704:73728], variance=0.0550, QRS count=5
2025-10-08 17:29:49,413 [DEBUG] Accepted segment [73216:74240], variance=0.0646, QRS count=5
2025-10-08 17:29:49,433 [DEBUG] Accepted segment [73728:74752], variance=0.0630, QRS count=5
2025-10-08 17:29:49,453 [DEBUG] Accepted segment [74240:75264], variance=0.0623, QRS count=6
2025-10-08 17:29:49,474 [DEBUG] Accepted segment [74752:75776], variance=0.0621, QRS count=6
2025-10-08 17:29:49,493 [DEBUG] Accepted segment [75264:76288], variance=0.0509, QRS count=6
2025-10-08 17:29:49,513 [DEBUG] Accepted segment [75776:76800], variance=0.0518, QRS count=5
2025-10-08 17:29:49,528 [DEBUG] Accepted segment [76288:77312], variance=0.0641, QRS count=5
2025-10-08 17:29:49,545 [DEBUG] Accepted segment [76800:77824], variance=0.0659, QRS count=5
2025-10-08 17:29:49,564 [DEBUG] Accepted segment [77312:78336], variance=0.0647, QRS count=6
2025-10-08 17:29:49,586 [DEBUG] Accepted segment [77824:78848], variance=0.0543, QRS count=5
2025-10-08 17:29:49,603 [DEBUG] Accepted segment [78336:79360], variance=0.0534, QRS count=5
2025-10-08 17:29:49,624 [DEBUG] Accepted segment [78848:79872], variance=0.0600, QRS count=5
2025-10-08 17:29:49,645 [DEBUG] Accepted segment [79360:80384], variance=0.0605, QRS count=6
2025-10-08 17:29:49,663 [DEBUG] Accepted segment [79872:80896], variance=0.0530, QRS count=5
2025-10-08 17:29:49,685 [DEBUG] Accepted segment [80384:81408], variance=0.0525, QRS count=5
2025-10-08 17:29:49,706 [DEBUG] Accepted segment [80896:81920], variance=0.0614, QRS count=5
2025-10-08 17:29:49,726 [DEBUG] Accepted segment [81408:82432], variance=0.0623, QRS count=6
2025-10-08 17:29:49,745 [DEBUG] Accepted segment [81920:82944], variance=0.0606, QRS count=5
2025-10-08 17:29:49,763 [DEBUG] Accepted segment [82432:83456], variance=0.0508, QRS count=5
2025-10-08 17:29:49,781 [DEBUG] Accepted segment [82944:83968], variance=0.0525, QRS count=5
2025-10-08 17:29:49,801 [DEBUG] Accepted segment [83456:84480], variance=0.0618, QRS count=5
2025-10-08 17:29:49,816 [DEBUG] Accepted segment [83968:84992], variance=0.0601, QRS count=5
2025-10-08 17:29:49,827 [DEBUG] Accepted segment [84480:85504], variance=0.0589, QRS count=5
2025-10-08 17:29:49,840 [DEBUG] Accepted segment [84992:86016], variance=0.0579, QRS count=6
2025-10-08 17:29:49,854 [DEBUG] Accepted segment [85504:86528], variance=0.0604, QRS count=6
2025-10-08 17:29:49,871 [DEBUG] Accepted segment [86016:87040], variance=0.0538, QRS count=5
2025-10-08 17:29:49,885 [DEBUG] Accepted segment [86528:87552], variance=0.0515, QRS count=5
2025-10-08 17:29:49,898 [DEBUG] Accepted segment [87040:88064], variance=0.0609, QRS count=5
2025-10-08 17:29:49,912 [DEBUG] Accepted segment [87552:88576], variance=0.0617, QRS count=5
2025-10-08 17:29:49,925 [DEBUG] Accepted segment [88064:89088], variance=0.0498, QRS count=5
2025-10-08 17:29:49,939 [DEBUG] Accepted segment [88576:89600], variance=0.0489, QRS count=5
2025-10-08 17:29:49,954 [DEBUG] Accepted segment [89088:90112], variance=0.0603, QRS count=5
2025-10-08 17:29:49,970 [DEBUG] Accepted segment [89600:90624], variance=0.0612, QRS count=6
2025-10-08 17:29:49,988 [DEBUG] Accepted segment [90112:91136], variance=0.0612, QRS count=6
2025-10-08 17:29:50,005 [DEBUG] Accepted segment [90624:91648], variance=0.0535, QRS count=5
2025-10-08 17:29:50,020 [DEBUG] Accepted segment [91136:92160], variance=0.0552, QRS count=5
2025-10-08 17:29:50,037 [DEBUG] Accepted segment [91648:92672], variance=0.0635, QRS count=5
2025-10-08 17:29:50,053 [DEBUG] Accepted segment [92160:93184], variance=0.0609, QRS count=5
2025-10-08 17:29:50,069 [DEBUG] Accepted segment [92672:93696], variance=0.0534, QRS count=6
2025-10-08 17:29:50,083 [DEBUG] Accepted segment [93184:94208], variance=0.0553, QRS count=5
2025-10-08 17:29:50,097 [DEBUG] Accepted segment [93696:94720], variance=0.0625, QRS count=5
2025-10-08 17:29:50,112 [DEBUG] Accepted segment [94208:95232], variance=0.0619, QRS count=5
2025-10-08 17:29:50,125 [DEBUG] Accepted segment [94720:95744], variance=0.0629, QRS count=6
2025-10-08 17:29:50,144 [DEBUG] Accepted segment [95232:96256], variance=0.0528, QRS count=5
2025-10-08 17:29:50,163 [DEBUG] Accepted segment [95744:96768], variance=0.0525, QRS count=5
2025-10-08 17:29:50,184 [DEBUG] Accepted segment [96256:97280], variance=0.0625, QRS count=5
2025-10-08 17:29:50,200 [DEBUG] Accepted segment [96768:97792], variance=0.0602, QRS count=6
2025-10-08 17:29:50,211 [DEBUG] Accepted segment [97280:98304], variance=0.0574, QRS count=6
2025-10-08 17:29:50,224 [DEBUG] Accepted segment [97792:98816], variance=0.0569, QRS count=6
2025-10-08 17:29:50,240 [DEBUG] Accepted segment [98304:99328], variance=0.0501, QRS count=6
2025-10-08 17:29:50,261 [DEBUG] Accepted segment [98816:99840], variance=0.0510, QRS count=5
2025-10-08 17:29:50,278 [DEBUG] Accepted segment [99328:100352], variance=0.0579, QRS count=5
2025-10-08 17:29:50,299 [DEBUG] Accepted segment [99840:100864], variance=0.0583, QRS count=5
2025-10-08 17:29:50,318 [DEBUG] Accepted segment [100352:101376], variance=0.0604, QRS count=5
2025-10-08 17:29:50,343 [DEBUG] Accepted segment [100864:101888], variance=0.0593, QRS count=6
2025-10-08 17:29:50,365 [DEBUG] Accepted segment [101376:102400], variance=0.0568, QRS count=6
2025-10-08 17:29:50,384 [DEBUG] Accepted segment [101888:102912], variance=0.0552, QRS count=6
2025-10-08 17:29:50,402 [DEBUG] Accepted segment [102400:103424], variance=0.0554, QRS count=6
2025-10-08 17:29:50,424 [DEBUG] Accepted segment [102912:103936], variance=0.0574, QRS count=6
2025-10-08 17:29:50,456 [DEBUG] Accepted segment [103424:104448], variance=0.0576, QRS count=5
2025-10-08 17:29:50,483 [DEBUG] Accepted segment [103936:104960], variance=0.0472, QRS count=6
2025-10-08 17:29:50,504 [DEBUG] Accepted segment [104448:105472], variance=0.0462, QRS count=5
2025-10-08 17:29:50,524 [DEBUG] Accepted segment [104960:105984], variance=0.0554, QRS count=5
2025-10-08 17:29:50,544 [DEBUG] Accepted segment [105472:106496], variance=0.0562, QRS count=5
2025-10-08 17:29:50,566 [DEBUG] Accepted segment [105984:107008], variance=0.0543, QRS count=5
2025-10-08 17:29:50,583 [DEBUG] Accepted segment [106496:107520], variance=0.0518, QRS count=5
2025-10-08 17:29:50,604 [DEBUG] Accepted segment [107008:108032], variance=0.0523, QRS count=5
2025-10-08 17:29:50,622 [DEBUG] Accepted segment [107520:108544], variance=0.0539, QRS count=5
2025-10-08 17:29:50,639 [DEBUG] Accepted segment [108032:109056], variance=0.0543, QRS count=5
2025-10-08 17:29:50,659 [DEBUG] Accepted segment [108544:109568], variance=0.0531, QRS count=6
2025-10-08 17:29:50,683 [DEBUG] Accepted segment [109056:110080], variance=0.0515, QRS count=6
2025-10-08 17:29:50,698 [DEBUG] Accepted segment [109568:110592], variance=0.0521, QRS count=6
2025-10-08 17:29:50,710 [DEBUG] Accepted segment [110080:111104], variance=0.1279, QRS count=6
2025-10-08 17:29:50,725 [DEBUG] Accepted segment [110592:111616], variance=0.1293, QRS count=5
2025-10-08 17:29:50,746 [DEBUG] Accepted segment [111104:112128], variance=0.0552, QRS count=6
2025-10-08 17:29:50,760 [DEBUG] Accepted segment [111616:112640], variance=0.0537, QRS count=6
2025-10-08 17:29:50,775 [DEBUG] Accepted segment [112128:113152], variance=0.0532, QRS count=6
2025-10-08 17:29:50,791 [DEBUG] Accepted segment [112640:113664], variance=0.0558, QRS count=6
2025-10-08 17:29:50,806 [DEBUG] Accepted segment [113152:114176], variance=0.0582, QRS count=5
2025-10-08 17:29:50,823 [DEBUG] Accepted segment [113664:114688], variance=0.0514, QRS count=6
2025-10-08 17:29:50,838 [DEBUG] Accepted segment [114176:115200], variance=0.0525, QRS count=5
2025-10-08 17:29:50,855 [DEBUG] Accepted segment [114688:115712], variance=0.0596, QRS count=5
2025-10-08 17:29:50,872 [DEBUG] Accepted segment [115200:116224], variance=0.0584, QRS count=5
2025-10-08 17:29:50,889 [DEBUG] Accepted segment [115712:116736], variance=0.0515, QRS count=6
2025-10-08 17:29:50,905 [DEBUG] Accepted segment [116224:117248], variance=0.0530, QRS count=5
2025-10-08 17:29:50,921 [DEBUG] Accepted segment [116736:117760], variance=0.0609, QRS count=5
2025-10-08 17:29:50,936 [DEBUG] Accepted segment [117248:118272], variance=0.0628, QRS count=5
2025-10-08 17:29:50,952 [DEBUG] Accepted segment [117760:118784], variance=0.0637, QRS count=6
2025-10-08 17:29:50,966 [DEBUG] Accepted segment [118272:119296], variance=0.0609, QRS count=6
2025-10-08 17:29:50,981 [DEBUG] Accepted segment [118784:119808], variance=0.0506, QRS count=6
2025-10-08 17:29:50,981 [DEBUG] Skipping segment [119296:120320] due to overlap with noise [120200:120500]
2025-10-08 17:29:50,982 [DEBUG] Skipping segment [119808:120832] due to overlap with noise [120200:120500]
2025-10-08 17:29:50,982 [DEBUG] Skipping segment [120320:121344] due to overlap with noise [120200:120500]
2025-10-08 17:29:50,996 [DEBUG] Accepted segment [120832:121856], variance=0.0428, QRS count=6
2025-10-08 17:29:51,011 [DEBUG] Accepted segment [121344:122368], variance=0.0406, QRS count=6
2025-10-08 17:29:51,030 [DEBUG] Accepted segment [121856:122880], variance=0.0365, QRS count=6
2025-10-08 17:29:51,048 [DEBUG] Accepted segment [122368:123392], variance=0.0401, QRS count=5
2025-10-08 17:29:51,064 [DEBUG] Accepted segment [122880:123904], variance=0.0464, QRS count=6
2025-10-08 17:29:51,080 [DEBUG] Accepted segment [123392:124416], variance=0.0520, QRS count=6
2025-10-08 17:29:51,092 [DEBUG] Accepted segment [123904:124928], variance=0.0439, QRS count=5
2025-10-08 17:29:51,111 [DEBUG] Accepted segment [124416:125440], variance=0.0354, QRS count=5
2025-10-08 17:29:51,130 [DEBUG] Accepted segment [124928:125952], variance=0.0386, QRS count=5
2025-10-08 17:29:51,148 [DEBUG] Accepted segment [125440:126464], variance=0.0365, QRS count=5
2025-10-08 17:29:51,168 [DEBUG] Accepted segment [125952:126976], variance=0.0365, QRS count=6
2025-10-08 17:29:51,194 [DEBUG] Accepted segment [126464:127488], variance=0.0327, QRS count=5
2025-10-08 17:29:51,217 [DEBUG] Accepted segment [126976:128000], variance=0.0325, QRS count=5
2025-10-08 17:29:51,218 [INFO] Segmented signal of length 128000 into 246 valid segments
2025-10-08 17:29:53,004 [DEBUG] Skipping segment [0:1024] due to overlap with noise [0:400]
2025-10-08 17:29:53,032 [DEBUG] Accepted segment [512:1536], variance=0.0713, QRS count=4
2025-10-08 17:29:53,054 [DEBUG] Accepted segment [1024:2048], variance=0.0615, QRS count=4
2025-10-08 17:29:53,056 [DEBUG] Skipping segment [1536:2560] due to overlap with noise [2400:3800]
2025-10-08 17:29:53,056 [DEBUG] Skipping segment [2048:3072] due to overlap with noise [2400:3800]
2025-10-08 17:29:53,056 [DEBUG] Skipping segment [2560:3584] due to overlap with noise [2400:3800]
2025-10-08 17:29:53,057 [DEBUG] Skipping segment [3072:4096] due to overlap with noise [2400:3800]
2025-10-08 17:29:53,057 [DEBUG] Skipping segment [3584:4608] due to overlap with noise [2400:3800]
2025-10-08 17:29:53,075 [DEBUG] Accepted segment [4096:5120], variance=0.0638, QRS count=4
2025-10-08 17:29:53,097 [DEBUG] Accepted segment [4608:5632], variance=0.0595, QRS count=4
2025-10-08 17:29:53,112 [DEBUG] Accepted segment [5120:6144], variance=0.0630, QRS count=5
2025-10-08 17:29:53,127 [DEBUG] Accepted segment [5632:6656], variance=0.0667, QRS count=4
2025-10-08 17:29:53,144 [DEBUG] Accepted segment [6144:7168], variance=0.0610, QRS count=4
2025-10-08 17:29:53,157 [DEBUG] Accepted segment [6656:7680], variance=0.0560, QRS count=4
2025-10-08 17:29:53,173 [DEBUG] Accepted segment [7168:8192], variance=0.0571, QRS count=4
2025-10-08 17:29:53,185 [DEBUG] Accepted segment [7680:8704], variance=0.0666, QRS count=4
2025-10-08 17:29:53,192 [DEBUG] Accepted segment [8192:9216], variance=0.0678, QRS count=4
2025-10-08 17:29:53,199 [DEBUG] Accepted segment [8704:9728], variance=0.0588, QRS count=4
2025-10-08 17:29:53,220 [DEBUG] Accepted segment [0:1024], variance=0.0402, QRS count=6
2025-10-08 17:29:53,229 [DEBUG] Accepted segment [9216:10240], variance=0.0635, QRS count=5
2025-10-08 17:29:53,245 [DEBUG] Accepted segment [512:1536], variance=0.0419, QRS count=6
2025-10-08 17:29:53,259 [DEBUG] Accepted segment [9728:10752], variance=0.0676, QRS count=4
2025-10-08 17:29:53,264 [DEBUG] Accepted segment [1024:2048], variance=0.0415, QRS count=6
2025-10-08 17:29:53,283 [DEBUG] Accepted segment [1536:2560], variance=0.0390, QRS count=6
2025-10-08 17:29:53,287 [DEBUG] Accepted segment [10240:11264], variance=0.0598, QRS count=4
2025-10-08 17:29:53,310 [DEBUG] Accepted segment [10752:11776], variance=0.0615, QRS count=4
2025-10-08 17:29:53,313 [DEBUG] Accepted segment [2048:3072], variance=0.0377, QRS count=6
2025-10-08 17:29:53,332 [DEBUG] Accepted segment [11264:12288], variance=0.0670, QRS count=5
2025-10-08 17:29:53,339 [DEBUG] Accepted segment [2560:3584], variance=0.0409, QRS count=6
2025-10-08 17:29:53,358 [DEBUG] Accepted segment [3072:4096], variance=0.0414, QRS count=5
2025-10-08 17:29:53,363 [DEBUG] Accepted segment [11776:12800], variance=0.0617, QRS count=4
2025-10-08 17:29:53,378 [DEBUG] Accepted segment [3584:4608], variance=0.0384, QRS count=5
2025-10-08 17:29:53,389 [DEBUG] Accepted segment [12288:13312], variance=0.0684, QRS count=5
2025-10-08 17:29:53,400 [DEBUG] Accepted segment [4096:5120], variance=0.0392, QRS count=5
2025-10-08 17:29:53,415 [DEBUG] Accepted segment [12800:13824], variance=0.0672, QRS count=4
2025-10-08 17:29:53,420 [DEBUG] Accepted segment [4608:5632], variance=0.0402, QRS count=5
2025-10-08 17:29:53,436 [DEBUG] Accepted segment [13312:14336], variance=0.0669, QRS count=5
2025-10-08 17:29:53,440 [DEBUG] Accepted segment [5120:6144], variance=0.0394, QRS count=5
2025-10-08 17:29:53,455 [DEBUG] Accepted segment [5632:6656], variance=0.0395, QRS count=5
2025-10-08 17:29:53,460 [DEBUG] Accepted segment [13824:14848], variance=0.0698, QRS count=4
2025-10-08 17:29:53,477 [DEBUG] Accepted segment [14336:15360], variance=0.0721, QRS count=5
2025-10-08 17:29:53,480 [DEBUG] Accepted segment [6144:7168], variance=0.0415, QRS count=5
2025-10-08 17:29:53,495 [DEBUG] Accepted segment [6656:7680], variance=0.0433, QRS count=5
2025-10-08 17:29:53,504 [DEBUG] Accepted segment [14848:15872], variance=0.0806, QRS count=5
2025-10-08 17:29:53,517 [DEBUG] Accepted segment [7168:8192], variance=0.0412, QRS count=5
2025-10-08 17:29:53,529 [DEBUG] Accepted segment [7680:8704], variance=0.0387, QRS count=6
2025-10-08 17:29:53,536 [DEBUG] Accepted segment [15360:16384], variance=0.0725, QRS count=6
2025-10-08 17:29:53,551 [DEBUG] Accepted segment [15872:16896], variance=0.0769, QRS count=5
2025-10-08 17:29:53,558 [DEBUG] Accepted segment [8192:9216], variance=0.0424, QRS count=6
2025-10-08 17:29:53,569 [DEBUG] Accepted segment [16384:17408], variance=0.0851, QRS count=5
2025-10-08 17:29:53,580 [DEBUG] Accepted segment [8704:9728], variance=0.0459, QRS count=6
2025-10-08 17:29:53,589 [DEBUG] Accepted segment [16896:17920], variance=0.0787, QRS count=6
2025-10-08 17:29:53,603 [DEBUG] Accepted segment [17408:18432], variance=0.0684, QRS count=5
2025-10-08 17:29:53,613 [DEBUG] Accepted segment [9216:10240], variance=0.0427, QRS count=5
2025-10-08 17:29:53,621 [DEBUG] Accepted segment [17920:18944], variance=0.0600, QRS count=4
2025-10-08 17:29:53,632 [DEBUG] Accepted segment [9728:10752], variance=0.0465, QRS count=5
2025-10-08 17:29:53,643 [DEBUG] Accepted segment [18432:19456], variance=0.0654, QRS count=5
2025-10-08 17:29:53,657 [DEBUG] Accepted segment [18944:19968], variance=0.0706, QRS count=4
2025-10-08 17:29:53,660 [DEBUG] Accepted segment [10240:11264], variance=0.0452, QRS count=6
2025-10-08 17:29:53,675 [DEBUG] Accepted segment [19456:20480], variance=0.0615, QRS count=4
2025-10-08 17:29:53,681 [DEBUG] Accepted segment [10752:11776], variance=0.0496, QRS count=6
2025-10-08 17:29:53,691 [DEBUG] Accepted segment [19968:20992], variance=0.0565, QRS count=4
2025-10-08 17:29:53,701 [DEBUG] Accepted segment [11264:12288], variance=0.0525, QRS count=6
2025-10-08 17:29:53,709 [DEBUG] Accepted segment [20480:21504], variance=0.0658, QRS count=5
2025-10-08 17:29:53,725 [DEBUG] Accepted segment [11776:12800], variance=0.0397, QRS count=6
2025-10-08 17:29:53,727 [DEBUG] Accepted segment [20992:22016], variance=0.0707, QRS count=4
2025-10-08 17:29:53,745 [DEBUG] Accepted segment [12288:13312], variance=0.0377, QRS count=6
2025-10-08 17:29:53,747 [DEBUG] Accepted segment [21504:22528], variance=0.0634, QRS count=4
2025-10-08 17:29:53,763 [DEBUG] Accepted segment [22016:23040], variance=0.0587, QRS count=4
2025-10-08 17:29:53,768 [DEBUG] Accepted segment [12800:13824], variance=0.0388, QRS count=6
2025-10-08 17:29:53,780 [DEBUG] Accepted segment [22528:23552], variance=0.0665, QRS count=5
2025-10-08 17:29:53,781 [DEBUG] Skipping segment [23040:24064] due to overlap with noise [24000:24800]
2025-10-08 17:29:53,782 [DEBUG] Skipping segment [23552:24576] due to overlap with noise [24000:24800]
2025-10-08 17:29:53,782 [DEBUG] Skipping segment [24064:25088] due to overlap with noise [24000:24800]
2025-10-08 17:29:53,785 [DEBUG] Accepted segment [13312:14336], variance=0.0378, QRS count=6
2025-10-08 17:29:53,786 [DEBUG] Skipping segment [24576:25600] due to overlap with noise [24000:24800]
2025-10-08 17:29:53,798 [DEBUG] Accepted segment [25088:26112], variance=0.0705, QRS count=6
2025-10-08 17:29:53,812 [DEBUG] Accepted segment [25600:26624], variance=0.0701, QRS count=5
2025-10-08 17:29:53,813 [DEBUG] Accepted segment [13824:14848], variance=0.0385, QRS count=6
2025-10-08 17:29:53,830 [DEBUG] Accepted segment [26112:27136], variance=0.0624, QRS count=5
2025-10-08 17:29:53,835 [DEBUG] Accepted segment [14336:15360], variance=0.0398, QRS count=6
2025-10-08 17:29:53,848 [DEBUG] Accepted segment [14848:15872], variance=0.0393, QRS count=5
2025-10-08 17:29:53,851 [DEBUG] Accepted segment [26624:27648], variance=0.0628, QRS count=6
2025-10-08 17:29:53,864 [DEBUG] Accepted segment [15360:16384], variance=0.0346, QRS count=6
2025-10-08 17:29:53,876 [DEBUG] Accepted segment [27136:28160], variance=0.0622, QRS count=5
2025-10-08 17:29:53,881 [DEBUG] Accepted segment [15872:16896], variance=0.0356, QRS count=5
2025-10-08 17:29:53,894 [DEBUG] Accepted segment [16384:17408], variance=0.0412, QRS count=5
2025-10-08 17:29:53,900 [DEBUG] Accepted segment [27648:28672], variance=0.0545, QRS count=5
2025-10-08 17:29:53,913 [DEBUG] Accepted segment [16896:17920], variance=0.0429, QRS count=5
2025-10-08 17:29:53,919 [DEBUG] Accepted segment [28160:29184], variance=0.0639, QRS count=5
2025-10-08 17:29:53,929 [DEBUG] Accepted segment [17408:18432], variance=0.0438, QRS count=5
2025-10-08 17:29:53,938 [DEBUG] Accepted segment [28672:29696], variance=0.0645, QRS count=4
2025-10-08 17:29:53,952 [DEBUG] Accepted segment [29184:30208], variance=0.0619, QRS count=5
2025-10-08 17:29:53,954 [DEBUG] Accepted segment [17920:18944], variance=0.0445, QRS count=5
2025-10-08 17:29:53,969 [DEBUG] Accepted segment [18432:19456], variance=0.0446, QRS count=5
2025-10-08 17:29:53,972 [DEBUG] Accepted segment [29696:30720], variance=0.0662, QRS count=5
2025-10-08 17:29:53,987 [DEBUG] Accepted segment [18944:19968], variance=0.0441, QRS count=5
2025-10-08 17:29:53,991 [DEBUG] Accepted segment [30208:31232], variance=0.0584, QRS count=4
2025-10-08 17:29:54,006 [DEBUG] Accepted segment [19456:20480], variance=0.0441, QRS count=5
2025-10-08 17:29:54,009 [DEBUG] Accepted segment [30720:31744], variance=0.0632, QRS count=5
2025-10-08 17:29:54,025 [DEBUG] Accepted segment [19968:20992], variance=0.0429, QRS count=5
2025-10-08 17:29:54,027 [DEBUG] Accepted segment [31232:32256], variance=0.0687, QRS count=4
2025-10-08 17:29:54,039 [DEBUG] Accepted segment [20480:21504], variance=0.0406, QRS count=5
2025-10-08 17:29:54,054 [DEBUG] Accepted segment [20992:22016], variance=0.0402, QRS count=5
2025-10-08 17:29:54,055 [DEBUG] Accepted segment [31744:32768], variance=0.0606, QRS count=4
2025-10-08 17:29:54,072 [DEBUG] Accepted segment [21504:22528], variance=0.0406, QRS count=5
2025-10-08 17:29:54,075 [DEBUG] Accepted segment [32256:33280], variance=0.0556, QRS count=5
2025-10-08 17:29:54,094 [DEBUG] Accepted segment [22016:23040], variance=0.0405, QRS count=5
2025-10-08 17:29:54,094 [DEBUG] Accepted segment [32768:33792], variance=0.0653, QRS count=5
2025-10-08 17:29:54,109 [DEBUG] Accepted segment [22528:23552], variance=0.0406, QRS count=5
2025-10-08 17:29:54,116 [DEBUG] Accepted segment [33280:34304], variance=0.0680, QRS count=4
2025-10-08 17:29:54,127 [DEBUG] Accepted segment [23040:24064], variance=0.0412, QRS count=5
2025-10-08 17:29:54,138 [DEBUG] Accepted segment [33792:34816], variance=0.0583, QRS count=4
2025-10-08 17:29:54,150 [DEBUG] Accepted segment [23552:24576], variance=0.0423, QRS count=5
2025-10-08 17:29:54,152 [DEBUG] Accepted segment [34304:35328], variance=0.0639, QRS count=5
2025-10-08 17:29:54,168 [DEBUG] Accepted segment [24064:25088], variance=0.0420, QRS count=6
2025-10-08 17:29:54,175 [DEBUG] Accepted segment [34816:35840], variance=0.0667, QRS count=4
2025-10-08 17:29:54,182 [DEBUG] Accepted segment [24576:25600], variance=0.0412, QRS count=6
2025-10-08 17:29:54,197 [DEBUG] Accepted segment [35328:36352], variance=0.0591, QRS count=5
2025-10-08 17:29:54,200 [DEBUG] Accepted segment [25088:26112], variance=0.0412, QRS count=6
2025-10-08 17:29:54,215 [DEBUG] Accepted segment [35840:36864], variance=0.0674, QRS count=5
2025-10-08 17:29:54,221 [DEBUG] Accepted segment [25600:26624], variance=0.0407, QRS count=6
2025-10-08 17:29:54,231 [DEBUG] Accepted segment [36352:37376], variance=0.0672, QRS count=4
2025-10-08 17:29:54,245 [DEBUG] Accepted segment [26112:27136], variance=0.0394, QRS count=6
2025-10-08 17:29:54,250 [DEBUG] Accepted segment [36864:37888], variance=0.0557, QRS count=4
2025-10-08 17:29:54,263 [DEBUG] Accepted segment [37376:38400], variance=0.0645, QRS count=4
2025-10-08 17:29:54,266 [DEBUG] Accepted segment [26624:27648], variance=0.0471, QRS count=6
2025-10-08 17:29:54,278 [DEBUG] Accepted segment [37888:38912], variance=0.0696, QRS count=4
2025-10-08 17:29:54,289 [DEBUG] Accepted segment [27136:28160], variance=0.0493, QRS count=6
2025-10-08 17:29:54,294 [DEBUG] Accepted segment [38400:39424], variance=0.0600, QRS count=4
2025-10-08 17:29:54,308 [DEBUG] Accepted segment [38912:39936], variance=0.0560, QRS count=4
2025-10-08 17:29:54,315 [DEBUG] Accepted segment [27648:28672], variance=0.0420, QRS count=6
2025-10-08 17:29:54,326 [DEBUG] Accepted segment [39424:40448], variance=0.0664, QRS count=5
2025-10-08 17:29:54,336 [DEBUG] Accepted segment [28160:29184], variance=0.0394, QRS count=5
2025-10-08 17:29:54,350 [DEBUG] Accepted segment [39936:40960], variance=0.0676, QRS count=4
2025-10-08 17:29:54,350 [DEBUG] Accepted segment [28672:29696], variance=0.0345, QRS count=5
2025-10-08 17:29:54,366 [DEBUG] Accepted segment [40448:41472], variance=0.0587, QRS count=4
2025-10-08 17:29:54,370 [DEBUG] Accepted segment [29184:30208], variance=0.0353, QRS count=5
2025-10-08 17:29:54,385 [DEBUG] Accepted segment [29696:30720], variance=0.0395, QRS count=5
2025-10-08 17:29:54,387 [DEBUG] Accepted segment [40960:41984], variance=0.0638, QRS count=5
2025-10-08 17:29:54,401 [DEBUG] Accepted segment [41472:42496], variance=0.0685, QRS count=4
2025-10-08 17:29:54,410 [DEBUG] Accepted segment [30208:31232], variance=0.0400, QRS count=5
2025-10-08 17:29:54,419 [DEBUG] Accepted segment [41984:43008], variance=0.0633, QRS count=4
2025-10-08 17:29:54,426 [DEBUG] Accepted segment [30720:31744], variance=0.0419, QRS count=5
2025-10-08 17:29:54,436 [DEBUG] Accepted segment [42496:43520], variance=0.0641, QRS count=5
2025-10-08 17:29:54,447 [DEBUG] Accepted segment [31232:32256], variance=0.0425, QRS count=5
2025-10-08 17:29:54,452 [DEBUG] Accepted segment [43008:44032], variance=0.0666, QRS count=5
2025-10-08 17:29:54,466 [DEBUG] Accepted segment [43520:44544], variance=0.0613, QRS count=4
2025-10-08 17:29:54,470 [DEBUG] Accepted segment [31744:32768], variance=0.0409, QRS count=5
2025-10-08 17:29:54,482 [DEBUG] Accepted segment [44032:45056], variance=0.0696, QRS count=5
2025-10-08 17:29:54,489 [DEBUG] Accepted segment [32256:33280], variance=0.0398, QRS count=5
2025-10-08 17:29:54,497 [DEBUG] Accepted segment [44544:45568], variance=0.0793, QRS count=5
2025-10-08 17:29:54,506 [DEBUG] Accepted segment [32768:33792], variance=0.0410, QRS count=5
2025-10-08 17:29:54,516 [DEBUG] Accepted segment [45056:46080], variance=0.0745, QRS count=5
2025-10-08 17:29:54,521 [DEBUG] Accepted segment [33280:34304], variance=0.0416, QRS count=5
2025-10-08 17:29:54,533 [DEBUG] Accepted segment [33792:34816], variance=0.0405, QRS count=5
2025-10-08 17:29:54,539 [DEBUG] Accepted segment [45568:46592], variance=0.0689, QRS count=5
2025-10-08 17:29:54,551 [DEBUG] Accepted segment [46080:47104], variance=0.0612, QRS count=5
2025-10-08 17:29:54,562 [DEBUG] Accepted segment [46592:47616], variance=0.0675, QRS count=5
2025-10-08 17:29:54,563 [DEBUG] Accepted segment [34304:35328], variance=0.0395, QRS count=6
2025-10-08 17:29:54,575 [DEBUG] Accepted segment [47104:48128], variance=0.0667, QRS count=4
2025-10-08 17:29:54,587 [DEBUG] Accepted segment [34816:35840], variance=0.0397, QRS count=6
2025-10-08 17:29:54,590 [DEBUG] Accepted segment [47616:48640], variance=0.0650, QRS count=5
2025-10-08 17:29:54,603 [DEBUG] Accepted segment [48128:49152], variance=0.0693, QRS count=4
2025-10-08 17:29:54,610 [DEBUG] Accepted segment [35328:36352], variance=0.0419, QRS count=6
2025-10-08 17:29:54,620 [DEBUG] Accepted segment [35840:36864], variance=0.0427, QRS count=6
2025-10-08 17:29:54,626 [DEBUG] Accepted segment [48640:49664], variance=0.0693, QRS count=5
2025-10-08 17:29:54,639 [DEBUG] Accepted segment [36352:37376], variance=0.0419, QRS count=6
2025-10-08 17:29:54,645 [DEBUG] Accepted segment [49152:50176], variance=0.0686, QRS count=5
2025-10-08 17:29:54,659 [DEBUG] Accepted segment [36864:37888], variance=0.0411, QRS count=6
2025-10-08 17:29:54,660 [DEBUG] Accepted segment [49664:50688], variance=0.0699, QRS count=5
2025-10-08 17:29:54,673 [DEBUG] Accepted segment [37376:38400], variance=0.0402, QRS count=5
2025-10-08 17:29:54,680 [DEBUG] Accepted segment [50176:51200], variance=0.0716, QRS count=6
2025-10-08 17:29:54,691 [DEBUG] Accepted segment [50688:51712], variance=0.0602, QRS count=5
2025-10-08 17:29:54,699 [DEBUG] Accepted segment [37888:38912], variance=0.0358, QRS count=6
2025-10-08 17:29:54,706 [DEBUG] Accepted segment [51200:52224], variance=0.0649, QRS count=5
2025-10-08 17:29:54,719 [DEBUG] Accepted segment [51712:52736], variance=0.0633, QRS count=4
2025-10-08 17:29:54,724 [DEBUG] Accepted segment [38400:39424], variance=0.0363, QRS count=5
2025-10-08 17:29:54,738 [DEBUG] Accepted segment [38912:39936], variance=0.0418, QRS count=5
2025-10-08 17:29:54,740 [DEBUG] Accepted segment [52224:53248], variance=0.0603, QRS count=5
2025-10-08 17:29:54,755 [DEBUG] Accepted segment [39424:40448], variance=0.0436, QRS count=5
2025-10-08 17:29:54,758 [DEBUG] Accepted segment [52736:53760], variance=0.0668, QRS count=5
2025-10-08 17:29:54,774 [DEBUG] Accepted segment [39936:40960], variance=0.0433, QRS count=5
2025-10-08 17:29:54,776 [DEBUG] Accepted segment [53248:54272], variance=0.0604, QRS count=5
2025-10-08 17:29:54,790 [DEBUG] Accepted segment [40448:41472], variance=0.0420, QRS count=5
2025-10-08 17:29:54,798 [DEBUG] Accepted segment [53760:54784], variance=0.0667, QRS count=5
2025-10-08 17:29:54,809 [DEBUG] Accepted segment [40960:41984], variance=0.0409, QRS count=5
2025-10-08 17:29:54,812 [DEBUG] Accepted segment [54272:55296], variance=0.0659, QRS count=4
2025-10-08 17:29:54,825 [DEBUG] Accepted segment [41472:42496], variance=0.0399, QRS count=6
2025-10-08 17:29:54,832 [DEBUG] Accepted segment [54784:55808], variance=0.0629, QRS count=5
2025-10-08 17:29:54,841 [DEBUG] Accepted segment [41984:43008], variance=0.0410, QRS count=6
2025-10-08 17:29:54,847 [DEBUG] Accepted segment [55296:56320], variance=0.0680, QRS count=5
2025-10-08 17:29:54,861 [DEBUG] Accepted segment [55808:56832], variance=0.0606, QRS count=4
2025-10-08 17:29:54,866 [DEBUG] Accepted segment [42496:43520], variance=0.0423, QRS count=6
2025-10-08 17:29:54,876 [DEBUG] Accepted segment [56320:57344], variance=0.0672, QRS count=5
2025-10-08 17:29:54,885 [DEBUG] Accepted segment [43008:44032], variance=0.0413, QRS count=6
2025-10-08 17:29:54,892 [DEBUG] Accepted segment [56832:57856], variance=0.0676, QRS count=4
2025-10-08 17:29:54,905 [DEBUG] Accepted segment [57344:58368], variance=0.0666, QRS count=5
2025-10-08 17:29:54,913 [DEBUG] Accepted segment [43520:44544], variance=0.0393, QRS count=6
2025-10-08 17:29:54,921 [DEBUG] Accepted segment [57856:58880], variance=0.0669, QRS count=4
2025-10-08 17:29:54,928 [DEBUG] Accepted segment [44032:45056], variance=0.0401, QRS count=6
2025-10-08 17:29:54,938 [DEBUG] Accepted segment [58368:59392], variance=0.0631, QRS count=5
2025-10-08 17:29:54,947 [DEBUG] Accepted segment [44544:45568], variance=0.0421, QRS count=6
2025-10-08 17:29:54,954 [DEBUG] Accepted segment [58880:59904], variance=0.0658, QRS count=4
2025-10-08 17:29:54,963 [DEBUG] Accepted segment [45056:46080], variance=0.0420, QRS count=6
2025-10-08 17:29:54,970 [DEBUG] Accepted segment [59392:60416], variance=0.0663, QRS count=5
2025-10-08 17:29:54,978 [DEBUG] Accepted segment [45568:46592], variance=0.0406, QRS count=6
2025-10-08 17:29:54,991 [DEBUG] Accepted segment [59904:60928], variance=0.0609, QRS count=5
2025-10-08 17:29:54,993 [DEBUG] Accepted segment [46080:47104], variance=0.0402, QRS count=6
2025-10-08 17:29:55,005 [DEBUG] Accepted segment [60416:61440], variance=0.0636, QRS count=5
2025-10-08 17:29:55,014 [DEBUG] Accepted segment [46592:47616], variance=0.0409, QRS count=6
2025-10-08 17:29:55,019 [DEBUG] Accepted segment [60928:61952], variance=0.0645, QRS count=4
2025-10-08 17:29:55,030 [DEBUG] Accepted segment [61440:62464], variance=0.0635, QRS count=5
2025-10-08 17:29:55,039 [DEBUG] Accepted segment [47104:48128], variance=0.0409, QRS count=6
2025-10-08 17:29:55,044 [DEBUG] Accepted segment [61952:62976], variance=0.0681, QRS count=5
2025-10-08 17:29:55,058 [DEBUG] Accepted segment [47616:48640], variance=0.0406, QRS count=6
2025-10-08 17:29:55,060 [DEBUG] Accepted segment [62464:63488], variance=0.0672, QRS count=5
2025-10-08 17:29:55,073 [DEBUG] Accepted segment [62976:64000], variance=0.0674, QRS count=5
2025-10-08 17:29:55,080 [DEBUG] Accepted segment [48128:49152], variance=0.0408, QRS count=5
2025-10-08 17:29:55,090 [DEBUG] Accepted segment [63488:64512], variance=0.0614, QRS count=4
2025-10-08 17:29:55,098 [DEBUG] Accepted segment [48640:49664], variance=0.0422, QRS count=5
2025-10-08 17:29:55,106 [DEBUG] Accepted segment [64000:65024], variance=0.0665, QRS count=4
2025-10-08 17:29:55,114 [DEBUG] Accepted segment [49152:50176], variance=0.0407, QRS count=5
2025-10-08 17:29:55,125 [DEBUG] Accepted segment [64512:65536], variance=0.0698, QRS count=4
2025-10-08 17:29:55,126 [DEBUG] Accepted segment [49664:50688], variance=0.0342, QRS count=6
2025-10-08 17:29:55,141 [DEBUG] Accepted segment [65024:66048], variance=0.0600, QRS count=4
2025-10-08 17:29:55,145 [DEBUG] Accepted segment [50176:51200], variance=0.0361, QRS count=5
2025-10-08 17:29:55,158 [DEBUG] Accepted segment [50688:51712], variance=0.0422, QRS count=5
2025-10-08 17:29:55,160 [DEBUG] Accepted segment [65536:66560], variance=0.0562, QRS count=4
2025-10-08 17:29:55,172 [DEBUG] Accepted segment [51200:52224], variance=0.0421, QRS count=5
2025-10-08 17:29:55,180 [DEBUG] Accepted segment [66048:67072], variance=0.0646, QRS count=5
2025-10-08 17:29:55,188 [DEBUG] Accepted segment [51712:52736], variance=0.0413, QRS count=5
2025-10-08 17:29:55,197 [DEBUG] Accepted segment [66560:67584], variance=0.0682, QRS count=4
2025-10-08 17:29:55,205 [DEBUG] Accepted segment [52224:53248], variance=0.0424, QRS count=5
2025-10-08 17:29:55,212 [DEBUG] Accepted segment [67072:68096], variance=0.0609, QRS count=4
2025-10-08 17:29:55,228 [DEBUG] Accepted segment [52736:53760], variance=0.0428, QRS count=5
2025-10-08 17:29:55,231 [DEBUG] Accepted segment [67584:68608], variance=0.0569, QRS count=4
2025-10-08 17:29:55,247 [DEBUG] Accepted segment [53248:54272], variance=0.0407, QRS count=6
2025-10-08 17:29:55,248 [DEBUG] Accepted segment [68096:69120], variance=0.0652, QRS count=5
2025-10-08 17:29:55,261 [DEBUG] Accepted segment [53760:54784], variance=0.0401, QRS count=6
2025-10-08 17:29:55,268 [DEBUG] Accepted segment [68608:69632], variance=0.0696, QRS count=4
2025-10-08 17:29:55,277 [DEBUG] Accepted segment [54272:55296], variance=0.0403, QRS count=6
2025-10-08 17:29:55,288 [DEBUG] Accepted segment [69120:70144], variance=0.0609, QRS count=4
2025-10-08 17:29:55,293 [DEBUG] Accepted segment [54784:55808], variance=0.0409, QRS count=6
2025-10-08 17:29:55,305 [DEBUG] Accepted segment [69632:70656], variance=0.0629, QRS count=5
2025-10-08 17:29:55,317 [DEBUG] Accepted segment [55296:56320], variance=0.0409, QRS count=5
2025-10-08 17:29:55,321 [DEBUG] Accepted segment [70144:71168], variance=0.0675, QRS count=4
2025-10-08 17:29:55,334 [DEBUG] Accepted segment [70656:71680], variance=0.0603, QRS count=4
2025-10-08 17:29:55,342 [DEBUG] Accepted segment [55808:56832], variance=0.0340, QRS count=6
2025-10-08 17:29:55,357 [DEBUG] Accepted segment [71168:72192], variance=0.0674, QRS count=5
2025-10-08 17:29:55,357 [DEBUG] Accepted segment [56320:57344], variance=0.0343, QRS count=6
2025-10-08 17:29:55,368 [DEBUG] Accepted segment [71680:72704], variance=0.0668, QRS count=4
2025-10-08 17:29:55,379 [DEBUG] Accepted segment [56832:57856], variance=0.0403, QRS count=5
2025-10-08 17:29:55,388 [DEBUG] Accepted segment [72192:73216], variance=0.0556, QRS count=4
2025-10-08 17:29:55,397 [DEBUG] Accepted segment [72704:73728], variance=0.0672, QRS count=5
2025-10-08 17:29:55,405 [DEBUG] Accepted segment [57344:58368], variance=0.0385, QRS count=5
2025-10-08 17:29:55,411 [DEBUG] Accepted segment [73216:74240], variance=0.0669, QRS count=4
2025-10-08 17:29:55,424 [DEBUG] Accepted segment [73728:74752], variance=0.0551, QRS count=5
2025-10-08 17:29:55,432 [DEBUG] Accepted segment [57856:58880], variance=0.0381, QRS count=5
2025-10-08 17:29:55,443 [DEBUG] Accepted segment [74240:75264], variance=0.0668, QRS count=5
2025-10-08 17:29:55,446 [DEBUG] Accepted segment [58368:59392], variance=0.0402, QRS count=5
2025-10-08 17:29:55,458 [DEBUG] Accepted segment [58880:59904], variance=0.0411, QRS count=5
2025-10-08 17:29:55,464 [DEBUG] Accepted segment [74752:75776], variance=0.0669, QRS count=4
2025-10-08 17:29:55,475 [DEBUG] Accepted segment [59392:60416], variance=0.0399, QRS count=5
2025-10-08 17:29:55,483 [DEBUG] Accepted segment [75264:76288], variance=0.0631, QRS count=4
2025-10-08 17:29:55,488 [DEBUG] Accepted segment [59904:60928], variance=0.0400, QRS count=6
2025-10-08 17:29:55,499 [DEBUG] Accepted segment [75776:76800], variance=0.0682, QRS count=5
2025-10-08 17:29:55,508 [DEBUG] Accepted segment [60416:61440], variance=0.0408, QRS count=6
2025-10-08 17:29:55,517 [DEBUG] Accepted segment [76288:77312], variance=0.0602, QRS count=4
2025-10-08 17:29:55,525 [DEBUG] Accepted segment [60928:61952], variance=0.0404, QRS count=6
2025-10-08 17:29:55,530 [DEBUG] Accepted segment [76800:77824], variance=0.0663, QRS count=5
2025-10-08 17:29:55,545 [DEBUG] Accepted segment [61440:62464], variance=0.0402, QRS count=6
2025-10-08 17:29:55,546 [DEBUG] Accepted segment [77312:78336], variance=0.0746, QRS count=5
2025-10-08 17:29:55,560 [DEBUG] Accepted segment [77824:78848], variance=0.0747, QRS count=5
2025-10-08 17:29:55,567 [DEBUG] Accepted segment [61952:62976], variance=0.0393, QRS count=5
2025-10-08 17:29:55,579 [DEBUG] Accepted segment [78336:79360], variance=0.0700, QRS count=5
2025-10-08 17:29:55,581 [DEBUG] Accepted segment [62464:63488], variance=0.0352, QRS count=6
2025-10-08 17:29:55,594 [DEBUG] Accepted segment [78848:79872], variance=0.0689, QRS count=5
2025-10-08 17:29:55,600 [DEBUG] Accepted segment [62976:64000], variance=0.0403, QRS count=5
2025-10-08 17:29:55,611 [DEBUG] Accepted segment [63488:64512], variance=0.0450, QRS count=6
2025-10-08 17:29:55,622 [DEBUG] Accepted segment [64000:65024], variance=0.0414, QRS count=6
2025-10-08 17:29:55,626 [DEBUG] Accepted segment [79360:80384], variance=0.0664, QRS count=4
2025-10-08 17:29:55,636 [DEBUG] Accepted segment [64512:65536], variance=0.0425, QRS count=6
2025-10-08 17:29:55,641 [DEBUG] Accepted segment [79872:80896], variance=0.0676, QRS count=5
2025-10-08 17:29:55,652 [DEBUG] Accepted segment [65024:66048], variance=0.0414, QRS count=6
2025-10-08 17:29:55,660 [DEBUG] Accepted segment [80384:81408], variance=0.0665, QRS count=4
2025-10-08 17:29:55,667 [DEBUG] Accepted segment [65536:66560], variance=0.0358, QRS count=6
2025-10-08 17:29:55,678 [DEBUG] Accepted segment [80896:81920], variance=0.0647, QRS count=5
2025-10-08 17:29:55,685 [DEBUG] Accepted segment [66048:67072], variance=0.0355, QRS count=6
2025-10-08 17:29:55,696 [DEBUG] Accepted segment [66560:67584], variance=0.0398, QRS count=5
2025-10-08 17:29:55,699 [DEBUG] Accepted segment [81408:82432], variance=0.0655, QRS count=4
2025-10-08 17:29:55,711 [DEBUG] Accepted segment [67072:68096], variance=0.0410, QRS count=5
2025-10-08 17:29:55,716 [DEBUG] Accepted segment [81920:82944], variance=0.0642, QRS count=5
2025-10-08 17:29:55,728 [DEBUG] Accepted segment [67584:68608], variance=0.0393, QRS count=5
2025-10-08 17:29:55,736 [DEBUG] Accepted segment [82432:83456], variance=0.0676, QRS count=5
2025-10-08 17:29:55,742 [DEBUG] Accepted segment [68096:69120], variance=0.0400, QRS count=5
2025-10-08 17:29:55,757 [DEBUG] Accepted segment [68608:69632], variance=0.0419, QRS count=5
2025-10-08 17:29:55,758 [DEBUG] Accepted segment [82944:83968], variance=0.0592, QRS count=4
2025-10-08 17:29:55,771 [DEBUG] Accepted segment [69120:70144], variance=0.0409, QRS count=5
2025-10-08 17:29:55,775 [DEBUG] Accepted segment [83456:84480], variance=0.0647, QRS count=5
2025-10-08 17:29:55,784 [DEBUG] Accepted segment [83968:84992], variance=0.0657, QRS count=4
2025-10-08 17:29:55,789 [DEBUG] Accepted segment [69632:70656], variance=0.0407, QRS count=5
2025-10-08 17:29:55,799 [DEBUG] Accepted segment [84480:85504], variance=0.0633, QRS count=5
2025-10-08 17:29:55,812 [DEBUG] Accepted segment [70144:71168], variance=0.0428, QRS count=6
2025-10-08 17:29:55,813 [DEBUG] Accepted segment [84992:86016], variance=0.0668, QRS count=5
2025-10-08 17:29:55,824 [DEBUG] Accepted segment [85504:86528], variance=0.0680, QRS count=5
2025-10-08 17:29:55,830 [DEBUG] Accepted segment [70656:71680], variance=0.0434, QRS count=6
2025-10-08 17:29:55,840 [DEBUG] Accepted segment [86016:87040], variance=0.0652, QRS count=4
2025-10-08 17:29:55,852 [DEBUG] Accepted segment [71168:72192], variance=0.1024, QRS count=6
2025-10-08 17:29:55,856 [DEBUG] Accepted segment [86528:87552], variance=0.0649, QRS count=5
2025-10-08 17:29:55,867 [DEBUG] Accepted segment [87040:88064], variance=0.0665, QRS count=4
2025-10-08 17:29:55,870 [DEBUG] Accepted segment [71680:72704], variance=0.1012, QRS count=6
2025-10-08 17:29:55,884 [DEBUG] Accepted segment [87552:88576], variance=0.0640, QRS count=5
2025-10-08 17:29:55,884 [DEBUG] Accepted segment [72192:73216], variance=0.0421, QRS count=6
2025-10-08 17:29:55,897 [DEBUG] Accepted segment [88064:89088], variance=0.0637, QRS count=5
2025-10-08 17:29:55,906 [DEBUG] Accepted segment [72704:73728], variance=0.0443, QRS count=6
2025-10-08 17:29:55,911 [DEBUG] Accepted segment [88576:89600], variance=0.0630, QRS count=4
2025-10-08 17:29:55,921 [DEBUG] Accepted segment [89088:90112], variance=0.0606, QRS count=5
2025-10-08 17:29:55,931 [DEBUG] Accepted segment [73216:74240], variance=0.0363, QRS count=5
2025-10-08 17:29:55,933 [DEBUG] Accepted segment [89600:90624], variance=0.0560, QRS count=4
2025-10-08 17:29:55,944 [DEBUG] Accepted segment [90112:91136], variance=0.0542, QRS count=4
2025-10-08 17:29:55,955 [DEBUG] Accepted segment [90624:91648], variance=0.0615, QRS count=5
2025-10-08 17:29:55,956 [DEBUG] Accepted segment [73728:74752], variance=0.0346, QRS count=5
2025-10-08 17:29:55,967 [DEBUG] Accepted segment [91136:92160], variance=0.0635, QRS count=4
2025-10-08 17:29:55,980 [DEBUG] Accepted segment [74240:75264], variance=0.0419, QRS count=5
2025-10-08 17:29:55,980 [DEBUG] Accepted segment [91648:92672], variance=0.0539, QRS count=5
2025-10-08 17:29:55,994 [DEBUG] Accepted segment [92160:93184], variance=0.0651, QRS count=5
2025-10-08 17:29:56,001 [DEBUG] Accepted segment [74752:75776], variance=0.0424, QRS count=5
2025-10-08 17:29:56,006 [DEBUG] Accepted segment [92672:93696], variance=0.0663, QRS count=4
2025-10-08 17:29:56,017 [DEBUG] Accepted segment [93184:94208], variance=0.0542, QRS count=4
2025-10-08 17:29:56,026 [DEBUG] Accepted segment [75264:76288], variance=0.0417, QRS count=6
2025-10-08 17:29:56,032 [DEBUG] Accepted segment [93696:94720], variance=0.0644, QRS count=5
2025-10-08 17:29:56,042 [DEBUG] Accepted segment [75776:76800], variance=0.0351, QRS count=5
2025-10-08 17:29:56,051 [DEBUG] Accepted segment [94208:95232], variance=0.0639, QRS count=4
2025-10-08 17:29:56,063 [DEBUG] Accepted segment [94720:95744], variance=0.0533, QRS count=4
2025-10-08 17:29:56,068 [DEBUG] Accepted segment [76288:77312], variance=0.0362, QRS count=5
2025-10-08 17:29:56,079 [DEBUG] Accepted segment [95232:96256], variance=0.0611, QRS count=5
2025-10-08 17:29:56,083 [DEBUG] Accepted segment [76800:77824], variance=0.0426, QRS count=5
2025-10-08 17:29:56,096 [DEBUG] Accepted segment [95744:96768], variance=0.0647, QRS count=4
2025-10-08 17:29:56,101 [DEBUG] Accepted segment [77312:78336], variance=0.0413, QRS count=5
2025-10-08 17:29:56,112 [DEBUG] Accepted segment [96256:97280], variance=0.0575, QRS count=5
2025-10-08 17:29:56,123 [DEBUG] Accepted segment [77824:78848], variance=0.0425, QRS count=6
2025-10-08 17:29:56,127 [DEBUG] Accepted segment [96768:97792], variance=0.0637, QRS count=5
2025-10-08 17:29:56,129 [DEBUG] Skipping segment [97280:98304] due to overlap with noise [98200:101600]
2025-10-08 17:29:56,129 [DEBUG] Skipping segment [97792:98816] due to overlap with noise [98200:101600]
2025-10-08 17:29:56,129 [DEBUG] Skipping segment [98304:99328] due to overlap with noise [98200:101600]
2025-10-08 17:29:56,129 [DEBUG] Skipping segment [98816:99840] due to overlap with noise [98200:101600]
2025-10-08 17:29:56,130 [DEBUG] Skipping segment [99328:100352] due to overlap with noise [98200:101600]
2025-10-08 17:29:56,130 [DEBUG] Skipping segment [99840:100864] due to overlap with noise [98200:101600]
2025-10-08 17:29:56,130 [DEBUG] Skipping segment [100352:101376] due to overlap with noise [98200:101600]
2025-10-08 17:29:56,130 [DEBUG] Skipping segment [100864:101888] due to overlap with noise [98200:101600]
2025-10-08 17:29:56,130 [DEBUG] Skipping segment [101376:102400] due to overlap with noise [98200:101600]
2025-10-08 17:29:56,143 [DEBUG] Accepted segment [101888:102912], variance=0.0620, QRS count=5
2025-10-08 17:29:56,148 [DEBUG] Accepted segment [78336:79360], variance=0.0376, QRS count=6
2025-10-08 17:29:56,161 [DEBUG] Accepted segment [102400:103424], variance=0.0601, QRS count=5
2025-10-08 17:29:56,166 [DEBUG] Accepted segment [78848:79872], variance=0.0357, QRS count=5
2025-10-08 17:29:56,175 [DEBUG] Accepted segment [102912:103936], variance=0.0623, QRS count=4
2025-10-08 17:29:56,183 [DEBUG] Accepted segment [79360:80384], variance=0.0419, QRS count=5
2025-10-08 17:29:56,191 [DEBUG] Accepted segment [103424:104448], variance=0.0644, QRS count=5
2025-10-08 17:29:56,204 [DEBUG] Accepted segment [103936:104960], variance=0.0658, QRS count=5
2025-10-08 17:29:56,206 [DEBUG] Accepted segment [79872:80896], variance=0.0437, QRS count=5
2025-10-08 17:29:56,221 [DEBUG] Accepted segment [80384:81408], variance=0.0438, QRS count=6
2025-10-08 17:29:56,225 [DEBUG] Accepted segment [104448:105472], variance=0.0645, QRS count=5
2025-10-08 17:29:56,239 [DEBUG] Accepted segment [104960:105984], variance=0.0644, QRS count=5
2025-10-08 17:29:56,239 [DEBUG] Accepted segment [80896:81920], variance=0.0365, QRS count=5
2025-10-08 17:29:56,249 [DEBUG] Accepted segment [105472:106496], variance=0.0673, QRS count=5
2025-10-08 17:29:56,263 [DEBUG] Accepted segment [105984:107008], variance=0.0652, QRS count=5
2025-10-08 17:29:56,265 [DEBUG] Accepted segment [81408:82432], variance=0.0377, QRS count=5
2025-10-08 17:29:56,277 [DEBUG] Accepted segment [106496:107520], variance=0.0622, QRS count=5
2025-10-08 17:29:56,282 [DEBUG] Accepted segment [81920:82944], variance=0.0453, QRS count=5
2025-10-08 17:29:56,294 [DEBUG] Accepted segment [107008:108032], variance=0.0632, QRS count=4
2025-10-08 17:29:56,306 [DEBUG] Accepted segment [82432:83456], variance=0.0444, QRS count=5
2025-10-08 17:29:56,307 [DEBUG] Accepted segment [107520:108544], variance=0.0575, QRS count=4
2025-10-08 17:29:56,323 [DEBUG] Accepted segment [82944:83968], variance=0.0439, QRS count=6
2025-10-08 17:29:56,325 [DEBUG] Accepted segment [108032:109056], variance=0.0623, QRS count=5
2025-10-08 17:29:56,342 [DEBUG] Accepted segment [108544:109568], variance=0.0661, QRS count=4
2025-10-08 17:29:56,344 [DEBUG] Skipping segment [109056:110080] due to overlap with noise [110000:110800]
2025-10-08 17:29:56,345 [DEBUG] Accepted segment [83456:84480], variance=0.0381, QRS count=6
2025-10-08 17:29:56,345 [DEBUG] Skipping segment [109568:110592] due to overlap with noise [110000:110800]
2025-10-08 17:29:56,347 [DEBUG] Skipping segment [110080:111104] due to overlap with noise [110000:110800]
2025-10-08 17:29:56,347 [DEBUG] Skipping segment [110592:111616] due to overlap with noise [110000:110800]
2025-10-08 17:29:56,359 [DEBUG] Accepted segment [111104:112128], variance=0.0659, QRS count=5
2025-10-08 17:29:56,366 [DEBUG] Accepted segment [83968:84992], variance=0.0375, QRS count=5
2025-10-08 17:29:56,381 [DEBUG] Accepted segment [84480:85504], variance=0.0438, QRS count=5
2025-10-08 17:29:56,386 [DEBUG] Accepted segment [111616:112640], variance=0.0660, QRS count=4
2025-10-08 17:29:56,402 [DEBUG] Accepted segment [84992:86016], variance=0.0450, QRS count=5
2025-10-08 17:29:56,407 [DEBUG] Accepted segment [112128:113152], variance=0.0650, QRS count=5
2025-10-08 17:29:56,424 [DEBUG] Accepted segment [112640:113664], variance=0.0650, QRS count=4
2025-10-08 17:29:56,425 [DEBUG] Accepted segment [85504:86528], variance=0.0438, QRS count=6
2025-10-08 17:29:56,439 [DEBUG] Accepted segment [113152:114176], variance=0.0616, QRS count=5
2025-10-08 17:29:56,446 [DEBUG] Accepted segment [86016:87040], variance=0.0395, QRS count=6
2025-10-08 17:29:56,458 [DEBUG] Accepted segment [86528:87552], variance=0.0371, QRS count=6
2025-10-08 17:29:56,462 [DEBUG] Accepted segment [113664:114688], variance=0.0663, QRS count=4
2025-10-08 17:29:56,478 [DEBUG] Accepted segment [114176:115200], variance=0.0597, QRS count=4
2025-10-08 17:29:56,479 [DEBUG] Accepted segment [87040:88064], variance=0.0333, QRS count=5
2025-10-08 17:29:56,494 [DEBUG] Accepted segment [114688:115712], variance=0.0616, QRS count=5
2025-10-08 17:29:56,497 [DEBUG] Accepted segment [87552:88576], variance=0.0367, QRS count=5
2025-10-08 17:29:56,513 [DEBUG] Accepted segment [115200:116224], variance=0.0643, QRS count=4
2025-10-08 17:29:56,518 [DEBUG] Accepted segment [88064:89088], variance=0.0441, QRS count=6
2025-10-08 17:29:56,529 [DEBUG] Accepted segment [115712:116736], variance=0.0654, QRS count=5
2025-10-08 17:29:56,532 [DEBUG] Accepted segment [88576:89600], variance=0.0408, QRS count=5
2025-10-08 17:29:56,545 [DEBUG] Accepted segment [116224:117248], variance=0.0645, QRS count=5
2025-10-08 17:29:56,554 [DEBUG] Accepted segment [89088:90112], variance=0.0355, QRS count=5
2025-10-08 17:29:56,561 [DEBUG] Accepted segment [116736:117760], variance=0.0676, QRS count=5
2025-10-08 17:29:56,562 [DEBUG] Skipping segment [117248:118272] due to overlap with noise [118000:119600]
2025-10-08 17:29:56,562 [DEBUG] Skipping segment [117760:118784] due to overlap with noise [118000:119600]
2025-10-08 17:29:56,563 [DEBUG] Skipping segment [118272:119296] due to overlap with noise [118000:119600]
2025-10-08 17:29:56,563 [DEBUG] Skipping segment [118784:119808] due to overlap with noise [118000:119600]
2025-10-08 17:29:56,563 [DEBUG] Skipping segment [119296:120320] due to overlap with noise [118000:119600]
2025-10-08 17:29:56,570 [DEBUG] Accepted segment [89600:90624], variance=0.0369, QRS count=5
2025-10-08 17:29:56,578 [DEBUG] Accepted segment [90112:91136], variance=0.0406, QRS count=5
2025-10-08 17:29:56,588 [DEBUG] Accepted segment [119808:120832], variance=0.0673, QRS count=5
2025-10-08 17:29:56,597 [DEBUG] Accepted segment [90624:91648], variance=0.0398, QRS count=5
2025-10-08 17:29:56,607 [DEBUG] Accepted segment [120320:121344], variance=0.0726, QRS count=5
2025-10-08 17:29:56,621 [DEBUG] Accepted segment [120832:121856], variance=0.0690, QRS count=6
2025-10-08 17:29:56,623 [DEBUG] Accepted segment [91136:92160], variance=0.0410, QRS count=5
2025-10-08 17:29:56,634 [DEBUG] Accepted segment [121344:122368], variance=0.0672, QRS count=6
2025-10-08 17:29:56,641 [DEBUG] Accepted segment [91648:92672], variance=0.0432, QRS count=5
2025-10-08 17:29:56,652 [DEBUG] Accepted segment [121856:122880], variance=0.0585, QRS count=5
2025-10-08 17:29:56,663 [DEBUG] Accepted segment [122368:123392], variance=0.0596, QRS count=5
2025-10-08 17:29:56,667 [DEBUG] Accepted segment [92160:93184], variance=0.0428, QRS count=6
2025-10-08 17:29:56,677 [DEBUG] Accepted segment [92672:93696], variance=0.1231, QRS count=6
2025-10-08 17:29:56,685 [DEBUG] Accepted segment [122880:123904], variance=0.0629, QRS count=4
2025-10-08 17:29:56,693 [DEBUG] Accepted segment [93184:94208], variance=0.1247, QRS count=6
2025-10-08 17:29:56,705 [DEBUG] Accepted segment [93696:94720], variance=0.0461, QRS count=6
2025-10-08 17:29:56,707 [DEBUG] Accepted segment [123392:124416], variance=0.0610, QRS count=5
2025-10-08 17:29:56,723 [DEBUG] Accepted segment [123904:124928], variance=0.0617, QRS count=4
2025-10-08 17:29:56,725 [DEBUG] Accepted segment [94208:95232], variance=0.0474, QRS count=6
2025-10-08 17:29:56,740 [DEBUG] Accepted segment [124416:125440], variance=0.0623, QRS count=5
2025-10-08 17:29:56,743 [DEBUG] Accepted segment [94720:95744], variance=0.0470, QRS count=6
2025-10-08 17:29:56,758 [DEBUG] Accepted segment [95232:96256], variance=0.0389, QRS count=5
2025-10-08 17:29:56,760 [DEBUG] Accepted segment [124928:125952], variance=0.0606, QRS count=4
2025-10-08 17:29:56,776 [DEBUG] Accepted segment [125440:126464], variance=0.0610, QRS count=5
2025-10-08 17:29:56,777 [DEBUG] Accepted segment [95744:96768], variance=0.0370, QRS count=5
2025-10-08 17:29:56,792 [DEBUG] Accepted segment [125952:126976], variance=0.0601, QRS count=4
2025-10-08 17:29:56,802 [DEBUG] Accepted segment [96256:97280], variance=0.0435, QRS count=5
2025-10-08 17:29:56,806 [DEBUG] Accepted segment [126464:127488], variance=0.0592, QRS count=5
2025-10-08 17:29:56,806 [INFO] Segmented signal of length 127999 into 220 valid segments
2025-10-08 17:29:56,816 [DEBUG] Accepted segment [96768:97792], variance=0.0446, QRS count=6
2025-10-08 17:29:56,829 [DEBUG] Accepted segment [97280:98304], variance=0.0436, QRS count=5
2025-10-08 17:29:56,841 [DEBUG] Accepted segment [97792:98816], variance=0.0419, QRS count=5
2025-10-08 17:29:56,853 [DEBUG] Accepted segment [98304:99328], variance=0.0424, QRS count=5
2025-10-08 17:29:56,864 [DEBUG] Accepted segment [98816:99840], variance=0.0469, QRS count=5
2025-10-08 17:29:56,875 [DEBUG] Accepted segment [99328:100352], variance=0.0437, QRS count=5
2025-10-08 17:29:56,886 [DEBUG] Accepted segment [99840:100864], variance=0.0338, QRS count=6
2025-10-08 17:29:56,895 [DEBUG] Accepted segment [100352:101376], variance=0.0349, QRS count=6
2025-10-08 17:29:56,904 [DEBUG] Accepted segment [100864:101888], variance=0.0390, QRS count=5
2025-10-08 17:29:56,914 [DEBUG] Accepted segment [101376:102400], variance=0.0407, QRS count=5
2025-10-08 17:29:56,925 [DEBUG] Accepted segment [101888:102912], variance=0.0429, QRS count=5
2025-10-08 17:29:56,936 [DEBUG] Accepted segment [102400:103424], variance=0.0422, QRS count=5
2025-10-08 17:29:56,947 [DEBUG] Accepted segment [102912:103936], variance=0.0401, QRS count=6
2025-10-08 17:29:56,955 [DEBUG] Accepted segment [103424:104448], variance=0.0405, QRS count=6
2025-10-08 17:29:56,967 [DEBUG] Accepted segment [103936:104960], variance=0.0415, QRS count=6
2025-10-08 17:29:56,977 [DEBUG] Accepted segment [104448:105472], variance=0.0408, QRS count=6
2025-10-08 17:29:56,987 [DEBUG] Accepted segment [104960:105984], variance=0.0404, QRS count=6
2025-10-08 17:29:56,987 [DEBUG] Skipping segment [105472:106496] due to overlap with noise [106400:107000]
2025-10-08 17:29:56,988 [DEBUG] Skipping segment [105984:107008] due to overlap with noise [106400:107000]
2025-10-08 17:29:56,988 [DEBUG] Skipping segment [106496:107520] due to overlap with noise [106400:107000]
2025-10-08 17:29:56,998 [DEBUG] Accepted segment [107008:108032], variance=0.0702, QRS count=6
2025-10-08 17:29:57,006 [DEBUG] Accepted segment [107520:108544], variance=0.0616, QRS count=6
2025-10-08 17:29:57,017 [DEBUG] Accepted segment [108032:109056], variance=0.0688, QRS count=7
2025-10-08 17:29:57,026 [DEBUG] Accepted segment [108544:109568], variance=0.0644, QRS count=6
2025-10-08 17:29:57,037 [DEBUG] Accepted segment [109056:110080], variance=0.0488, QRS count=6
2025-10-08 17:29:57,050 [DEBUG] Accepted segment [109568:110592], variance=0.0477, QRS count=6
2025-10-08 17:29:57,060 [DEBUG] Accepted segment [110080:111104], variance=0.0440, QRS count=6
2025-10-08 17:29:57,070 [DEBUG] Accepted segment [110592:111616], variance=0.0451, QRS count=7
2025-10-08 17:29:57,082 [DEBUG] Accepted segment [111104:112128], variance=0.0552, QRS count=6
2025-10-08 17:29:57,092 [DEBUG] Accepted segment [111616:112640], variance=0.0556, QRS count=6
2025-10-08 17:29:57,101 [DEBUG] Accepted segment [112128:113152], variance=0.0543, QRS count=6
2025-10-08 17:29:57,112 [DEBUG] Accepted segment [112640:113664], variance=0.0555, QRS count=6
2025-10-08 17:29:57,122 [DEBUG] Accepted segment [113152:114176], variance=0.0560, QRS count=5
2025-10-08 17:29:57,134 [DEBUG] Accepted segment [113664:114688], variance=0.0558, QRS count=5
2025-10-08 17:29:57,146 [DEBUG] Accepted segment [114176:115200], variance=0.0667, QRS count=5
2025-10-08 17:29:57,156 [DEBUG] Accepted segment [114688:115712], variance=0.0741, QRS count=6
2025-10-08 17:29:57,167 [DEBUG] Accepted segment [115200:116224], variance=0.0637, QRS count=6
2025-10-08 17:29:57,176 [DEBUG] Accepted segment [115712:116736], variance=0.0559, QRS count=6
2025-10-08 17:29:57,186 [DEBUG] Accepted segment [116224:117248], variance=0.0528, QRS count=6
2025-10-08 17:29:57,195 [DEBUG] Accepted segment [116736:117760], variance=0.0522, QRS count=5
2025-10-08 17:29:57,205 [DEBUG] Accepted segment [117248:118272], variance=0.0472, QRS count=6
2025-10-08 17:29:57,215 [DEBUG] Accepted segment [117760:118784], variance=0.0471, QRS count=5
2025-10-08 17:29:57,222 [DEBUG] Accepted segment [118272:119296], variance=0.0569, QRS count=5
2025-10-08 17:29:57,232 [DEBUG] Accepted segment [118784:119808], variance=0.0603, QRS count=5
2025-10-08 17:29:57,241 [DEBUG] Accepted segment [119296:120320], variance=0.0607, QRS count=5
2025-10-08 17:29:57,251 [DEBUG] Accepted segment [119808:120832], variance=0.0601, QRS count=6
2025-10-08 17:29:57,260 [DEBUG] Accepted segment [120320:121344], variance=0.0600, QRS count=6
2025-10-08 17:29:57,270 [DEBUG] Accepted segment [120832:121856], variance=0.0599, QRS count=6
2025-10-08 17:29:57,280 [DEBUG] Accepted segment [121344:122368], variance=0.0489, QRS count=5
2025-10-08 17:29:57,291 [DEBUG] Accepted segment [121856:122880], variance=0.0471, QRS count=5
2025-10-08 17:29:57,301 [DEBUG] Accepted segment [122368:123392], variance=0.0592, QRS count=5
2025-10-08 17:29:57,312 [DEBUG] Accepted segment [122880:123904], variance=0.0606, QRS count=5
2025-10-08 17:29:57,321 [DEBUG] Accepted segment [123392:124416], variance=0.0582, QRS count=5
2025-10-08 17:29:57,335 [DEBUG] Accepted segment [123904:124928], variance=0.0582, QRS count=6
2025-10-08 17:29:57,347 [DEBUG] Accepted segment [124416:125440], variance=0.0592, QRS count=6
2025-10-08 17:29:57,358 [DEBUG] Accepted segment [124928:125952], variance=0.0585, QRS count=5
2025-10-08 17:29:57,367 [DEBUG] Accepted segment [125440:126464], variance=0.0485, QRS count=5
2025-10-08 17:29:57,377 [DEBUG] Accepted segment [125952:126976], variance=0.0503, QRS count=5
2025-10-08 17:29:57,387 [DEBUG] Accepted segment [126464:127488], variance=0.0614, QRS count=5
2025-10-08 17:29:57,398 [DEBUG] Accepted segment [126976:128000], variance=0.0608, QRS count=5
2025-10-08 17:29:57,398 [INFO] Segmented signal of length 128000 into 246 valid segments
2025-10-08 17:29:59,059 [INFO] Epoch 2 - Loss: 0.0486, MAE: 0.1618, Val Loss: 0.3969, Val MAE: 0.4621
2025-10-08 17:30:06,757 [DEBUG] Accepted segment [0:1024], variance=0.0489, QRS count=5
2025-10-08 17:30:06,781 [DEBUG] Accepted segment [512:1536], variance=0.0602, QRS count=5
2025-10-08 17:30:06,805 [DEBUG] Accepted segment [1024:2048], variance=0.0717, QRS count=5
2025-10-08 17:30:06,833 [DEBUG] Accepted segment [1536:2560], variance=0.0797, QRS count=6
2025-10-08 17:30:06,872 [DEBUG] Accepted segment [2048:3072], variance=0.0709, QRS count=6
2025-10-08 17:30:06,917 [DEBUG] Accepted segment [2560:3584], variance=0.0522, QRS count=5
2025-10-08 17:30:06,953 [DEBUG] Accepted segment [3072:4096], variance=0.0484, QRS count=5
2025-10-08 17:30:06,985 [DEBUG] Accepted segment [3584:4608], variance=0.0533, QRS count=5
2025-10-08 17:30:07,017 [DEBUG] Accepted segment [4096:5120], variance=0.0519, QRS count=6
2025-10-08 17:30:07,051 [DEBUG] Accepted segment [4608:5632], variance=0.0539, QRS count=6
2025-10-08 17:30:07,083 [DEBUG] Accepted segment [5120:6144], variance=0.0559, QRS count=5
2025-10-08 17:30:07,102 [DEBUG] Accepted segment [5632:6656], variance=0.0539, QRS count=5
2025-10-08 17:30:07,137 [DEBUG] Accepted segment [6144:7168], variance=0.0528, QRS count=5
2025-10-08 17:30:07,158 [DEBUG] Accepted segment [6656:7680], variance=0.0470, QRS count=5
2025-10-08 17:30:07,190 [DEBUG] Accepted segment [7168:8192], variance=0.0480, QRS count=5
2025-10-08 17:30:07,225 [DEBUG] Accepted segment [7680:8704], variance=0.0566, QRS count=5
2025-10-08 17:30:07,252 [DEBUG] Accepted segment [8192:9216], variance=0.0601, QRS count=5
2025-10-08 17:30:07,278 [DEBUG] Accepted segment [8704:9728], variance=0.0621, QRS count=6
2025-10-08 17:30:07,303 [DEBUG] Accepted segment [9216:10240], variance=0.0520, QRS count=5
2025-10-08 17:30:07,329 [DEBUG] Accepted segment [9728:10752], variance=0.0495, QRS count=5
2025-10-08 17:30:07,363 [DEBUG] Accepted segment [10240:11264], variance=0.0569, QRS count=5
2025-10-08 17:30:07,397 [DEBUG] Accepted segment [10752:11776], variance=0.0581, QRS count=5
2025-10-08 17:30:07,436 [DEBUG] Accepted segment [11264:12288], variance=0.0586, QRS count=6
2025-10-08 17:30:07,464 [DEBUG] Accepted segment [11776:12800], variance=0.0491, QRS count=6
2025-10-08 17:30:07,495 [DEBUG] Accepted segment [12288:13312], variance=0.0499, QRS count=5
2025-10-08 17:30:07,529 [DEBUG] Accepted segment [12800:13824], variance=0.0607, QRS count=5
2025-10-08 17:30:07,556 [DEBUG] Accepted segment [13312:14336], variance=0.0595, QRS count=5
2025-10-08 17:30:07,579 [DEBUG] Accepted segment [13824:14848], variance=0.0566, QRS count=6
2025-10-08 17:30:07,600 [DEBUG] Accepted segment [14336:15360], variance=0.0585, QRS count=6
2025-10-08 17:30:07,625 [DEBUG] Accepted segment [14848:15872], variance=0.0575, QRS count=6
2025-10-08 17:30:07,650 [DEBUG] Accepted segment [15360:16384], variance=0.0520, QRS count=5
2025-10-08 17:30:07,674 [DEBUG] Accepted segment [15872:16896], variance=0.0511, QRS count=5
2025-10-08 17:30:07,705 [DEBUG] Accepted segment [16384:17408], variance=0.0506, QRS count=5
2025-10-08 17:30:07,743 [DEBUG] Accepted segment [16896:17920], variance=0.0476, QRS count=5
2025-10-08 17:30:07,772 [DEBUG] Accepted segment [17408:18432], variance=0.0447, QRS count=5
2025-10-08 17:30:07,803 [DEBUG] Accepted segment [17920:18944], variance=0.0474, QRS count=6
2025-10-08 17:30:07,822 [DEBUG] Accepted segment [18432:19456], variance=0.0513, QRS count=6
2025-10-08 17:30:07,838 [DEBUG] Accepted segment [18944:19968], variance=0.0520, QRS count=5
2025-10-08 17:30:07,853 [DEBUG] Accepted segment [19456:20480], variance=0.0518, QRS count=5
2025-10-08 17:30:07,874 [DEBUG] Accepted segment [19968:20992], variance=0.0535, QRS count=5
2025-10-08 17:30:07,895 [DEBUG] Accepted segment [20480:21504], variance=0.0570, QRS count=5
2025-10-08 17:30:07,925 [DEBUG] Accepted segment [20992:22016], variance=0.0584, QRS count=5
2025-10-08 17:30:07,944 [DEBUG] Accepted segment [21504:22528], variance=0.0589, QRS count=5
2025-10-08 17:30:07,962 [DEBUG] Accepted segment [22016:23040], variance=0.0598, QRS count=6
2025-10-08 17:30:07,980 [DEBUG] Accepted segment [22528:23552], variance=0.0604, QRS count=6
2025-10-08 17:30:08,005 [DEBUG] Accepted segment [23040:24064], variance=0.0594, QRS count=5
2025-10-08 17:30:08,028 [DEBUG] Accepted segment [23552:24576], variance=0.0598, QRS count=6
2025-10-08 17:30:08,049 [DEBUG] Accepted segment [24064:25088], variance=0.0620, QRS count=6
2025-10-08 17:30:08,065 [DEBUG] Accepted segment [24576:25600], variance=0.1251, QRS count=6
2025-10-08 17:30:08,087 [DEBUG] Accepted segment [25088:26112], variance=0.1270, QRS count=6
2025-10-08 17:30:08,108 [DEBUG] Accepted segment [25600:26624], variance=0.0756, QRS count=6
2025-10-08 17:30:08,125 [DEBUG] Accepted segment [26112:27136], variance=0.0709, QRS count=6
2025-10-08 17:30:08,141 [DEBUG] Accepted segment [26624:27648], variance=0.0589, QRS count=6
2025-10-08 17:30:08,160 [DEBUG] Accepted segment [27136:28160], variance=0.0584, QRS count=6
2025-10-08 17:30:08,176 [DEBUG] Accepted segment [27648:28672], variance=0.0565, QRS count=6
2025-10-08 17:30:08,195 [DEBUG] Accepted segment [28160:29184], variance=0.0559, QRS count=6
2025-10-08 17:30:08,215 [DEBUG] Accepted segment [28672:29696], variance=0.0563, QRS count=6
2025-10-08 17:30:08,232 [DEBUG] Accepted segment [29184:30208], variance=0.0540, QRS count=6
2025-10-08 17:30:08,254 [DEBUG] Accepted segment [29696:30720], variance=0.0480, QRS count=6
2025-10-08 17:30:08,276 [DEBUG] Accepted segment [30208:31232], variance=0.0466, QRS count=5
2025-10-08 17:30:08,296 [DEBUG] Accepted segment [30720:31744], variance=0.0484, QRS count=5
2025-10-08 17:30:08,306 [DEBUG] Accepted segment [31232:32256], variance=0.0523, QRS count=6
2025-10-08 17:30:08,326 [DEBUG] Accepted segment [31744:32768], variance=0.0579, QRS count=6
2025-10-08 17:30:08,362 [DEBUG] Accepted segment [32256:33280], variance=0.0605, QRS count=5
2025-10-08 17:30:08,401 [DEBUG] Accepted segment [32768:33792], variance=0.0593, QRS count=5
2025-10-08 17:30:08,446 [DEBUG] Accepted segment [33280:34304], variance=0.0577, QRS count=5
2025-10-08 17:30:08,484 [DEBUG] Accepted segment [33792:34816], variance=0.0579, QRS count=6
2025-10-08 17:30:08,524 [DEBUG] Accepted segment [34304:35328], variance=0.0569, QRS count=6
2025-10-08 17:30:08,557 [DEBUG] Accepted segment [34816:35840], variance=0.0569, QRS count=6
2025-10-08 17:30:08,606 [DEBUG] Accepted segment [35328:36352], variance=0.0586, QRS count=6
2025-10-08 17:30:08,656 [DEBUG] Accepted segment [35840:36864], variance=0.0496, QRS count=6
2025-10-08 17:30:08,684 [DEBUG] Accepted segment [36352:37376], variance=0.0498, QRS count=5
2025-10-08 17:30:08,723 [DEBUG] Accepted segment [36864:37888], variance=0.0598, QRS count=5
2025-10-08 17:30:08,753 [DEBUG] Accepted segment [37376:38400], variance=0.0608, QRS count=5
2025-10-08 17:30:08,802 [DEBUG] Accepted segment [37888:38912], variance=0.0619, QRS count=5
2025-10-08 17:30:08,838 [DEBUG] Accepted segment [38400:39424], variance=0.0603, QRS count=6
2025-10-08 17:30:08,871 [DEBUG] Accepted segment [38912:39936], variance=0.0589, QRS count=6
2025-10-08 17:30:08,897 [DEBUG] Accepted segment [39424:40448], variance=0.0607, QRS count=6
2025-10-08 17:30:08,930 [DEBUG] Accepted segment [39936:40960], variance=0.0523, QRS count=6
2025-10-08 17:30:08,959 [DEBUG] Accepted segment [40448:41472], variance=0.0519, QRS count=5
2025-10-08 17:30:08,986 [DEBUG] Accepted segment [40960:41984], variance=0.0605, QRS count=5
2025-10-08 17:30:09,010 [DEBUG] Accepted segment [41472:42496], variance=0.0594, QRS count=5
2025-10-08 17:30:09,043 [DEBUG] Accepted segment [41984:43008], variance=0.0573, QRS count=6
2025-10-08 17:30:09,057 [DEBUG] Accepted segment [42496:43520], variance=0.0570, QRS count=6
2025-10-08 17:30:09,072 [DEBUG] Accepted segment [43008:44032], variance=0.0501, QRS count=5
2025-10-08 17:30:09,090 [DEBUG] Accepted segment [43520:44544], variance=0.0484, QRS count=5
2025-10-08 17:30:09,107 [DEBUG] Accepted segment [44032:45056], variance=0.0558, QRS count=5
2025-10-08 17:30:09,124 [DEBUG] Accepted segment [44544:45568], variance=0.0570, QRS count=5
2025-10-08 17:30:09,140 [DEBUG] Accepted segment [45056:46080], variance=0.0533, QRS count=5
2025-10-08 17:30:09,157 [DEBUG] Accepted segment [45568:46592], variance=0.0483, QRS count=6
2025-10-08 17:30:09,181 [DEBUG] Accepted segment [46080:47104], variance=0.0507, QRS count=6
2025-10-08 17:30:09,199 [DEBUG] Accepted segment [46592:47616], variance=0.0576, QRS count=6
2025-10-08 17:30:09,221 [DEBUG] Accepted segment [47104:48128], variance=0.0606, QRS count=6
2025-10-08 17:30:09,242 [DEBUG] Accepted segment [47616:48640], variance=0.0595, QRS count=6
2025-10-08 17:30:09,263 [DEBUG] Accepted segment [48128:49152], variance=0.0510, QRS count=6
2025-10-08 17:30:09,282 [DEBUG] Accepted segment [48640:49664], variance=0.0516, QRS count=5
2025-10-08 17:30:09,301 [DEBUG] Accepted segment [49152:50176], variance=0.0585, QRS count=5
2025-10-08 17:30:09,329 [DEBUG] Accepted segment [49664:50688], variance=0.0584, QRS count=5
2025-10-08 17:30:09,352 [DEBUG] Accepted segment [50176:51200], variance=0.0589, QRS count=6
2025-10-08 17:30:09,374 [DEBUG] Accepted segment [50688:51712], variance=0.0584, QRS count=6
2025-10-08 17:30:09,391 [DEBUG] Accepted segment [51200:52224], variance=0.0501, QRS count=5
2025-10-08 17:30:09,410 [DEBUG] Accepted segment [51712:52736], variance=0.0509, QRS count=5
2025-10-08 17:30:09,432 [DEBUG] Accepted segment [52224:53248], variance=0.0593, QRS count=5
2025-10-08 17:30:09,453 [DEBUG] Accepted segment [52736:53760], variance=0.0583, QRS count=6
2025-10-08 17:30:09,477 [DEBUG] Accepted segment [53248:54272], variance=0.0595, QRS count=5
2025-10-08 17:30:09,508 [DEBUG] Accepted segment [53760:54784], variance=0.0531, QRS count=5
2025-10-08 17:30:09,528 [DEBUG] Accepted segment [54272:55296], variance=0.0531, QRS count=5
2025-10-08 17:30:09,553 [DEBUG] Accepted segment [54784:55808], variance=0.0593, QRS count=5
2025-10-08 17:30:09,577 [DEBUG] Accepted segment [55296:56320], variance=0.0602, QRS count=5
2025-10-08 17:30:09,600 [DEBUG] Accepted segment [55808:56832], variance=0.0621, QRS count=5
2025-10-08 17:30:09,625 [DEBUG] Accepted segment [56320:57344], variance=0.0596, QRS count=5
2025-10-08 17:30:09,651 [DEBUG] Accepted segment [56832:57856], variance=0.0563, QRS count=6
2025-10-08 17:30:09,673 [DEBUG] Accepted segment [57344:58368], variance=0.0567, QRS count=6
2025-10-08 17:30:09,695 [DEBUG] Accepted segment [57856:58880], variance=0.0583, QRS count=5
2025-10-08 17:30:09,711 [DEBUG] Accepted segment [58368:59392], variance=0.0492, QRS count=5
2025-10-08 17:30:09,732 [DEBUG] Accepted segment [58880:59904], variance=0.0492, QRS count=5
2025-10-08 17:30:09,753 [DEBUG] Accepted segment [59392:60416], variance=0.0592, QRS count=5
2025-10-08 17:30:09,773 [DEBUG] Accepted segment [59904:60928], variance=0.0586, QRS count=5
2025-10-08 17:30:09,808 [DEBUG] Accepted segment [60416:61440], variance=0.0579, QRS count=6
2025-10-08 17:30:09,840 [DEBUG] Accepted segment [60928:61952], variance=0.0584, QRS count=6
2025-10-08 17:30:09,871 [DEBUG] Accepted segment [61440:62464], variance=0.0588, QRS count=5
2025-10-08 17:30:09,893 [DEBUG] Accepted segment [61952:62976], variance=0.0565, QRS count=5
2025-10-08 17:30:09,925 [DEBUG] Accepted segment [62464:63488], variance=0.0485, QRS count=6
2025-10-08 17:30:09,967 [DEBUG] Accepted segment [62976:64000], variance=0.0508, QRS count=5
2025-10-08 17:30:09,997 [DEBUG] Accepted segment [63488:64512], variance=0.0608, QRS count=5
2025-10-08 17:30:10,030 [DEBUG] Accepted segment [64000:65024], variance=0.0619, QRS count=5
2025-10-08 17:30:10,057 [DEBUG] Accepted segment [64512:65536], variance=0.0587, QRS count=5
2025-10-08 17:30:10,095 [DEBUG] Accepted segment [65024:66048], variance=0.0603, QRS count=5
2025-10-08 17:30:10,125 [DEBUG] Accepted segment [65536:66560], variance=0.0623, QRS count=5
2025-10-08 17:30:10,155 [DEBUG] Accepted segment [66048:67072], variance=0.0612, QRS count=5
2025-10-08 17:30:10,177 [DEBUG] Accepted segment [66560:67584], variance=0.0614, QRS count=6
2025-10-08 17:30:10,193 [DEBUG] Accepted segment [67072:68096], variance=0.0627, QRS count=6
2025-10-08 17:30:10,212 [DEBUG] Accepted segment [67584:68608], variance=0.0535, QRS count=5
2025-10-08 17:30:10,232 [DEBUG] Accepted segment [68096:69120], variance=0.0529, QRS count=5
2025-10-08 17:30:10,254 [DEBUG] Accepted segment [68608:69632], variance=0.0620, QRS count=5
2025-10-08 17:30:10,278 [DEBUG] Accepted segment [69120:70144], variance=0.0512, QRS count=6
2025-10-08 17:30:10,312 [DEBUG] Accepted segment [69632:70656], variance=0.0508, QRS count=5
2025-10-08 17:30:10,333 [DEBUG] Accepted segment [70144:71168], variance=0.0623, QRS count=5
2025-10-08 17:30:10,357 [DEBUG] Accepted segment [70656:71680], variance=0.0649, QRS count=5
2025-10-08 17:30:10,375 [DEBUG] Accepted segment [71168:72192], variance=0.0649, QRS count=6
2025-10-08 17:30:10,396 [DEBUG] Accepted segment [71680:72704], variance=0.0643, QRS count=6
2025-10-08 17:30:10,417 [DEBUG] Accepted segment [72192:73216], variance=0.0546, QRS count=6
2025-10-08 17:30:10,436 [DEBUG] Accepted segment [72704:73728], variance=0.0550, QRS count=5
2025-10-08 17:30:10,460 [DEBUG] Accepted segment [73216:74240], variance=0.0646, QRS count=5
2025-10-08 17:30:10,484 [DEBUG] Accepted segment [73728:74752], variance=0.0630, QRS count=5
2025-10-08 17:30:10,502 [DEBUG] Accepted segment [74240:75264], variance=0.0623, QRS count=6
2025-10-08 17:30:10,523 [DEBUG] Accepted segment [74752:75776], variance=0.0621, QRS count=6
2025-10-08 17:30:10,551 [DEBUG] Accepted segment [75264:76288], variance=0.0509, QRS count=6
2025-10-08 17:30:10,569 [DEBUG] Accepted segment [75776:76800], variance=0.0518, QRS count=5
2025-10-08 17:30:10,589 [DEBUG] Accepted segment [76288:77312], variance=0.0641, QRS count=5
2025-10-08 17:30:10,608 [DEBUG] Accepted segment [76800:77824], variance=0.0659, QRS count=5
2025-10-08 17:30:10,626 [DEBUG] Accepted segment [77312:78336], variance=0.0647, QRS count=6
2025-10-08 17:30:10,648 [DEBUG] Accepted segment [77824:78848], variance=0.0543, QRS count=5
2025-10-08 17:30:10,668 [DEBUG] Accepted segment [78336:79360], variance=0.0534, QRS count=5
2025-10-08 17:30:10,681 [DEBUG] Accepted segment [78848:79872], variance=0.0600, QRS count=5
2025-10-08 17:30:10,692 [DEBUG] Accepted segment [79360:80384], variance=0.0605, QRS count=6
2025-10-08 17:30:10,704 [DEBUG] Accepted segment [79872:80896], variance=0.0530, QRS count=5
2025-10-08 17:30:10,725 [DEBUG] Accepted segment [80384:81408], variance=0.0525, QRS count=5
2025-10-08 17:30:10,744 [DEBUG] Accepted segment [80896:81920], variance=0.0614, QRS count=5
2025-10-08 17:30:10,772 [DEBUG] Accepted segment [81408:82432], variance=0.0623, QRS count=6
2025-10-08 17:30:10,792 [DEBUG] Accepted segment [81920:82944], variance=0.0606, QRS count=5
2025-10-08 17:30:10,819 [DEBUG] Accepted segment [82432:83456], variance=0.0508, QRS count=5
2025-10-08 17:30:10,844 [DEBUG] Accepted segment [82944:83968], variance=0.0525, QRS count=5
2025-10-08 17:30:10,867 [DEBUG] Accepted segment [83456:84480], variance=0.0618, QRS count=5
2025-10-08 17:30:10,893 [DEBUG] Accepted segment [83968:84992], variance=0.0601, QRS count=5
2025-10-08 17:30:10,917 [DEBUG] Accepted segment [84480:85504], variance=0.0589, QRS count=5
2025-10-08 17:30:10,945 [DEBUG] Accepted segment [84992:86016], variance=0.0579, QRS count=6
2025-10-08 17:30:10,975 [DEBUG] Accepted segment [85504:86528], variance=0.0604, QRS count=6
2025-10-08 17:30:11,011 [DEBUG] Accepted segment [86016:87040], variance=0.0538, QRS count=5
2025-10-08 17:30:11,044 [DEBUG] Accepted segment [86528:87552], variance=0.0515, QRS count=5
2025-10-08 17:30:11,070 [DEBUG] Accepted segment [87040:88064], variance=0.0609, QRS count=5
2025-10-08 17:30:11,112 [DEBUG] Accepted segment [87552:88576], variance=0.0617, QRS count=5
2025-10-08 17:30:11,147 [DEBUG] Accepted segment [88064:89088], variance=0.0498, QRS count=5
2025-10-08 17:30:11,170 [DEBUG] Accepted segment [88576:89600], variance=0.0489, QRS count=5
2025-10-08 17:30:11,194 [DEBUG] Accepted segment [89088:90112], variance=0.0603, QRS count=5
2025-10-08 17:30:11,222 [DEBUG] Accepted segment [89600:90624], variance=0.0612, QRS count=6
2025-10-08 17:30:11,250 [DEBUG] Accepted segment [90112:91136], variance=0.0612, QRS count=6
2025-10-08 17:30:11,275 [DEBUG] Accepted segment [90624:91648], variance=0.0535, QRS count=5
2025-10-08 17:30:11,309 [DEBUG] Accepted segment [91136:92160], variance=0.0552, QRS count=5
2025-10-08 17:30:11,351 [DEBUG] Accepted segment [91648:92672], variance=0.0635, QRS count=5
2025-10-08 17:30:11,378 [DEBUG] Accepted segment [92160:93184], variance=0.0609, QRS count=5
2025-10-08 17:30:11,409 [DEBUG] Accepted segment [92672:93696], variance=0.0534, QRS count=6
2025-10-08 17:30:11,445 [DEBUG] Accepted segment [93184:94208], variance=0.0553, QRS count=5
2025-10-08 17:30:11,471 [DEBUG] Accepted segment [93696:94720], variance=0.0625, QRS count=5
2025-10-08 17:30:11,498 [DEBUG] Accepted segment [94208:95232], variance=0.0619, QRS count=5
2025-10-08 17:30:11,526 [DEBUG] Accepted segment [94720:95744], variance=0.0629, QRS count=6
2025-10-08 17:30:11,559 [DEBUG] Accepted segment [95232:96256], variance=0.0528, QRS count=5
2025-10-08 17:30:11,590 [DEBUG] Accepted segment [95744:96768], variance=0.0525, QRS count=5
2025-10-08 17:30:11,618 [DEBUG] Accepted segment [96256:97280], variance=0.0625, QRS count=5
2025-10-08 17:30:11,643 [DEBUG] Accepted segment [96768:97792], variance=0.0602, QRS count=6
2025-10-08 17:30:11,670 [DEBUG] Accepted segment [97280:98304], variance=0.0574, QRS count=6
2025-10-08 17:30:11,692 [DEBUG] Accepted segment [97792:98816], variance=0.0569, QRS count=6
2025-10-08 17:30:11,718 [DEBUG] Accepted segment [98304:99328], variance=0.0501, QRS count=6
2025-10-08 17:30:11,746 [DEBUG] Accepted segment [98816:99840], variance=0.0510, QRS count=5
2025-10-08 17:30:11,767 [DEBUG] Accepted segment [99328:100352], variance=0.0579, QRS count=5
2025-10-08 17:30:11,789 [DEBUG] Accepted segment [99840:100864], variance=0.0583, QRS count=5
2025-10-08 17:30:11,810 [DEBUG] Accepted segment [100352:101376], variance=0.0604, QRS count=5
2025-10-08 17:30:11,828 [DEBUG] Accepted segment [100864:101888], variance=0.0593, QRS count=6
2025-10-08 17:30:11,855 [DEBUG] Accepted segment [101376:102400], variance=0.0568, QRS count=6
2025-10-08 17:30:11,891 [DEBUG] Accepted segment [101888:102912], variance=0.0552, QRS count=6
2025-10-08 17:30:11,921 [DEBUG] Accepted segment [102400:103424], variance=0.0554, QRS count=6
2025-10-08 17:30:11,945 [DEBUG] Accepted segment [102912:103936], variance=0.0574, QRS count=6
2025-10-08 17:30:11,978 [DEBUG] Accepted segment [103424:104448], variance=0.0576, QRS count=5
2025-10-08 17:30:12,002 [DEBUG] Accepted segment [103936:104960], variance=0.0472, QRS count=6
2025-10-08 17:30:12,039 [DEBUG] Accepted segment [104448:105472], variance=0.0462, QRS count=5
2025-10-08 17:30:12,078 [DEBUG] Accepted segment [104960:105984], variance=0.0554, QRS count=5
2025-10-08 17:30:12,104 [DEBUG] Accepted segment [105472:106496], variance=0.0562, QRS count=5
2025-10-08 17:30:12,125 [DEBUG] Accepted segment [105984:107008], variance=0.0543, QRS count=5
2025-10-08 17:30:12,153 [DEBUG] Accepted segment [106496:107520], variance=0.0518, QRS count=5
2025-10-08 17:30:12,177 [DEBUG] Accepted segment [107008:108032], variance=0.0523, QRS count=5
2025-10-08 17:30:12,208 [DEBUG] Accepted segment [107520:108544], variance=0.0539, QRS count=5
2025-10-08 17:30:12,233 [DEBUG] Accepted segment [108032:109056], variance=0.0543, QRS count=5
2025-10-08 17:30:12,255 [DEBUG] Accepted segment [108544:109568], variance=0.0531, QRS count=6
2025-10-08 17:30:12,287 [DEBUG] Accepted segment [109056:110080], variance=0.0515, QRS count=6
2025-10-08 17:30:12,311 [DEBUG] Accepted segment [109568:110592], variance=0.0521, QRS count=6
2025-10-08 17:30:12,335 [DEBUG] Accepted segment [110080:111104], variance=0.1279, QRS count=6
2025-10-08 17:30:12,384 [DEBUG] Accepted segment [110592:111616], variance=0.1293, QRS count=5
2025-10-08 17:30:12,422 [DEBUG] Accepted segment [111104:112128], variance=0.0552, QRS count=6
2025-10-08 17:30:12,457 [DEBUG] Accepted segment [111616:112640], variance=0.0537, QRS count=6
2025-10-08 17:30:12,491 [DEBUG] Accepted segment [112128:113152], variance=0.0532, QRS count=6
2025-10-08 17:30:12,515 [DEBUG] Accepted segment [112640:113664], variance=0.0558, QRS count=6
2025-10-08 17:30:12,543 [DEBUG] Accepted segment [113152:114176], variance=0.0582, QRS count=5
2025-10-08 17:30:12,562 [DEBUG] Accepted segment [113664:114688], variance=0.0514, QRS count=6
2025-10-08 17:30:12,585 [DEBUG] Accepted segment [114176:115200], variance=0.0525, QRS count=5
2025-10-08 17:30:12,607 [DEBUG] Accepted segment [114688:115712], variance=0.0596, QRS count=5
2025-10-08 17:30:12,628 [DEBUG] Accepted segment [115200:116224], variance=0.0584, QRS count=5
2025-10-08 17:30:12,651 [DEBUG] Accepted segment [115712:116736], variance=0.0515, QRS count=6
2025-10-08 17:30:12,670 [DEBUG] Accepted segment [116224:117248], variance=0.0530, QRS count=5
2025-10-08 17:30:12,696 [DEBUG] Accepted segment [116736:117760], variance=0.0609, QRS count=5
2025-10-08 17:30:12,717 [DEBUG] Accepted segment [117248:118272], variance=0.0628, QRS count=5
2025-10-08 17:30:12,738 [DEBUG] Accepted segment [117760:118784], variance=0.0637, QRS count=6
2025-10-08 17:30:12,765 [DEBUG] Accepted segment [118272:119296], variance=0.0609, QRS count=6
2025-10-08 17:30:12,788 [DEBUG] Accepted segment [118784:119808], variance=0.0506, QRS count=6
2025-10-08 17:30:12,789 [DEBUG] Skipping segment [119296:120320] due to overlap with noise [120200:120500]
2025-10-08 17:30:12,789 [DEBUG] Skipping segment [119808:120832] due to overlap with noise [120200:120500]
2025-10-08 17:30:12,790 [DEBUG] Skipping segment [120320:121344] due to overlap with noise [120200:120500]
2025-10-08 17:30:12,811 [DEBUG] Accepted segment [120832:121856], variance=0.0428, QRS count=6
2025-10-08 17:30:12,836 [DEBUG] Accepted segment [121344:122368], variance=0.0406, QRS count=6
2025-10-08 17:30:12,863 [DEBUG] Accepted segment [121856:122880], variance=0.0365, QRS count=6
2025-10-08 17:30:12,882 [DEBUG] Accepted segment [122368:123392], variance=0.0401, QRS count=5
2025-10-08 17:30:12,900 [DEBUG] Accepted segment [122880:123904], variance=0.0464, QRS count=6
2025-10-08 17:30:12,923 [DEBUG] Accepted segment [123392:124416], variance=0.0520, QRS count=6
2025-10-08 17:30:12,942 [DEBUG] Accepted segment [123904:124928], variance=0.0439, QRS count=5
2025-10-08 17:30:12,959 [DEBUG] Accepted segment [124416:125440], variance=0.0354, QRS count=5
2025-10-08 17:30:12,984 [DEBUG] Accepted segment [124928:125952], variance=0.0386, QRS count=5
2025-10-08 17:30:13,014 [DEBUG] Accepted segment [125440:126464], variance=0.0365, QRS count=5
2025-10-08 17:30:13,042 [DEBUG] Accepted segment [125952:126976], variance=0.0365, QRS count=6
2025-10-08 17:30:13,073 [DEBUG] Accepted segment [126464:127488], variance=0.0327, QRS count=5
2025-10-08 17:30:13,094 [DEBUG] Accepted segment [126976:128000], variance=0.0325, QRS count=5
2025-10-08 17:30:13,095 [INFO] Segmented signal of length 128000 into 246 valid segments
2025-10-08 17:30:16,336 [DEBUG] Skipping segment [0:1024] due to overlap with noise [0:400]
2025-10-08 17:30:16,345 [DEBUG] Accepted segment [512:1536], variance=0.0713, QRS count=4
2025-10-08 17:30:16,356 [DEBUG] Accepted segment [1024:2048], variance=0.0615, QRS count=4
2025-10-08 17:30:16,357 [DEBUG] Skipping segment [1536:2560] due to overlap with noise [2400:3800]
2025-10-08 17:30:16,357 [DEBUG] Skipping segment [2048:3072] due to overlap with noise [2400:3800]
2025-10-08 17:30:16,357 [DEBUG] Skipping segment [2560:3584] due to overlap with noise [2400:3800]
2025-10-08 17:30:16,357 [DEBUG] Skipping segment [3072:4096] due to overlap with noise [2400:3800]
2025-10-08 17:30:16,358 [DEBUG] Skipping segment [3584:4608] due to overlap with noise [2400:3800]
2025-10-08 17:30:16,369 [DEBUG] Accepted segment [4096:5120], variance=0.0638, QRS count=4
2025-10-08 17:30:16,378 [DEBUG] Accepted segment [4608:5632], variance=0.0595, QRS count=4
2025-10-08 17:30:16,387 [DEBUG] Accepted segment [5120:6144], variance=0.0630, QRS count=5
2025-10-08 17:30:16,397 [DEBUG] Accepted segment [5632:6656], variance=0.0667, QRS count=4
2025-10-08 17:30:16,407 [DEBUG] Accepted segment [6144:7168], variance=0.0610, QRS count=4
2025-10-08 17:30:16,417 [DEBUG] Accepted segment [6656:7680], variance=0.0560, QRS count=4
2025-10-08 17:30:16,427 [DEBUG] Accepted segment [7168:8192], variance=0.0571, QRS count=4
2025-10-08 17:30:16,436 [DEBUG] Accepted segment [7680:8704], variance=0.0666, QRS count=4
2025-10-08 17:30:16,445 [DEBUG] Accepted segment [8192:9216], variance=0.0678, QRS count=4
2025-10-08 17:30:16,454 [DEBUG] Accepted segment [8704:9728], variance=0.0588, QRS count=4
2025-10-08 17:30:16,461 [DEBUG] Accepted segment [9216:10240], variance=0.0635, QRS count=5
2025-10-08 17:30:16,469 [DEBUG] Accepted segment [9728:10752], variance=0.0676, QRS count=4
2025-10-08 17:30:16,477 [DEBUG] Accepted segment [10240:11264], variance=0.0598, QRS count=4
2025-10-08 17:30:16,485 [DEBUG] Accepted segment [10752:11776], variance=0.0615, QRS count=4
2025-10-08 17:30:16,492 [DEBUG] Accepted segment [11264:12288], variance=0.0670, QRS count=5
2025-10-08 17:30:16,500 [DEBUG] Accepted segment [11776:12800], variance=0.0617, QRS count=4
2025-10-08 17:30:16,507 [DEBUG] Accepted segment [12288:13312], variance=0.0684, QRS count=5
2025-10-08 17:30:16,515 [DEBUG] Accepted segment [12800:13824], variance=0.0672, QRS count=4
2025-10-08 17:30:16,523 [DEBUG] Accepted segment [13312:14336], variance=0.0669, QRS count=5
2025-10-08 17:30:16,531 [DEBUG] Accepted segment [13824:14848], variance=0.0698, QRS count=4
2025-10-08 17:30:16,538 [DEBUG] Accepted segment [14336:15360], variance=0.0721, QRS count=5
2025-10-08 17:30:16,546 [DEBUG] Accepted segment [14848:15872], variance=0.0806, QRS count=5
2025-10-08 17:30:16,553 [DEBUG] Accepted segment [15360:16384], variance=0.0725, QRS count=6
2025-10-08 17:30:16,560 [DEBUG] Accepted segment [15872:16896], variance=0.0769, QRS count=5
2025-10-08 17:30:16,567 [DEBUG] Accepted segment [16384:17408], variance=0.0851, QRS count=5
2025-10-08 17:30:16,574 [DEBUG] Accepted segment [16896:17920], variance=0.0787, QRS count=6
2025-10-08 17:30:16,581 [DEBUG] Accepted segment [17408:18432], variance=0.0684, QRS count=5
2025-10-08 17:30:16,588 [DEBUG] Accepted segment [17920:18944], variance=0.0600, QRS count=4
2025-10-08 17:30:16,594 [DEBUG] Accepted segment [18432:19456], variance=0.0654, QRS count=5
2025-10-08 17:30:16,601 [DEBUG] Accepted segment [18944:19968], variance=0.0706, QRS count=4
2025-10-08 17:30:16,608 [DEBUG] Accepted segment [19456:20480], variance=0.0615, QRS count=4
2025-10-08 17:30:16,615 [DEBUG] Accepted segment [19968:20992], variance=0.0565, QRS count=4
2025-10-08 17:30:16,621 [DEBUG] Accepted segment [20480:21504], variance=0.0658, QRS count=5
2025-10-08 17:30:16,629 [DEBUG] Accepted segment [20992:22016], variance=0.0707, QRS count=4
2025-10-08 17:30:16,637 [DEBUG] Accepted segment [21504:22528], variance=0.0634, QRS count=4
2025-10-08 17:30:16,644 [DEBUG] Accepted segment [22016:23040], variance=0.0587, QRS count=4
2025-10-08 17:30:16,650 [DEBUG] Accepted segment [22528:23552], variance=0.0665, QRS count=5
2025-10-08 17:30:16,651 [DEBUG] Skipping segment [23040:24064] due to overlap with noise [24000:24800]
2025-10-08 17:30:16,651 [DEBUG] Skipping segment [23552:24576] due to overlap with noise [24000:24800]
2025-10-08 17:30:16,651 [DEBUG] Skipping segment [24064:25088] due to overlap with noise [24000:24800]
2025-10-08 17:30:16,651 [DEBUG] Skipping segment [24576:25600] due to overlap with noise [24000:24800]
2025-10-08 17:30:16,657 [DEBUG] Accepted segment [25088:26112], variance=0.0705, QRS count=6
2025-10-08 17:30:16,663 [DEBUG] Accepted segment [25600:26624], variance=0.0701, QRS count=5
2025-10-08 17:30:16,670 [DEBUG] Accepted segment [26112:27136], variance=0.0624, QRS count=5
2025-10-08 17:30:16,677 [DEBUG] Accepted segment [26624:27648], variance=0.0628, QRS count=6
2025-10-08 17:30:16,684 [DEBUG] Accepted segment [27136:28160], variance=0.0622, QRS count=5
2025-10-08 17:30:16,691 [DEBUG] Accepted segment [27648:28672], variance=0.0545, QRS count=5
2025-10-08 17:30:16,697 [DEBUG] Accepted segment [28160:29184], variance=0.0639, QRS count=5
2025-10-08 17:30:16,703 [DEBUG] Accepted segment [28672:29696], variance=0.0645, QRS count=4
2025-10-08 17:30:16,709 [DEBUG] Accepted segment [29184:30208], variance=0.0619, QRS count=5
2025-10-08 17:30:16,716 [DEBUG] Accepted segment [29696:30720], variance=0.0662, QRS count=5
2025-10-08 17:30:16,722 [DEBUG] Accepted segment [30208:31232], variance=0.0584, QRS count=4
2025-10-08 17:30:16,729 [DEBUG] Accepted segment [30720:31744], variance=0.0632, QRS count=5
2025-10-08 17:30:16,735 [DEBUG] Accepted segment [31232:32256], variance=0.0687, QRS count=4
2025-10-08 17:30:16,741 [DEBUG] Accepted segment [31744:32768], variance=0.0606, QRS count=4
2025-10-08 17:30:16,748 [DEBUG] Accepted segment [32256:33280], variance=0.0556, QRS count=5
2025-10-08 17:30:16,754 [DEBUG] Accepted segment [32768:33792], variance=0.0653, QRS count=5
2025-10-08 17:30:16,761 [DEBUG] Accepted segment [33280:34304], variance=0.0680, QRS count=4
2025-10-08 17:30:16,766 [DEBUG] Accepted segment [33792:34816], variance=0.0583, QRS count=4
2025-10-08 17:30:16,772 [DEBUG] Accepted segment [34304:35328], variance=0.0639, QRS count=5
2025-10-08 17:30:16,778 [DEBUG] Accepted segment [34816:35840], variance=0.0667, QRS count=4
2025-10-08 17:30:16,784 [DEBUG] Accepted segment [35328:36352], variance=0.0591, QRS count=5
2025-10-08 17:30:16,790 [DEBUG] Accepted segment [35840:36864], variance=0.0674, QRS count=5
2025-10-08 17:30:16,796 [DEBUG] Accepted segment [36352:37376], variance=0.0672, QRS count=4
2025-10-08 17:30:16,802 [DEBUG] Accepted segment [36864:37888], variance=0.0557, QRS count=4
2025-10-08 17:30:16,808 [DEBUG] Accepted segment [37376:38400], variance=0.0645, QRS count=4
2025-10-08 17:30:16,815 [DEBUG] Accepted segment [37888:38912], variance=0.0696, QRS count=4
2025-10-08 17:30:16,821 [DEBUG] Accepted segment [38400:39424], variance=0.0600, QRS count=4
2025-10-08 17:30:16,827 [DEBUG] Accepted segment [38912:39936], variance=0.0560, QRS count=4
2025-10-08 17:30:16,832 [DEBUG] Accepted segment [39424:40448], variance=0.0664, QRS count=5
2025-10-08 17:30:16,838 [DEBUG] Accepted segment [39936:40960], variance=0.0676, QRS count=4
2025-10-08 17:30:16,844 [DEBUG] Accepted segment [40448:41472], variance=0.0587, QRS count=4
2025-10-08 17:30:16,850 [DEBUG] Accepted segment [40960:41984], variance=0.0638, QRS count=5
2025-10-08 17:30:16,856 [DEBUG] Accepted segment [41472:42496], variance=0.0685, QRS count=4
2025-10-08 17:30:16,861 [DEBUG] Accepted segment [41984:43008], variance=0.0633, QRS count=4
2025-10-08 17:30:16,867 [DEBUG] Accepted segment [42496:43520], variance=0.0641, QRS count=5
2025-10-08 17:30:16,872 [DEBUG] Accepted segment [43008:44032], variance=0.0666, QRS count=5
2025-10-08 17:30:16,877 [DEBUG] Accepted segment [43520:44544], variance=0.0613, QRS count=4
2025-10-08 17:30:16,883 [DEBUG] Accepted segment [44032:45056], variance=0.0696, QRS count=5
2025-10-08 17:30:16,889 [DEBUG] Accepted segment [44544:45568], variance=0.0793, QRS count=5
2025-10-08 17:30:16,894 [DEBUG] Accepted segment [45056:46080], variance=0.0745, QRS count=5
2025-10-08 17:30:16,899 [DEBUG] Accepted segment [45568:46592], variance=0.0689, QRS count=5
2025-10-08 17:30:16,905 [DEBUG] Accepted segment [46080:47104], variance=0.0612, QRS count=5
2025-10-08 17:30:16,910 [DEBUG] Accepted segment [46592:47616], variance=0.0675, QRS count=5
2025-10-08 17:30:16,916 [DEBUG] Accepted segment [47104:48128], variance=0.0667, QRS count=4
2025-10-08 17:30:16,922 [DEBUG] Accepted segment [47616:48640], variance=0.0650, QRS count=5
2025-10-08 17:30:16,928 [DEBUG] Accepted segment [48128:49152], variance=0.0693, QRS count=4
2025-10-08 17:30:16,933 [DEBUG] Accepted segment [48640:49664], variance=0.0693, QRS count=5
2025-10-08 17:30:16,939 [DEBUG] Accepted segment [49152:50176], variance=0.0686, QRS count=5
2025-10-08 17:30:16,944 [DEBUG] Accepted segment [49664:50688], variance=0.0699, QRS count=5
2025-10-08 17:30:16,951 [DEBUG] Accepted segment [50176:51200], variance=0.0716, QRS count=6
2025-10-08 17:30:16,956 [DEBUG] Accepted segment [50688:51712], variance=0.0602, QRS count=5
2025-10-08 17:30:16,961 [DEBUG] Accepted segment [51200:52224], variance=0.0649, QRS count=5
2025-10-08 17:30:16,967 [DEBUG] Accepted segment [51712:52736], variance=0.0633, QRS count=4
2025-10-08 17:30:16,972 [DEBUG] Accepted segment [52224:53248], variance=0.0603, QRS count=5
2025-10-08 17:30:16,977 [DEBUG] Accepted segment [52736:53760], variance=0.0668, QRS count=5
2025-10-08 17:30:16,985 [DEBUG] Accepted segment [53248:54272], variance=0.0604, QRS count=5
2025-10-08 17:30:16,992 [DEBUG] Accepted segment [53760:54784], variance=0.0667, QRS count=5
2025-10-08 17:30:16,997 [DEBUG] Accepted segment [54272:55296], variance=0.0659, QRS count=4
2025-10-08 17:30:17,003 [DEBUG] Accepted segment [54784:55808], variance=0.0629, QRS count=5
2025-10-08 17:30:17,009 [DEBUG] Accepted segment [55296:56320], variance=0.0680, QRS count=5
2025-10-08 17:30:17,015 [DEBUG] Accepted segment [55808:56832], variance=0.0606, QRS count=4
2025-10-08 17:30:17,020 [DEBUG] Accepted segment [56320:57344], variance=0.0672, QRS count=5
2025-10-08 17:30:17,026 [DEBUG] Accepted segment [56832:57856], variance=0.0676, QRS count=4
2025-10-08 17:30:17,032 [DEBUG] Accepted segment [57344:58368], variance=0.0666, QRS count=5
2025-10-08 17:30:17,037 [DEBUG] Accepted segment [57856:58880], variance=0.0669, QRS count=4
2025-10-08 17:30:17,043 [DEBUG] Accepted segment [58368:59392], variance=0.0631, QRS count=5
2025-10-08 17:30:17,049 [DEBUG] Accepted segment [58880:59904], variance=0.0658, QRS count=4
2025-10-08 17:30:17,055 [DEBUG] Accepted segment [59392:60416], variance=0.0663, QRS count=5
2025-10-08 17:30:17,061 [DEBUG] Accepted segment [59904:60928], variance=0.0609, QRS count=5
2025-10-08 17:30:17,067 [DEBUG] Accepted segment [60416:61440], variance=0.0636, QRS count=5
2025-10-08 17:30:17,073 [DEBUG] Accepted segment [60928:61952], variance=0.0645, QRS count=4
2025-10-08 17:30:17,080 [DEBUG] Accepted segment [61440:62464], variance=0.0635, QRS count=5
2025-10-08 17:30:17,086 [DEBUG] Accepted segment [61952:62976], variance=0.0681, QRS count=5
2025-10-08 17:30:17,092 [DEBUG] Accepted segment [62464:63488], variance=0.0672, QRS count=5
2025-10-08 17:30:17,097 [DEBUG] Accepted segment [62976:64000], variance=0.0674, QRS count=5
2025-10-08 17:30:17,103 [DEBUG] Accepted segment [63488:64512], variance=0.0614, QRS count=4
2025-10-08 17:30:17,108 [DEBUG] Accepted segment [64000:65024], variance=0.0665, QRS count=4
2025-10-08 17:30:17,114 [DEBUG] Accepted segment [64512:65536], variance=0.0698, QRS count=4
2025-10-08 17:30:17,120 [DEBUG] Accepted segment [65024:66048], variance=0.0600, QRS count=4
2025-10-08 17:30:17,126 [DEBUG] Accepted segment [65536:66560], variance=0.0562, QRS count=4
2025-10-08 17:30:17,131 [DEBUG] Accepted segment [66048:67072], variance=0.0646, QRS count=5
2025-10-08 17:30:17,137 [DEBUG] Accepted segment [66560:67584], variance=0.0682, QRS count=4
2025-10-08 17:30:17,143 [DEBUG] Accepted segment [67072:68096], variance=0.0609, QRS count=4
2025-10-08 17:30:17,149 [DEBUG] Accepted segment [67584:68608], variance=0.0569, QRS count=4
2025-10-08 17:30:17,154 [DEBUG] Accepted segment [68096:69120], variance=0.0652, QRS count=5
2025-10-08 17:30:17,160 [DEBUG] Accepted segment [68608:69632], variance=0.0696, QRS count=4
2025-10-08 17:30:17,165 [DEBUG] Accepted segment [69120:70144], variance=0.0609, QRS count=4
2025-10-08 17:30:17,170 [DEBUG] Accepted segment [69632:70656], variance=0.0629, QRS count=5
2025-10-08 17:30:17,176 [DEBUG] Accepted segment [70144:71168], variance=0.0675, QRS count=4
2025-10-08 17:30:17,181 [DEBUG] Accepted segment [70656:71680], variance=0.0603, QRS count=4
2025-10-08 17:30:17,186 [DEBUG] Accepted segment [71168:72192], variance=0.0674, QRS count=5
2025-10-08 17:30:17,191 [DEBUG] Accepted segment [71680:72704], variance=0.0668, QRS count=4
2025-10-08 17:30:17,197 [DEBUG] Accepted segment [72192:73216], variance=0.0556, QRS count=4
2025-10-08 17:30:17,202 [DEBUG] Accepted segment [72704:73728], variance=0.0672, QRS count=5
2025-10-08 17:30:17,207 [DEBUG] Accepted segment [73216:74240], variance=0.0669, QRS count=4
2025-10-08 17:30:17,212 [DEBUG] Accepted segment [73728:74752], variance=0.0551, QRS count=5
2025-10-08 17:30:17,217 [DEBUG] Accepted segment [74240:75264], variance=0.0668, QRS count=5
2025-10-08 17:30:17,222 [DEBUG] Accepted segment [74752:75776], variance=0.0669, QRS count=4
2025-10-08 17:30:17,228 [DEBUG] Accepted segment [75264:76288], variance=0.0631, QRS count=4
2025-10-08 17:30:17,233 [DEBUG] Accepted segment [75776:76800], variance=0.0682, QRS count=5
2025-10-08 17:30:17,239 [DEBUG] Accepted segment [76288:77312], variance=0.0602, QRS count=4
2025-10-08 17:30:17,244 [DEBUG] Accepted segment [76800:77824], variance=0.0663, QRS count=5
2025-10-08 17:30:17,250 [DEBUG] Accepted segment [77312:78336], variance=0.0746, QRS count=5
2025-10-08 17:30:17,256 [DEBUG] Accepted segment [77824:78848], variance=0.0747, QRS count=5
2025-10-08 17:30:17,261 [DEBUG] Accepted segment [78336:79360], variance=0.0700, QRS count=5
2025-10-08 17:30:17,266 [DEBUG] Accepted segment [78848:79872], variance=0.0689, QRS count=5
2025-10-08 17:30:17,272 [DEBUG] Accepted segment [79360:80384], variance=0.0664, QRS count=4
2025-10-08 17:30:17,277 [DEBUG] Accepted segment [79872:80896], variance=0.0676, QRS count=5
2025-10-08 17:30:17,282 [DEBUG] Accepted segment [80384:81408], variance=0.0665, QRS count=4
2025-10-08 17:30:17,288 [DEBUG] Accepted segment [80896:81920], variance=0.0647, QRS count=5
2025-10-08 17:30:17,293 [DEBUG] Accepted segment [81408:82432], variance=0.0655, QRS count=4
2025-10-08 17:30:17,298 [DEBUG] Accepted segment [81920:82944], variance=0.0642, QRS count=5
2025-10-08 17:30:17,304 [DEBUG] Accepted segment [82432:83456], variance=0.0676, QRS count=5
2025-10-08 17:30:17,309 [DEBUG] Accepted segment [82944:83968], variance=0.0592, QRS count=4
2025-10-08 17:30:17,314 [DEBUG] Accepted segment [83456:84480], variance=0.0647, QRS count=5
2025-10-08 17:30:17,320 [DEBUG] Accepted segment [83968:84992], variance=0.0657, QRS count=4
2025-10-08 17:30:17,326 [DEBUG] Accepted segment [84480:85504], variance=0.0633, QRS count=5
2025-10-08 17:30:17,331 [DEBUG] Accepted segment [84992:86016], variance=0.0668, QRS count=5
2025-10-08 17:30:17,338 [DEBUG] Accepted segment [85504:86528], variance=0.0680, QRS count=5
2025-10-08 17:30:17,343 [DEBUG] Accepted segment [86016:87040], variance=0.0652, QRS count=4
2025-10-08 17:30:17,348 [DEBUG] Accepted segment [86528:87552], variance=0.0649, QRS count=5
2025-10-08 17:30:17,353 [DEBUG] Accepted segment [87040:88064], variance=0.0665, QRS count=4
2025-10-08 17:30:17,359 [DEBUG] Accepted segment [87552:88576], variance=0.0640, QRS count=5
2025-10-08 17:30:17,364 [DEBUG] Accepted segment [88064:89088], variance=0.0637, QRS count=5
2025-10-08 17:30:17,369 [DEBUG] Accepted segment [88576:89600], variance=0.0630, QRS count=4
2025-10-08 17:30:17,374 [DEBUG] Accepted segment [89088:90112], variance=0.0606, QRS count=5
2025-10-08 17:30:17,379 [DEBUG] Accepted segment [89600:90624], variance=0.0560, QRS count=4
2025-10-08 17:30:17,384 [DEBUG] Accepted segment [90112:91136], variance=0.0542, QRS count=4
2025-10-08 17:30:17,389 [DEBUG] Accepted segment [90624:91648], variance=0.0615, QRS count=5
2025-10-08 17:30:17,394 [DEBUG] Accepted segment [91136:92160], variance=0.0635, QRS count=4
2025-10-08 17:30:17,399 [DEBUG] Accepted segment [91648:92672], variance=0.0539, QRS count=5
2025-10-08 17:30:17,404 [DEBUG] Accepted segment [92160:93184], variance=0.0651, QRS count=5
2025-10-08 17:30:17,409 [DEBUG] Accepted segment [92672:93696], variance=0.0663, QRS count=4
2025-10-08 17:30:17,413 [DEBUG] Accepted segment [93184:94208], variance=0.0542, QRS count=4
2025-10-08 17:30:17,419 [DEBUG] Accepted segment [93696:94720], variance=0.0644, QRS count=5
2025-10-08 17:30:17,424 [DEBUG] Accepted segment [94208:95232], variance=0.0639, QRS count=4
2025-10-08 17:30:17,429 [DEBUG] Accepted segment [94720:95744], variance=0.0533, QRS count=4
2025-10-08 17:30:17,434 [DEBUG] Accepted segment [95232:96256], variance=0.0611, QRS count=5
2025-10-08 17:30:17,438 [DEBUG] Accepted segment [95744:96768], variance=0.0647, QRS count=4
2025-10-08 17:30:17,443 [DEBUG] Accepted segment [96256:97280], variance=0.0575, QRS count=5
2025-10-08 17:30:17,448 [DEBUG] Accepted segment [96768:97792], variance=0.0637, QRS count=5
2025-10-08 17:30:17,448 [DEBUG] Skipping segment [97280:98304] due to overlap with noise [98200:101600]
2025-10-08 17:30:17,448 [DEBUG] Skipping segment [97792:98816] due to overlap with noise [98200:101600]
2025-10-08 17:30:17,448 [DEBUG] Skipping segment [98304:99328] due to overlap with noise [98200:101600]
2025-10-08 17:30:17,449 [DEBUG] Skipping segment [98816:99840] due to overlap with noise [98200:101600]
2025-10-08 17:30:17,449 [DEBUG] Skipping segment [99328:100352] due to overlap with noise [98200:101600]
2025-10-08 17:30:17,449 [DEBUG] Skipping segment [99840:100864] due to overlap with noise [98200:101600]
2025-10-08 17:30:17,449 [DEBUG] Skipping segment [100352:101376] due to overlap with noise [98200:101600]
2025-10-08 17:30:17,449 [DEBUG] Skipping segment [100864:101888] due to overlap with noise [98200:101600]
2025-10-08 17:30:17,449 [DEBUG] Skipping segment [101376:102400] due to overlap with noise [98200:101600]
2025-10-08 17:30:17,453 [DEBUG] Accepted segment [101888:102912], variance=0.0620, QRS count=5
2025-10-08 17:30:17,458 [DEBUG] Accepted segment [102400:103424], variance=0.0601, QRS count=5
2025-10-08 17:30:17,463 [DEBUG] Accepted segment [102912:103936], variance=0.0623, QRS count=4
2025-10-08 17:30:17,468 [DEBUG] Accepted segment [103424:104448], variance=0.0644, QRS count=5
2025-10-08 17:30:17,472 [DEBUG] Accepted segment [103936:104960], variance=0.0658, QRS count=5
2025-10-08 17:30:17,477 [DEBUG] Accepted segment [104448:105472], variance=0.0645, QRS count=5
2025-10-08 17:30:17,483 [DEBUG] Accepted segment [104960:105984], variance=0.0644, QRS count=5
2025-10-08 17:30:17,488 [DEBUG] Accepted segment [105472:106496], variance=0.0673, QRS count=5
2025-10-08 17:30:17,493 [DEBUG] Accepted segment [105984:107008], variance=0.0652, QRS count=5
2025-10-08 17:30:17,497 [DEBUG] Accepted segment [106496:107520], variance=0.0622, QRS count=5
2025-10-08 17:30:17,502 [DEBUG] Accepted segment [107008:108032], variance=0.0632, QRS count=4
2025-10-08 17:30:17,506 [DEBUG] Accepted segment [107520:108544], variance=0.0575, QRS count=4
2025-10-08 17:30:17,511 [DEBUG] Accepted segment [108032:109056], variance=0.0623, QRS count=5
2025-10-08 17:30:17,515 [DEBUG] Accepted segment [108544:109568], variance=0.0661, QRS count=4
2025-10-08 17:30:17,515 [DEBUG] Skipping segment [109056:110080] due to overlap with noise [110000:110800]
2025-10-08 17:30:17,515 [DEBUG] Skipping segment [109568:110592] due to overlap with noise [110000:110800]
2025-10-08 17:30:17,516 [DEBUG] Skipping segment [110080:111104] due to overlap with noise [110000:110800]
2025-10-08 17:30:17,516 [DEBUG] Skipping segment [110592:111616] due to overlap with noise [110000:110800]
2025-10-08 17:30:17,520 [DEBUG] Accepted segment [111104:112128], variance=0.0659, QRS count=5
2025-10-08 17:30:17,524 [DEBUG] Accepted segment [111616:112640], variance=0.0660, QRS count=4
2025-10-08 17:30:17,529 [DEBUG] Accepted segment [112128:113152], variance=0.0650, QRS count=5
2025-10-08 17:30:17,533 [DEBUG] Accepted segment [112640:113664], variance=0.0650, QRS count=4
2025-10-08 17:30:17,538 [DEBUG] Accepted segment [113152:114176], variance=0.0616, QRS count=5
2025-10-08 17:30:17,543 [DEBUG] Accepted segment [113664:114688], variance=0.0663, QRS count=4
2025-10-08 17:30:17,547 [DEBUG] Accepted segment [114176:115200], variance=0.0597, QRS count=4
2025-10-08 17:30:17,551 [DEBUG] Accepted segment [114688:115712], variance=0.0616, QRS count=5
2025-10-08 17:30:17,556 [DEBUG] Accepted segment [115200:116224], variance=0.0643, QRS count=4
2025-10-08 17:30:17,561 [DEBUG] Accepted segment [115712:116736], variance=0.0654, QRS count=5
2025-10-08 17:30:17,565 [DEBUG] Accepted segment [116224:117248], variance=0.0645, QRS count=5
2025-10-08 17:30:17,570 [DEBUG] Accepted segment [116736:117760], variance=0.0676, QRS count=5
2025-10-08 17:30:17,570 [DEBUG] Skipping segment [117248:118272] due to overlap with noise [118000:119600]
2025-10-08 17:30:17,570 [DEBUG] Skipping segment [117760:118784] due to overlap with noise [118000:119600]
2025-10-08 17:30:17,570 [DEBUG] Skipping segment [118272:119296] due to overlap with noise [118000:119600]
2025-10-08 17:30:17,570 [DEBUG] Skipping segment [118784:119808] due to overlap with noise [118000:119600]
2025-10-08 17:30:17,570 [DEBUG] Skipping segment [119296:120320] due to overlap with noise [118000:119600]
2025-10-08 17:30:17,575 [DEBUG] Accepted segment [119808:120832], variance=0.0673, QRS count=5
2025-10-08 17:30:17,579 [DEBUG] Accepted segment [120320:121344], variance=0.0726, QRS count=5
2025-10-08 17:30:17,583 [DEBUG] Accepted segment [120832:121856], variance=0.0690, QRS count=6
2025-10-08 17:30:17,588 [DEBUG] Accepted segment [121344:122368], variance=0.0672, QRS count=6
2025-10-08 17:30:17,593 [DEBUG] Accepted segment [121856:122880], variance=0.0585, QRS count=5
2025-10-08 17:30:17,597 [DEBUG] Accepted segment [122368:123392], variance=0.0596, QRS count=5
2025-10-08 17:30:17,602 [DEBUG] Accepted segment [122880:123904], variance=0.0629, QRS count=4
2025-10-08 17:30:17,606 [DEBUG] Accepted segment [123392:124416], variance=0.0610, QRS count=5
2025-10-08 17:30:17,611 [DEBUG] Accepted segment [123904:124928], variance=0.0617, QRS count=4
2025-10-08 17:30:17,615 [DEBUG] Accepted segment [124416:125440], variance=0.0623, QRS count=5
2025-10-08 17:30:17,619 [DEBUG] Accepted segment [124928:125952], variance=0.0606, QRS count=4
2025-10-08 17:30:17,624 [DEBUG] Accepted segment [125440:126464], variance=0.0610, QRS count=5
2025-10-08 17:30:17,629 [DEBUG] Accepted segment [125952:126976], variance=0.0601, QRS count=4
2025-10-08 17:30:17,633 [DEBUG] Accepted segment [126464:127488], variance=0.0592, QRS count=5
2025-10-08 17:30:17,633 [INFO] Segmented signal of length 127999 into 220 valid segments
2025-10-08 17:30:19,484 [INFO] Epoch 3 - Loss: 0.0279, MAE: 0.1216, Val Loss: 0.3563, Val MAE: 0.3787
2025-10-08 17:30:19,578 [DEBUG] Accepted segment [0:1024], variance=0.0402, QRS count=6
2025-10-08 17:30:19,591 [DEBUG] Accepted segment [512:1536], variance=0.0419, QRS count=6
2025-10-08 17:30:19,604 [DEBUG] Accepted segment [1024:2048], variance=0.0415, QRS count=6
2025-10-08 17:30:19,620 [DEBUG] Accepted segment [1536:2560], variance=0.0390, QRS count=6
2025-10-08 17:30:19,636 [DEBUG] Accepted segment [2048:3072], variance=0.0377, QRS count=6
2025-10-08 17:30:19,652 [DEBUG] Accepted segment [2560:3584], variance=0.0409, QRS count=6
2025-10-08 17:30:19,666 [DEBUG] Accepted segment [3072:4096], variance=0.0414, QRS count=5
2025-10-08 17:30:19,679 [DEBUG] Accepted segment [3584:4608], variance=0.0384, QRS count=5
2025-10-08 17:30:19,691 [DEBUG] Accepted segment [4096:5120], variance=0.0392, QRS count=5
2025-10-08 17:30:19,704 [DEBUG] Accepted segment [4608:5632], variance=0.0402, QRS count=5
2025-10-08 17:30:19,716 [DEBUG] Accepted segment [5120:6144], variance=0.0394, QRS count=5
2025-10-08 17:30:19,727 [DEBUG] Accepted segment [5632:6656], variance=0.0395, QRS count=5
2025-10-08 17:30:19,740 [DEBUG] Accepted segment [6144:7168], variance=0.0415, QRS count=5
2025-10-08 17:30:19,750 [DEBUG] Accepted segment [6656:7680], variance=0.0433, QRS count=5
2025-10-08 17:30:19,763 [DEBUG] Accepted segment [7168:8192], variance=0.0412, QRS count=5
2025-10-08 17:30:19,778 [DEBUG] Accepted segment [7680:8704], variance=0.0387, QRS count=6
2025-10-08 17:30:19,792 [DEBUG] Accepted segment [8192:9216], variance=0.0424, QRS count=6
2025-10-08 17:30:19,814 [DEBUG] Accepted segment [8704:9728], variance=0.0459, QRS count=6
2025-10-08 17:30:19,831 [DEBUG] Accepted segment [9216:10240], variance=0.0427, QRS count=5
2025-10-08 17:30:19,852 [DEBUG] Accepted segment [9728:10752], variance=0.0465, QRS count=5
2025-10-08 17:30:19,879 [DEBUG] Accepted segment [10240:11264], variance=0.0452, QRS count=6
2025-10-08 17:30:19,897 [DEBUG] Accepted segment [10752:11776], variance=0.0496, QRS count=6
2025-10-08 17:30:19,919 [DEBUG] Accepted segment [11264:12288], variance=0.0525, QRS count=6
2025-10-08 17:30:19,936 [DEBUG] Accepted segment [11776:12800], variance=0.0397, QRS count=6
2025-10-08 17:30:19,956 [DEBUG] Accepted segment [12288:13312], variance=0.0377, QRS count=6
2025-10-08 17:30:19,972 [DEBUG] Accepted segment [12800:13824], variance=0.0388, QRS count=6
2025-10-08 17:30:19,991 [DEBUG] Accepted segment [13312:14336], variance=0.0378, QRS count=6
2025-10-08 17:30:20,008 [DEBUG] Accepted segment [13824:14848], variance=0.0385, QRS count=6
2025-10-08 17:30:20,027 [DEBUG] Accepted segment [14336:15360], variance=0.0398, QRS count=6
2025-10-08 17:30:20,046 [DEBUG] Accepted segment [14848:15872], variance=0.0393, QRS count=5
2025-10-08 17:30:20,061 [DEBUG] Accepted segment [15360:16384], variance=0.0346, QRS count=6
2025-10-08 17:30:20,079 [DEBUG] Accepted segment [15872:16896], variance=0.0356, QRS count=5
2025-10-08 17:30:20,095 [DEBUG] Accepted segment [16384:17408], variance=0.0412, QRS count=5
2025-10-08 17:30:20,111 [DEBUG] Accepted segment [16896:17920], variance=0.0429, QRS count=5
2025-10-08 17:30:20,126 [DEBUG] Accepted segment [17408:18432], variance=0.0438, QRS count=5
2025-10-08 17:30:20,145 [DEBUG] Accepted segment [17920:18944], variance=0.0445, QRS count=5
2025-10-08 17:30:20,163 [DEBUG] Accepted segment [18432:19456], variance=0.0446, QRS count=5
2025-10-08 17:30:20,181 [DEBUG] Accepted segment [18944:19968], variance=0.0441, QRS count=5
2025-10-08 17:30:20,196 [DEBUG] Accepted segment [19456:20480], variance=0.0441, QRS count=5
2025-10-08 17:30:20,210 [DEBUG] Accepted segment [19968:20992], variance=0.0429, QRS count=5
2025-10-08 17:30:20,226 [DEBUG] Accepted segment [20480:21504], variance=0.0406, QRS count=5
2025-10-08 17:30:20,244 [DEBUG] Accepted segment [20992:22016], variance=0.0402, QRS count=5
2025-10-08 17:30:20,258 [DEBUG] Accepted segment [21504:22528], variance=0.0406, QRS count=5
2025-10-08 17:30:20,272 [DEBUG] Accepted segment [22016:23040], variance=0.0405, QRS count=5
2025-10-08 17:30:20,287 [DEBUG] Accepted segment [22528:23552], variance=0.0406, QRS count=5
2025-10-08 17:30:20,300 [DEBUG] Accepted segment [23040:24064], variance=0.0412, QRS count=5
2025-10-08 17:30:20,314 [DEBUG] Accepted segment [23552:24576], variance=0.0423, QRS count=5
2025-10-08 17:30:20,331 [DEBUG] Accepted segment [24064:25088], variance=0.0420, QRS count=6
2025-10-08 17:30:20,344 [DEBUG] Accepted segment [24576:25600], variance=0.0412, QRS count=6
2025-10-08 17:30:20,358 [DEBUG] Accepted segment [25088:26112], variance=0.0412, QRS count=6
2025-10-08 17:30:20,372 [DEBUG] Accepted segment [25600:26624], variance=0.0407, QRS count=6
2025-10-08 17:30:20,384 [DEBUG] Accepted segment [26112:27136], variance=0.0394, QRS count=6
2025-10-08 17:30:20,400 [DEBUG] Accepted segment [26624:27648], variance=0.0471, QRS count=6
2025-10-08 17:30:20,414 [DEBUG] Accepted segment [27136:28160], variance=0.0493, QRS count=6
2025-10-08 17:30:20,429 [DEBUG] Accepted segment [27648:28672], variance=0.0420, QRS count=6
2025-10-08 17:30:20,442 [DEBUG] Accepted segment [28160:29184], variance=0.0394, QRS count=5
2025-10-08 17:30:20,455 [DEBUG] Accepted segment [28672:29696], variance=0.0345, QRS count=5
2025-10-08 17:30:20,468 [DEBUG] Accepted segment [29184:30208], variance=0.0353, QRS count=5
2025-10-08 17:30:20,479 [DEBUG] Accepted segment [29696:30720], variance=0.0395, QRS count=5
2025-10-08 17:30:20,492 [DEBUG] Accepted segment [30208:31232], variance=0.0400, QRS count=5
2025-10-08 17:30:20,504 [DEBUG] Accepted segment [30720:31744], variance=0.0419, QRS count=5
2025-10-08 17:30:20,517 [DEBUG] Accepted segment [31232:32256], variance=0.0425, QRS count=5
2025-10-08 17:30:20,533 [DEBUG] Accepted segment [31744:32768], variance=0.0409, QRS count=5
2025-10-08 17:30:20,548 [DEBUG] Accepted segment [32256:33280], variance=0.0398, QRS count=5
2025-10-08 17:30:20,564 [DEBUG] Accepted segment [32768:33792], variance=0.0410, QRS count=5
2025-10-08 17:30:20,581 [DEBUG] Accepted segment [33280:34304], variance=0.0416, QRS count=5
2025-10-08 17:30:20,597 [DEBUG] Accepted segment [33792:34816], variance=0.0405, QRS count=5
2025-10-08 17:30:20,616 [DEBUG] Accepted segment [34304:35328], variance=0.0395, QRS count=6
2025-10-08 17:30:20,633 [DEBUG] Accepted segment [34816:35840], variance=0.0397, QRS count=6
2025-10-08 17:30:20,651 [DEBUG] Accepted segment [35328:36352], variance=0.0419, QRS count=6
2025-10-08 17:30:20,663 [DEBUG] Accepted segment [35840:36864], variance=0.0427, QRS count=6
2025-10-08 17:30:20,676 [DEBUG] Accepted segment [36352:37376], variance=0.0419, QRS count=6
2025-10-08 17:30:20,693 [DEBUG] Accepted segment [36864:37888], variance=0.0411, QRS count=6
2025-10-08 17:30:20,711 [DEBUG] Accepted segment [37376:38400], variance=0.0402, QRS count=5
2025-10-08 17:30:20,728 [DEBUG] Accepted segment [37888:38912], variance=0.0358, QRS count=6
2025-10-08 17:30:20,742 [DEBUG] Accepted segment [38400:39424], variance=0.0363, QRS count=5
2025-10-08 17:30:20,758 [DEBUG] Accepted segment [38912:39936], variance=0.0418, QRS count=5
2025-10-08 17:30:20,778 [DEBUG] Accepted segment [39424:40448], variance=0.0436, QRS count=5
2025-10-08 17:30:20,798 [DEBUG] Accepted segment [39936:40960], variance=0.0433, QRS count=5
2025-10-08 17:30:20,818 [DEBUG] Accepted segment [40448:41472], variance=0.0420, QRS count=5
2025-10-08 17:30:20,842 [DEBUG] Accepted segment [40960:41984], variance=0.0409, QRS count=5
2025-10-08 17:30:20,863 [DEBUG] Accepted segment [41472:42496], variance=0.0399, QRS count=6
2025-10-08 17:30:20,884 [DEBUG] Accepted segment [41984:43008], variance=0.0410, QRS count=6
2025-10-08 17:30:20,901 [DEBUG] Accepted segment [42496:43520], variance=0.0423, QRS count=6
2025-10-08 17:30:20,922 [DEBUG] Accepted segment [43008:44032], variance=0.0413, QRS count=6
2025-10-08 17:30:20,942 [DEBUG] Accepted segment [43520:44544], variance=0.0393, QRS count=6
2025-10-08 17:30:20,966 [DEBUG] Accepted segment [44032:45056], variance=0.0401, QRS count=6
2025-10-08 17:30:20,993 [DEBUG] Accepted segment [44544:45568], variance=0.0421, QRS count=6
2025-10-08 17:30:21,024 [DEBUG] Accepted segment [45056:46080], variance=0.0420, QRS count=6
2025-10-08 17:30:21,051 [DEBUG] Accepted segment [45568:46592], variance=0.0406, QRS count=6
2025-10-08 17:30:21,079 [DEBUG] Accepted segment [46080:47104], variance=0.0402, QRS count=6
2025-10-08 17:30:21,099 [DEBUG] Accepted segment [46592:47616], variance=0.0409, QRS count=6
2025-10-08 17:30:21,127 [DEBUG] Accepted segment [47104:48128], variance=0.0409, QRS count=6
2025-10-08 17:30:21,180 [DEBUG] Accepted segment [47616:48640], variance=0.0406, QRS count=6
2025-10-08 17:30:21,213 [DEBUG] Accepted segment [48128:49152], variance=0.0408, QRS count=5
2025-10-08 17:30:21,239 [DEBUG] Accepted segment [48640:49664], variance=0.0422, QRS count=5
2025-10-08 17:30:21,263 [DEBUG] Accepted segment [49152:50176], variance=0.0407, QRS count=5
2025-10-08 17:30:21,302 [DEBUG] Accepted segment [49664:50688], variance=0.0342, QRS count=6
2025-10-08 17:30:21,331 [DEBUG] Accepted segment [50176:51200], variance=0.0361, QRS count=5
2025-10-08 17:30:21,370 [DEBUG] Accepted segment [50688:51712], variance=0.0422, QRS count=5
2025-10-08 17:30:21,407 [DEBUG] Accepted segment [51200:52224], variance=0.0421, QRS count=5
2025-10-08 17:30:21,446 [DEBUG] Accepted segment [51712:52736], variance=0.0413, QRS count=5
2025-10-08 17:30:21,474 [DEBUG] Accepted segment [52224:53248], variance=0.0424, QRS count=5
2025-10-08 17:30:21,501 [DEBUG] Accepted segment [52736:53760], variance=0.0428, QRS count=5
2025-10-08 17:30:21,517 [DEBUG] Accepted segment [53248:54272], variance=0.0407, QRS count=6
2025-10-08 17:30:21,539 [DEBUG] Accepted segment [53760:54784], variance=0.0401, QRS count=6
2025-10-08 17:30:21,560 [DEBUG] Accepted segment [54272:55296], variance=0.0403, QRS count=6
2025-10-08 17:30:21,579 [DEBUG] Accepted segment [54784:55808], variance=0.0409, QRS count=6
2025-10-08 17:30:21,612 [DEBUG] Accepted segment [55296:56320], variance=0.0409, QRS count=5
2025-10-08 17:30:21,643 [DEBUG] Accepted segment [55808:56832], variance=0.0340, QRS count=6
2025-10-08 17:30:21,666 [DEBUG] Accepted segment [56320:57344], variance=0.0343, QRS count=6
2025-10-08 17:30:21,682 [DEBUG] Accepted segment [56832:57856], variance=0.0403, QRS count=5
2025-10-08 17:30:21,695 [DEBUG] Accepted segment [57344:58368], variance=0.0385, QRS count=5
2025-10-08 17:30:21,709 [DEBUG] Accepted segment [57856:58880], variance=0.0381, QRS count=5
2025-10-08 17:30:21,736 [DEBUG] Accepted segment [58368:59392], variance=0.0402, QRS count=5
2025-10-08 17:30:21,759 [DEBUG] Accepted segment [58880:59904], variance=0.0411, QRS count=5
2025-10-08 17:30:21,784 [DEBUG] Accepted segment [59392:60416], variance=0.0399, QRS count=5
2025-10-08 17:30:21,806 [DEBUG] Accepted segment [59904:60928], variance=0.0400, QRS count=6
2025-10-08 17:30:21,828 [DEBUG] Accepted segment [60416:61440], variance=0.0408, QRS count=6
2025-10-08 17:30:21,849 [DEBUG] Accepted segment [60928:61952], variance=0.0404, QRS count=6
2025-10-08 17:30:21,874 [DEBUG] Accepted segment [61440:62464], variance=0.0402, QRS count=6
2025-10-08 17:30:21,899 [DEBUG] Accepted segment [61952:62976], variance=0.0393, QRS count=5
2025-10-08 17:30:21,920 [DEBUG] Accepted segment [62464:63488], variance=0.0352, QRS count=6
2025-10-08 17:30:21,942 [DEBUG] Accepted segment [62976:64000], variance=0.0403, QRS count=5
2025-10-08 17:30:21,972 [DEBUG] Accepted segment [63488:64512], variance=0.0450, QRS count=6
2025-10-08 17:30:21,995 [DEBUG] Accepted segment [64000:65024], variance=0.0414, QRS count=6
2025-10-08 17:30:22,022 [DEBUG] Accepted segment [64512:65536], variance=0.0425, QRS count=6
2025-10-08 17:30:22,045 [DEBUG] Accepted segment [65024:66048], variance=0.0414, QRS count=6
2025-10-08 17:30:22,070 [DEBUG] Accepted segment [65536:66560], variance=0.0358, QRS count=6
2025-10-08 17:30:22,095 [DEBUG] Accepted segment [66048:67072], variance=0.0355, QRS count=6
2025-10-08 17:30:22,119 [DEBUG] Accepted segment [66560:67584], variance=0.0398, QRS count=5
2025-10-08 17:30:22,145 [DEBUG] Accepted segment [67072:68096], variance=0.0410, QRS count=5
2025-10-08 17:30:22,170 [DEBUG] Accepted segment [67584:68608], variance=0.0393, QRS count=5
2025-10-08 17:30:22,184 [DEBUG] Accepted segment [68096:69120], variance=0.0400, QRS count=5
2025-10-08 17:30:22,205 [DEBUG] Accepted segment [68608:69632], variance=0.0419, QRS count=5
2025-10-08 17:30:22,240 [DEBUG] Accepted segment [69120:70144], variance=0.0409, QRS count=5
2025-10-08 17:30:22,259 [DEBUG] Accepted segment [69632:70656], variance=0.0407, QRS count=5
2025-10-08 17:30:22,274 [DEBUG] Accepted segment [70144:71168], variance=0.0428, QRS count=6
2025-10-08 17:30:22,288 [DEBUG] Accepted segment [70656:71680], variance=0.0434, QRS count=6
2025-10-08 17:30:22,305 [DEBUG] Accepted segment [71168:72192], variance=0.1024, QRS count=6
2025-10-08 17:30:22,321 [DEBUG] Accepted segment [71680:72704], variance=0.1012, QRS count=6
2025-10-08 17:30:22,337 [DEBUG] Accepted segment [72192:73216], variance=0.0421, QRS count=6
2025-10-08 17:30:22,355 [DEBUG] Accepted segment [72704:73728], variance=0.0443, QRS count=6
2025-10-08 17:30:22,372 [DEBUG] Accepted segment [73216:74240], variance=0.0363, QRS count=5
2025-10-08 17:30:22,385 [DEBUG] Accepted segment [73728:74752], variance=0.0346, QRS count=5
2025-10-08 17:30:22,400 [DEBUG] Accepted segment [74240:75264], variance=0.0419, QRS count=5
2025-10-08 17:30:22,414 [DEBUG] Accepted segment [74752:75776], variance=0.0424, QRS count=5
2025-10-08 17:30:22,430 [DEBUG] Accepted segment [75264:76288], variance=0.0417, QRS count=6
2025-10-08 17:30:22,445 [DEBUG] Accepted segment [75776:76800], variance=0.0351, QRS count=5
2025-10-08 17:30:22,459 [DEBUG] Accepted segment [76288:77312], variance=0.0362, QRS count=5
2025-10-08 17:30:22,473 [DEBUG] Accepted segment [76800:77824], variance=0.0426, QRS count=5
2025-10-08 17:30:22,488 [DEBUG] Accepted segment [77312:78336], variance=0.0413, QRS count=5
2025-10-08 17:30:22,501 [DEBUG] Accepted segment [77824:78848], variance=0.0425, QRS count=6
2025-10-08 17:30:22,514 [DEBUG] Accepted segment [78336:79360], variance=0.0376, QRS count=6
2025-10-08 17:30:22,527 [DEBUG] Accepted segment [78848:79872], variance=0.0357, QRS count=5
2025-10-08 17:30:22,542 [DEBUG] Accepted segment [79360:80384], variance=0.0419, QRS count=5
2025-10-08 17:30:22,558 [DEBUG] Accepted segment [79872:80896], variance=0.0437, QRS count=5
2025-10-08 17:30:22,576 [DEBUG] Accepted segment [80384:81408], variance=0.0438, QRS count=6
2025-10-08 17:30:22,597 [DEBUG] Accepted segment [80896:81920], variance=0.0365, QRS count=5
2025-10-08 17:30:22,619 [DEBUG] Accepted segment [81408:82432], variance=0.0377, QRS count=5
2025-10-08 17:30:22,647 [DEBUG] Accepted segment [81920:82944], variance=0.0453, QRS count=5
2025-10-08 17:30:22,672 [DEBUG] Accepted segment [82432:83456], variance=0.0444, QRS count=5
2025-10-08 17:30:22,694 [DEBUG] Accepted segment [82944:83968], variance=0.0439, QRS count=6
2025-10-08 17:30:22,722 [DEBUG] Accepted segment [83456:84480], variance=0.0381, QRS count=6
2025-10-08 17:30:22,743 [DEBUG] Accepted segment [83968:84992], variance=0.0375, QRS count=5
2025-10-08 17:30:22,772 [DEBUG] Accepted segment [84480:85504], variance=0.0438, QRS count=5
2025-10-08 17:30:22,798 [DEBUG] Accepted segment [84992:86016], variance=0.0450, QRS count=5
2025-10-08 17:30:22,816 [DEBUG] Accepted segment [85504:86528], variance=0.0438, QRS count=6
2025-10-08 17:30:22,834 [DEBUG] Accepted segment [86016:87040], variance=0.0395, QRS count=6
2025-10-08 17:30:22,853 [DEBUG] Accepted segment [86528:87552], variance=0.0371, QRS count=6
2025-10-08 17:30:22,876 [DEBUG] Accepted segment [87040:88064], variance=0.0333, QRS count=5
2025-10-08 17:30:22,898 [DEBUG] Accepted segment [87552:88576], variance=0.0367, QRS count=5
2025-10-08 17:30:22,915 [DEBUG] Accepted segment [88064:89088], variance=0.0441, QRS count=6
2025-10-08 17:30:22,937 [DEBUG] Accepted segment [88576:89600], variance=0.0408, QRS count=5
2025-10-08 17:30:22,958 [DEBUG] Accepted segment [89088:90112], variance=0.0355, QRS count=5
2025-10-08 17:30:22,981 [DEBUG] Accepted segment [89600:90624], variance=0.0369, QRS count=5
2025-10-08 17:30:23,006 [DEBUG] Accepted segment [90112:91136], variance=0.0406, QRS count=5
2025-10-08 17:30:23,029 [DEBUG] Accepted segment [90624:91648], variance=0.0398, QRS count=5
2025-10-08 17:30:23,051 [DEBUG] Accepted segment [91136:92160], variance=0.0410, QRS count=5
2025-10-08 17:30:23,074 [DEBUG] Accepted segment [91648:92672], variance=0.0432, QRS count=5
2025-10-08 17:30:23,095 [DEBUG] Accepted segment [92160:93184], variance=0.0428, QRS count=6
2025-10-08 17:30:23,116 [DEBUG] Accepted segment [92672:93696], variance=0.1231, QRS count=6
2025-10-08 17:30:23,139 [DEBUG] Accepted segment [93184:94208], variance=0.1247, QRS count=6
2025-10-08 17:30:23,159 [DEBUG] Accepted segment [93696:94720], variance=0.0461, QRS count=6
2025-10-08 17:30:23,169 [DEBUG] Accepted segment [94208:95232], variance=0.0474, QRS count=6
2025-10-08 17:30:23,184 [DEBUG] Accepted segment [94720:95744], variance=0.0470, QRS count=6
2025-10-08 17:30:23,197 [DEBUG] Accepted segment [95232:96256], variance=0.0389, QRS count=5
2025-10-08 17:30:23,210 [DEBUG] Accepted segment [95744:96768], variance=0.0370, QRS count=5
2025-10-08 17:30:23,224 [DEBUG] Accepted segment [96256:97280], variance=0.0435, QRS count=5
2025-10-08 17:30:23,237 [DEBUG] Accepted segment [96768:97792], variance=0.0446, QRS count=6
2025-10-08 17:30:23,250 [DEBUG] Accepted segment [97280:98304], variance=0.0436, QRS count=5
2025-10-08 17:30:23,264 [DEBUG] Accepted segment [97792:98816], variance=0.0419, QRS count=5
2025-10-08 17:30:23,278 [DEBUG] Accepted segment [98304:99328], variance=0.0424, QRS count=5
2025-10-08 17:30:23,293 [DEBUG] Accepted segment [98816:99840], variance=0.0469, QRS count=5
2025-10-08 17:30:23,307 [DEBUG] Accepted segment [99328:100352], variance=0.0437, QRS count=5
2025-10-08 17:30:23,322 [DEBUG] Accepted segment [99840:100864], variance=0.0338, QRS count=6
2025-10-08 17:30:23,341 [DEBUG] Accepted segment [100352:101376], variance=0.0349, QRS count=6
2025-10-08 17:30:23,363 [DEBUG] Accepted segment [100864:101888], variance=0.0390, QRS count=5
2025-10-08 17:30:23,379 [DEBUG] Accepted segment [101376:102400], variance=0.0407, QRS count=5
2025-10-08 17:30:23,393 [DEBUG] Accepted segment [101888:102912], variance=0.0429, QRS count=5
2025-10-08 17:30:23,405 [DEBUG] Accepted segment [102400:103424], variance=0.0422, QRS count=5
2025-10-08 17:30:23,420 [DEBUG] Accepted segment [102912:103936], variance=0.0401, QRS count=6
2025-10-08 17:30:23,433 [DEBUG] Accepted segment [103424:104448], variance=0.0405, QRS count=6
2025-10-08 17:30:23,447 [DEBUG] Accepted segment [103936:104960], variance=0.0415, QRS count=6
2025-10-08 17:30:23,464 [DEBUG] Accepted segment [104448:105472], variance=0.0408, QRS count=6
2025-10-08 17:30:23,480 [DEBUG] Accepted segment [104960:105984], variance=0.0404, QRS count=6
2025-10-08 17:30:23,481 [DEBUG] Skipping segment [105472:106496] due to overlap with noise [106400:107000]
2025-10-08 17:30:23,482 [DEBUG] Skipping segment [105984:107008] due to overlap with noise [106400:107000]
2025-10-08 17:30:23,482 [DEBUG] Skipping segment [106496:107520] due to overlap with noise [106400:107000]
2025-10-08 17:30:23,499 [DEBUG] Accepted segment [107008:108032], variance=0.0702, QRS count=6
2025-10-08 17:30:23,515 [DEBUG] Accepted segment [107520:108544], variance=0.0616, QRS count=6
2025-10-08 17:30:23,527 [DEBUG] Accepted segment [108032:109056], variance=0.0688, QRS count=7
2025-10-08 17:30:23,540 [DEBUG] Accepted segment [108544:109568], variance=0.0644, QRS count=6
2025-10-08 17:30:23,557 [DEBUG] Accepted segment [109056:110080], variance=0.0488, QRS count=6
2025-10-08 17:30:23,575 [DEBUG] Accepted segment [109568:110592], variance=0.0477, QRS count=6
2025-10-08 17:30:23,593 [DEBUG] Accepted segment [110080:111104], variance=0.0440, QRS count=6
2025-10-08 17:30:23,615 [DEBUG] Accepted segment [110592:111616], variance=0.0451, QRS count=7
2025-10-08 17:30:23,640 [DEBUG] Accepted segment [111104:112128], variance=0.0552, QRS count=6
2025-10-08 17:30:23,664 [DEBUG] Accepted segment [111616:112640], variance=0.0556, QRS count=6
2025-10-08 17:30:23,683 [DEBUG] Accepted segment [112128:113152], variance=0.0543, QRS count=6
2025-10-08 17:30:23,704 [DEBUG] Accepted segment [112640:113664], variance=0.0555, QRS count=6
2025-10-08 17:30:23,729 [DEBUG] Accepted segment [113152:114176], variance=0.0560, QRS count=5
2025-10-08 17:30:23,754 [DEBUG] Accepted segment [113664:114688], variance=0.0558, QRS count=5
2025-10-08 17:30:23,776 [DEBUG] Accepted segment [114176:115200], variance=0.0667, QRS count=5
2025-10-08 17:30:23,803 [DEBUG] Accepted segment [114688:115712], variance=0.0741, QRS count=6
2025-10-08 17:30:23,827 [DEBUG] Accepted segment [115200:116224], variance=0.0637, QRS count=6
2025-10-08 17:30:23,848 [DEBUG] Accepted segment [115712:116736], variance=0.0559, QRS count=6
2025-10-08 17:30:23,870 [DEBUG] Accepted segment [116224:117248], variance=0.0528, QRS count=6
2025-10-08 17:30:23,892 [DEBUG] Accepted segment [116736:117760], variance=0.0522, QRS count=5
2025-10-08 17:30:23,921 [DEBUG] Accepted segment [117248:118272], variance=0.0472, QRS count=6
2025-10-08 17:30:23,944 [DEBUG] Accepted segment [117760:118784], variance=0.0471, QRS count=5
2025-10-08 17:30:23,978 [DEBUG] Accepted segment [118272:119296], variance=0.0569, QRS count=5
2025-10-08 17:30:24,004 [DEBUG] Accepted segment [118784:119808], variance=0.0603, QRS count=5
2025-10-08 17:30:24,032 [DEBUG] Accepted segment [119296:120320], variance=0.0607, QRS count=5
2025-10-08 17:30:24,061 [DEBUG] Accepted segment [119808:120832], variance=0.0601, QRS count=6
2025-10-08 17:30:24,077 [DEBUG] Accepted segment [120320:121344], variance=0.0600, QRS count=6
2025-10-08 17:30:24,088 [DEBUG] Accepted segment [120832:121856], variance=0.0599, QRS count=6
2025-10-08 17:30:24,109 [DEBUG] Accepted segment [121344:122368], variance=0.0489, QRS count=5
2025-10-08 17:30:24,125 [DEBUG] Accepted segment [121856:122880], variance=0.0471, QRS count=5
2025-10-08 17:30:24,148 [DEBUG] Accepted segment [122368:123392], variance=0.0592, QRS count=5
2025-10-08 17:30:24,170 [DEBUG] Accepted segment [122880:123904], variance=0.0606, QRS count=5
2025-10-08 17:30:24,188 [DEBUG] Accepted segment [123392:124416], variance=0.0582, QRS count=5
2025-10-08 17:30:24,212 [DEBUG] Accepted segment [123904:124928], variance=0.0582, QRS count=6
2025-10-08 17:30:24,235 [DEBUG] Accepted segment [124416:125440], variance=0.0592, QRS count=6
2025-10-08 17:30:24,256 [DEBUG] Accepted segment [124928:125952], variance=0.0585, QRS count=5
2025-10-08 17:30:24,275 [DEBUG] Accepted segment [125440:126464], variance=0.0485, QRS count=5
2025-10-08 17:30:24,291 [DEBUG] Accepted segment [125952:126976], variance=0.0503, QRS count=5
2025-10-08 17:30:24,308 [DEBUG] Accepted segment [126464:127488], variance=0.0614, QRS count=5
2025-10-08 17:30:24,324 [DEBUG] Accepted segment [126976:128000], variance=0.0608, QRS count=5
2025-10-08 17:30:24,324 [INFO] Segmented signal of length 128000 into 246 valid segments
2025-10-08 17:30:27,007 [DEBUG] Accepted segment [0:1024], variance=0.0489, QRS count=5
2025-10-08 17:30:27,027 [DEBUG] Accepted segment [512:1536], variance=0.0602, QRS count=5
2025-10-08 17:30:27,046 [DEBUG] Accepted segment [1024:2048], variance=0.0717, QRS count=5
2025-10-08 17:30:27,063 [DEBUG] Accepted segment [1536:2560], variance=0.0797, QRS count=6
2025-10-08 17:30:27,083 [DEBUG] Accepted segment [2048:3072], variance=0.0709, QRS count=6
2025-10-08 17:30:27,104 [DEBUG] Accepted segment [2560:3584], variance=0.0522, QRS count=5
2025-10-08 17:30:27,121 [DEBUG] Accepted segment [3072:4096], variance=0.0484, QRS count=5
2025-10-08 17:30:27,137 [DEBUG] Accepted segment [3584:4608], variance=0.0533, QRS count=5
2025-10-08 17:30:27,154 [DEBUG] Accepted segment [4096:5120], variance=0.0519, QRS count=6
2025-10-08 17:30:27,172 [DEBUG] Accepted segment [4608:5632], variance=0.0539, QRS count=6
2025-10-08 17:30:27,188 [DEBUG] Accepted segment [5120:6144], variance=0.0559, QRS count=5
2025-10-08 17:30:27,205 [DEBUG] Accepted segment [5632:6656], variance=0.0539, QRS count=5
2025-10-08 17:30:27,221 [DEBUG] Accepted segment [6144:7168], variance=0.0528, QRS count=5
2025-10-08 17:30:27,238 [DEBUG] Accepted segment [6656:7680], variance=0.0470, QRS count=5
2025-10-08 17:30:27,253 [DEBUG] Accepted segment [7168:8192], variance=0.0480, QRS count=5
2025-10-08 17:30:27,268 [DEBUG] Accepted segment [7680:8704], variance=0.0566, QRS count=5
2025-10-08 17:30:27,288 [DEBUG] Accepted segment [8192:9216], variance=0.0601, QRS count=5
2025-10-08 17:30:27,308 [DEBUG] Accepted segment [8704:9728], variance=0.0621, QRS count=6
2025-10-08 17:30:27,335 [DEBUG] Accepted segment [9216:10240], variance=0.0520, QRS count=5
2025-10-08 17:30:27,351 [DEBUG] Accepted segment [9728:10752], variance=0.0495, QRS count=5
2025-10-08 17:30:27,365 [DEBUG] Accepted segment [10240:11264], variance=0.0569, QRS count=5
2025-10-08 17:30:27,377 [DEBUG] Accepted segment [10752:11776], variance=0.0581, QRS count=5
2025-10-08 17:30:27,396 [DEBUG] Accepted segment [11264:12288], variance=0.0586, QRS count=6
2025-10-08 17:30:27,419 [DEBUG] Accepted segment [11776:12800], variance=0.0491, QRS count=6
2025-10-08 17:30:27,442 [DEBUG] Accepted segment [12288:13312], variance=0.0499, QRS count=5
2025-10-08 17:30:27,464 [DEBUG] Accepted segment [12800:13824], variance=0.0607, QRS count=5
2025-10-08 17:30:27,484 [DEBUG] Accepted segment [13312:14336], variance=0.0595, QRS count=5
2025-10-08 17:30:27,507 [DEBUG] Accepted segment [13824:14848], variance=0.0566, QRS count=6
2025-10-08 17:30:27,525 [DEBUG] Accepted segment [14336:15360], variance=0.0585, QRS count=6
2025-10-08 17:30:27,542 [DEBUG] Accepted segment [14848:15872], variance=0.0575, QRS count=6
2025-10-08 17:30:27,563 [DEBUG] Accepted segment [15360:16384], variance=0.0520, QRS count=5
2025-10-08 17:30:27,582 [DEBUG] Accepted segment [15872:16896], variance=0.0511, QRS count=5
2025-10-08 17:30:27,600 [DEBUG] Accepted segment [16384:17408], variance=0.0506, QRS count=5
2025-10-08 17:30:27,621 [DEBUG] Accepted segment [16896:17920], variance=0.0476, QRS count=5
2025-10-08 17:30:27,652 [DEBUG] Accepted segment [17408:18432], variance=0.0447, QRS count=5
2025-10-08 17:30:27,672 [DEBUG] Accepted segment [17920:18944], variance=0.0474, QRS count=6
2025-10-08 17:30:27,691 [DEBUG] Accepted segment [18432:19456], variance=0.0513, QRS count=6
2025-10-08 17:30:27,709 [DEBUG] Accepted segment [18944:19968], variance=0.0520, QRS count=5
2025-10-08 17:30:27,731 [DEBUG] Accepted segment [19456:20480], variance=0.0518, QRS count=5
2025-10-08 17:30:27,749 [DEBUG] Accepted segment [19968:20992], variance=0.0535, QRS count=5
2025-10-08 17:30:27,769 [DEBUG] Accepted segment [20480:21504], variance=0.0570, QRS count=5
2025-10-08 17:30:27,788 [DEBUG] Accepted segment [20992:22016], variance=0.0584, QRS count=5
2025-10-08 17:30:27,810 [DEBUG] Accepted segment [21504:22528], variance=0.0589, QRS count=5
2025-10-08 17:30:27,825 [DEBUG] Accepted segment [22016:23040], variance=0.0598, QRS count=6
2025-10-08 17:30:27,840 [DEBUG] Accepted segment [22528:23552], variance=0.0604, QRS count=6
2025-10-08 17:30:27,858 [DEBUG] Accepted segment [23040:24064], variance=0.0594, QRS count=5
2025-10-08 17:30:27,876 [DEBUG] Accepted segment [23552:24576], variance=0.0598, QRS count=6
2025-10-08 17:30:27,892 [DEBUG] Accepted segment [24064:25088], variance=0.0620, QRS count=6
2025-10-08 17:30:27,907 [DEBUG] Accepted segment [24576:25600], variance=0.1251, QRS count=6
2025-10-08 17:30:27,922 [DEBUG] Accepted segment [25088:26112], variance=0.1270, QRS count=6
2025-10-08 17:30:27,939 [DEBUG] Accepted segment [25600:26624], variance=0.0756, QRS count=6
2025-10-08 17:30:27,958 [DEBUG] Accepted segment [26112:27136], variance=0.0709, QRS count=6
2025-10-08 17:30:27,975 [DEBUG] Accepted segment [26624:27648], variance=0.0589, QRS count=6
2025-10-08 17:30:27,992 [DEBUG] Accepted segment [27136:28160], variance=0.0584, QRS count=6
2025-10-08 17:30:28,009 [DEBUG] Accepted segment [27648:28672], variance=0.0565, QRS count=6
2025-10-08 17:30:28,025 [DEBUG] Accepted segment [28160:29184], variance=0.0559, QRS count=6
2025-10-08 17:30:28,041 [DEBUG] Accepted segment [28672:29696], variance=0.0563, QRS count=6
2025-10-08 17:30:28,059 [DEBUG] Accepted segment [29184:30208], variance=0.0540, QRS count=6
2025-10-08 17:30:28,076 [DEBUG] Accepted segment [29696:30720], variance=0.0480, QRS count=6
2025-10-08 17:30:28,091 [DEBUG] Accepted segment [30208:31232], variance=0.0466, QRS count=5
2025-10-08 17:30:28,105 [DEBUG] Accepted segment [30720:31744], variance=0.0484, QRS count=5
2025-10-08 17:30:28,125 [DEBUG] Accepted segment [31232:32256], variance=0.0523, QRS count=6
2025-10-08 17:30:28,149 [DEBUG] Accepted segment [31744:32768], variance=0.0579, QRS count=6
2025-10-08 17:30:28,172 [DEBUG] Accepted segment [32256:33280], variance=0.0605, QRS count=5
2025-10-08 17:30:28,191 [DEBUG] Accepted segment [32768:33792], variance=0.0593, QRS count=5
2025-10-08 17:30:28,208 [DEBUG] Accepted segment [33280:34304], variance=0.0577, QRS count=5
2025-10-08 17:30:28,220 [DEBUG] Accepted segment [33792:34816], variance=0.0579, QRS count=6
2025-10-08 17:30:28,231 [DEBUG] Accepted segment [34304:35328], variance=0.0569, QRS count=6
2025-10-08 17:30:28,251 [DEBUG] Accepted segment [34816:35840], variance=0.0569, QRS count=6
2025-10-08 17:30:28,277 [DEBUG] Accepted segment [35328:36352], variance=0.0586, QRS count=6
2025-10-08 17:30:28,301 [DEBUG] Accepted segment [35840:36864], variance=0.0496, QRS count=6
2025-10-08 17:30:28,327 [DEBUG] Accepted segment [36352:37376], variance=0.0498, QRS count=5
2025-10-08 17:30:28,353 [DEBUG] Accepted segment [36864:37888], variance=0.0598, QRS count=5
2025-10-08 17:30:28,380 [DEBUG] Accepted segment [37376:38400], variance=0.0608, QRS count=5
2025-10-08 17:30:28,403 [DEBUG] Accepted segment [37888:38912], variance=0.0619, QRS count=5
2025-10-08 17:30:28,424 [DEBUG] Accepted segment [38400:39424], variance=0.0603, QRS count=6
2025-10-08 17:30:28,450 [DEBUG] Accepted segment [38912:39936], variance=0.0589, QRS count=6
2025-10-08 17:30:28,477 [DEBUG] Accepted segment [39424:40448], variance=0.0607, QRS count=6
2025-10-08 17:30:28,499 [DEBUG] Accepted segment [39936:40960], variance=0.0523, QRS count=6
2025-10-08 17:30:28,523 [DEBUG] Accepted segment [40448:41472], variance=0.0519, QRS count=5
2025-10-08 17:30:28,547 [DEBUG] Accepted segment [40960:41984], variance=0.0605, QRS count=5
2025-10-08 17:30:28,574 [DEBUG] Accepted segment [41472:42496], variance=0.0594, QRS count=5
2025-10-08 17:30:28,597 [DEBUG] Accepted segment [41984:43008], variance=0.0573, QRS count=6
2025-10-08 17:30:28,621 [DEBUG] Accepted segment [42496:43520], variance=0.0570, QRS count=6
2025-10-08 17:30:28,648 [DEBUG] Accepted segment [43008:44032], variance=0.0501, QRS count=5
2025-10-08 17:30:28,680 [DEBUG] Accepted segment [43520:44544], variance=0.0484, QRS count=5
2025-10-08 17:30:28,709 [DEBUG] Accepted segment [44032:45056], variance=0.0558, QRS count=5
2025-10-08 17:30:28,733 [DEBUG] Accepted segment [44544:45568], variance=0.0570, QRS count=5
2025-10-08 17:30:28,755 [DEBUG] Accepted segment [45056:46080], variance=0.0533, QRS count=5
2025-10-08 17:30:28,777 [DEBUG] Accepted segment [45568:46592], variance=0.0483, QRS count=6
2025-10-08 17:30:28,796 [DEBUG] Accepted segment [46080:47104], variance=0.0507, QRS count=6
2025-10-08 17:30:28,823 [DEBUG] Accepted segment [46592:47616], variance=0.0576, QRS count=6
2025-10-08 17:30:28,847 [DEBUG] Accepted segment [47104:48128], variance=0.0606, QRS count=6
2025-10-08 17:30:28,870 [DEBUG] Accepted segment [47616:48640], variance=0.0595, QRS count=6
2025-10-08 17:30:28,895 [DEBUG] Accepted segment [48128:49152], variance=0.0510, QRS count=6
2025-10-08 17:30:28,921 [DEBUG] Accepted segment [48640:49664], variance=0.0516, QRS count=5
2025-10-08 17:30:28,945 [DEBUG] Accepted segment [49152:50176], variance=0.0585, QRS count=5
2025-10-08 17:30:28,973 [DEBUG] Accepted segment [49664:50688], variance=0.0584, QRS count=5
2025-10-08 17:30:28,999 [DEBUG] Accepted segment [50176:51200], variance=0.0589, QRS count=6
2025-10-08 17:30:29,027 [DEBUG] Accepted segment [50688:51712], variance=0.0584, QRS count=6
2025-10-08 17:30:29,054 [DEBUG] Accepted segment [51200:52224], variance=0.0501, QRS count=5
2025-10-08 17:30:29,075 [DEBUG] Accepted segment [51712:52736], variance=0.0509, QRS count=5
2025-10-08 17:30:29,094 [DEBUG] Accepted segment [52224:53248], variance=0.0593, QRS count=5
2025-10-08 17:30:29,113 [DEBUG] Accepted segment [52736:53760], variance=0.0583, QRS count=6
2025-10-08 17:30:29,132 [DEBUG] Accepted segment [53248:54272], variance=0.0595, QRS count=5
2025-10-08 17:30:29,151 [DEBUG] Accepted segment [53760:54784], variance=0.0531, QRS count=5
2025-10-08 17:30:29,172 [DEBUG] Accepted segment [54272:55296], variance=0.0531, QRS count=5
2025-10-08 17:30:29,189 [DEBUG] Accepted segment [54784:55808], variance=0.0593, QRS count=5
2025-10-08 17:30:29,207 [DEBUG] Accepted segment [55296:56320], variance=0.0602, QRS count=5
2025-10-08 17:30:29,225 [DEBUG] Accepted segment [55808:56832], variance=0.0621, QRS count=5
2025-10-08 17:30:29,250 [DEBUG] Accepted segment [56320:57344], variance=0.0596, QRS count=5
2025-10-08 17:30:29,274 [DEBUG] Accepted segment [56832:57856], variance=0.0563, QRS count=6
2025-10-08 17:30:29,297 [DEBUG] Accepted segment [57344:58368], variance=0.0567, QRS count=6
2025-10-08 17:30:29,308 [DEBUG] Accepted segment [57856:58880], variance=0.0583, QRS count=5
2025-10-08 17:30:29,319 [DEBUG] Accepted segment [58368:59392], variance=0.0492, QRS count=5
2025-10-08 17:30:29,338 [DEBUG] Accepted segment [58880:59904], variance=0.0492, QRS count=5
2025-10-08 17:30:29,362 [DEBUG] Accepted segment [59392:60416], variance=0.0592, QRS count=5
2025-10-08 17:30:29,381 [DEBUG] Accepted segment [59904:60928], variance=0.0586, QRS count=5
2025-10-08 17:30:29,397 [DEBUG] Accepted segment [60416:61440], variance=0.0579, QRS count=6
2025-10-08 17:30:29,417 [DEBUG] Accepted segment [60928:61952], variance=0.0584, QRS count=6
2025-10-08 17:30:29,439 [DEBUG] Accepted segment [61440:62464], variance=0.0588, QRS count=5
2025-10-08 17:30:29,460 [DEBUG] Accepted segment [61952:62976], variance=0.0565, QRS count=5
2025-10-08 17:30:29,480 [DEBUG] Accepted segment [62464:63488], variance=0.0485, QRS count=6
2025-10-08 17:30:29,498 [DEBUG] Accepted segment [62976:64000], variance=0.0508, QRS count=5
2025-10-08 17:30:29,514 [DEBUG] Accepted segment [63488:64512], variance=0.0608, QRS count=5
2025-10-08 17:30:29,531 [DEBUG] Accepted segment [64000:65024], variance=0.0619, QRS count=5
2025-10-08 17:30:29,554 [DEBUG] Accepted segment [64512:65536], variance=0.0587, QRS count=5
2025-10-08 17:30:29,580 [DEBUG] Accepted segment [65024:66048], variance=0.0603, QRS count=5
2025-10-08 17:30:29,602 [DEBUG] Accepted segment [65536:66560], variance=0.0623, QRS count=5
2025-10-08 17:30:29,627 [DEBUG] Accepted segment [66048:67072], variance=0.0612, QRS count=5
2025-10-08 17:30:29,649 [DEBUG] Accepted segment [66560:67584], variance=0.0614, QRS count=6
2025-10-08 17:30:29,676 [DEBUG] Accepted segment [67072:68096], variance=0.0627, QRS count=6
2025-10-08 17:30:29,701 [DEBUG] Accepted segment [67584:68608], variance=0.0535, QRS count=5
2025-10-08 17:30:29,730 [DEBUG] Accepted segment [68096:69120], variance=0.0529, QRS count=5
2025-10-08 17:30:29,755 [DEBUG] Accepted segment [68608:69632], variance=0.0620, QRS count=5
2025-10-08 17:30:29,782 [DEBUG] Accepted segment [69120:70144], variance=0.0512, QRS count=6
2025-10-08 17:30:29,808 [DEBUG] Accepted segment [69632:70656], variance=0.0508, QRS count=5
2025-10-08 17:30:29,832 [DEBUG] Accepted segment [70144:71168], variance=0.0623, QRS count=5
2025-10-08 17:30:29,858 [DEBUG] Accepted segment [70656:71680], variance=0.0649, QRS count=5
2025-10-08 17:30:29,886 [DEBUG] Accepted segment [71168:72192], variance=0.0649, QRS count=6
2025-10-08 17:30:29,897 [DEBUG] Accepted segment [71680:72704], variance=0.0643, QRS count=6
2025-10-08 17:30:29,913 [DEBUG] Accepted segment [72192:73216], variance=0.0546, QRS count=6
2025-10-08 17:30:29,930 [DEBUG] Accepted segment [72704:73728], variance=0.0550, QRS count=5
2025-10-08 17:30:29,945 [DEBUG] Accepted segment [73216:74240], variance=0.0646, QRS count=5
2025-10-08 17:30:29,962 [DEBUG] Accepted segment [73728:74752], variance=0.0630, QRS count=5
2025-10-08 17:30:29,977 [DEBUG] Accepted segment [74240:75264], variance=0.0623, QRS count=6
2025-10-08 17:30:29,991 [DEBUG] Accepted segment [74752:75776], variance=0.0621, QRS count=6
2025-10-08 17:30:30,005 [DEBUG] Accepted segment [75264:76288], variance=0.0509, QRS count=6
2025-10-08 17:30:30,020 [DEBUG] Accepted segment [75776:76800], variance=0.0518, QRS count=5
2025-10-08 17:30:30,033 [DEBUG] Accepted segment [76288:77312], variance=0.0641, QRS count=5
2025-10-08 17:30:30,047 [DEBUG] Accepted segment [76800:77824], variance=0.0659, QRS count=5
2025-10-08 17:30:30,063 [DEBUG] Accepted segment [77312:78336], variance=0.0647, QRS count=6
2025-10-08 17:30:30,076 [DEBUG] Accepted segment [77824:78848], variance=0.0543, QRS count=5
2025-10-08 17:30:30,090 [DEBUG] Accepted segment [78336:79360], variance=0.0534, QRS count=5
2025-10-08 17:30:30,105 [DEBUG] Accepted segment [78848:79872], variance=0.0600, QRS count=5
2025-10-08 17:30:30,119 [DEBUG] Accepted segment [79360:80384], variance=0.0605, QRS count=6
2025-10-08 17:30:30,133 [DEBUG] Accepted segment [79872:80896], variance=0.0530, QRS count=5
2025-10-08 17:30:30,147 [DEBUG] Accepted segment [80384:81408], variance=0.0525, QRS count=5
2025-10-08 17:30:30,160 [DEBUG] Accepted segment [80896:81920], variance=0.0614, QRS count=5
2025-10-08 17:30:30,174 [DEBUG] Accepted segment [81408:82432], variance=0.0623, QRS count=6
2025-10-08 17:30:30,195 [DEBUG] Accepted segment [81920:82944], variance=0.0606, QRS count=5
2025-10-08 17:30:30,210 [DEBUG] Accepted segment [82432:83456], variance=0.0508, QRS count=5
2025-10-08 17:30:30,228 [DEBUG] Accepted segment [82944:83968], variance=0.0525, QRS count=5
2025-10-08 17:30:30,240 [DEBUG] Accepted segment [83456:84480], variance=0.0618, QRS count=5
2025-10-08 17:30:30,248 [DEBUG] Accepted segment [83968:84992], variance=0.0601, QRS count=5
2025-10-08 17:30:30,258 [DEBUG] Accepted segment [84480:85504], variance=0.0589, QRS count=5
2025-10-08 17:30:30,275 [DEBUG] Accepted segment [84992:86016], variance=0.0579, QRS count=6
2025-10-08 17:30:30,299 [DEBUG] Accepted segment [85504:86528], variance=0.0604, QRS count=6
2025-10-08 17:30:30,317 [DEBUG] Accepted segment [86016:87040], variance=0.0538, QRS count=5
2025-10-08 17:30:30,339 [DEBUG] Accepted segment [86528:87552], variance=0.0515, QRS count=5
2025-10-08 17:30:30,361 [DEBUG] Accepted segment [87040:88064], variance=0.0609, QRS count=5
2025-10-08 17:30:30,385 [DEBUG] Accepted segment [87552:88576], variance=0.0617, QRS count=5
2025-10-08 17:30:30,405 [DEBUG] Accepted segment [88064:89088], variance=0.0498, QRS count=5
2025-10-08 17:30:30,423 [DEBUG] Accepted segment [88576:89600], variance=0.0489, QRS count=5
2025-10-08 17:30:30,443 [DEBUG] Accepted segment [89088:90112], variance=0.0603, QRS count=5
2025-10-08 17:30:30,462 [DEBUG] Accepted segment [89600:90624], variance=0.0612, QRS count=6
2025-10-08 17:30:30,479 [DEBUG] Accepted segment [90112:91136], variance=0.0612, QRS count=6
2025-10-08 17:30:30,498 [DEBUG] Accepted segment [90624:91648], variance=0.0535, QRS count=5
2025-10-08 17:30:30,517 [DEBUG] Accepted segment [91136:92160], variance=0.0552, QRS count=5
2025-10-08 17:30:30,536 [DEBUG] Accepted segment [91648:92672], variance=0.0635, QRS count=5
2025-10-08 17:30:30,556 [DEBUG] Accepted segment [92160:93184], variance=0.0609, QRS count=5
2025-10-08 17:30:30,572 [DEBUG] Accepted segment [92672:93696], variance=0.0534, QRS count=6
2025-10-08 17:30:30,597 [DEBUG] Accepted segment [93184:94208], variance=0.0553, QRS count=5
2025-10-08 17:30:30,623 [DEBUG] Accepted segment [93696:94720], variance=0.0625, QRS count=5
2025-10-08 17:30:30,660 [DEBUG] Accepted segment [94208:95232], variance=0.0619, QRS count=5
2025-10-08 17:30:30,686 [DEBUG] Accepted segment [94720:95744], variance=0.0629, QRS count=6
2025-10-08 17:30:30,710 [DEBUG] Accepted segment [95232:96256], variance=0.0528, QRS count=5
2025-10-08 17:30:30,726 [DEBUG] Accepted segment [95744:96768], variance=0.0525, QRS count=5
2025-10-08 17:30:30,739 [DEBUG] Accepted segment [96256:97280], variance=0.0625, QRS count=5
2025-10-08 17:30:30,757 [DEBUG] Accepted segment [96768:97792], variance=0.0602, QRS count=6
2025-10-08 17:30:30,779 [DEBUG] Accepted segment [97280:98304], variance=0.0574, QRS count=6
2025-10-08 17:30:30,795 [DEBUG] Accepted segment [97792:98816], variance=0.0569, QRS count=6
2025-10-08 17:30:30,812 [DEBUG] Accepted segment [98304:99328], variance=0.0501, QRS count=6
2025-10-08 17:30:30,831 [DEBUG] Accepted segment [98816:99840], variance=0.0510, QRS count=5
2025-10-08 17:30:30,849 [DEBUG] Accepted segment [99328:100352], variance=0.0579, QRS count=5
2025-10-08 17:30:30,868 [DEBUG] Accepted segment [99840:100864], variance=0.0583, QRS count=5
2025-10-08 17:30:30,892 [DEBUG] Accepted segment [100352:101376], variance=0.0604, QRS count=5
2025-10-08 17:30:30,919 [DEBUG] Accepted segment [100864:101888], variance=0.0593, QRS count=6
2025-10-08 17:30:30,943 [DEBUG] Accepted segment [101376:102400], variance=0.0568, QRS count=6
2025-10-08 17:30:30,966 [DEBUG] Accepted segment [101888:102912], variance=0.0552, QRS count=6
2025-10-08 17:30:30,988 [DEBUG] Accepted segment [102400:103424], variance=0.0554, QRS count=6
2025-10-08 17:30:31,011 [DEBUG] Accepted segment [102912:103936], variance=0.0574, QRS count=6
2025-10-08 17:30:31,032 [DEBUG] Accepted segment [103424:104448], variance=0.0576, QRS count=5
2025-10-08 17:30:31,053 [DEBUG] Accepted segment [103936:104960], variance=0.0472, QRS count=6
2025-10-08 17:30:31,074 [DEBUG] Accepted segment [104448:105472], variance=0.0462, QRS count=5
2025-10-08 17:30:31,102 [DEBUG] Accepted segment [104960:105984], variance=0.0554, QRS count=5
2025-10-08 17:30:31,131 [DEBUG] Accepted segment [105472:106496], variance=0.0562, QRS count=5
2025-10-08 17:30:31,162 [DEBUG] Accepted segment [105984:107008], variance=0.0543, QRS count=5
2025-10-08 17:30:31,194 [DEBUG] Accepted segment [106496:107520], variance=0.0518, QRS count=5
2025-10-08 17:30:31,231 [DEBUG] Accepted segment [107008:108032], variance=0.0523, QRS count=5
2025-10-08 17:30:31,261 [DEBUG] Accepted segment [107520:108544], variance=0.0539, QRS count=5
2025-10-08 17:30:31,299 [DEBUG] Accepted segment [108032:109056], variance=0.0543, QRS count=5
2025-10-08 17:30:31,345 [DEBUG] Accepted segment [108544:109568], variance=0.0531, QRS count=6
2025-10-08 17:30:31,369 [DEBUG] Accepted segment [109056:110080], variance=0.0515, QRS count=6
2025-10-08 17:30:31,409 [DEBUG] Accepted segment [109568:110592], variance=0.0521, QRS count=6
2025-10-08 17:30:31,440 [DEBUG] Accepted segment [110080:111104], variance=0.1279, QRS count=6
2025-10-08 17:30:31,458 [DEBUG] Accepted segment [110592:111616], variance=0.1293, QRS count=5
2025-10-08 17:30:31,487 [DEBUG] Accepted segment [111104:112128], variance=0.0552, QRS count=6
2025-10-08 17:30:31,506 [DEBUG] Accepted segment [111616:112640], variance=0.0537, QRS count=6
2025-10-08 17:30:31,543 [DEBUG] Accepted segment [112128:113152], variance=0.0532, QRS count=6
2025-10-08 17:30:31,572 [DEBUG] Accepted segment [112640:113664], variance=0.0558, QRS count=6
2025-10-08 17:30:31,603 [DEBUG] Accepted segment [113152:114176], variance=0.0582, QRS count=5
2025-10-08 17:30:31,643 [DEBUG] Accepted segment [113664:114688], variance=0.0514, QRS count=6
2025-10-08 17:30:31,670 [DEBUG] Accepted segment [114176:115200], variance=0.0525, QRS count=5
2025-10-08 17:30:31,700 [DEBUG] Accepted segment [114688:115712], variance=0.0596, QRS count=5
2025-10-08 17:30:31,737 [DEBUG] Accepted segment [115200:116224], variance=0.0584, QRS count=5
2025-10-08 17:30:31,764 [DEBUG] Accepted segment [115712:116736], variance=0.0515, QRS count=6
2025-10-08 17:30:31,799 [DEBUG] Accepted segment [116224:117248], variance=0.0530, QRS count=5
2025-10-08 17:30:31,840 [DEBUG] Accepted segment [116736:117760], variance=0.0609, QRS count=5
2025-10-08 17:30:31,869 [DEBUG] Accepted segment [117248:118272], variance=0.0628, QRS count=5
2025-10-08 17:30:31,901 [DEBUG] Accepted segment [117760:118784], variance=0.0637, QRS count=6
2025-10-08 17:30:31,927 [DEBUG] Accepted segment [118272:119296], variance=0.0609, QRS count=6
2025-10-08 17:30:31,968 [DEBUG] Accepted segment [118784:119808], variance=0.0506, QRS count=6
2025-10-08 17:30:31,969 [DEBUG] Skipping segment [119296:120320] due to overlap with noise [120200:120500]
2025-10-08 17:30:31,969 [DEBUG] Skipping segment [119808:120832] due to overlap with noise [120200:120500]
2025-10-08 17:30:31,970 [DEBUG] Skipping segment [120320:121344] due to overlap with noise [120200:120500]
2025-10-08 17:30:32,000 [DEBUG] Accepted segment [120832:121856], variance=0.0428, QRS count=6
2025-10-08 17:30:32,030 [DEBUG] Accepted segment [121344:122368], variance=0.0406, QRS count=6
2025-10-08 17:30:32,046 [DEBUG] Accepted segment [121856:122880], variance=0.0365, QRS count=6
2025-10-08 17:30:32,062 [DEBUG] Accepted segment [122368:123392], variance=0.0401, QRS count=5
2025-10-08 17:30:32,086 [DEBUG] Accepted segment [122880:123904], variance=0.0464, QRS count=6
2025-10-08 17:30:32,108 [DEBUG] Accepted segment [123392:124416], variance=0.0520, QRS count=6
2025-10-08 17:30:32,136 [DEBUG] Accepted segment [123904:124928], variance=0.0439, QRS count=5
2025-10-08 17:30:32,161 [DEBUG] Accepted segment [124416:125440], variance=0.0354, QRS count=5
2025-10-08 17:30:32,189 [DEBUG] Accepted segment [124928:125952], variance=0.0386, QRS count=5
2025-10-08 17:30:32,220 [DEBUG] Accepted segment [125440:126464], variance=0.0365, QRS count=5
2025-10-08 17:30:32,248 [DEBUG] Accepted segment [125952:126976], variance=0.0365, QRS count=6
2025-10-08 17:30:32,271 [DEBUG] Accepted segment [126464:127488], variance=0.0327, QRS count=5
2025-10-08 17:30:32,302 [DEBUG] Accepted segment [126976:128000], variance=0.0325, QRS count=5
2025-10-08 17:30:32,303 [INFO] Segmented signal of length 128000 into 246 valid segments
2025-10-08 17:30:34,797 [DEBUG] Skipping segment [0:1024] due to overlap with noise [0:400]
2025-10-08 17:30:34,808 [DEBUG] Accepted segment [512:1536], variance=0.0713, QRS count=4
2025-10-08 17:30:34,818 [DEBUG] Accepted segment [1024:2048], variance=0.0615, QRS count=4
2025-10-08 17:30:34,818 [DEBUG] Skipping segment [1536:2560] due to overlap with noise [2400:3800]
2025-10-08 17:30:34,819 [DEBUG] Skipping segment [2048:3072] due to overlap with noise [2400:3800]
2025-10-08 17:30:34,819 [DEBUG] Skipping segment [2560:3584] due to overlap with noise [2400:3800]
2025-10-08 17:30:34,819 [DEBUG] Skipping segment [3072:4096] due to overlap with noise [2400:3800]
2025-10-08 17:30:34,819 [DEBUG] Skipping segment [3584:4608] due to overlap with noise [2400:3800]
2025-10-08 17:30:34,828 [DEBUG] Accepted segment [4096:5120], variance=0.0638, QRS count=4
2025-10-08 17:30:34,838 [DEBUG] Accepted segment [4608:5632], variance=0.0595, QRS count=4
2025-10-08 17:30:34,847 [DEBUG] Accepted segment [5120:6144], variance=0.0630, QRS count=5
2025-10-08 17:30:34,855 [DEBUG] Accepted segment [5632:6656], variance=0.0667, QRS count=4
2025-10-08 17:30:34,864 [DEBUG] Accepted segment [6144:7168], variance=0.0610, QRS count=4
2025-10-08 17:30:34,873 [DEBUG] Accepted segment [6656:7680], variance=0.0560, QRS count=4
2025-10-08 17:30:34,882 [DEBUG] Accepted segment [7168:8192], variance=0.0571, QRS count=4
2025-10-08 17:30:34,892 [DEBUG] Accepted segment [7680:8704], variance=0.0666, QRS count=4
2025-10-08 17:30:34,901 [DEBUG] Accepted segment [8192:9216], variance=0.0678, QRS count=4
2025-10-08 17:30:34,909 [DEBUG] Accepted segment [8704:9728], variance=0.0588, QRS count=4
2025-10-08 17:30:34,917 [DEBUG] Accepted segment [9216:10240], variance=0.0635, QRS count=5
2025-10-08 17:30:34,925 [DEBUG] Accepted segment [9728:10752], variance=0.0676, QRS count=4
2025-10-08 17:30:34,933 [DEBUG] Accepted segment [10240:11264], variance=0.0598, QRS count=4
2025-10-08 17:30:34,941 [DEBUG] Accepted segment [10752:11776], variance=0.0615, QRS count=4
2025-10-08 17:30:34,950 [DEBUG] Accepted segment [11264:12288], variance=0.0670, QRS count=5
2025-10-08 17:30:34,958 [DEBUG] Accepted segment [11776:12800], variance=0.0617, QRS count=4
2025-10-08 17:30:34,966 [DEBUG] Accepted segment [12288:13312], variance=0.0684, QRS count=5
2025-10-08 17:30:34,973 [DEBUG] Accepted segment [12800:13824], variance=0.0672, QRS count=4
2025-10-08 17:30:34,981 [DEBUG] Accepted segment [13312:14336], variance=0.0669, QRS count=5
2025-10-08 17:30:34,988 [DEBUG] Accepted segment [13824:14848], variance=0.0698, QRS count=4
2025-10-08 17:30:34,995 [DEBUG] Accepted segment [14336:15360], variance=0.0721, QRS count=5
2025-10-08 17:30:35,003 [DEBUG] Accepted segment [14848:15872], variance=0.0806, QRS count=5
2025-10-08 17:30:35,010 [DEBUG] Accepted segment [15360:16384], variance=0.0725, QRS count=6
2025-10-08 17:30:35,018 [DEBUG] Accepted segment [15872:16896], variance=0.0769, QRS count=5
2025-10-08 17:30:35,026 [DEBUG] Accepted segment [16384:17408], variance=0.0851, QRS count=5
2025-10-08 17:30:35,033 [DEBUG] Accepted segment [16896:17920], variance=0.0787, QRS count=6
2025-10-08 17:30:35,039 [DEBUG] Accepted segment [17408:18432], variance=0.0684, QRS count=5
2025-10-08 17:30:35,046 [DEBUG] Accepted segment [17920:18944], variance=0.0600, QRS count=4
2025-10-08 17:30:35,053 [DEBUG] Accepted segment [18432:19456], variance=0.0654, QRS count=5
2025-10-08 17:30:35,060 [DEBUG] Accepted segment [18944:19968], variance=0.0706, QRS count=4
2025-10-08 17:30:35,067 [DEBUG] Accepted segment [19456:20480], variance=0.0615, QRS count=4
2025-10-08 17:30:35,074 [DEBUG] Accepted segment [19968:20992], variance=0.0565, QRS count=4
2025-10-08 17:30:35,081 [DEBUG] Accepted segment [20480:21504], variance=0.0658, QRS count=5
2025-10-08 17:30:35,089 [DEBUG] Accepted segment [20992:22016], variance=0.0707, QRS count=4
2025-10-08 17:30:35,096 [DEBUG] Accepted segment [21504:22528], variance=0.0634, QRS count=4
2025-10-08 17:30:35,103 [DEBUG] Accepted segment [22016:23040], variance=0.0587, QRS count=4
2025-10-08 17:30:35,109 [DEBUG] Accepted segment [22528:23552], variance=0.0665, QRS count=5
2025-10-08 17:30:35,109 [DEBUG] Skipping segment [23040:24064] due to overlap with noise [24000:24800]
2025-10-08 17:30:35,110 [DEBUG] Skipping segment [23552:24576] due to overlap with noise [24000:24800]
2025-10-08 17:30:35,110 [DEBUG] Skipping segment [24064:25088] due to overlap with noise [24000:24800]
2025-10-08 17:30:35,110 [DEBUG] Skipping segment [24576:25600] due to overlap with noise [24000:24800]
2025-10-08 17:30:35,116 [DEBUG] Accepted segment [25088:26112], variance=0.0705, QRS count=6
2025-10-08 17:30:35,123 [DEBUG] Accepted segment [25600:26624], variance=0.0701, QRS count=5
2025-10-08 17:30:35,129 [DEBUG] Accepted segment [26112:27136], variance=0.0624, QRS count=5
2025-10-08 17:30:35,135 [DEBUG] Accepted segment [26624:27648], variance=0.0628, QRS count=6
2025-10-08 17:30:35,142 [DEBUG] Accepted segment [27136:28160], variance=0.0622, QRS count=5
2025-10-08 17:30:35,149 [DEBUG] Accepted segment [27648:28672], variance=0.0545, QRS count=5
2025-10-08 17:30:35,155 [DEBUG] Accepted segment [28160:29184], variance=0.0639, QRS count=5
2025-10-08 17:30:35,161 [DEBUG] Accepted segment [28672:29696], variance=0.0645, QRS count=4
2025-10-08 17:30:35,167 [DEBUG] Accepted segment [29184:30208], variance=0.0619, QRS count=5
2025-10-08 17:30:35,174 [DEBUG] Accepted segment [29696:30720], variance=0.0662, QRS count=5
2025-10-08 17:30:35,180 [DEBUG] Accepted segment [30208:31232], variance=0.0584, QRS count=4
2025-10-08 17:30:35,186 [DEBUG] Accepted segment [30720:31744], variance=0.0632, QRS count=5
2025-10-08 17:30:35,192 [DEBUG] Accepted segment [31232:32256], variance=0.0687, QRS count=4
2025-10-08 17:30:35,198 [DEBUG] Accepted segment [31744:32768], variance=0.0606, QRS count=4
2025-10-08 17:30:35,204 [DEBUG] Accepted segment [32256:33280], variance=0.0556, QRS count=5
2025-10-08 17:30:35,210 [DEBUG] Accepted segment [32768:33792], variance=0.0653, QRS count=5
2025-10-08 17:30:35,216 [DEBUG] Accepted segment [33280:34304], variance=0.0680, QRS count=4
2025-10-08 17:30:35,222 [DEBUG] Accepted segment [33792:34816], variance=0.0583, QRS count=4
2025-10-08 17:30:35,228 [DEBUG] Accepted segment [34304:35328], variance=0.0639, QRS count=5
2025-10-08 17:30:35,233 [DEBUG] Accepted segment [34816:35840], variance=0.0667, QRS count=4
2025-10-08 17:30:35,239 [DEBUG] Accepted segment [35328:36352], variance=0.0591, QRS count=5
2025-10-08 17:30:35,245 [DEBUG] Accepted segment [35840:36864], variance=0.0674, QRS count=5
2025-10-08 17:30:35,250 [DEBUG] Accepted segment [36352:37376], variance=0.0672, QRS count=4
2025-10-08 17:30:35,256 [DEBUG] Accepted segment [36864:37888], variance=0.0557, QRS count=4
2025-10-08 17:30:35,262 [DEBUG] Accepted segment [37376:38400], variance=0.0645, QRS count=4
2025-10-08 17:30:35,267 [DEBUG] Accepted segment [37888:38912], variance=0.0696, QRS count=4
2025-10-08 17:30:35,274 [DEBUG] Accepted segment [38400:39424], variance=0.0600, QRS count=4
2025-10-08 17:30:35,280 [DEBUG] Accepted segment [38912:39936], variance=0.0560, QRS count=4
2025-10-08 17:30:35,286 [DEBUG] Accepted segment [39424:40448], variance=0.0664, QRS count=5
2025-10-08 17:30:35,293 [DEBUG] Accepted segment [39936:40960], variance=0.0676, QRS count=4
2025-10-08 17:30:35,299 [DEBUG] Accepted segment [40448:41472], variance=0.0587, QRS count=4
2025-10-08 17:30:35,304 [DEBUG] Accepted segment [40960:41984], variance=0.0638, QRS count=5
2025-10-08 17:30:35,310 [DEBUG] Accepted segment [41472:42496], variance=0.0685, QRS count=4
2025-10-08 17:30:35,316 [DEBUG] Accepted segment [41984:43008], variance=0.0633, QRS count=4
2025-10-08 17:30:35,322 [DEBUG] Accepted segment [42496:43520], variance=0.0641, QRS count=5
2025-10-08 17:30:35,329 [DEBUG] Accepted segment [43008:44032], variance=0.0666, QRS count=5
2025-10-08 17:30:35,335 [DEBUG] Accepted segment [43520:44544], variance=0.0613, QRS count=4
2025-10-08 17:30:35,342 [DEBUG] Accepted segment [44032:45056], variance=0.0696, QRS count=5
2025-10-08 17:30:35,348 [DEBUG] Accepted segment [44544:45568], variance=0.0793, QRS count=5
2025-10-08 17:30:35,355 [DEBUG] Accepted segment [45056:46080], variance=0.0745, QRS count=5
2025-10-08 17:30:35,361 [DEBUG] Accepted segment [45568:46592], variance=0.0689, QRS count=5
2025-10-08 17:30:35,367 [DEBUG] Accepted segment [46080:47104], variance=0.0612, QRS count=5
2025-10-08 17:30:35,373 [DEBUG] Accepted segment [46592:47616], variance=0.0675, QRS count=5
2025-10-08 17:30:35,379 [DEBUG] Accepted segment [47104:48128], variance=0.0667, QRS count=4
2025-10-08 17:30:35,386 [DEBUG] Accepted segment [47616:48640], variance=0.0650, QRS count=5
2025-10-08 17:30:35,392 [DEBUG] Accepted segment [48128:49152], variance=0.0693, QRS count=4
2025-10-08 17:30:35,398 [DEBUG] Accepted segment [48640:49664], variance=0.0693, QRS count=5
2025-10-08 17:30:35,403 [DEBUG] Accepted segment [49152:50176], variance=0.0686, QRS count=5
2025-10-08 17:30:35,409 [DEBUG] Accepted segment [49664:50688], variance=0.0699, QRS count=5
2025-10-08 17:30:35,415 [DEBUG] Accepted segment [50176:51200], variance=0.0716, QRS count=6
2025-10-08 17:30:35,420 [DEBUG] Accepted segment [50688:51712], variance=0.0602, QRS count=5
2025-10-08 17:30:35,426 [DEBUG] Accepted segment [51200:52224], variance=0.0649, QRS count=5
2025-10-08 17:30:35,431 [DEBUG] Accepted segment [51712:52736], variance=0.0633, QRS count=4
2025-10-08 17:30:35,436 [DEBUG] Accepted segment [52224:53248], variance=0.0603, QRS count=5
2025-10-08 17:30:35,442 [DEBUG] Accepted segment [52736:53760], variance=0.0668, QRS count=5
2025-10-08 17:30:35,447 [DEBUG] Accepted segment [53248:54272], variance=0.0604, QRS count=5
2025-10-08 17:30:35,452 [DEBUG] Accepted segment [53760:54784], variance=0.0667, QRS count=5
2025-10-08 17:30:35,458 [DEBUG] Accepted segment [54272:55296], variance=0.0659, QRS count=4
2025-10-08 17:30:35,463 [DEBUG] Accepted segment [54784:55808], variance=0.0629, QRS count=5
2025-10-08 17:30:35,469 [DEBUG] Accepted segment [55296:56320], variance=0.0680, QRS count=5
2025-10-08 17:30:35,475 [DEBUG] Accepted segment [55808:56832], variance=0.0606, QRS count=4
2025-10-08 17:30:35,480 [DEBUG] Accepted segment [56320:57344], variance=0.0672, QRS count=5
2025-10-08 17:30:35,487 [DEBUG] Accepted segment [56832:57856], variance=0.0676, QRS count=4
2025-10-08 17:30:35,493 [DEBUG] Accepted segment [57344:58368], variance=0.0666, QRS count=5
2025-10-08 17:30:35,499 [DEBUG] Accepted segment [57856:58880], variance=0.0669, QRS count=4
2025-10-08 17:30:35,504 [DEBUG] Accepted segment [58368:59392], variance=0.0631, QRS count=5
2025-10-08 17:30:35,510 [DEBUG] Accepted segment [58880:59904], variance=0.0658, QRS count=4
2025-10-08 17:30:35,516 [DEBUG] Accepted segment [59392:60416], variance=0.0663, QRS count=5
2025-10-08 17:30:35,521 [DEBUG] Accepted segment [59904:60928], variance=0.0609, QRS count=5
2025-10-08 17:30:35,527 [DEBUG] Accepted segment [60416:61440], variance=0.0636, QRS count=5
2025-10-08 17:30:35,532 [DEBUG] Accepted segment [60928:61952], variance=0.0645, QRS count=4
2025-10-08 17:30:35,538 [DEBUG] Accepted segment [61440:62464], variance=0.0635, QRS count=5
2025-10-08 17:30:35,544 [DEBUG] Accepted segment [61952:62976], variance=0.0681, QRS count=5
2025-10-08 17:30:35,550 [DEBUG] Accepted segment [62464:63488], variance=0.0672, QRS count=5
2025-10-08 17:30:35,556 [DEBUG] Accepted segment [62976:64000], variance=0.0674, QRS count=5
2025-10-08 17:30:35,561 [DEBUG] Accepted segment [63488:64512], variance=0.0614, QRS count=4
2025-10-08 17:30:35,567 [DEBUG] Accepted segment [64000:65024], variance=0.0665, QRS count=4
2025-10-08 17:30:35,572 [DEBUG] Accepted segment [64512:65536], variance=0.0698, QRS count=4
2025-10-08 17:30:35,578 [DEBUG] Accepted segment [65024:66048], variance=0.0600, QRS count=4
2025-10-08 17:30:35,583 [DEBUG] Accepted segment [65536:66560], variance=0.0562, QRS count=4
2025-10-08 17:30:35,589 [DEBUG] Accepted segment [66048:67072], variance=0.0646, QRS count=5
2025-10-08 17:30:35,594 [DEBUG] Accepted segment [66560:67584], variance=0.0682, QRS count=4
2025-10-08 17:30:35,600 [DEBUG] Accepted segment [67072:68096], variance=0.0609, QRS count=4
2025-10-08 17:30:35,605 [DEBUG] Accepted segment [67584:68608], variance=0.0569, QRS count=4
2025-10-08 17:30:35,611 [DEBUG] Accepted segment [68096:69120], variance=0.0652, QRS count=5
2025-10-08 17:30:35,616 [DEBUG] Accepted segment [68608:69632], variance=0.0696, QRS count=4
2025-10-08 17:30:35,622 [DEBUG] Accepted segment [69120:70144], variance=0.0609, QRS count=4
2025-10-08 17:30:35,627 [DEBUG] Accepted segment [69632:70656], variance=0.0629, QRS count=5
2025-10-08 17:30:35,633 [DEBUG] Accepted segment [70144:71168], variance=0.0675, QRS count=4
2025-10-08 17:30:35,638 [DEBUG] Accepted segment [70656:71680], variance=0.0603, QRS count=4
2025-10-08 17:30:35,644 [DEBUG] Accepted segment [71168:72192], variance=0.0674, QRS count=5
2025-10-08 17:30:35,649 [DEBUG] Accepted segment [71680:72704], variance=0.0668, QRS count=4
2025-10-08 17:30:35,654 [DEBUG] Accepted segment [72192:73216], variance=0.0556, QRS count=4
2025-10-08 17:30:35,659 [DEBUG] Accepted segment [72704:73728], variance=0.0672, QRS count=5
2025-10-08 17:30:35,665 [DEBUG] Accepted segment [73216:74240], variance=0.0669, QRS count=4
2025-10-08 17:30:35,670 [DEBUG] Accepted segment [73728:74752], variance=0.0551, QRS count=5
2025-10-08 17:30:35,675 [DEBUG] Accepted segment [74240:75264], variance=0.0668, QRS count=5
2025-10-08 17:30:35,680 [DEBUG] Accepted segment [74752:75776], variance=0.0669, QRS count=4
2025-10-08 17:30:35,685 [DEBUG] Accepted segment [75264:76288], variance=0.0631, QRS count=4
2025-10-08 17:30:35,690 [DEBUG] Accepted segment [75776:76800], variance=0.0682, QRS count=5
2025-10-08 17:30:35,695 [DEBUG] Accepted segment [76288:77312], variance=0.0602, QRS count=4
2025-10-08 17:30:35,701 [DEBUG] Accepted segment [76800:77824], variance=0.0663, QRS count=5
2025-10-08 17:30:35,706 [DEBUG] Accepted segment [77312:78336], variance=0.0746, QRS count=5
2025-10-08 17:30:35,711 [DEBUG] Accepted segment [77824:78848], variance=0.0747, QRS count=5
2025-10-08 17:30:35,717 [DEBUG] Accepted segment [78336:79360], variance=0.0700, QRS count=5
2025-10-08 17:30:35,722 [DEBUG] Accepted segment [78848:79872], variance=0.0689, QRS count=5
2025-10-08 17:30:35,727 [DEBUG] Accepted segment [79360:80384], variance=0.0664, QRS count=4
2025-10-08 17:30:35,732 [DEBUG] Accepted segment [79872:80896], variance=0.0676, QRS count=5
2025-10-08 17:30:35,737 [DEBUG] Accepted segment [80384:81408], variance=0.0665, QRS count=4
2025-10-08 17:30:35,743 [DEBUG] Accepted segment [80896:81920], variance=0.0647, QRS count=5
2025-10-08 17:30:35,748 [DEBUG] Accepted segment [81408:82432], variance=0.0655, QRS count=4
2025-10-08 17:30:35,753 [DEBUG] Accepted segment [81920:82944], variance=0.0642, QRS count=5
2025-10-08 17:30:35,758 [DEBUG] Accepted segment [82432:83456], variance=0.0676, QRS count=5
2025-10-08 17:30:35,763 [DEBUG] Accepted segment [82944:83968], variance=0.0592, QRS count=4
2025-10-08 17:30:35,768 [DEBUG] Accepted segment [83456:84480], variance=0.0647, QRS count=5
2025-10-08 17:30:35,774 [DEBUG] Accepted segment [83968:84992], variance=0.0657, QRS count=4
2025-10-08 17:30:35,779 [DEBUG] Accepted segment [84480:85504], variance=0.0633, QRS count=5
2025-10-08 17:30:35,784 [DEBUG] Accepted segment [84992:86016], variance=0.0668, QRS count=5
2025-10-08 17:30:35,789 [DEBUG] Accepted segment [85504:86528], variance=0.0680, QRS count=5
2025-10-08 17:30:35,794 [DEBUG] Accepted segment [86016:87040], variance=0.0652, QRS count=4
2025-10-08 17:30:35,800 [DEBUG] Accepted segment [86528:87552], variance=0.0649, QRS count=5
2025-10-08 17:30:35,805 [DEBUG] Accepted segment [87040:88064], variance=0.0665, QRS count=4
2025-10-08 17:30:35,810 [DEBUG] Accepted segment [87552:88576], variance=0.0640, QRS count=5
2025-10-08 17:30:35,815 [DEBUG] Accepted segment [88064:89088], variance=0.0637, QRS count=5
2025-10-08 17:30:35,820 [DEBUG] Accepted segment [88576:89600], variance=0.0630, QRS count=4
2025-10-08 17:30:35,825 [DEBUG] Accepted segment [89088:90112], variance=0.0606, QRS count=5
2025-10-08 17:30:35,830 [DEBUG] Accepted segment [89600:90624], variance=0.0560, QRS count=4
2025-10-08 17:30:35,835 [DEBUG] Accepted segment [90112:91136], variance=0.0542, QRS count=4
2025-10-08 17:30:35,839 [DEBUG] Accepted segment [90624:91648], variance=0.0615, QRS count=5
2025-10-08 17:30:35,844 [DEBUG] Accepted segment [91136:92160], variance=0.0635, QRS count=4
2025-10-08 17:30:35,849 [DEBUG] Accepted segment [91648:92672], variance=0.0539, QRS count=5
2025-10-08 17:30:35,854 [DEBUG] Accepted segment [92160:93184], variance=0.0651, QRS count=5
2025-10-08 17:30:35,859 [DEBUG] Accepted segment [92672:93696], variance=0.0663, QRS count=4
2025-10-08 17:30:35,864 [DEBUG] Accepted segment [93184:94208], variance=0.0542, QRS count=4
2025-10-08 17:30:35,869 [DEBUG] Accepted segment [93696:94720], variance=0.0644, QRS count=5
2025-10-08 17:30:35,874 [DEBUG] Accepted segment [94208:95232], variance=0.0639, QRS count=4
2025-10-08 17:30:35,879 [DEBUG] Accepted segment [94720:95744], variance=0.0533, QRS count=4
2025-10-08 17:30:35,885 [DEBUG] Accepted segment [95232:96256], variance=0.0611, QRS count=5
2025-10-08 17:30:35,891 [DEBUG] Accepted segment [95744:96768], variance=0.0647, QRS count=4
2025-10-08 17:30:35,896 [DEBUG] Accepted segment [96256:97280], variance=0.0575, QRS count=5
2025-10-08 17:30:35,900 [DEBUG] Accepted segment [96768:97792], variance=0.0637, QRS count=5
2025-10-08 17:30:35,901 [DEBUG] Skipping segment [97280:98304] due to overlap with noise [98200:101600]
2025-10-08 17:30:35,901 [DEBUG] Skipping segment [97792:98816] due to overlap with noise [98200:101600]
2025-10-08 17:30:35,901 [DEBUG] Skipping segment [98304:99328] due to overlap with noise [98200:101600]
2025-10-08 17:30:35,901 [DEBUG] Skipping segment [98816:99840] due to overlap with noise [98200:101600]
2025-10-08 17:30:35,901 [DEBUG] Skipping segment [99328:100352] due to overlap with noise [98200:101600]
2025-10-08 17:30:35,901 [DEBUG] Skipping segment [99840:100864] due to overlap with noise [98200:101600]
2025-10-08 17:30:35,901 [DEBUG] Skipping segment [100352:101376] due to overlap with noise [98200:101600]
2025-10-08 17:30:35,901 [DEBUG] Skipping segment [100864:101888] due to overlap with noise [98200:101600]
2025-10-08 17:30:35,901 [DEBUG] Skipping segment [101376:102400] due to overlap with noise [98200:101600]
2025-10-08 17:30:35,906 [DEBUG] Accepted segment [101888:102912], variance=0.0620, QRS count=5
2025-10-08 17:30:35,911 [DEBUG] Accepted segment [102400:103424], variance=0.0601, QRS count=5
2025-10-08 17:30:35,916 [DEBUG] Accepted segment [102912:103936], variance=0.0623, QRS count=4
2025-10-08 17:30:35,921 [DEBUG] Accepted segment [103424:104448], variance=0.0644, QRS count=5
2025-10-08 17:30:35,926 [DEBUG] Accepted segment [103936:104960], variance=0.0658, QRS count=5
2025-10-08 17:30:35,932 [DEBUG] Accepted segment [104448:105472], variance=0.0645, QRS count=5
2025-10-08 17:30:35,937 [DEBUG] Accepted segment [104960:105984], variance=0.0644, QRS count=5
2025-10-08 17:30:35,942 [DEBUG] Accepted segment [105472:106496], variance=0.0673, QRS count=5
2025-10-08 17:30:35,947 [DEBUG] Accepted segment [105984:107008], variance=0.0652, QRS count=5
2025-10-08 17:30:35,952 [DEBUG] Accepted segment [106496:107520], variance=0.0622, QRS count=5
2025-10-08 17:30:35,957 [DEBUG] Accepted segment [107008:108032], variance=0.0632, QRS count=4
2025-10-08 17:30:35,962 [DEBUG] Accepted segment [107520:108544], variance=0.0575, QRS count=4
2025-10-08 17:30:35,967 [DEBUG] Accepted segment [108032:109056], variance=0.0623, QRS count=5
2025-10-08 17:30:35,971 [DEBUG] Accepted segment [108544:109568], variance=0.0661, QRS count=4
2025-10-08 17:30:35,972 [DEBUG] Skipping segment [109056:110080] due to overlap with noise [110000:110800]
2025-10-08 17:30:35,972 [DEBUG] Skipping segment [109568:110592] due to overlap with noise [110000:110800]
2025-10-08 17:30:35,972 [DEBUG] Skipping segment [110080:111104] due to overlap with noise [110000:110800]
2025-10-08 17:30:35,972 [DEBUG] Skipping segment [110592:111616] due to overlap with noise [110000:110800]
2025-10-08 17:30:35,977 [DEBUG] Accepted segment [111104:112128], variance=0.0659, QRS count=5
2025-10-08 17:30:35,981 [DEBUG] Accepted segment [111616:112640], variance=0.0660, QRS count=4
2025-10-08 17:30:35,986 [DEBUG] Accepted segment [112128:113152], variance=0.0650, QRS count=5
2025-10-08 17:30:35,991 [DEBUG] Accepted segment [112640:113664], variance=0.0650, QRS count=4
2025-10-08 17:30:35,996 [DEBUG] Accepted segment [113152:114176], variance=0.0616, QRS count=5
2025-10-08 17:30:36,001 [DEBUG] Accepted segment [113664:114688], variance=0.0663, QRS count=4
2025-10-08 17:30:36,005 [DEBUG] Accepted segment [114176:115200], variance=0.0597, QRS count=4
2025-10-08 17:30:36,010 [DEBUG] Accepted segment [114688:115712], variance=0.0616, QRS count=5
2025-10-08 17:30:36,014 [DEBUG] Accepted segment [115200:116224], variance=0.0643, QRS count=4
2025-10-08 17:30:36,019 [DEBUG] Accepted segment [115712:116736], variance=0.0654, QRS count=5
2025-10-08 17:30:36,025 [DEBUG] Accepted segment [116224:117248], variance=0.0645, QRS count=5
2025-10-08 17:30:36,029 [DEBUG] Accepted segment [116736:117760], variance=0.0676, QRS count=5
2025-10-08 17:30:36,030 [DEBUG] Skipping segment [117248:118272] due to overlap with noise [118000:119600]
2025-10-08 17:30:36,030 [DEBUG] Skipping segment [117760:118784] due to overlap with noise [118000:119600]
2025-10-08 17:30:36,030 [DEBUG] Skipping segment [118272:119296] due to overlap with noise [118000:119600]
2025-10-08 17:30:36,030 [DEBUG] Skipping segment [118784:119808] due to overlap with noise [118000:119600]
2025-10-08 17:30:36,030 [DEBUG] Skipping segment [119296:120320] due to overlap with noise [118000:119600]
2025-10-08 17:30:36,034 [DEBUG] Accepted segment [119808:120832], variance=0.0673, QRS count=5
2025-10-08 17:30:36,039 [DEBUG] Accepted segment [120320:121344], variance=0.0726, QRS count=5
2025-10-08 17:30:36,044 [DEBUG] Accepted segment [120832:121856], variance=0.0690, QRS count=6
2025-10-08 17:30:36,049 [DEBUG] Accepted segment [121344:122368], variance=0.0672, QRS count=6
2025-10-08 17:30:36,054 [DEBUG] Accepted segment [121856:122880], variance=0.0585, QRS count=5
2025-10-08 17:30:36,059 [DEBUG] Accepted segment [122368:123392], variance=0.0596, QRS count=5
2025-10-08 17:30:36,064 [DEBUG] Accepted segment [122880:123904], variance=0.0629, QRS count=4
2025-10-08 17:30:36,069 [DEBUG] Accepted segment [123392:124416], variance=0.0610, QRS count=5
2025-10-08 17:30:36,074 [DEBUG] Accepted segment [123904:124928], variance=0.0617, QRS count=4
2025-10-08 17:30:36,079 [DEBUG] Accepted segment [124416:125440], variance=0.0623, QRS count=5
2025-10-08 17:30:36,084 [DEBUG] Accepted segment [124928:125952], variance=0.0606, QRS count=4
2025-10-08 17:30:36,088 [DEBUG] Accepted segment [125440:126464], variance=0.0610, QRS count=5
2025-10-08 17:30:36,094 [DEBUG] Accepted segment [125952:126976], variance=0.0601, QRS count=4
2025-10-08 17:30:36,099 [DEBUG] Accepted segment [126464:127488], variance=0.0592, QRS count=5
2025-10-08 17:30:36,099 [INFO] Segmented signal of length 127999 into 220 valid segments
2025-10-08 17:30:37,685 [INFO] Epoch 4 - Loss: 0.0239, MAE: 0.1105, Val Loss: 0.3845, Val MAE: 0.3378
2025-10-08 17:30:37,972 [DEBUG] Accepted segment [0:1024], variance=0.0402, QRS count=6
2025-10-08 17:30:38,004 [DEBUG] Accepted segment [512:1536], variance=0.0419, QRS count=6
2025-10-08 17:30:38,042 [DEBUG] Accepted segment [1024:2048], variance=0.0415, QRS count=6
2025-10-08 17:30:38,072 [DEBUG] Accepted segment [1536:2560], variance=0.0390, QRS count=6
2025-10-08 17:30:38,104 [DEBUG] Accepted segment [2048:3072], variance=0.0377, QRS count=6
2025-10-08 17:30:38,132 [DEBUG] Accepted segment [2560:3584], variance=0.0409, QRS count=6
2025-10-08 17:30:38,162 [DEBUG] Accepted segment [3072:4096], variance=0.0414, QRS count=5
2025-10-08 17:30:38,190 [DEBUG] Accepted segment [3584:4608], variance=0.0384, QRS count=5
2025-10-08 17:30:38,217 [DEBUG] Accepted segment [4096:5120], variance=0.0392, QRS count=5
2025-10-08 17:30:38,237 [DEBUG] Accepted segment [4608:5632], variance=0.0402, QRS count=5
2025-10-08 17:30:38,266 [DEBUG] Accepted segment [5120:6144], variance=0.0394, QRS count=5
2025-10-08 17:30:38,301 [DEBUG] Accepted segment [5632:6656], variance=0.0395, QRS count=5
2025-10-08 17:30:38,340 [DEBUG] Accepted segment [6144:7168], variance=0.0415, QRS count=5
2025-10-08 17:30:38,366 [DEBUG] Accepted segment [6656:7680], variance=0.0433, QRS count=5
2025-10-08 17:30:38,392 [DEBUG] Accepted segment [7168:8192], variance=0.0412, QRS count=5
2025-10-08 17:30:38,431 [DEBUG] Accepted segment [7680:8704], variance=0.0387, QRS count=6
2025-10-08 17:30:38,475 [DEBUG] Accepted segment [8192:9216], variance=0.0424, QRS count=6
2025-10-08 17:30:38,526 [DEBUG] Accepted segment [8704:9728], variance=0.0459, QRS count=6
2025-10-08 17:30:38,574 [DEBUG] Accepted segment [9216:10240], variance=0.0427, QRS count=5
2025-10-08 17:30:38,617 [DEBUG] Accepted segment [9728:10752], variance=0.0465, QRS count=5
2025-10-08 17:30:38,645 [DEBUG] Accepted segment [10240:11264], variance=0.0452, QRS count=6
2025-10-08 17:30:38,681 [DEBUG] Accepted segment [10752:11776], variance=0.0496, QRS count=6
2025-10-08 17:30:38,720 [DEBUG] Accepted segment [11264:12288], variance=0.0525, QRS count=6
2025-10-08 17:30:38,757 [DEBUG] Accepted segment [11776:12800], variance=0.0397, QRS count=6
2025-10-08 17:30:38,795 [DEBUG] Accepted segment [12288:13312], variance=0.0377, QRS count=6
2025-10-08 17:30:38,831 [DEBUG] Accepted segment [12800:13824], variance=0.0388, QRS count=6
2025-10-08 17:30:38,873 [DEBUG] Accepted segment [13312:14336], variance=0.0378, QRS count=6
2025-10-08 17:30:38,918 [DEBUG] Accepted segment [13824:14848], variance=0.0385, QRS count=6
2025-10-08 17:30:38,959 [DEBUG] Accepted segment [14336:15360], variance=0.0398, QRS count=6
2025-10-08 17:30:38,993 [DEBUG] Accepted segment [14848:15872], variance=0.0393, QRS count=5
2025-10-08 17:30:39,040 [DEBUG] Accepted segment [15360:16384], variance=0.0346, QRS count=6
2025-10-08 17:30:39,076 [DEBUG] Accepted segment [15872:16896], variance=0.0356, QRS count=5
2025-10-08 17:30:39,103 [DEBUG] Accepted segment [16384:17408], variance=0.0412, QRS count=5
2025-10-08 17:30:39,131 [DEBUG] Accepted segment [16896:17920], variance=0.0429, QRS count=5
2025-10-08 17:30:39,166 [DEBUG] Accepted segment [17408:18432], variance=0.0438, QRS count=5
2025-10-08 17:30:39,187 [DEBUG] Accepted segment [17920:18944], variance=0.0445, QRS count=5
2025-10-08 17:30:39,208 [DEBUG] Accepted segment [18432:19456], variance=0.0446, QRS count=5
2025-10-08 17:30:39,231 [DEBUG] Accepted segment [18944:19968], variance=0.0441, QRS count=5
2025-10-08 17:30:39,255 [DEBUG] Accepted segment [19456:20480], variance=0.0441, QRS count=5
2025-10-08 17:30:39,281 [DEBUG] Accepted segment [19968:20992], variance=0.0429, QRS count=5
2025-10-08 17:30:39,310 [DEBUG] Accepted segment [20480:21504], variance=0.0406, QRS count=5
2025-10-08 17:30:39,343 [DEBUG] Accepted segment [20992:22016], variance=0.0402, QRS count=5
2025-10-08 17:30:39,388 [DEBUG] Accepted segment [21504:22528], variance=0.0406, QRS count=5
2025-10-08 17:30:39,425 [DEBUG] Accepted segment [22016:23040], variance=0.0405, QRS count=5
2025-10-08 17:30:39,451 [DEBUG] Accepted segment [22528:23552], variance=0.0406, QRS count=5
2025-10-08 17:30:39,490 [DEBUG] Accepted segment [23040:24064], variance=0.0412, QRS count=5
2025-10-08 17:30:39,520 [DEBUG] Accepted segment [23552:24576], variance=0.0423, QRS count=5
2025-10-08 17:30:39,548 [DEBUG] Accepted segment [24064:25088], variance=0.0420, QRS count=6
2025-10-08 17:30:39,575 [DEBUG] Accepted segment [24576:25600], variance=0.0412, QRS count=6
2025-10-08 17:30:39,604 [DEBUG] Accepted segment [25088:26112], variance=0.0412, QRS count=6
2025-10-08 17:30:39,631 [DEBUG] Accepted segment [25600:26624], variance=0.0407, QRS count=6
2025-10-08 17:30:39,658 [DEBUG] Accepted segment [26112:27136], variance=0.0394, QRS count=6
2025-10-08 17:30:39,696 [DEBUG] Accepted segment [26624:27648], variance=0.0471, QRS count=6
2025-10-08 17:30:39,730 [DEBUG] Accepted segment [27136:28160], variance=0.0493, QRS count=6
2025-10-08 17:30:39,761 [DEBUG] Accepted segment [27648:28672], variance=0.0420, QRS count=6
2025-10-08 17:30:39,786 [DEBUG] Accepted segment [28160:29184], variance=0.0394, QRS count=5
2025-10-08 17:30:39,812 [DEBUG] Accepted segment [28672:29696], variance=0.0345, QRS count=5
2025-10-08 17:30:39,838 [DEBUG] Accepted segment [29184:30208], variance=0.0353, QRS count=5
2025-10-08 17:30:39,866 [DEBUG] Accepted segment [29696:30720], variance=0.0395, QRS count=5
2025-10-08 17:30:39,896 [DEBUG] Accepted segment [30208:31232], variance=0.0400, QRS count=5
2025-10-08 17:30:39,935 [DEBUG] Accepted segment [30720:31744], variance=0.0419, QRS count=5
2025-10-08 17:30:39,952 [DEBUG] Accepted segment [31232:32256], variance=0.0425, QRS count=5
2025-10-08 17:30:39,988 [DEBUG] Accepted segment [31744:32768], variance=0.0409, QRS count=5
2025-10-08 17:30:40,023 [DEBUG] Accepted segment [32256:33280], variance=0.0398, QRS count=5
2025-10-08 17:30:40,058 [DEBUG] Accepted segment [32768:33792], variance=0.0410, QRS count=5
2025-10-08 17:30:40,088 [DEBUG] Accepted segment [33280:34304], variance=0.0416, QRS count=5
2025-10-08 17:30:40,130 [DEBUG] Accepted segment [33792:34816], variance=0.0405, QRS count=5
2025-10-08 17:30:40,166 [DEBUG] Accepted segment [34304:35328], variance=0.0395, QRS count=6
2025-10-08 17:30:40,205 [DEBUG] Accepted segment [34816:35840], variance=0.0397, QRS count=6
2025-10-08 17:30:40,244 [DEBUG] Accepted segment [35328:36352], variance=0.0419, QRS count=6
2025-10-08 17:30:40,273 [DEBUG] Accepted segment [35840:36864], variance=0.0427, QRS count=6
2025-10-08 17:30:40,310 [DEBUG] Accepted segment [36352:37376], variance=0.0419, QRS count=6
2025-10-08 17:30:40,347 [DEBUG] Accepted segment [36864:37888], variance=0.0411, QRS count=6
2025-10-08 17:30:40,389 [DEBUG] Accepted segment [37376:38400], variance=0.0402, QRS count=5
2025-10-08 17:30:40,443 [DEBUG] Accepted segment [37888:38912], variance=0.0358, QRS count=6
2025-10-08 17:30:40,463 [DEBUG] Accepted segment [38400:39424], variance=0.0363, QRS count=5
2025-10-08 17:30:40,480 [DEBUG] Accepted segment [38912:39936], variance=0.0418, QRS count=5
2025-10-08 17:30:40,504 [DEBUG] Accepted segment [39424:40448], variance=0.0436, QRS count=5
2025-10-08 17:30:40,528 [DEBUG] Accepted segment [39936:40960], variance=0.0433, QRS count=5
2025-10-08 17:30:40,552 [DEBUG] Accepted segment [40448:41472], variance=0.0420, QRS count=5
2025-10-08 17:30:40,578 [DEBUG] Accepted segment [40960:41984], variance=0.0409, QRS count=5
2025-10-08 17:30:40,610 [DEBUG] Accepted segment [41472:42496], variance=0.0399, QRS count=6
2025-10-08 17:30:40,636 [DEBUG] Accepted segment [41984:43008], variance=0.0410, QRS count=6
2025-10-08 17:30:40,668 [DEBUG] Accepted segment [42496:43520], variance=0.0423, QRS count=6
2025-10-08 17:30:40,693 [DEBUG] Accepted segment [43008:44032], variance=0.0413, QRS count=6
2025-10-08 17:30:40,718 [DEBUG] Accepted segment [43520:44544], variance=0.0393, QRS count=6
2025-10-08 17:30:40,741 [DEBUG] Accepted segment [44032:45056], variance=0.0401, QRS count=6
2025-10-08 17:30:40,761 [DEBUG] Accepted segment [44544:45568], variance=0.0421, QRS count=6
2025-10-08 17:30:40,788 [DEBUG] Accepted segment [45056:46080], variance=0.0420, QRS count=6
2025-10-08 17:30:40,815 [DEBUG] Accepted segment [45568:46592], variance=0.0406, QRS count=6
2025-10-08 17:30:40,845 [DEBUG] Accepted segment [46080:47104], variance=0.0402, QRS count=6
2025-10-08 17:30:40,869 [DEBUG] Accepted segment [46592:47616], variance=0.0409, QRS count=6
2025-10-08 17:30:40,897 [DEBUG] Accepted segment [47104:48128], variance=0.0409, QRS count=6
2025-10-08 17:30:40,926 [DEBUG] Accepted segment [47616:48640], variance=0.0406, QRS count=6
2025-10-08 17:30:40,963 [DEBUG] Accepted segment [48128:49152], variance=0.0408, QRS count=5
2025-10-08 17:30:40,990 [DEBUG] Accepted segment [48640:49664], variance=0.0422, QRS count=5
2025-10-08 17:30:41,022 [DEBUG] Accepted segment [49152:50176], variance=0.0407, QRS count=5
2025-10-08 17:30:41,050 [DEBUG] Accepted segment [49664:50688], variance=0.0342, QRS count=6
2025-10-08 17:30:41,081 [DEBUG] Accepted segment [50176:51200], variance=0.0361, QRS count=5
2025-10-08 17:30:41,119 [DEBUG] Accepted segment [50688:51712], variance=0.0422, QRS count=5
2025-10-08 17:30:41,158 [DEBUG] Accepted segment [51200:52224], variance=0.0421, QRS count=5
2025-10-08 17:30:41,192 [DEBUG] Accepted segment [51712:52736], variance=0.0413, QRS count=5
2025-10-08 17:30:41,220 [DEBUG] Accepted segment [52224:53248], variance=0.0424, QRS count=5
2025-10-08 17:30:41,250 [DEBUG] Accepted segment [52736:53760], variance=0.0428, QRS count=5
2025-10-08 17:30:41,285 [DEBUG] Accepted segment [53248:54272], variance=0.0407, QRS count=6
2025-10-08 17:30:41,312 [DEBUG] Accepted segment [53760:54784], variance=0.0401, QRS count=6
2025-10-08 17:30:41,349 [DEBUG] Accepted segment [54272:55296], variance=0.0403, QRS count=6
2025-10-08 17:30:41,381 [DEBUG] Accepted segment [54784:55808], variance=0.0409, QRS count=6
2025-10-08 17:30:41,424 [DEBUG] Accepted segment [55296:56320], variance=0.0409, QRS count=5
2025-10-08 17:30:41,467 [DEBUG] Accepted segment [55808:56832], variance=0.0340, QRS count=6
2025-10-08 17:30:41,508 [DEBUG] Accepted segment [56320:57344], variance=0.0343, QRS count=6
2025-10-08 17:30:41,560 [DEBUG] Accepted segment [56832:57856], variance=0.0403, QRS count=5
2025-10-08 17:30:41,611 [DEBUG] Accepted segment [57344:58368], variance=0.0385, QRS count=5
2025-10-08 17:30:41,650 [DEBUG] Accepted segment [57856:58880], variance=0.0381, QRS count=5
2025-10-08 17:30:41,683 [DEBUG] Accepted segment [58368:59392], variance=0.0402, QRS count=5
2025-10-08 17:30:41,709 [DEBUG] Accepted segment [58880:59904], variance=0.0411, QRS count=5
2025-10-08 17:30:41,744 [DEBUG] Accepted segment [59392:60416], variance=0.0399, QRS count=5
2025-10-08 17:30:41,782 [DEBUG] Accepted segment [59904:60928], variance=0.0400, QRS count=6
2025-10-08 17:30:41,815 [DEBUG] Accepted segment [60416:61440], variance=0.0408, QRS count=6
2025-10-08 17:30:41,870 [DEBUG] Accepted segment [60928:61952], variance=0.0404, QRS count=6
2025-10-08 17:30:41,887 [DEBUG] Accepted segment [61440:62464], variance=0.0402, QRS count=6
2025-10-08 17:30:41,909 [DEBUG] Accepted segment [61952:62976], variance=0.0393, QRS count=5
2025-10-08 17:30:41,926 [DEBUG] Accepted segment [62464:63488], variance=0.0352, QRS count=6
2025-10-08 17:30:41,946 [DEBUG] Accepted segment [62976:64000], variance=0.0403, QRS count=5
2025-10-08 17:30:41,965 [DEBUG] Accepted segment [63488:64512], variance=0.0450, QRS count=6
2025-10-08 17:30:41,981 [DEBUG] Accepted segment [64000:65024], variance=0.0414, QRS count=6
2025-10-08 17:30:41,999 [DEBUG] Accepted segment [64512:65536], variance=0.0425, QRS count=6
2025-10-08 17:30:42,016 [DEBUG] Accepted segment [65024:66048], variance=0.0414, QRS count=6
2025-10-08 17:30:42,033 [DEBUG] Accepted segment [65536:66560], variance=0.0358, QRS count=6
2025-10-08 17:30:42,053 [DEBUG] Accepted segment [66048:67072], variance=0.0355, QRS count=6
2025-10-08 17:30:42,078 [DEBUG] Accepted segment [66560:67584], variance=0.0398, QRS count=5
2025-10-08 17:30:42,103 [DEBUG] Accepted segment [67072:68096], variance=0.0410, QRS count=5
2025-10-08 17:30:42,122 [DEBUG] Accepted segment [67584:68608], variance=0.0393, QRS count=5
2025-10-08 17:30:42,142 [DEBUG] Accepted segment [68096:69120], variance=0.0400, QRS count=5
2025-10-08 17:30:42,160 [DEBUG] Accepted segment [68608:69632], variance=0.0419, QRS count=5
2025-10-08 17:30:42,184 [DEBUG] Accepted segment [69120:70144], variance=0.0409, QRS count=5
2025-10-08 17:30:42,203 [DEBUG] Accepted segment [69632:70656], variance=0.0407, QRS count=5
2025-10-08 17:30:42,223 [DEBUG] Accepted segment [70144:71168], variance=0.0428, QRS count=6
2025-10-08 17:30:42,240 [DEBUG] Accepted segment [70656:71680], variance=0.0434, QRS count=6
2025-10-08 17:30:42,263 [DEBUG] Accepted segment [71168:72192], variance=0.1024, QRS count=6
2025-10-08 17:30:42,284 [DEBUG] Accepted segment [71680:72704], variance=0.1012, QRS count=6
2025-10-08 17:30:42,317 [DEBUG] Accepted segment [72192:73216], variance=0.0421, QRS count=6
2025-10-08 17:30:42,348 [DEBUG] Accepted segment [72704:73728], variance=0.0443, QRS count=6
2025-10-08 17:30:42,379 [DEBUG] Accepted segment [73216:74240], variance=0.0363, QRS count=5
2025-10-08 17:30:42,412 [DEBUG] Accepted segment [73728:74752], variance=0.0346, QRS count=5
2025-10-08 17:30:42,444 [DEBUG] Accepted segment [74240:75264], variance=0.0419, QRS count=5
2025-10-08 17:30:42,479 [DEBUG] Accepted segment [74752:75776], variance=0.0424, QRS count=5
2025-10-08 17:30:42,512 [DEBUG] Accepted segment [75264:76288], variance=0.0417, QRS count=6
2025-10-08 17:30:42,541 [DEBUG] Accepted segment [75776:76800], variance=0.0351, QRS count=5
2025-10-08 17:30:42,573 [DEBUG] Accepted segment [76288:77312], variance=0.0362, QRS count=5
2025-10-08 17:30:42,596 [DEBUG] Accepted segment [76800:77824], variance=0.0426, QRS count=5
2025-10-08 17:30:42,623 [DEBUG] Accepted segment [77312:78336], variance=0.0413, QRS count=5
2025-10-08 17:30:42,643 [DEBUG] Accepted segment [77824:78848], variance=0.0425, QRS count=6
2025-10-08 17:30:42,669 [DEBUG] Accepted segment [78336:79360], variance=0.0376, QRS count=6
2025-10-08 17:30:42,692 [DEBUG] Accepted segment [78848:79872], variance=0.0357, QRS count=5
2025-10-08 17:30:42,712 [DEBUG] Accepted segment [79360:80384], variance=0.0419, QRS count=5
2025-10-08 17:30:42,739 [DEBUG] Accepted segment [79872:80896], variance=0.0437, QRS count=5
2025-10-08 17:30:42,763 [DEBUG] Accepted segment [80384:81408], variance=0.0438, QRS count=6
2025-10-08 17:30:42,779 [DEBUG] Accepted segment [80896:81920], variance=0.0365, QRS count=5
2025-10-08 17:30:42,809 [DEBUG] Accepted segment [81408:82432], variance=0.0377, QRS count=5
2025-10-08 17:30:42,841 [DEBUG] Accepted segment [81920:82944], variance=0.0453, QRS count=5
2025-10-08 17:30:42,869 [DEBUG] Accepted segment [82432:83456], variance=0.0444, QRS count=5
2025-10-08 17:30:42,895 [DEBUG] Accepted segment [82944:83968], variance=0.0439, QRS count=6
2025-10-08 17:30:42,924 [DEBUG] Accepted segment [83456:84480], variance=0.0381, QRS count=6
2025-10-08 17:30:42,949 [DEBUG] Accepted segment [83968:84992], variance=0.0375, QRS count=5
2025-10-08 17:30:42,979 [DEBUG] Accepted segment [84480:85504], variance=0.0438, QRS count=5
2025-10-08 17:30:43,008 [DEBUG] Accepted segment [84992:86016], variance=0.0450, QRS count=5
2025-10-08 17:30:43,036 [DEBUG] Accepted segment [85504:86528], variance=0.0438, QRS count=6
2025-10-08 17:30:43,066 [DEBUG] Accepted segment [86016:87040], variance=0.0395, QRS count=6
2025-10-08 17:30:43,086 [DEBUG] Accepted segment [86528:87552], variance=0.0371, QRS count=6
2025-10-08 17:30:43,117 [DEBUG] Accepted segment [87040:88064], variance=0.0333, QRS count=5
2025-10-08 17:30:43,139 [DEBUG] Accepted segment [87552:88576], variance=0.0367, QRS count=5
2025-10-08 17:30:43,164 [DEBUG] Accepted segment [88064:89088], variance=0.0441, QRS count=6
2025-10-08 17:30:43,189 [DEBUG] Accepted segment [88576:89600], variance=0.0408, QRS count=5
2025-10-08 17:30:43,214 [DEBUG] Accepted segment [89088:90112], variance=0.0355, QRS count=5
2025-10-08 17:30:43,256 [DEBUG] Accepted segment [89600:90624], variance=0.0369, QRS count=5
2025-10-08 17:30:43,291 [DEBUG] Accepted segment [90112:91136], variance=0.0406, QRS count=5
2025-10-08 17:30:43,318 [DEBUG] Accepted segment [90624:91648], variance=0.0398, QRS count=5
2025-10-08 17:30:43,340 [DEBUG] Accepted segment [91136:92160], variance=0.0410, QRS count=5
2025-10-08 17:30:43,364 [DEBUG] Accepted segment [91648:92672], variance=0.0432, QRS count=5
2025-10-08 17:30:43,388 [DEBUG] Accepted segment [92160:93184], variance=0.0428, QRS count=6
2025-10-08 17:30:43,422 [DEBUG] Accepted segment [92672:93696], variance=0.1231, QRS count=6
2025-10-08 17:30:43,456 [DEBUG] Accepted segment [93184:94208], variance=0.1247, QRS count=6
2025-10-08 17:30:43,478 [DEBUG] Accepted segment [93696:94720], variance=0.0461, QRS count=6
2025-10-08 17:30:43,499 [DEBUG] Accepted segment [94208:95232], variance=0.0474, QRS count=6
2025-10-08 17:30:43,523 [DEBUG] Accepted segment [94720:95744], variance=0.0470, QRS count=6
2025-10-08 17:30:43,543 [DEBUG] Accepted segment [95232:96256], variance=0.0389, QRS count=5
2025-10-08 17:30:43,561 [DEBUG] Accepted segment [95744:96768], variance=0.0370, QRS count=5
2025-10-08 17:30:43,579 [DEBUG] Accepted segment [96256:97280], variance=0.0435, QRS count=5
2025-10-08 17:30:43,598 [DEBUG] Accepted segment [96768:97792], variance=0.0446, QRS count=6
2025-10-08 17:30:43,618 [DEBUG] Accepted segment [97280:98304], variance=0.0436, QRS count=5
2025-10-08 17:30:43,644 [DEBUG] Accepted segment [97792:98816], variance=0.0419, QRS count=5
2025-10-08 17:30:43,681 [DEBUG] Accepted segment [98304:99328], variance=0.0424, QRS count=5
2025-10-08 17:30:43,711 [DEBUG] Accepted segment [98816:99840], variance=0.0469, QRS count=5
2025-10-08 17:30:43,728 [DEBUG] Accepted segment [99328:100352], variance=0.0437, QRS count=5
2025-10-08 17:30:43,744 [DEBUG] Accepted segment [99840:100864], variance=0.0338, QRS count=6
2025-10-08 17:30:43,767 [DEBUG] Accepted segment [100352:101376], variance=0.0349, QRS count=6
2025-10-08 17:30:43,800 [DEBUG] Accepted segment [100864:101888], variance=0.0390, QRS count=5
2025-10-08 17:30:43,838 [DEBUG] Accepted segment [101376:102400], variance=0.0407, QRS count=5
2025-10-08 17:30:43,876 [DEBUG] Accepted segment [101888:102912], variance=0.0429, QRS count=5
2025-10-08 17:30:43,906 [DEBUG] Accepted segment [102400:103424], variance=0.0422, QRS count=5
2025-10-08 17:30:43,939 [DEBUG] Accepted segment [102912:103936], variance=0.0401, QRS count=6
2025-10-08 17:30:43,963 [DEBUG] Accepted segment [103424:104448], variance=0.0405, QRS count=6
2025-10-08 17:30:43,984 [DEBUG] Accepted segment [103936:104960], variance=0.0415, QRS count=6
2025-10-08 17:30:44,010 [DEBUG] Accepted segment [104448:105472], variance=0.0408, QRS count=6
2025-10-08 17:30:44,040 [DEBUG] Accepted segment [104960:105984], variance=0.0404, QRS count=6
2025-10-08 17:30:44,041 [DEBUG] Skipping segment [105472:106496] due to overlap with noise [106400:107000]
2025-10-08 17:30:44,042 [DEBUG] Skipping segment [105984:107008] due to overlap with noise [106400:107000]
2025-10-08 17:30:44,042 [DEBUG] Skipping segment [106496:107520] due to overlap with noise [106400:107000]
2025-10-08 17:30:44,078 [DEBUG] Accepted segment [107008:108032], variance=0.0702, QRS count=6
2025-10-08 17:30:44,108 [DEBUG] Accepted segment [107520:108544], variance=0.0616, QRS count=6
2025-10-08 17:30:44,134 [DEBUG] Accepted segment [108032:109056], variance=0.0688, QRS count=7
2025-10-08 17:30:44,165 [DEBUG] Accepted segment [108544:109568], variance=0.0644, QRS count=6
2025-10-08 17:30:44,191 [DEBUG] Accepted segment [109056:110080], variance=0.0488, QRS count=6
2025-10-08 17:30:44,222 [DEBUG] Accepted segment [109568:110592], variance=0.0477, QRS count=6
2025-10-08 17:30:44,248 [DEBUG] Accepted segment [110080:111104], variance=0.0440, QRS count=6
2025-10-08 17:30:44,273 [DEBUG] Accepted segment [110592:111616], variance=0.0451, QRS count=7
2025-10-08 17:30:44,308 [DEBUG] Accepted segment [111104:112128], variance=0.0552, QRS count=6
2025-10-08 17:30:44,344 [DEBUG] Accepted segment [111616:112640], variance=0.0556, QRS count=6
2025-10-08 17:30:44,372 [DEBUG] Accepted segment [112128:113152], variance=0.0543, QRS count=6
2025-10-08 17:30:44,407 [DEBUG] Accepted segment [112640:113664], variance=0.0555, QRS count=6
2025-10-08 17:30:44,425 [DEBUG] Accepted segment [113152:114176], variance=0.0560, QRS count=5
2025-10-08 17:30:44,441 [DEBUG] Accepted segment [113664:114688], variance=0.0558, QRS count=5
2025-10-08 17:30:44,453 [DEBUG] Accepted segment [114176:115200], variance=0.0667, QRS count=5
2025-10-08 17:30:44,471 [DEBUG] Accepted segment [114688:115712], variance=0.0741, QRS count=6
2025-10-08 17:30:44,488 [DEBUG] Accepted segment [115200:116224], variance=0.0637, QRS count=6
2025-10-08 17:30:44,509 [DEBUG] Accepted segment [115712:116736], variance=0.0559, QRS count=6
2025-10-08 17:30:44,532 [DEBUG] Accepted segment [116224:117248], variance=0.0528, QRS count=6
2025-10-08 17:30:44,556 [DEBUG] Accepted segment [116736:117760], variance=0.0522, QRS count=5
2025-10-08 17:30:44,573 [DEBUG] Accepted segment [117248:118272], variance=0.0472, QRS count=6
2025-10-08 17:30:44,590 [DEBUG] Accepted segment [117760:118784], variance=0.0471, QRS count=5
2025-10-08 17:30:44,607 [DEBUG] Accepted segment [118272:119296], variance=0.0569, QRS count=5
2025-10-08 17:30:44,625 [DEBUG] Accepted segment [118784:119808], variance=0.0603, QRS count=5
2025-10-08 17:30:44,645 [DEBUG] Accepted segment [119296:120320], variance=0.0607, QRS count=5
2025-10-08 17:30:44,664 [DEBUG] Accepted segment [119808:120832], variance=0.0601, QRS count=6
2025-10-08 17:30:44,684 [DEBUG] Accepted segment [120320:121344], variance=0.0600, QRS count=6
2025-10-08 17:30:44,708 [DEBUG] Accepted segment [120832:121856], variance=0.0599, QRS count=6
2025-10-08 17:30:44,727 [DEBUG] Accepted segment [121344:122368], variance=0.0489, QRS count=5
2025-10-08 17:30:44,741 [DEBUG] Accepted segment [121856:122880], variance=0.0471, QRS count=5
2025-10-08 17:30:44,757 [DEBUG] Accepted segment [122368:123392], variance=0.0592, QRS count=5
2025-10-08 17:30:44,772 [DEBUG] Accepted segment [122880:123904], variance=0.0606, QRS count=5
2025-10-08 17:30:44,788 [DEBUG] Accepted segment [123392:124416], variance=0.0582, QRS count=5
2025-10-08 17:30:44,811 [DEBUG] Accepted segment [123904:124928], variance=0.0582, QRS count=6
2025-10-08 17:30:44,833 [DEBUG] Accepted segment [124416:125440], variance=0.0592, QRS count=6
2025-10-08 17:30:44,852 [DEBUG] Accepted segment [124928:125952], variance=0.0585, QRS count=5
2025-10-08 17:30:44,867 [DEBUG] Accepted segment [125440:126464], variance=0.0485, QRS count=5
2025-10-08 17:30:44,878 [DEBUG] Accepted segment [125952:126976], variance=0.0503, QRS count=5
2025-10-08 17:30:44,893 [DEBUG] Accepted segment [126464:127488], variance=0.0614, QRS count=5
2025-10-08 17:30:44,912 [DEBUG] Accepted segment [126976:128000], variance=0.0608, QRS count=5
2025-10-08 17:30:44,913 [INFO] Segmented signal of length 128000 into 246 valid segments
2025-10-08 17:30:47,442 [DEBUG] Accepted segment [0:1024], variance=0.0489, QRS count=5
2025-10-08 17:30:47,458 [DEBUG] Accepted segment [512:1536], variance=0.0602, QRS count=5
2025-10-08 17:30:47,475 [DEBUG] Accepted segment [1024:2048], variance=0.0717, QRS count=5
2025-10-08 17:30:47,492 [DEBUG] Accepted segment [1536:2560], variance=0.0797, QRS count=6
2025-10-08 17:30:47,514 [DEBUG] Accepted segment [2048:3072], variance=0.0709, QRS count=6
2025-10-08 17:30:47,533 [DEBUG] Accepted segment [2560:3584], variance=0.0522, QRS count=5
2025-10-08 17:30:47,556 [DEBUG] Accepted segment [3072:4096], variance=0.0484, QRS count=5
2025-10-08 17:30:47,575 [DEBUG] Accepted segment [3584:4608], variance=0.0533, QRS count=5
2025-10-08 17:30:47,594 [DEBUG] Accepted segment [4096:5120], variance=0.0519, QRS count=6
2025-10-08 17:30:47,613 [DEBUG] Accepted segment [4608:5632], variance=0.0539, QRS count=6
2025-10-08 17:30:47,631 [DEBUG] Accepted segment [5120:6144], variance=0.0559, QRS count=5
2025-10-08 17:30:47,649 [DEBUG] Accepted segment [5632:6656], variance=0.0539, QRS count=5
2025-10-08 17:30:47,668 [DEBUG] Accepted segment [6144:7168], variance=0.0528, QRS count=5
2025-10-08 17:30:47,690 [DEBUG] Accepted segment [6656:7680], variance=0.0470, QRS count=5
2025-10-08 17:30:47,712 [DEBUG] Accepted segment [7168:8192], variance=0.0480, QRS count=5
2025-10-08 17:30:47,741 [DEBUG] Accepted segment [7680:8704], variance=0.0566, QRS count=5
2025-10-08 17:30:47,760 [DEBUG] Accepted segment [8192:9216], variance=0.0601, QRS count=5
2025-10-08 17:30:47,774 [DEBUG] Accepted segment [8704:9728], variance=0.0621, QRS count=6
2025-10-08 17:30:47,785 [DEBUG] Accepted segment [9216:10240], variance=0.0520, QRS count=5
2025-10-08 17:30:47,797 [DEBUG] Accepted segment [9728:10752], variance=0.0495, QRS count=5
2025-10-08 17:30:47,815 [DEBUG] Accepted segment [10240:11264], variance=0.0569, QRS count=5
2025-10-08 17:30:47,833 [DEBUG] Accepted segment [10752:11776], variance=0.0581, QRS count=5
2025-10-08 17:30:47,852 [DEBUG] Accepted segment [11264:12288], variance=0.0586, QRS count=6
2025-10-08 17:30:47,881 [DEBUG] Accepted segment [11776:12800], variance=0.0491, QRS count=6
2025-10-08 17:30:47,909 [DEBUG] Accepted segment [12288:13312], variance=0.0499, QRS count=5
2025-10-08 17:30:47,928 [DEBUG] Accepted segment [12800:13824], variance=0.0607, QRS count=5
2025-10-08 17:30:47,953 [DEBUG] Accepted segment [13312:14336], variance=0.0595, QRS count=5
2025-10-08 17:30:47,972 [DEBUG] Accepted segment [13824:14848], variance=0.0566, QRS count=6
2025-10-08 17:30:47,992 [DEBUG] Accepted segment [14336:15360], variance=0.0585, QRS count=6
2025-10-08 17:30:48,009 [DEBUG] Accepted segment [14848:15872], variance=0.0575, QRS count=6
2025-10-08 17:30:48,028 [DEBUG] Accepted segment [15360:16384], variance=0.0520, QRS count=5
2025-10-08 17:30:48,056 [DEBUG] Accepted segment [15872:16896], variance=0.0511, QRS count=5
2025-10-08 17:30:48,074 [DEBUG] Accepted segment [16384:17408], variance=0.0506, QRS count=5
2025-10-08 17:30:48,097 [DEBUG] Accepted segment [16896:17920], variance=0.0476, QRS count=5
2025-10-08 17:30:48,146 [DEBUG] Accepted segment [17408:18432], variance=0.0447, QRS count=5
2025-10-08 17:30:48,169 [DEBUG] Accepted segment [17920:18944], variance=0.0474, QRS count=6
2025-10-08 17:30:48,204 [DEBUG] Accepted segment [18432:19456], variance=0.0513, QRS count=6
2025-10-08 17:30:48,237 [DEBUG] Accepted segment [18944:19968], variance=0.0520, QRS count=5
2025-10-08 17:30:48,263 [DEBUG] Accepted segment [19456:20480], variance=0.0518, QRS count=5
2025-10-08 17:30:48,286 [DEBUG] Accepted segment [19968:20992], variance=0.0535, QRS count=5
2025-10-08 17:30:48,308 [DEBUG] Accepted segment [20480:21504], variance=0.0570, QRS count=5
2025-10-08 17:30:48,333 [DEBUG] Accepted segment [20992:22016], variance=0.0584, QRS count=5
2025-10-08 17:30:48,346 [DEBUG] Accepted segment [21504:22528], variance=0.0589, QRS count=5
2025-10-08 17:30:48,367 [DEBUG] Accepted segment [22016:23040], variance=0.0598, QRS count=6
2025-10-08 17:30:48,383 [DEBUG] Accepted segment [22528:23552], variance=0.0604, QRS count=6
2025-10-08 17:30:48,400 [DEBUG] Accepted segment [23040:24064], variance=0.0594, QRS count=5
2025-10-08 17:30:48,415 [DEBUG] Accepted segment [23552:24576], variance=0.0598, QRS count=6
2025-10-08 17:30:48,433 [DEBUG] Accepted segment [24064:25088], variance=0.0620, QRS count=6
2025-10-08 17:30:48,449 [DEBUG] Accepted segment [24576:25600], variance=0.1251, QRS count=6
2025-10-08 17:30:48,465 [DEBUG] Accepted segment [25088:26112], variance=0.1270, QRS count=6
2025-10-08 17:30:48,480 [DEBUG] Accepted segment [25600:26624], variance=0.0756, QRS count=6
2025-10-08 17:30:48,498 [DEBUG] Accepted segment [26112:27136], variance=0.0709, QRS count=6
2025-10-08 17:30:48,515 [DEBUG] Accepted segment [26624:27648], variance=0.0589, QRS count=6
2025-10-08 17:30:48,533 [DEBUG] Accepted segment [27136:28160], variance=0.0584, QRS count=6
2025-10-08 17:30:48,553 [DEBUG] Accepted segment [27648:28672], variance=0.0565, QRS count=6
2025-10-08 17:30:48,570 [DEBUG] Accepted segment [28160:29184], variance=0.0559, QRS count=6
2025-10-08 17:30:48,588 [DEBUG] Accepted segment [28672:29696], variance=0.0563, QRS count=6
2025-10-08 17:30:48,605 [DEBUG] Accepted segment [29184:30208], variance=0.0540, QRS count=6
2025-10-08 17:30:48,623 [DEBUG] Accepted segment [29696:30720], variance=0.0480, QRS count=6
2025-10-08 17:30:48,638 [DEBUG] Accepted segment [30208:31232], variance=0.0466, QRS count=5
2025-10-08 17:30:48,653 [DEBUG] Accepted segment [30720:31744], variance=0.0484, QRS count=5
2025-10-08 17:30:48,667 [DEBUG] Accepted segment [31232:32256], variance=0.0523, QRS count=6
2025-10-08 17:30:48,686 [DEBUG] Accepted segment [31744:32768], variance=0.0579, QRS count=6
2025-10-08 17:30:48,707 [DEBUG] Accepted segment [32256:33280], variance=0.0605, QRS count=5
2025-10-08 17:30:48,725 [DEBUG] Accepted segment [32768:33792], variance=0.0593, QRS count=5
2025-10-08 17:30:48,737 [DEBUG] Accepted segment [33280:34304], variance=0.0577, QRS count=5
2025-10-08 17:30:48,747 [DEBUG] Accepted segment [33792:34816], variance=0.0579, QRS count=6
2025-10-08 17:30:48,757 [DEBUG] Accepted segment [34304:35328], variance=0.0569, QRS count=6
2025-10-08 17:30:48,774 [DEBUG] Accepted segment [34816:35840], variance=0.0569, QRS count=6
2025-10-08 17:30:48,796 [DEBUG] Accepted segment [35328:36352], variance=0.0586, QRS count=6
2025-10-08 17:30:48,816 [DEBUG] Accepted segment [35840:36864], variance=0.0496, QRS count=6
2025-10-08 17:30:48,838 [DEBUG] Accepted segment [36352:37376], variance=0.0498, QRS count=5
2025-10-08 17:30:48,859 [DEBUG] Accepted segment [36864:37888], variance=0.0598, QRS count=5
2025-10-08 17:30:48,877 [DEBUG] Accepted segment [37376:38400], variance=0.0608, QRS count=5
2025-10-08 17:30:48,907 [DEBUG] Accepted segment [37888:38912], variance=0.0619, QRS count=5
2025-10-08 17:30:48,924 [DEBUG] Accepted segment [38400:39424], variance=0.0603, QRS count=6
2025-10-08 17:30:48,946 [DEBUG] Accepted segment [38912:39936], variance=0.0589, QRS count=6
2025-10-08 17:30:48,968 [DEBUG] Accepted segment [39424:40448], variance=0.0607, QRS count=6
2025-10-08 17:30:48,989 [DEBUG] Accepted segment [39936:40960], variance=0.0523, QRS count=6
2025-10-08 17:30:49,015 [DEBUG] Accepted segment [40448:41472], variance=0.0519, QRS count=5
2025-10-08 17:30:49,037 [DEBUG] Accepted segment [40960:41984], variance=0.0605, QRS count=5
2025-10-08 17:30:49,065 [DEBUG] Accepted segment [41472:42496], variance=0.0594, QRS count=5
2025-10-08 17:30:49,090 [DEBUG] Accepted segment [41984:43008], variance=0.0573, QRS count=6
2025-10-08 17:30:49,114 [DEBUG] Accepted segment [42496:43520], variance=0.0570, QRS count=6
2025-10-08 17:30:49,143 [DEBUG] Accepted segment [43008:44032], variance=0.0501, QRS count=5
2025-10-08 17:30:49,171 [DEBUG] Accepted segment [43520:44544], variance=0.0484, QRS count=5
2025-10-08 17:30:49,194 [DEBUG] Accepted segment [44032:45056], variance=0.0558, QRS count=5
2025-10-08 17:30:49,217 [DEBUG] Accepted segment [44544:45568], variance=0.0570, QRS count=5
2025-10-08 17:30:49,245 [DEBUG] Accepted segment [45056:46080], variance=0.0533, QRS count=5
2025-10-08 17:30:49,265 [DEBUG] Accepted segment [45568:46592], variance=0.0483, QRS count=6
2025-10-08 17:30:49,279 [DEBUG] Accepted segment [46080:47104], variance=0.0507, QRS count=6
2025-10-08 17:30:49,296 [DEBUG] Accepted segment [46592:47616], variance=0.0576, QRS count=6
2025-10-08 17:30:49,329 [DEBUG] Accepted segment [47104:48128], variance=0.0606, QRS count=6
2025-10-08 17:30:49,355 [DEBUG] Accepted segment [47616:48640], variance=0.0595, QRS count=6
2025-10-08 17:30:49,387 [DEBUG] Accepted segment [48128:49152], variance=0.0510, QRS count=6
2025-10-08 17:30:49,422 [DEBUG] Accepted segment [48640:49664], variance=0.0516, QRS count=5
2025-10-08 17:30:49,445 [DEBUG] Accepted segment [49152:50176], variance=0.0585, QRS count=5
2025-10-08 17:30:49,473 [DEBUG] Accepted segment [49664:50688], variance=0.0584, QRS count=5
2025-10-08 17:30:49,493 [DEBUG] Accepted segment [50176:51200], variance=0.0589, QRS count=6
2025-10-08 17:30:49,522 [DEBUG] Accepted segment [50688:51712], variance=0.0584, QRS count=6
2025-10-08 17:30:49,548 [DEBUG] Accepted segment [51200:52224], variance=0.0501, QRS count=5
2025-10-08 17:30:49,569 [DEBUG] Accepted segment [51712:52736], variance=0.0509, QRS count=5
2025-10-08 17:30:49,587 [DEBUG] Accepted segment [52224:53248], variance=0.0593, QRS count=5
2025-10-08 17:30:49,608 [DEBUG] Accepted segment [52736:53760], variance=0.0583, QRS count=6
2025-10-08 17:30:49,629 [DEBUG] Accepted segment [53248:54272], variance=0.0595, QRS count=5
2025-10-08 17:30:49,660 [DEBUG] Accepted segment [53760:54784], variance=0.0531, QRS count=5
2025-10-08 17:30:49,678 [DEBUG] Accepted segment [54272:55296], variance=0.0531, QRS count=5
2025-10-08 17:30:49,699 [DEBUG] Accepted segment [54784:55808], variance=0.0593, QRS count=5
2025-10-08 17:30:49,725 [DEBUG] Accepted segment [55296:56320], variance=0.0602, QRS count=5
2025-10-08 17:30:49,749 [DEBUG] Accepted segment [55808:56832], variance=0.0621, QRS count=5
2025-10-08 17:30:49,773 [DEBUG] Accepted segment [56320:57344], variance=0.0596, QRS count=5
2025-10-08 17:30:49,797 [DEBUG] Accepted segment [56832:57856], variance=0.0563, QRS count=6
2025-10-08 17:30:49,823 [DEBUG] Accepted segment [57344:58368], variance=0.0567, QRS count=6
2025-10-08 17:30:49,848 [DEBUG] Accepted segment [57856:58880], variance=0.0583, QRS count=5
2025-10-08 17:30:49,874 [DEBUG] Accepted segment [58368:59392], variance=0.0492, QRS count=5
2025-10-08 17:30:49,902 [DEBUG] Accepted segment [58880:59904], variance=0.0492, QRS count=5
2025-10-08 17:30:49,927 [DEBUG] Accepted segment [59392:60416], variance=0.0592, QRS count=5
2025-10-08 17:30:49,948 [DEBUG] Accepted segment [59904:60928], variance=0.0586, QRS count=5
2025-10-08 17:30:49,969 [DEBUG] Accepted segment [60416:61440], variance=0.0579, QRS count=6
2025-10-08 17:30:49,993 [DEBUG] Accepted segment [60928:61952], variance=0.0584, QRS count=6
2025-10-08 17:30:50,019 [DEBUG] Accepted segment [61440:62464], variance=0.0588, QRS count=5
2025-10-08 17:30:50,057 [DEBUG] Accepted segment [61952:62976], variance=0.0565, QRS count=5
2025-10-08 17:30:50,104 [DEBUG] Accepted segment [62464:63488], variance=0.0485, QRS count=6
2025-10-08 17:30:50,151 [DEBUG] Accepted segment [62976:64000], variance=0.0508, QRS count=5
2025-10-08 17:30:50,194 [DEBUG] Accepted segment [63488:64512], variance=0.0608, QRS count=5
2025-10-08 17:30:50,245 [DEBUG] Accepted segment [64000:65024], variance=0.0619, QRS count=5
2025-10-08 17:30:50,280 [DEBUG] Accepted segment [64512:65536], variance=0.0587, QRS count=5
2025-10-08 17:30:50,310 [DEBUG] Accepted segment [65024:66048], variance=0.0603, QRS count=5
2025-10-08 17:30:50,331 [DEBUG] Accepted segment [65536:66560], variance=0.0623, QRS count=5
2025-10-08 17:30:50,364 [DEBUG] Accepted segment [66048:67072], variance=0.0612, QRS count=5
2025-10-08 17:30:50,396 [DEBUG] Accepted segment [66560:67584], variance=0.0614, QRS count=6
2025-10-08 17:30:50,413 [DEBUG] Accepted segment [67072:68096], variance=0.0627, QRS count=6
2025-10-08 17:30:50,430 [DEBUG] Accepted segment [67584:68608], variance=0.0535, QRS count=5
2025-10-08 17:30:50,446 [DEBUG] Accepted segment [68096:69120], variance=0.0529, QRS count=5
2025-10-08 17:30:50,464 [DEBUG] Accepted segment [68608:69632], variance=0.0620, QRS count=5
2025-10-08 17:30:50,481 [DEBUG] Accepted segment [69120:70144], variance=0.0512, QRS count=6
2025-10-08 17:30:50,498 [DEBUG] Accepted segment [69632:70656], variance=0.0508, QRS count=5
2025-10-08 17:30:50,516 [DEBUG] Accepted segment [70144:71168], variance=0.0623, QRS count=5
2025-10-08 17:30:50,533 [DEBUG] Accepted segment [70656:71680], variance=0.0649, QRS count=5
2025-10-08 17:30:50,550 [DEBUG] Accepted segment [71168:72192], variance=0.0649, QRS count=6
2025-10-08 17:30:50,570 [DEBUG] Accepted segment [71680:72704], variance=0.0643, QRS count=6
2025-10-08 17:30:50,591 [DEBUG] Accepted segment [72192:73216], variance=0.0546, QRS count=6
2025-10-08 17:30:50,616 [DEBUG] Accepted segment [72704:73728], variance=0.0550, QRS count=5
2025-10-08 17:30:50,636 [DEBUG] Accepted segment [73216:74240], variance=0.0646, QRS count=5
2025-10-08 17:30:50,657 [DEBUG] Accepted segment [73728:74752], variance=0.0630, QRS count=5
2025-10-08 17:30:50,676 [DEBUG] Accepted segment [74240:75264], variance=0.0623, QRS count=6
2025-10-08 17:30:50,695 [DEBUG] Accepted segment [74752:75776], variance=0.0621, QRS count=6
2025-10-08 17:30:50,714 [DEBUG] Accepted segment [75264:76288], variance=0.0509, QRS count=6
2025-10-08 17:30:50,731 [DEBUG] Accepted segment [75776:76800], variance=0.0518, QRS count=5
2025-10-08 17:30:50,750 [DEBUG] Accepted segment [76288:77312], variance=0.0641, QRS count=5
2025-10-08 17:30:50,767 [DEBUG] Accepted segment [76800:77824], variance=0.0659, QRS count=5
2025-10-08 17:30:50,788 [DEBUG] Accepted segment [77312:78336], variance=0.0647, QRS count=6
2025-10-08 17:30:50,810 [DEBUG] Accepted segment [77824:78848], variance=0.0543, QRS count=5
2025-10-08 17:30:50,841 [DEBUG] Accepted segment [78336:79360], variance=0.0534, QRS count=5
2025-10-08 17:30:50,865 [DEBUG] Accepted segment [78848:79872], variance=0.0600, QRS count=5
2025-10-08 17:30:50,893 [DEBUG] Accepted segment [79360:80384], variance=0.0605, QRS count=6
2025-10-08 17:30:50,921 [DEBUG] Accepted segment [79872:80896], variance=0.0530, QRS count=5
2025-10-08 17:30:50,947 [DEBUG] Accepted segment [80384:81408], variance=0.0525, QRS count=5
2025-10-08 17:30:50,972 [DEBUG] Accepted segment [80896:81920], variance=0.0614, QRS count=5
2025-10-08 17:30:50,997 [DEBUG] Accepted segment [81408:82432], variance=0.0623, QRS count=6
2025-10-08 17:30:51,027 [DEBUG] Accepted segment [81920:82944], variance=0.0606, QRS count=5
2025-10-08 17:30:51,049 [DEBUG] Accepted segment [82432:83456], variance=0.0508, QRS count=5
2025-10-08 17:30:51,072 [DEBUG] Accepted segment [82944:83968], variance=0.0525, QRS count=5
2025-10-08 17:30:51,097 [DEBUG] Accepted segment [83456:84480], variance=0.0618, QRS count=5
2025-10-08 17:30:51,126 [DEBUG] Accepted segment [83968:84992], variance=0.0601, QRS count=5
2025-10-08 17:30:51,152 [DEBUG] Accepted segment [84480:85504], variance=0.0589, QRS count=5
2025-10-08 17:30:51,182 [DEBUG] Accepted segment [84992:86016], variance=0.0579, QRS count=6
2025-10-08 17:30:51,203 [DEBUG] Accepted segment [85504:86528], variance=0.0604, QRS count=6
2025-10-08 17:30:51,231 [DEBUG] Accepted segment [86016:87040], variance=0.0538, QRS count=5
2025-10-08 17:30:51,257 [DEBUG] Accepted segment [86528:87552], variance=0.0515, QRS count=5
2025-10-08 17:30:51,277 [DEBUG] Accepted segment [87040:88064], variance=0.0609, QRS count=5
2025-10-08 17:30:51,300 [DEBUG] Accepted segment [87552:88576], variance=0.0617, QRS count=5
2025-10-08 17:30:51,321 [DEBUG] Accepted segment [88064:89088], variance=0.0498, QRS count=5
2025-10-08 17:30:51,344 [DEBUG] Accepted segment [88576:89600], variance=0.0489, QRS count=5
2025-10-08 17:30:51,373 [DEBUG] Accepted segment [89088:90112], variance=0.0603, QRS count=5
2025-10-08 17:30:51,396 [DEBUG] Accepted segment [89600:90624], variance=0.0612, QRS count=6
2025-10-08 17:30:51,408 [DEBUG] Accepted segment [90112:91136], variance=0.0612, QRS count=6
2025-10-08 17:30:51,421 [DEBUG] Accepted segment [90624:91648], variance=0.0535, QRS count=5
2025-10-08 17:30:51,433 [DEBUG] Accepted segment [91136:92160], variance=0.0552, QRS count=5
2025-10-08 17:30:51,446 [DEBUG] Accepted segment [91648:92672], variance=0.0635, QRS count=5
2025-10-08 17:30:51,459 [DEBUG] Accepted segment [92160:93184], variance=0.0609, QRS count=5
2025-10-08 17:30:51,473 [DEBUG] Accepted segment [92672:93696], variance=0.0534, QRS count=6
2025-10-08 17:30:51,486 [DEBUG] Accepted segment [93184:94208], variance=0.0553, QRS count=5
2025-10-08 17:30:51,501 [DEBUG] Accepted segment [93696:94720], variance=0.0625, QRS count=5
2025-10-08 17:30:51,515 [DEBUG] Accepted segment [94208:95232], variance=0.0619, QRS count=5
2025-10-08 17:30:51,530 [DEBUG] Accepted segment [94720:95744], variance=0.0629, QRS count=6
2025-10-08 17:30:51,545 [DEBUG] Accepted segment [95232:96256], variance=0.0528, QRS count=5
2025-10-08 17:30:51,560 [DEBUG] Accepted segment [95744:96768], variance=0.0525, QRS count=5
2025-10-08 17:30:51,577 [DEBUG] Accepted segment [96256:97280], variance=0.0625, QRS count=5
2025-10-08 17:30:51,593 [DEBUG] Accepted segment [96768:97792], variance=0.0602, QRS count=6
2025-10-08 17:30:51,608 [DEBUG] Accepted segment [97280:98304], variance=0.0574, QRS count=6
2025-10-08 17:30:51,624 [DEBUG] Accepted segment [97792:98816], variance=0.0569, QRS count=6
2025-10-08 17:30:51,641 [DEBUG] Accepted segment [98304:99328], variance=0.0501, QRS count=6
2025-10-08 17:30:51,656 [DEBUG] Accepted segment [98816:99840], variance=0.0510, QRS count=5
2025-10-08 17:30:51,673 [DEBUG] Accepted segment [99328:100352], variance=0.0579, QRS count=5
2025-10-08 17:30:51,693 [DEBUG] Accepted segment [99840:100864], variance=0.0583, QRS count=5
2025-10-08 17:30:51,714 [DEBUG] Accepted segment [100352:101376], variance=0.0604, QRS count=5
2025-10-08 17:30:51,736 [DEBUG] Accepted segment [100864:101888], variance=0.0593, QRS count=6
2025-10-08 17:30:51,759 [DEBUG] Accepted segment [101376:102400], variance=0.0568, QRS count=6
2025-10-08 17:30:51,781 [DEBUG] Accepted segment [101888:102912], variance=0.0552, QRS count=6
2025-10-08 17:30:51,795 [DEBUG] Accepted segment [102400:103424], variance=0.0554, QRS count=6
2025-10-08 17:30:51,806 [DEBUG] Accepted segment [102912:103936], variance=0.0574, QRS count=6
2025-10-08 17:30:51,818 [DEBUG] Accepted segment [103424:104448], variance=0.0576, QRS count=5
2025-10-08 17:30:51,837 [DEBUG] Accepted segment [103936:104960], variance=0.0472, QRS count=6
2025-10-08 17:30:51,857 [DEBUG] Accepted segment [104448:105472], variance=0.0462, QRS count=5
2025-10-08 17:30:51,875 [DEBUG] Accepted segment [104960:105984], variance=0.0554, QRS count=5
2025-10-08 17:30:51,901 [DEBUG] Accepted segment [105472:106496], variance=0.0562, QRS count=5
2025-10-08 17:30:51,922 [DEBUG] Accepted segment [105984:107008], variance=0.0543, QRS count=5
2025-10-08 17:30:51,947 [DEBUG] Accepted segment [106496:107520], variance=0.0518, QRS count=5
2025-10-08 17:30:51,972 [DEBUG] Accepted segment [107008:108032], variance=0.0523, QRS count=5
2025-10-08 17:30:51,991 [DEBUG] Accepted segment [107520:108544], variance=0.0539, QRS count=5
2025-10-08 17:30:52,011 [DEBUG] Accepted segment [108032:109056], variance=0.0543, QRS count=5
2025-10-08 17:30:52,033 [DEBUG] Accepted segment [108544:109568], variance=0.0531, QRS count=6
2025-10-08 17:30:52,054 [DEBUG] Accepted segment [109056:110080], variance=0.0515, QRS count=6
2025-10-08 17:30:52,074 [DEBUG] Accepted segment [109568:110592], variance=0.0521, QRS count=6
2025-10-08 17:30:52,091 [DEBUG] Accepted segment [110080:111104], variance=0.1279, QRS count=6
2025-10-08 17:30:52,109 [DEBUG] Accepted segment [110592:111616], variance=0.1293, QRS count=5
2025-10-08 17:30:52,131 [DEBUG] Accepted segment [111104:112128], variance=0.0552, QRS count=6
2025-10-08 17:30:52,156 [DEBUG] Accepted segment [111616:112640], variance=0.0537, QRS count=6
2025-10-08 17:30:52,179 [DEBUG] Accepted segment [112128:113152], variance=0.0532, QRS count=6
2025-10-08 17:30:52,200 [DEBUG] Accepted segment [112640:113664], variance=0.0558, QRS count=6
2025-10-08 17:30:52,219 [DEBUG] Accepted segment [113152:114176], variance=0.0582, QRS count=5
2025-10-08 17:30:52,249 [DEBUG] Accepted segment [113664:114688], variance=0.0514, QRS count=6
2025-10-08 17:30:52,273 [DEBUG] Accepted segment [114176:115200], variance=0.0525, QRS count=5
2025-10-08 17:30:52,293 [DEBUG] Accepted segment [114688:115712], variance=0.0596, QRS count=5
2025-10-08 17:30:52,320 [DEBUG] Accepted segment [115200:116224], variance=0.0584, QRS count=5
2025-10-08 17:30:52,333 [DEBUG] Accepted segment [115712:116736], variance=0.0515, QRS count=6
2025-10-08 17:30:52,345 [DEBUG] Accepted segment [116224:117248], variance=0.0530, QRS count=5
2025-10-08 17:30:52,365 [DEBUG] Accepted segment [116736:117760], variance=0.0609, QRS count=5
2025-10-08 17:30:52,384 [DEBUG] Accepted segment [117248:118272], variance=0.0628, QRS count=5
2025-10-08 17:30:52,402 [DEBUG] Accepted segment [117760:118784], variance=0.0637, QRS count=6
2025-10-08 17:30:52,417 [DEBUG] Accepted segment [118272:119296], variance=0.0609, QRS count=6
2025-10-08 17:30:52,434 [DEBUG] Accepted segment [118784:119808], variance=0.0506, QRS count=6
2025-10-08 17:30:52,435 [DEBUG] Skipping segment [119296:120320] due to overlap with noise [120200:120500]
2025-10-08 17:30:52,435 [DEBUG] Skipping segment [119808:120832] due to overlap with noise [120200:120500]
2025-10-08 17:30:52,435 [DEBUG] Skipping segment [120320:121344] due to overlap with noise [120200:120500]
2025-10-08 17:30:52,453 [DEBUG] Accepted segment [120832:121856], variance=0.0428, QRS count=6
2025-10-08 17:30:52,473 [DEBUG] Accepted segment [121344:122368], variance=0.0406, QRS count=6
2025-10-08 17:30:52,491 [DEBUG] Accepted segment [121856:122880], variance=0.0365, QRS count=6
2025-10-08 17:30:52,507 [DEBUG] Accepted segment [122368:123392], variance=0.0401, QRS count=5
2025-10-08 17:30:52,527 [DEBUG] Accepted segment [122880:123904], variance=0.0464, QRS count=6
2025-10-08 17:30:52,544 [DEBUG] Accepted segment [123392:124416], variance=0.0520, QRS count=6
2025-10-08 17:30:52,561 [DEBUG] Accepted segment [123904:124928], variance=0.0439, QRS count=5
2025-10-08 17:30:52,576 [DEBUG] Accepted segment [124416:125440], variance=0.0354, QRS count=5
2025-10-08 17:30:52,590 [DEBUG] Accepted segment [124928:125952], variance=0.0386, QRS count=5
2025-10-08 17:30:52,603 [DEBUG] Accepted segment [125440:126464], variance=0.0365, QRS count=5
2025-10-08 17:30:52,618 [DEBUG] Accepted segment [125952:126976], variance=0.0365, QRS count=6
2025-10-08 17:30:52,631 [DEBUG] Accepted segment [126464:127488], variance=0.0327, QRS count=5
2025-10-08 17:30:52,645 [DEBUG] Accepted segment [126976:128000], variance=0.0325, QRS count=5
2025-10-08 17:30:52,645 [INFO] Segmented signal of length 128000 into 246 valid segments
2025-10-08 17:30:54,157 [DEBUG] Skipping segment [0:1024] due to overlap with noise [0:400]
2025-10-08 17:30:54,166 [DEBUG] Accepted segment [512:1536], variance=0.0713, QRS count=4
2025-10-08 17:30:54,174 [DEBUG] Accepted segment [1024:2048], variance=0.0615, QRS count=4
2025-10-08 17:30:54,175 [DEBUG] Skipping segment [1536:2560] due to overlap with noise [2400:3800]
2025-10-08 17:30:54,175 [DEBUG] Skipping segment [2048:3072] due to overlap with noise [2400:3800]
2025-10-08 17:30:54,175 [DEBUG] Skipping segment [2560:3584] due to overlap with noise [2400:3800]
2025-10-08 17:30:54,175 [DEBUG] Skipping segment [3072:4096] due to overlap with noise [2400:3800]
2025-10-08 17:30:54,175 [DEBUG] Skipping segment [3584:4608] due to overlap with noise [2400:3800]
2025-10-08 17:30:54,183 [DEBUG] Accepted segment [4096:5120], variance=0.0638, QRS count=4
2025-10-08 17:30:54,191 [DEBUG] Accepted segment [4608:5632], variance=0.0595, QRS count=4
2025-10-08 17:30:54,200 [DEBUG] Accepted segment [5120:6144], variance=0.0630, QRS count=5
2025-10-08 17:30:54,208 [DEBUG] Accepted segment [5632:6656], variance=0.0667, QRS count=4
2025-10-08 17:30:54,216 [DEBUG] Accepted segment [6144:7168], variance=0.0610, QRS count=4
2025-10-08 17:30:54,224 [DEBUG] Accepted segment [6656:7680], variance=0.0560, QRS count=4
2025-10-08 17:30:54,231 [DEBUG] Accepted segment [7168:8192], variance=0.0571, QRS count=4
2025-10-08 17:30:54,239 [DEBUG] Accepted segment [7680:8704], variance=0.0666, QRS count=4
2025-10-08 17:30:54,248 [DEBUG] Accepted segment [8192:9216], variance=0.0678, QRS count=4
2025-10-08 17:30:54,256 [DEBUG] Accepted segment [8704:9728], variance=0.0588, QRS count=4
2025-10-08 17:30:54,265 [DEBUG] Accepted segment [9216:10240], variance=0.0635, QRS count=5
2025-10-08 17:30:54,273 [DEBUG] Accepted segment [9728:10752], variance=0.0676, QRS count=4
2025-10-08 17:30:54,281 [DEBUG] Accepted segment [10240:11264], variance=0.0598, QRS count=4
2025-10-08 17:30:54,288 [DEBUG] Accepted segment [10752:11776], variance=0.0615, QRS count=4
2025-10-08 17:30:54,295 [DEBUG] Accepted segment [11264:12288], variance=0.0670, QRS count=5
2025-10-08 17:30:54,302 [DEBUG] Accepted segment [11776:12800], variance=0.0617, QRS count=4
2025-10-08 17:30:54,309 [DEBUG] Accepted segment [12288:13312], variance=0.0684, QRS count=5
2025-10-08 17:30:54,317 [DEBUG] Accepted segment [12800:13824], variance=0.0672, QRS count=4
2025-10-08 17:30:54,324 [DEBUG] Accepted segment [13312:14336], variance=0.0669, QRS count=5
2025-10-08 17:30:54,331 [DEBUG] Accepted segment [13824:14848], variance=0.0698, QRS count=4
2025-10-08 17:30:54,339 [DEBUG] Accepted segment [14336:15360], variance=0.0721, QRS count=5
2025-10-08 17:30:54,347 [DEBUG] Accepted segment [14848:15872], variance=0.0806, QRS count=5
2025-10-08 17:30:54,356 [DEBUG] Accepted segment [15360:16384], variance=0.0725, QRS count=6
2025-10-08 17:30:54,363 [DEBUG] Accepted segment [15872:16896], variance=0.0769, QRS count=5
2025-10-08 17:30:54,371 [DEBUG] Accepted segment [16384:17408], variance=0.0851, QRS count=5
2025-10-08 17:30:54,379 [DEBUG] Accepted segment [16896:17920], variance=0.0787, QRS count=6
2025-10-08 17:30:54,386 [DEBUG] Accepted segment [17408:18432], variance=0.0684, QRS count=5
2025-10-08 17:30:54,392 [DEBUG] Accepted segment [17920:18944], variance=0.0600, QRS count=4
2025-10-08 17:30:54,398 [DEBUG] Accepted segment [18432:19456], variance=0.0654, QRS count=5
2025-10-08 17:30:54,404 [DEBUG] Accepted segment [18944:19968], variance=0.0706, QRS count=4
2025-10-08 17:30:54,410 [DEBUG] Accepted segment [19456:20480], variance=0.0615, QRS count=4
2025-10-08 17:30:54,416 [DEBUG] Accepted segment [19968:20992], variance=0.0565, QRS count=4
2025-10-08 17:30:54,422 [DEBUG] Accepted segment [20480:21504], variance=0.0658, QRS count=5
2025-10-08 17:30:54,428 [DEBUG] Accepted segment [20992:22016], variance=0.0707, QRS count=4
2025-10-08 17:30:54,434 [DEBUG] Accepted segment [21504:22528], variance=0.0634, QRS count=4
2025-10-08 17:30:54,440 [DEBUG] Accepted segment [22016:23040], variance=0.0587, QRS count=4
2025-10-08 17:30:54,446 [DEBUG] Accepted segment [22528:23552], variance=0.0665, QRS count=5
2025-10-08 17:30:54,446 [DEBUG] Skipping segment [23040:24064] due to overlap with noise [24000:24800]
2025-10-08 17:30:54,446 [DEBUG] Skipping segment [23552:24576] due to overlap with noise [24000:24800]
2025-10-08 17:30:54,446 [DEBUG] Skipping segment [24064:25088] due to overlap with noise [24000:24800]
2025-10-08 17:30:54,446 [DEBUG] Skipping segment [24576:25600] due to overlap with noise [24000:24800]
2025-10-08 17:30:54,452 [DEBUG] Accepted segment [25088:26112], variance=0.0705, QRS count=6
2025-10-08 17:30:54,457 [DEBUG] Accepted segment [25600:26624], variance=0.0701, QRS count=5
2025-10-08 17:30:54,463 [DEBUG] Accepted segment [26112:27136], variance=0.0624, QRS count=5
2025-10-08 17:30:54,469 [DEBUG] Accepted segment [26624:27648], variance=0.0628, QRS count=6
2025-10-08 17:30:54,474 [DEBUG] Accepted segment [27136:28160], variance=0.0622, QRS count=5
2025-10-08 17:30:54,480 [DEBUG] Accepted segment [27648:28672], variance=0.0545, QRS count=5
2025-10-08 17:30:54,486 [DEBUG] Accepted segment [28160:29184], variance=0.0639, QRS count=5
2025-10-08 17:30:54,492 [DEBUG] Accepted segment [28672:29696], variance=0.0645, QRS count=4
2025-10-08 17:30:54,498 [DEBUG] Accepted segment [29184:30208], variance=0.0619, QRS count=5
2025-10-08 17:30:54,503 [DEBUG] Accepted segment [29696:30720], variance=0.0662, QRS count=5
2025-10-08 17:30:54,509 [DEBUG] Accepted segment [30208:31232], variance=0.0584, QRS count=4
2025-10-08 17:30:54,515 [DEBUG] Accepted segment [30720:31744], variance=0.0632, QRS count=5
2025-10-08 17:30:54,521 [DEBUG] Accepted segment [31232:32256], variance=0.0687, QRS count=4
2025-10-08 17:30:54,527 [DEBUG] Accepted segment [31744:32768], variance=0.0606, QRS count=4
2025-10-08 17:30:54,532 [DEBUG] Accepted segment [32256:33280], variance=0.0556, QRS count=5
2025-10-08 17:30:54,538 [DEBUG] Accepted segment [32768:33792], variance=0.0653, QRS count=5
2025-10-08 17:30:54,543 [DEBUG] Accepted segment [33280:34304], variance=0.0680, QRS count=4
2025-10-08 17:30:54,548 [DEBUG] Accepted segment [33792:34816], variance=0.0583, QRS count=4
2025-10-08 17:30:54,554 [DEBUG] Accepted segment [34304:35328], variance=0.0639, QRS count=5
2025-10-08 17:30:54,560 [DEBUG] Accepted segment [34816:35840], variance=0.0667, QRS count=4
2025-10-08 17:30:54,566 [DEBUG] Accepted segment [35328:36352], variance=0.0591, QRS count=5
2025-10-08 17:30:54,571 [DEBUG] Accepted segment [35840:36864], variance=0.0674, QRS count=5
2025-10-08 17:30:54,577 [DEBUG] Accepted segment [36352:37376], variance=0.0672, QRS count=4
2025-10-08 17:30:54,583 [DEBUG] Accepted segment [36864:37888], variance=0.0557, QRS count=4
2025-10-08 17:30:54,588 [DEBUG] Accepted segment [37376:38400], variance=0.0645, QRS count=4
2025-10-08 17:30:54,594 [DEBUG] Accepted segment [37888:38912], variance=0.0696, QRS count=4
2025-10-08 17:30:54,600 [DEBUG] Accepted segment [38400:39424], variance=0.0600, QRS count=4
2025-10-08 17:30:54,605 [DEBUG] Accepted segment [38912:39936], variance=0.0560, QRS count=4
2025-10-08 17:30:54,611 [DEBUG] Accepted segment [39424:40448], variance=0.0664, QRS count=5
2025-10-08 17:30:54,616 [DEBUG] Accepted segment [39936:40960], variance=0.0676, QRS count=4
2025-10-08 17:30:54,622 [DEBUG] Accepted segment [40448:41472], variance=0.0587, QRS count=4
2025-10-08 17:30:54,627 [DEBUG] Accepted segment [40960:41984], variance=0.0638, QRS count=5
2025-10-08 17:30:54,632 [DEBUG] Accepted segment [41472:42496], variance=0.0685, QRS count=4
2025-10-08 17:30:54,637 [DEBUG] Accepted segment [41984:43008], variance=0.0633, QRS count=4
2025-10-08 17:30:54,642 [DEBUG] Accepted segment [42496:43520], variance=0.0641, QRS count=5
2025-10-08 17:30:54,647 [DEBUG] Accepted segment [43008:44032], variance=0.0666, QRS count=5
2025-10-08 17:30:54,652 [DEBUG] Accepted segment [43520:44544], variance=0.0613, QRS count=4
2025-10-08 17:30:54,657 [DEBUG] Accepted segment [44032:45056], variance=0.0696, QRS count=5
2025-10-08 17:30:54,662 [DEBUG] Accepted segment [44544:45568], variance=0.0793, QRS count=5
2025-10-08 17:30:54,667 [DEBUG] Accepted segment [45056:46080], variance=0.0745, QRS count=5
2025-10-08 17:30:54,672 [DEBUG] Accepted segment [45568:46592], variance=0.0689, QRS count=5
2025-10-08 17:30:54,677 [DEBUG] Accepted segment [46080:47104], variance=0.0612, QRS count=5
2025-10-08 17:30:54,682 [DEBUG] Accepted segment [46592:47616], variance=0.0675, QRS count=5
2025-10-08 17:30:54,687 [DEBUG] Accepted segment [47104:48128], variance=0.0667, QRS count=4
2025-10-08 17:30:54,692 [DEBUG] Accepted segment [47616:48640], variance=0.0650, QRS count=5
2025-10-08 17:30:54,697 [DEBUG] Accepted segment [48128:49152], variance=0.0693, QRS count=4
2025-10-08 17:30:54,702 [DEBUG] Accepted segment [48640:49664], variance=0.0693, QRS count=5
2025-10-08 17:30:54,706 [DEBUG] Accepted segment [49152:50176], variance=0.0686, QRS count=5
2025-10-08 17:30:54,711 [DEBUG] Accepted segment [49664:50688], variance=0.0699, QRS count=5
2025-10-08 17:30:54,715 [DEBUG] Accepted segment [50176:51200], variance=0.0716, QRS count=6
2025-10-08 17:30:54,720 [DEBUG] Accepted segment [50688:51712], variance=0.0602, QRS count=5
2025-10-08 17:30:54,724 [DEBUG] Accepted segment [51200:52224], variance=0.0649, QRS count=5
2025-10-08 17:30:54,729 [DEBUG] Accepted segment [51712:52736], variance=0.0633, QRS count=4
2025-10-08 17:30:54,733 [DEBUG] Accepted segment [52224:53248], variance=0.0603, QRS count=5
2025-10-08 17:30:54,738 [DEBUG] Accepted segment [52736:53760], variance=0.0668, QRS count=5
2025-10-08 17:30:54,743 [DEBUG] Accepted segment [53248:54272], variance=0.0604, QRS count=5
2025-10-08 17:30:54,748 [DEBUG] Accepted segment [53760:54784], variance=0.0667, QRS count=5
2025-10-08 17:30:54,753 [DEBUG] Accepted segment [54272:55296], variance=0.0659, QRS count=4
2025-10-08 17:30:54,759 [DEBUG] Accepted segment [54784:55808], variance=0.0629, QRS count=5
2025-10-08 17:30:54,764 [DEBUG] Accepted segment [55296:56320], variance=0.0680, QRS count=5
2025-10-08 17:30:54,768 [DEBUG] Accepted segment [55808:56832], variance=0.0606, QRS count=4
2025-10-08 17:30:54,773 [DEBUG] Accepted segment [56320:57344], variance=0.0672, QRS count=5
2025-10-08 17:30:54,778 [DEBUG] Accepted segment [56832:57856], variance=0.0676, QRS count=4
2025-10-08 17:30:54,783 [DEBUG] Accepted segment [57344:58368], variance=0.0666, QRS count=5
2025-10-08 17:30:54,787 [DEBUG] Accepted segment [57856:58880], variance=0.0669, QRS count=4
2025-10-08 17:30:54,792 [DEBUG] Accepted segment [58368:59392], variance=0.0631, QRS count=5
2025-10-08 17:30:54,797 [DEBUG] Accepted segment [58880:59904], variance=0.0658, QRS count=4
2025-10-08 17:30:54,801 [DEBUG] Accepted segment [59392:60416], variance=0.0663, QRS count=5
2025-10-08 17:30:54,806 [DEBUG] Accepted segment [59904:60928], variance=0.0609, QRS count=5
2025-10-08 17:30:54,810 [DEBUG] Accepted segment [60416:61440], variance=0.0636, QRS count=5
2025-10-08 17:30:54,814 [DEBUG] Accepted segment [60928:61952], variance=0.0645, QRS count=4
2025-10-08 17:30:54,819 [DEBUG] Accepted segment [61440:62464], variance=0.0635, QRS count=5
2025-10-08 17:30:54,823 [DEBUG] Accepted segment [61952:62976], variance=0.0681, QRS count=5
2025-10-08 17:30:54,828 [DEBUG] Accepted segment [62464:63488], variance=0.0672, QRS count=5
2025-10-08 17:30:54,833 [DEBUG] Accepted segment [62976:64000], variance=0.0674, QRS count=5
2025-10-08 17:30:54,837 [DEBUG] Accepted segment [63488:64512], variance=0.0614, QRS count=4
2025-10-08 17:30:54,841 [DEBUG] Accepted segment [64000:65024], variance=0.0665, QRS count=4
2025-10-08 17:30:54,846 [DEBUG] Accepted segment [64512:65536], variance=0.0698, QRS count=4
2025-10-08 17:30:54,850 [DEBUG] Accepted segment [65024:66048], variance=0.0600, QRS count=4
2025-10-08 17:30:54,855 [DEBUG] Accepted segment [65536:66560], variance=0.0562, QRS count=4
2025-10-08 17:30:54,859 [DEBUG] Accepted segment [66048:67072], variance=0.0646, QRS count=5
2025-10-08 17:30:54,863 [DEBUG] Accepted segment [66560:67584], variance=0.0682, QRS count=4
2025-10-08 17:30:54,868 [DEBUG] Accepted segment [67072:68096], variance=0.0609, QRS count=4
2025-10-08 17:30:54,872 [DEBUG] Accepted segment [67584:68608], variance=0.0569, QRS count=4
2025-10-08 17:30:54,877 [DEBUG] Accepted segment [68096:69120], variance=0.0652, QRS count=5
2025-10-08 17:30:54,881 [DEBUG] Accepted segment [68608:69632], variance=0.0696, QRS count=4
2025-10-08 17:30:54,886 [DEBUG] Accepted segment [69120:70144], variance=0.0609, QRS count=4
2025-10-08 17:30:54,890 [DEBUG] Accepted segment [69632:70656], variance=0.0629, QRS count=5
2025-10-08 17:30:54,894 [DEBUG] Accepted segment [70144:71168], variance=0.0675, QRS count=4
2025-10-08 17:30:54,898 [DEBUG] Accepted segment [70656:71680], variance=0.0603, QRS count=4
2025-10-08 17:30:54,902 [DEBUG] Accepted segment [71168:72192], variance=0.0674, QRS count=5
2025-10-08 17:30:54,906 [DEBUG] Accepted segment [71680:72704], variance=0.0668, QRS count=4
2025-10-08 17:30:54,910 [DEBUG] Accepted segment [72192:73216], variance=0.0556, QRS count=4
2025-10-08 17:30:54,914 [DEBUG] Accepted segment [72704:73728], variance=0.0672, QRS count=5
2025-10-08 17:30:54,919 [DEBUG] Accepted segment [73216:74240], variance=0.0669, QRS count=4
2025-10-08 17:30:54,923 [DEBUG] Accepted segment [73728:74752], variance=0.0551, QRS count=5
2025-10-08 17:30:54,928 [DEBUG] Accepted segment [74240:75264], variance=0.0668, QRS count=5
2025-10-08 17:30:54,932 [DEBUG] Accepted segment [74752:75776], variance=0.0669, QRS count=4
2025-10-08 17:30:54,937 [DEBUG] Accepted segment [75264:76288], variance=0.0631, QRS count=4
2025-10-08 17:30:54,941 [DEBUG] Accepted segment [75776:76800], variance=0.0682, QRS count=5
2025-10-08 17:30:54,946 [DEBUG] Accepted segment [76288:77312], variance=0.0602, QRS count=4
2025-10-08 17:30:54,950 [DEBUG] Accepted segment [76800:77824], variance=0.0663, QRS count=5
2025-10-08 17:30:54,955 [DEBUG] Accepted segment [77312:78336], variance=0.0746, QRS count=5
2025-10-08 17:30:54,959 [DEBUG] Accepted segment [77824:78848], variance=0.0747, QRS count=5
2025-10-08 17:30:54,964 [DEBUG] Accepted segment [78336:79360], variance=0.0700, QRS count=5
2025-10-08 17:30:54,968 [DEBUG] Accepted segment [78848:79872], variance=0.0689, QRS count=5
2025-10-08 17:30:54,973 [DEBUG] Accepted segment [79360:80384], variance=0.0664, QRS count=4
2025-10-08 17:30:54,977 [DEBUG] Accepted segment [79872:80896], variance=0.0676, QRS count=5
2025-10-08 17:30:54,981 [DEBUG] Accepted segment [80384:81408], variance=0.0665, QRS count=4
2025-10-08 17:30:54,985 [DEBUG] Accepted segment [80896:81920], variance=0.0647, QRS count=5
2025-10-08 17:30:54,989 [DEBUG] Accepted segment [81408:82432], variance=0.0655, QRS count=4
2025-10-08 17:30:54,993 [DEBUG] Accepted segment [81920:82944], variance=0.0642, QRS count=5
2025-10-08 17:30:54,997 [DEBUG] Accepted segment [82432:83456], variance=0.0676, QRS count=5
2025-10-08 17:30:55,002 [DEBUG] Accepted segment [82944:83968], variance=0.0592, QRS count=4
2025-10-08 17:30:55,006 [DEBUG] Accepted segment [83456:84480], variance=0.0647, QRS count=5
2025-10-08 17:30:55,010 [DEBUG] Accepted segment [83968:84992], variance=0.0657, QRS count=4
2025-10-08 17:30:55,014 [DEBUG] Accepted segment [84480:85504], variance=0.0633, QRS count=5
2025-10-08 17:30:55,019 [DEBUG] Accepted segment [84992:86016], variance=0.0668, QRS count=5
2025-10-08 17:30:55,023 [DEBUG] Accepted segment [85504:86528], variance=0.0680, QRS count=5
2025-10-08 17:30:55,027 [DEBUG] Accepted segment [86016:87040], variance=0.0652, QRS count=4
2025-10-08 17:30:55,031 [DEBUG] Accepted segment [86528:87552], variance=0.0649, QRS count=5
2025-10-08 17:30:55,035 [DEBUG] Accepted segment [87040:88064], variance=0.0665, QRS count=4
2025-10-08 17:30:55,040 [DEBUG] Accepted segment [87552:88576], variance=0.0640, QRS count=5
2025-10-08 17:30:55,044 [DEBUG] Accepted segment [88064:89088], variance=0.0637, QRS count=5
2025-10-08 17:30:55,048 [DEBUG] Accepted segment [88576:89600], variance=0.0630, QRS count=4
2025-10-08 17:30:55,052 [DEBUG] Accepted segment [89088:90112], variance=0.0606, QRS count=5
2025-10-08 17:30:55,056 [DEBUG] Accepted segment [89600:90624], variance=0.0560, QRS count=4
2025-10-08 17:30:55,061 [DEBUG] Accepted segment [90112:91136], variance=0.0542, QRS count=4
2025-10-08 17:30:55,065 [DEBUG] Accepted segment [90624:91648], variance=0.0615, QRS count=5
2025-10-08 17:30:55,069 [DEBUG] Accepted segment [91136:92160], variance=0.0635, QRS count=4
2025-10-08 17:30:55,073 [DEBUG] Accepted segment [91648:92672], variance=0.0539, QRS count=5
2025-10-08 17:30:55,077 [DEBUG] Accepted segment [92160:93184], variance=0.0651, QRS count=5
2025-10-08 17:30:55,081 [DEBUG] Accepted segment [92672:93696], variance=0.0663, QRS count=4
2025-10-08 17:30:55,085 [DEBUG] Accepted segment [93184:94208], variance=0.0542, QRS count=4
2025-10-08 17:30:55,089 [DEBUG] Accepted segment [93696:94720], variance=0.0644, QRS count=5
2025-10-08 17:30:55,093 [DEBUG] Accepted segment [94208:95232], variance=0.0639, QRS count=4
2025-10-08 17:30:55,097 [DEBUG] Accepted segment [94720:95744], variance=0.0533, QRS count=4
2025-10-08 17:30:55,101 [DEBUG] Accepted segment [95232:96256], variance=0.0611, QRS count=5
2025-10-08 17:30:55,105 [DEBUG] Accepted segment [95744:96768], variance=0.0647, QRS count=4
2025-10-08 17:30:55,108 [DEBUG] Accepted segment [96256:97280], variance=0.0575, QRS count=5
2025-10-08 17:30:55,112 [DEBUG] Accepted segment [96768:97792], variance=0.0637, QRS count=5
2025-10-08 17:30:55,112 [DEBUG] Skipping segment [97280:98304] due to overlap with noise [98200:101600]
2025-10-08 17:30:55,112 [DEBUG] Skipping segment [97792:98816] due to overlap with noise [98200:101600]
2025-10-08 17:30:55,113 [DEBUG] Skipping segment [98304:99328] due to overlap with noise [98200:101600]
2025-10-08 17:30:55,113 [DEBUG] Skipping segment [98816:99840] due to overlap with noise [98200:101600]
2025-10-08 17:30:55,113 [DEBUG] Skipping segment [99328:100352] due to overlap with noise [98200:101600]
2025-10-08 17:30:55,113 [DEBUG] Skipping segment [99840:100864] due to overlap with noise [98200:101600]
2025-10-08 17:30:55,113 [DEBUG] Skipping segment [100352:101376] due to overlap with noise [98200:101600]
2025-10-08 17:30:55,113 [DEBUG] Skipping segment [100864:101888] due to overlap with noise [98200:101600]
2025-10-08 17:30:55,113 [DEBUG] Skipping segment [101376:102400] due to overlap with noise [98200:101600]
2025-10-08 17:30:55,117 [DEBUG] Accepted segment [101888:102912], variance=0.0620, QRS count=5
2025-10-08 17:30:55,120 [DEBUG] Accepted segment [102400:103424], variance=0.0601, QRS count=5
2025-10-08 17:30:55,124 [DEBUG] Accepted segment [102912:103936], variance=0.0623, QRS count=4
2025-10-08 17:30:55,128 [DEBUG] Accepted segment [103424:104448], variance=0.0644, QRS count=5
2025-10-08 17:30:55,132 [DEBUG] Accepted segment [103936:104960], variance=0.0658, QRS count=5
2025-10-08 17:30:55,136 [DEBUG] Accepted segment [104448:105472], variance=0.0645, QRS count=5
2025-10-08 17:30:55,141 [DEBUG] Accepted segment [104960:105984], variance=0.0644, QRS count=5
2025-10-08 17:30:55,145 [DEBUG] Accepted segment [105472:106496], variance=0.0673, QRS count=5
2025-10-08 17:30:55,149 [DEBUG] Accepted segment [105984:107008], variance=0.0652, QRS count=5
2025-10-08 17:30:55,153 [DEBUG] Accepted segment [106496:107520], variance=0.0622, QRS count=5
2025-10-08 17:30:55,157 [DEBUG] Accepted segment [107008:108032], variance=0.0632, QRS count=4
2025-10-08 17:30:55,161 [DEBUG] Accepted segment [107520:108544], variance=0.0575, QRS count=4
2025-10-08 17:30:55,165 [DEBUG] Accepted segment [108032:109056], variance=0.0623, QRS count=5
2025-10-08 17:30:55,169 [DEBUG] Accepted segment [108544:109568], variance=0.0661, QRS count=4
2025-10-08 17:30:55,169 [DEBUG] Skipping segment [109056:110080] due to overlap with noise [110000:110800]
2025-10-08 17:30:55,169 [DEBUG] Skipping segment [109568:110592] due to overlap with noise [110000:110800]
2025-10-08 17:30:55,169 [DEBUG] Skipping segment [110080:111104] due to overlap with noise [110000:110800]
2025-10-08 17:30:55,169 [DEBUG] Skipping segment [110592:111616] due to overlap with noise [110000:110800]
2025-10-08 17:30:55,173 [DEBUG] Accepted segment [111104:112128], variance=0.0659, QRS count=5
2025-10-08 17:30:55,176 [DEBUG] Accepted segment [111616:112640], variance=0.0660, QRS count=4
2025-10-08 17:30:55,180 [DEBUG] Accepted segment [112128:113152], variance=0.0650, QRS count=5
2025-10-08 17:30:55,184 [DEBUG] Accepted segment [112640:113664], variance=0.0650, QRS count=4
2025-10-08 17:30:55,187 [DEBUG] Accepted segment [113152:114176], variance=0.0616, QRS count=5
2025-10-08 17:30:55,191 [DEBUG] Accepted segment [113664:114688], variance=0.0663, QRS count=4
2025-10-08 17:30:55,195 [DEBUG] Accepted segment [114176:115200], variance=0.0597, QRS count=4
2025-10-08 17:30:55,198 [DEBUG] Accepted segment [114688:115712], variance=0.0616, QRS count=5
2025-10-08 17:30:55,202 [DEBUG] Accepted segment [115200:116224], variance=0.0643, QRS count=4
2025-10-08 17:30:55,206 [DEBUG] Accepted segment [115712:116736], variance=0.0654, QRS count=5
2025-10-08 17:30:55,210 [DEBUG] Accepted segment [116224:117248], variance=0.0645, QRS count=5
2025-10-08 17:30:55,213 [DEBUG] Accepted segment [116736:117760], variance=0.0676, QRS count=5
2025-10-08 17:30:55,214 [DEBUG] Skipping segment [117248:118272] due to overlap with noise [118000:119600]
2025-10-08 17:30:55,214 [DEBUG] Skipping segment [117760:118784] due to overlap with noise [118000:119600]
2025-10-08 17:30:55,214 [DEBUG] Skipping segment [118272:119296] due to overlap with noise [118000:119600]
2025-10-08 17:30:55,214 [DEBUG] Skipping segment [118784:119808] due to overlap with noise [118000:119600]
2025-10-08 17:30:55,214 [DEBUG] Skipping segment [119296:120320] due to overlap with noise [118000:119600]
2025-10-08 17:30:55,217 [DEBUG] Accepted segment [119808:120832], variance=0.0673, QRS count=5
2025-10-08 17:30:55,222 [DEBUG] Accepted segment [120320:121344], variance=0.0726, QRS count=5
2025-10-08 17:30:55,226 [DEBUG] Accepted segment [120832:121856], variance=0.0690, QRS count=6
2025-10-08 17:30:55,229 [DEBUG] Accepted segment [121344:122368], variance=0.0672, QRS count=6
2025-10-08 17:30:55,233 [DEBUG] Accepted segment [121856:122880], variance=0.0585, QRS count=5
2025-10-08 17:30:55,237 [DEBUG] Accepted segment [122368:123392], variance=0.0596, QRS count=5
2025-10-08 17:30:55,241 [DEBUG] Accepted segment [122880:123904], variance=0.0629, QRS count=4
2025-10-08 17:30:55,245 [DEBUG] Accepted segment [123392:124416], variance=0.0610, QRS count=5
2025-10-08 17:30:55,249 [DEBUG] Accepted segment [123904:124928], variance=0.0617, QRS count=4
2025-10-08 17:30:55,253 [DEBUG] Accepted segment [124416:125440], variance=0.0623, QRS count=5
2025-10-08 17:30:55,257 [DEBUG] Accepted segment [124928:125952], variance=0.0606, QRS count=4
2025-10-08 17:30:55,260 [DEBUG] Accepted segment [125440:126464], variance=0.0610, QRS count=5
2025-10-08 17:30:55,264 [DEBUG] Accepted segment [125952:126976], variance=0.0601, QRS count=4
2025-10-08 17:30:55,268 [DEBUG] Accepted segment [126464:127488], variance=0.0592, QRS count=5
2025-10-08 17:30:55,268 [INFO] Segmented signal of length 127999 into 220 valid segments
2025-10-08 17:30:56,446 [INFO] Epoch 5 - Loss: 0.0213, MAE: 0.1048, Val Loss: 0.4038, Val MAE: 0.3322
2025-10-08 17:30:57,218 [DEBUG] Accepted segment [0:1024], variance=0.0402, QRS count=6
2025-10-08 17:30:57,232 [DEBUG] Accepted segment [512:1536], variance=0.0419, QRS count=6
2025-10-08 17:30:57,244 [DEBUG] Accepted segment [1024:2048], variance=0.0415, QRS count=6
2025-10-08 17:30:57,253 [DEBUG] Accepted segment [1536:2560], variance=0.0390, QRS count=6
2025-10-08 17:30:57,266 [DEBUG] Accepted segment [2048:3072], variance=0.0377, QRS count=6
2025-10-08 17:30:57,279 [DEBUG] Accepted segment [2560:3584], variance=0.0409, QRS count=6
2025-10-08 17:30:57,293 [DEBUG] Accepted segment [3072:4096], variance=0.0414, QRS count=5
2025-10-08 17:30:57,311 [DEBUG] Accepted segment [3584:4608], variance=0.0384, QRS count=5
2025-10-08 17:30:57,329 [DEBUG] Accepted segment [4096:5120], variance=0.0392, QRS count=5
2025-10-08 17:30:57,345 [DEBUG] Accepted segment [4608:5632], variance=0.0402, QRS count=5
2025-10-08 17:30:57,360 [DEBUG] Accepted segment [5120:6144], variance=0.0394, QRS count=5
2025-10-08 17:30:57,377 [DEBUG] Accepted segment [5632:6656], variance=0.0395, QRS count=5
2025-10-08 17:30:57,393 [DEBUG] Accepted segment [6144:7168], variance=0.0415, QRS count=5
2025-10-08 17:30:57,409 [DEBUG] Accepted segment [6656:7680], variance=0.0433, QRS count=5
2025-10-08 17:30:57,424 [DEBUG] Accepted segment [7168:8192], variance=0.0412, QRS count=5
2025-10-08 17:30:57,440 [DEBUG] Accepted segment [7680:8704], variance=0.0387, QRS count=6
2025-10-08 17:30:57,455 [DEBUG] Accepted segment [8192:9216], variance=0.0424, QRS count=6
2025-10-08 17:30:57,472 [DEBUG] Accepted segment [8704:9728], variance=0.0459, QRS count=6
2025-10-08 17:30:57,487 [DEBUG] Accepted segment [9216:10240], variance=0.0427, QRS count=5
2025-10-08 17:30:57,507 [DEBUG] Accepted segment [9728:10752], variance=0.0465, QRS count=5
2025-10-08 17:30:57,530 [DEBUG] Accepted segment [10240:11264], variance=0.0452, QRS count=6
2025-10-08 17:30:57,548 [DEBUG] Accepted segment [10752:11776], variance=0.0496, QRS count=6
2025-10-08 17:30:57,558 [DEBUG] Accepted segment [11264:12288], variance=0.0525, QRS count=6
2025-10-08 17:30:57,571 [DEBUG] Accepted segment [11776:12800], variance=0.0397, QRS count=6
2025-10-08 17:30:57,591 [DEBUG] Accepted segment [12288:13312], variance=0.0377, QRS count=6
2025-10-08 17:30:57,610 [DEBUG] Accepted segment [12800:13824], variance=0.0388, QRS count=6
2025-10-08 17:30:57,634 [DEBUG] Accepted segment [13312:14336], variance=0.0378, QRS count=6
2025-10-08 17:30:57,656 [DEBUG] Accepted segment [13824:14848], variance=0.0385, QRS count=6
2025-10-08 17:30:57,678 [DEBUG] Accepted segment [14336:15360], variance=0.0398, QRS count=6
2025-10-08 17:30:57,698 [DEBUG] Accepted segment [14848:15872], variance=0.0393, QRS count=5
2025-10-08 17:30:57,720 [DEBUG] Accepted segment [15360:16384], variance=0.0346, QRS count=6
2025-10-08 17:30:57,734 [DEBUG] Accepted segment [15872:16896], variance=0.0356, QRS count=5
2025-10-08 17:30:57,752 [DEBUG] Accepted segment [16384:17408], variance=0.0412, QRS count=5
2025-10-08 17:30:57,772 [DEBUG] Accepted segment [16896:17920], variance=0.0429, QRS count=5
2025-10-08 17:30:57,794 [DEBUG] Accepted segment [17408:18432], variance=0.0438, QRS count=5
2025-10-08 17:30:57,813 [DEBUG] Accepted segment [17920:18944], variance=0.0445, QRS count=5
2025-10-08 17:30:57,837 [DEBUG] Accepted segment [18432:19456], variance=0.0446, QRS count=5
2025-10-08 17:30:57,859 [DEBUG] Accepted segment [18944:19968], variance=0.0441, QRS count=5
2025-10-08 17:30:57,884 [DEBUG] Accepted segment [19456:20480], variance=0.0441, QRS count=5
2025-10-08 17:30:57,907 [DEBUG] Accepted segment [19968:20992], variance=0.0429, QRS count=5
2025-10-08 17:30:57,928 [DEBUG] Accepted segment [20480:21504], variance=0.0406, QRS count=5
2025-10-08 17:30:57,949 [DEBUG] Accepted segment [20992:22016], variance=0.0402, QRS count=5
2025-10-08 17:30:57,973 [DEBUG] Accepted segment [21504:22528], variance=0.0406, QRS count=5
2025-10-08 17:30:57,993 [DEBUG] Accepted segment [22016:23040], variance=0.0405, QRS count=5
2025-10-08 17:30:58,017 [DEBUG] Accepted segment [22528:23552], variance=0.0406, QRS count=5
2025-10-08 17:30:58,038 [DEBUG] Accepted segment [23040:24064], variance=0.0412, QRS count=5
2025-10-08 17:30:58,069 [DEBUG] Accepted segment [23552:24576], variance=0.0423, QRS count=5
2025-10-08 17:30:58,093 [DEBUG] Accepted segment [24064:25088], variance=0.0420, QRS count=6
2025-10-08 17:30:58,110 [DEBUG] Accepted segment [24576:25600], variance=0.0412, QRS count=6
2025-10-08 17:30:58,127 [DEBUG] Accepted segment [25088:26112], variance=0.0412, QRS count=6
2025-10-08 17:30:58,142 [DEBUG] Accepted segment [25600:26624], variance=0.0407, QRS count=6
2025-10-08 17:30:58,158 [DEBUG] Accepted segment [26112:27136], variance=0.0394, QRS count=6
2025-10-08 17:30:58,174 [DEBUG] Accepted segment [26624:27648], variance=0.0471, QRS count=6
2025-10-08 17:30:58,190 [DEBUG] Accepted segment [27136:28160], variance=0.0493, QRS count=6
2025-10-08 17:30:58,205 [DEBUG] Accepted segment [27648:28672], variance=0.0420, QRS count=6
2025-10-08 17:30:58,223 [DEBUG] Accepted segment [28160:29184], variance=0.0394, QRS count=5
2025-10-08 17:30:58,238 [DEBUG] Accepted segment [28672:29696], variance=0.0345, QRS count=5
2025-10-08 17:30:58,257 [DEBUG] Accepted segment [29184:30208], variance=0.0353, QRS count=5
2025-10-08 17:30:58,273 [DEBUG] Accepted segment [29696:30720], variance=0.0395, QRS count=5
2025-10-08 17:30:58,287 [DEBUG] Accepted segment [30208:31232], variance=0.0400, QRS count=5
2025-10-08 17:30:58,304 [DEBUG] Accepted segment [30720:31744], variance=0.0419, QRS count=5
2025-10-08 17:30:58,322 [DEBUG] Accepted segment [31232:32256], variance=0.0425, QRS count=5
2025-10-08 17:30:58,337 [DEBUG] Accepted segment [31744:32768], variance=0.0409, QRS count=5
2025-10-08 17:30:58,352 [DEBUG] Accepted segment [32256:33280], variance=0.0398, QRS count=5
2025-10-08 17:30:58,368 [DEBUG] Accepted segment [32768:33792], variance=0.0410, QRS count=5
2025-10-08 17:30:58,383 [DEBUG] Accepted segment [33280:34304], variance=0.0416, QRS count=5
2025-10-08 17:30:58,397 [DEBUG] Accepted segment [33792:34816], variance=0.0405, QRS count=5
2025-10-08 17:30:58,418 [DEBUG] Accepted segment [34304:35328], variance=0.0395, QRS count=6
2025-10-08 17:30:58,442 [DEBUG] Accepted segment [34816:35840], variance=0.0397, QRS count=6
2025-10-08 17:30:58,462 [DEBUG] Accepted segment [35328:36352], variance=0.0419, QRS count=6
2025-10-08 17:30:58,481 [DEBUG] Accepted segment [35840:36864], variance=0.0427, QRS count=6
2025-10-08 17:30:58,505 [DEBUG] Accepted segment [36352:37376], variance=0.0419, QRS count=6
2025-10-08 17:30:58,526 [DEBUG] Accepted segment [36864:37888], variance=0.0411, QRS count=6
2025-10-08 17:30:58,548 [DEBUG] Accepted segment [37376:38400], variance=0.0402, QRS count=5
2025-10-08 17:30:58,568 [DEBUG] Accepted segment [37888:38912], variance=0.0358, QRS count=6
2025-10-08 17:30:58,589 [DEBUG] Accepted segment [38400:39424], variance=0.0363, QRS count=5
2025-10-08 17:30:58,613 [DEBUG] Accepted segment [38912:39936], variance=0.0418, QRS count=5
2025-10-08 17:30:58,630 [DEBUG] Accepted segment [39424:40448], variance=0.0436, QRS count=5
2025-10-08 17:30:58,650 [DEBUG] Accepted segment [39936:40960], variance=0.0433, QRS count=5
2025-10-08 17:30:58,680 [DEBUG] Accepted segment [40448:41472], variance=0.0420, QRS count=5
2025-10-08 17:30:58,711 [DEBUG] Accepted segment [40960:41984], variance=0.0409, QRS count=5
2025-10-08 17:30:58,747 [DEBUG] Accepted segment [41472:42496], variance=0.0399, QRS count=6
2025-10-08 17:30:58,765 [DEBUG] Accepted segment [41984:43008], variance=0.0410, QRS count=6
2025-10-08 17:30:58,791 [DEBUG] Accepted segment [42496:43520], variance=0.0423, QRS count=6
2025-10-08 17:30:58,817 [DEBUG] Accepted segment [43008:44032], variance=0.0413, QRS count=6
2025-10-08 17:30:58,846 [DEBUG] Accepted segment [43520:44544], variance=0.0393, QRS count=6
2025-10-08 17:30:58,874 [DEBUG] Accepted segment [44032:45056], variance=0.0401, QRS count=6
2025-10-08 17:30:58,905 [DEBUG] Accepted segment [44544:45568], variance=0.0421, QRS count=6
2025-10-08 17:30:58,933 [DEBUG] Accepted segment [45056:46080], variance=0.0420, QRS count=6
2025-10-08 17:30:58,958 [DEBUG] Accepted segment [45568:46592], variance=0.0406, QRS count=6
2025-10-08 17:30:58,994 [DEBUG] Accepted segment [46080:47104], variance=0.0402, QRS count=6
2025-10-08 17:30:59,025 [DEBUG] Accepted segment [46592:47616], variance=0.0409, QRS count=6
2025-10-08 17:30:59,046 [DEBUG] Accepted segment [47104:48128], variance=0.0409, QRS count=6
2025-10-08 17:30:59,067 [DEBUG] Accepted segment [47616:48640], variance=0.0406, QRS count=6
2025-10-08 17:30:59,091 [DEBUG] Accepted segment [48128:49152], variance=0.0408, QRS count=5
2025-10-08 17:30:59,113 [DEBUG] Accepted segment [48640:49664], variance=0.0422, QRS count=5
2025-10-08 17:30:59,130 [DEBUG] Accepted segment [49152:50176], variance=0.0407, QRS count=5
2025-10-08 17:30:59,150 [DEBUG] Accepted segment [49664:50688], variance=0.0342, QRS count=6
2025-10-08 17:30:59,170 [DEBUG] Accepted segment [50176:51200], variance=0.0361, QRS count=5
2025-10-08 17:30:59,191 [DEBUG] Accepted segment [50688:51712], variance=0.0422, QRS count=5
2025-10-08 17:30:59,210 [DEBUG] Accepted segment [51200:52224], variance=0.0421, QRS count=5
2025-10-08 17:30:59,230 [DEBUG] Accepted segment [51712:52736], variance=0.0413, QRS count=5
2025-10-08 17:30:59,248 [DEBUG] Accepted segment [52224:53248], variance=0.0424, QRS count=5
2025-10-08 17:30:59,269 [DEBUG] Accepted segment [52736:53760], variance=0.0428, QRS count=5
2025-10-08 17:30:59,287 [DEBUG] Accepted segment [53248:54272], variance=0.0407, QRS count=6
2025-10-08 17:30:59,307 [DEBUG] Accepted segment [53760:54784], variance=0.0401, QRS count=6
2025-10-08 17:30:59,326 [DEBUG] Accepted segment [54272:55296], variance=0.0403, QRS count=6
2025-10-08 17:30:59,344 [DEBUG] Accepted segment [54784:55808], variance=0.0409, QRS count=6
2025-10-08 17:30:59,360 [DEBUG] Accepted segment [55296:56320], variance=0.0409, QRS count=5
2025-10-08 17:30:59,376 [DEBUG] Accepted segment [55808:56832], variance=0.0340, QRS count=6
2025-10-08 17:30:59,397 [DEBUG] Accepted segment [56320:57344], variance=0.0343, QRS count=6
2025-10-08 17:30:59,418 [DEBUG] Accepted segment [56832:57856], variance=0.0403, QRS count=5
2025-10-08 17:30:59,447 [DEBUG] Accepted segment [57344:58368], variance=0.0385, QRS count=5
2025-10-08 17:30:59,465 [DEBUG] Accepted segment [57856:58880], variance=0.0381, QRS count=5
2025-10-08 17:30:59,495 [DEBUG] Accepted segment [58368:59392], variance=0.0402, QRS count=5
2025-10-08 17:30:59,512 [DEBUG] Accepted segment [58880:59904], variance=0.0411, QRS count=5
2025-10-08 17:30:59,524 [DEBUG] Accepted segment [59392:60416], variance=0.0399, QRS count=5
2025-10-08 17:30:59,541 [DEBUG] Accepted segment [59904:60928], variance=0.0400, QRS count=6
2025-10-08 17:30:59,566 [DEBUG] Accepted segment [60416:61440], variance=0.0408, QRS count=6
2025-10-08 17:30:59,596 [DEBUG] Accepted segment [60928:61952], variance=0.0404, QRS count=6
2025-10-08 17:30:59,618 [DEBUG] Accepted segment [61440:62464], variance=0.0402, QRS count=6
2025-10-08 17:30:59,643 [DEBUG] Accepted segment [61952:62976], variance=0.0393, QRS count=5
2025-10-08 17:30:59,683 [DEBUG] Accepted segment [62464:63488], variance=0.0352, QRS count=6
2025-10-08 17:30:59,705 [DEBUG] Accepted segment [62976:64000], variance=0.0403, QRS count=5
2025-10-08 17:30:59,736 [DEBUG] Accepted segment [63488:64512], variance=0.0450, QRS count=6
2025-10-08 17:30:59,766 [DEBUG] Accepted segment [64000:65024], variance=0.0414, QRS count=6
2025-10-08 17:30:59,801 [DEBUG] Accepted segment [64512:65536], variance=0.0425, QRS count=6
2025-10-08 17:30:59,830 [DEBUG] Accepted segment [65024:66048], variance=0.0414, QRS count=6
2025-10-08 17:30:59,862 [DEBUG] Accepted segment [65536:66560], variance=0.0358, QRS count=6
2025-10-08 17:30:59,896 [DEBUG] Accepted segment [66048:67072], variance=0.0355, QRS count=6
2025-10-08 17:30:59,933 [DEBUG] Accepted segment [66560:67584], variance=0.0398, QRS count=5
2025-10-08 17:30:59,991 [DEBUG] Accepted segment [67072:68096], variance=0.0410, QRS count=5
2025-10-08 17:31:00,032 [DEBUG] Accepted segment [67584:68608], variance=0.0393, QRS count=5
2025-10-08 17:31:00,075 [DEBUG] Accepted segment [68096:69120], variance=0.0400, QRS count=5
2025-10-08 17:31:00,134 [DEBUG] Accepted segment [68608:69632], variance=0.0419, QRS count=5
2025-10-08 17:31:00,185 [DEBUG] Accepted segment [69120:70144], variance=0.0409, QRS count=5
2025-10-08 17:31:00,226 [DEBUG] Accepted segment [69632:70656], variance=0.0407, QRS count=5
2025-10-08 17:31:00,257 [DEBUG] Accepted segment [70144:71168], variance=0.0428, QRS count=6
2025-10-08 17:31:00,286 [DEBUG] Accepted segment [70656:71680], variance=0.0434, QRS count=6
2025-10-08 17:31:00,309 [DEBUG] Accepted segment [71168:72192], variance=0.1024, QRS count=6
2025-10-08 17:31:00,344 [DEBUG] Accepted segment [71680:72704], variance=0.1012, QRS count=6
2025-10-08 17:31:00,365 [DEBUG] Accepted segment [72192:73216], variance=0.0421, QRS count=6
2025-10-08 17:31:00,389 [DEBUG] Accepted segment [72704:73728], variance=0.0443, QRS count=6
2025-10-08 17:31:00,428 [DEBUG] Accepted segment [73216:74240], variance=0.0363, QRS count=5
2025-10-08 17:31:00,458 [DEBUG] Accepted segment [73728:74752], variance=0.0346, QRS count=5
2025-10-08 17:31:00,485 [DEBUG] Accepted segment [74240:75264], variance=0.0419, QRS count=5
2025-10-08 17:31:00,503 [DEBUG] Accepted segment [74752:75776], variance=0.0424, QRS count=5
2025-10-08 17:31:00,527 [DEBUG] Accepted segment [75264:76288], variance=0.0417, QRS count=6
2025-10-08 17:31:00,549 [DEBUG] Accepted segment [75776:76800], variance=0.0351, QRS count=5
2025-10-08 17:31:00,576 [DEBUG] Accepted segment [76288:77312], variance=0.0362, QRS count=5
2025-10-08 17:31:00,603 [DEBUG] Accepted segment [76800:77824], variance=0.0426, QRS count=5
2025-10-08 17:31:00,631 [DEBUG] Accepted segment [77312:78336], variance=0.0413, QRS count=5
2025-10-08 17:31:00,660 [DEBUG] Accepted segment [77824:78848], variance=0.0425, QRS count=6
2025-10-08 17:31:00,682 [DEBUG] Accepted segment [78336:79360], variance=0.0376, QRS count=6
2025-10-08 17:31:00,704 [DEBUG] Accepted segment [78848:79872], variance=0.0357, QRS count=5
2025-10-08 17:31:00,725 [DEBUG] Accepted segment [79360:80384], variance=0.0419, QRS count=5
2025-10-08 17:31:00,745 [DEBUG] Accepted segment [79872:80896], variance=0.0437, QRS count=5
2025-10-08 17:31:00,764 [DEBUG] Accepted segment [80384:81408], variance=0.0438, QRS count=6
2025-10-08 17:31:00,780 [DEBUG] Accepted segment [80896:81920], variance=0.0365, QRS count=5
2025-10-08 17:31:00,800 [DEBUG] Accepted segment [81408:82432], variance=0.0377, QRS count=5
2025-10-08 17:31:00,830 [DEBUG] Accepted segment [81920:82944], variance=0.0453, QRS count=5
2025-10-08 17:31:00,848 [DEBUG] Accepted segment [82432:83456], variance=0.0444, QRS count=5
2025-10-08 17:31:00,870 [DEBUG] Accepted segment [82944:83968], variance=0.0439, QRS count=6
2025-10-08 17:31:00,892 [DEBUG] Accepted segment [83456:84480], variance=0.0381, QRS count=6
2025-10-08 17:31:00,904 [DEBUG] Accepted segment [83968:84992], variance=0.0375, QRS count=5
2025-10-08 17:31:00,916 [DEBUG] Accepted segment [84480:85504], variance=0.0438, QRS count=5
2025-10-08 17:31:00,931 [DEBUG] Accepted segment [84992:86016], variance=0.0450, QRS count=5
2025-10-08 17:31:00,956 [DEBUG] Accepted segment [85504:86528], variance=0.0438, QRS count=6
2025-10-08 17:31:00,983 [DEBUG] Accepted segment [86016:87040], variance=0.0395, QRS count=6
2025-10-08 17:31:01,012 [DEBUG] Accepted segment [86528:87552], variance=0.0371, QRS count=6
2025-10-08 17:31:01,044 [DEBUG] Accepted segment [87040:88064], variance=0.0333, QRS count=5
2025-10-08 17:31:01,064 [DEBUG] Accepted segment [87552:88576], variance=0.0367, QRS count=5
2025-10-08 17:31:01,090 [DEBUG] Accepted segment [88064:89088], variance=0.0441, QRS count=6
2025-10-08 17:31:01,116 [DEBUG] Accepted segment [88576:89600], variance=0.0408, QRS count=5
2025-10-08 17:31:01,138 [DEBUG] Accepted segment [89088:90112], variance=0.0355, QRS count=5
2025-10-08 17:31:01,165 [DEBUG] Accepted segment [89600:90624], variance=0.0369, QRS count=5
2025-10-08 17:31:01,199 [DEBUG] Accepted segment [90112:91136], variance=0.0406, QRS count=5
2025-10-08 17:31:01,235 [DEBUG] Accepted segment [90624:91648], variance=0.0398, QRS count=5
2025-10-08 17:31:01,273 [DEBUG] Accepted segment [91136:92160], variance=0.0410, QRS count=5
2025-10-08 17:31:01,298 [DEBUG] Accepted segment [91648:92672], variance=0.0432, QRS count=5
2025-10-08 17:31:01,329 [DEBUG] Accepted segment [92160:93184], variance=0.0428, QRS count=6
2025-10-08 17:31:01,355 [DEBUG] Accepted segment [92672:93696], variance=0.1231, QRS count=6
2025-10-08 17:31:01,380 [DEBUG] Accepted segment [93184:94208], variance=0.1247, QRS count=6
2025-10-08 17:31:01,405 [DEBUG] Accepted segment [93696:94720], variance=0.0461, QRS count=6
2025-10-08 17:31:01,433 [DEBUG] Accepted segment [94208:95232], variance=0.0474, QRS count=6
2025-10-08 17:31:01,467 [DEBUG] Accepted segment [94720:95744], variance=0.0470, QRS count=6
2025-10-08 17:31:01,491 [DEBUG] Accepted segment [95232:96256], variance=0.0389, QRS count=5
2025-10-08 17:31:01,507 [DEBUG] Accepted segment [95744:96768], variance=0.0370, QRS count=5
2025-10-08 17:31:01,519 [DEBUG] Accepted segment [96256:97280], variance=0.0435, QRS count=5
2025-10-08 17:31:01,535 [DEBUG] Accepted segment [96768:97792], variance=0.0446, QRS count=6
2025-10-08 17:31:01,555 [DEBUG] Accepted segment [97280:98304], variance=0.0436, QRS count=5
2025-10-08 17:31:01,571 [DEBUG] Accepted segment [97792:98816], variance=0.0419, QRS count=5
2025-10-08 17:31:01,588 [DEBUG] Accepted segment [98304:99328], variance=0.0424, QRS count=5
2025-10-08 17:31:01,611 [DEBUG] Accepted segment [98816:99840], variance=0.0469, QRS count=5
2025-10-08 17:31:01,629 [DEBUG] Accepted segment [99328:100352], variance=0.0437, QRS count=5
2025-10-08 17:31:01,652 [DEBUG] Accepted segment [99840:100864], variance=0.0338, QRS count=6
2025-10-08 17:31:01,675 [DEBUG] Accepted segment [100352:101376], variance=0.0349, QRS count=6
2025-10-08 17:31:01,695 [DEBUG] Accepted segment [100864:101888], variance=0.0390, QRS count=5
2025-10-08 17:31:01,730 [DEBUG] Accepted segment [101376:102400], variance=0.0407, QRS count=5
2025-10-08 17:31:01,751 [DEBUG] Accepted segment [101888:102912], variance=0.0429, QRS count=5
2025-10-08 17:31:01,773 [DEBUG] Accepted segment [102400:103424], variance=0.0422, QRS count=5
2025-10-08 17:31:01,797 [DEBUG] Accepted segment [102912:103936], variance=0.0401, QRS count=6
2025-10-08 17:31:01,820 [DEBUG] Accepted segment [103424:104448], variance=0.0405, QRS count=6
2025-10-08 17:31:01,839 [DEBUG] Accepted segment [103936:104960], variance=0.0415, QRS count=6
2025-10-08 17:31:01,868 [DEBUG] Accepted segment [104448:105472], variance=0.0408, QRS count=6
2025-10-08 17:31:01,885 [DEBUG] Accepted segment [104960:105984], variance=0.0404, QRS count=6
2025-10-08 17:31:01,886 [DEBUG] Skipping segment [105472:106496] due to overlap with noise [106400:107000]
2025-10-08 17:31:01,886 [DEBUG] Skipping segment [105984:107008] due to overlap with noise [106400:107000]
2025-10-08 17:31:01,887 [DEBUG] Skipping segment [106496:107520] due to overlap with noise [106400:107000]
2025-10-08 17:31:01,910 [DEBUG] Accepted segment [107008:108032], variance=0.0702, QRS count=6
2025-10-08 17:31:01,944 [DEBUG] Accepted segment [107520:108544], variance=0.0616, QRS count=6
2025-10-08 17:31:01,977 [DEBUG] Accepted segment [108032:109056], variance=0.0688, QRS count=7
2025-10-08 17:31:01,999 [DEBUG] Accepted segment [108544:109568], variance=0.0644, QRS count=6
2025-10-08 17:31:02,017 [DEBUG] Accepted segment [109056:110080], variance=0.0488, QRS count=6
2025-10-08 17:31:02,034 [DEBUG] Accepted segment [109568:110592], variance=0.0477, QRS count=6
2025-10-08 17:31:02,051 [DEBUG] Accepted segment [110080:111104], variance=0.0440, QRS count=6
2025-10-08 17:31:02,074 [DEBUG] Accepted segment [110592:111616], variance=0.0451, QRS count=7
2025-10-08 17:31:02,094 [DEBUG] Accepted segment [111104:112128], variance=0.0552, QRS count=6
2025-10-08 17:31:02,118 [DEBUG] Accepted segment [111616:112640], variance=0.0556, QRS count=6
2025-10-08 17:31:02,139 [DEBUG] Accepted segment [112128:113152], variance=0.0543, QRS count=6
2025-10-08 17:31:02,163 [DEBUG] Accepted segment [112640:113664], variance=0.0555, QRS count=6
2025-10-08 17:31:02,184 [DEBUG] Accepted segment [113152:114176], variance=0.0560, QRS count=5
2025-10-08 17:31:02,205 [DEBUG] Accepted segment [113664:114688], variance=0.0558, QRS count=5
2025-10-08 17:31:02,223 [DEBUG] Accepted segment [114176:115200], variance=0.0667, QRS count=5
2025-10-08 17:31:02,240 [DEBUG] Accepted segment [114688:115712], variance=0.0741, QRS count=6
2025-10-08 17:31:02,258 [DEBUG] Accepted segment [115200:116224], variance=0.0637, QRS count=6
2025-10-08 17:31:02,290 [DEBUG] Accepted segment [115712:116736], variance=0.0559, QRS count=6
2025-10-08 17:31:02,312 [DEBUG] Accepted segment [116224:117248], variance=0.0528, QRS count=6
2025-10-08 17:31:02,341 [DEBUG] Accepted segment [116736:117760], variance=0.0522, QRS count=5
2025-10-08 17:31:02,369 [DEBUG] Accepted segment [117248:118272], variance=0.0472, QRS count=6
2025-10-08 17:31:02,397 [DEBUG] Accepted segment [117760:118784], variance=0.0471, QRS count=5
2025-10-08 17:31:02,429 [DEBUG] Accepted segment [118272:119296], variance=0.0569, QRS count=5
2025-10-08 17:31:02,454 [DEBUG] Accepted segment [118784:119808], variance=0.0603, QRS count=5
2025-10-08 17:31:02,479 [DEBUG] Accepted segment [119296:120320], variance=0.0607, QRS count=5
2025-10-08 17:31:02,508 [DEBUG] Accepted segment [119808:120832], variance=0.0601, QRS count=6
2025-10-08 17:31:02,534 [DEBUG] Accepted segment [120320:121344], variance=0.0600, QRS count=6
2025-10-08 17:31:02,557 [DEBUG] Accepted segment [120832:121856], variance=0.0599, QRS count=6
2025-10-08 17:31:02,581 [DEBUG] Accepted segment [121344:122368], variance=0.0489, QRS count=5
2025-10-08 17:31:02,598 [DEBUG] Accepted segment [121856:122880], variance=0.0471, QRS count=5
2025-10-08 17:31:02,613 [DEBUG] Accepted segment [122368:123392], variance=0.0592, QRS count=5
2025-10-08 17:31:02,631 [DEBUG] Accepted segment [122880:123904], variance=0.0606, QRS count=5
2025-10-08 17:31:02,646 [DEBUG] Accepted segment [123392:124416], variance=0.0582, QRS count=5
2025-10-08 17:31:02,661 [DEBUG] Accepted segment [123904:124928], variance=0.0582, QRS count=6
2025-10-08 17:31:02,679 [DEBUG] Accepted segment [124416:125440], variance=0.0592, QRS count=6
2025-10-08 17:31:02,697 [DEBUG] Accepted segment [124928:125952], variance=0.0585, QRS count=5
2025-10-08 17:31:02,714 [DEBUG] Accepted segment [125440:126464], variance=0.0485, QRS count=5
2025-10-08 17:31:02,731 [DEBUG] Accepted segment [125952:126976], variance=0.0503, QRS count=5
2025-10-08 17:31:02,747 [DEBUG] Accepted segment [126464:127488], variance=0.0614, QRS count=5
2025-10-08 17:31:02,765 [DEBUG] Accepted segment [126976:128000], variance=0.0608, QRS count=5
2025-10-08 17:31:02,765 [INFO] Segmented signal of length 128000 into 246 valid segments
2025-10-08 17:31:04,883 [DEBUG] Accepted segment [0:1024], variance=0.0489, QRS count=5
2025-10-08 17:31:04,902 [DEBUG] Accepted segment [512:1536], variance=0.0602, QRS count=5
2025-10-08 17:31:04,922 [DEBUG] Accepted segment [1024:2048], variance=0.0717, QRS count=5
2025-10-08 17:31:04,943 [DEBUG] Accepted segment [1536:2560], variance=0.0797, QRS count=6
2025-10-08 17:31:04,961 [DEBUG] Accepted segment [2048:3072], variance=0.0709, QRS count=6
2025-10-08 17:31:04,979 [DEBUG] Accepted segment [2560:3584], variance=0.0522, QRS count=5
2025-10-08 17:31:04,995 [DEBUG] Accepted segment [3072:4096], variance=0.0484, QRS count=5
2025-10-08 17:31:05,011 [DEBUG] Accepted segment [3584:4608], variance=0.0533, QRS count=5
2025-10-08 17:31:05,028 [DEBUG] Accepted segment [4096:5120], variance=0.0519, QRS count=6
2025-10-08 17:31:05,047 [DEBUG] Accepted segment [4608:5632], variance=0.0539, QRS count=6
2025-10-08 17:31:05,067 [DEBUG] Accepted segment [5120:6144], variance=0.0559, QRS count=5
2025-10-08 17:31:05,089 [DEBUG] Accepted segment [5632:6656], variance=0.0539, QRS count=5
2025-10-08 17:31:05,112 [DEBUG] Accepted segment [6144:7168], variance=0.0528, QRS count=5
2025-10-08 17:31:05,133 [DEBUG] Accepted segment [6656:7680], variance=0.0470, QRS count=5
2025-10-08 17:31:05,144 [DEBUG] Accepted segment [7168:8192], variance=0.0480, QRS count=5
2025-10-08 17:31:05,158 [DEBUG] Accepted segment [7680:8704], variance=0.0566, QRS count=5
2025-10-08 17:31:05,177 [DEBUG] Accepted segment [8192:9216], variance=0.0601, QRS count=5
2025-10-08 17:31:05,199 [DEBUG] Accepted segment [8704:9728], variance=0.0621, QRS count=6
2025-10-08 17:31:05,220 [DEBUG] Accepted segment [9216:10240], variance=0.0520, QRS count=5
2025-10-08 17:31:05,241 [DEBUG] Accepted segment [9728:10752], variance=0.0495, QRS count=5
2025-10-08 17:31:05,263 [DEBUG] Accepted segment [10240:11264], variance=0.0569, QRS count=5
2025-10-08 17:31:05,282 [DEBUG] Accepted segment [10752:11776], variance=0.0581, QRS count=5
2025-10-08 17:31:05,307 [DEBUG] Accepted segment [11264:12288], variance=0.0586, QRS count=6
2025-10-08 17:31:05,331 [DEBUG] Accepted segment [11776:12800], variance=0.0491, QRS count=6
2025-10-08 17:31:05,355 [DEBUG] Accepted segment [12288:13312], variance=0.0499, QRS count=5
2025-10-08 17:31:05,376 [DEBUG] Accepted segment [12800:13824], variance=0.0607, QRS count=5
2025-10-08 17:31:05,404 [DEBUG] Accepted segment [13312:14336], variance=0.0595, QRS count=5
2025-10-08 17:31:05,432 [DEBUG] Accepted segment [13824:14848], variance=0.0566, QRS count=6
2025-10-08 17:31:05,465 [DEBUG] Accepted segment [14336:15360], variance=0.0585, QRS count=6
2025-10-08 17:31:05,503 [DEBUG] Accepted segment [14848:15872], variance=0.0575, QRS count=6
2025-10-08 17:31:05,525 [DEBUG] Accepted segment [15360:16384], variance=0.0520, QRS count=5
2025-10-08 17:31:05,552 [DEBUG] Accepted segment [15872:16896], variance=0.0511, QRS count=5
2025-10-08 17:31:05,575 [DEBUG] Accepted segment [16384:17408], variance=0.0506, QRS count=5
2025-10-08 17:31:05,603 [DEBUG] Accepted segment [16896:17920], variance=0.0476, QRS count=5
2025-10-08 17:31:05,632 [DEBUG] Accepted segment [17408:18432], variance=0.0447, QRS count=5
2025-10-08 17:31:05,660 [DEBUG] Accepted segment [17920:18944], variance=0.0474, QRS count=6
2025-10-08 17:31:05,685 [DEBUG] Accepted segment [18432:19456], variance=0.0513, QRS count=6
2025-10-08 17:31:05,709 [DEBUG] Accepted segment [18944:19968], variance=0.0520, QRS count=5
2025-10-08 17:31:05,723 [DEBUG] Accepted segment [19456:20480], variance=0.0518, QRS count=5
2025-10-08 17:31:05,743 [DEBUG] Accepted segment [19968:20992], variance=0.0535, QRS count=5
2025-10-08 17:31:05,766 [DEBUG] Accepted segment [20480:21504], variance=0.0570, QRS count=5
2025-10-08 17:31:05,783 [DEBUG] Accepted segment [20992:22016], variance=0.0584, QRS count=5
2025-10-08 17:31:05,803 [DEBUG] Accepted segment [21504:22528], variance=0.0589, QRS count=5
2025-10-08 17:31:05,829 [DEBUG] Accepted segment [22016:23040], variance=0.0598, QRS count=6
2025-10-08 17:31:05,856 [DEBUG] Accepted segment [22528:23552], variance=0.0604, QRS count=6
2025-10-08 17:31:05,884 [DEBUG] Accepted segment [23040:24064], variance=0.0594, QRS count=5
2025-10-08 17:31:05,908 [DEBUG] Accepted segment [23552:24576], variance=0.0598, QRS count=6
2025-10-08 17:31:05,927 [DEBUG] Accepted segment [24064:25088], variance=0.0620, QRS count=6
2025-10-08 17:31:05,953 [DEBUG] Accepted segment [24576:25600], variance=0.1251, QRS count=6
2025-10-08 17:31:05,980 [DEBUG] Accepted segment [25088:26112], variance=0.1270, QRS count=6
2025-10-08 17:31:06,008 [DEBUG] Accepted segment [25600:26624], variance=0.0756, QRS count=6
2025-10-08 17:31:06,035 [DEBUG] Accepted segment [26112:27136], variance=0.0709, QRS count=6
2025-10-08 17:31:06,059 [DEBUG] Accepted segment [26624:27648], variance=0.0589, QRS count=6
2025-10-08 17:31:06,080 [DEBUG] Accepted segment [27136:28160], variance=0.0584, QRS count=6
2025-10-08 17:31:06,104 [DEBUG] Accepted segment [27648:28672], variance=0.0565, QRS count=6
2025-10-08 17:31:06,125 [DEBUG] Accepted segment [28160:29184], variance=0.0559, QRS count=6
2025-10-08 17:31:06,158 [DEBUG] Accepted segment [28672:29696], variance=0.0563, QRS count=6
2025-10-08 17:31:06,192 [DEBUG] Accepted segment [29184:30208], variance=0.0540, QRS count=6
2025-10-08 17:31:06,225 [DEBUG] Accepted segment [29696:30720], variance=0.0480, QRS count=6
2025-10-08 17:31:06,247 [DEBUG] Accepted segment [30208:31232], variance=0.0466, QRS count=5
2025-10-08 17:31:06,264 [DEBUG] Accepted segment [30720:31744], variance=0.0484, QRS count=5
2025-10-08 17:31:06,276 [DEBUG] Accepted segment [31232:32256], variance=0.0523, QRS count=6
2025-10-08 17:31:06,288 [DEBUG] Accepted segment [31744:32768], variance=0.0579, QRS count=6
2025-10-08 17:31:06,307 [DEBUG] Accepted segment [32256:33280], variance=0.0605, QRS count=5
2025-10-08 17:31:06,333 [DEBUG] Accepted segment [32768:33792], variance=0.0593, QRS count=5
2025-10-08 17:31:06,358 [DEBUG] Accepted segment [33280:34304], variance=0.0577, QRS count=5
2025-10-08 17:31:06,387 [DEBUG] Accepted segment [33792:34816], variance=0.0579, QRS count=6
2025-10-08 17:31:06,415 [DEBUG] Accepted segment [34304:35328], variance=0.0569, QRS count=6
2025-10-08 17:31:06,449 [DEBUG] Accepted segment [34816:35840], variance=0.0569, QRS count=6
2025-10-08 17:31:06,492 [DEBUG] Accepted segment [35328:36352], variance=0.0586, QRS count=6
2025-10-08 17:31:06,544 [DEBUG] Accepted segment [35840:36864], variance=0.0496, QRS count=6
2025-10-08 17:31:06,614 [DEBUG] Accepted segment [36352:37376], variance=0.0498, QRS count=5
2025-10-08 17:31:06,681 [DEBUG] Accepted segment [36864:37888], variance=0.0598, QRS count=5
2025-10-08 17:31:06,758 [DEBUG] Accepted segment [37376:38400], variance=0.0608, QRS count=5
2025-10-08 17:31:06,815 [DEBUG] Accepted segment [37888:38912], variance=0.0619, QRS count=5
2025-10-08 17:31:06,868 [DEBUG] Accepted segment [38400:39424], variance=0.0603, QRS count=6
2025-10-08 17:31:06,918 [DEBUG] Accepted segment [38912:39936], variance=0.0589, QRS count=6
2025-10-08 17:31:06,967 [DEBUG] Accepted segment [39424:40448], variance=0.0607, QRS count=6
2025-10-08 17:31:07,021 [DEBUG] Accepted segment [39936:40960], variance=0.0523, QRS count=6
2025-10-08 17:31:07,074 [DEBUG] Accepted segment [40448:41472], variance=0.0519, QRS count=5
2025-10-08 17:31:07,125 [DEBUG] Accepted segment [40960:41984], variance=0.0605, QRS count=5
2025-10-08 17:31:07,154 [DEBUG] Accepted segment [41472:42496], variance=0.0594, QRS count=5
2025-10-08 17:31:07,197 [DEBUG] Accepted segment [41984:43008], variance=0.0573, QRS count=6
2025-10-08 17:31:07,237 [DEBUG] Accepted segment [42496:43520], variance=0.0570, QRS count=6
2025-10-08 17:31:07,259 [DEBUG] Accepted segment [43008:44032], variance=0.0501, QRS count=5
2025-10-08 17:31:07,275 [DEBUG] Accepted segment [43520:44544], variance=0.0484, QRS count=5
2025-10-08 17:31:07,293 [DEBUG] Accepted segment [44032:45056], variance=0.0558, QRS count=5
2025-10-08 17:31:07,312 [DEBUG] Accepted segment [44544:45568], variance=0.0570, QRS count=5
2025-10-08 17:31:07,330 [DEBUG] Accepted segment [45056:46080], variance=0.0533, QRS count=5
2025-10-08 17:31:07,351 [DEBUG] Accepted segment [45568:46592], variance=0.0483, QRS count=6
2025-10-08 17:31:07,368 [DEBUG] Accepted segment [46080:47104], variance=0.0507, QRS count=6
2025-10-08 17:31:07,388 [DEBUG] Accepted segment [46592:47616], variance=0.0576, QRS count=6
2025-10-08 17:31:07,415 [DEBUG] Accepted segment [47104:48128], variance=0.0606, QRS count=6
2025-10-08 17:31:07,449 [DEBUG] Accepted segment [47616:48640], variance=0.0595, QRS count=6
2025-10-08 17:31:07,484 [DEBUG] Accepted segment [48128:49152], variance=0.0510, QRS count=6
2025-10-08 17:31:07,514 [DEBUG] Accepted segment [48640:49664], variance=0.0516, QRS count=5
2025-10-08 17:31:07,558 [DEBUG] Accepted segment [49152:50176], variance=0.0585, QRS count=5
2025-10-08 17:31:07,587 [DEBUG] Accepted segment [49664:50688], variance=0.0584, QRS count=5
2025-10-08 17:31:07,612 [DEBUG] Accepted segment [50176:51200], variance=0.0589, QRS count=6
2025-10-08 17:31:07,646 [DEBUG] Accepted segment [50688:51712], variance=0.0584, QRS count=6
2025-10-08 17:31:07,681 [DEBUG] Accepted segment [51200:52224], variance=0.0501, QRS count=5
2025-10-08 17:31:07,711 [DEBUG] Accepted segment [51712:52736], variance=0.0509, QRS count=5
2025-10-08 17:31:07,736 [DEBUG] Accepted segment [52224:53248], variance=0.0593, QRS count=5
2025-10-08 17:31:07,766 [DEBUG] Accepted segment [52736:53760], variance=0.0583, QRS count=6
2025-10-08 17:31:07,790 [DEBUG] Accepted segment [53248:54272], variance=0.0595, QRS count=5
2025-10-08 17:31:07,814 [DEBUG] Accepted segment [53760:54784], variance=0.0531, QRS count=5
2025-10-08 17:31:07,835 [DEBUG] Accepted segment [54272:55296], variance=0.0531, QRS count=5
2025-10-08 17:31:07,847 [DEBUG] Accepted segment [54784:55808], variance=0.0593, QRS count=5
2025-10-08 17:31:07,859 [DEBUG] Accepted segment [55296:56320], variance=0.0602, QRS count=5
2025-10-08 17:31:07,878 [DEBUG] Accepted segment [55808:56832], variance=0.0621, QRS count=5
2025-10-08 17:31:07,901 [DEBUG] Accepted segment [56320:57344], variance=0.0596, QRS count=5
2025-10-08 17:31:07,928 [DEBUG] Accepted segment [56832:57856], variance=0.0563, QRS count=6
2025-10-08 17:31:07,951 [DEBUG] Accepted segment [57344:58368], variance=0.0567, QRS count=6
2025-10-08 17:31:07,977 [DEBUG] Accepted segment [57856:58880], variance=0.0583, QRS count=5
2025-10-08 17:31:07,999 [DEBUG] Accepted segment [58368:59392], variance=0.0492, QRS count=5
2025-10-08 17:31:08,025 [DEBUG] Accepted segment [58880:59904], variance=0.0492, QRS count=5
2025-10-08 17:31:08,057 [DEBUG] Accepted segment [59392:60416], variance=0.0592, QRS count=5
2025-10-08 17:31:08,080 [DEBUG] Accepted segment [59904:60928], variance=0.0586, QRS count=5
2025-10-08 17:31:08,112 [DEBUG] Accepted segment [60416:61440], variance=0.0579, QRS count=6
2025-10-08 17:31:08,142 [DEBUG] Accepted segment [60928:61952], variance=0.0584, QRS count=6
2025-10-08 17:31:08,170 [DEBUG] Accepted segment [61440:62464], variance=0.0588, QRS count=5
2025-10-08 17:31:08,208 [DEBUG] Accepted segment [61952:62976], variance=0.0565, QRS count=5
2025-10-08 17:31:08,240 [DEBUG] Accepted segment [62464:63488], variance=0.0485, QRS count=6
2025-10-08 17:31:08,267 [DEBUG] Accepted segment [62976:64000], variance=0.0508, QRS count=5
2025-10-08 17:31:08,304 [DEBUG] Accepted segment [63488:64512], variance=0.0608, QRS count=5
2025-10-08 17:31:08,331 [DEBUG] Accepted segment [64000:65024], variance=0.0619, QRS count=5
2025-10-08 17:31:08,366 [DEBUG] Accepted segment [64512:65536], variance=0.0587, QRS count=5
2025-10-08 17:31:08,391 [DEBUG] Accepted segment [65024:66048], variance=0.0603, QRS count=5
2025-10-08 17:31:08,420 [DEBUG] Accepted segment [65536:66560], variance=0.0623, QRS count=5
2025-10-08 17:31:08,451 [DEBUG] Accepted segment [66048:67072], variance=0.0612, QRS count=5
2025-10-08 17:31:08,468 [DEBUG] Accepted segment [66560:67584], variance=0.0614, QRS count=6
2025-10-08 17:31:08,483 [DEBUG] Accepted segment [67072:68096], variance=0.0627, QRS count=6
2025-10-08 17:31:08,499 [DEBUG] Accepted segment [67584:68608], variance=0.0535, QRS count=5
2025-10-08 17:31:08,519 [DEBUG] Accepted segment [68096:69120], variance=0.0529, QRS count=5
2025-10-08 17:31:08,537 [DEBUG] Accepted segment [68608:69632], variance=0.0620, QRS count=5
2025-10-08 17:31:08,558 [DEBUG] Accepted segment [69120:70144], variance=0.0512, QRS count=6
2025-10-08 17:31:08,575 [DEBUG] Accepted segment [69632:70656], variance=0.0508, QRS count=5
2025-10-08 17:31:08,591 [DEBUG] Accepted segment [70144:71168], variance=0.0623, QRS count=5
2025-10-08 17:31:08,607 [DEBUG] Accepted segment [70656:71680], variance=0.0649, QRS count=5
2025-10-08 17:31:08,629 [DEBUG] Accepted segment [71168:72192], variance=0.0649, QRS count=6
2025-10-08 17:31:08,649 [DEBUG] Accepted segment [71680:72704], variance=0.0643, QRS count=6
2025-10-08 17:31:08,675 [DEBUG] Accepted segment [72192:73216], variance=0.0546, QRS count=6
2025-10-08 17:31:08,695 [DEBUG] Accepted segment [72704:73728], variance=0.0550, QRS count=5
2025-10-08 17:31:08,716 [DEBUG] Accepted segment [73216:74240], variance=0.0646, QRS count=5
2025-10-08 17:31:08,741 [DEBUG] Accepted segment [73728:74752], variance=0.0630, QRS count=5
2025-10-08 17:31:08,762 [DEBUG] Accepted segment [74240:75264], variance=0.0623, QRS count=6
2025-10-08 17:31:08,786 [DEBUG] Accepted segment [74752:75776], variance=0.0621, QRS count=6
2025-10-08 17:31:08,810 [DEBUG] Accepted segment [75264:76288], variance=0.0509, QRS count=6
2025-10-08 17:31:08,832 [DEBUG] Accepted segment [75776:76800], variance=0.0518, QRS count=5
2025-10-08 17:31:08,857 [DEBUG] Accepted segment [76288:77312], variance=0.0641, QRS count=5
2025-10-08 17:31:08,888 [DEBUG] Accepted segment [76800:77824], variance=0.0659, QRS count=5
2025-10-08 17:31:08,922 [DEBUG] Accepted segment [77312:78336], variance=0.0647, QRS count=6
2025-10-08 17:31:08,938 [DEBUG] Accepted segment [77824:78848], variance=0.0543, QRS count=5
2025-10-08 17:31:08,952 [DEBUG] Accepted segment [78336:79360], variance=0.0534, QRS count=5
2025-10-08 17:31:08,979 [DEBUG] Accepted segment [78848:79872], variance=0.0600, QRS count=5
2025-10-08 17:31:09,007 [DEBUG] Accepted segment [79360:80384], variance=0.0605, QRS count=6
2025-10-08 17:31:09,034 [DEBUG] Accepted segment [79872:80896], variance=0.0530, QRS count=5
2025-10-08 17:31:09,069 [DEBUG] Accepted segment [80384:81408], variance=0.0525, QRS count=5
2025-10-08 17:31:09,098 [DEBUG] Accepted segment [80896:81920], variance=0.0614, QRS count=5
2025-10-08 17:31:09,129 [DEBUG] Accepted segment [81408:82432], variance=0.0623, QRS count=6
2025-10-08 17:31:09,152 [DEBUG] Accepted segment [81920:82944], variance=0.0606, QRS count=5
2025-10-08 17:31:09,174 [DEBUG] Accepted segment [82432:83456], variance=0.0508, QRS count=5
2025-10-08 17:31:09,195 [DEBUG] Accepted segment [82944:83968], variance=0.0525, QRS count=5
2025-10-08 17:31:09,222 [DEBUG] Accepted segment [83456:84480], variance=0.0618, QRS count=5
2025-10-08 17:31:09,253 [DEBUG] Accepted segment [83968:84992], variance=0.0601, QRS count=5
2025-10-08 17:31:09,290 [DEBUG] Accepted segment [84480:85504], variance=0.0589, QRS count=5
2025-10-08 17:31:09,322 [DEBUG] Accepted segment [84992:86016], variance=0.0579, QRS count=6
2025-10-08 17:31:09,357 [DEBUG] Accepted segment [85504:86528], variance=0.0604, QRS count=6
2025-10-08 17:31:09,388 [DEBUG] Accepted segment [86016:87040], variance=0.0538, QRS count=5
2025-10-08 17:31:09,412 [DEBUG] Accepted segment [86528:87552], variance=0.0515, QRS count=5
2025-10-08 17:31:09,437 [DEBUG] Accepted segment [87040:88064], variance=0.0609, QRS count=5
2025-10-08 17:31:09,469 [DEBUG] Accepted segment [87552:88576], variance=0.0617, QRS count=5
2025-10-08 17:31:09,503 [DEBUG] Accepted segment [88064:89088], variance=0.0498, QRS count=5
2025-10-08 17:31:09,531 [DEBUG] Accepted segment [88576:89600], variance=0.0489, QRS count=5
2025-10-08 17:31:09,564 [DEBUG] Accepted segment [89088:90112], variance=0.0603, QRS count=5
2025-10-08 17:31:09,580 [DEBUG] Accepted segment [89600:90624], variance=0.0612, QRS count=6
2025-10-08 17:31:09,599 [DEBUG] Accepted segment [90112:91136], variance=0.0612, QRS count=6
2025-10-08 17:31:09,630 [DEBUG] Accepted segment [90624:91648], variance=0.0535, QRS count=5
2025-10-08 17:31:09,653 [DEBUG] Accepted segment [91136:92160], variance=0.0552, QRS count=5
2025-10-08 17:31:09,674 [DEBUG] Accepted segment [91648:92672], variance=0.0635, QRS count=5
2025-10-08 17:31:09,695 [DEBUG] Accepted segment [92160:93184], variance=0.0609, QRS count=5
2025-10-08 17:31:09,713 [DEBUG] Accepted segment [92672:93696], variance=0.0534, QRS count=6
2025-10-08 17:31:09,733 [DEBUG] Accepted segment [93184:94208], variance=0.0553, QRS count=5
2025-10-08 17:31:09,751 [DEBUG] Accepted segment [93696:94720], variance=0.0625, QRS count=5
2025-10-08 17:31:09,784 [DEBUG] Accepted segment [94208:95232], variance=0.0619, QRS count=5
2025-10-08 17:31:09,814 [DEBUG] Accepted segment [94720:95744], variance=0.0629, QRS count=6
2025-10-08 17:31:09,840 [DEBUG] Accepted segment [95232:96256], variance=0.0528, QRS count=5
2025-10-08 17:31:09,859 [DEBUG] Accepted segment [95744:96768], variance=0.0525, QRS count=5
2025-10-08 17:31:09,879 [DEBUG] Accepted segment [96256:97280], variance=0.0625, QRS count=5
2025-10-08 17:31:09,896 [DEBUG] Accepted segment [96768:97792], variance=0.0602, QRS count=6
2025-10-08 17:31:09,915 [DEBUG] Accepted segment [97280:98304], variance=0.0574, QRS count=6
2025-10-08 17:31:09,930 [DEBUG] Accepted segment [97792:98816], variance=0.0569, QRS count=6
2025-10-08 17:31:09,944 [DEBUG] Accepted segment [98304:99328], variance=0.0501, QRS count=6
2025-10-08 17:31:09,961 [DEBUG] Accepted segment [98816:99840], variance=0.0510, QRS count=5
2025-10-08 17:31:09,980 [DEBUG] Accepted segment [99328:100352], variance=0.0579, QRS count=5
2025-10-08 17:31:10,005 [DEBUG] Accepted segment [99840:100864], variance=0.0583, QRS count=5
2025-10-08 17:31:10,024 [DEBUG] Accepted segment [100352:101376], variance=0.0604, QRS count=5
2025-10-08 17:31:10,040 [DEBUG] Accepted segment [100864:101888], variance=0.0593, QRS count=6
2025-10-08 17:31:10,052 [DEBUG] Accepted segment [101376:102400], variance=0.0568, QRS count=6
2025-10-08 17:31:10,062 [DEBUG] Accepted segment [101888:102912], variance=0.0552, QRS count=6
2025-10-08 17:31:10,083 [DEBUG] Accepted segment [102400:103424], variance=0.0554, QRS count=6
2025-10-08 17:31:10,103 [DEBUG] Accepted segment [102912:103936], variance=0.0574, QRS count=6
2025-10-08 17:31:10,124 [DEBUG] Accepted segment [103424:104448], variance=0.0576, QRS count=5
2025-10-08 17:31:10,146 [DEBUG] Accepted segment [103936:104960], variance=0.0472, QRS count=6
2025-10-08 17:31:10,174 [DEBUG] Accepted segment [104448:105472], variance=0.0462, QRS count=5
2025-10-08 17:31:10,201 [DEBUG] Accepted segment [104960:105984], variance=0.0554, QRS count=5
2025-10-08 17:31:10,235 [DEBUG] Accepted segment [105472:106496], variance=0.0562, QRS count=5
2025-10-08 17:31:10,260 [DEBUG] Accepted segment [105984:107008], variance=0.0543, QRS count=5
2025-10-08 17:31:10,291 [DEBUG] Accepted segment [106496:107520], variance=0.0518, QRS count=5
2025-10-08 17:31:10,328 [DEBUG] Accepted segment [107008:108032], variance=0.0523, QRS count=5
2025-10-08 17:31:10,363 [DEBUG] Accepted segment [107520:108544], variance=0.0539, QRS count=5
2025-10-08 17:31:10,397 [DEBUG] Accepted segment [108032:109056], variance=0.0543, QRS count=5
2025-10-08 17:31:10,431 [DEBUG] Accepted segment [108544:109568], variance=0.0531, QRS count=6
2025-10-08 17:31:10,467 [DEBUG] Accepted segment [109056:110080], variance=0.0515, QRS count=6
2025-10-08 17:31:10,513 [DEBUG] Accepted segment [109568:110592], variance=0.0521, QRS count=6
2025-10-08 17:31:10,563 [DEBUG] Accepted segment [110080:111104], variance=0.1279, QRS count=6
2025-10-08 17:31:10,600 [DEBUG] Accepted segment [110592:111616], variance=0.1293, QRS count=5
2025-10-08 17:31:10,635 [DEBUG] Accepted segment [111104:112128], variance=0.0552, QRS count=6
2025-10-08 17:31:10,670 [DEBUG] Accepted segment [111616:112640], variance=0.0537, QRS count=6
2025-10-08 17:31:10,705 [DEBUG] Accepted segment [112128:113152], variance=0.0532, QRS count=6
2025-10-08 17:31:10,729 [DEBUG] Accepted segment [112640:113664], variance=0.0558, QRS count=6
2025-10-08 17:31:10,763 [DEBUG] Accepted segment [113152:114176], variance=0.0582, QRS count=5
2025-10-08 17:31:10,800 [DEBUG] Accepted segment [113664:114688], variance=0.0514, QRS count=6
2025-10-08 17:31:10,846 [DEBUG] Accepted segment [114176:115200], variance=0.0525, QRS count=5
2025-10-08 17:31:10,896 [DEBUG] Accepted segment [114688:115712], variance=0.0596, QRS count=5
2025-10-08 17:31:10,934 [DEBUG] Accepted segment [115200:116224], variance=0.0584, QRS count=5
2025-10-08 17:31:10,973 [DEBUG] Accepted segment [115712:116736], variance=0.0515, QRS count=6
2025-10-08 17:31:11,007 [DEBUG] Accepted segment [116224:117248], variance=0.0530, QRS count=5
2025-10-08 17:31:11,049 [DEBUG] Accepted segment [116736:117760], variance=0.0609, QRS count=5
2025-10-08 17:31:11,081 [DEBUG] Accepted segment [117248:118272], variance=0.0628, QRS count=5
2025-10-08 17:31:11,111 [DEBUG] Accepted segment [117760:118784], variance=0.0637, QRS count=6
2025-10-08 17:31:11,151 [DEBUG] Accepted segment [118272:119296], variance=0.0609, QRS count=6
2025-10-08 17:31:11,191 [DEBUG] Accepted segment [118784:119808], variance=0.0506, QRS count=6
2025-10-08 17:31:11,192 [DEBUG] Skipping segment [119296:120320] due to overlap with noise [120200:120500]
2025-10-08 17:31:11,192 [DEBUG] Skipping segment [119808:120832] due to overlap with noise [120200:120500]
2025-10-08 17:31:11,192 [DEBUG] Skipping segment [120320:121344] due to overlap with noise [120200:120500]
2025-10-08 17:31:11,224 [DEBUG] Accepted segment [120832:121856], variance=0.0428, QRS count=6
2025-10-08 17:31:11,248 [DEBUG] Accepted segment [121344:122368], variance=0.0406, QRS count=6
2025-10-08 17:31:11,274 [DEBUG] Accepted segment [121856:122880], variance=0.0365, QRS count=6
2025-10-08 17:31:11,310 [DEBUG] Accepted segment [122368:123392], variance=0.0401, QRS count=5
2025-10-08 17:31:11,340 [DEBUG] Accepted segment [122880:123904], variance=0.0464, QRS count=6
2025-10-08 17:31:11,371 [DEBUG] Accepted segment [123392:124416], variance=0.0520, QRS count=6
2025-10-08 17:31:11,398 [DEBUG] Accepted segment [123904:124928], variance=0.0439, QRS count=5
2025-10-08 17:31:11,418 [DEBUG] Accepted segment [124416:125440], variance=0.0354, QRS count=5
2025-10-08 17:31:11,439 [DEBUG] Accepted segment [124928:125952], variance=0.0386, QRS count=5
2025-10-08 17:31:11,480 [DEBUG] Accepted segment [125440:126464], variance=0.0365, QRS count=5
2025-10-08 17:31:11,518 [DEBUG] Accepted segment [125952:126976], variance=0.0365, QRS count=6
2025-10-08 17:31:11,555 [DEBUG] Accepted segment [126464:127488], variance=0.0327, QRS count=5
2025-10-08 17:31:11,588 [DEBUG] Accepted segment [126976:128000], variance=0.0325, QRS count=5
2025-10-08 17:31:11,590 [INFO] Segmented signal of length 128000 into 246 valid segments
2025-10-08 17:31:14,076 [DEBUG] Skipping segment [0:1024] due to overlap with noise [0:400]
2025-10-08 17:31:14,094 [DEBUG] Accepted segment [512:1536], variance=0.0713, QRS count=4
2025-10-08 17:31:14,105 [DEBUG] Accepted segment [1024:2048], variance=0.0615, QRS count=4
2025-10-08 17:31:14,105 [DEBUG] Skipping segment [1536:2560] due to overlap with noise [2400:3800]
2025-10-08 17:31:14,105 [DEBUG] Skipping segment [2048:3072] due to overlap with noise [2400:3800]
2025-10-08 17:31:14,106 [DEBUG] Skipping segment [2560:3584] due to overlap with noise [2400:3800]
2025-10-08 17:31:14,106 [DEBUG] Skipping segment [3072:4096] due to overlap with noise [2400:3800]
2025-10-08 17:31:14,106 [DEBUG] Skipping segment [3584:4608] due to overlap with noise [2400:3800]
2025-10-08 17:31:14,115 [DEBUG] Accepted segment [4096:5120], variance=0.0638, QRS count=4
2025-10-08 17:31:14,125 [DEBUG] Accepted segment [4608:5632], variance=0.0595, QRS count=4
2025-10-08 17:31:14,135 [DEBUG] Accepted segment [5120:6144], variance=0.0630, QRS count=5
2025-10-08 17:31:14,145 [DEBUG] Accepted segment [5632:6656], variance=0.0667, QRS count=4
2025-10-08 17:31:14,154 [DEBUG] Accepted segment [6144:7168], variance=0.0610, QRS count=4
2025-10-08 17:31:14,163 [DEBUG] Accepted segment [6656:7680], variance=0.0560, QRS count=4
2025-10-08 17:31:14,172 [DEBUG] Accepted segment [7168:8192], variance=0.0571, QRS count=4
2025-10-08 17:31:14,182 [DEBUG] Accepted segment [7680:8704], variance=0.0666, QRS count=4
2025-10-08 17:31:14,190 [DEBUG] Accepted segment [8192:9216], variance=0.0678, QRS count=4
2025-10-08 17:31:14,198 [DEBUG] Accepted segment [8704:9728], variance=0.0588, QRS count=4
2025-10-08 17:31:14,207 [DEBUG] Accepted segment [9216:10240], variance=0.0635, QRS count=5
2025-10-08 17:31:14,216 [DEBUG] Accepted segment [9728:10752], variance=0.0676, QRS count=4
2025-10-08 17:31:14,224 [DEBUG] Accepted segment [10240:11264], variance=0.0598, QRS count=4
2025-10-08 17:31:14,232 [DEBUG] Accepted segment [10752:11776], variance=0.0615, QRS count=4
2025-10-08 17:31:14,241 [DEBUG] Accepted segment [11264:12288], variance=0.0670, QRS count=5
2025-10-08 17:31:14,249 [DEBUG] Accepted segment [11776:12800], variance=0.0617, QRS count=4
2025-10-08 17:31:14,257 [DEBUG] Accepted segment [12288:13312], variance=0.0684, QRS count=5
2025-10-08 17:31:14,265 [DEBUG] Accepted segment [12800:13824], variance=0.0672, QRS count=4
2025-10-08 17:31:14,273 [DEBUG] Accepted segment [13312:14336], variance=0.0669, QRS count=5
2025-10-08 17:31:14,280 [DEBUG] Accepted segment [13824:14848], variance=0.0698, QRS count=4
2025-10-08 17:31:14,289 [DEBUG] Accepted segment [14336:15360], variance=0.0721, QRS count=5
2025-10-08 17:31:14,297 [DEBUG] Accepted segment [14848:15872], variance=0.0806, QRS count=5
2025-10-08 17:31:14,306 [DEBUG] Accepted segment [15360:16384], variance=0.0725, QRS count=6
2025-10-08 17:31:14,314 [DEBUG] Accepted segment [15872:16896], variance=0.0769, QRS count=5
2025-10-08 17:31:14,322 [DEBUG] Accepted segment [16384:17408], variance=0.0851, QRS count=5
2025-10-08 17:31:14,330 [DEBUG] Accepted segment [16896:17920], variance=0.0787, QRS count=6
2025-10-08 17:31:14,338 [DEBUG] Accepted segment [17408:18432], variance=0.0684, QRS count=5
2025-10-08 17:31:14,346 [DEBUG] Accepted segment [17920:18944], variance=0.0600, QRS count=4
2025-10-08 17:31:14,354 [DEBUG] Accepted segment [18432:19456], variance=0.0654, QRS count=5
2025-10-08 17:31:14,362 [DEBUG] Accepted segment [18944:19968], variance=0.0706, QRS count=4
2025-10-08 17:31:14,369 [DEBUG] Accepted segment [19456:20480], variance=0.0615, QRS count=4
2025-10-08 17:31:14,376 [DEBUG] Accepted segment [19968:20992], variance=0.0565, QRS count=4
2025-10-08 17:31:14,383 [DEBUG] Accepted segment [20480:21504], variance=0.0658, QRS count=5
2025-10-08 17:31:14,391 [DEBUG] Accepted segment [20992:22016], variance=0.0707, QRS count=4
2025-10-08 17:31:14,398 [DEBUG] Accepted segment [21504:22528], variance=0.0634, QRS count=4
2025-10-08 17:31:14,405 [DEBUG] Accepted segment [22016:23040], variance=0.0587, QRS count=4
2025-10-08 17:31:14,412 [DEBUG] Accepted segment [22528:23552], variance=0.0665, QRS count=5
2025-10-08 17:31:14,412 [DEBUG] Skipping segment [23040:24064] due to overlap with noise [24000:24800]
2025-10-08 17:31:14,412 [DEBUG] Skipping segment [23552:24576] due to overlap with noise [24000:24800]
2025-10-08 17:31:14,412 [DEBUG] Skipping segment [24064:25088] due to overlap with noise [24000:24800]
2025-10-08 17:31:14,412 [DEBUG] Skipping segment [24576:25600] due to overlap with noise [24000:24800]
2025-10-08 17:31:14,420 [DEBUG] Accepted segment [25088:26112], variance=0.0705, QRS count=6
2025-10-08 17:31:14,428 [DEBUG] Accepted segment [25600:26624], variance=0.0701, QRS count=5
2025-10-08 17:31:14,435 [DEBUG] Accepted segment [26112:27136], variance=0.0624, QRS count=5
2025-10-08 17:31:14,443 [DEBUG] Accepted segment [26624:27648], variance=0.0628, QRS count=6
2025-10-08 17:31:14,450 [DEBUG] Accepted segment [27136:28160], variance=0.0622, QRS count=5
2025-10-08 17:31:14,458 [DEBUG] Accepted segment [27648:28672], variance=0.0545, QRS count=5
2025-10-08 17:31:14,466 [DEBUG] Accepted segment [28160:29184], variance=0.0639, QRS count=5
2025-10-08 17:31:14,473 [DEBUG] Accepted segment [28672:29696], variance=0.0645, QRS count=4
2025-10-08 17:31:14,480 [DEBUG] Accepted segment [29184:30208], variance=0.0619, QRS count=5
2025-10-08 17:31:14,487 [DEBUG] Accepted segment [29696:30720], variance=0.0662, QRS count=5
2025-10-08 17:31:14,494 [DEBUG] Accepted segment [30208:31232], variance=0.0584, QRS count=4
2025-10-08 17:31:14,501 [DEBUG] Accepted segment [30720:31744], variance=0.0632, QRS count=5
2025-10-08 17:31:14,508 [DEBUG] Accepted segment [31232:32256], variance=0.0687, QRS count=4
2025-10-08 17:31:14,515 [DEBUG] Accepted segment [31744:32768], variance=0.0606, QRS count=4
2025-10-08 17:31:14,521 [DEBUG] Accepted segment [32256:33280], variance=0.0556, QRS count=5
2025-10-08 17:31:14,528 [DEBUG] Accepted segment [32768:33792], variance=0.0653, QRS count=5
2025-10-08 17:31:14,535 [DEBUG] Accepted segment [33280:34304], variance=0.0680, QRS count=4
2025-10-08 17:31:14,541 [DEBUG] Accepted segment [33792:34816], variance=0.0583, QRS count=4
2025-10-08 17:31:14,547 [DEBUG] Accepted segment [34304:35328], variance=0.0639, QRS count=5
2025-10-08 17:31:14,554 [DEBUG] Accepted segment [34816:35840], variance=0.0667, QRS count=4
2025-10-08 17:31:14,561 [DEBUG] Accepted segment [35328:36352], variance=0.0591, QRS count=5
2025-10-08 17:31:14,567 [DEBUG] Accepted segment [35840:36864], variance=0.0674, QRS count=5
2025-10-08 17:31:14,574 [DEBUG] Accepted segment [36352:37376], variance=0.0672, QRS count=4
2025-10-08 17:31:14,580 [DEBUG] Accepted segment [36864:37888], variance=0.0557, QRS count=4
2025-10-08 17:31:14,587 [DEBUG] Accepted segment [37376:38400], variance=0.0645, QRS count=4
2025-10-08 17:31:14,595 [DEBUG] Accepted segment [37888:38912], variance=0.0696, QRS count=4
2025-10-08 17:31:14,602 [DEBUG] Accepted segment [38400:39424], variance=0.0600, QRS count=4
2025-10-08 17:31:14,608 [DEBUG] Accepted segment [38912:39936], variance=0.0560, QRS count=4
2025-10-08 17:31:14,615 [DEBUG] Accepted segment [39424:40448], variance=0.0664, QRS count=5
2025-10-08 17:31:14,622 [DEBUG] Accepted segment [39936:40960], variance=0.0676, QRS count=4
2025-10-08 17:31:14,629 [DEBUG] Accepted segment [40448:41472], variance=0.0587, QRS count=4
2025-10-08 17:31:14,636 [DEBUG] Accepted segment [40960:41984], variance=0.0638, QRS count=5
2025-10-08 17:31:14,642 [DEBUG] Accepted segment [41472:42496], variance=0.0685, QRS count=4
2025-10-08 17:31:14,649 [DEBUG] Accepted segment [41984:43008], variance=0.0633, QRS count=4
2025-10-08 17:31:14,656 [DEBUG] Accepted segment [42496:43520], variance=0.0641, QRS count=5
2025-10-08 17:31:14,664 [DEBUG] Accepted segment [43008:44032], variance=0.0666, QRS count=5
2025-10-08 17:31:14,671 [DEBUG] Accepted segment [43520:44544], variance=0.0613, QRS count=4
2025-10-08 17:31:14,678 [DEBUG] Accepted segment [44032:45056], variance=0.0696, QRS count=5
2025-10-08 17:31:14,685 [DEBUG] Accepted segment [44544:45568], variance=0.0793, QRS count=5
2025-10-08 17:31:14,691 [DEBUG] Accepted segment [45056:46080], variance=0.0745, QRS count=5
2025-10-08 17:31:14,698 [DEBUG] Accepted segment [45568:46592], variance=0.0689, QRS count=5
2025-10-08 17:31:14,704 [DEBUG] Accepted segment [46080:47104], variance=0.0612, QRS count=5
2025-10-08 17:31:14,711 [DEBUG] Accepted segment [46592:47616], variance=0.0675, QRS count=5
2025-10-08 17:31:14,718 [DEBUG] Accepted segment [47104:48128], variance=0.0667, QRS count=4
2025-10-08 17:31:14,725 [DEBUG] Accepted segment [47616:48640], variance=0.0650, QRS count=5
2025-10-08 17:31:14,733 [DEBUG] Accepted segment [48128:49152], variance=0.0693, QRS count=4
2025-10-08 17:31:14,740 [DEBUG] Accepted segment [48640:49664], variance=0.0693, QRS count=5
2025-10-08 17:31:14,746 [DEBUG] Accepted segment [49152:50176], variance=0.0686, QRS count=5
2025-10-08 17:31:14,753 [DEBUG] Accepted segment [49664:50688], variance=0.0699, QRS count=5
2025-10-08 17:31:14,760 [DEBUG] Accepted segment [50176:51200], variance=0.0716, QRS count=6
2025-10-08 17:31:14,766 [DEBUG] Accepted segment [50688:51712], variance=0.0602, QRS count=5
2025-10-08 17:31:14,773 [DEBUG] Accepted segment [51200:52224], variance=0.0649, QRS count=5
2025-10-08 17:31:14,780 [DEBUG] Accepted segment [51712:52736], variance=0.0633, QRS count=4
2025-10-08 17:31:14,788 [DEBUG] Accepted segment [52224:53248], variance=0.0603, QRS count=5
2025-10-08 17:31:14,794 [DEBUG] Accepted segment [52736:53760], variance=0.0668, QRS count=5
2025-10-08 17:31:14,801 [DEBUG] Accepted segment [53248:54272], variance=0.0604, QRS count=5
2025-10-08 17:31:14,807 [DEBUG] Accepted segment [53760:54784], variance=0.0667, QRS count=5
2025-10-08 17:31:14,813 [DEBUG] Accepted segment [54272:55296], variance=0.0659, QRS count=4
2025-10-08 17:31:14,819 [DEBUG] Accepted segment [54784:55808], variance=0.0629, QRS count=5
2025-10-08 17:31:14,826 [DEBUG] Accepted segment [55296:56320], variance=0.0680, QRS count=5
2025-10-08 17:31:14,832 [DEBUG] Accepted segment [55808:56832], variance=0.0606, QRS count=4
2025-10-08 17:31:14,838 [DEBUG] Accepted segment [56320:57344], variance=0.0672, QRS count=5
2025-10-08 17:31:14,845 [DEBUG] Accepted segment [56832:57856], variance=0.0676, QRS count=4
2025-10-08 17:31:14,851 [DEBUG] Accepted segment [57344:58368], variance=0.0666, QRS count=5
2025-10-08 17:31:14,857 [DEBUG] Accepted segment [57856:58880], variance=0.0669, QRS count=4
2025-10-08 17:31:14,864 [DEBUG] Accepted segment [58368:59392], variance=0.0631, QRS count=5
2025-10-08 17:31:14,870 [DEBUG] Accepted segment [58880:59904], variance=0.0658, QRS count=4
2025-10-08 17:31:14,876 [DEBUG] Accepted segment [59392:60416], variance=0.0663, QRS count=5
2025-10-08 17:31:14,883 [DEBUG] Accepted segment [59904:60928], variance=0.0609, QRS count=5
2025-10-08 17:31:14,889 [DEBUG] Accepted segment [60416:61440], variance=0.0636, QRS count=5
2025-10-08 17:31:14,896 [DEBUG] Accepted segment [60928:61952], variance=0.0645, QRS count=4
2025-10-08 17:31:14,902 [DEBUG] Accepted segment [61440:62464], variance=0.0635, QRS count=5
2025-10-08 17:31:14,908 [DEBUG] Accepted segment [61952:62976], variance=0.0681, QRS count=5
2025-10-08 17:31:14,914 [DEBUG] Accepted segment [62464:63488], variance=0.0672, QRS count=5
2025-10-08 17:31:14,920 [DEBUG] Accepted segment [62976:64000], variance=0.0674, QRS count=5
2025-10-08 17:31:14,926 [DEBUG] Accepted segment [63488:64512], variance=0.0614, QRS count=4
2025-10-08 17:31:14,932 [DEBUG] Accepted segment [64000:65024], variance=0.0665, QRS count=4
2025-10-08 17:31:14,938 [DEBUG] Accepted segment [64512:65536], variance=0.0698, QRS count=4
2025-10-08 17:31:14,944 [DEBUG] Accepted segment [65024:66048], variance=0.0600, QRS count=4
2025-10-08 17:31:14,950 [DEBUG] Accepted segment [65536:66560], variance=0.0562, QRS count=4
2025-10-08 17:31:14,956 [DEBUG] Accepted segment [66048:67072], variance=0.0646, QRS count=5
2025-10-08 17:31:14,962 [DEBUG] Accepted segment [66560:67584], variance=0.0682, QRS count=4
2025-10-08 17:31:14,967 [DEBUG] Accepted segment [67072:68096], variance=0.0609, QRS count=4
2025-10-08 17:31:14,973 [DEBUG] Accepted segment [67584:68608], variance=0.0569, QRS count=4
2025-10-08 17:31:14,979 [DEBUG] Accepted segment [68096:69120], variance=0.0652, QRS count=5
2025-10-08 17:31:14,985 [DEBUG] Accepted segment [68608:69632], variance=0.0696, QRS count=4
2025-10-08 17:31:14,991 [DEBUG] Accepted segment [69120:70144], variance=0.0609, QRS count=4
2025-10-08 17:31:14,997 [DEBUG] Accepted segment [69632:70656], variance=0.0629, QRS count=5
2025-10-08 17:31:15,003 [DEBUG] Accepted segment [70144:71168], variance=0.0675, QRS count=4
2025-10-08 17:31:15,008 [DEBUG] Accepted segment [70656:71680], variance=0.0603, QRS count=4
2025-10-08 17:31:15,015 [DEBUG] Accepted segment [71168:72192], variance=0.0674, QRS count=5
2025-10-08 17:31:15,021 [DEBUG] Accepted segment [71680:72704], variance=0.0668, QRS count=4
2025-10-08 17:31:15,027 [DEBUG] Accepted segment [72192:73216], variance=0.0556, QRS count=4
2025-10-08 17:31:15,033 [DEBUG] Accepted segment [72704:73728], variance=0.0672, QRS count=5
2025-10-08 17:31:15,039 [DEBUG] Accepted segment [73216:74240], variance=0.0669, QRS count=4
2025-10-08 17:31:15,045 [DEBUG] Accepted segment [73728:74752], variance=0.0551, QRS count=5
2025-10-08 17:31:15,052 [DEBUG] Accepted segment [74240:75264], variance=0.0668, QRS count=5
2025-10-08 17:31:15,058 [DEBUG] Accepted segment [74752:75776], variance=0.0669, QRS count=4
2025-10-08 17:31:15,063 [DEBUG] Accepted segment [75264:76288], variance=0.0631, QRS count=4
2025-10-08 17:31:15,068 [DEBUG] Accepted segment [75776:76800], variance=0.0682, QRS count=5
2025-10-08 17:31:15,074 [DEBUG] Accepted segment [76288:77312], variance=0.0602, QRS count=4
2025-10-08 17:31:15,080 [DEBUG] Accepted segment [76800:77824], variance=0.0663, QRS count=5
2025-10-08 17:31:15,085 [DEBUG] Accepted segment [77312:78336], variance=0.0746, QRS count=5
2025-10-08 17:31:15,091 [DEBUG] Accepted segment [77824:78848], variance=0.0747, QRS count=5
2025-10-08 17:31:15,096 [DEBUG] Accepted segment [78336:79360], variance=0.0700, QRS count=5
2025-10-08 17:31:15,102 [DEBUG] Accepted segment [78848:79872], variance=0.0689, QRS count=5
2025-10-08 17:31:15,108 [DEBUG] Accepted segment [79360:80384], variance=0.0664, QRS count=4
2025-10-08 17:31:15,113 [DEBUG] Accepted segment [79872:80896], variance=0.0676, QRS count=5
2025-10-08 17:31:15,119 [DEBUG] Accepted segment [80384:81408], variance=0.0665, QRS count=4
2025-10-08 17:31:15,125 [DEBUG] Accepted segment [80896:81920], variance=0.0647, QRS count=5
2025-10-08 17:31:15,130 [DEBUG] Accepted segment [81408:82432], variance=0.0655, QRS count=4
2025-10-08 17:31:15,136 [DEBUG] Accepted segment [81920:82944], variance=0.0642, QRS count=5
2025-10-08 17:31:15,141 [DEBUG] Accepted segment [82432:83456], variance=0.0676, QRS count=5
2025-10-08 17:31:15,147 [DEBUG] Accepted segment [82944:83968], variance=0.0592, QRS count=4
2025-10-08 17:31:15,152 [DEBUG] Accepted segment [83456:84480], variance=0.0647, QRS count=5
2025-10-08 17:31:15,158 [DEBUG] Accepted segment [83968:84992], variance=0.0657, QRS count=4
2025-10-08 17:31:15,164 [DEBUG] Accepted segment [84480:85504], variance=0.0633, QRS count=5
2025-10-08 17:31:15,170 [DEBUG] Accepted segment [84992:86016], variance=0.0668, QRS count=5
2025-10-08 17:31:15,177 [DEBUG] Accepted segment [85504:86528], variance=0.0680, QRS count=5
2025-10-08 17:31:15,182 [DEBUG] Accepted segment [86016:87040], variance=0.0652, QRS count=4
2025-10-08 17:31:15,188 [DEBUG] Accepted segment [86528:87552], variance=0.0649, QRS count=5
2025-10-08 17:31:15,193 [DEBUG] Accepted segment [87040:88064], variance=0.0665, QRS count=4
2025-10-08 17:31:15,199 [DEBUG] Accepted segment [87552:88576], variance=0.0640, QRS count=5
2025-10-08 17:31:15,204 [DEBUG] Accepted segment [88064:89088], variance=0.0637, QRS count=5
2025-10-08 17:31:15,210 [DEBUG] Accepted segment [88576:89600], variance=0.0630, QRS count=4
2025-10-08 17:31:15,215 [DEBUG] Accepted segment [89088:90112], variance=0.0606, QRS count=5
2025-10-08 17:31:15,220 [DEBUG] Accepted segment [89600:90624], variance=0.0560, QRS count=4
2025-10-08 17:31:15,226 [DEBUG] Accepted segment [90112:91136], variance=0.0542, QRS count=4
2025-10-08 17:31:15,231 [DEBUG] Accepted segment [90624:91648], variance=0.0615, QRS count=5
2025-10-08 17:31:15,236 [DEBUG] Accepted segment [91136:92160], variance=0.0635, QRS count=4
2025-10-08 17:31:15,242 [DEBUG] Accepted segment [91648:92672], variance=0.0539, QRS count=5
2025-10-08 17:31:15,247 [DEBUG] Accepted segment [92160:93184], variance=0.0651, QRS count=5
2025-10-08 17:31:15,252 [DEBUG] Accepted segment [92672:93696], variance=0.0663, QRS count=4
2025-10-08 17:31:15,258 [DEBUG] Accepted segment [93184:94208], variance=0.0542, QRS count=4
2025-10-08 17:31:15,263 [DEBUG] Accepted segment [93696:94720], variance=0.0644, QRS count=5
2025-10-08 17:31:15,268 [DEBUG] Accepted segment [94208:95232], variance=0.0639, QRS count=4
2025-10-08 17:31:15,273 [DEBUG] Accepted segment [94720:95744], variance=0.0533, QRS count=4
2025-10-08 17:31:15,278 [DEBUG] Accepted segment [95232:96256], variance=0.0611, QRS count=5
2025-10-08 17:31:15,283 [DEBUG] Accepted segment [95744:96768], variance=0.0647, QRS count=4
2025-10-08 17:31:15,288 [DEBUG] Accepted segment [96256:97280], variance=0.0575, QRS count=5
2025-10-08 17:31:15,293 [DEBUG] Accepted segment [96768:97792], variance=0.0637, QRS count=5
2025-10-08 17:31:15,293 [DEBUG] Skipping segment [97280:98304] due to overlap with noise [98200:101600]
2025-10-08 17:31:15,293 [DEBUG] Skipping segment [97792:98816] due to overlap with noise [98200:101600]
2025-10-08 17:31:15,294 [DEBUG] Skipping segment [98304:99328] due to overlap with noise [98200:101600]
2025-10-08 17:31:15,294 [DEBUG] Skipping segment [98816:99840] due to overlap with noise [98200:101600]
2025-10-08 17:31:15,294 [DEBUG] Skipping segment [99328:100352] due to overlap with noise [98200:101600]
2025-10-08 17:31:15,294 [DEBUG] Skipping segment [99840:100864] due to overlap with noise [98200:101600]
2025-10-08 17:31:15,294 [DEBUG] Skipping segment [100352:101376] due to overlap with noise [98200:101600]
2025-10-08 17:31:15,294 [DEBUG] Skipping segment [100864:101888] due to overlap with noise [98200:101600]
2025-10-08 17:31:15,294 [DEBUG] Skipping segment [101376:102400] due to overlap with noise [98200:101600]
2025-10-08 17:31:15,299 [DEBUG] Accepted segment [101888:102912], variance=0.0620, QRS count=5
2025-10-08 17:31:15,304 [DEBUG] Accepted segment [102400:103424], variance=0.0601, QRS count=5
2025-10-08 17:31:15,309 [DEBUG] Accepted segment [102912:103936], variance=0.0623, QRS count=4
2025-10-08 17:31:15,315 [DEBUG] Accepted segment [103424:104448], variance=0.0644, QRS count=5
2025-10-08 17:31:15,320 [DEBUG] Accepted segment [103936:104960], variance=0.0658, QRS count=5
2025-10-08 17:31:15,325 [DEBUG] Accepted segment [104448:105472], variance=0.0645, QRS count=5
2025-10-08 17:31:15,330 [DEBUG] Accepted segment [104960:105984], variance=0.0644, QRS count=5
2025-10-08 17:31:15,335 [DEBUG] Accepted segment [105472:106496], variance=0.0673, QRS count=5
2025-10-08 17:31:15,340 [DEBUG] Accepted segment [105984:107008], variance=0.0652, QRS count=5
2025-10-08 17:31:15,346 [DEBUG] Accepted segment [106496:107520], variance=0.0622, QRS count=5
2025-10-08 17:31:15,351 [DEBUG] Accepted segment [107008:108032], variance=0.0632, QRS count=4
2025-10-08 17:31:15,356 [DEBUG] Accepted segment [107520:108544], variance=0.0575, QRS count=4
2025-10-08 17:31:15,361 [DEBUG] Accepted segment [108032:109056], variance=0.0623, QRS count=5
2025-10-08 17:31:15,366 [DEBUG] Accepted segment [108544:109568], variance=0.0661, QRS count=4
2025-10-08 17:31:15,366 [DEBUG] Skipping segment [109056:110080] due to overlap with noise [110000:110800]
2025-10-08 17:31:15,366 [DEBUG] Skipping segment [109568:110592] due to overlap with noise [110000:110800]
2025-10-08 17:31:15,367 [DEBUG] Skipping segment [110080:111104] due to overlap with noise [110000:110800]
2025-10-08 17:31:15,367 [DEBUG] Skipping segment [110592:111616] due to overlap with noise [110000:110800]
2025-10-08 17:31:15,372 [DEBUG] Accepted segment [111104:112128], variance=0.0659, QRS count=5
2025-10-08 17:31:15,377 [DEBUG] Accepted segment [111616:112640], variance=0.0660, QRS count=4
2025-10-08 17:31:15,382 [DEBUG] Accepted segment [112128:113152], variance=0.0650, QRS count=5
2025-10-08 17:31:15,387 [DEBUG] Accepted segment [112640:113664], variance=0.0650, QRS count=4
2025-10-08 17:31:15,392 [DEBUG] Accepted segment [113152:114176], variance=0.0616, QRS count=5
2025-10-08 17:31:15,397 [DEBUG] Accepted segment [113664:114688], variance=0.0663, QRS count=4
2025-10-08 17:31:15,403 [DEBUG] Accepted segment [114176:115200], variance=0.0597, QRS count=4
2025-10-08 17:31:15,408 [DEBUG] Accepted segment [114688:115712], variance=0.0616, QRS count=5
2025-10-08 17:31:15,413 [DEBUG] Accepted segment [115200:116224], variance=0.0643, QRS count=4
2025-10-08 17:31:15,419 [DEBUG] Accepted segment [115712:116736], variance=0.0654, QRS count=5
2025-10-08 17:31:15,425 [DEBUG] Accepted segment [116224:117248], variance=0.0645, QRS count=5
2025-10-08 17:31:15,431 [DEBUG] Accepted segment [116736:117760], variance=0.0676, QRS count=5
2025-10-08 17:31:15,431 [DEBUG] Skipping segment [117248:118272] due to overlap with noise [118000:119600]
2025-10-08 17:31:15,431 [DEBUG] Skipping segment [117760:118784] due to overlap with noise [118000:119600]
2025-10-08 17:31:15,431 [DEBUG] Skipping segment [118272:119296] due to overlap with noise [118000:119600]
2025-10-08 17:31:15,431 [DEBUG] Skipping segment [118784:119808] due to overlap with noise [118000:119600]
2025-10-08 17:31:15,431 [DEBUG] Skipping segment [119296:120320] due to overlap with noise [118000:119600]
2025-10-08 17:31:15,436 [DEBUG] Accepted segment [119808:120832], variance=0.0673, QRS count=5
2025-10-08 17:31:15,442 [DEBUG] Accepted segment [120320:121344], variance=0.0726, QRS count=5
2025-10-08 17:31:15,448 [DEBUG] Accepted segment [120832:121856], variance=0.0690, QRS count=6
2025-10-08 17:31:15,454 [DEBUG] Accepted segment [121344:122368], variance=0.0672, QRS count=6
2025-10-08 17:31:15,459 [DEBUG] Accepted segment [121856:122880], variance=0.0585, QRS count=5
2025-10-08 17:31:15,465 [DEBUG] Accepted segment [122368:123392], variance=0.0596, QRS count=5
2025-10-08 17:31:15,470 [DEBUG] Accepted segment [122880:123904], variance=0.0629, QRS count=4
2025-10-08 17:31:15,475 [DEBUG] Accepted segment [123392:124416], variance=0.0610, QRS count=5
2025-10-08 17:31:15,480 [DEBUG] Accepted segment [123904:124928], variance=0.0617, QRS count=4
2025-10-08 17:31:15,485 [DEBUG] Accepted segment [124416:125440], variance=0.0623, QRS count=5
2025-10-08 17:31:15,490 [DEBUG] Accepted segment [124928:125952], variance=0.0606, QRS count=4
2025-10-08 17:31:15,495 [DEBUG] Accepted segment [125440:126464], variance=0.0610, QRS count=5
2025-10-08 17:31:15,500 [DEBUG] Accepted segment [125952:126976], variance=0.0601, QRS count=4
2025-10-08 17:31:15,505 [DEBUG] Accepted segment [126464:127488], variance=0.0592, QRS count=5
2025-10-08 17:31:15,505 [INFO] Segmented signal of length 127999 into 220 valid segments
2025-10-08 17:31:16,811 [INFO] Epoch 6 - Loss: 0.0190, MAE: 0.0988, Val Loss: 0.4121, Val MAE: 0.3516
2025-10-08 17:31:17,886 [DEBUG] Accepted segment [0:1024], variance=0.0402, QRS count=6
2025-10-08 17:31:17,904 [DEBUG] Accepted segment [512:1536], variance=0.0419, QRS count=6
2025-10-08 17:31:17,922 [DEBUG] Accepted segment [1024:2048], variance=0.0415, QRS count=6
2025-10-08 17:31:17,940 [DEBUG] Accepted segment [1536:2560], variance=0.0390, QRS count=6
2025-10-08 17:31:17,956 [DEBUG] Accepted segment [2048:3072], variance=0.0377, QRS count=6
2025-10-08 17:31:17,972 [DEBUG] Accepted segment [2560:3584], variance=0.0409, QRS count=6
2025-10-08 17:31:17,992 [DEBUG] Accepted segment [3072:4096], variance=0.0414, QRS count=5
2025-10-08 17:31:18,007 [DEBUG] Accepted segment [3584:4608], variance=0.0384, QRS count=5
2025-10-08 17:31:18,022 [DEBUG] Accepted segment [4096:5120], variance=0.0392, QRS count=5
2025-10-08 17:31:18,035 [DEBUG] Accepted segment [4608:5632], variance=0.0402, QRS count=5
2025-10-08 17:31:18,051 [DEBUG] Accepted segment [5120:6144], variance=0.0394, QRS count=5
2025-10-08 17:31:18,066 [DEBUG] Accepted segment [5632:6656], variance=0.0395, QRS count=5
2025-10-08 17:31:18,084 [DEBUG] Accepted segment [6144:7168], variance=0.0415, QRS count=5
2025-10-08 17:31:18,103 [DEBUG] Accepted segment [6656:7680], variance=0.0433, QRS count=5
2025-10-08 17:31:18,123 [DEBUG] Accepted segment [7168:8192], variance=0.0412, QRS count=5
2025-10-08 17:31:18,145 [DEBUG] Accepted segment [7680:8704], variance=0.0387, QRS count=6
2025-10-08 17:31:18,159 [DEBUG] Accepted segment [8192:9216], variance=0.0424, QRS count=6
2025-10-08 17:31:18,170 [DEBUG] Accepted segment [8704:9728], variance=0.0459, QRS count=6
2025-10-08 17:31:18,183 [DEBUG] Accepted segment [9216:10240], variance=0.0427, QRS count=5
2025-10-08 17:31:18,199 [DEBUG] Accepted segment [9728:10752], variance=0.0465, QRS count=5
2025-10-08 17:31:18,217 [DEBUG] Accepted segment [10240:11264], variance=0.0452, QRS count=6
2025-10-08 17:31:18,239 [DEBUG] Accepted segment [10752:11776], variance=0.0496, QRS count=6
2025-10-08 17:31:18,260 [DEBUG] Accepted segment [11264:12288], variance=0.0525, QRS count=6
2025-10-08 17:31:18,283 [DEBUG] Accepted segment [11776:12800], variance=0.0397, QRS count=6
2025-10-08 17:31:18,304 [DEBUG] Accepted segment [12288:13312], variance=0.0377, QRS count=6
2025-10-08 17:31:18,325 [DEBUG] Accepted segment [12800:13824], variance=0.0388, QRS count=6
2025-10-08 17:31:18,348 [DEBUG] Accepted segment [13312:14336], variance=0.0378, QRS count=6
2025-10-08 17:31:18,372 [DEBUG] Accepted segment [13824:14848], variance=0.0385, QRS count=6
2025-10-08 17:31:18,395 [DEBUG] Accepted segment [14336:15360], variance=0.0398, QRS count=6
2025-10-08 17:31:18,420 [DEBUG] Accepted segment [14848:15872], variance=0.0393, QRS count=5
2025-10-08 17:31:18,458 [DEBUG] Accepted segment [15360:16384], variance=0.0346, QRS count=6
2025-10-08 17:31:18,500 [DEBUG] Accepted segment [15872:16896], variance=0.0356, QRS count=5
2025-10-08 17:31:18,538 [DEBUG] Accepted segment [16384:17408], variance=0.0412, QRS count=5
2025-10-08 17:31:18,565 [DEBUG] Accepted segment [16896:17920], variance=0.0429, QRS count=5
2025-10-08 17:31:18,599 [DEBUG] Accepted segment [17408:18432], variance=0.0438, QRS count=5
2025-10-08 17:31:18,636 [DEBUG] Accepted segment [17920:18944], variance=0.0445, QRS count=5
2025-10-08 17:31:18,671 [DEBUG] Accepted segment [18432:19456], variance=0.0446, QRS count=5
2025-10-08 17:31:18,698 [DEBUG] Accepted segment [18944:19968], variance=0.0441, QRS count=5
2025-10-08 17:31:18,727 [DEBUG] Accepted segment [19456:20480], variance=0.0441, QRS count=5
2025-10-08 17:31:18,756 [DEBUG] Accepted segment [19968:20992], variance=0.0429, QRS count=5
2025-10-08 17:31:18,787 [DEBUG] Accepted segment [20480:21504], variance=0.0406, QRS count=5
2025-10-08 17:31:18,806 [DEBUG] Accepted segment [20992:22016], variance=0.0402, QRS count=5
2025-10-08 17:31:18,824 [DEBUG] Accepted segment [21504:22528], variance=0.0406, QRS count=5
2025-10-08 17:31:18,844 [DEBUG] Accepted segment [22016:23040], variance=0.0405, QRS count=5
2025-10-08 17:31:18,862 [DEBUG] Accepted segment [22528:23552], variance=0.0406, QRS count=5
2025-10-08 17:31:18,877 [DEBUG] Accepted segment [23040:24064], variance=0.0412, QRS count=5
2025-10-08 17:31:18,893 [DEBUG] Accepted segment [23552:24576], variance=0.0423, QRS count=5
2025-10-08 17:31:18,909 [DEBUG] Accepted segment [24064:25088], variance=0.0420, QRS count=6
2025-10-08 17:31:18,925 [DEBUG] Accepted segment [24576:25600], variance=0.0412, QRS count=6
2025-10-08 17:31:18,942 [DEBUG] Accepted segment [25088:26112], variance=0.0412, QRS count=6
2025-10-08 17:31:18,958 [DEBUG] Accepted segment [25600:26624], variance=0.0407, QRS count=6
2025-10-08 17:31:18,976 [DEBUG] Accepted segment [26112:27136], variance=0.0394, QRS count=6
2025-10-08 17:31:18,999 [DEBUG] Accepted segment [26624:27648], variance=0.0471, QRS count=6
2025-10-08 17:31:19,017 [DEBUG] Accepted segment [27136:28160], variance=0.0493, QRS count=6
2025-10-08 17:31:19,034 [DEBUG] Accepted segment [27648:28672], variance=0.0420, QRS count=6
2025-10-08 17:31:19,051 [DEBUG] Accepted segment [28160:29184], variance=0.0394, QRS count=5
2025-10-08 17:31:19,071 [DEBUG] Accepted segment [28672:29696], variance=0.0345, QRS count=5
2025-10-08 17:31:19,087 [DEBUG] Accepted segment [29184:30208], variance=0.0353, QRS count=5
2025-10-08 17:31:19,101 [DEBUG] Accepted segment [29696:30720], variance=0.0395, QRS count=5
2025-10-08 17:31:19,116 [DEBUG] Accepted segment [30208:31232], variance=0.0400, QRS count=5
2025-10-08 17:31:19,133 [DEBUG] Accepted segment [30720:31744], variance=0.0419, QRS count=5
2025-10-08 17:31:19,152 [DEBUG] Accepted segment [31232:32256], variance=0.0425, QRS count=5
2025-10-08 17:31:19,175 [DEBUG] Accepted segment [31744:32768], variance=0.0409, QRS count=5
2025-10-08 17:31:19,192 [DEBUG] Accepted segment [32256:33280], variance=0.0398, QRS count=5
2025-10-08 17:31:19,211 [DEBUG] Accepted segment [32768:33792], variance=0.0410, QRS count=5
2025-10-08 17:31:19,230 [DEBUG] Accepted segment [33280:34304], variance=0.0416, QRS count=5
2025-10-08 17:31:19,243 [DEBUG] Accepted segment [33792:34816], variance=0.0405, QRS count=5
2025-10-08 17:31:19,259 [DEBUG] Accepted segment [34304:35328], variance=0.0395, QRS count=6
2025-10-08 17:31:19,279 [DEBUG] Accepted segment [34816:35840], variance=0.0397, QRS count=6
2025-10-08 17:31:19,305 [DEBUG] Accepted segment [35328:36352], variance=0.0419, QRS count=6
2025-10-08 17:31:19,339 [DEBUG] Accepted segment [35840:36864], variance=0.0427, QRS count=6
2025-10-08 17:31:19,368 [DEBUG] Accepted segment [36352:37376], variance=0.0419, QRS count=6
2025-10-08 17:31:19,392 [DEBUG] Accepted segment [36864:37888], variance=0.0411, QRS count=6
2025-10-08 17:31:19,419 [DEBUG] Accepted segment [37376:38400], variance=0.0402, QRS count=5
2025-10-08 17:31:19,447 [DEBUG] Accepted segment [37888:38912], variance=0.0358, QRS count=6
2025-10-08 17:31:19,483 [DEBUG] Accepted segment [38400:39424], variance=0.0363, QRS count=5
2025-10-08 17:31:19,529 [DEBUG] Accepted segment [38912:39936], variance=0.0418, QRS count=5
2025-10-08 17:31:19,577 [DEBUG] Accepted segment [39424:40448], variance=0.0436, QRS count=5
2025-10-08 17:31:19,653 [DEBUG] Accepted segment [39936:40960], variance=0.0433, QRS count=5
2025-10-08 17:31:19,704 [DEBUG] Accepted segment [40448:41472], variance=0.0420, QRS count=5
2025-10-08 17:31:19,753 [DEBUG] Accepted segment [40960:41984], variance=0.0409, QRS count=5
2025-10-08 17:31:19,795 [DEBUG] Accepted segment [41472:42496], variance=0.0399, QRS count=6
2025-10-08 17:31:19,831 [DEBUG] Accepted segment [41984:43008], variance=0.0410, QRS count=6
2025-10-08 17:31:19,881 [DEBUG] Accepted segment [42496:43520], variance=0.0423, QRS count=6
2025-10-08 17:31:19,927 [DEBUG] Accepted segment [43008:44032], variance=0.0413, QRS count=6
2025-10-08 17:31:19,978 [DEBUG] Accepted segment [43520:44544], variance=0.0393, QRS count=6
2025-10-08 17:31:20,031 [DEBUG] Accepted segment [44032:45056], variance=0.0401, QRS count=6
2025-10-08 17:31:20,075 [DEBUG] Accepted segment [44544:45568], variance=0.0421, QRS count=6
2025-10-08 17:31:20,121 [DEBUG] Accepted segment [45056:46080], variance=0.0420, QRS count=6
2025-10-08 17:31:20,160 [DEBUG] Accepted segment [45568:46592], variance=0.0406, QRS count=6
2025-10-08 17:31:20,176 [DEBUG] Accepted segment [46080:47104], variance=0.0402, QRS count=6
2025-10-08 17:31:20,199 [DEBUG] Accepted segment [46592:47616], variance=0.0409, QRS count=6
2025-10-08 17:31:20,221 [DEBUG] Accepted segment [47104:48128], variance=0.0409, QRS count=6
2025-10-08 17:31:20,238 [DEBUG] Accepted segment [47616:48640], variance=0.0406, QRS count=6
2025-10-08 17:31:20,261 [DEBUG] Accepted segment [48128:49152], variance=0.0408, QRS count=5
2025-10-08 17:31:20,287 [DEBUG] Accepted segment [48640:49664], variance=0.0422, QRS count=5
2025-10-08 17:31:20,314 [DEBUG] Accepted segment [49152:50176], variance=0.0407, QRS count=5
2025-10-08 17:31:20,344 [DEBUG] Accepted segment [49664:50688], variance=0.0342, QRS count=6
2025-10-08 17:31:20,369 [DEBUG] Accepted segment [50176:51200], variance=0.0361, QRS count=5
2025-10-08 17:31:20,392 [DEBUG] Accepted segment [50688:51712], variance=0.0422, QRS count=5
2025-10-08 17:31:20,418 [DEBUG] Accepted segment [51200:52224], variance=0.0421, QRS count=5
2025-10-08 17:31:20,440 [DEBUG] Accepted segment [51712:52736], variance=0.0413, QRS count=5
2025-10-08 17:31:20,474 [DEBUG] Accepted segment [52224:53248], variance=0.0424, QRS count=5
2025-10-08 17:31:20,500 [DEBUG] Accepted segment [52736:53760], variance=0.0428, QRS count=5
2025-10-08 17:31:20,522 [DEBUG] Accepted segment [53248:54272], variance=0.0407, QRS count=6
2025-10-08 17:31:20,542 [DEBUG] Accepted segment [53760:54784], variance=0.0401, QRS count=6
2025-10-08 17:31:20,564 [DEBUG] Accepted segment [54272:55296], variance=0.0403, QRS count=6
2025-10-08 17:31:20,590 [DEBUG] Accepted segment [54784:55808], variance=0.0409, QRS count=6
2025-10-08 17:31:20,610 [DEBUG] Accepted segment [55296:56320], variance=0.0409, QRS count=5
2025-10-08 17:31:20,638 [DEBUG] Accepted segment [55808:56832], variance=0.0340, QRS count=6
2025-10-08 17:31:20,662 [DEBUG] Accepted segment [56320:57344], variance=0.0343, QRS count=6
2025-10-08 17:31:20,683 [DEBUG] Accepted segment [56832:57856], variance=0.0403, QRS count=5
2025-10-08 17:31:20,702 [DEBUG] Accepted segment [57344:58368], variance=0.0385, QRS count=5
2025-10-08 17:31:20,722 [DEBUG] Accepted segment [57856:58880], variance=0.0381, QRS count=5
2025-10-08 17:31:20,742 [DEBUG] Accepted segment [58368:59392], variance=0.0402, QRS count=5
2025-10-08 17:31:20,763 [DEBUG] Accepted segment [58880:59904], variance=0.0411, QRS count=5
2025-10-08 17:31:20,785 [DEBUG] Accepted segment [59392:60416], variance=0.0399, QRS count=5
2025-10-08 17:31:20,807 [DEBUG] Accepted segment [59904:60928], variance=0.0400, QRS count=6
2025-10-08 17:31:20,828 [DEBUG] Accepted segment [60416:61440], variance=0.0408, QRS count=6
2025-10-08 17:31:20,849 [DEBUG] Accepted segment [60928:61952], variance=0.0404, QRS count=6
2025-10-08 17:31:20,867 [DEBUG] Accepted segment [61440:62464], variance=0.0402, QRS count=6
2025-10-08 17:31:20,886 [DEBUG] Accepted segment [61952:62976], variance=0.0393, QRS count=5
2025-10-08 17:31:20,915 [DEBUG] Accepted segment [62464:63488], variance=0.0352, QRS count=6
2025-10-08 17:31:20,939 [DEBUG] Accepted segment [62976:64000], variance=0.0403, QRS count=5
2025-10-08 17:31:20,963 [DEBUG] Accepted segment [63488:64512], variance=0.0450, QRS count=6
2025-10-08 17:31:20,988 [DEBUG] Accepted segment [64000:65024], variance=0.0414, QRS count=6
2025-10-08 17:31:21,013 [DEBUG] Accepted segment [64512:65536], variance=0.0425, QRS count=6
2025-10-08 17:31:21,037 [DEBUG] Accepted segment [65024:66048], variance=0.0414, QRS count=6
2025-10-08 17:31:21,067 [DEBUG] Accepted segment [65536:66560], variance=0.0358, QRS count=6
2025-10-08 17:31:21,090 [DEBUG] Accepted segment [66048:67072], variance=0.0355, QRS count=6
2025-10-08 17:31:21,120 [DEBUG] Accepted segment [66560:67584], variance=0.0398, QRS count=5
2025-10-08 17:31:21,144 [DEBUG] Accepted segment [67072:68096], variance=0.0410, QRS count=5
2025-10-08 17:31:21,167 [DEBUG] Accepted segment [67584:68608], variance=0.0393, QRS count=5
2025-10-08 17:31:21,188 [DEBUG] Accepted segment [68096:69120], variance=0.0400, QRS count=5
2025-10-08 17:31:21,216 [DEBUG] Accepted segment [68608:69632], variance=0.0419, QRS count=5
2025-10-08 17:31:21,227 [DEBUG] Accepted segment [69120:70144], variance=0.0409, QRS count=5
2025-10-08 17:31:21,242 [DEBUG] Accepted segment [69632:70656], variance=0.0407, QRS count=5
2025-10-08 17:31:21,256 [DEBUG] Accepted segment [70144:71168], variance=0.0428, QRS count=6
2025-10-08 17:31:21,271 [DEBUG] Accepted segment [70656:71680], variance=0.0434, QRS count=6
2025-10-08 17:31:21,285 [DEBUG] Accepted segment [71168:72192], variance=0.1024, QRS count=6
2025-10-08 17:31:21,300 [DEBUG] Accepted segment [71680:72704], variance=0.1012, QRS count=6
2025-10-08 17:31:21,315 [DEBUG] Accepted segment [72192:73216], variance=0.0421, QRS count=6
2025-10-08 17:31:21,331 [DEBUG] Accepted segment [72704:73728], variance=0.0443, QRS count=6
2025-10-08 17:31:21,345 [DEBUG] Accepted segment [73216:74240], variance=0.0363, QRS count=5
2025-10-08 17:31:21,366 [DEBUG] Accepted segment [73728:74752], variance=0.0346, QRS count=5
2025-10-08 17:31:21,384 [DEBUG] Accepted segment [74240:75264], variance=0.0419, QRS count=5
2025-10-08 17:31:21,406 [DEBUG] Accepted segment [74752:75776], variance=0.0424, QRS count=5
2025-10-08 17:31:21,425 [DEBUG] Accepted segment [75264:76288], variance=0.0417, QRS count=6
2025-10-08 17:31:21,444 [DEBUG] Accepted segment [75776:76800], variance=0.0351, QRS count=5
2025-10-08 17:31:21,465 [DEBUG] Accepted segment [76288:77312], variance=0.0362, QRS count=5
2025-10-08 17:31:21,488 [DEBUG] Accepted segment [76800:77824], variance=0.0426, QRS count=5
2025-10-08 17:31:21,509 [DEBUG] Accepted segment [77312:78336], variance=0.0413, QRS count=5
2025-10-08 17:31:21,531 [DEBUG] Accepted segment [77824:78848], variance=0.0425, QRS count=6
2025-10-08 17:31:21,548 [DEBUG] Accepted segment [78336:79360], variance=0.0376, QRS count=6
2025-10-08 17:31:21,564 [DEBUG] Accepted segment [78848:79872], variance=0.0357, QRS count=5
2025-10-08 17:31:21,591 [DEBUG] Accepted segment [79360:80384], variance=0.0419, QRS count=5
2025-10-08 17:31:21,613 [DEBUG] Accepted segment [79872:80896], variance=0.0437, QRS count=5
2025-10-08 17:31:21,636 [DEBUG] Accepted segment [80384:81408], variance=0.0438, QRS count=6
2025-10-08 17:31:21,649 [DEBUG] Accepted segment [80896:81920], variance=0.0365, QRS count=5
2025-10-08 17:31:21,658 [DEBUG] Accepted segment [81408:82432], variance=0.0377, QRS count=5
2025-10-08 17:31:21,671 [DEBUG] Accepted segment [81920:82944], variance=0.0453, QRS count=5
2025-10-08 17:31:21,689 [DEBUG] Accepted segment [82432:83456], variance=0.0444, QRS count=5
2025-10-08 17:31:21,708 [DEBUG] Accepted segment [82944:83968], variance=0.0439, QRS count=6
2025-10-08 17:31:21,732 [DEBUG] Accepted segment [83456:84480], variance=0.0381, QRS count=6
2025-10-08 17:31:21,753 [DEBUG] Accepted segment [83968:84992], variance=0.0375, QRS count=5
2025-10-08 17:31:21,775 [DEBUG] Accepted segment [84480:85504], variance=0.0438, QRS count=5
2025-10-08 17:31:21,795 [DEBUG] Accepted segment [84992:86016], variance=0.0450, QRS count=5
2025-10-08 17:31:21,821 [DEBUG] Accepted segment [85504:86528], variance=0.0438, QRS count=6
2025-10-08 17:31:21,840 [DEBUG] Accepted segment [86016:87040], variance=0.0395, QRS count=6
2025-10-08 17:31:21,856 [DEBUG] Accepted segment [86528:87552], variance=0.0371, QRS count=6
2025-10-08 17:31:21,876 [DEBUG] Accepted segment [87040:88064], variance=0.0333, QRS count=5
2025-10-08 17:31:21,900 [DEBUG] Accepted segment [87552:88576], variance=0.0367, QRS count=5
2025-10-08 17:31:21,923 [DEBUG] Accepted segment [88064:89088], variance=0.0441, QRS count=6
2025-10-08 17:31:21,951 [DEBUG] Accepted segment [88576:89600], variance=0.0408, QRS count=5
2025-10-08 17:31:21,975 [DEBUG] Accepted segment [89088:90112], variance=0.0355, QRS count=5
2025-10-08 17:31:21,999 [DEBUG] Accepted segment [89600:90624], variance=0.0369, QRS count=5
2025-10-08 17:31:22,022 [DEBUG] Accepted segment [90112:91136], variance=0.0406, QRS count=5
2025-10-08 17:31:22,043 [DEBUG] Accepted segment [90624:91648], variance=0.0398, QRS count=5
2025-10-08 17:31:22,063 [DEBUG] Accepted segment [91136:92160], variance=0.0410, QRS count=5
2025-10-08 17:31:22,089 [DEBUG] Accepted segment [91648:92672], variance=0.0432, QRS count=5
2025-10-08 17:31:22,110 [DEBUG] Accepted segment [92160:93184], variance=0.0428, QRS count=6
2025-10-08 17:31:22,137 [DEBUG] Accepted segment [92672:93696], variance=0.1231, QRS count=6
2025-10-08 17:31:22,171 [DEBUG] Accepted segment [93184:94208], variance=0.1247, QRS count=6
2025-10-08 17:31:22,199 [DEBUG] Accepted segment [93696:94720], variance=0.0461, QRS count=6
2025-10-08 17:31:22,213 [DEBUG] Accepted segment [94208:95232], variance=0.0474, QRS count=6
2025-10-08 17:31:22,230 [DEBUG] Accepted segment [94720:95744], variance=0.0470, QRS count=6
2025-10-08 17:31:22,254 [DEBUG] Accepted segment [95232:96256], variance=0.0389, QRS count=5
2025-10-08 17:31:22,272 [DEBUG] Accepted segment [95744:96768], variance=0.0370, QRS count=5
2025-10-08 17:31:22,289 [DEBUG] Accepted segment [96256:97280], variance=0.0435, QRS count=5
2025-10-08 17:31:22,310 [DEBUG] Accepted segment [96768:97792], variance=0.0446, QRS count=6
2025-10-08 17:31:22,325 [DEBUG] Accepted segment [97280:98304], variance=0.0436, QRS count=5
2025-10-08 17:31:22,341 [DEBUG] Accepted segment [97792:98816], variance=0.0419, QRS count=5
2025-10-08 17:31:22,360 [DEBUG] Accepted segment [98304:99328], variance=0.0424, QRS count=5
2025-10-08 17:31:22,385 [DEBUG] Accepted segment [98816:99840], variance=0.0469, QRS count=5
2025-10-08 17:31:22,407 [DEBUG] Accepted segment [99328:100352], variance=0.0437, QRS count=5
2025-10-08 17:31:22,433 [DEBUG] Accepted segment [99840:100864], variance=0.0338, QRS count=6
2025-10-08 17:31:22,458 [DEBUG] Accepted segment [100352:101376], variance=0.0349, QRS count=6
2025-10-08 17:31:22,486 [DEBUG] Accepted segment [100864:101888], variance=0.0390, QRS count=5
2025-10-08 17:31:22,506 [DEBUG] Accepted segment [101376:102400], variance=0.0407, QRS count=5
2025-10-08 17:31:22,525 [DEBUG] Accepted segment [101888:102912], variance=0.0429, QRS count=5
2025-10-08 17:31:22,546 [DEBUG] Accepted segment [102400:103424], variance=0.0422, QRS count=5
2025-10-08 17:31:22,566 [DEBUG] Accepted segment [102912:103936], variance=0.0401, QRS count=6
2025-10-08 17:31:22,584 [DEBUG] Accepted segment [103424:104448], variance=0.0405, QRS count=6
2025-10-08 17:31:22,611 [DEBUG] Accepted segment [103936:104960], variance=0.0415, QRS count=6
2025-10-08 17:31:22,641 [DEBUG] Accepted segment [104448:105472], variance=0.0408, QRS count=6
2025-10-08 17:31:22,670 [DEBUG] Accepted segment [104960:105984], variance=0.0404, QRS count=6
2025-10-08 17:31:22,671 [DEBUG] Skipping segment [105472:106496] due to overlap with noise [106400:107000]
2025-10-08 17:31:22,672 [DEBUG] Skipping segment [105984:107008] due to overlap with noise [106400:107000]
2025-10-08 17:31:22,672 [DEBUG] Skipping segment [106496:107520] due to overlap with noise [106400:107000]
2025-10-08 17:31:22,689 [DEBUG] Accepted segment [107008:108032], variance=0.0702, QRS count=6
2025-10-08 17:31:22,701 [DEBUG] Accepted segment [107520:108544], variance=0.0616, QRS count=6
2025-10-08 17:31:22,713 [DEBUG] Accepted segment [108032:109056], variance=0.0688, QRS count=7
2025-10-08 17:31:22,733 [DEBUG] Accepted segment [108544:109568], variance=0.0644, QRS count=6
2025-10-08 17:31:22,761 [DEBUG] Accepted segment [109056:110080], variance=0.0488, QRS count=6
2025-10-08 17:31:22,783 [DEBUG] Accepted segment [109568:110592], variance=0.0477, QRS count=6
2025-10-08 17:31:22,808 [DEBUG] Accepted segment [110080:111104], variance=0.0440, QRS count=6
2025-10-08 17:31:22,831 [DEBUG] Accepted segment [110592:111616], variance=0.0451, QRS count=7
2025-10-08 17:31:22,861 [DEBUG] Accepted segment [111104:112128], variance=0.0552, QRS count=6
2025-10-08 17:31:22,888 [DEBUG] Accepted segment [111616:112640], variance=0.0556, QRS count=6
2025-10-08 17:31:22,910 [DEBUG] Accepted segment [112128:113152], variance=0.0543, QRS count=6
2025-10-08 17:31:22,948 [DEBUG] Accepted segment [112640:113664], variance=0.0555, QRS count=6
2025-10-08 17:31:22,984 [DEBUG] Accepted segment [113152:114176], variance=0.0560, QRS count=5
2025-10-08 17:31:23,006 [DEBUG] Accepted segment [113664:114688], variance=0.0558, QRS count=5
2025-10-08 17:31:23,038 [DEBUG] Accepted segment [114176:115200], variance=0.0667, QRS count=5
2025-10-08 17:31:23,062 [DEBUG] Accepted segment [114688:115712], variance=0.0741, QRS count=6
2025-10-08 17:31:23,090 [DEBUG] Accepted segment [115200:116224], variance=0.0637, QRS count=6
2025-10-08 17:31:23,113 [DEBUG] Accepted segment [115712:116736], variance=0.0559, QRS count=6
2025-10-08 17:31:23,145 [DEBUG] Accepted segment [116224:117248], variance=0.0528, QRS count=6
2025-10-08 17:31:23,178 [DEBUG] Accepted segment [116736:117760], variance=0.0522, QRS count=5
2025-10-08 17:31:23,200 [DEBUG] Accepted segment [117248:118272], variance=0.0472, QRS count=6
2025-10-08 17:31:23,221 [DEBUG] Accepted segment [117760:118784], variance=0.0471, QRS count=5
2025-10-08 17:31:23,244 [DEBUG] Accepted segment [118272:119296], variance=0.0569, QRS count=5
2025-10-08 17:31:23,269 [DEBUG] Accepted segment [118784:119808], variance=0.0603, QRS count=5
2025-10-08 17:31:23,291 [DEBUG] Accepted segment [119296:120320], variance=0.0607, QRS count=5
2025-10-08 17:31:23,317 [DEBUG] Accepted segment [119808:120832], variance=0.0601, QRS count=6
2025-10-08 17:31:23,335 [DEBUG] Accepted segment [120320:121344], variance=0.0600, QRS count=6
2025-10-08 17:31:23,365 [DEBUG] Accepted segment [120832:121856], variance=0.0599, QRS count=6
2025-10-08 17:31:23,393 [DEBUG] Accepted segment [121344:122368], variance=0.0489, QRS count=5
2025-10-08 17:31:23,422 [DEBUG] Accepted segment [121856:122880], variance=0.0471, QRS count=5
2025-10-08 17:31:23,446 [DEBUG] Accepted segment [122368:123392], variance=0.0592, QRS count=5
2025-10-08 17:31:23,481 [DEBUG] Accepted segment [122880:123904], variance=0.0606, QRS count=5
2025-10-08 17:31:23,512 [DEBUG] Accepted segment [123392:124416], variance=0.0582, QRS count=5
2025-10-08 17:31:23,541 [DEBUG] Accepted segment [123904:124928], variance=0.0582, QRS count=6
2025-10-08 17:31:23,562 [DEBUG] Accepted segment [124416:125440], variance=0.0592, QRS count=6
2025-10-08 17:31:23,600 [DEBUG] Accepted segment [124928:125952], variance=0.0585, QRS count=5
2025-10-08 17:31:23,626 [DEBUG] Accepted segment [125440:126464], variance=0.0485, QRS count=5
2025-10-08 17:31:23,651 [DEBUG] Accepted segment [125952:126976], variance=0.0503, QRS count=5
2025-10-08 17:31:23,676 [DEBUG] Accepted segment [126464:127488], variance=0.0614, QRS count=5
2025-10-08 17:31:23,699 [DEBUG] Accepted segment [126976:128000], variance=0.0608, QRS count=5
2025-10-08 17:31:23,699 [INFO] Segmented signal of length 128000 into 246 valid segments
2025-10-08 17:31:26,474 [DEBUG] Accepted segment [0:1024], variance=0.0489, QRS count=5
2025-10-08 17:31:26,494 [DEBUG] Accepted segment [512:1536], variance=0.0602, QRS count=5
2025-10-08 17:31:26,508 [DEBUG] Accepted segment [1024:2048], variance=0.0717, QRS count=5
2025-10-08 17:31:26,523 [DEBUG] Accepted segment [1536:2560], variance=0.0797, QRS count=6
2025-10-08 17:31:26,541 [DEBUG] Accepted segment [2048:3072], variance=0.0709, QRS count=6
2025-10-08 17:31:26,558 [DEBUG] Accepted segment [2560:3584], variance=0.0522, QRS count=5
2025-10-08 17:31:26,577 [DEBUG] Accepted segment [3072:4096], variance=0.0484, QRS count=5
2025-10-08 17:31:26,595 [DEBUG] Accepted segment [3584:4608], variance=0.0533, QRS count=5
2025-10-08 17:31:26,614 [DEBUG] Accepted segment [4096:5120], variance=0.0519, QRS count=6
2025-10-08 17:31:26,631 [DEBUG] Accepted segment [4608:5632], variance=0.0539, QRS count=6
2025-10-08 17:31:26,649 [DEBUG] Accepted segment [5120:6144], variance=0.0559, QRS count=5
2025-10-08 17:31:26,667 [DEBUG] Accepted segment [5632:6656], variance=0.0539, QRS count=5
2025-10-08 17:31:26,685 [DEBUG] Accepted segment [6144:7168], variance=0.0528, QRS count=5
2025-10-08 17:31:26,700 [DEBUG] Accepted segment [6656:7680], variance=0.0470, QRS count=5
2025-10-08 17:31:26,718 [DEBUG] Accepted segment [7168:8192], variance=0.0480, QRS count=5
2025-10-08 17:31:26,739 [DEBUG] Accepted segment [7680:8704], variance=0.0566, QRS count=5
2025-10-08 17:31:26,761 [DEBUG] Accepted segment [8192:9216], variance=0.0601, QRS count=5
2025-10-08 17:31:26,782 [DEBUG] Accepted segment [8704:9728], variance=0.0621, QRS count=6
2025-10-08 17:31:26,803 [DEBUG] Accepted segment [9216:10240], variance=0.0520, QRS count=5
2025-10-08 17:31:26,823 [DEBUG] Accepted segment [9728:10752], variance=0.0495, QRS count=5
2025-10-08 17:31:26,844 [DEBUG] Accepted segment [10240:11264], variance=0.0569, QRS count=5
2025-10-08 17:31:26,869 [DEBUG] Accepted segment [10752:11776], variance=0.0581, QRS count=5
2025-10-08 17:31:26,889 [DEBUG] Accepted segment [11264:12288], variance=0.0586, QRS count=6
2025-10-08 17:31:26,911 [DEBUG] Accepted segment [11776:12800], variance=0.0491, QRS count=6
2025-10-08 17:31:26,933 [DEBUG] Accepted segment [12288:13312], variance=0.0499, QRS count=5
2025-10-08 17:31:26,962 [DEBUG] Accepted segment [12800:13824], variance=0.0607, QRS count=5
2025-10-08 17:31:26,985 [DEBUG] Accepted segment [13312:14336], variance=0.0595, QRS count=5
2025-10-08 17:31:27,008 [DEBUG] Accepted segment [13824:14848], variance=0.0566, QRS count=6
2025-10-08 17:31:27,033 [DEBUG] Accepted segment [14336:15360], variance=0.0585, QRS count=6
2025-10-08 17:31:27,058 [DEBUG] Accepted segment [14848:15872], variance=0.0575, QRS count=6
2025-10-08 17:31:27,089 [DEBUG] Accepted segment [15360:16384], variance=0.0520, QRS count=5
2025-10-08 17:31:27,128 [DEBUG] Accepted segment [15872:16896], variance=0.0511, QRS count=5
2025-10-08 17:31:27,161 [DEBUG] Accepted segment [16384:17408], variance=0.0506, QRS count=5
2025-10-08 17:31:27,193 [DEBUG] Accepted segment [16896:17920], variance=0.0476, QRS count=5
2025-10-08 17:31:27,228 [DEBUG] Accepted segment [17408:18432], variance=0.0447, QRS count=5
2025-10-08 17:31:27,257 [DEBUG] Accepted segment [17920:18944], variance=0.0474, QRS count=6
2025-10-08 17:31:27,291 [DEBUG] Accepted segment [18432:19456], variance=0.0513, QRS count=6
2025-10-08 17:31:27,327 [DEBUG] Accepted segment [18944:19968], variance=0.0520, QRS count=5
2025-10-08 17:31:27,359 [DEBUG] Accepted segment [19456:20480], variance=0.0518, QRS count=5
2025-10-08 17:31:27,397 [DEBUG] Accepted segment [19968:20992], variance=0.0535, QRS count=5
2025-10-08 17:31:27,417 [DEBUG] Accepted segment [20480:21504], variance=0.0570, QRS count=5
2025-10-08 17:31:27,449 [DEBUG] Accepted segment [20992:22016], variance=0.0584, QRS count=5
2025-10-08 17:31:27,496 [DEBUG] Accepted segment [21504:22528], variance=0.0589, QRS count=5
2025-10-08 17:31:27,529 [DEBUG] Accepted segment [22016:23040], variance=0.0598, QRS count=6
2025-10-08 17:31:27,551 [DEBUG] Accepted segment [22528:23552], variance=0.0604, QRS count=6
2025-10-08 17:31:27,580 [DEBUG] Accepted segment [23040:24064], variance=0.0594, QRS count=5
2025-10-08 17:31:27,610 [DEBUG] Accepted segment [23552:24576], variance=0.0598, QRS count=6
2025-10-08 17:31:27,636 [DEBUG] Accepted segment [24064:25088], variance=0.0620, QRS count=6
2025-10-08 17:31:27,661 [DEBUG] Accepted segment [24576:25600], variance=0.1251, QRS count=6
2025-10-08 17:31:27,696 [DEBUG] Accepted segment [25088:26112], variance=0.1270, QRS count=6
2025-10-08 17:31:27,724 [DEBUG] Accepted segment [25600:26624], variance=0.0756, QRS count=6
2025-10-08 17:31:27,748 [DEBUG] Accepted segment [26112:27136], variance=0.0709, QRS count=6
2025-10-08 17:31:27,779 [DEBUG] Accepted segment [26624:27648], variance=0.0589, QRS count=6
2025-10-08 17:31:27,797 [DEBUG] Accepted segment [27136:28160], variance=0.0584, QRS count=6
2025-10-08 17:31:27,814 [DEBUG] Accepted segment [27648:28672], variance=0.0565, QRS count=6
2025-10-08 17:31:27,835 [DEBUG] Accepted segment [28160:29184], variance=0.0559, QRS count=6
2025-10-08 17:31:27,855 [DEBUG] Accepted segment [28672:29696], variance=0.0563, QRS count=6
2025-10-08 17:31:27,877 [DEBUG] Accepted segment [29184:30208], variance=0.0540, QRS count=6
2025-10-08 17:31:27,899 [DEBUG] Accepted segment [29696:30720], variance=0.0480, QRS count=6
2025-10-08 17:31:27,925 [DEBUG] Accepted segment [30208:31232], variance=0.0466, QRS count=5
2025-10-08 17:31:27,951 [DEBUG] Accepted segment [30720:31744], variance=0.0484, QRS count=5
2025-10-08 17:31:27,976 [DEBUG] Accepted segment [31232:32256], variance=0.0523, QRS count=6
2025-10-08 17:31:28,002 [DEBUG] Accepted segment [31744:32768], variance=0.0579, QRS count=6
2025-10-08 17:31:28,027 [DEBUG] Accepted segment [32256:33280], variance=0.0605, QRS count=5
2025-10-08 17:31:28,055 [DEBUG] Accepted segment [32768:33792], variance=0.0593, QRS count=5
2025-10-08 17:31:28,075 [DEBUG] Accepted segment [33280:34304], variance=0.0577, QRS count=5
2025-10-08 17:31:28,092 [DEBUG] Accepted segment [33792:34816], variance=0.0579, QRS count=6
2025-10-08 17:31:28,124 [DEBUG] Accepted segment [34304:35328], variance=0.0569, QRS count=6
2025-10-08 17:31:28,145 [DEBUG] Accepted segment [34816:35840], variance=0.0569, QRS count=6
2025-10-08 17:31:28,170 [DEBUG] Accepted segment [35328:36352], variance=0.0586, QRS count=6
2025-10-08 17:31:28,198 [DEBUG] Accepted segment [35840:36864], variance=0.0496, QRS count=6
2025-10-08 17:31:28,232 [DEBUG] Accepted segment [36352:37376], variance=0.0498, QRS count=5
2025-10-08 17:31:28,260 [DEBUG] Accepted segment [36864:37888], variance=0.0598, QRS count=5
2025-10-08 17:31:28,283 [DEBUG] Accepted segment [37376:38400], variance=0.0608, QRS count=5
2025-10-08 17:31:28,310 [DEBUG] Accepted segment [37888:38912], variance=0.0619, QRS count=5
2025-10-08 17:31:28,333 [DEBUG] Accepted segment [38400:39424], variance=0.0603, QRS count=6
2025-10-08 17:31:28,355 [DEBUG] Accepted segment [38912:39936], variance=0.0589, QRS count=6
2025-10-08 17:31:28,385 [DEBUG] Accepted segment [39424:40448], variance=0.0607, QRS count=6
2025-10-08 17:31:28,411 [DEBUG] Accepted segment [39936:40960], variance=0.0523, QRS count=6
2025-10-08 17:31:28,436 [DEBUG] Accepted segment [40448:41472], variance=0.0519, QRS count=5
2025-10-08 17:31:28,461 [DEBUG] Accepted segment [40960:41984], variance=0.0605, QRS count=5
2025-10-08 17:31:28,494 [DEBUG] Accepted segment [41472:42496], variance=0.0594, QRS count=5
2025-10-08 17:31:28,518 [DEBUG] Accepted segment [41984:43008], variance=0.0573, QRS count=6
2025-10-08 17:31:28,542 [DEBUG] Accepted segment [42496:43520], variance=0.0570, QRS count=6
2025-10-08 17:31:28,567 [DEBUG] Accepted segment [43008:44032], variance=0.0501, QRS count=5
2025-10-08 17:31:28,589 [DEBUG] Accepted segment [43520:44544], variance=0.0484, QRS count=5
2025-10-08 17:31:28,609 [DEBUG] Accepted segment [44032:45056], variance=0.0558, QRS count=5
2025-10-08 17:31:28,628 [DEBUG] Accepted segment [44544:45568], variance=0.0570, QRS count=5
2025-10-08 17:31:28,645 [DEBUG] Accepted segment [45056:46080], variance=0.0533, QRS count=5
2025-10-08 17:31:28,665 [DEBUG] Accepted segment [45568:46592], variance=0.0483, QRS count=6
2025-10-08 17:31:28,689 [DEBUG] Accepted segment [46080:47104], variance=0.0507, QRS count=6
2025-10-08 17:31:28,712 [DEBUG] Accepted segment [46592:47616], variance=0.0576, QRS count=6
2025-10-08 17:31:28,737 [DEBUG] Accepted segment [47104:48128], variance=0.0606, QRS count=6
2025-10-08 17:31:28,764 [DEBUG] Accepted segment [47616:48640], variance=0.0595, QRS count=6
2025-10-08 17:31:28,785 [DEBUG] Accepted segment [48128:49152], variance=0.0510, QRS count=6
2025-10-08 17:31:28,811 [DEBUG] Accepted segment [48640:49664], variance=0.0516, QRS count=5
2025-10-08 17:31:28,829 [DEBUG] Accepted segment [49152:50176], variance=0.0585, QRS count=5
2025-10-08 17:31:28,846 [DEBUG] Accepted segment [49664:50688], variance=0.0584, QRS count=5
2025-10-08 17:31:28,870 [DEBUG] Accepted segment [50176:51200], variance=0.0589, QRS count=6
2025-10-08 17:31:28,887 [DEBUG] Accepted segment [50688:51712], variance=0.0584, QRS count=6
2025-10-08 17:31:28,903 [DEBUG] Accepted segment [51200:52224], variance=0.0501, QRS count=5
2025-10-08 17:31:28,924 [DEBUG] Accepted segment [51712:52736], variance=0.0509, QRS count=5
2025-10-08 17:31:28,945 [DEBUG] Accepted segment [52224:53248], variance=0.0593, QRS count=5
2025-10-08 17:31:28,966 [DEBUG] Accepted segment [52736:53760], variance=0.0583, QRS count=6
2025-10-08 17:31:28,979 [DEBUG] Accepted segment [53248:54272], variance=0.0595, QRS count=5
2025-10-08 17:31:28,990 [DEBUG] Accepted segment [53760:54784], variance=0.0531, QRS count=5
2025-10-08 17:31:29,002 [DEBUG] Accepted segment [54272:55296], variance=0.0531, QRS count=5
2025-10-08 17:31:29,024 [DEBUG] Accepted segment [54784:55808], variance=0.0593, QRS count=5
2025-10-08 17:31:29,047 [DEBUG] Accepted segment [55296:56320], variance=0.0602, QRS count=5
2025-10-08 17:31:29,070 [DEBUG] Accepted segment [55808:56832], variance=0.0621, QRS count=5
2025-10-08 17:31:29,092 [DEBUG] Accepted segment [56320:57344], variance=0.0596, QRS count=5
2025-10-08 17:31:29,115 [DEBUG] Accepted segment [56832:57856], variance=0.0563, QRS count=6
2025-10-08 17:31:29,146 [DEBUG] Accepted segment [57344:58368], variance=0.0567, QRS count=6
2025-10-08 17:31:29,171 [DEBUG] Accepted segment [57856:58880], variance=0.0583, QRS count=5
2025-10-08 17:31:29,191 [DEBUG] Accepted segment [58368:59392], variance=0.0492, QRS count=5
2025-10-08 17:31:29,213 [DEBUG] Accepted segment [58880:59904], variance=0.0492, QRS count=5
2025-10-08 17:31:29,233 [DEBUG] Accepted segment [59392:60416], variance=0.0592, QRS count=5
2025-10-08 17:31:29,256 [DEBUG] Accepted segment [59904:60928], variance=0.0586, QRS count=5
2025-10-08 17:31:29,274 [DEBUG] Accepted segment [60416:61440], variance=0.0579, QRS count=6
2025-10-08 17:31:29,292 [DEBUG] Accepted segment [60928:61952], variance=0.0584, QRS count=6
2025-10-08 17:31:29,312 [DEBUG] Accepted segment [61440:62464], variance=0.0588, QRS count=5
2025-10-08 17:31:29,333 [DEBUG] Accepted segment [61952:62976], variance=0.0565, QRS count=5
2025-10-08 17:31:29,363 [DEBUG] Accepted segment [62464:63488], variance=0.0485, QRS count=6
2025-10-08 17:31:29,387 [DEBUG] Accepted segment [62976:64000], variance=0.0508, QRS count=5
2025-10-08 17:31:29,413 [DEBUG] Accepted segment [63488:64512], variance=0.0608, QRS count=5
2025-10-08 17:31:29,438 [DEBUG] Accepted segment [64000:65024], variance=0.0619, QRS count=5
2025-10-08 17:31:29,464 [DEBUG] Accepted segment [64512:65536], variance=0.0587, QRS count=5
2025-10-08 17:31:29,488 [DEBUG] Accepted segment [65024:66048], variance=0.0603, QRS count=5
2025-10-08 17:31:29,520 [DEBUG] Accepted segment [65536:66560], variance=0.0623, QRS count=5
2025-10-08 17:31:29,533 [DEBUG] Accepted segment [66048:67072], variance=0.0612, QRS count=5
2025-10-08 17:31:29,556 [DEBUG] Accepted segment [66560:67584], variance=0.0614, QRS count=6
2025-10-08 17:31:29,579 [DEBUG] Accepted segment [67072:68096], variance=0.0627, QRS count=6
2025-10-08 17:31:29,602 [DEBUG] Accepted segment [67584:68608], variance=0.0535, QRS count=5
2025-10-08 17:31:29,624 [DEBUG] Accepted segment [68096:69120], variance=0.0529, QRS count=5
2025-10-08 17:31:29,646 [DEBUG] Accepted segment [68608:69632], variance=0.0620, QRS count=5
2025-10-08 17:31:29,666 [DEBUG] Accepted segment [69120:70144], variance=0.0512, QRS count=6
2025-10-08 17:31:29,686 [DEBUG] Accepted segment [69632:70656], variance=0.0508, QRS count=5
2025-10-08 17:31:29,707 [DEBUG] Accepted segment [70144:71168], variance=0.0623, QRS count=5
2025-10-08 17:31:29,733 [DEBUG] Accepted segment [70656:71680], variance=0.0649, QRS count=5
2025-10-08 17:31:29,753 [DEBUG] Accepted segment [71168:72192], variance=0.0649, QRS count=6
2025-10-08 17:31:29,770 [DEBUG] Accepted segment [71680:72704], variance=0.0643, QRS count=6
2025-10-08 17:31:29,793 [DEBUG] Accepted segment [72192:73216], variance=0.0546, QRS count=6
2025-10-08 17:31:29,814 [DEBUG] Accepted segment [72704:73728], variance=0.0550, QRS count=5
2025-10-08 17:31:29,838 [DEBUG] Accepted segment [73216:74240], variance=0.0646, QRS count=5
2025-10-08 17:31:29,858 [DEBUG] Accepted segment [73728:74752], variance=0.0630, QRS count=5
2025-10-08 17:31:29,875 [DEBUG] Accepted segment [74240:75264], variance=0.0623, QRS count=6
2025-10-08 17:31:29,897 [DEBUG] Accepted segment [74752:75776], variance=0.0621, QRS count=6
2025-10-08 17:31:29,916 [DEBUG] Accepted segment [75264:76288], variance=0.0509, QRS count=6
2025-10-08 17:31:29,936 [DEBUG] Accepted segment [75776:76800], variance=0.0518, QRS count=5
2025-10-08 17:31:29,957 [DEBUG] Accepted segment [76288:77312], variance=0.0641, QRS count=5
2025-10-08 17:31:29,978 [DEBUG] Accepted segment [76800:77824], variance=0.0659, QRS count=5
2025-10-08 17:31:29,996 [DEBUG] Accepted segment [77312:78336], variance=0.0647, QRS count=6
2025-10-08 17:31:30,010 [DEBUG] Accepted segment [77824:78848], variance=0.0543, QRS count=5
2025-10-08 17:31:30,027 [DEBUG] Accepted segment [78336:79360], variance=0.0534, QRS count=5
2025-10-08 17:31:30,061 [DEBUG] Accepted segment [78848:79872], variance=0.0600, QRS count=5
2025-10-08 17:31:30,084 [DEBUG] Accepted segment [79360:80384], variance=0.0605, QRS count=6
2025-10-08 17:31:30,107 [DEBUG] Accepted segment [79872:80896], variance=0.0530, QRS count=5
2025-10-08 17:31:30,131 [DEBUG] Accepted segment [80384:81408], variance=0.0525, QRS count=5
2025-10-08 17:31:30,156 [DEBUG] Accepted segment [80896:81920], variance=0.0614, QRS count=5
2025-10-08 17:31:30,186 [DEBUG] Accepted segment [81408:82432], variance=0.0623, QRS count=6
2025-10-08 17:31:30,212 [DEBUG] Accepted segment [81920:82944], variance=0.0606, QRS count=5
2025-10-08 17:31:30,235 [DEBUG] Accepted segment [82432:83456], variance=0.0508, QRS count=5
2025-10-08 17:31:30,265 [DEBUG] Accepted segment [82944:83968], variance=0.0525, QRS count=5
2025-10-08 17:31:30,289 [DEBUG] Accepted segment [83456:84480], variance=0.0618, QRS count=5
2025-10-08 17:31:30,314 [DEBUG] Accepted segment [83968:84992], variance=0.0601, QRS count=5
2025-10-08 17:31:30,333 [DEBUG] Accepted segment [84480:85504], variance=0.0589, QRS count=5
2025-10-08 17:31:30,353 [DEBUG] Accepted segment [84992:86016], variance=0.0579, QRS count=6
2025-10-08 17:31:30,377 [DEBUG] Accepted segment [85504:86528], variance=0.0604, QRS count=6
2025-10-08 17:31:30,401 [DEBUG] Accepted segment [86016:87040], variance=0.0538, QRS count=5
2025-10-08 17:31:30,421 [DEBUG] Accepted segment [86528:87552], variance=0.0515, QRS count=5
2025-10-08 17:31:30,440 [DEBUG] Accepted segment [87040:88064], variance=0.0609, QRS count=5
2025-10-08 17:31:30,463 [DEBUG] Accepted segment [87552:88576], variance=0.0617, QRS count=5
2025-10-08 17:31:30,486 [DEBUG] Accepted segment [88064:89088], variance=0.0498, QRS count=5
2025-10-08 17:31:30,509 [DEBUG] Accepted segment [88576:89600], variance=0.0489, QRS count=5
2025-10-08 17:31:30,528 [DEBUG] Accepted segment [89088:90112], variance=0.0603, QRS count=5
2025-10-08 17:31:30,541 [DEBUG] Accepted segment [89600:90624], variance=0.0612, QRS count=6
2025-10-08 17:31:30,554 [DEBUG] Accepted segment [90112:91136], variance=0.0612, QRS count=6
2025-10-08 17:31:30,571 [DEBUG] Accepted segment [90624:91648], variance=0.0535, QRS count=5
2025-10-08 17:31:30,594 [DEBUG] Accepted segment [91136:92160], variance=0.0552, QRS count=5
2025-10-08 17:31:30,619 [DEBUG] Accepted segment [91648:92672], variance=0.0635, QRS count=5
2025-10-08 17:31:30,648 [DEBUG] Accepted segment [92160:93184], variance=0.0609, QRS count=5
2025-10-08 17:31:30,670 [DEBUG] Accepted segment [92672:93696], variance=0.0534, QRS count=6
2025-10-08 17:31:30,687 [DEBUG] Accepted segment [93184:94208], variance=0.0553, QRS count=5
2025-10-08 17:31:30,708 [DEBUG] Accepted segment [93696:94720], variance=0.0625, QRS count=5
2025-10-08 17:31:30,733 [DEBUG] Accepted segment [94208:95232], variance=0.0619, QRS count=5
2025-10-08 17:31:30,752 [DEBUG] Accepted segment [94720:95744], variance=0.0629, QRS count=6
2025-10-08 17:31:30,769 [DEBUG] Accepted segment [95232:96256], variance=0.0528, QRS count=5
2025-10-08 17:31:30,789 [DEBUG] Accepted segment [95744:96768], variance=0.0525, QRS count=5
2025-10-08 17:31:30,810 [DEBUG] Accepted segment [96256:97280], variance=0.0625, QRS count=5
2025-10-08 17:31:30,831 [DEBUG] Accepted segment [96768:97792], variance=0.0602, QRS count=6
2025-10-08 17:31:30,853 [DEBUG] Accepted segment [97280:98304], variance=0.0574, QRS count=6
2025-10-08 17:31:30,869 [DEBUG] Accepted segment [97792:98816], variance=0.0569, QRS count=6
2025-10-08 17:31:30,892 [DEBUG] Accepted segment [98304:99328], variance=0.0501, QRS count=6
2025-10-08 17:31:30,918 [DEBUG] Accepted segment [98816:99840], variance=0.0510, QRS count=5
2025-10-08 17:31:30,949 [DEBUG] Accepted segment [99328:100352], variance=0.0579, QRS count=5
2025-10-08 17:31:30,976 [DEBUG] Accepted segment [99840:100864], variance=0.0583, QRS count=5
2025-10-08 17:31:31,003 [DEBUG] Accepted segment [100352:101376], variance=0.0604, QRS count=5
2025-10-08 17:31:31,018 [DEBUG] Accepted segment [100864:101888], variance=0.0593, QRS count=6
2025-10-08 17:31:31,035 [DEBUG] Accepted segment [101376:102400], variance=0.0568, QRS count=6
2025-10-08 17:31:31,065 [DEBUG] Accepted segment [101888:102912], variance=0.0552, QRS count=6
2025-10-08 17:31:31,092 [DEBUG] Accepted segment [102400:103424], variance=0.0554, QRS count=6
2025-10-08 17:31:31,111 [DEBUG] Accepted segment [102912:103936], variance=0.0574, QRS count=6
2025-10-08 17:31:31,141 [DEBUG] Accepted segment [103424:104448], variance=0.0576, QRS count=5
2025-10-08 17:31:31,171 [DEBUG] Accepted segment [103936:104960], variance=0.0472, QRS count=6
2025-10-08 17:31:31,206 [DEBUG] Accepted segment [104448:105472], variance=0.0462, QRS count=5
2025-10-08 17:31:31,235 [DEBUG] Accepted segment [104960:105984], variance=0.0554, QRS count=5
2025-10-08 17:31:31,259 [DEBUG] Accepted segment [105472:106496], variance=0.0562, QRS count=5
2025-10-08 17:31:31,292 [DEBUG] Accepted segment [105984:107008], variance=0.0543, QRS count=5
2025-10-08 17:31:31,321 [DEBUG] Accepted segment [106496:107520], variance=0.0518, QRS count=5
2025-10-08 17:31:31,359 [DEBUG] Accepted segment [107008:108032], variance=0.0523, QRS count=5
2025-10-08 17:31:31,404 [DEBUG] Accepted segment [107520:108544], variance=0.0539, QRS count=5
2025-10-08 17:31:31,449 [DEBUG] Accepted segment [108032:109056], variance=0.0543, QRS count=5
2025-10-08 17:31:31,492 [DEBUG] Accepted segment [108544:109568], variance=0.0531, QRS count=6
2025-10-08 17:31:31,523 [DEBUG] Accepted segment [109056:110080], variance=0.0515, QRS count=6
2025-10-08 17:31:31,557 [DEBUG] Accepted segment [109568:110592], variance=0.0521, QRS count=6
2025-10-08 17:31:31,583 [DEBUG] Accepted segment [110080:111104], variance=0.1279, QRS count=6
2025-10-08 17:31:31,619 [DEBUG] Accepted segment [110592:111616], variance=0.1293, QRS count=5
2025-10-08 17:31:31,654 [DEBUG] Accepted segment [111104:112128], variance=0.0552, QRS count=6
2025-10-08 17:31:31,696 [DEBUG] Accepted segment [111616:112640], variance=0.0537, QRS count=6
2025-10-08 17:31:31,732 [DEBUG] Accepted segment [112128:113152], variance=0.0532, QRS count=6
2025-10-08 17:31:31,755 [DEBUG] Accepted segment [112640:113664], variance=0.0558, QRS count=6
2025-10-08 17:31:31,784 [DEBUG] Accepted segment [113152:114176], variance=0.0582, QRS count=5
2025-10-08 17:31:31,811 [DEBUG] Accepted segment [113664:114688], variance=0.0514, QRS count=6
2025-10-08 17:31:31,833 [DEBUG] Accepted segment [114176:115200], variance=0.0525, QRS count=5
2025-10-08 17:31:31,862 [DEBUG] Accepted segment [114688:115712], variance=0.0596, QRS count=5
2025-10-08 17:31:31,889 [DEBUG] Accepted segment [115200:116224], variance=0.0584, QRS count=5
2025-10-08 17:31:31,915 [DEBUG] Accepted segment [115712:116736], variance=0.0515, QRS count=6
2025-10-08 17:31:31,947 [DEBUG] Accepted segment [116224:117248], variance=0.0530, QRS count=5
2025-10-08 17:31:31,973 [DEBUG] Accepted segment [116736:117760], variance=0.0609, QRS count=5
2025-10-08 17:31:31,996 [DEBUG] Accepted segment [117248:118272], variance=0.0628, QRS count=5
2025-10-08 17:31:32,018 [DEBUG] Accepted segment [117760:118784], variance=0.0637, QRS count=6
2025-10-08 17:31:32,055 [DEBUG] Accepted segment [118272:119296], variance=0.0609, QRS count=6
2025-10-08 17:31:32,088 [DEBUG] Accepted segment [118784:119808], variance=0.0506, QRS count=6
2025-10-08 17:31:32,089 [DEBUG] Skipping segment [119296:120320] due to overlap with noise [120200:120500]
2025-10-08 17:31:32,090 [DEBUG] Skipping segment [119808:120832] due to overlap with noise [120200:120500]
2025-10-08 17:31:32,091 [DEBUG] Skipping segment [120320:121344] due to overlap with noise [120200:120500]
2025-10-08 17:31:32,120 [DEBUG] Accepted segment [120832:121856], variance=0.0428, QRS count=6
2025-10-08 17:31:32,153 [DEBUG] Accepted segment [121344:122368], variance=0.0406, QRS count=6
2025-10-08 17:31:32,177 [DEBUG] Accepted segment [121856:122880], variance=0.0365, QRS count=6
2025-10-08 17:31:32,208 [DEBUG] Accepted segment [122368:123392], variance=0.0401, QRS count=5
2025-10-08 17:31:32,243 [DEBUG] Accepted segment [122880:123904], variance=0.0464, QRS count=6
2025-10-08 17:31:32,270 [DEBUG] Accepted segment [123392:124416], variance=0.0520, QRS count=6
2025-10-08 17:31:32,308 [DEBUG] Accepted segment [123904:124928], variance=0.0439, QRS count=5
2025-10-08 17:31:32,339 [DEBUG] Accepted segment [124416:125440], variance=0.0354, QRS count=5
2025-10-08 17:31:32,368 [DEBUG] Accepted segment [124928:125952], variance=0.0386, QRS count=5
2025-10-08 17:31:32,412 [DEBUG] Accepted segment [125440:126464], variance=0.0365, QRS count=5
2025-10-08 17:31:32,453 [DEBUG] Accepted segment [125952:126976], variance=0.0365, QRS count=6
2025-10-08 17:31:32,488 [DEBUG] Accepted segment [126464:127488], variance=0.0327, QRS count=5
2025-10-08 17:31:32,533 [DEBUG] Accepted segment [126976:128000], variance=0.0325, QRS count=5
2025-10-08 17:31:32,535 [INFO] Segmented signal of length 128000 into 246 valid segments
2025-10-08 17:31:33,328 [DEBUG] Skipping segment [0:1024] due to overlap with noise [0:400]
2025-10-08 17:31:33,361 [DEBUG] Accepted segment [512:1536], variance=0.0713, QRS count=4
2025-10-08 17:31:33,388 [DEBUG] Accepted segment [1024:2048], variance=0.0615, QRS count=4
2025-10-08 17:31:33,391 [DEBUG] Skipping segment [1536:2560] due to overlap with noise [2400:3800]
2025-10-08 17:31:33,392 [DEBUG] Skipping segment [2048:3072] due to overlap with noise [2400:3800]
2025-10-08 17:31:33,392 [DEBUG] Skipping segment [2560:3584] due to overlap with noise [2400:3800]
2025-10-08 17:31:33,392 [DEBUG] Skipping segment [3072:4096] due to overlap with noise [2400:3800]
2025-10-08 17:31:33,393 [DEBUG] Skipping segment [3584:4608] due to overlap with noise [2400:3800]
2025-10-08 17:31:33,432 [DEBUG] Accepted segment [4096:5120], variance=0.0638, QRS count=4
2025-10-08 17:31:33,463 [DEBUG] Accepted segment [4608:5632], variance=0.0595, QRS count=4
2025-10-08 17:31:33,494 [DEBUG] Accepted segment [5120:6144], variance=0.0630, QRS count=5
2025-10-08 17:31:33,525 [DEBUG] Accepted segment [5632:6656], variance=0.0667, QRS count=4
2025-10-08 17:31:33,545 [DEBUG] Accepted segment [6144:7168], variance=0.0610, QRS count=4
2025-10-08 17:31:33,571 [DEBUG] Accepted segment [6656:7680], variance=0.0560, QRS count=4
2025-10-08 17:31:33,596 [DEBUG] Accepted segment [7168:8192], variance=0.0571, QRS count=4
2025-10-08 17:31:33,626 [DEBUG] Accepted segment [7680:8704], variance=0.0666, QRS count=4
2025-10-08 17:31:33,650 [DEBUG] Accepted segment [8192:9216], variance=0.0678, QRS count=4
2025-10-08 17:31:33,676 [DEBUG] Accepted segment [8704:9728], variance=0.0588, QRS count=4
2025-10-08 17:31:33,699 [DEBUG] Accepted segment [9216:10240], variance=0.0635, QRS count=5
2025-10-08 17:31:33,721 [DEBUG] Accepted segment [9728:10752], variance=0.0676, QRS count=4
2025-10-08 17:31:33,745 [DEBUG] Accepted segment [10240:11264], variance=0.0598, QRS count=4
2025-10-08 17:31:33,767 [DEBUG] Accepted segment [10752:11776], variance=0.0615, QRS count=4
2025-10-08 17:31:33,792 [DEBUG] Accepted segment [11264:12288], variance=0.0670, QRS count=5
2025-10-08 17:31:33,813 [DEBUG] Accepted segment [11776:12800], variance=0.0617, QRS count=4
2025-10-08 17:31:33,834 [DEBUG] Accepted segment [12288:13312], variance=0.0684, QRS count=5
2025-10-08 17:31:33,849 [DEBUG] Accepted segment [12800:13824], variance=0.0672, QRS count=4
2025-10-08 17:31:33,869 [DEBUG] Accepted segment [13312:14336], variance=0.0669, QRS count=5
2025-10-08 17:31:33,888 [DEBUG] Accepted segment [13824:14848], variance=0.0698, QRS count=4
2025-10-08 17:31:33,907 [DEBUG] Accepted segment [14336:15360], variance=0.0721, QRS count=5
2025-10-08 17:31:33,930 [DEBUG] Accepted segment [14848:15872], variance=0.0806, QRS count=5
2025-10-08 17:31:33,947 [DEBUG] Accepted segment [15360:16384], variance=0.0725, QRS count=6
2025-10-08 17:31:33,965 [DEBUG] Accepted segment [15872:16896], variance=0.0769, QRS count=5
2025-10-08 17:31:33,986 [DEBUG] Accepted segment [16384:17408], variance=0.0851, QRS count=5
2025-10-08 17:31:34,004 [DEBUG] Accepted segment [16896:17920], variance=0.0787, QRS count=6
2025-10-08 17:31:34,022 [DEBUG] Accepted segment [17408:18432], variance=0.0684, QRS count=5
2025-10-08 17:31:34,039 [DEBUG] Accepted segment [17920:18944], variance=0.0600, QRS count=4
2025-10-08 17:31:34,058 [DEBUG] Accepted segment [18432:19456], variance=0.0654, QRS count=5
2025-10-08 17:31:34,083 [DEBUG] Accepted segment [18944:19968], variance=0.0706, QRS count=4
2025-10-08 17:31:34,102 [DEBUG] Accepted segment [19456:20480], variance=0.0615, QRS count=4
2025-10-08 17:31:34,126 [DEBUG] Accepted segment [19968:20992], variance=0.0565, QRS count=4
2025-10-08 17:31:34,143 [DEBUG] Accepted segment [20480:21504], variance=0.0658, QRS count=5
2025-10-08 17:31:34,166 [DEBUG] Accepted segment [20992:22016], variance=0.0707, QRS count=4
2025-10-08 17:31:34,185 [DEBUG] Accepted segment [21504:22528], variance=0.0634, QRS count=4
2025-10-08 17:31:34,207 [DEBUG] Accepted segment [22016:23040], variance=0.0587, QRS count=4
2025-10-08 17:31:34,229 [DEBUG] Accepted segment [22528:23552], variance=0.0665, QRS count=5
2025-10-08 17:31:34,230 [DEBUG] Skipping segment [23040:24064] due to overlap with noise [24000:24800]
2025-10-08 17:31:34,230 [DEBUG] Skipping segment [23552:24576] due to overlap with noise [24000:24800]
2025-10-08 17:31:34,230 [DEBUG] Skipping segment [24064:25088] due to overlap with noise [24000:24800]
2025-10-08 17:31:34,230 [DEBUG] Skipping segment [24576:25600] due to overlap with noise [24000:24800]
2025-10-08 17:31:34,247 [DEBUG] Accepted segment [25088:26112], variance=0.0705, QRS count=6
2025-10-08 17:31:34,262 [DEBUG] Accepted segment [25600:26624], variance=0.0701, QRS count=5
2025-10-08 17:31:34,280 [DEBUG] Accepted segment [26112:27136], variance=0.0624, QRS count=5
2025-10-08 17:31:34,296 [DEBUG] Accepted segment [26624:27648], variance=0.0628, QRS count=6
2025-10-08 17:31:34,316 [DEBUG] Accepted segment [27136:28160], variance=0.0622, QRS count=5
2025-10-08 17:31:34,335 [DEBUG] Accepted segment [27648:28672], variance=0.0545, QRS count=5
2025-10-08 17:31:34,353 [DEBUG] Accepted segment [28160:29184], variance=0.0639, QRS count=5
2025-10-08 17:31:34,370 [DEBUG] Accepted segment [28672:29696], variance=0.0645, QRS count=4
2025-10-08 17:31:34,386 [DEBUG] Accepted segment [29184:30208], variance=0.0619, QRS count=5
2025-10-08 17:31:34,406 [DEBUG] Accepted segment [29696:30720], variance=0.0662, QRS count=5
2025-10-08 17:31:34,425 [DEBUG] Accepted segment [30208:31232], variance=0.0584, QRS count=4
2025-10-08 17:31:34,444 [DEBUG] Accepted segment [30720:31744], variance=0.0632, QRS count=5
2025-10-08 17:31:34,463 [DEBUG] Accepted segment [31232:32256], variance=0.0687, QRS count=4
2025-10-08 17:31:34,482 [DEBUG] Accepted segment [31744:32768], variance=0.0606, QRS count=4
2025-10-08 17:31:34,499 [DEBUG] Accepted segment [32256:33280], variance=0.0556, QRS count=5
2025-10-08 17:31:34,512 [DEBUG] Accepted segment [32768:33792], variance=0.0653, QRS count=5
2025-10-08 17:31:34,527 [DEBUG] Accepted segment [33280:34304], variance=0.0680, QRS count=4
2025-10-08 17:31:34,542 [DEBUG] Accepted segment [33792:34816], variance=0.0583, QRS count=4
2025-10-08 17:31:34,558 [DEBUG] Accepted segment [34304:35328], variance=0.0639, QRS count=5
2025-10-08 17:31:34,577 [DEBUG] Accepted segment [34816:35840], variance=0.0667, QRS count=4
2025-10-08 17:31:34,596 [DEBUG] Accepted segment [35328:36352], variance=0.0591, QRS count=5
2025-10-08 17:31:34,611 [DEBUG] Accepted segment [35840:36864], variance=0.0674, QRS count=5
2025-10-08 17:31:34,629 [DEBUG] Accepted segment [36352:37376], variance=0.0672, QRS count=4
2025-10-08 17:31:34,646 [DEBUG] Accepted segment [36864:37888], variance=0.0557, QRS count=4
2025-10-08 17:31:34,662 [DEBUG] Accepted segment [37376:38400], variance=0.0645, QRS count=4
2025-10-08 17:31:34,674 [DEBUG] Accepted segment [37888:38912], variance=0.0696, QRS count=4
2025-10-08 17:31:34,689 [DEBUG] Accepted segment [38400:39424], variance=0.0600, QRS count=4
2025-10-08 17:31:34,706 [DEBUG] Accepted segment [38912:39936], variance=0.0560, QRS count=4
2025-10-08 17:31:34,724 [DEBUG] Accepted segment [39424:40448], variance=0.0664, QRS count=5
2025-10-08 17:31:34,743 [DEBUG] Accepted segment [39936:40960], variance=0.0676, QRS count=4
2025-10-08 17:31:34,759 [DEBUG] Accepted segment [40448:41472], variance=0.0587, QRS count=4
2025-10-08 17:31:34,778 [DEBUG] Accepted segment [40960:41984], variance=0.0638, QRS count=5
2025-10-08 17:31:34,799 [DEBUG] Accepted segment [41472:42496], variance=0.0685, QRS count=4
2025-10-08 17:31:34,814 [DEBUG] Accepted segment [41984:43008], variance=0.0633, QRS count=4
2025-10-08 17:31:34,831 [DEBUG] Accepted segment [42496:43520], variance=0.0641, QRS count=5
2025-10-08 17:31:34,849 [DEBUG] Accepted segment [43008:44032], variance=0.0666, QRS count=5
2025-10-08 17:31:34,866 [DEBUG] Accepted segment [43520:44544], variance=0.0613, QRS count=4
2025-10-08 17:31:34,882 [DEBUG] Accepted segment [44032:45056], variance=0.0696, QRS count=5
2025-10-08 17:31:34,898 [DEBUG] Accepted segment [44544:45568], variance=0.0793, QRS count=5
2025-10-08 17:31:34,913 [DEBUG] Accepted segment [45056:46080], variance=0.0745, QRS count=5
2025-10-08 17:31:34,922 [DEBUG] Accepted segment [45568:46592], variance=0.0689, QRS count=5
2025-10-08 17:31:34,928 [DEBUG] Accepted segment [46080:47104], variance=0.0612, QRS count=5
2025-10-08 17:31:34,937 [DEBUG] Accepted segment [46592:47616], variance=0.0675, QRS count=5
2025-10-08 17:31:34,944 [DEBUG] Accepted segment [47104:48128], variance=0.0667, QRS count=4
2025-10-08 17:31:34,950 [DEBUG] Accepted segment [47616:48640], variance=0.0650, QRS count=5
2025-10-08 17:31:34,956 [DEBUG] Accepted segment [48128:49152], variance=0.0693, QRS count=4
2025-10-08 17:31:34,961 [DEBUG] Accepted segment [48640:49664], variance=0.0693, QRS count=5
2025-10-08 17:31:34,967 [DEBUG] Accepted segment [49152:50176], variance=0.0686, QRS count=5
2025-10-08 17:31:34,973 [DEBUG] Accepted segment [49664:50688], variance=0.0699, QRS count=5
2025-10-08 17:31:34,979 [DEBUG] Accepted segment [50176:51200], variance=0.0716, QRS count=6
2025-10-08 17:31:34,985 [DEBUG] Accepted segment [50688:51712], variance=0.0602, QRS count=5
2025-10-08 17:31:34,991 [DEBUG] Accepted segment [51200:52224], variance=0.0649, QRS count=5
2025-10-08 17:31:34,997 [DEBUG] Accepted segment [51712:52736], variance=0.0633, QRS count=4
2025-10-08 17:31:35,003 [DEBUG] Accepted segment [52224:53248], variance=0.0603, QRS count=5
2025-10-08 17:31:35,008 [DEBUG] Accepted segment [52736:53760], variance=0.0668, QRS count=5
2025-10-08 17:31:35,014 [DEBUG] Accepted segment [53248:54272], variance=0.0604, QRS count=5
2025-10-08 17:31:35,020 [DEBUG] Accepted segment [53760:54784], variance=0.0667, QRS count=5
2025-10-08 17:31:35,025 [DEBUG] Accepted segment [54272:55296], variance=0.0659, QRS count=4
2025-10-08 17:31:35,031 [DEBUG] Accepted segment [54784:55808], variance=0.0629, QRS count=5
2025-10-08 17:31:35,037 [DEBUG] Accepted segment [55296:56320], variance=0.0680, QRS count=5
2025-10-08 17:31:35,042 [DEBUG] Accepted segment [55808:56832], variance=0.0606, QRS count=4
2025-10-08 17:31:35,047 [DEBUG] Accepted segment [56320:57344], variance=0.0672, QRS count=5
2025-10-08 17:31:35,053 [DEBUG] Accepted segment [56832:57856], variance=0.0676, QRS count=4
2025-10-08 17:31:35,059 [DEBUG] Accepted segment [57344:58368], variance=0.0666, QRS count=5
2025-10-08 17:31:35,064 [DEBUG] Accepted segment [57856:58880], variance=0.0669, QRS count=4
2025-10-08 17:31:35,070 [DEBUG] Accepted segment [58368:59392], variance=0.0631, QRS count=5
2025-10-08 17:31:35,076 [DEBUG] Accepted segment [58880:59904], variance=0.0658, QRS count=4
2025-10-08 17:31:35,081 [DEBUG] Accepted segment [59392:60416], variance=0.0663, QRS count=5
2025-10-08 17:31:35,087 [DEBUG] Accepted segment [59904:60928], variance=0.0609, QRS count=5
2025-10-08 17:31:35,092 [DEBUG] Accepted segment [60416:61440], variance=0.0636, QRS count=5
2025-10-08 17:31:35,098 [DEBUG] Accepted segment [60928:61952], variance=0.0645, QRS count=4
2025-10-08 17:31:35,103 [DEBUG] Accepted segment [61440:62464], variance=0.0635, QRS count=5
2025-10-08 17:31:35,109 [DEBUG] Accepted segment [61952:62976], variance=0.0681, QRS count=5
2025-10-08 17:31:35,115 [DEBUG] Accepted segment [62464:63488], variance=0.0672, QRS count=5
2025-10-08 17:31:35,120 [DEBUG] Accepted segment [62976:64000], variance=0.0674, QRS count=5
2025-10-08 17:31:35,126 [DEBUG] Accepted segment [63488:64512], variance=0.0614, QRS count=4
2025-10-08 17:31:35,131 [DEBUG] Accepted segment [64000:65024], variance=0.0665, QRS count=4
2025-10-08 17:31:35,137 [DEBUG] Accepted segment [64512:65536], variance=0.0698, QRS count=4
2025-10-08 17:31:35,142 [DEBUG] Accepted segment [65024:66048], variance=0.0600, QRS count=4
2025-10-08 17:31:35,148 [DEBUG] Accepted segment [65536:66560], variance=0.0562, QRS count=4
2025-10-08 17:31:35,154 [DEBUG] Accepted segment [66048:67072], variance=0.0646, QRS count=5
2025-10-08 17:31:35,160 [DEBUG] Accepted segment [66560:67584], variance=0.0682, QRS count=4
2025-10-08 17:31:35,165 [DEBUG] Accepted segment [67072:68096], variance=0.0609, QRS count=4
2025-10-08 17:31:35,171 [DEBUG] Accepted segment [67584:68608], variance=0.0569, QRS count=4
2025-10-08 17:31:35,176 [DEBUG] Accepted segment [68096:69120], variance=0.0652, QRS count=5
2025-10-08 17:31:35,182 [DEBUG] Accepted segment [68608:69632], variance=0.0696, QRS count=4
2025-10-08 17:31:35,188 [DEBUG] Accepted segment [69120:70144], variance=0.0609, QRS count=4
2025-10-08 17:31:35,193 [DEBUG] Accepted segment [69632:70656], variance=0.0629, QRS count=5
2025-10-08 17:31:35,199 [DEBUG] Accepted segment [70144:71168], variance=0.0675, QRS count=4
2025-10-08 17:31:35,204 [DEBUG] Accepted segment [70656:71680], variance=0.0603, QRS count=4
2025-10-08 17:31:35,209 [DEBUG] Accepted segment [71168:72192], variance=0.0674, QRS count=5
2025-10-08 17:31:35,214 [DEBUG] Accepted segment [71680:72704], variance=0.0668, QRS count=4
2025-10-08 17:31:35,220 [DEBUG] Accepted segment [72192:73216], variance=0.0556, QRS count=4
2025-10-08 17:31:35,225 [DEBUG] Accepted segment [72704:73728], variance=0.0672, QRS count=5
2025-10-08 17:31:35,230 [DEBUG] Accepted segment [73216:74240], variance=0.0669, QRS count=4
2025-10-08 17:31:35,235 [DEBUG] Accepted segment [73728:74752], variance=0.0551, QRS count=5
2025-10-08 17:31:35,240 [DEBUG] Accepted segment [74240:75264], variance=0.0668, QRS count=5
2025-10-08 17:31:35,246 [DEBUG] Accepted segment [74752:75776], variance=0.0669, QRS count=4
2025-10-08 17:31:35,251 [DEBUG] Accepted segment [75264:76288], variance=0.0631, QRS count=4
2025-10-08 17:31:35,256 [DEBUG] Accepted segment [75776:76800], variance=0.0682, QRS count=5
2025-10-08 17:31:35,261 [DEBUG] Accepted segment [76288:77312], variance=0.0602, QRS count=4
2025-10-08 17:31:35,266 [DEBUG] Accepted segment [76800:77824], variance=0.0663, QRS count=5
2025-10-08 17:31:35,272 [DEBUG] Accepted segment [77312:78336], variance=0.0746, QRS count=5
2025-10-08 17:31:35,277 [DEBUG] Accepted segment [77824:78848], variance=0.0747, QRS count=5
2025-10-08 17:31:35,282 [DEBUG] Accepted segment [78336:79360], variance=0.0700, QRS count=5
2025-10-08 17:31:35,288 [DEBUG] Accepted segment [78848:79872], variance=0.0689, QRS count=5
2025-10-08 17:31:35,293 [DEBUG] Accepted segment [79360:80384], variance=0.0664, QRS count=4
2025-10-08 17:31:35,298 [DEBUG] Accepted segment [79872:80896], variance=0.0676, QRS count=5
2025-10-08 17:31:35,303 [DEBUG] Accepted segment [80384:81408], variance=0.0665, QRS count=4
2025-10-08 17:31:35,309 [DEBUG] Accepted segment [80896:81920], variance=0.0647, QRS count=5
2025-10-08 17:31:35,314 [DEBUG] Accepted segment [81408:82432], variance=0.0655, QRS count=4
2025-10-08 17:31:35,319 [DEBUG] Accepted segment [81920:82944], variance=0.0642, QRS count=5
2025-10-08 17:31:35,324 [DEBUG] Accepted segment [82432:83456], variance=0.0676, QRS count=5
2025-10-08 17:31:35,330 [DEBUG] Accepted segment [82944:83968], variance=0.0592, QRS count=4
2025-10-08 17:31:35,335 [DEBUG] Accepted segment [83456:84480], variance=0.0647, QRS count=5
2025-10-08 17:31:35,340 [DEBUG] Accepted segment [83968:84992], variance=0.0657, QRS count=4
2025-10-08 17:31:35,345 [DEBUG] Accepted segment [84480:85504], variance=0.0633, QRS count=5
2025-10-08 17:31:35,351 [DEBUG] Accepted segment [84992:86016], variance=0.0668, QRS count=5
2025-10-08 17:31:35,357 [DEBUG] Accepted segment [85504:86528], variance=0.0680, QRS count=5
2025-10-08 17:31:35,362 [DEBUG] Accepted segment [86016:87040], variance=0.0652, QRS count=4
2025-10-08 17:31:35,367 [DEBUG] Accepted segment [86528:87552], variance=0.0649, QRS count=5
2025-10-08 17:31:35,372 [DEBUG] Accepted segment [87040:88064], variance=0.0665, QRS count=4
2025-10-08 17:31:35,378 [DEBUG] Accepted segment [87552:88576], variance=0.0640, QRS count=5
2025-10-08 17:31:35,383 [DEBUG] Accepted segment [88064:89088], variance=0.0637, QRS count=5
2025-10-08 17:31:35,388 [DEBUG] Accepted segment [88576:89600], variance=0.0630, QRS count=4
2025-10-08 17:31:35,393 [DEBUG] Accepted segment [89088:90112], variance=0.0606, QRS count=5
2025-10-08 17:31:35,399 [DEBUG] Accepted segment [89600:90624], variance=0.0560, QRS count=4
2025-10-08 17:31:35,404 [DEBUG] Accepted segment [90112:91136], variance=0.0542, QRS count=4
2025-10-08 17:31:35,409 [DEBUG] Accepted segment [90624:91648], variance=0.0615, QRS count=5
2025-10-08 17:31:35,414 [DEBUG] Accepted segment [91136:92160], variance=0.0635, QRS count=4
2025-10-08 17:31:35,420 [DEBUG] Accepted segment [91648:92672], variance=0.0539, QRS count=5
2025-10-08 17:31:35,425 [DEBUG] Accepted segment [92160:93184], variance=0.0651, QRS count=5
2025-10-08 17:31:35,430 [DEBUG] Accepted segment [92672:93696], variance=0.0663, QRS count=4
2025-10-08 17:31:35,435 [DEBUG] Accepted segment [93184:94208], variance=0.0542, QRS count=4
2025-10-08 17:31:35,441 [DEBUG] Accepted segment [93696:94720], variance=0.0644, QRS count=5
2025-10-08 17:31:35,446 [DEBUG] Accepted segment [94208:95232], variance=0.0639, QRS count=4
2025-10-08 17:31:35,451 [DEBUG] Accepted segment [94720:95744], variance=0.0533, QRS count=4
2025-10-08 17:31:35,456 [DEBUG] Accepted segment [95232:96256], variance=0.0611, QRS count=5
2025-10-08 17:31:35,462 [DEBUG] Accepted segment [95744:96768], variance=0.0647, QRS count=4
2025-10-08 17:31:35,467 [DEBUG] Accepted segment [96256:97280], variance=0.0575, QRS count=5
2025-10-08 17:31:35,473 [DEBUG] Accepted segment [96768:97792], variance=0.0637, QRS count=5
2025-10-08 17:31:35,474 [DEBUG] Skipping segment [97280:98304] due to overlap with noise [98200:101600]
2025-10-08 17:31:35,474 [DEBUG] Skipping segment [97792:98816] due to overlap with noise [98200:101600]
2025-10-08 17:31:35,474 [DEBUG] Skipping segment [98304:99328] due to overlap with noise [98200:101600]
2025-10-08 17:31:35,474 [DEBUG] Skipping segment [98816:99840] due to overlap with noise [98200:101600]
2025-10-08 17:31:35,474 [DEBUG] Skipping segment [99328:100352] due to overlap with noise [98200:101600]
2025-10-08 17:31:35,474 [DEBUG] Skipping segment [99840:100864] due to overlap with noise [98200:101600]
2025-10-08 17:31:35,474 [DEBUG] Skipping segment [100352:101376] due to overlap with noise [98200:101600]
2025-10-08 17:31:35,474 [DEBUG] Skipping segment [100864:101888] due to overlap with noise [98200:101600]
2025-10-08 17:31:35,474 [DEBUG] Skipping segment [101376:102400] due to overlap with noise [98200:101600]
2025-10-08 17:31:35,479 [DEBUG] Accepted segment [101888:102912], variance=0.0620, QRS count=5
2025-10-08 17:31:35,484 [DEBUG] Accepted segment [102400:103424], variance=0.0601, QRS count=5
2025-10-08 17:31:35,488 [DEBUG] Accepted segment [102912:103936], variance=0.0623, QRS count=4
2025-10-08 17:31:35,493 [DEBUG] Accepted segment [103424:104448], variance=0.0644, QRS count=5
2025-10-08 17:31:35,497 [DEBUG] Accepted segment [103936:104960], variance=0.0658, QRS count=5
2025-10-08 17:31:35,502 [DEBUG] Accepted segment [104448:105472], variance=0.0645, QRS count=5
2025-10-08 17:31:35,507 [DEBUG] Accepted segment [104960:105984], variance=0.0644, QRS count=5
2025-10-08 17:31:35,512 [DEBUG] Accepted segment [105472:106496], variance=0.0673, QRS count=5
2025-10-08 17:31:35,516 [DEBUG] Accepted segment [105984:107008], variance=0.0652, QRS count=5
2025-10-08 17:31:35,521 [DEBUG] Accepted segment [106496:107520], variance=0.0622, QRS count=5
2025-10-08 17:31:35,526 [DEBUG] Accepted segment [107008:108032], variance=0.0632, QRS count=4
2025-10-08 17:31:35,531 [DEBUG] Accepted segment [107520:108544], variance=0.0575, QRS count=4
2025-10-08 17:31:35,536 [DEBUG] Accepted segment [108032:109056], variance=0.0623, QRS count=5
2025-10-08 17:31:35,541 [DEBUG] Accepted segment [108544:109568], variance=0.0661, QRS count=4
2025-10-08 17:31:35,541 [DEBUG] Skipping segment [109056:110080] due to overlap with noise [110000:110800]
2025-10-08 17:31:35,541 [DEBUG] Skipping segment [109568:110592] due to overlap with noise [110000:110800]
2025-10-08 17:31:35,541 [DEBUG] Skipping segment [110080:111104] due to overlap with noise [110000:110800]
2025-10-08 17:31:35,541 [DEBUG] Skipping segment [110592:111616] due to overlap with noise [110000:110800]
2025-10-08 17:31:35,546 [DEBUG] Accepted segment [111104:112128], variance=0.0659, QRS count=5
2025-10-08 17:31:35,551 [DEBUG] Accepted segment [111616:112640], variance=0.0660, QRS count=4
2025-10-08 17:31:35,555 [DEBUG] Accepted segment [112128:113152], variance=0.0650, QRS count=5
2025-10-08 17:31:35,560 [DEBUG] Accepted segment [112640:113664], variance=0.0650, QRS count=4
2025-10-08 17:31:35,564 [DEBUG] Accepted segment [113152:114176], variance=0.0616, QRS count=5
2025-10-08 17:31:35,569 [DEBUG] Accepted segment [113664:114688], variance=0.0663, QRS count=4
2025-10-08 17:31:35,573 [DEBUG] Accepted segment [114176:115200], variance=0.0597, QRS count=4
2025-10-08 17:31:35,578 [DEBUG] Accepted segment [114688:115712], variance=0.0616, QRS count=5
2025-10-08 17:31:35,583 [DEBUG] Accepted segment [115200:116224], variance=0.0643, QRS count=4
2025-10-08 17:31:35,587 [DEBUG] Accepted segment [115712:116736], variance=0.0654, QRS count=5
2025-10-08 17:31:35,592 [DEBUG] Accepted segment [116224:117248], variance=0.0645, QRS count=5
2025-10-08 17:31:35,597 [DEBUG] Accepted segment [116736:117760], variance=0.0676, QRS count=5
2025-10-08 17:31:35,597 [DEBUG] Skipping segment [117248:118272] due to overlap with noise [118000:119600]
2025-10-08 17:31:35,597 [DEBUG] Skipping segment [117760:118784] due to overlap with noise [118000:119600]
2025-10-08 17:31:35,597 [DEBUG] Skipping segment [118272:119296] due to overlap with noise [118000:119600]
2025-10-08 17:31:35,597 [DEBUG] Skipping segment [118784:119808] due to overlap with noise [118000:119600]
2025-10-08 17:31:35,597 [DEBUG] Skipping segment [119296:120320] due to overlap with noise [118000:119600]
2025-10-08 17:31:35,601 [DEBUG] Accepted segment [119808:120832], variance=0.0673, QRS count=5
2025-10-08 17:31:35,606 [DEBUG] Accepted segment [120320:121344], variance=0.0726, QRS count=5
2025-10-08 17:31:35,610 [DEBUG] Accepted segment [120832:121856], variance=0.0690, QRS count=6
2025-10-08 17:31:35,615 [DEBUG] Accepted segment [121344:122368], variance=0.0672, QRS count=6
2025-10-08 17:31:35,619 [DEBUG] Accepted segment [121856:122880], variance=0.0585, QRS count=5
2025-10-08 17:31:35,624 [DEBUG] Accepted segment [122368:123392], variance=0.0596, QRS count=5
2025-10-08 17:31:35,628 [DEBUG] Accepted segment [122880:123904], variance=0.0629, QRS count=4
2025-10-08 17:31:35,633 [DEBUG] Accepted segment [123392:124416], variance=0.0610, QRS count=5
2025-10-08 17:31:35,638 [DEBUG] Accepted segment [123904:124928], variance=0.0617, QRS count=4
2025-10-08 17:31:35,642 [DEBUG] Accepted segment [124416:125440], variance=0.0623, QRS count=5
2025-10-08 17:31:35,647 [DEBUG] Accepted segment [124928:125952], variance=0.0606, QRS count=4
2025-10-08 17:31:35,652 [DEBUG] Accepted segment [125440:126464], variance=0.0610, QRS count=5
2025-10-08 17:31:35,656 [DEBUG] Accepted segment [125952:126976], variance=0.0601, QRS count=4
2025-10-08 17:31:35,661 [DEBUG] Accepted segment [126464:127488], variance=0.0592, QRS count=5
2025-10-08 17:31:35,661 [INFO] Segmented signal of length 127999 into 220 valid segments
2025-10-08 17:31:37,256 [INFO] Epoch 7 - Loss: 0.0174, MAE: 0.0944, Val Loss: 0.4081, Val MAE: 0.3701
2025-10-08 17:31:38,759 [DEBUG] Accepted segment [0:1024], variance=0.0402, QRS count=6
2025-10-08 17:31:38,779 [DEBUG] Accepted segment [512:1536], variance=0.0419, QRS count=6
2025-10-08 17:31:38,802 [DEBUG] Accepted segment [1024:2048], variance=0.0415, QRS count=6
2025-10-08 17:31:38,821 [DEBUG] Accepted segment [1536:2560], variance=0.0390, QRS count=6
2025-10-08 17:31:38,840 [DEBUG] Accepted segment [2048:3072], variance=0.0377, QRS count=6
2025-10-08 17:31:38,860 [DEBUG] Accepted segment [2560:3584], variance=0.0409, QRS count=6
2025-10-08 17:31:38,880 [DEBUG] Accepted segment [3072:4096], variance=0.0414, QRS count=5
2025-10-08 17:31:38,898 [DEBUG] Accepted segment [3584:4608], variance=0.0384, QRS count=5
2025-10-08 17:31:38,918 [DEBUG] Accepted segment [4096:5120], variance=0.0392, QRS count=5
2025-10-08 17:31:38,942 [DEBUG] Accepted segment [4608:5632], variance=0.0402, QRS count=5
2025-10-08 17:31:38,965 [DEBUG] Accepted segment [5120:6144], variance=0.0394, QRS count=5
2025-10-08 17:31:39,000 [DEBUG] Accepted segment [5632:6656], variance=0.0395, QRS count=5
2025-10-08 17:31:39,023 [DEBUG] Accepted segment [6144:7168], variance=0.0415, QRS count=5
2025-10-08 17:31:39,046 [DEBUG] Accepted segment [6656:7680], variance=0.0433, QRS count=5
2025-10-08 17:31:39,073 [DEBUG] Accepted segment [7168:8192], variance=0.0412, QRS count=5
2025-10-08 17:31:39,109 [DEBUG] Accepted segment [7680:8704], variance=0.0387, QRS count=6
2025-10-08 17:31:39,139 [DEBUG] Accepted segment [8192:9216], variance=0.0424, QRS count=6
2025-10-08 17:31:39,166 [DEBUG] Accepted segment [8704:9728], variance=0.0459, QRS count=6
2025-10-08 17:31:39,188 [DEBUG] Accepted segment [9216:10240], variance=0.0427, QRS count=5
2025-10-08 17:31:39,210 [DEBUG] Accepted segment [9728:10752], variance=0.0465, QRS count=5
2025-10-08 17:31:39,235 [DEBUG] Accepted segment [10240:11264], variance=0.0452, QRS count=6
2025-10-08 17:31:39,262 [DEBUG] Accepted segment [10752:11776], variance=0.0496, QRS count=6
2025-10-08 17:31:39,293 [DEBUG] Accepted segment [11264:12288], variance=0.0525, QRS count=6
2025-10-08 17:31:39,323 [DEBUG] Accepted segment [11776:12800], variance=0.0397, QRS count=6
2025-10-08 17:31:39,356 [DEBUG] Accepted segment [12288:13312], variance=0.0377, QRS count=6
2025-10-08 17:31:39,385 [DEBUG] Accepted segment [12800:13824], variance=0.0388, QRS count=6
2025-10-08 17:31:39,423 [DEBUG] Accepted segment [13312:14336], variance=0.0378, QRS count=6
2025-10-08 17:31:39,448 [DEBUG] Accepted segment [13824:14848], variance=0.0385, QRS count=6
2025-10-08 17:31:39,478 [DEBUG] Accepted segment [14336:15360], variance=0.0398, QRS count=6
2025-10-08 17:31:39,504 [DEBUG] Accepted segment [14848:15872], variance=0.0393, QRS count=5
2025-10-08 17:31:39,539 [DEBUG] Accepted segment [15360:16384], variance=0.0346, QRS count=6
2025-10-08 17:31:39,565 [DEBUG] Accepted segment [15872:16896], variance=0.0356, QRS count=5
2025-10-08 17:31:39,593 [DEBUG] Accepted segment [16384:17408], variance=0.0412, QRS count=5
2025-10-08 17:31:39,616 [DEBUG] Accepted segment [16896:17920], variance=0.0429, QRS count=5
2025-10-08 17:31:39,665 [DEBUG] Accepted segment [17408:18432], variance=0.0438, QRS count=5
2025-10-08 17:31:39,706 [DEBUG] Accepted segment [17920:18944], variance=0.0445, QRS count=5
2025-10-08 17:31:39,748 [DEBUG] Accepted segment [18432:19456], variance=0.0446, QRS count=5
2025-10-08 17:31:39,790 [DEBUG] Accepted segment [18944:19968], variance=0.0441, QRS count=5
2025-10-08 17:31:39,837 [DEBUG] Accepted segment [19456:20480], variance=0.0441, QRS count=5
2025-10-08 17:31:39,871 [DEBUG] Accepted segment [19968:20992], variance=0.0429, QRS count=5
2025-10-08 17:31:39,912 [DEBUG] Accepted segment [20480:21504], variance=0.0406, QRS count=5
2025-10-08 17:31:39,950 [DEBUG] Accepted segment [20992:22016], variance=0.0402, QRS count=5
2025-10-08 17:31:39,988 [DEBUG] Accepted segment [21504:22528], variance=0.0406, QRS count=5
2025-10-08 17:31:40,011 [DEBUG] Accepted segment [22016:23040], variance=0.0405, QRS count=5
2025-10-08 17:31:40,042 [DEBUG] Accepted segment [22528:23552], variance=0.0406, QRS count=5
2025-10-08 17:31:40,071 [DEBUG] Accepted segment [23040:24064], variance=0.0412, QRS count=5
2025-10-08 17:31:40,092 [DEBUG] Accepted segment [23552:24576], variance=0.0423, QRS count=5
2025-10-08 17:31:40,119 [DEBUG] Accepted segment [24064:25088], variance=0.0420, QRS count=6
2025-10-08 17:31:40,143 [DEBUG] Accepted segment [24576:25600], variance=0.0412, QRS count=6
2025-10-08 17:31:40,174 [DEBUG] Accepted segment [25088:26112], variance=0.0412, QRS count=6
2025-10-08 17:31:40,204 [DEBUG] Accepted segment [25600:26624], variance=0.0407, QRS count=6
2025-10-08 17:31:40,226 [DEBUG] Accepted segment [26112:27136], variance=0.0394, QRS count=6
2025-10-08 17:31:40,257 [DEBUG] Accepted segment [26624:27648], variance=0.0471, QRS count=6
2025-10-08 17:31:40,270 [DEBUG] Accepted segment [27136:28160], variance=0.0493, QRS count=6
2025-10-08 17:31:40,284 [DEBUG] Accepted segment [27648:28672], variance=0.0420, QRS count=6
2025-10-08 17:31:40,310 [DEBUG] Accepted segment [28160:29184], variance=0.0394, QRS count=5
2025-10-08 17:31:40,341 [DEBUG] Accepted segment [28672:29696], variance=0.0345, QRS count=5
2025-10-08 17:31:40,365 [DEBUG] Accepted segment [29184:30208], variance=0.0353, QRS count=5
2025-10-08 17:31:40,394 [DEBUG] Accepted segment [29696:30720], variance=0.0395, QRS count=5
2025-10-08 17:31:40,420 [DEBUG] Accepted segment [30208:31232], variance=0.0400, QRS count=5
2025-10-08 17:31:40,448 [DEBUG] Accepted segment [30720:31744], variance=0.0419, QRS count=5
2025-10-08 17:31:40,469 [DEBUG] Accepted segment [31232:32256], variance=0.0425, QRS count=5
2025-10-08 17:31:40,495 [DEBUG] Accepted segment [31744:32768], variance=0.0409, QRS count=5
2025-10-08 17:31:40,525 [DEBUG] Accepted segment [32256:33280], variance=0.0398, QRS count=5
2025-10-08 17:31:40,548 [DEBUG] Accepted segment [32768:33792], variance=0.0410, QRS count=5
2025-10-08 17:31:40,571 [DEBUG] Accepted segment [33280:34304], variance=0.0416, QRS count=5
2025-10-08 17:31:40,596 [DEBUG] Accepted segment [33792:34816], variance=0.0405, QRS count=5
2025-10-08 17:31:40,623 [DEBUG] Accepted segment [34304:35328], variance=0.0395, QRS count=6
2025-10-08 17:31:40,646 [DEBUG] Accepted segment [34816:35840], variance=0.0397, QRS count=6
2025-10-08 17:31:40,670 [DEBUG] Accepted segment [35328:36352], variance=0.0419, QRS count=6
2025-10-08 17:31:40,690 [DEBUG] Accepted segment [35840:36864], variance=0.0427, QRS count=6
2025-10-08 17:31:40,713 [DEBUG] Accepted segment [36352:37376], variance=0.0419, QRS count=6
2025-10-08 17:31:40,740 [DEBUG] Accepted segment [36864:37888], variance=0.0411, QRS count=6
2025-10-08 17:31:40,764 [DEBUG] Accepted segment [37376:38400], variance=0.0402, QRS count=5
2025-10-08 17:31:40,792 [DEBUG] Accepted segment [37888:38912], variance=0.0358, QRS count=6
2025-10-08 17:31:40,804 [DEBUG] Accepted segment [38400:39424], variance=0.0363, QRS count=5
2025-10-08 17:31:40,822 [DEBUG] Accepted segment [38912:39936], variance=0.0418, QRS count=5
2025-10-08 17:31:40,850 [DEBUG] Accepted segment [39424:40448], variance=0.0436, QRS count=5
2025-10-08 17:31:40,868 [DEBUG] Accepted segment [39936:40960], variance=0.0433, QRS count=5
2025-10-08 17:31:40,885 [DEBUG] Accepted segment [40448:41472], variance=0.0420, QRS count=5
2025-10-08 17:31:40,901 [DEBUG] Accepted segment [40960:41984], variance=0.0409, QRS count=5
2025-10-08 17:31:40,925 [DEBUG] Accepted segment [41472:42496], variance=0.0399, QRS count=6
2025-10-08 17:31:40,941 [DEBUG] Accepted segment [41984:43008], variance=0.0410, QRS count=6
2025-10-08 17:31:40,959 [DEBUG] Accepted segment [42496:43520], variance=0.0423, QRS count=6
2025-10-08 17:31:40,974 [DEBUG] Accepted segment [43008:44032], variance=0.0413, QRS count=6
2025-10-08 17:31:40,992 [DEBUG] Accepted segment [43520:44544], variance=0.0393, QRS count=6
2025-10-08 17:31:41,018 [DEBUG] Accepted segment [44032:45056], variance=0.0401, QRS count=6
2025-10-08 17:31:41,035 [DEBUG] Accepted segment [44544:45568], variance=0.0421, QRS count=6
2025-10-08 17:31:41,054 [DEBUG] Accepted segment [45056:46080], variance=0.0420, QRS count=6
2025-10-08 17:31:41,073 [DEBUG] Accepted segment [45568:46592], variance=0.0406, QRS count=6
2025-10-08 17:31:41,094 [DEBUG] Accepted segment [46080:47104], variance=0.0402, QRS count=6
2025-10-08 17:31:41,112 [DEBUG] Accepted segment [46592:47616], variance=0.0409, QRS count=6
2025-10-08 17:31:41,129 [DEBUG] Accepted segment [47104:48128], variance=0.0409, QRS count=6
2025-10-08 17:31:41,151 [DEBUG] Accepted segment [47616:48640], variance=0.0406, QRS count=6
2025-10-08 17:31:41,167 [DEBUG] Accepted segment [48128:49152], variance=0.0408, QRS count=5
2025-10-08 17:31:41,190 [DEBUG] Accepted segment [48640:49664], variance=0.0422, QRS count=5
2025-10-08 17:31:41,212 [DEBUG] Accepted segment [49152:50176], variance=0.0407, QRS count=5
2025-10-08 17:31:41,239 [DEBUG] Accepted segment [49664:50688], variance=0.0342, QRS count=6
2025-10-08 17:31:41,262 [DEBUG] Accepted segment [50176:51200], variance=0.0361, QRS count=5
2025-10-08 17:31:41,284 [DEBUG] Accepted segment [50688:51712], variance=0.0422, QRS count=5
2025-10-08 17:31:41,304 [DEBUG] Accepted segment [51200:52224], variance=0.0421, QRS count=5
2025-10-08 17:31:41,323 [DEBUG] Accepted segment [51712:52736], variance=0.0413, QRS count=5
2025-10-08 17:31:41,338 [DEBUG] Accepted segment [52224:53248], variance=0.0424, QRS count=5
2025-10-08 17:31:41,352 [DEBUG] Accepted segment [52736:53760], variance=0.0428, QRS count=5
2025-10-08 17:31:41,371 [DEBUG] Accepted segment [53248:54272], variance=0.0407, QRS count=6
2025-10-08 17:31:41,392 [DEBUG] Accepted segment [53760:54784], variance=0.0401, QRS count=6
2025-10-08 17:31:41,416 [DEBUG] Accepted segment [54272:55296], variance=0.0403, QRS count=6
2025-10-08 17:31:41,439 [DEBUG] Accepted segment [54784:55808], variance=0.0409, QRS count=6
2025-10-08 17:31:41,464 [DEBUG] Accepted segment [55296:56320], variance=0.0409, QRS count=5
2025-10-08 17:31:41,491 [DEBUG] Accepted segment [55808:56832], variance=0.0340, QRS count=6
2025-10-08 17:31:41,512 [DEBUG] Accepted segment [56320:57344], variance=0.0343, QRS count=6
2025-10-08 17:31:41,537 [DEBUG] Accepted segment [56832:57856], variance=0.0403, QRS count=5
2025-10-08 17:31:41,562 [DEBUG] Accepted segment [57344:58368], variance=0.0385, QRS count=5
2025-10-08 17:31:41,582 [DEBUG] Accepted segment [57856:58880], variance=0.0381, QRS count=5
2025-10-08 17:31:41,609 [DEBUG] Accepted segment [58368:59392], variance=0.0402, QRS count=5
2025-10-08 17:31:41,633 [DEBUG] Accepted segment [58880:59904], variance=0.0411, QRS count=5
2025-10-08 17:31:41,653 [DEBUG] Accepted segment [59392:60416], variance=0.0399, QRS count=5
2025-10-08 17:31:41,673 [DEBUG] Accepted segment [59904:60928], variance=0.0400, QRS count=6
2025-10-08 17:31:41,694 [DEBUG] Accepted segment [60416:61440], variance=0.0408, QRS count=6
2025-10-08 17:31:41,720 [DEBUG] Accepted segment [60928:61952], variance=0.0404, QRS count=6
2025-10-08 17:31:41,742 [DEBUG] Accepted segment [61440:62464], variance=0.0402, QRS count=6
2025-10-08 17:31:41,759 [DEBUG] Accepted segment [61952:62976], variance=0.0393, QRS count=5
2025-10-08 17:31:41,782 [DEBUG] Accepted segment [62464:63488], variance=0.0352, QRS count=6
2025-10-08 17:31:41,808 [DEBUG] Accepted segment [62976:64000], variance=0.0403, QRS count=5
2025-10-08 17:31:41,833 [DEBUG] Accepted segment [63488:64512], variance=0.0450, QRS count=6
2025-10-08 17:31:41,856 [DEBUG] Accepted segment [64000:65024], variance=0.0414, QRS count=6
2025-10-08 17:31:41,878 [DEBUG] Accepted segment [64512:65536], variance=0.0425, QRS count=6
2025-10-08 17:31:41,894 [DEBUG] Accepted segment [65024:66048], variance=0.0414, QRS count=6
2025-10-08 17:31:41,909 [DEBUG] Accepted segment [65536:66560], variance=0.0358, QRS count=6
2025-10-08 17:31:41,927 [DEBUG] Accepted segment [66048:67072], variance=0.0355, QRS count=6
2025-10-08 17:31:41,948 [DEBUG] Accepted segment [66560:67584], variance=0.0398, QRS count=5
2025-10-08 17:31:41,965 [DEBUG] Accepted segment [67072:68096], variance=0.0410, QRS count=5
2025-10-08 17:31:41,981 [DEBUG] Accepted segment [67584:68608], variance=0.0393, QRS count=5
2025-10-08 17:31:41,998 [DEBUG] Accepted segment [68096:69120], variance=0.0400, QRS count=5
2025-10-08 17:31:42,018 [DEBUG] Accepted segment [68608:69632], variance=0.0419, QRS count=5
2025-10-08 17:31:42,038 [DEBUG] Accepted segment [69120:70144], variance=0.0409, QRS count=5
2025-10-08 17:31:42,058 [DEBUG] Accepted segment [69632:70656], variance=0.0407, QRS count=5
2025-10-08 17:31:42,079 [DEBUG] Accepted segment [70144:71168], variance=0.0428, QRS count=6
2025-10-08 17:31:42,097 [DEBUG] Accepted segment [70656:71680], variance=0.0434, QRS count=6
2025-10-08 17:31:42,115 [DEBUG] Accepted segment [71168:72192], variance=0.1024, QRS count=6
2025-10-08 17:31:42,131 [DEBUG] Accepted segment [71680:72704], variance=0.1012, QRS count=6
2025-10-08 17:31:42,153 [DEBUG] Accepted segment [72192:73216], variance=0.0421, QRS count=6
2025-10-08 17:31:42,169 [DEBUG] Accepted segment [72704:73728], variance=0.0443, QRS count=6
2025-10-08 17:31:42,193 [DEBUG] Accepted segment [73216:74240], variance=0.0363, QRS count=5
2025-10-08 17:31:42,216 [DEBUG] Accepted segment [73728:74752], variance=0.0346, QRS count=5
2025-10-08 17:31:42,240 [DEBUG] Accepted segment [74240:75264], variance=0.0419, QRS count=5
2025-10-08 17:31:42,260 [DEBUG] Accepted segment [74752:75776], variance=0.0424, QRS count=5
2025-10-08 17:31:42,277 [DEBUG] Accepted segment [75264:76288], variance=0.0417, QRS count=6
2025-10-08 17:31:42,299 [DEBUG] Accepted segment [75776:76800], variance=0.0351, QRS count=5
2025-10-08 17:31:42,330 [DEBUG] Accepted segment [76288:77312], variance=0.0362, QRS count=5
2025-10-08 17:31:42,354 [DEBUG] Accepted segment [76800:77824], variance=0.0426, QRS count=5
2025-10-08 17:31:42,375 [DEBUG] Accepted segment [77312:78336], variance=0.0413, QRS count=5
2025-10-08 17:31:42,395 [DEBUG] Accepted segment [77824:78848], variance=0.0425, QRS count=6
2025-10-08 17:31:42,429 [DEBUG] Accepted segment [78336:79360], variance=0.0376, QRS count=6
2025-10-08 17:31:42,463 [DEBUG] Accepted segment [78848:79872], variance=0.0357, QRS count=5
2025-10-08 17:31:42,512 [DEBUG] Accepted segment [79360:80384], variance=0.0419, QRS count=5
2025-10-08 17:31:42,544 [DEBUG] Accepted segment [79872:80896], variance=0.0437, QRS count=5
2025-10-08 17:31:42,584 [DEBUG] Accepted segment [80384:81408], variance=0.0438, QRS count=6
2025-10-08 17:31:42,622 [DEBUG] Accepted segment [80896:81920], variance=0.0365, QRS count=5
2025-10-08 17:31:42,660 [DEBUG] Accepted segment [81408:82432], variance=0.0377, QRS count=5
2025-10-08 17:31:42,690 [DEBUG] Accepted segment [81920:82944], variance=0.0453, QRS count=5
2025-10-08 17:31:42,716 [DEBUG] Accepted segment [82432:83456], variance=0.0444, QRS count=5
2025-10-08 17:31:42,744 [DEBUG] Accepted segment [82944:83968], variance=0.0439, QRS count=6
2025-10-08 17:31:42,774 [DEBUG] Accepted segment [83456:84480], variance=0.0381, QRS count=6
2025-10-08 17:31:42,812 [DEBUG] Accepted segment [83968:84992], variance=0.0375, QRS count=5
2025-10-08 17:31:42,845 [DEBUG] Accepted segment [84480:85504], variance=0.0438, QRS count=5
2025-10-08 17:31:42,870 [DEBUG] Accepted segment [84992:86016], variance=0.0450, QRS count=5
2025-10-08 17:31:42,894 [DEBUG] Accepted segment [85504:86528], variance=0.0438, QRS count=6
2025-10-08 17:31:42,921 [DEBUG] Accepted segment [86016:87040], variance=0.0395, QRS count=6
2025-10-08 17:31:42,943 [DEBUG] Accepted segment [86528:87552], variance=0.0371, QRS count=6
2025-10-08 17:31:42,967 [DEBUG] Accepted segment [87040:88064], variance=0.0333, QRS count=5
2025-10-08 17:31:42,990 [DEBUG] Accepted segment [87552:88576], variance=0.0367, QRS count=5
2025-10-08 17:31:43,022 [DEBUG] Accepted segment [88064:89088], variance=0.0441, QRS count=6
2025-10-08 17:31:43,042 [DEBUG] Accepted segment [88576:89600], variance=0.0408, QRS count=5
2025-10-08 17:31:43,066 [DEBUG] Accepted segment [89088:90112], variance=0.0355, QRS count=5
2025-10-08 17:31:43,089 [DEBUG] Accepted segment [89600:90624], variance=0.0369, QRS count=5
2025-10-08 17:31:43,111 [DEBUG] Accepted segment [90112:91136], variance=0.0406, QRS count=5
2025-10-08 17:31:43,131 [DEBUG] Accepted segment [90624:91648], variance=0.0398, QRS count=5
2025-10-08 17:31:43,152 [DEBUG] Accepted segment [91136:92160], variance=0.0410, QRS count=5
2025-10-08 17:31:43,174 [DEBUG] Accepted segment [91648:92672], variance=0.0432, QRS count=5
2025-10-08 17:31:43,196 [DEBUG] Accepted segment [92160:93184], variance=0.0428, QRS count=6
2025-10-08 17:31:43,217 [DEBUG] Accepted segment [92672:93696], variance=0.1231, QRS count=6
2025-10-08 17:31:43,238 [DEBUG] Accepted segment [93184:94208], variance=0.1247, QRS count=6
2025-10-08 17:31:43,260 [DEBUG] Accepted segment [93696:94720], variance=0.0461, QRS count=6
2025-10-08 17:31:43,282 [DEBUG] Accepted segment [94208:95232], variance=0.0474, QRS count=6
2025-10-08 17:31:43,302 [DEBUG] Accepted segment [94720:95744], variance=0.0470, QRS count=6
2025-10-08 17:31:43,323 [DEBUG] Accepted segment [95232:96256], variance=0.0389, QRS count=5
2025-10-08 17:31:43,342 [DEBUG] Accepted segment [95744:96768], variance=0.0370, QRS count=5
2025-10-08 17:31:43,359 [DEBUG] Accepted segment [96256:97280], variance=0.0435, QRS count=5
2025-10-08 17:31:43,379 [DEBUG] Accepted segment [96768:97792], variance=0.0446, QRS count=6
2025-10-08 17:31:43,395 [DEBUG] Accepted segment [97280:98304], variance=0.0436, QRS count=5
2025-10-08 17:31:43,417 [DEBUG] Accepted segment [97792:98816], variance=0.0419, QRS count=5
2025-10-08 17:31:43,443 [DEBUG] Accepted segment [98304:99328], variance=0.0424, QRS count=5
2025-10-08 17:31:43,465 [DEBUG] Accepted segment [98816:99840], variance=0.0469, QRS count=5
2025-10-08 17:31:43,499 [DEBUG] Accepted segment [99328:100352], variance=0.0437, QRS count=5
2025-10-08 17:31:43,537 [DEBUG] Accepted segment [99840:100864], variance=0.0338, QRS count=6
2025-10-08 17:31:43,567 [DEBUG] Accepted segment [100352:101376], variance=0.0349, QRS count=6
2025-10-08 17:31:43,601 [DEBUG] Accepted segment [100864:101888], variance=0.0390, QRS count=5
2025-10-08 17:31:43,637 [DEBUG] Accepted segment [101376:102400], variance=0.0407, QRS count=5
2025-10-08 17:31:43,680 [DEBUG] Accepted segment [101888:102912], variance=0.0429, QRS count=5
2025-10-08 17:31:43,722 [DEBUG] Accepted segment [102400:103424], variance=0.0422, QRS count=5
2025-10-08 17:31:43,760 [DEBUG] Accepted segment [102912:103936], variance=0.0401, QRS count=6
2025-10-08 17:31:43,794 [DEBUG] Accepted segment [103424:104448], variance=0.0405, QRS count=6
2025-10-08 17:31:43,850 [DEBUG] Accepted segment [103936:104960], variance=0.0415, QRS count=6
2025-10-08 17:31:43,883 [DEBUG] Accepted segment [104448:105472], variance=0.0408, QRS count=6
2025-10-08 17:31:43,936 [DEBUG] Accepted segment [104960:105984], variance=0.0404, QRS count=6
2025-10-08 17:31:43,940 [DEBUG] Skipping segment [105472:106496] due to overlap with noise [106400:107000]
2025-10-08 17:31:43,941 [DEBUG] Skipping segment [105984:107008] due to overlap with noise [106400:107000]
2025-10-08 17:31:43,941 [DEBUG] Skipping segment [106496:107520] due to overlap with noise [106400:107000]
2025-10-08 17:31:43,982 [DEBUG] Accepted segment [107008:108032], variance=0.0702, QRS count=6
2025-10-08 17:31:44,012 [DEBUG] Accepted segment [107520:108544], variance=0.0616, QRS count=6
2025-10-08 17:31:44,051 [DEBUG] Accepted segment [108032:109056], variance=0.0688, QRS count=7
2025-10-08 17:31:44,086 [DEBUG] Accepted segment [108544:109568], variance=0.0644, QRS count=6
2025-10-08 17:31:44,128 [DEBUG] Accepted segment [109056:110080], variance=0.0488, QRS count=6
2025-10-08 17:31:44,171 [DEBUG] Accepted segment [109568:110592], variance=0.0477, QRS count=6
2025-10-08 17:31:44,207 [DEBUG] Accepted segment [110080:111104], variance=0.0440, QRS count=6
2025-10-08 17:31:44,253 [DEBUG] Accepted segment [110592:111616], variance=0.0451, QRS count=7
2025-10-08 17:31:44,267 [DEBUG] Accepted segment [111104:112128], variance=0.0552, QRS count=6
2025-10-08 17:31:44,282 [DEBUG] Accepted segment [111616:112640], variance=0.0556, QRS count=6
2025-10-08 17:31:44,313 [DEBUG] Accepted segment [112128:113152], variance=0.0543, QRS count=6
2025-10-08 17:31:44,333 [DEBUG] Accepted segment [112640:113664], variance=0.0555, QRS count=6
2025-10-08 17:31:44,354 [DEBUG] Accepted segment [113152:114176], variance=0.0560, QRS count=5
2025-10-08 17:31:44,375 [DEBUG] Accepted segment [113664:114688], variance=0.0558, QRS count=5
2025-10-08 17:31:44,396 [DEBUG] Accepted segment [114176:115200], variance=0.0667, QRS count=5
2025-10-08 17:31:44,420 [DEBUG] Accepted segment [114688:115712], variance=0.0741, QRS count=6
2025-10-08 17:31:44,448 [DEBUG] Accepted segment [115200:116224], variance=0.0637, QRS count=6
2025-10-08 17:31:44,473 [DEBUG] Accepted segment [115712:116736], variance=0.0559, QRS count=6
2025-10-08 17:31:44,502 [DEBUG] Accepted segment [116224:117248], variance=0.0528, QRS count=6
2025-10-08 17:31:44,529 [DEBUG] Accepted segment [116736:117760], variance=0.0522, QRS count=5
2025-10-08 17:31:44,551 [DEBUG] Accepted segment [117248:118272], variance=0.0472, QRS count=6
2025-10-08 17:31:44,576 [DEBUG] Accepted segment [117760:118784], variance=0.0471, QRS count=5
2025-10-08 17:31:44,595 [DEBUG] Accepted segment [118272:119296], variance=0.0569, QRS count=5
2025-10-08 17:31:44,610 [DEBUG] Accepted segment [118784:119808], variance=0.0603, QRS count=5
2025-10-08 17:31:44,626 [DEBUG] Accepted segment [119296:120320], variance=0.0607, QRS count=5
2025-10-08 17:31:44,642 [DEBUG] Accepted segment [119808:120832], variance=0.0601, QRS count=6
2025-10-08 17:31:44,662 [DEBUG] Accepted segment [120320:121344], variance=0.0600, QRS count=6
2025-10-08 17:31:44,679 [DEBUG] Accepted segment [120832:121856], variance=0.0599, QRS count=6
2025-10-08 17:31:44,702 [DEBUG] Accepted segment [121344:122368], variance=0.0489, QRS count=5
2025-10-08 17:31:44,721 [DEBUG] Accepted segment [121856:122880], variance=0.0471, QRS count=5
2025-10-08 17:31:44,738 [DEBUG] Accepted segment [122368:123392], variance=0.0592, QRS count=5
2025-10-08 17:31:44,758 [DEBUG] Accepted segment [122880:123904], variance=0.0606, QRS count=5
2025-10-08 17:31:44,780 [DEBUG] Accepted segment [123392:124416], variance=0.0582, QRS count=5
2025-10-08 17:31:44,806 [DEBUG] Accepted segment [123904:124928], variance=0.0582, QRS count=6
2025-10-08 17:31:44,828 [DEBUG] Accepted segment [124416:125440], variance=0.0592, QRS count=6
2025-10-08 17:31:44,860 [DEBUG] Accepted segment [124928:125952], variance=0.0585, QRS count=5
2025-10-08 17:31:44,889 [DEBUG] Accepted segment [125440:126464], variance=0.0485, QRS count=5
2025-10-08 17:31:44,921 [DEBUG] Accepted segment [125952:126976], variance=0.0503, QRS count=5
2025-10-08 17:31:44,945 [DEBUG] Accepted segment [126464:127488], variance=0.0614, QRS count=5
2025-10-08 17:31:44,981 [DEBUG] Accepted segment [126976:128000], variance=0.0608, QRS count=5
2025-10-08 17:31:44,982 [INFO] Segmented signal of length 128000 into 246 valid segments
2025-10-08 17:31:47,351 [DEBUG] Accepted segment [0:1024], variance=0.0489, QRS count=5
2025-10-08 17:31:47,377 [DEBUG] Accepted segment [512:1536], variance=0.0602, QRS count=5
2025-10-08 17:31:47,399 [DEBUG] Accepted segment [1024:2048], variance=0.0717, QRS count=5
2025-10-08 17:31:47,432 [DEBUG] Accepted segment [1536:2560], variance=0.0797, QRS count=6
2025-10-08 17:31:47,460 [DEBUG] Accepted segment [2048:3072], variance=0.0709, QRS count=6
2025-10-08 17:31:47,487 [DEBUG] Accepted segment [2560:3584], variance=0.0522, QRS count=5
2025-10-08 17:31:47,513 [DEBUG] Accepted segment [3072:4096], variance=0.0484, QRS count=5
2025-10-08 17:31:47,542 [DEBUG] Accepted segment [3584:4608], variance=0.0533, QRS count=5
2025-10-08 17:31:47,570 [DEBUG] Accepted segment [4096:5120], variance=0.0519, QRS count=6
2025-10-08 17:31:47,591 [DEBUG] Accepted segment [4608:5632], variance=0.0539, QRS count=6
2025-10-08 17:31:47,616 [DEBUG] Accepted segment [5120:6144], variance=0.0559, QRS count=5
2025-10-08 17:31:47,648 [DEBUG] Accepted segment [5632:6656], variance=0.0539, QRS count=5
2025-10-08 17:31:47,683 [DEBUG] Accepted segment [6144:7168], variance=0.0528, QRS count=5
2025-10-08 17:31:47,710 [DEBUG] Accepted segment [6656:7680], variance=0.0470, QRS count=5
2025-10-08 17:31:47,734 [DEBUG] Accepted segment [7168:8192], variance=0.0480, QRS count=5
2025-10-08 17:31:47,759 [DEBUG] Accepted segment [7680:8704], variance=0.0566, QRS count=5
2025-10-08 17:31:47,789 [DEBUG] Accepted segment [8192:9216], variance=0.0601, QRS count=5
2025-10-08 17:31:47,818 [DEBUG] Accepted segment [8704:9728], variance=0.0621, QRS count=6
2025-10-08 17:31:47,843 [DEBUG] Accepted segment [9216:10240], variance=0.0520, QRS count=5
2025-10-08 17:31:47,868 [DEBUG] Accepted segment [9728:10752], variance=0.0495, QRS count=5
2025-10-08 17:31:47,887 [DEBUG] Accepted segment [10240:11264], variance=0.0569, QRS count=5
2025-10-08 17:31:47,918 [DEBUG] Accepted segment [10752:11776], variance=0.0581, QRS count=5
2025-10-08 17:31:47,970 [DEBUG] Accepted segment [11264:12288], variance=0.0586, QRS count=6
2025-10-08 17:31:48,018 [DEBUG] Accepted segment [11776:12800], variance=0.0491, QRS count=6
2025-10-08 17:31:48,046 [DEBUG] Accepted segment [12288:13312], variance=0.0499, QRS count=5
2025-10-08 17:31:48,068 [DEBUG] Accepted segment [12800:13824], variance=0.0607, QRS count=5
2025-10-08 17:31:48,085 [DEBUG] Accepted segment [13312:14336], variance=0.0595, QRS count=5
2025-10-08 17:31:48,104 [DEBUG] Accepted segment [13824:14848], variance=0.0566, QRS count=6
2025-10-08 17:31:48,128 [DEBUG] Accepted segment [14336:15360], variance=0.0585, QRS count=6
2025-10-08 17:31:48,149 [DEBUG] Accepted segment [14848:15872], variance=0.0575, QRS count=6
2025-10-08 17:31:48,174 [DEBUG] Accepted segment [15360:16384], variance=0.0520, QRS count=5
2025-10-08 17:31:48,199 [DEBUG] Accepted segment [15872:16896], variance=0.0511, QRS count=5
2025-10-08 17:31:48,228 [DEBUG] Accepted segment [16384:17408], variance=0.0506, QRS count=5
2025-10-08 17:31:48,250 [DEBUG] Accepted segment [16896:17920], variance=0.0476, QRS count=5
2025-10-08 17:31:48,268 [DEBUG] Accepted segment [17408:18432], variance=0.0447, QRS count=5
2025-10-08 17:31:48,294 [DEBUG] Accepted segment [17920:18944], variance=0.0474, QRS count=6
2025-10-08 17:31:48,327 [DEBUG] Accepted segment [18432:19456], variance=0.0513, QRS count=6
2025-10-08 17:31:48,357 [DEBUG] Accepted segment [18944:19968], variance=0.0520, QRS count=5
2025-10-08 17:31:48,385 [DEBUG] Accepted segment [19456:20480], variance=0.0518, QRS count=5
2025-10-08 17:31:48,410 [DEBUG] Accepted segment [19968:20992], variance=0.0535, QRS count=5
2025-10-08 17:31:48,434 [DEBUG] Accepted segment [20480:21504], variance=0.0570, QRS count=5
2025-10-08 17:31:48,459 [DEBUG] Accepted segment [20992:22016], variance=0.0584, QRS count=5
2025-10-08 17:31:48,490 [DEBUG] Accepted segment [21504:22528], variance=0.0589, QRS count=5
2025-10-08 17:31:48,519 [DEBUG] Accepted segment [22016:23040], variance=0.0598, QRS count=6
2025-10-08 17:31:48,544 [DEBUG] Accepted segment [22528:23552], variance=0.0604, QRS count=6
2025-10-08 17:31:48,571 [DEBUG] Accepted segment [23040:24064], variance=0.0594, QRS count=5
2025-10-08 17:31:48,602 [DEBUG] Accepted segment [23552:24576], variance=0.0598, QRS count=6
2025-10-08 17:31:48,636 [DEBUG] Accepted segment [24064:25088], variance=0.0620, QRS count=6
2025-10-08 17:31:48,655 [DEBUG] Accepted segment [24576:25600], variance=0.1251, QRS count=6
2025-10-08 17:31:48,674 [DEBUG] Accepted segment [25088:26112], variance=0.1270, QRS count=6
2025-10-08 17:31:48,692 [DEBUG] Accepted segment [25600:26624], variance=0.0756, QRS count=6
2025-10-08 17:31:48,708 [DEBUG] Accepted segment [26112:27136], variance=0.0709, QRS count=6
2025-10-08 17:31:48,723 [DEBUG] Accepted segment [26624:27648], variance=0.0589, QRS count=6
2025-10-08 17:31:48,752 [DEBUG] Accepted segment [27136:28160], variance=0.0584, QRS count=6
2025-10-08 17:31:48,771 [DEBUG] Accepted segment [27648:28672], variance=0.0565, QRS count=6
2025-10-08 17:31:48,791 [DEBUG] Accepted segment [28160:29184], variance=0.0559, QRS count=6
2025-10-08 17:31:48,817 [DEBUG] Accepted segment [28672:29696], variance=0.0563, QRS count=6
2025-10-08 17:31:48,839 [DEBUG] Accepted segment [29184:30208], variance=0.0540, QRS count=6
2025-10-08 17:31:48,857 [DEBUG] Accepted segment [29696:30720], variance=0.0480, QRS count=6
2025-10-08 17:31:48,872 [DEBUG] Accepted segment [30208:31232], variance=0.0466, QRS count=5
2025-10-08 17:31:48,885 [DEBUG] Accepted segment [30720:31744], variance=0.0484, QRS count=5
2025-10-08 17:31:48,896 [DEBUG] Accepted segment [31232:32256], variance=0.0523, QRS count=6
2025-10-08 17:31:48,917 [DEBUG] Accepted segment [31744:32768], variance=0.0579, QRS count=6
2025-10-08 17:31:48,942 [DEBUG] Accepted segment [32256:33280], variance=0.0605, QRS count=5
2025-10-08 17:31:48,967 [DEBUG] Accepted segment [32768:33792], variance=0.0593, QRS count=5
2025-10-08 17:31:48,992 [DEBUG] Accepted segment [33280:34304], variance=0.0577, QRS count=5
2025-10-08 17:31:49,017 [DEBUG] Accepted segment [33792:34816], variance=0.0579, QRS count=6
2025-10-08 17:31:49,043 [DEBUG] Accepted segment [34304:35328], variance=0.0569, QRS count=6
2025-10-08 17:31:49,063 [DEBUG] Accepted segment [34816:35840], variance=0.0569, QRS count=6
2025-10-08 17:31:49,080 [DEBUG] Accepted segment [35328:36352], variance=0.0586, QRS count=6
2025-10-08 17:31:49,103 [DEBUG] Accepted segment [35840:36864], variance=0.0496, QRS count=6
2025-10-08 17:31:49,128 [DEBUG] Accepted segment [36352:37376], variance=0.0498, QRS count=5
2025-10-08 17:31:49,150 [DEBUG] Accepted segment [36864:37888], variance=0.0598, QRS count=5
2025-10-08 17:31:49,175 [DEBUG] Accepted segment [37376:38400], variance=0.0608, QRS count=5
2025-10-08 17:31:49,197 [DEBUG] Accepted segment [37888:38912], variance=0.0619, QRS count=5
2025-10-08 17:31:49,220 [DEBUG] Accepted segment [38400:39424], variance=0.0603, QRS count=6
2025-10-08 17:31:49,244 [DEBUG] Accepted segment [38912:39936], variance=0.0589, QRS count=6
2025-10-08 17:31:49,265 [DEBUG] Accepted segment [39424:40448], variance=0.0607, QRS count=6
2025-10-08 17:31:49,287 [DEBUG] Accepted segment [39936:40960], variance=0.0523, QRS count=6
2025-10-08 17:31:49,314 [DEBUG] Accepted segment [40448:41472], variance=0.0519, QRS count=5
2025-10-08 17:31:49,336 [DEBUG] Accepted segment [40960:41984], variance=0.0605, QRS count=5
2025-10-08 17:31:49,359 [DEBUG] Accepted segment [41472:42496], variance=0.0594, QRS count=5
2025-10-08 17:31:49,401 [DEBUG] Accepted segment [41984:43008], variance=0.0573, QRS count=6
2025-10-08 17:31:49,435 [DEBUG] Accepted segment [42496:43520], variance=0.0570, QRS count=6
2025-10-08 17:31:49,463 [DEBUG] Accepted segment [43008:44032], variance=0.0501, QRS count=5
2025-10-08 17:31:49,493 [DEBUG] Accepted segment [43520:44544], variance=0.0484, QRS count=5
2025-10-08 17:31:49,520 [DEBUG] Accepted segment [44032:45056], variance=0.0558, QRS count=5
2025-10-08 17:31:49,562 [DEBUG] Accepted segment [44544:45568], variance=0.0570, QRS count=5
2025-10-08 17:31:49,585 [DEBUG] Accepted segment [45056:46080], variance=0.0533, QRS count=5
2025-10-08 17:31:49,606 [DEBUG] Accepted segment [45568:46592], variance=0.0483, QRS count=6
2025-10-08 17:31:49,634 [DEBUG] Accepted segment [46080:47104], variance=0.0507, QRS count=6
2025-10-08 17:31:49,663 [DEBUG] Accepted segment [46592:47616], variance=0.0576, QRS count=6
2025-10-08 17:31:49,678 [DEBUG] Accepted segment [47104:48128], variance=0.0606, QRS count=6
2025-10-08 17:31:49,694 [DEBUG] Accepted segment [47616:48640], variance=0.0595, QRS count=6
2025-10-08 17:31:49,713 [DEBUG] Accepted segment [48128:49152], variance=0.0510, QRS count=6
2025-10-08 17:31:49,727 [DEBUG] Accepted segment [48640:49664], variance=0.0516, QRS count=5
2025-10-08 17:31:49,742 [DEBUG] Accepted segment [49152:50176], variance=0.0585, QRS count=5
2025-10-08 17:31:49,761 [DEBUG] Accepted segment [49664:50688], variance=0.0584, QRS count=5
2025-10-08 17:31:49,781 [DEBUG] Accepted segment [50176:51200], variance=0.0589, QRS count=6
2025-10-08 17:31:49,802 [DEBUG] Accepted segment [50688:51712], variance=0.0584, QRS count=6
2025-10-08 17:31:49,824 [DEBUG] Accepted segment [51200:52224], variance=0.0501, QRS count=5
2025-10-08 17:31:49,843 [DEBUG] Accepted segment [51712:52736], variance=0.0509, QRS count=5
2025-10-08 17:31:49,856 [DEBUG] Accepted segment [52224:53248], variance=0.0593, QRS count=5
2025-10-08 17:31:49,869 [DEBUG] Accepted segment [52736:53760], variance=0.0583, QRS count=6
2025-10-08 17:31:49,886 [DEBUG] Accepted segment [53248:54272], variance=0.0595, QRS count=5
2025-10-08 17:31:49,908 [DEBUG] Accepted segment [53760:54784], variance=0.0531, QRS count=5
2025-10-08 17:31:49,934 [DEBUG] Accepted segment [54272:55296], variance=0.0531, QRS count=5
2025-10-08 17:31:49,956 [DEBUG] Accepted segment [54784:55808], variance=0.0593, QRS count=5
2025-10-08 17:31:49,981 [DEBUG] Accepted segment [55296:56320], variance=0.0602, QRS count=5
2025-10-08 17:31:50,006 [DEBUG] Accepted segment [55808:56832], variance=0.0621, QRS count=5
2025-10-08 17:31:50,031 [DEBUG] Accepted segment [56320:57344], variance=0.0596, QRS count=5
2025-10-08 17:31:50,057 [DEBUG] Accepted segment [56832:57856], variance=0.0563, QRS count=6
2025-10-08 17:31:50,080 [DEBUG] Accepted segment [57344:58368], variance=0.0567, QRS count=6
2025-10-08 17:31:50,103 [DEBUG] Accepted segment [57856:58880], variance=0.0583, QRS count=5
2025-10-08 17:31:50,139 [DEBUG] Accepted segment [58368:59392], variance=0.0492, QRS count=5
2025-10-08 17:31:50,160 [DEBUG] Accepted segment [58880:59904], variance=0.0492, QRS count=5
2025-10-08 17:31:50,182 [DEBUG] Accepted segment [59392:60416], variance=0.0592, QRS count=5
2025-10-08 17:31:50,200 [DEBUG] Accepted segment [59904:60928], variance=0.0586, QRS count=5
2025-10-08 17:31:50,223 [DEBUG] Accepted segment [60416:61440], variance=0.0579, QRS count=6
2025-10-08 17:31:50,240 [DEBUG] Accepted segment [60928:61952], variance=0.0584, QRS count=6
2025-10-08 17:31:50,261 [DEBUG] Accepted segment [61440:62464], variance=0.0588, QRS count=5
2025-10-08 17:31:50,283 [DEBUG] Accepted segment [61952:62976], variance=0.0565, QRS count=5
2025-10-08 17:31:50,303 [DEBUG] Accepted segment [62464:63488], variance=0.0485, QRS count=6
2025-10-08 17:31:50,328 [DEBUG] Accepted segment [62976:64000], variance=0.0508, QRS count=5
2025-10-08 17:31:50,354 [DEBUG] Accepted segment [63488:64512], variance=0.0608, QRS count=5
2025-10-08 17:31:50,368 [DEBUG] Accepted segment [64000:65024], variance=0.0619, QRS count=5
2025-10-08 17:31:50,385 [DEBUG] Accepted segment [64512:65536], variance=0.0587, QRS count=5
2025-10-08 17:31:50,400 [DEBUG] Accepted segment [65024:66048], variance=0.0603, QRS count=5
2025-10-08 17:31:50,417 [DEBUG] Accepted segment [65536:66560], variance=0.0623, QRS count=5
2025-10-08 17:31:50,431 [DEBUG] Accepted segment [66048:67072], variance=0.0612, QRS count=5
2025-10-08 17:31:50,445 [DEBUG] Accepted segment [66560:67584], variance=0.0614, QRS count=6
2025-10-08 17:31:50,459 [DEBUG] Accepted segment [67072:68096], variance=0.0627, QRS count=6
2025-10-08 17:31:50,476 [DEBUG] Accepted segment [67584:68608], variance=0.0535, QRS count=5
2025-10-08 17:31:50,491 [DEBUG] Accepted segment [68096:69120], variance=0.0529, QRS count=5
2025-10-08 17:31:50,509 [DEBUG] Accepted segment [68608:69632], variance=0.0620, QRS count=5
2025-10-08 17:31:50,528 [DEBUG] Accepted segment [69120:70144], variance=0.0512, QRS count=6
2025-10-08 17:31:50,542 [DEBUG] Accepted segment [69632:70656], variance=0.0508, QRS count=5
2025-10-08 17:31:50,552 [DEBUG] Accepted segment [70144:71168], variance=0.0623, QRS count=5
2025-10-08 17:31:50,572 [DEBUG] Accepted segment [70656:71680], variance=0.0649, QRS count=5
2025-10-08 17:31:50,588 [DEBUG] Accepted segment [71168:72192], variance=0.0649, QRS count=6
2025-10-08 17:31:50,602 [DEBUG] Accepted segment [71680:72704], variance=0.0643, QRS count=6
2025-10-08 17:31:50,617 [DEBUG] Accepted segment [72192:73216], variance=0.0546, QRS count=6
2025-10-08 17:31:50,630 [DEBUG] Accepted segment [72704:73728], variance=0.0550, QRS count=5
2025-10-08 17:31:50,642 [DEBUG] Accepted segment [73216:74240], variance=0.0646, QRS count=5
2025-10-08 17:31:50,655 [DEBUG] Accepted segment [73728:74752], variance=0.0630, QRS count=5
2025-10-08 17:31:50,668 [DEBUG] Accepted segment [74240:75264], variance=0.0623, QRS count=6
2025-10-08 17:31:50,681 [DEBUG] Accepted segment [74752:75776], variance=0.0621, QRS count=6
2025-10-08 17:31:50,698 [DEBUG] Accepted segment [75264:76288], variance=0.0509, QRS count=6
2025-10-08 17:31:50,717 [DEBUG] Accepted segment [75776:76800], variance=0.0518, QRS count=5
2025-10-08 17:31:50,733 [DEBUG] Accepted segment [76288:77312], variance=0.0641, QRS count=5
2025-10-08 17:31:50,746 [DEBUG] Accepted segment [76800:77824], variance=0.0659, QRS count=5
2025-10-08 17:31:50,756 [DEBUG] Accepted segment [77312:78336], variance=0.0647, QRS count=6
2025-10-08 17:31:50,768 [DEBUG] Accepted segment [77824:78848], variance=0.0543, QRS count=5
2025-10-08 17:31:50,784 [DEBUG] Accepted segment [78336:79360], variance=0.0534, QRS count=5
2025-10-08 17:31:50,801 [DEBUG] Accepted segment [78848:79872], variance=0.0600, QRS count=5
2025-10-08 17:31:50,818 [DEBUG] Accepted segment [79360:80384], variance=0.0605, QRS count=6
2025-10-08 17:31:50,833 [DEBUG] Accepted segment [79872:80896], variance=0.0530, QRS count=5
2025-10-08 17:31:50,850 [DEBUG] Accepted segment [80384:81408], variance=0.0525, QRS count=5
2025-10-08 17:31:50,865 [DEBUG] Accepted segment [80896:81920], variance=0.0614, QRS count=5
2025-10-08 17:31:50,882 [DEBUG] Accepted segment [81408:82432], variance=0.0623, QRS count=6
2025-10-08 17:31:50,902 [DEBUG] Accepted segment [81920:82944], variance=0.0606, QRS count=5
2025-10-08 17:31:50,918 [DEBUG] Accepted segment [82432:83456], variance=0.0508, QRS count=5
2025-10-08 17:31:50,936 [DEBUG] Accepted segment [82944:83968], variance=0.0525, QRS count=5
2025-10-08 17:31:50,956 [DEBUG] Accepted segment [83456:84480], variance=0.0618, QRS count=5
2025-10-08 17:31:50,976 [DEBUG] Accepted segment [83968:84992], variance=0.0601, QRS count=5
2025-10-08 17:31:50,994 [DEBUG] Accepted segment [84480:85504], variance=0.0589, QRS count=5
2025-10-08 17:31:51,014 [DEBUG] Accepted segment [84992:86016], variance=0.0579, QRS count=6
2025-10-08 17:31:51,036 [DEBUG] Accepted segment [85504:86528], variance=0.0604, QRS count=6
2025-10-08 17:31:51,054 [DEBUG] Accepted segment [86016:87040], variance=0.0538, QRS count=5
2025-10-08 17:31:51,078 [DEBUG] Accepted segment [86528:87552], variance=0.0515, QRS count=5
2025-10-08 17:31:51,105 [DEBUG] Accepted segment [87040:88064], variance=0.0609, QRS count=5
2025-10-08 17:31:51,125 [DEBUG] Accepted segment [87552:88576], variance=0.0617, QRS count=5
2025-10-08 17:31:51,146 [DEBUG] Accepted segment [88064:89088], variance=0.0498, QRS count=5
2025-10-08 17:31:51,165 [DEBUG] Accepted segment [88576:89600], variance=0.0489, QRS count=5
2025-10-08 17:31:51,186 [DEBUG] Accepted segment [89088:90112], variance=0.0603, QRS count=5
2025-10-08 17:31:51,207 [DEBUG] Accepted segment [89600:90624], variance=0.0612, QRS count=6
2025-10-08 17:31:51,225 [DEBUG] Accepted segment [90112:91136], variance=0.0612, QRS count=6
2025-10-08 17:31:51,250 [DEBUG] Accepted segment [90624:91648], variance=0.0535, QRS count=5
2025-10-08 17:31:51,273 [DEBUG] Accepted segment [91136:92160], variance=0.0552, QRS count=5
2025-10-08 17:31:51,291 [DEBUG] Accepted segment [91648:92672], variance=0.0635, QRS count=5
2025-10-08 17:31:51,309 [DEBUG] Accepted segment [92160:93184], variance=0.0609, QRS count=5
2025-10-08 17:31:51,328 [DEBUG] Accepted segment [92672:93696], variance=0.0534, QRS count=6
2025-10-08 17:31:51,344 [DEBUG] Accepted segment [93184:94208], variance=0.0553, QRS count=5
2025-10-08 17:31:51,359 [DEBUG] Accepted segment [93696:94720], variance=0.0625, QRS count=5
2025-10-08 17:31:51,376 [DEBUG] Accepted segment [94208:95232], variance=0.0619, QRS count=5
2025-10-08 17:31:51,393 [DEBUG] Accepted segment [94720:95744], variance=0.0629, QRS count=6
2025-10-08 17:31:51,409 [DEBUG] Accepted segment [95232:96256], variance=0.0528, QRS count=5
2025-10-08 17:31:51,427 [DEBUG] Accepted segment [95744:96768], variance=0.0525, QRS count=5
2025-10-08 17:31:51,444 [DEBUG] Accepted segment [96256:97280], variance=0.0625, QRS count=5
2025-10-08 17:31:51,462 [DEBUG] Accepted segment [96768:97792], variance=0.0602, QRS count=6
2025-10-08 17:31:51,479 [DEBUG] Accepted segment [97280:98304], variance=0.0574, QRS count=6
2025-10-08 17:31:51,496 [DEBUG] Accepted segment [97792:98816], variance=0.0569, QRS count=6
2025-10-08 17:31:51,515 [DEBUG] Accepted segment [98304:99328], variance=0.0501, QRS count=6
2025-10-08 17:31:51,532 [DEBUG] Accepted segment [98816:99840], variance=0.0510, QRS count=5
2025-10-08 17:31:51,549 [DEBUG] Accepted segment [99328:100352], variance=0.0579, QRS count=5
2025-10-08 17:31:51,566 [DEBUG] Accepted segment [99840:100864], variance=0.0583, QRS count=5
2025-10-08 17:31:51,588 [DEBUG] Accepted segment [100352:101376], variance=0.0604, QRS count=5
2025-10-08 17:31:51,608 [DEBUG] Accepted segment [100864:101888], variance=0.0593, QRS count=6
2025-10-08 17:31:51,626 [DEBUG] Accepted segment [101376:102400], variance=0.0568, QRS count=6
2025-10-08 17:31:51,646 [DEBUG] Accepted segment [101888:102912], variance=0.0552, QRS count=6
2025-10-08 17:31:51,665 [DEBUG] Accepted segment [102400:103424], variance=0.0554, QRS count=6
2025-10-08 17:31:51,686 [DEBUG] Accepted segment [102912:103936], variance=0.0574, QRS count=6
2025-10-08 17:31:51,705 [DEBUG] Accepted segment [103424:104448], variance=0.0576, QRS count=5
2025-10-08 17:31:51,725 [DEBUG] Accepted segment [103936:104960], variance=0.0472, QRS count=6
2025-10-08 17:31:51,747 [DEBUG] Accepted segment [104448:105472], variance=0.0462, QRS count=5
2025-10-08 17:31:51,768 [DEBUG] Accepted segment [104960:105984], variance=0.0554, QRS count=5
2025-10-08 17:31:51,786 [DEBUG] Accepted segment [105472:106496], variance=0.0562, QRS count=5
2025-10-08 17:31:51,809 [DEBUG] Accepted segment [105984:107008], variance=0.0543, QRS count=5
2025-10-08 17:31:51,828 [DEBUG] Accepted segment [106496:107520], variance=0.0518, QRS count=5
2025-10-08 17:31:51,851 [DEBUG] Accepted segment [107008:108032], variance=0.0523, QRS count=5
2025-10-08 17:31:51,873 [DEBUG] Accepted segment [107520:108544], variance=0.0539, QRS count=5
2025-10-08 17:31:51,894 [DEBUG] Accepted segment [108032:109056], variance=0.0543, QRS count=5
2025-10-08 17:31:51,916 [DEBUG] Accepted segment [108544:109568], variance=0.0531, QRS count=6
2025-10-08 17:31:51,935 [DEBUG] Accepted segment [109056:110080], variance=0.0515, QRS count=6
2025-10-08 17:31:51,956 [DEBUG] Accepted segment [109568:110592], variance=0.0521, QRS count=6
2025-10-08 17:31:51,976 [DEBUG] Accepted segment [110080:111104], variance=0.1279, QRS count=6
2025-10-08 17:31:51,998 [DEBUG] Accepted segment [110592:111616], variance=0.1293, QRS count=5
2025-10-08 17:31:52,022 [DEBUG] Accepted segment [111104:112128], variance=0.0552, QRS count=6
2025-10-08 17:31:52,052 [DEBUG] Accepted segment [111616:112640], variance=0.0537, QRS count=6
2025-10-08 17:31:52,073 [DEBUG] Accepted segment [112128:113152], variance=0.0532, QRS count=6
2025-10-08 17:31:52,094 [DEBUG] Accepted segment [112640:113664], variance=0.0558, QRS count=6
2025-10-08 17:31:52,118 [DEBUG] Accepted segment [113152:114176], variance=0.0582, QRS count=5
2025-10-08 17:31:52,130 [DEBUG] Accepted segment [113664:114688], variance=0.0514, QRS count=6
2025-10-08 17:31:52,145 [DEBUG] Accepted segment [114176:115200], variance=0.0525, QRS count=5
2025-10-08 17:31:52,170 [DEBUG] Accepted segment [114688:115712], variance=0.0596, QRS count=5
2025-10-08 17:31:52,202 [DEBUG] Accepted segment [115200:116224], variance=0.0584, QRS count=5
2025-10-08 17:31:52,223 [DEBUG] Accepted segment [115712:116736], variance=0.0515, QRS count=6
2025-10-08 17:31:52,244 [DEBUG] Accepted segment [116224:117248], variance=0.0530, QRS count=5
2025-10-08 17:31:52,265 [DEBUG] Accepted segment [116736:117760], variance=0.0609, QRS count=5
2025-10-08 17:31:52,285 [DEBUG] Accepted segment [117248:118272], variance=0.0628, QRS count=5
2025-10-08 17:31:52,305 [DEBUG] Accepted segment [117760:118784], variance=0.0637, QRS count=6
2025-10-08 17:31:52,326 [DEBUG] Accepted segment [118272:119296], variance=0.0609, QRS count=6
2025-10-08 17:31:52,349 [DEBUG] Accepted segment [118784:119808], variance=0.0506, QRS count=6
2025-10-08 17:31:52,349 [DEBUG] Skipping segment [119296:120320] due to overlap with noise [120200:120500]
2025-10-08 17:31:52,349 [DEBUG] Skipping segment [119808:120832] due to overlap with noise [120200:120500]
2025-10-08 17:31:52,350 [DEBUG] Skipping segment [120320:121344] due to overlap with noise [120200:120500]
2025-10-08 17:31:52,374 [DEBUG] Accepted segment [120832:121856], variance=0.0428, QRS count=6
2025-10-08 17:31:52,408 [DEBUG] Accepted segment [121344:122368], variance=0.0406, QRS count=6
2025-10-08 17:31:52,440 [DEBUG] Accepted segment [121856:122880], variance=0.0365, QRS count=6
2025-10-08 17:31:52,465 [DEBUG] Accepted segment [122368:123392], variance=0.0401, QRS count=5
2025-10-08 17:31:52,489 [DEBUG] Accepted segment [122880:123904], variance=0.0464, QRS count=6
2025-10-08 17:31:52,514 [DEBUG] Accepted segment [123392:124416], variance=0.0520, QRS count=6
2025-10-08 17:31:52,553 [DEBUG] Accepted segment [123904:124928], variance=0.0439, QRS count=5
2025-10-08 17:31:52,589 [DEBUG] Accepted segment [124416:125440], variance=0.0354, QRS count=5
2025-10-08 17:31:52,630 [DEBUG] Accepted segment [124928:125952], variance=0.0386, QRS count=5
2025-10-08 17:31:52,668 [DEBUG] Accepted segment [125440:126464], variance=0.0365, QRS count=5
2025-10-08 17:31:52,693 [DEBUG] Accepted segment [125952:126976], variance=0.0365, QRS count=6
2025-10-08 17:31:52,709 [DEBUG] Accepted segment [126464:127488], variance=0.0327, QRS count=5
2025-10-08 17:31:52,727 [DEBUG] Accepted segment [126976:128000], variance=0.0325, QRS count=5
2025-10-08 17:31:52,728 [INFO] Segmented signal of length 128000 into 246 valid segments
2025-10-08 17:31:53,389 [DEBUG] Skipping segment [0:1024] due to overlap with noise [0:400]
2025-10-08 17:31:53,413 [DEBUG] Accepted segment [512:1536], variance=0.0713, QRS count=4
2025-10-08 17:31:53,434 [DEBUG] Accepted segment [1024:2048], variance=0.0615, QRS count=4
2025-10-08 17:31:53,435 [DEBUG] Skipping segment [1536:2560] due to overlap with noise [2400:3800]
2025-10-08 17:31:53,435 [DEBUG] Skipping segment [2048:3072] due to overlap with noise [2400:3800]
2025-10-08 17:31:53,435 [DEBUG] Skipping segment [2560:3584] due to overlap with noise [2400:3800]
2025-10-08 17:31:53,435 [DEBUG] Skipping segment [3072:4096] due to overlap with noise [2400:3800]
2025-10-08 17:31:53,436 [DEBUG] Skipping segment [3584:4608] due to overlap with noise [2400:3800]
2025-10-08 17:31:53,460 [DEBUG] Accepted segment [4096:5120], variance=0.0638, QRS count=4
2025-10-08 17:31:53,487 [DEBUG] Accepted segment [4608:5632], variance=0.0595, QRS count=4
2025-10-08 17:31:53,509 [DEBUG] Accepted segment [5120:6144], variance=0.0630, QRS count=5
2025-10-08 17:31:53,528 [DEBUG] Accepted segment [5632:6656], variance=0.0667, QRS count=4
2025-10-08 17:31:53,548 [DEBUG] Accepted segment [6144:7168], variance=0.0610, QRS count=4
2025-10-08 17:31:53,565 [DEBUG] Accepted segment [6656:7680], variance=0.0560, QRS count=4
2025-10-08 17:31:53,584 [DEBUG] Accepted segment [7168:8192], variance=0.0571, QRS count=4
2025-10-08 17:31:53,600 [DEBUG] Accepted segment [7680:8704], variance=0.0666, QRS count=4
2025-10-08 17:31:53,616 [DEBUG] Accepted segment [8192:9216], variance=0.0678, QRS count=4
2025-10-08 17:31:53,634 [DEBUG] Accepted segment [8704:9728], variance=0.0588, QRS count=4
2025-10-08 17:31:53,654 [DEBUG] Accepted segment [9216:10240], variance=0.0635, QRS count=5
2025-10-08 17:31:53,670 [DEBUG] Accepted segment [9728:10752], variance=0.0676, QRS count=4
2025-10-08 17:31:53,685 [DEBUG] Accepted segment [10240:11264], variance=0.0598, QRS count=4
2025-10-08 17:31:53,701 [DEBUG] Accepted segment [10752:11776], variance=0.0615, QRS count=4
2025-10-08 17:31:53,716 [DEBUG] Accepted segment [11264:12288], variance=0.0670, QRS count=5
2025-10-08 17:31:53,731 [DEBUG] Accepted segment [11776:12800], variance=0.0617, QRS count=4
2025-10-08 17:31:53,753 [DEBUG] Accepted segment [12288:13312], variance=0.0684, QRS count=5
2025-10-08 17:31:53,768 [DEBUG] Accepted segment [12800:13824], variance=0.0672, QRS count=4
2025-10-08 17:31:53,782 [DEBUG] Accepted segment [13312:14336], variance=0.0669, QRS count=5
2025-10-08 17:31:53,793 [DEBUG] Accepted segment [13824:14848], variance=0.0698, QRS count=4
2025-10-08 17:31:53,805 [DEBUG] Accepted segment [14336:15360], variance=0.0721, QRS count=5
2025-10-08 17:31:53,821 [DEBUG] Accepted segment [14848:15872], variance=0.0806, QRS count=5
2025-10-08 17:31:53,835 [DEBUG] Accepted segment [15360:16384], variance=0.0725, QRS count=6
2025-10-08 17:31:53,851 [DEBUG] Accepted segment [15872:16896], variance=0.0769, QRS count=5
2025-10-08 17:31:53,869 [DEBUG] Accepted segment [16384:17408], variance=0.0851, QRS count=5
2025-10-08 17:31:53,887 [DEBUG] Accepted segment [16896:17920], variance=0.0787, QRS count=6
2025-10-08 17:31:53,903 [DEBUG] Accepted segment [17408:18432], variance=0.0684, QRS count=5
2025-10-08 17:31:53,917 [DEBUG] Accepted segment [17920:18944], variance=0.0600, QRS count=4
2025-10-08 17:31:53,931 [DEBUG] Accepted segment [18432:19456], variance=0.0654, QRS count=5
2025-10-08 17:31:53,946 [DEBUG] Accepted segment [18944:19968], variance=0.0706, QRS count=4
2025-10-08 17:31:53,956 [DEBUG] Accepted segment [19456:20480], variance=0.0615, QRS count=4
2025-10-08 17:31:53,969 [DEBUG] Accepted segment [19968:20992], variance=0.0565, QRS count=4
2025-10-08 17:31:53,983 [DEBUG] Accepted segment [20480:21504], variance=0.0658, QRS count=5
2025-10-08 17:31:53,996 [DEBUG] Accepted segment [20992:22016], variance=0.0707, QRS count=4
2025-10-08 17:31:54,012 [DEBUG] Accepted segment [21504:22528], variance=0.0634, QRS count=4
2025-10-08 17:31:54,025 [DEBUG] Accepted segment [22016:23040], variance=0.0587, QRS count=4
2025-10-08 17:31:54,039 [DEBUG] Accepted segment [22528:23552], variance=0.0665, QRS count=5
2025-10-08 17:31:54,040 [DEBUG] Skipping segment [23040:24064] due to overlap with noise [24000:24800]
2025-10-08 17:31:54,040 [DEBUG] Skipping segment [23552:24576] due to overlap with noise [24000:24800]
2025-10-08 17:31:54,040 [DEBUG] Skipping segment [24064:25088] due to overlap with noise [24000:24800]
2025-10-08 17:31:54,040 [DEBUG] Skipping segment [24576:25600] due to overlap with noise [24000:24800]
2025-10-08 17:31:54,054 [DEBUG] Accepted segment [25088:26112], variance=0.0705, QRS count=6
2025-10-08 17:31:54,067 [DEBUG] Accepted segment [25600:26624], variance=0.0701, QRS count=5
2025-10-08 17:31:54,080 [DEBUG] Accepted segment [26112:27136], variance=0.0624, QRS count=5
2025-10-08 17:31:54,094 [DEBUG] Accepted segment [26624:27648], variance=0.0628, QRS count=6
2025-10-08 17:31:54,106 [DEBUG] Accepted segment [27136:28160], variance=0.0622, QRS count=5
2025-10-08 17:31:54,119 [DEBUG] Accepted segment [27648:28672], variance=0.0545, QRS count=5
2025-10-08 17:31:54,132 [DEBUG] Accepted segment [28160:29184], variance=0.0639, QRS count=5
2025-10-08 17:31:54,141 [DEBUG] Accepted segment [28672:29696], variance=0.0645, QRS count=4
2025-10-08 17:31:54,152 [DEBUG] Accepted segment [29184:30208], variance=0.0619, QRS count=5
2025-10-08 17:31:54,164 [DEBUG] Accepted segment [29696:30720], variance=0.0662, QRS count=5
2025-10-08 17:31:54,177 [DEBUG] Accepted segment [30208:31232], variance=0.0584, QRS count=4
2025-10-08 17:31:54,190 [DEBUG] Accepted segment [30720:31744], variance=0.0632, QRS count=5
2025-10-08 17:31:54,201 [DEBUG] Accepted segment [31232:32256], variance=0.0687, QRS count=4
2025-10-08 17:31:54,213 [DEBUG] Accepted segment [31744:32768], variance=0.0606, QRS count=4
2025-10-08 17:31:54,224 [DEBUG] Accepted segment [32256:33280], variance=0.0556, QRS count=5
2025-10-08 17:31:54,237 [DEBUG] Accepted segment [32768:33792], variance=0.0653, QRS count=5
2025-10-08 17:31:54,251 [DEBUG] Accepted segment [33280:34304], variance=0.0680, QRS count=4
2025-10-08 17:31:54,262 [DEBUG] Accepted segment [33792:34816], variance=0.0583, QRS count=4
2025-10-08 17:31:54,274 [DEBUG] Accepted segment [34304:35328], variance=0.0639, QRS count=5
2025-10-08 17:31:54,279 [DEBUG] Accepted segment [34816:35840], variance=0.0667, QRS count=4
2025-10-08 17:31:54,283 [DEBUG] Accepted segment [35328:36352], variance=0.0591, QRS count=5
2025-10-08 17:31:54,287 [DEBUG] Accepted segment [35840:36864], variance=0.0674, QRS count=5
2025-10-08 17:31:54,292 [DEBUG] Accepted segment [36352:37376], variance=0.0672, QRS count=4
2025-10-08 17:31:54,296 [DEBUG] Accepted segment [36864:37888], variance=0.0557, QRS count=4
2025-10-08 17:31:54,300 [DEBUG] Accepted segment [37376:38400], variance=0.0645, QRS count=4
2025-10-08 17:31:54,304 [DEBUG] Accepted segment [37888:38912], variance=0.0696, QRS count=4
2025-10-08 17:31:54,308 [DEBUG] Accepted segment [38400:39424], variance=0.0600, QRS count=4
2025-10-08 17:31:54,312 [DEBUG] Accepted segment [38912:39936], variance=0.0560, QRS count=4
2025-10-08 17:31:54,316 [DEBUG] Accepted segment [39424:40448], variance=0.0664, QRS count=5
2025-10-08 17:31:54,320 [DEBUG] Accepted segment [39936:40960], variance=0.0676, QRS count=4
2025-10-08 17:31:54,324 [DEBUG] Accepted segment [40448:41472], variance=0.0587, QRS count=4
2025-10-08 17:31:54,328 [DEBUG] Accepted segment [40960:41984], variance=0.0638, QRS count=5
2025-10-08 17:31:54,332 [DEBUG] Accepted segment [41472:42496], variance=0.0685, QRS count=4
2025-10-08 17:31:54,336 [DEBUG] Accepted segment [41984:43008], variance=0.0633, QRS count=4
2025-10-08 17:31:54,340 [DEBUG] Accepted segment [42496:43520], variance=0.0641, QRS count=5
2025-10-08 17:31:54,344 [DEBUG] Accepted segment [43008:44032], variance=0.0666, QRS count=5
2025-10-08 17:31:54,348 [DEBUG] Accepted segment [43520:44544], variance=0.0613, QRS count=4
2025-10-08 17:31:54,352 [DEBUG] Accepted segment [44032:45056], variance=0.0696, QRS count=5
2025-10-08 17:31:54,357 [DEBUG] Accepted segment [44544:45568], variance=0.0793, QRS count=5
2025-10-08 17:31:54,361 [DEBUG] Accepted segment [45056:46080], variance=0.0745, QRS count=5
2025-10-08 17:31:54,365 [DEBUG] Accepted segment [45568:46592], variance=0.0689, QRS count=5
2025-10-08 17:31:54,369 [DEBUG] Accepted segment [46080:47104], variance=0.0612, QRS count=5
2025-10-08 17:31:54,373 [DEBUG] Accepted segment [46592:47616], variance=0.0675, QRS count=5
2025-10-08 17:31:54,377 [DEBUG] Accepted segment [47104:48128], variance=0.0667, QRS count=4
2025-10-08 17:31:54,381 [DEBUG] Accepted segment [47616:48640], variance=0.0650, QRS count=5
2025-10-08 17:31:54,385 [DEBUG] Accepted segment [48128:49152], variance=0.0693, QRS count=4
2025-10-08 17:31:54,389 [DEBUG] Accepted segment [48640:49664], variance=0.0693, QRS count=5
2025-10-08 17:31:54,393 [DEBUG] Accepted segment [49152:50176], variance=0.0686, QRS count=5
2025-10-08 17:31:54,397 [DEBUG] Accepted segment [49664:50688], variance=0.0699, QRS count=5
2025-10-08 17:31:54,401 [DEBUG] Accepted segment [50176:51200], variance=0.0716, QRS count=6
2025-10-08 17:31:54,405 [DEBUG] Accepted segment [50688:51712], variance=0.0602, QRS count=5
2025-10-08 17:31:54,409 [DEBUG] Accepted segment [51200:52224], variance=0.0649, QRS count=5
2025-10-08 17:31:54,412 [DEBUG] Accepted segment [51712:52736], variance=0.0633, QRS count=4
2025-10-08 17:31:54,416 [DEBUG] Accepted segment [52224:53248], variance=0.0603, QRS count=5
2025-10-08 17:31:54,420 [DEBUG] Accepted segment [52736:53760], variance=0.0668, QRS count=5
2025-10-08 17:31:54,424 [DEBUG] Accepted segment [53248:54272], variance=0.0604, QRS count=5
2025-10-08 17:31:54,428 [DEBUG] Accepted segment [53760:54784], variance=0.0667, QRS count=5
2025-10-08 17:31:54,432 [DEBUG] Accepted segment [54272:55296], variance=0.0659, QRS count=4
2025-10-08 17:31:54,436 [DEBUG] Accepted segment [54784:55808], variance=0.0629, QRS count=5
2025-10-08 17:31:54,440 [DEBUG] Accepted segment [55296:56320], variance=0.0680, QRS count=5
2025-10-08 17:31:54,443 [DEBUG] Accepted segment [55808:56832], variance=0.0606, QRS count=4
2025-10-08 17:31:54,447 [DEBUG] Accepted segment [56320:57344], variance=0.0672, QRS count=5
2025-10-08 17:31:54,451 [DEBUG] Accepted segment [56832:57856], variance=0.0676, QRS count=4
2025-10-08 17:31:54,455 [DEBUG] Accepted segment [57344:58368], variance=0.0666, QRS count=5
2025-10-08 17:31:54,459 [DEBUG] Accepted segment [57856:58880], variance=0.0669, QRS count=4
2025-10-08 17:31:54,462 [DEBUG] Accepted segment [58368:59392], variance=0.0631, QRS count=5
2025-10-08 17:31:54,466 [DEBUG] Accepted segment [58880:59904], variance=0.0658, QRS count=4
2025-10-08 17:31:54,470 [DEBUG] Accepted segment [59392:60416], variance=0.0663, QRS count=5
2025-10-08 17:31:54,474 [DEBUG] Accepted segment [59904:60928], variance=0.0609, QRS count=5
2025-10-08 17:31:54,478 [DEBUG] Accepted segment [60416:61440], variance=0.0636, QRS count=5
2025-10-08 17:31:54,482 [DEBUG] Accepted segment [60928:61952], variance=0.0645, QRS count=4
2025-10-08 17:31:54,486 [DEBUG] Accepted segment [61440:62464], variance=0.0635, QRS count=5
2025-10-08 17:31:54,490 [DEBUG] Accepted segment [61952:62976], variance=0.0681, QRS count=5
2025-10-08 17:31:54,495 [DEBUG] Accepted segment [62464:63488], variance=0.0672, QRS count=5
2025-10-08 17:31:54,498 [DEBUG] Accepted segment [62976:64000], variance=0.0674, QRS count=5
2025-10-08 17:31:54,502 [DEBUG] Accepted segment [63488:64512], variance=0.0614, QRS count=4
2025-10-08 17:31:54,506 [DEBUG] Accepted segment [64000:65024], variance=0.0665, QRS count=4
2025-10-08 17:31:54,510 [DEBUG] Accepted segment [64512:65536], variance=0.0698, QRS count=4
2025-10-08 17:31:54,514 [DEBUG] Accepted segment [65024:66048], variance=0.0600, QRS count=4
2025-10-08 17:31:54,517 [DEBUG] Accepted segment [65536:66560], variance=0.0562, QRS count=4
2025-10-08 17:31:54,521 [DEBUG] Accepted segment [66048:67072], variance=0.0646, QRS count=5
2025-10-08 17:31:54,525 [DEBUG] Accepted segment [66560:67584], variance=0.0682, QRS count=4
2025-10-08 17:31:54,529 [DEBUG] Accepted segment [67072:68096], variance=0.0609, QRS count=4
2025-10-08 17:31:54,533 [DEBUG] Accepted segment [67584:68608], variance=0.0569, QRS count=4
2025-10-08 17:31:54,536 [DEBUG] Accepted segment [68096:69120], variance=0.0652, QRS count=5
2025-10-08 17:31:54,540 [DEBUG] Accepted segment [68608:69632], variance=0.0696, QRS count=4
2025-10-08 17:31:54,544 [DEBUG] Accepted segment [69120:70144], variance=0.0609, QRS count=4
2025-10-08 17:31:54,549 [DEBUG] Accepted segment [69632:70656], variance=0.0629, QRS count=5
2025-10-08 17:31:54,553 [DEBUG] Accepted segment [70144:71168], variance=0.0675, QRS count=4
2025-10-08 17:31:54,556 [DEBUG] Accepted segment [70656:71680], variance=0.0603, QRS count=4
2025-10-08 17:31:54,560 [DEBUG] Accepted segment [71168:72192], variance=0.0674, QRS count=5
2025-10-08 17:31:54,565 [DEBUG] Accepted segment [71680:72704], variance=0.0668, QRS count=4
2025-10-08 17:31:54,569 [DEBUG] Accepted segment [72192:73216], variance=0.0556, QRS count=4
2025-10-08 17:31:54,573 [DEBUG] Accepted segment [72704:73728], variance=0.0672, QRS count=5
2025-10-08 17:31:54,577 [DEBUG] Accepted segment [73216:74240], variance=0.0669, QRS count=4
2025-10-08 17:31:54,580 [DEBUG] Accepted segment [73728:74752], variance=0.0551, QRS count=5
2025-10-08 17:31:54,583 [DEBUG] Accepted segment [74240:75264], variance=0.0668, QRS count=5
2025-10-08 17:31:54,587 [DEBUG] Accepted segment [74752:75776], variance=0.0669, QRS count=4
2025-10-08 17:31:54,590 [DEBUG] Accepted segment [75264:76288], variance=0.0631, QRS count=4
2025-10-08 17:31:54,593 [DEBUG] Accepted segment [75776:76800], variance=0.0682, QRS count=5
2025-10-08 17:31:54,597 [DEBUG] Accepted segment [76288:77312], variance=0.0602, QRS count=4
2025-10-08 17:31:54,600 [DEBUG] Accepted segment [76800:77824], variance=0.0663, QRS count=5
2025-10-08 17:31:54,604 [DEBUG] Accepted segment [77312:78336], variance=0.0746, QRS count=5
2025-10-08 17:31:54,607 [DEBUG] Accepted segment [77824:78848], variance=0.0747, QRS count=5
2025-10-08 17:31:54,611 [DEBUG] Accepted segment [78336:79360], variance=0.0700, QRS count=5
2025-10-08 17:31:54,614 [DEBUG] Accepted segment [78848:79872], variance=0.0689, QRS count=5
2025-10-08 17:31:54,617 [DEBUG] Accepted segment [79360:80384], variance=0.0664, QRS count=4
2025-10-08 17:31:54,621 [DEBUG] Accepted segment [79872:80896], variance=0.0676, QRS count=5
2025-10-08 17:31:54,624 [DEBUG] Accepted segment [80384:81408], variance=0.0665, QRS count=4
2025-10-08 17:31:54,628 [DEBUG] Accepted segment [80896:81920], variance=0.0647, QRS count=5
2025-10-08 17:31:54,631 [DEBUG] Accepted segment [81408:82432], variance=0.0655, QRS count=4
2025-10-08 17:31:54,634 [DEBUG] Accepted segment [81920:82944], variance=0.0642, QRS count=5
2025-10-08 17:31:54,638 [DEBUG] Accepted segment [82432:83456], variance=0.0676, QRS count=5
2025-10-08 17:31:54,641 [DEBUG] Accepted segment [82944:83968], variance=0.0592, QRS count=4
2025-10-08 17:31:54,644 [DEBUG] Accepted segment [83456:84480], variance=0.0647, QRS count=5
2025-10-08 17:31:54,648 [DEBUG] Accepted segment [83968:84992], variance=0.0657, QRS count=4
2025-10-08 17:31:54,651 [DEBUG] Accepted segment [84480:85504], variance=0.0633, QRS count=5
2025-10-08 17:31:54,654 [DEBUG] Accepted segment [84992:86016], variance=0.0668, QRS count=5
2025-10-08 17:31:54,658 [DEBUG] Accepted segment [85504:86528], variance=0.0680, QRS count=5
2025-10-08 17:31:54,661 [DEBUG] Accepted segment [86016:87040], variance=0.0652, QRS count=4
2025-10-08 17:31:54,664 [DEBUG] Accepted segment [86528:87552], variance=0.0649, QRS count=5
2025-10-08 17:31:54,667 [DEBUG] Accepted segment [87040:88064], variance=0.0665, QRS count=4
2025-10-08 17:31:54,670 [DEBUG] Accepted segment [87552:88576], variance=0.0640, QRS count=5
2025-10-08 17:31:54,674 [DEBUG] Accepted segment [88064:89088], variance=0.0637, QRS count=5
2025-10-08 17:31:54,677 [DEBUG] Accepted segment [88576:89600], variance=0.0630, QRS count=4
2025-10-08 17:31:54,681 [DEBUG] Accepted segment [89088:90112], variance=0.0606, QRS count=5
2025-10-08 17:31:54,684 [DEBUG] Accepted segment [89600:90624], variance=0.0560, QRS count=4
2025-10-08 17:31:54,687 [DEBUG] Accepted segment [90112:91136], variance=0.0542, QRS count=4
2025-10-08 17:31:54,690 [DEBUG] Accepted segment [90624:91648], variance=0.0615, QRS count=5
2025-10-08 17:31:54,693 [DEBUG] Accepted segment [91136:92160], variance=0.0635, QRS count=4
2025-10-08 17:31:54,697 [DEBUG] Accepted segment [91648:92672], variance=0.0539, QRS count=5
2025-10-08 17:31:54,700 [DEBUG] Accepted segment [92160:93184], variance=0.0651, QRS count=5
2025-10-08 17:31:54,703 [DEBUG] Accepted segment [92672:93696], variance=0.0663, QRS count=4
2025-10-08 17:31:54,706 [DEBUG] Accepted segment [93184:94208], variance=0.0542, QRS count=4
2025-10-08 17:31:54,709 [DEBUG] Accepted segment [93696:94720], variance=0.0644, QRS count=5
2025-10-08 17:31:54,713 [DEBUG] Accepted segment [94208:95232], variance=0.0639, QRS count=4
2025-10-08 17:31:54,716 [DEBUG] Accepted segment [94720:95744], variance=0.0533, QRS count=4
2025-10-08 17:31:54,719 [DEBUG] Accepted segment [95232:96256], variance=0.0611, QRS count=5
2025-10-08 17:31:54,722 [DEBUG] Accepted segment [95744:96768], variance=0.0647, QRS count=4
2025-10-08 17:31:54,725 [DEBUG] Accepted segment [96256:97280], variance=0.0575, QRS count=5
2025-10-08 17:31:54,728 [DEBUG] Accepted segment [96768:97792], variance=0.0637, QRS count=5
2025-10-08 17:31:54,728 [DEBUG] Skipping segment [97280:98304] due to overlap with noise [98200:101600]
2025-10-08 17:31:54,729 [DEBUG] Skipping segment [97792:98816] due to overlap with noise [98200:101600]
2025-10-08 17:31:54,729 [DEBUG] Skipping segment [98304:99328] due to overlap with noise [98200:101600]
2025-10-08 17:31:54,729 [DEBUG] Skipping segment [98816:99840] due to overlap with noise [98200:101600]
2025-10-08 17:31:54,729 [DEBUG] Skipping segment [99328:100352] due to overlap with noise [98200:101600]
2025-10-08 17:31:54,729 [DEBUG] Skipping segment [99840:100864] due to overlap with noise [98200:101600]
2025-10-08 17:31:54,729 [DEBUG] Skipping segment [100352:101376] due to overlap with noise [98200:101600]
2025-10-08 17:31:54,729 [DEBUG] Skipping segment [100864:101888] due to overlap with noise [98200:101600]
2025-10-08 17:31:54,729 [DEBUG] Skipping segment [101376:102400] due to overlap with noise [98200:101600]
2025-10-08 17:31:54,732 [DEBUG] Accepted segment [101888:102912], variance=0.0620, QRS count=5
2025-10-08 17:31:54,735 [DEBUG] Accepted segment [102400:103424], variance=0.0601, QRS count=5
2025-10-08 17:31:54,738 [DEBUG] Accepted segment [102912:103936], variance=0.0623, QRS count=4
2025-10-08 17:31:54,742 [DEBUG] Accepted segment [103424:104448], variance=0.0644, QRS count=5
2025-10-08 17:31:54,745 [DEBUG] Accepted segment [103936:104960], variance=0.0658, QRS count=5
2025-10-08 17:31:54,748 [DEBUG] Accepted segment [104448:105472], variance=0.0645, QRS count=5
2025-10-08 17:31:54,751 [DEBUG] Accepted segment [104960:105984], variance=0.0644, QRS count=5
2025-10-08 17:31:54,755 [DEBUG] Accepted segment [105472:106496], variance=0.0673, QRS count=5
2025-10-08 17:31:54,758 [DEBUG] Accepted segment [105984:107008], variance=0.0652, QRS count=5
2025-10-08 17:31:54,761 [DEBUG] Accepted segment [106496:107520], variance=0.0622, QRS count=5
2025-10-08 17:31:54,764 [DEBUG] Accepted segment [107008:108032], variance=0.0632, QRS count=4
2025-10-08 17:31:54,767 [DEBUG] Accepted segment [107520:108544], variance=0.0575, QRS count=4
2025-10-08 17:31:54,770 [DEBUG] Accepted segment [108032:109056], variance=0.0623, QRS count=5
2025-10-08 17:31:54,773 [DEBUG] Accepted segment [108544:109568], variance=0.0661, QRS count=4
2025-10-08 17:31:54,774 [DEBUG] Skipping segment [109056:110080] due to overlap with noise [110000:110800]
2025-10-08 17:31:54,774 [DEBUG] Skipping segment [109568:110592] due to overlap with noise [110000:110800]
2025-10-08 17:31:54,774 [DEBUG] Skipping segment [110080:111104] due to overlap with noise [110000:110800]
2025-10-08 17:31:54,774 [DEBUG] Skipping segment [110592:111616] due to overlap with noise [110000:110800]
2025-10-08 17:31:54,777 [DEBUG] Accepted segment [111104:112128], variance=0.0659, QRS count=5
2025-10-08 17:31:54,780 [DEBUG] Accepted segment [111616:112640], variance=0.0660, QRS count=4
2025-10-08 17:31:54,783 [DEBUG] Accepted segment [112128:113152], variance=0.0650, QRS count=5
2025-10-08 17:31:54,786 [DEBUG] Accepted segment [112640:113664], variance=0.0650, QRS count=4
2025-10-08 17:31:54,789 [DEBUG] Accepted segment [113152:114176], variance=0.0616, QRS count=5
2025-10-08 17:31:54,793 [DEBUG] Accepted segment [113664:114688], variance=0.0663, QRS count=4
2025-10-08 17:31:54,796 [DEBUG] Accepted segment [114176:115200], variance=0.0597, QRS count=4
2025-10-08 17:31:54,799 [DEBUG] Accepted segment [114688:115712], variance=0.0616, QRS count=5
2025-10-08 17:31:54,802 [DEBUG] Accepted segment [115200:116224], variance=0.0643, QRS count=4
2025-10-08 17:31:54,805 [DEBUG] Accepted segment [115712:116736], variance=0.0654, QRS count=5
2025-10-08 17:31:54,809 [DEBUG] Accepted segment [116224:117248], variance=0.0645, QRS count=5
2025-10-08 17:31:54,812 [DEBUG] Accepted segment [116736:117760], variance=0.0676, QRS count=5
2025-10-08 17:31:54,812 [DEBUG] Skipping segment [117248:118272] due to overlap with noise [118000:119600]
2025-10-08 17:31:54,812 [DEBUG] Skipping segment [117760:118784] due to overlap with noise [118000:119600]
2025-10-08 17:31:54,812 [DEBUG] Skipping segment [118272:119296] due to overlap with noise [118000:119600]
2025-10-08 17:31:54,812 [DEBUG] Skipping segment [118784:119808] due to overlap with noise [118000:119600]
2025-10-08 17:31:54,812 [DEBUG] Skipping segment [119296:120320] due to overlap with noise [118000:119600]
2025-10-08 17:31:54,815 [DEBUG] Accepted segment [119808:120832], variance=0.0673, QRS count=5
2025-10-08 17:31:54,818 [DEBUG] Accepted segment [120320:121344], variance=0.0726, QRS count=5
2025-10-08 17:31:54,822 [DEBUG] Accepted segment [120832:121856], variance=0.0690, QRS count=6
2025-10-08 17:31:54,825 [DEBUG] Accepted segment [121344:122368], variance=0.0672, QRS count=6
2025-10-08 17:31:54,828 [DEBUG] Accepted segment [121856:122880], variance=0.0585, QRS count=5
2025-10-08 17:31:54,831 [DEBUG] Accepted segment [122368:123392], variance=0.0596, QRS count=5
2025-10-08 17:31:54,834 [DEBUG] Accepted segment [122880:123904], variance=0.0629, QRS count=4
2025-10-08 17:31:54,837 [DEBUG] Accepted segment [123392:124416], variance=0.0610, QRS count=5
2025-10-08 17:31:54,840 [DEBUG] Accepted segment [123904:124928], variance=0.0617, QRS count=4
2025-10-08 17:31:54,843 [DEBUG] Accepted segment [124416:125440], variance=0.0623, QRS count=5
2025-10-08 17:31:54,846 [DEBUG] Accepted segment [124928:125952], variance=0.0606, QRS count=4
2025-10-08 17:31:54,849 [DEBUG] Accepted segment [125440:126464], variance=0.0610, QRS count=5
2025-10-08 17:31:54,852 [DEBUG] Accepted segment [125952:126976], variance=0.0601, QRS count=4
2025-10-08 17:31:54,855 [DEBUG] Accepted segment [126464:127488], variance=0.0592, QRS count=5
2025-10-08 17:31:54,856 [INFO] Segmented signal of length 127999 into 220 valid segments
2025-10-08 17:31:56,095 [INFO] Epoch 8 - Loss: 0.0172, MAE: 0.0924, Val Loss: 0.3956, Val MAE: 0.3779
2025-10-08 17:31:56,098 [INFO] Model saved to /home/kesju/DI/2025_ZIVEO/S-ITP-25-9/UNET_MODELIS/resunet_ecg_1024_0_5_0_7.keras
2025-10-08 17:31:56,186 [DEBUG] Skipping segment [0:1024] due to overlap with noise [0:400]
2025-10-08 17:31:56,191 [DEBUG] Accepted segment [512:1536], variance=0.0713, QRS count=4
2025-10-08 17:31:56,196 [DEBUG] Accepted segment [1024:2048], variance=0.0615, QRS count=4
2025-10-08 17:31:56,196 [DEBUG] Skipping segment [1536:2560] due to overlap with noise [2400:3800]
2025-10-08 17:31:56,196 [DEBUG] Skipping segment [2048:3072] due to overlap with noise [2400:3800]
2025-10-08 17:31:56,196 [DEBUG] Skipping segment [2560:3584] due to overlap with noise [2400:3800]
2025-10-08 17:31:56,196 [DEBUG] Skipping segment [3072:4096] due to overlap with noise [2400:3800]
2025-10-08 17:31:56,196 [DEBUG] Skipping segment [3584:4608] due to overlap with noise [2400:3800]
2025-10-08 17:31:56,200 [DEBUG] Accepted segment [4096:5120], variance=0.0638, QRS count=4
2025-10-08 17:31:56,205 [DEBUG] Accepted segment [4608:5632], variance=0.0595, QRS count=4
2025-10-08 17:31:56,210 [DEBUG] Accepted segment [5120:6144], variance=0.0630, QRS count=5
2025-10-08 17:31:56,214 [DEBUG] Accepted segment [5632:6656], variance=0.0667, QRS count=4
2025-10-08 17:31:56,219 [DEBUG] Accepted segment [6144:7168], variance=0.0610, QRS count=4
2025-10-08 17:31:56,223 [DEBUG] Accepted segment [6656:7680], variance=0.0560, QRS count=4
2025-10-08 17:31:56,228 [DEBUG] Accepted segment [7168:8192], variance=0.0571, QRS count=4
2025-10-08 17:31:56,232 [DEBUG] Accepted segment [7680:8704], variance=0.0666, QRS count=4
2025-10-08 17:31:56,236 [DEBUG] Accepted segment [8192:9216], variance=0.0678, QRS count=4
2025-10-08 17:31:56,241 [DEBUG] Accepted segment [8704:9728], variance=0.0588, QRS count=4
2025-10-08 17:31:56,245 [DEBUG] Accepted segment [9216:10240], variance=0.0635, QRS count=5
2025-10-08 17:31:56,249 [DEBUG] Accepted segment [9728:10752], variance=0.0676, QRS count=4
2025-10-08 17:31:56,254 [DEBUG] Accepted segment [10240:11264], variance=0.0598, QRS count=4
2025-10-08 17:31:56,258 [DEBUG] Accepted segment [10752:11776], variance=0.0615, QRS count=4
2025-10-08 17:31:56,262 [DEBUG] Accepted segment [11264:12288], variance=0.0670, QRS count=5
2025-10-08 17:31:56,267 [DEBUG] Accepted segment [11776:12800], variance=0.0617, QRS count=4
2025-10-08 17:31:56,271 [DEBUG] Accepted segment [12288:13312], variance=0.0684, QRS count=5
2025-10-08 17:31:56,276 [DEBUG] Accepted segment [12800:13824], variance=0.0672, QRS count=4
2025-10-08 17:31:56,280 [DEBUG] Accepted segment [13312:14336], variance=0.0669, QRS count=5
2025-10-08 17:31:56,284 [DEBUG] Accepted segment [13824:14848], variance=0.0698, QRS count=4
2025-10-08 17:31:56,288 [DEBUG] Accepted segment [14336:15360], variance=0.0721, QRS count=5
2025-10-08 17:31:56,293 [DEBUG] Accepted segment [14848:15872], variance=0.0806, QRS count=5
2025-10-08 17:31:56,297 [DEBUG] Accepted segment [15360:16384], variance=0.0725, QRS count=6
2025-10-08 17:31:56,302 [DEBUG] Accepted segment [15872:16896], variance=0.0769, QRS count=5
2025-10-08 17:31:56,306 [DEBUG] Accepted segment [16384:17408], variance=0.0851, QRS count=5
2025-10-08 17:31:56,310 [DEBUG] Accepted segment [16896:17920], variance=0.0787, QRS count=6
2025-10-08 17:31:56,315 [DEBUG] Accepted segment [17408:18432], variance=0.0684, QRS count=5
2025-10-08 17:31:56,319 [DEBUG] Accepted segment [17920:18944], variance=0.0600, QRS count=4
2025-10-08 17:31:56,323 [DEBUG] Accepted segment [18432:19456], variance=0.0654, QRS count=5
2025-10-08 17:31:56,328 [DEBUG] Accepted segment [18944:19968], variance=0.0706, QRS count=4
2025-10-08 17:31:56,333 [DEBUG] Accepted segment [19456:20480], variance=0.0615, QRS count=4
2025-10-08 17:31:56,337 [DEBUG] Accepted segment [19968:20992], variance=0.0565, QRS count=4
2025-10-08 17:31:56,342 [DEBUG] Accepted segment [20480:21504], variance=0.0658, QRS count=5
2025-10-08 17:31:56,346 [DEBUG] Accepted segment [20992:22016], variance=0.0707, QRS count=4
2025-10-08 17:31:56,349 [DEBUG] Accepted segment [21504:22528], variance=0.0634, QRS count=4
2025-10-08 17:31:56,353 [DEBUG] Accepted segment [22016:23040], variance=0.0587, QRS count=4
2025-10-08 17:31:56,357 [DEBUG] Accepted segment [22528:23552], variance=0.0665, QRS count=5
2025-10-08 17:31:56,357 [DEBUG] Skipping segment [23040:24064] due to overlap with noise [24000:24800]
2025-10-08 17:31:56,357 [DEBUG] Skipping segment [23552:24576] due to overlap with noise [24000:24800]
2025-10-08 17:31:56,357 [DEBUG] Skipping segment [24064:25088] due to overlap with noise [24000:24800]
2025-10-08 17:31:56,357 [DEBUG] Skipping segment [24576:25600] due to overlap with noise [24000:24800]
2025-10-08 17:31:56,362 [DEBUG] Accepted segment [25088:26112], variance=0.0705, QRS count=6
2025-10-08 17:31:56,366 [DEBUG] Accepted segment [25600:26624], variance=0.0701, QRS count=5
2025-10-08 17:31:56,370 [DEBUG] Accepted segment [26112:27136], variance=0.0624, QRS count=5
2025-10-08 17:31:56,374 [DEBUG] Accepted segment [26624:27648], variance=0.0628, QRS count=6
2025-10-08 17:31:56,378 [DEBUG] Accepted segment [27136:28160], variance=0.0622, QRS count=5
2025-10-08 17:31:56,382 [DEBUG] Accepted segment [27648:28672], variance=0.0545, QRS count=5
2025-10-08 17:31:56,386 [DEBUG] Accepted segment [28160:29184], variance=0.0639, QRS count=5
2025-10-08 17:31:56,389 [DEBUG] Accepted segment [28672:29696], variance=0.0645, QRS count=4
2025-10-08 17:31:56,393 [DEBUG] Accepted segment [29184:30208], variance=0.0619, QRS count=5
2025-10-08 17:31:56,397 [DEBUG] Accepted segment [29696:30720], variance=0.0662, QRS count=5
2025-10-08 17:31:56,401 [DEBUG] Accepted segment [30208:31232], variance=0.0584, QRS count=4
2025-10-08 17:31:56,405 [DEBUG] Accepted segment [30720:31744], variance=0.0632, QRS count=5
2025-10-08 17:31:56,409 [DEBUG] Accepted segment [31232:32256], variance=0.0687, QRS count=4
2025-10-08 17:31:56,412 [DEBUG] Accepted segment [31744:32768], variance=0.0606, QRS count=4
2025-10-08 17:31:56,416 [DEBUG] Accepted segment [32256:33280], variance=0.0556, QRS count=5
2025-10-08 17:31:56,420 [DEBUG] Accepted segment [32768:33792], variance=0.0653, QRS count=5
2025-10-08 17:31:56,424 [DEBUG] Accepted segment [33280:34304], variance=0.0680, QRS count=4
2025-10-08 17:31:56,428 [DEBUG] Accepted segment [33792:34816], variance=0.0583, QRS count=4
2025-10-08 17:31:56,432 [DEBUG] Accepted segment [34304:35328], variance=0.0639, QRS count=5
2025-10-08 17:31:56,436 [DEBUG] Accepted segment [34816:35840], variance=0.0667, QRS count=4
2025-10-08 17:31:56,439 [DEBUG] Accepted segment [35328:36352], variance=0.0591, QRS count=5
2025-10-08 17:31:56,443 [DEBUG] Accepted segment [35840:36864], variance=0.0674, QRS count=5
2025-10-08 17:31:56,447 [DEBUG] Accepted segment [36352:37376], variance=0.0672, QRS count=4
2025-10-08 17:31:56,450 [DEBUG] Accepted segment [36864:37888], variance=0.0557, QRS count=4
2025-10-08 17:31:56,454 [DEBUG] Accepted segment [37376:38400], variance=0.0645, QRS count=4
2025-10-08 17:31:56,458 [DEBUG] Accepted segment [37888:38912], variance=0.0696, QRS count=4
2025-10-08 17:31:56,461 [DEBUG] Accepted segment [38400:39424], variance=0.0600, QRS count=4
2025-10-08 17:31:56,465 [DEBUG] Accepted segment [38912:39936], variance=0.0560, QRS count=4
2025-10-08 17:31:56,469 [DEBUG] Accepted segment [39424:40448], variance=0.0664, QRS count=5
2025-10-08 17:31:56,472 [DEBUG] Accepted segment [39936:40960], variance=0.0676, QRS count=4
2025-10-08 17:31:56,476 [DEBUG] Accepted segment [40448:41472], variance=0.0587, QRS count=4
2025-10-08 17:31:56,480 [DEBUG] Accepted segment [40960:41984], variance=0.0638, QRS count=5
2025-10-08 17:31:56,483 [DEBUG] Accepted segment [41472:42496], variance=0.0685, QRS count=4
2025-10-08 17:31:56,487 [DEBUG] Accepted segment [41984:43008], variance=0.0633, QRS count=4
2025-10-08 17:31:56,491 [DEBUG] Accepted segment [42496:43520], variance=0.0641, QRS count=5
2025-10-08 17:31:56,494 [DEBUG] Accepted segment [43008:44032], variance=0.0666, QRS count=5
2025-10-08 17:31:56,498 [DEBUG] Accepted segment [43520:44544], variance=0.0613, QRS count=4
2025-10-08 17:31:56,501 [DEBUG] Accepted segment [44032:45056], variance=0.0696, QRS count=5
2025-10-08 17:31:56,505 [DEBUG] Accepted segment [44544:45568], variance=0.0793, QRS count=5
2025-10-08 17:31:56,509 [DEBUG] Accepted segment [45056:46080], variance=0.0745, QRS count=5
2025-10-08 17:31:56,512 [DEBUG] Accepted segment [45568:46592], variance=0.0689, QRS count=5
2025-10-08 17:31:56,516 [DEBUG] Accepted segment [46080:47104], variance=0.0612, QRS count=5
2025-10-08 17:31:56,520 [DEBUG] Accepted segment [46592:47616], variance=0.0675, QRS count=5
2025-10-08 17:31:56,523 [DEBUG] Accepted segment [47104:48128], variance=0.0667, QRS count=4
2025-10-08 17:31:56,527 [DEBUG] Accepted segment [47616:48640], variance=0.0650, QRS count=5
2025-10-08 17:31:56,531 [DEBUG] Accepted segment [48128:49152], variance=0.0693, QRS count=4
2025-10-08 17:31:56,534 [DEBUG] Accepted segment [48640:49664], variance=0.0693, QRS count=5
2025-10-08 17:31:56,538 [DEBUG] Accepted segment [49152:50176], variance=0.0686, QRS count=5
2025-10-08 17:31:56,541 [DEBUG] Accepted segment [49664:50688], variance=0.0699, QRS count=5
2025-10-08 17:31:56,545 [DEBUG] Accepted segment [50176:51200], variance=0.0716, QRS count=6
2025-10-08 17:31:56,549 [DEBUG] Accepted segment [50688:51712], variance=0.0602, QRS count=5
2025-10-08 17:31:56,552 [DEBUG] Accepted segment [51200:52224], variance=0.0649, QRS count=5
2025-10-08 17:31:56,557 [DEBUG] Accepted segment [51712:52736], variance=0.0633, QRS count=4
2025-10-08 17:31:56,560 [DEBUG] Accepted segment [52224:53248], variance=0.0603, QRS count=5
2025-10-08 17:31:56,564 [DEBUG] Accepted segment [52736:53760], variance=0.0668, QRS count=5
2025-10-08 17:31:56,568 [DEBUG] Accepted segment [53248:54272], variance=0.0604, QRS count=5
2025-10-08 17:31:56,571 [DEBUG] Accepted segment [53760:54784], variance=0.0667, QRS count=5
2025-10-08 17:31:56,575 [DEBUG] Accepted segment [54272:55296], variance=0.0659, QRS count=4
2025-10-08 17:31:56,578 [DEBUG] Accepted segment [54784:55808], variance=0.0629, QRS count=5
2025-10-08 17:31:56,582 [DEBUG] Accepted segment [55296:56320], variance=0.0680, QRS count=5
2025-10-08 17:31:56,585 [DEBUG] Accepted segment [55808:56832], variance=0.0606, QRS count=4
2025-10-08 17:31:56,589 [DEBUG] Accepted segment [56320:57344], variance=0.0672, QRS count=5
2025-10-08 17:31:56,592 [DEBUG] Accepted segment [56832:57856], variance=0.0676, QRS count=4
2025-10-08 17:31:56,596 [DEBUG] Accepted segment [57344:58368], variance=0.0666, QRS count=5
2025-10-08 17:31:56,599 [DEBUG] Accepted segment [57856:58880], variance=0.0669, QRS count=4
2025-10-08 17:31:56,604 [DEBUG] Accepted segment [58368:59392], variance=0.0631, QRS count=5
2025-10-08 17:31:56,608 [DEBUG] Accepted segment [58880:59904], variance=0.0658, QRS count=4
2025-10-08 17:31:56,611 [DEBUG] Accepted segment [59392:60416], variance=0.0663, QRS count=5
2025-10-08 17:31:56,615 [DEBUG] Accepted segment [59904:60928], variance=0.0609, QRS count=5
2025-10-08 17:31:56,618 [DEBUG] Accepted segment [60416:61440], variance=0.0636, QRS count=5
2025-10-08 17:31:56,621 [DEBUG] Accepted segment [60928:61952], variance=0.0645, QRS count=4
2025-10-08 17:31:56,625 [DEBUG] Accepted segment [61440:62464], variance=0.0635, QRS count=5
2025-10-08 17:31:56,628 [DEBUG] Accepted segment [61952:62976], variance=0.0681, QRS count=5
2025-10-08 17:31:56,632 [DEBUG] Accepted segment [62464:63488], variance=0.0672, QRS count=5
2025-10-08 17:31:56,635 [DEBUG] Accepted segment [62976:64000], variance=0.0674, QRS count=5
2025-10-08 17:31:56,639 [DEBUG] Accepted segment [63488:64512], variance=0.0614, QRS count=4
2025-10-08 17:31:56,643 [DEBUG] Accepted segment [64000:65024], variance=0.0665, QRS count=4
2025-10-08 17:31:56,647 [DEBUG] Accepted segment [64512:65536], variance=0.0698, QRS count=4
2025-10-08 17:31:56,650 [DEBUG] Accepted segment [65024:66048], variance=0.0600, QRS count=4
2025-10-08 17:31:56,654 [DEBUG] Accepted segment [65536:66560], variance=0.0562, QRS count=4
2025-10-08 17:31:56,657 [DEBUG] Accepted segment [66048:67072], variance=0.0646, QRS count=5
2025-10-08 17:31:56,661 [DEBUG] Accepted segment [66560:67584], variance=0.0682, QRS count=4
2025-10-08 17:31:56,665 [DEBUG] Accepted segment [67072:68096], variance=0.0609, QRS count=4
2025-10-08 17:31:56,668 [DEBUG] Accepted segment [67584:68608], variance=0.0569, QRS count=4
2025-10-08 17:31:56,671 [DEBUG] Accepted segment [68096:69120], variance=0.0652, QRS count=5
2025-10-08 17:31:56,675 [DEBUG] Accepted segment [68608:69632], variance=0.0696, QRS count=4
2025-10-08 17:31:56,678 [DEBUG] Accepted segment [69120:70144], variance=0.0609, QRS count=4
2025-10-08 17:31:56,682 [DEBUG] Accepted segment [69632:70656], variance=0.0629, QRS count=5
2025-10-08 17:31:56,685 [DEBUG] Accepted segment [70144:71168], variance=0.0675, QRS count=4
2025-10-08 17:31:56,689 [DEBUG] Accepted segment [70656:71680], variance=0.0603, QRS count=4
2025-10-08 17:31:56,692 [DEBUG] Accepted segment [71168:72192], variance=0.0674, QRS count=5
2025-10-08 17:31:56,695 [DEBUG] Accepted segment [71680:72704], variance=0.0668, QRS count=4
2025-10-08 17:31:56,699 [DEBUG] Accepted segment [72192:73216], variance=0.0556, QRS count=4
2025-10-08 17:31:56,702 [DEBUG] Accepted segment [72704:73728], variance=0.0672, QRS count=5
2025-10-08 17:31:56,706 [DEBUG] Accepted segment [73216:74240], variance=0.0669, QRS count=4
2025-10-08 17:31:56,709 [DEBUG] Accepted segment [73728:74752], variance=0.0551, QRS count=5
2025-10-08 17:31:56,713 [DEBUG] Accepted segment [74240:75264], variance=0.0668, QRS count=5
2025-10-08 17:31:56,716 [DEBUG] Accepted segment [74752:75776], variance=0.0669, QRS count=4
2025-10-08 17:31:56,719 [DEBUG] Accepted segment [75264:76288], variance=0.0631, QRS count=4
2025-10-08 17:31:56,723 [DEBUG] Accepted segment [75776:76800], variance=0.0682, QRS count=5
2025-10-08 17:31:56,726 [DEBUG] Accepted segment [76288:77312], variance=0.0602, QRS count=4
2025-10-08 17:31:56,730 [DEBUG] Accepted segment [76800:77824], variance=0.0663, QRS count=5
2025-10-08 17:31:56,734 [DEBUG] Accepted segment [77312:78336], variance=0.0746, QRS count=5
2025-10-08 17:31:56,738 [DEBUG] Accepted segment [77824:78848], variance=0.0747, QRS count=5
2025-10-08 17:31:56,742 [DEBUG] Accepted segment [78336:79360], variance=0.0700, QRS count=5
2025-10-08 17:31:56,745 [DEBUG] Accepted segment [78848:79872], variance=0.0689, QRS count=5
2025-10-08 17:31:56,749 [DEBUG] Accepted segment [79360:80384], variance=0.0664, QRS count=4
2025-10-08 17:31:56,752 [DEBUG] Accepted segment [79872:80896], variance=0.0676, QRS count=5
2025-10-08 17:31:56,756 [DEBUG] Accepted segment [80384:81408], variance=0.0665, QRS count=4
2025-10-08 17:31:56,759 [DEBUG] Accepted segment [80896:81920], variance=0.0647, QRS count=5
2025-10-08 17:31:56,763 [DEBUG] Accepted segment [81408:82432], variance=0.0655, QRS count=4
2025-10-08 17:31:56,766 [DEBUG] Accepted segment [81920:82944], variance=0.0642, QRS count=5
2025-10-08 17:31:56,769 [DEBUG] Accepted segment [82432:83456], variance=0.0676, QRS count=5
2025-10-08 17:31:56,773 [DEBUG] Accepted segment [82944:83968], variance=0.0592, QRS count=4
2025-10-08 17:31:56,776 [DEBUG] Accepted segment [83456:84480], variance=0.0647, QRS count=5
2025-10-08 17:31:56,780 [DEBUG] Accepted segment [83968:84992], variance=0.0657, QRS count=4
2025-10-08 17:31:56,783 [DEBUG] Accepted segment [84480:85504], variance=0.0633, QRS count=5
2025-10-08 17:31:56,787 [DEBUG] Accepted segment [84992:86016], variance=0.0668, QRS count=5
2025-10-08 17:31:56,790 [DEBUG] Accepted segment [85504:86528], variance=0.0680, QRS count=5
2025-10-08 17:31:56,793 [DEBUG] Accepted segment [86016:87040], variance=0.0652, QRS count=4
2025-10-08 17:31:56,797 [DEBUG] Accepted segment [86528:87552], variance=0.0649, QRS count=5
2025-10-08 17:31:56,800 [DEBUG] Accepted segment [87040:88064], variance=0.0665, QRS count=4
2025-10-08 17:31:56,804 [DEBUG] Accepted segment [87552:88576], variance=0.0640, QRS count=5
2025-10-08 17:31:56,808 [DEBUG] Accepted segment [88064:89088], variance=0.0637, QRS count=5
2025-10-08 17:31:56,811 [DEBUG] Accepted segment [88576:89600], variance=0.0630, QRS count=4
2025-10-08 17:31:56,814 [DEBUG] Accepted segment [89088:90112], variance=0.0606, QRS count=5
2025-10-08 17:31:56,818 [DEBUG] Accepted segment [89600:90624], variance=0.0560, QRS count=4
2025-10-08 17:31:56,821 [DEBUG] Accepted segment [90112:91136], variance=0.0542, QRS count=4
2025-10-08 17:31:56,825 [DEBUG] Accepted segment [90624:91648], variance=0.0615, QRS count=5
2025-10-08 17:31:56,828 [DEBUG] Accepted segment [91136:92160], variance=0.0635, QRS count=4
2025-10-08 17:31:56,831 [DEBUG] Accepted segment [91648:92672], variance=0.0539, QRS count=5
2025-10-08 17:31:56,834 [DEBUG] Accepted segment [92160:93184], variance=0.0651, QRS count=5
2025-10-08 17:31:56,838 [DEBUG] Accepted segment [92672:93696], variance=0.0663, QRS count=4
2025-10-08 17:31:56,841 [DEBUG] Accepted segment [93184:94208], variance=0.0542, QRS count=4
2025-10-08 17:31:56,844 [DEBUG] Accepted segment [93696:94720], variance=0.0644, QRS count=5
2025-10-08 17:31:56,847 [DEBUG] Accepted segment [94208:95232], variance=0.0639, QRS count=4
2025-10-08 17:31:56,851 [DEBUG] Accepted segment [94720:95744], variance=0.0533, QRS count=4
2025-10-08 17:31:56,854 [DEBUG] Accepted segment [95232:96256], variance=0.0611, QRS count=5
2025-10-08 17:31:56,857 [DEBUG] Accepted segment [95744:96768], variance=0.0647, QRS count=4
2025-10-08 17:31:56,860 [DEBUG] Accepted segment [96256:97280], variance=0.0575, QRS count=5
2025-10-08 17:31:56,863 [DEBUG] Accepted segment [96768:97792], variance=0.0637, QRS count=5
2025-10-08 17:31:56,863 [DEBUG] Skipping segment [97280:98304] due to overlap with noise [98200:101600]
2025-10-08 17:31:56,864 [DEBUG] Skipping segment [97792:98816] due to overlap with noise [98200:101600]
2025-10-08 17:31:56,864 [DEBUG] Skipping segment [98304:99328] due to overlap with noise [98200:101600]
2025-10-08 17:31:56,864 [DEBUG] Skipping segment [98816:99840] due to overlap with noise [98200:101600]
2025-10-08 17:31:56,864 [DEBUG] Skipping segment [99328:100352] due to overlap with noise [98200:101600]
2025-10-08 17:31:56,864 [DEBUG] Skipping segment [99840:100864] due to overlap with noise [98200:101600]
2025-10-08 17:31:56,864 [DEBUG] Skipping segment [100352:101376] due to overlap with noise [98200:101600]
2025-10-08 17:31:56,864 [DEBUG] Skipping segment [100864:101888] due to overlap with noise [98200:101600]
2025-10-08 17:31:56,864 [DEBUG] Skipping segment [101376:102400] due to overlap with noise [98200:101600]
2025-10-08 17:31:56,867 [DEBUG] Accepted segment [101888:102912], variance=0.0620, QRS count=5
2025-10-08 17:31:56,870 [DEBUG] Accepted segment [102400:103424], variance=0.0601, QRS count=5
2025-10-08 17:31:56,873 [DEBUG] Accepted segment [102912:103936], variance=0.0623, QRS count=4
2025-10-08 17:31:56,877 [DEBUG] Accepted segment [103424:104448], variance=0.0644, QRS count=5
2025-10-08 17:31:56,880 [DEBUG] Accepted segment [103936:104960], variance=0.0658, QRS count=5
2025-10-08 17:31:56,883 [DEBUG] Accepted segment [104448:105472], variance=0.0645, QRS count=5
2025-10-08 17:31:56,887 [DEBUG] Accepted segment [104960:105984], variance=0.0644, QRS count=5
2025-10-08 17:31:56,891 [DEBUG] Accepted segment [105472:106496], variance=0.0673, QRS count=5
2025-10-08 17:31:56,894 [DEBUG] Accepted segment [105984:107008], variance=0.0652, QRS count=5
2025-10-08 17:31:56,897 [DEBUG] Accepted segment [106496:107520], variance=0.0622, QRS count=5
2025-10-08 17:31:56,900 [DEBUG] Accepted segment [107008:108032], variance=0.0632, QRS count=4
2025-10-08 17:31:56,904 [DEBUG] Accepted segment [107520:108544], variance=0.0575, QRS count=4
2025-10-08 17:31:56,907 [DEBUG] Accepted segment [108032:109056], variance=0.0623, QRS count=5
2025-10-08 17:31:56,910 [DEBUG] Accepted segment [108544:109568], variance=0.0661, QRS count=4
2025-10-08 17:31:56,910 [DEBUG] Skipping segment [109056:110080] due to overlap with noise [110000:110800]
2025-10-08 17:31:56,910 [DEBUG] Skipping segment [109568:110592] due to overlap with noise [110000:110800]
2025-10-08 17:31:56,910 [DEBUG] Skipping segment [110080:111104] due to overlap with noise [110000:110800]
2025-10-08 17:31:56,910 [DEBUG] Skipping segment [110592:111616] due to overlap with noise [110000:110800]
2025-10-08 17:31:56,914 [DEBUG] Accepted segment [111104:112128], variance=0.0659, QRS count=5
2025-10-08 17:31:56,917 [DEBUG] Accepted segment [111616:112640], variance=0.0660, QRS count=4
2025-10-08 17:31:56,920 [DEBUG] Accepted segment [112128:113152], variance=0.0650, QRS count=5
2025-10-08 17:31:56,923 [DEBUG] Accepted segment [112640:113664], variance=0.0650, QRS count=4
2025-10-08 17:31:56,926 [DEBUG] Accepted segment [113152:114176], variance=0.0616, QRS count=5
2025-10-08 17:31:56,930 [DEBUG] Accepted segment [113664:114688], variance=0.0663, QRS count=4
2025-10-08 17:31:56,933 [DEBUG] Accepted segment [114176:115200], variance=0.0597, QRS count=4
2025-10-08 17:31:56,936 [DEBUG] Accepted segment [114688:115712], variance=0.0616, QRS count=5
2025-10-08 17:31:56,939 [DEBUG] Accepted segment [115200:116224], variance=0.0643, QRS count=4
2025-10-08 17:31:56,943 [DEBUG] Accepted segment [115712:116736], variance=0.0654, QRS count=5
2025-10-08 17:31:56,946 [DEBUG] Accepted segment [116224:117248], variance=0.0645, QRS count=5
2025-10-08 17:31:56,949 [DEBUG] Accepted segment [116736:117760], variance=0.0676, QRS count=5
2025-10-08 17:31:56,949 [DEBUG] Skipping segment [117248:118272] due to overlap with noise [118000:119600]
2025-10-08 17:31:56,949 [DEBUG] Skipping segment [117760:118784] due to overlap with noise [118000:119600]
2025-10-08 17:31:56,949 [DEBUG] Skipping segment [118272:119296] due to overlap with noise [118000:119600]
2025-10-08 17:31:56,949 [DEBUG] Skipping segment [118784:119808] due to overlap with noise [118000:119600]
2025-10-08 17:31:56,949 [DEBUG] Skipping segment [119296:120320] due to overlap with noise [118000:119600]
2025-10-08 17:31:56,952 [DEBUG] Accepted segment [119808:120832], variance=0.0673, QRS count=5
2025-10-08 17:31:56,956 [DEBUG] Accepted segment [120320:121344], variance=0.0726, QRS count=5
2025-10-08 17:31:56,959 [DEBUG] Accepted segment [120832:121856], variance=0.0690, QRS count=6
2025-10-08 17:31:56,962 [DEBUG] Accepted segment [121344:122368], variance=0.0672, QRS count=6
2025-10-08 17:31:56,965 [DEBUG] Accepted segment [121856:122880], variance=0.0585, QRS count=5
2025-10-08 17:31:56,969 [DEBUG] Accepted segment [122368:123392], variance=0.0596, QRS count=5
2025-10-08 17:31:56,972 [DEBUG] Accepted segment [122880:123904], variance=0.0629, QRS count=4
2025-10-08 17:31:56,975 [DEBUG] Accepted segment [123392:124416], variance=0.0610, QRS count=5
2025-10-08 17:31:56,978 [DEBUG] Accepted segment [123904:124928], variance=0.0617, QRS count=4
2025-10-08 17:31:56,981 [DEBUG] Accepted segment [124416:125440], variance=0.0623, QRS count=5
2025-10-08 17:31:56,984 [DEBUG] Accepted segment [124928:125952], variance=0.0606, QRS count=4
2025-10-08 17:31:56,988 [DEBUG] Accepted segment [125440:126464], variance=0.0610, QRS count=5
2025-10-08 17:31:56,991 [DEBUG] Accepted segment [125952:126976], variance=0.0601, QRS count=4
2025-10-08 17:31:56,994 [DEBUG] Accepted segment [126464:127488], variance=0.0592, QRS count=5
2025-10-08 17:31:56,994 [INFO] Segmented signal of length 127999 into 220 valid segments
2025-10-08 17:31:58,362 [DEBUG] Saving visualization to /home/kesju/DI/2025_ZIVEO/S-ITP-25-9/TRAIN_UNET/visualisations
2025-10-08 17:31:59,386 [INFO] Visualization saved: /home/kesju/DI/2025_ZIVEO/S-ITP-25-9/TRAIN_UNET/visualisations/ecg_comparison_20251008_173158_fd9d725e.png
2025-10-08 17:32:00,146 [DEBUG] Saving visualization to /home/kesju/DI/2025_ZIVEO/S-ITP-25-9/TRAIN_UNET/visualisations
2025-10-08 17:32:01,008 [INFO] Visualization saved: /home/kesju/DI/2025_ZIVEO/S-ITP-25-9/TRAIN_UNET/visualisations/ecg_comparison_20251008_173200_a9daf4cd.png
2025-10-08 17:32:02,500 [DEBUG] Saving visualization to /home/kesju/DI/2025_ZIVEO/S-ITP-25-9/TRAIN_UNET/visualisations
2025-10-08 17:32:03,636 [INFO] Visualization saved: /home/kesju/DI/2025_ZIVEO/S-ITP-25-9/TRAIN_UNET/visualisations/ecg_comparison_20251008_173203_830f006c.png
2025-10-08 17:32:03,795 [DEBUG] Saving visualization to /home/kesju/DI/2025_ZIVEO/S-ITP-25-9/TRAIN_UNET/visualisations
2025-10-08 17:32:05,238 [INFO] Visualization saved: /home/kesju/DI/2025_ZIVEO/S-ITP-25-9/TRAIN_UNET/visualisations/ecg_comparison_20251008_173204_5806f426.png
2025-10-08 17:32:06,941 [DEBUG] Saving visualization to /home/kesju/DI/2025_ZIVEO/S-ITP-25-9/TRAIN_UNET/visualisations
2025-10-08 17:32:08,263 [INFO] Visualization saved: /home/kesju/DI/2025_ZIVEO/S-ITP-25-9/TRAIN_UNET/visualisations/ecg_comparison_20251008_173207_e1ad2b38.png
2025-10-08 17:32:09,014 [DEBUG] Saving visualization to /home/kesju/DI/2025_ZIVEO/S-ITP-25-9/TRAIN_UNET/visualisations
2025-10-08 17:32:10,286 [INFO] Visualization saved: /home/kesju/DI/2025_ZIVEO/S-ITP-25-9/TRAIN_UNET/visualisations/ecg_comparison_20251008_173209_696c54ad.png
2025-10-08 17:32:12,576 [DEBUG] Saving visualization to /home/kesju/DI/2025_ZIVEO/S-ITP-25-9/TRAIN_UNET/visualisations
2025-10-08 17:32:14,311 [INFO] Visualization saved: /home/kesju/DI/2025_ZIVEO/S-ITP-25-9/TRAIN_UNET/visualisations/ecg_comparison_20251008_173213_f56ab783.png
2025-10-08 17:32:14,781 [DEBUG] Saving visualization to /home/kesju/DI/2025_ZIVEO/S-ITP-25-9/TRAIN_UNET/visualisations
2025-10-08 17:32:16,081 [INFO] Visualization saved: /home/kesju/DI/2025_ZIVEO/S-ITP-25-9/TRAIN_UNET/visualisations/ecg_comparison_20251008_173215_b3c80e6d.png
2025-10-08 17:32:16,867 [DEBUG] Saving visualization to /home/kesju/DI/2025_ZIVEO/S-ITP-25-9/TRAIN_UNET/visualisations
2025-10-08 17:32:17,793 [INFO] Visualization saved: /home/kesju/DI/2025_ZIVEO/S-ITP-25-9/TRAIN_UNET/visualisations/ecg_comparison_20251008_173217_b522fd25.png
2025-10-08 17:32:18,080 [DEBUG] Saving visualization to /home/kesju/DI/2025_ZIVEO/S-ITP-25-9/TRAIN_UNET/visualisations
2025-10-08 17:32:18,971 [INFO] Visualization saved: /home/kesju/DI/2025_ZIVEO/S-ITP-25-9/TRAIN_UNET/visualisations/ecg_comparison_20251008_173218_7820a8f5.png
2025-10-08 17:32:20,401 [DEBUG] Saving visualization to /home/kesju/DI/2025_ZIVEO/S-ITP-25-9/TRAIN_UNET/visualisations
2025-10-08 17:32:21,246 [INFO] Visualization saved: /home/kesju/DI/2025_ZIVEO/S-ITP-25-9/TRAIN_UNET/visualisations/ecg_comparison_20251008_173220_0d2ba10b.png
2025-10-08 17:32:23,230 [INFO] Evaluated 100/220 test samples
2025-10-08 17:32:23,782 [DEBUG] Saving visualization to /home/kesju/DI/2025_ZIVEO/S-ITP-25-9/TRAIN_UNET/visualisations
2025-10-08 17:32:24,636 [INFO] Visualization saved: /home/kesju/DI/2025_ZIVEO/S-ITP-25-9/TRAIN_UNET/visualisations/ecg_comparison_20251008_173224_8543b6a6.png
2025-10-08 17:32:27,205 [DEBUG] Saving visualization to /home/kesju/DI/2025_ZIVEO/S-ITP-25-9/TRAIN_UNET/visualisations
2025-10-08 17:32:28,766 [INFO] Visualization saved: /home/kesju/DI/2025_ZIVEO/S-ITP-25-9/TRAIN_UNET/visualisations/ecg_comparison_20251008_173228_60bc205f.png
2025-10-08 17:32:30,080 [DEBUG] Saving visualization to /home/kesju/DI/2025_ZIVEO/S-ITP-25-9/TRAIN_UNET/visualisations
2025-10-08 17:32:31,010 [INFO] Visualization saved: /home/kesju/DI/2025_ZIVEO/S-ITP-25-9/TRAIN_UNET/visualisations/ecg_comparison_20251008_173230_17a996ba.png
2025-10-08 17:32:35,240 [DEBUG] Saving visualization to /home/kesju/DI/2025_ZIVEO/S-ITP-25-9/TRAIN_UNET/visualisations
2025-10-08 17:32:36,637 [INFO] Visualization saved: /home/kesju/DI/2025_ZIVEO/S-ITP-25-9/TRAIN_UNET/visualisations/ecg_comparison_20251008_173235_0b11e431.png
2025-10-08 17:32:39,101 [DEBUG] Saving visualization to /home/kesju/DI/2025_ZIVEO/S-ITP-25-9/TRAIN_UNET/visualisations
2025-10-08 17:32:40,373 [INFO] Visualization saved: /home/kesju/DI/2025_ZIVEO/S-ITP-25-9/TRAIN_UNET/visualisations/ecg_comparison_20251008_173239_4224b073.png
2025-10-08 17:32:42,118 [INFO] Evaluated 200/220 test samples
2025-10-08 17:32:45,008 [INFO] 
--- Average Metrics over Test Set ---
2025-10-08 17:32:45,009 [INFO] MSE:  0.354334 ± 0.014926
2025-10-08 17:32:45,009 [INFO] SNR:  4.51 ± 0.18 dB
2025-10-08 17:32:45,010 [INFO] Corr: 0.895 ± 0.014
2025-10-08 17:32:45,013 [INFO] train_and_test_model execution time: 00:04:14.521
