2025-10-09 10:09:26,622 [INFO] 


Starting ECG denoising script. Log file: /home/kesju/DI/2025_ZIVEO/S-ITP-25-9/TRAIN_UNET/logs/ecg_denoising_train_20251009_100926.log
2025-10-09 10:09:26,622 [INFO] TensorFlow version: 2.18.1
2025-10-09 10:09:26,625 [INFO] Arguments: {'ecg_records_dir': '/home/kesju/DI/2025_ZIVEO/S-ITP-25-9/DATA/ZIVE_DATA/ecg_selected_for_test', 'model_output': '/home/kesju/DI/2025_ZIVEO/S-ITP-25-9/UNET_MODELIS/resunet_ecg_1024_0_5_0_7.keras', 'vis_dir': '/home/kesju/DI/2025_ZIVEO/S-ITP-25-9/TRAIN_UNET/visualisations', 'train_split': 0.8, 'log_level': 'WARNING'}
2025-10-09 10:09:26,625 [INFO] Starting training workflow. ECG records dir: /home/kesju/DI/2025_ZIVEO/S-ITP-25-9/DATA/ZIVE_DATA/ecg_selected_for_test, Model output: /home/kesju/DI/2025_ZIVEO/S-ITP-25-9/UNET_MODELIS/resunet_ecg_1024_0_5_0_7.keras, Train split: 0.8
2025-10-09 10:09:26,625 [INFO] Loading ECG and noise indices from /home/kesju/DI/2025_ZIVEO/S-ITP-25-9/DATA/ZIVE_DATA/ecg_selected_for_test
2025-10-09 10:09:26,638 [DEBUG] Loaded annotated noise indices from /home/kesju/DI/2025_ZIVEO/S-ITP-25-9/DATA/ZIVE_DATA/ecg_selected_for_test/1001_6.json: [(120200, 120500)]
2025-10-09 10:09:26,638 [DEBUG] Loaded file: /home/kesju/DI/2025_ZIVEO/S-ITP-25-9/DATA/ZIVE_DATA/ecg_selected_for_test/1001_6.npy, shape: (128000,), noise indices: [(120200, 120500)], patient ID: 1001
2025-10-09 10:09:26,647 [DEBUG] Loaded annotated noise indices from /home/kesju/DI/2025_ZIVEO/S-ITP-25-9/DATA/ZIVE_DATA/ecg_selected_for_test/1001_8.json: [(106400, 107000)]
2025-10-09 10:09:26,648 [DEBUG] Loaded file: /home/kesju/DI/2025_ZIVEO/S-ITP-25-9/DATA/ZIVE_DATA/ecg_selected_for_test/1001_8.npy, shape: (128000,), noise indices: [(106400, 107000)], patient ID: 1001
2025-10-09 10:09:26,656 [DEBUG] Loaded annotated noise indices from /home/kesju/DI/2025_ZIVEO/S-ITP-25-9/DATA/ZIVE_DATA/ecg_selected_for_test/1004_0.json: [(0, 400), (2400, 3800), (24000, 24800), (98200, 101600), (110000, 110800), (118000, 119600)]
2025-10-09 10:09:26,657 [DEBUG] Loaded file: /home/kesju/DI/2025_ZIVEO/S-ITP-25-9/DATA/ZIVE_DATA/ecg_selected_for_test/1004_0.npy, shape: (127999,), noise indices: [(0, 400), (2400, 3800), (24000, 24800), (98200, 101600), (110000, 110800), (118000, 119600)], patient ID: 1004
2025-10-09 10:09:26,657 [INFO] Loaded 3 valid .npy files with corresponding noise indices from /home/kesju/DI/2025_ZIVEO/S-ITP-25-9/DATA/ZIVE_DATA/ecg_selected_for_test
2025-10-09 10:09:26,660 [INFO] Split 3 records from 2 patients into 2 training records (1 patients) and 1 test records (1 patients)
2025-10-09 10:09:26,660 [INFO] Training ECG files:
  - 1001_6.npy
  - 1001_8.npy
2025-10-09 10:09:26,660 [INFO] Test ECG files:
  - 1004_0.npy
2025-10-09 10:09:26,688 [DEBUG] Accepted segment [0:1024], variance=0.0485, QRS count=5
2025-10-09 10:09:26,694 [DEBUG] Accepted segment [512:1536], variance=0.0603, QRS count=5
2025-10-09 10:09:26,699 [DEBUG] Accepted segment [1024:2048], variance=0.0717, QRS count=5
2025-10-09 10:09:26,705 [DEBUG] Accepted segment [1536:2560], variance=0.0797, QRS count=6
2025-10-09 10:09:26,711 [DEBUG] Accepted segment [2048:3072], variance=0.0709, QRS count=6
2025-10-09 10:09:26,716 [DEBUG] Accepted segment [2560:3584], variance=0.0522, QRS count=5
2025-10-09 10:09:26,721 [DEBUG] Accepted segment [3072:4096], variance=0.0484, QRS count=5
2025-10-09 10:09:26,727 [DEBUG] Accepted segment [3584:4608], variance=0.0533, QRS count=5
2025-10-09 10:09:26,732 [DEBUG] Accepted segment [4096:5120], variance=0.0519, QRS count=6
2025-10-09 10:09:26,737 [DEBUG] Accepted segment [4608:5632], variance=0.0539, QRS count=6
2025-10-09 10:09:26,742 [DEBUG] Accepted segment [5120:6144], variance=0.0559, QRS count=5
2025-10-09 10:09:26,747 [DEBUG] Accepted segment [5632:6656], variance=0.0539, QRS count=5
2025-10-09 10:09:26,753 [DEBUG] Accepted segment [6144:7168], variance=0.0528, QRS count=5
2025-10-09 10:09:26,758 [DEBUG] Accepted segment [6656:7680], variance=0.0470, QRS count=5
2025-10-09 10:09:26,764 [DEBUG] Accepted segment [7168:8192], variance=0.0480, QRS count=5
2025-10-09 10:09:26,769 [DEBUG] Accepted segment [7680:8704], variance=0.0566, QRS count=5
2025-10-09 10:09:26,774 [DEBUG] Accepted segment [8192:9216], variance=0.0601, QRS count=5
2025-10-09 10:09:26,779 [DEBUG] Accepted segment [8704:9728], variance=0.0621, QRS count=6
2025-10-09 10:09:26,784 [DEBUG] Accepted segment [9216:10240], variance=0.0520, QRS count=5
2025-10-09 10:09:26,790 [DEBUG] Accepted segment [9728:10752], variance=0.0495, QRS count=5
2025-10-09 10:09:26,795 [DEBUG] Accepted segment [10240:11264], variance=0.0569, QRS count=5
2025-10-09 10:09:26,801 [DEBUG] Accepted segment [10752:11776], variance=0.0581, QRS count=5
2025-10-09 10:09:26,806 [DEBUG] Accepted segment [11264:12288], variance=0.0586, QRS count=6
2025-10-09 10:09:26,811 [DEBUG] Accepted segment [11776:12800], variance=0.0491, QRS count=6
2025-10-09 10:09:26,816 [DEBUG] Accepted segment [12288:13312], variance=0.0499, QRS count=5
2025-10-09 10:09:26,822 [DEBUG] Accepted segment [12800:13824], variance=0.0607, QRS count=5
2025-10-09 10:09:26,827 [DEBUG] Accepted segment [13312:14336], variance=0.0595, QRS count=5
2025-10-09 10:09:26,833 [DEBUG] Accepted segment [13824:14848], variance=0.0566, QRS count=6
2025-10-09 10:09:26,838 [DEBUG] Accepted segment [14336:15360], variance=0.0585, QRS count=6
2025-10-09 10:09:26,844 [DEBUG] Accepted segment [14848:15872], variance=0.0575, QRS count=6
2025-10-09 10:09:26,849 [DEBUG] Accepted segment [15360:16384], variance=0.0520, QRS count=5
2025-10-09 10:09:26,854 [DEBUG] Accepted segment [15872:16896], variance=0.0511, QRS count=5
2025-10-09 10:09:26,859 [DEBUG] Accepted segment [16384:17408], variance=0.0506, QRS count=5
2025-10-09 10:09:26,865 [DEBUG] Accepted segment [16896:17920], variance=0.0476, QRS count=5
2025-10-09 10:09:26,870 [DEBUG] Accepted segment [17408:18432], variance=0.0447, QRS count=5
2025-10-09 10:09:26,875 [DEBUG] Accepted segment [17920:18944], variance=0.0474, QRS count=6
2025-10-09 10:09:26,880 [DEBUG] Accepted segment [18432:19456], variance=0.0513, QRS count=6
2025-10-09 10:09:26,886 [DEBUG] Accepted segment [18944:19968], variance=0.0520, QRS count=5
2025-10-09 10:09:26,891 [DEBUG] Accepted segment [19456:20480], variance=0.0518, QRS count=5
2025-10-09 10:09:26,896 [DEBUG] Accepted segment [19968:20992], variance=0.0535, QRS count=5
2025-10-09 10:09:26,901 [DEBUG] Accepted segment [20480:21504], variance=0.0570, QRS count=5
2025-10-09 10:09:26,907 [DEBUG] Accepted segment [20992:22016], variance=0.0584, QRS count=5
2025-10-09 10:09:26,912 [DEBUG] Accepted segment [21504:22528], variance=0.0589, QRS count=5
2025-10-09 10:09:26,917 [DEBUG] Accepted segment [22016:23040], variance=0.0598, QRS count=6
2025-10-09 10:09:26,922 [DEBUG] Accepted segment [22528:23552], variance=0.0604, QRS count=6
2025-10-09 10:09:26,928 [DEBUG] Accepted segment [23040:24064], variance=0.0594, QRS count=5
2025-10-09 10:09:26,933 [DEBUG] Accepted segment [23552:24576], variance=0.0598, QRS count=6
2025-10-09 10:09:26,938 [DEBUG] Accepted segment [24064:25088], variance=0.0620, QRS count=6
2025-10-09 10:09:26,944 [DEBUG] Accepted segment [24576:25600], variance=0.1251, QRS count=6
2025-10-09 10:09:26,950 [DEBUG] Accepted segment [25088:26112], variance=0.1270, QRS count=6
2025-10-09 10:09:26,955 [DEBUG] Accepted segment [25600:26624], variance=0.0756, QRS count=6
2025-10-09 10:09:26,963 [DEBUG] Accepted segment [26112:27136], variance=0.0709, QRS count=6
2025-10-09 10:09:26,968 [DEBUG] Accepted segment [26624:27648], variance=0.0589, QRS count=6
2025-10-09 10:09:26,973 [DEBUG] Accepted segment [27136:28160], variance=0.0584, QRS count=6
2025-10-09 10:09:26,978 [DEBUG] Accepted segment [27648:28672], variance=0.0565, QRS count=6
2025-10-09 10:09:26,984 [DEBUG] Accepted segment [28160:29184], variance=0.0559, QRS count=6
2025-10-09 10:09:26,989 [DEBUG] Accepted segment [28672:29696], variance=0.0563, QRS count=6
2025-10-09 10:09:26,995 [DEBUG] Accepted segment [29184:30208], variance=0.0540, QRS count=6
2025-10-09 10:09:27,000 [DEBUG] Accepted segment [29696:30720], variance=0.0480, QRS count=6
2025-10-09 10:09:27,005 [DEBUG] Accepted segment [30208:31232], variance=0.0466, QRS count=5
2025-10-09 10:09:27,010 [DEBUG] Accepted segment [30720:31744], variance=0.0484, QRS count=5
2025-10-09 10:09:27,015 [DEBUG] Accepted segment [31232:32256], variance=0.0523, QRS count=6
2025-10-09 10:09:27,021 [DEBUG] Accepted segment [31744:32768], variance=0.0579, QRS count=6
2025-10-09 10:09:27,026 [DEBUG] Accepted segment [32256:33280], variance=0.0605, QRS count=5
2025-10-09 10:09:27,031 [DEBUG] Accepted segment [32768:33792], variance=0.0593, QRS count=5
2025-10-09 10:09:27,036 [DEBUG] Accepted segment [33280:34304], variance=0.0577, QRS count=5
2025-10-09 10:09:27,042 [DEBUG] Accepted segment [33792:34816], variance=0.0579, QRS count=6
2025-10-09 10:09:27,047 [DEBUG] Accepted segment [34304:35328], variance=0.0569, QRS count=6
2025-10-09 10:09:27,052 [DEBUG] Accepted segment [34816:35840], variance=0.0569, QRS count=6
2025-10-09 10:09:27,057 [DEBUG] Accepted segment [35328:36352], variance=0.0586, QRS count=6
2025-10-09 10:09:27,062 [DEBUG] Accepted segment [35840:36864], variance=0.0496, QRS count=6
2025-10-09 10:09:27,067 [DEBUG] Accepted segment [36352:37376], variance=0.0498, QRS count=5
2025-10-09 10:09:27,072 [DEBUG] Accepted segment [36864:37888], variance=0.0598, QRS count=5
2025-10-09 10:09:27,077 [DEBUG] Accepted segment [37376:38400], variance=0.0608, QRS count=5
2025-10-09 10:09:27,082 [DEBUG] Accepted segment [37888:38912], variance=0.0619, QRS count=5
2025-10-09 10:09:27,087 [DEBUG] Accepted segment [38400:39424], variance=0.0603, QRS count=6
2025-10-09 10:09:27,093 [DEBUG] Accepted segment [38912:39936], variance=0.0589, QRS count=6
2025-10-09 10:09:27,098 [DEBUG] Accepted segment [39424:40448], variance=0.0607, QRS count=6
2025-10-09 10:09:27,103 [DEBUG] Accepted segment [39936:40960], variance=0.0523, QRS count=6
2025-10-09 10:09:27,108 [DEBUG] Accepted segment [40448:41472], variance=0.0519, QRS count=5
2025-10-09 10:09:27,113 [DEBUG] Accepted segment [40960:41984], variance=0.0605, QRS count=5
2025-10-09 10:09:27,118 [DEBUG] Accepted segment [41472:42496], variance=0.0594, QRS count=5
2025-10-09 10:09:27,123 [DEBUG] Accepted segment [41984:43008], variance=0.0573, QRS count=6
2025-10-09 10:09:27,128 [DEBUG] Accepted segment [42496:43520], variance=0.0570, QRS count=6
2025-10-09 10:09:27,133 [DEBUG] Accepted segment [43008:44032], variance=0.0501, QRS count=5
2025-10-09 10:09:27,139 [DEBUG] Accepted segment [43520:44544], variance=0.0484, QRS count=5
2025-10-09 10:09:27,144 [DEBUG] Accepted segment [44032:45056], variance=0.0558, QRS count=5
2025-10-09 10:09:27,149 [DEBUG] Accepted segment [44544:45568], variance=0.0570, QRS count=5
2025-10-09 10:09:27,154 [DEBUG] Accepted segment [45056:46080], variance=0.0533, QRS count=5
2025-10-09 10:09:27,159 [DEBUG] Accepted segment [45568:46592], variance=0.0483, QRS count=6
2025-10-09 10:09:27,163 [DEBUG] Accepted segment [46080:47104], variance=0.0507, QRS count=6
2025-10-09 10:09:27,168 [DEBUG] Accepted segment [46592:47616], variance=0.0576, QRS count=6
2025-10-09 10:09:27,173 [DEBUG] Accepted segment [47104:48128], variance=0.0606, QRS count=6
2025-10-09 10:09:27,178 [DEBUG] Accepted segment [47616:48640], variance=0.0595, QRS count=6
2025-10-09 10:09:27,183 [DEBUG] Accepted segment [48128:49152], variance=0.0510, QRS count=6
2025-10-09 10:09:27,188 [DEBUG] Accepted segment [48640:49664], variance=0.0516, QRS count=5
2025-10-09 10:09:27,193 [DEBUG] Accepted segment [49152:50176], variance=0.0585, QRS count=5
2025-10-09 10:09:27,198 [DEBUG] Accepted segment [49664:50688], variance=0.0584, QRS count=5
2025-10-09 10:09:27,203 [DEBUG] Accepted segment [50176:51200], variance=0.0589, QRS count=6
2025-10-09 10:09:27,210 [DEBUG] Accepted segment [50688:51712], variance=0.0584, QRS count=6
2025-10-09 10:09:27,215 [DEBUG] Accepted segment [51200:52224], variance=0.0501, QRS count=5
2025-10-09 10:09:27,220 [DEBUG] Accepted segment [51712:52736], variance=0.0509, QRS count=5
2025-10-09 10:09:27,226 [DEBUG] Accepted segment [52224:53248], variance=0.0593, QRS count=5
2025-10-09 10:09:27,231 [DEBUG] Accepted segment [52736:53760], variance=0.0583, QRS count=6
2025-10-09 10:09:27,236 [DEBUG] Accepted segment [53248:54272], variance=0.0595, QRS count=5
2025-10-09 10:09:27,241 [DEBUG] Accepted segment [53760:54784], variance=0.0531, QRS count=5
2025-10-09 10:09:27,246 [DEBUG] Accepted segment [54272:55296], variance=0.0531, QRS count=5
2025-10-09 10:09:27,252 [DEBUG] Accepted segment [54784:55808], variance=0.0593, QRS count=5
2025-10-09 10:09:27,257 [DEBUG] Accepted segment [55296:56320], variance=0.0602, QRS count=5
2025-10-09 10:09:27,262 [DEBUG] Accepted segment [55808:56832], variance=0.0621, QRS count=5
2025-10-09 10:09:27,267 [DEBUG] Accepted segment [56320:57344], variance=0.0596, QRS count=5
2025-10-09 10:09:27,273 [DEBUG] Accepted segment [56832:57856], variance=0.0563, QRS count=6
2025-10-09 10:09:27,278 [DEBUG] Accepted segment [57344:58368], variance=0.0567, QRS count=6
2025-10-09 10:09:27,283 [DEBUG] Accepted segment [57856:58880], variance=0.0583, QRS count=5
2025-10-09 10:09:27,289 [DEBUG] Accepted segment [58368:59392], variance=0.0492, QRS count=5
2025-10-09 10:09:27,294 [DEBUG] Accepted segment [58880:59904], variance=0.0492, QRS count=5
2025-10-09 10:09:27,299 [DEBUG] Accepted segment [59392:60416], variance=0.0592, QRS count=5
2025-10-09 10:09:27,303 [DEBUG] Accepted segment [59904:60928], variance=0.0586, QRS count=5
2025-10-09 10:09:27,308 [DEBUG] Accepted segment [60416:61440], variance=0.0579, QRS count=6
2025-10-09 10:09:27,315 [DEBUG] Accepted segment [60928:61952], variance=0.0584, QRS count=6
2025-10-09 10:09:27,320 [DEBUG] Accepted segment [61440:62464], variance=0.0588, QRS count=5
2025-10-09 10:09:27,325 [DEBUG] Accepted segment [61952:62976], variance=0.0565, QRS count=5
2025-10-09 10:09:27,331 [DEBUG] Accepted segment [62464:63488], variance=0.0485, QRS count=6
2025-10-09 10:09:27,336 [DEBUG] Accepted segment [62976:64000], variance=0.0508, QRS count=5
2025-10-09 10:09:27,341 [DEBUG] Accepted segment [63488:64512], variance=0.0608, QRS count=5
2025-10-09 10:09:27,347 [DEBUG] Accepted segment [64000:65024], variance=0.0619, QRS count=5
2025-10-09 10:09:27,352 [DEBUG] Accepted segment [64512:65536], variance=0.0587, QRS count=5
2025-10-09 10:09:27,358 [DEBUG] Accepted segment [65024:66048], variance=0.0603, QRS count=5
2025-10-09 10:09:27,363 [DEBUG] Accepted segment [65536:66560], variance=0.0623, QRS count=5
2025-10-09 10:09:27,368 [DEBUG] Accepted segment [66048:67072], variance=0.0612, QRS count=5
2025-10-09 10:09:27,374 [DEBUG] Accepted segment [66560:67584], variance=0.0614, QRS count=6
2025-10-09 10:09:27,379 [DEBUG] Accepted segment [67072:68096], variance=0.0627, QRS count=6
2025-10-09 10:09:27,384 [DEBUG] Accepted segment [67584:68608], variance=0.0535, QRS count=5
2025-10-09 10:09:27,390 [DEBUG] Accepted segment [68096:69120], variance=0.0529, QRS count=5
2025-10-09 10:09:27,395 [DEBUG] Accepted segment [68608:69632], variance=0.0620, QRS count=5
2025-10-09 10:09:27,400 [DEBUG] Accepted segment [69120:70144], variance=0.0512, QRS count=6
2025-10-09 10:09:27,405 [DEBUG] Accepted segment [69632:70656], variance=0.0508, QRS count=5
2025-10-09 10:09:27,410 [DEBUG] Accepted segment [70144:71168], variance=0.0623, QRS count=5
2025-10-09 10:09:27,415 [DEBUG] Accepted segment [70656:71680], variance=0.0649, QRS count=5
2025-10-09 10:09:27,420 [DEBUG] Accepted segment [71168:72192], variance=0.0649, QRS count=6
2025-10-09 10:09:27,425 [DEBUG] Accepted segment [71680:72704], variance=0.0643, QRS count=6
2025-10-09 10:09:27,430 [DEBUG] Accepted segment [72192:73216], variance=0.0546, QRS count=6
2025-10-09 10:09:27,435 [DEBUG] Accepted segment [72704:73728], variance=0.0550, QRS count=5
2025-10-09 10:09:27,440 [DEBUG] Accepted segment [73216:74240], variance=0.0646, QRS count=5
2025-10-09 10:09:27,445 [DEBUG] Accepted segment [73728:74752], variance=0.0630, QRS count=5
2025-10-09 10:09:27,450 [DEBUG] Accepted segment [74240:75264], variance=0.0623, QRS count=6
2025-10-09 10:09:27,455 [DEBUG] Accepted segment [74752:75776], variance=0.0621, QRS count=6
2025-10-09 10:09:27,460 [DEBUG] Accepted segment [75264:76288], variance=0.0509, QRS count=6
2025-10-09 10:09:27,465 [DEBUG] Accepted segment [75776:76800], variance=0.0518, QRS count=5
2025-10-09 10:09:27,470 [DEBUG] Accepted segment [76288:77312], variance=0.0641, QRS count=5
2025-10-09 10:09:27,475 [DEBUG] Accepted segment [76800:77824], variance=0.0659, QRS count=5
2025-10-09 10:09:27,481 [DEBUG] Accepted segment [77312:78336], variance=0.0647, QRS count=6
2025-10-09 10:09:27,486 [DEBUG] Accepted segment [77824:78848], variance=0.0543, QRS count=5
2025-10-09 10:09:27,491 [DEBUG] Accepted segment [78336:79360], variance=0.0534, QRS count=5
2025-10-09 10:09:27,497 [DEBUG] Accepted segment [78848:79872], variance=0.0600, QRS count=5
2025-10-09 10:09:27,502 [DEBUG] Accepted segment [79360:80384], variance=0.0605, QRS count=6
2025-10-09 10:09:27,508 [DEBUG] Accepted segment [79872:80896], variance=0.0530, QRS count=5
2025-10-09 10:09:27,513 [DEBUG] Accepted segment [80384:81408], variance=0.0525, QRS count=5
2025-10-09 10:09:27,518 [DEBUG] Accepted segment [80896:81920], variance=0.0614, QRS count=5
2025-10-09 10:09:27,523 [DEBUG] Accepted segment [81408:82432], variance=0.0623, QRS count=6
2025-10-09 10:09:27,529 [DEBUG] Accepted segment [81920:82944], variance=0.0606, QRS count=5
2025-10-09 10:09:27,534 [DEBUG] Accepted segment [82432:83456], variance=0.0508, QRS count=5
2025-10-09 10:09:27,539 [DEBUG] Accepted segment [82944:83968], variance=0.0525, QRS count=5
2025-10-09 10:09:27,544 [DEBUG] Accepted segment [83456:84480], variance=0.0618, QRS count=5
2025-10-09 10:09:27,549 [DEBUG] Accepted segment [83968:84992], variance=0.0601, QRS count=5
2025-10-09 10:09:27,554 [DEBUG] Accepted segment [84480:85504], variance=0.0589, QRS count=5
2025-10-09 10:09:27,559 [DEBUG] Accepted segment [84992:86016], variance=0.0579, QRS count=6
2025-10-09 10:09:27,564 [DEBUG] Accepted segment [85504:86528], variance=0.0604, QRS count=6
2025-10-09 10:09:27,570 [DEBUG] Accepted segment [86016:87040], variance=0.0538, QRS count=5
2025-10-09 10:09:27,575 [DEBUG] Accepted segment [86528:87552], variance=0.0515, QRS count=5
2025-10-09 10:09:27,579 [DEBUG] Accepted segment [87040:88064], variance=0.0609, QRS count=5
2025-10-09 10:09:27,584 [DEBUG] Accepted segment [87552:88576], variance=0.0617, QRS count=5
2025-10-09 10:09:27,589 [DEBUG] Accepted segment [88064:89088], variance=0.0498, QRS count=5
2025-10-09 10:09:27,594 [DEBUG] Accepted segment [88576:89600], variance=0.0489, QRS count=5
2025-10-09 10:09:27,599 [DEBUG] Accepted segment [89088:90112], variance=0.0603, QRS count=5
2025-10-09 10:09:27,604 [DEBUG] Accepted segment [89600:90624], variance=0.0612, QRS count=6
2025-10-09 10:09:27,609 [DEBUG] Accepted segment [90112:91136], variance=0.0612, QRS count=6
2025-10-09 10:09:27,614 [DEBUG] Accepted segment [90624:91648], variance=0.0535, QRS count=5
2025-10-09 10:09:27,619 [DEBUG] Accepted segment [91136:92160], variance=0.0552, QRS count=5
2025-10-09 10:09:27,624 [DEBUG] Accepted segment [91648:92672], variance=0.0635, QRS count=5
2025-10-09 10:09:27,629 [DEBUG] Accepted segment [92160:93184], variance=0.0609, QRS count=5
2025-10-09 10:09:27,635 [DEBUG] Accepted segment [92672:93696], variance=0.0534, QRS count=6
2025-10-09 10:09:27,640 [DEBUG] Accepted segment [93184:94208], variance=0.0553, QRS count=5
2025-10-09 10:09:27,646 [DEBUG] Accepted segment [93696:94720], variance=0.0625, QRS count=5
2025-10-09 10:09:27,652 [DEBUG] Accepted segment [94208:95232], variance=0.0619, QRS count=5
2025-10-09 10:09:27,658 [DEBUG] Accepted segment [94720:95744], variance=0.0629, QRS count=6
2025-10-09 10:09:27,664 [DEBUG] Accepted segment [95232:96256], variance=0.0528, QRS count=5
2025-10-09 10:09:27,670 [DEBUG] Accepted segment [95744:96768], variance=0.0525, QRS count=5
2025-10-09 10:09:27,677 [DEBUG] Accepted segment [96256:97280], variance=0.0625, QRS count=5
2025-10-09 10:09:27,684 [DEBUG] Accepted segment [96768:97792], variance=0.0602, QRS count=6
2025-10-09 10:09:27,690 [DEBUG] Accepted segment [97280:98304], variance=0.0574, QRS count=6
2025-10-09 10:09:27,696 [DEBUG] Accepted segment [97792:98816], variance=0.0569, QRS count=6
2025-10-09 10:09:27,702 [DEBUG] Accepted segment [98304:99328], variance=0.0501, QRS count=6
2025-10-09 10:09:27,708 [DEBUG] Accepted segment [98816:99840], variance=0.0510, QRS count=5
2025-10-09 10:09:27,714 [DEBUG] Accepted segment [99328:100352], variance=0.0579, QRS count=5
2025-10-09 10:09:27,722 [DEBUG] Accepted segment [99840:100864], variance=0.0583, QRS count=5
2025-10-09 10:09:27,729 [DEBUG] Accepted segment [100352:101376], variance=0.0604, QRS count=5
2025-10-09 10:09:27,736 [DEBUG] Accepted segment [100864:101888], variance=0.0593, QRS count=6
2025-10-09 10:09:27,743 [DEBUG] Accepted segment [101376:102400], variance=0.0568, QRS count=6
2025-10-09 10:09:27,748 [DEBUG] Accepted segment [101888:102912], variance=0.0552, QRS count=6
2025-10-09 10:09:27,754 [DEBUG] Accepted segment [102400:103424], variance=0.0554, QRS count=6
2025-10-09 10:09:27,760 [DEBUG] Accepted segment [102912:103936], variance=0.0574, QRS count=6
2025-10-09 10:09:27,766 [DEBUG] Accepted segment [103424:104448], variance=0.0576, QRS count=5
2025-10-09 10:09:27,772 [DEBUG] Accepted segment [103936:104960], variance=0.0472, QRS count=6
2025-10-09 10:09:27,778 [DEBUG] Accepted segment [104448:105472], variance=0.0462, QRS count=5
2025-10-09 10:09:27,784 [DEBUG] Accepted segment [104960:105984], variance=0.0554, QRS count=5
2025-10-09 10:09:27,790 [DEBUG] Accepted segment [105472:106496], variance=0.0562, QRS count=5
2025-10-09 10:09:27,798 [DEBUG] Accepted segment [105984:107008], variance=0.0543, QRS count=5
2025-10-09 10:09:27,804 [DEBUG] Accepted segment [106496:107520], variance=0.0518, QRS count=5
2025-10-09 10:09:27,810 [DEBUG] Accepted segment [107008:108032], variance=0.0523, QRS count=5
2025-10-09 10:09:27,816 [DEBUG] Accepted segment [107520:108544], variance=0.0539, QRS count=5
2025-10-09 10:09:27,822 [DEBUG] Accepted segment [108032:109056], variance=0.0543, QRS count=5
2025-10-09 10:09:27,828 [DEBUG] Accepted segment [108544:109568], variance=0.0531, QRS count=6
2025-10-09 10:09:27,834 [DEBUG] Accepted segment [109056:110080], variance=0.0515, QRS count=6
2025-10-09 10:09:27,840 [DEBUG] Accepted segment [109568:110592], variance=0.0521, QRS count=6
2025-10-09 10:09:27,846 [DEBUG] Accepted segment [110080:111104], variance=0.1279, QRS count=6
2025-10-09 10:09:27,852 [DEBUG] Accepted segment [110592:111616], variance=0.1293, QRS count=5
2025-10-09 10:09:27,857 [DEBUG] Accepted segment [111104:112128], variance=0.0552, QRS count=6
2025-10-09 10:09:27,863 [DEBUG] Accepted segment [111616:112640], variance=0.0537, QRS count=6
2025-10-09 10:09:27,869 [DEBUG] Accepted segment [112128:113152], variance=0.0532, QRS count=6
2025-10-09 10:09:27,874 [DEBUG] Accepted segment [112640:113664], variance=0.0558, QRS count=6
2025-10-09 10:09:27,881 [DEBUG] Accepted segment [113152:114176], variance=0.0582, QRS count=5
2025-10-09 10:09:27,887 [DEBUG] Accepted segment [113664:114688], variance=0.0514, QRS count=6
2025-10-09 10:09:27,892 [DEBUG] Accepted segment [114176:115200], variance=0.0525, QRS count=5
2025-10-09 10:09:27,899 [DEBUG] Accepted segment [114688:115712], variance=0.0596, QRS count=5
2025-10-09 10:09:27,905 [DEBUG] Accepted segment [115200:116224], variance=0.0584, QRS count=5
2025-10-09 10:09:27,911 [DEBUG] Accepted segment [115712:116736], variance=0.0515, QRS count=6
2025-10-09 10:09:27,917 [DEBUG] Accepted segment [116224:117248], variance=0.0530, QRS count=5
2025-10-09 10:09:27,922 [DEBUG] Accepted segment [116736:117760], variance=0.0609, QRS count=5
2025-10-09 10:09:27,928 [DEBUG] Accepted segment [117248:118272], variance=0.0628, QRS count=5
2025-10-09 10:09:27,933 [DEBUG] Accepted segment [117760:118784], variance=0.0637, QRS count=6
2025-10-09 10:09:27,938 [DEBUG] Accepted segment [118272:119296], variance=0.0609, QRS count=6
2025-10-09 10:09:27,943 [DEBUG] Accepted segment [118784:119808], variance=0.0506, QRS count=6
2025-10-09 10:09:27,944 [DEBUG] Skipping segment [119296:120320] due to overlap with noise [120200:120500]
2025-10-09 10:09:27,944 [DEBUG] Skipping segment [119808:120832] due to overlap with noise [120200:120500]
2025-10-09 10:09:27,944 [DEBUG] Skipping segment [120320:121344] due to overlap with noise [120200:120500]
2025-10-09 10:09:27,949 [DEBUG] Accepted segment [120832:121856], variance=0.0428, QRS count=6
2025-10-09 10:09:27,954 [DEBUG] Accepted segment [121344:122368], variance=0.0406, QRS count=6
2025-10-09 10:09:27,959 [DEBUG] Accepted segment [121856:122880], variance=0.0365, QRS count=6
2025-10-09 10:09:27,965 [DEBUG] Accepted segment [122368:123392], variance=0.0401, QRS count=5
2025-10-09 10:09:27,970 [DEBUG] Accepted segment [122880:123904], variance=0.0464, QRS count=6
2025-10-09 10:09:27,975 [DEBUG] Accepted segment [123392:124416], variance=0.0520, QRS count=6
2025-10-09 10:09:27,980 [DEBUG] Accepted segment [123904:124928], variance=0.0439, QRS count=5
2025-10-09 10:09:27,986 [DEBUG] Accepted segment [124416:125440], variance=0.0354, QRS count=5
2025-10-09 10:09:27,991 [DEBUG] Accepted segment [124928:125952], variance=0.0386, QRS count=5
2025-10-09 10:09:27,996 [DEBUG] Accepted segment [125440:126464], variance=0.0365, QRS count=5
2025-10-09 10:09:28,001 [DEBUG] Accepted segment [125952:126976], variance=0.0365, QRS count=6
2025-10-09 10:09:28,006 [DEBUG] Accepted segment [126464:127488], variance=0.0327, QRS count=5
2025-10-09 10:09:28,011 [DEBUG] Accepted segment [126976:128000], variance=0.0324, QRS count=5
2025-10-09 10:09:28,011 [INFO] Segmented signal of length 128000 into 246 valid segments
2025-10-09 10:09:28,012 [DEBUG] ECG signal length: 128000, segments: 246
2025-10-09 10:09:28,027 [DEBUG] Accepted segment [0:1024], variance=0.0401, QRS count=6
2025-10-09 10:09:28,033 [DEBUG] Accepted segment [512:1536], variance=0.0419, QRS count=6
2025-10-09 10:09:28,039 [DEBUG] Accepted segment [1024:2048], variance=0.0415, QRS count=6
2025-10-09 10:09:28,044 [DEBUG] Accepted segment [1536:2560], variance=0.0390, QRS count=6
2025-10-09 10:09:28,050 [DEBUG] Accepted segment [2048:3072], variance=0.0377, QRS count=6
2025-10-09 10:09:28,055 [DEBUG] Accepted segment [2560:3584], variance=0.0409, QRS count=6
2025-10-09 10:09:28,060 [DEBUG] Accepted segment [3072:4096], variance=0.0414, QRS count=5
2025-10-09 10:09:28,065 [DEBUG] Accepted segment [3584:4608], variance=0.0384, QRS count=5
2025-10-09 10:09:28,070 [DEBUG] Accepted segment [4096:5120], variance=0.0392, QRS count=5
2025-10-09 10:09:28,076 [DEBUG] Accepted segment [4608:5632], variance=0.0402, QRS count=5
2025-10-09 10:09:28,081 [DEBUG] Accepted segment [5120:6144], variance=0.0394, QRS count=5
2025-10-09 10:09:28,086 [DEBUG] Accepted segment [5632:6656], variance=0.0395, QRS count=5
2025-10-09 10:09:28,092 [DEBUG] Accepted segment [6144:7168], variance=0.0415, QRS count=5
2025-10-09 10:09:28,097 [DEBUG] Accepted segment [6656:7680], variance=0.0433, QRS count=5
2025-10-09 10:09:28,102 [DEBUG] Accepted segment [7168:8192], variance=0.0412, QRS count=5
2025-10-09 10:09:28,108 [DEBUG] Accepted segment [7680:8704], variance=0.0387, QRS count=6
2025-10-09 10:09:28,113 [DEBUG] Accepted segment [8192:9216], variance=0.0424, QRS count=6
2025-10-09 10:09:28,119 [DEBUG] Accepted segment [8704:9728], variance=0.0459, QRS count=6
2025-10-09 10:09:28,124 [DEBUG] Accepted segment [9216:10240], variance=0.0427, QRS count=5
2025-10-09 10:09:28,129 [DEBUG] Accepted segment [9728:10752], variance=0.0465, QRS count=5
2025-10-09 10:09:28,134 [DEBUG] Accepted segment [10240:11264], variance=0.0452, QRS count=6
2025-10-09 10:09:28,140 [DEBUG] Accepted segment [10752:11776], variance=0.0496, QRS count=6
2025-10-09 10:09:28,146 [DEBUG] Accepted segment [11264:12288], variance=0.0525, QRS count=6
2025-10-09 10:09:28,151 [DEBUG] Accepted segment [11776:12800], variance=0.0397, QRS count=6
2025-10-09 10:09:28,156 [DEBUG] Accepted segment [12288:13312], variance=0.0377, QRS count=6
2025-10-09 10:09:28,162 [DEBUG] Accepted segment [12800:13824], variance=0.0388, QRS count=6
2025-10-09 10:09:28,168 [DEBUG] Accepted segment [13312:14336], variance=0.0378, QRS count=6
2025-10-09 10:09:28,173 [DEBUG] Accepted segment [13824:14848], variance=0.0385, QRS count=6
2025-10-09 10:09:28,179 [DEBUG] Accepted segment [14336:15360], variance=0.0398, QRS count=6
2025-10-09 10:09:28,184 [DEBUG] Accepted segment [14848:15872], variance=0.0393, QRS count=5
2025-10-09 10:09:28,190 [DEBUG] Accepted segment [15360:16384], variance=0.0346, QRS count=6
2025-10-09 10:09:28,195 [DEBUG] Accepted segment [15872:16896], variance=0.0356, QRS count=5
2025-10-09 10:09:28,201 [DEBUG] Accepted segment [16384:17408], variance=0.0412, QRS count=5
2025-10-09 10:09:28,206 [DEBUG] Accepted segment [16896:17920], variance=0.0429, QRS count=5
2025-10-09 10:09:28,212 [DEBUG] Accepted segment [17408:18432], variance=0.0438, QRS count=5
2025-10-09 10:09:28,218 [DEBUG] Accepted segment [17920:18944], variance=0.0445, QRS count=5
2025-10-09 10:09:28,224 [DEBUG] Accepted segment [18432:19456], variance=0.0446, QRS count=5
2025-10-09 10:09:28,229 [DEBUG] Accepted segment [18944:19968], variance=0.0441, QRS count=5
2025-10-09 10:09:28,234 [DEBUG] Accepted segment [19456:20480], variance=0.0441, QRS count=5
2025-10-09 10:09:28,239 [DEBUG] Accepted segment [19968:20992], variance=0.0429, QRS count=5
2025-10-09 10:09:28,245 [DEBUG] Accepted segment [20480:21504], variance=0.0406, QRS count=5
2025-10-09 10:09:28,250 [DEBUG] Accepted segment [20992:22016], variance=0.0402, QRS count=5
2025-10-09 10:09:28,255 [DEBUG] Accepted segment [21504:22528], variance=0.0406, QRS count=5
2025-10-09 10:09:28,260 [DEBUG] Accepted segment [22016:23040], variance=0.0405, QRS count=5
2025-10-09 10:09:28,265 [DEBUG] Accepted segment [22528:23552], variance=0.0406, QRS count=5
2025-10-09 10:09:28,270 [DEBUG] Accepted segment [23040:24064], variance=0.0412, QRS count=5
2025-10-09 10:09:28,275 [DEBUG] Accepted segment [23552:24576], variance=0.0423, QRS count=5
2025-10-09 10:09:28,280 [DEBUG] Accepted segment [24064:25088], variance=0.0420, QRS count=6
2025-10-09 10:09:28,285 [DEBUG] Accepted segment [24576:25600], variance=0.0412, QRS count=6
2025-10-09 10:09:28,291 [DEBUG] Accepted segment [25088:26112], variance=0.0412, QRS count=6
2025-10-09 10:09:28,297 [DEBUG] Accepted segment [25600:26624], variance=0.0407, QRS count=6
2025-10-09 10:09:28,302 [DEBUG] Accepted segment [26112:27136], variance=0.0394, QRS count=6
2025-10-09 10:09:28,308 [DEBUG] Accepted segment [26624:27648], variance=0.0471, QRS count=6
2025-10-09 10:09:28,313 [DEBUG] Accepted segment [27136:28160], variance=0.0493, QRS count=6
2025-10-09 10:09:28,319 [DEBUG] Accepted segment [27648:28672], variance=0.0420, QRS count=6
2025-10-09 10:09:28,324 [DEBUG] Accepted segment [28160:29184], variance=0.0394, QRS count=5
2025-10-09 10:09:28,329 [DEBUG] Accepted segment [28672:29696], variance=0.0345, QRS count=5
2025-10-09 10:09:28,335 [DEBUG] Accepted segment [29184:30208], variance=0.0353, QRS count=5
2025-10-09 10:09:28,340 [DEBUG] Accepted segment [29696:30720], variance=0.0395, QRS count=5
2025-10-09 10:09:28,346 [DEBUG] Accepted segment [30208:31232], variance=0.0400, QRS count=5
2025-10-09 10:09:28,351 [DEBUG] Accepted segment [30720:31744], variance=0.0419, QRS count=5
2025-10-09 10:09:28,357 [DEBUG] Accepted segment [31232:32256], variance=0.0425, QRS count=5
2025-10-09 10:09:28,362 [DEBUG] Accepted segment [31744:32768], variance=0.0409, QRS count=5
2025-10-09 10:09:28,367 [DEBUG] Accepted segment [32256:33280], variance=0.0398, QRS count=5
2025-10-09 10:09:28,372 [DEBUG] Accepted segment [32768:33792], variance=0.0410, QRS count=5
2025-10-09 10:09:28,378 [DEBUG] Accepted segment [33280:34304], variance=0.0416, QRS count=5
2025-10-09 10:09:28,384 [DEBUG] Accepted segment [33792:34816], variance=0.0405, QRS count=5
2025-10-09 10:09:28,389 [DEBUG] Accepted segment [34304:35328], variance=0.0395, QRS count=6
2025-10-09 10:09:28,394 [DEBUG] Accepted segment [34816:35840], variance=0.0397, QRS count=6
2025-10-09 10:09:28,400 [DEBUG] Accepted segment [35328:36352], variance=0.0419, QRS count=6
2025-10-09 10:09:28,405 [DEBUG] Accepted segment [35840:36864], variance=0.0427, QRS count=6
2025-10-09 10:09:28,411 [DEBUG] Accepted segment [36352:37376], variance=0.0419, QRS count=6
2025-10-09 10:09:28,416 [DEBUG] Accepted segment [36864:37888], variance=0.0411, QRS count=6
2025-10-09 10:09:28,422 [DEBUG] Accepted segment [37376:38400], variance=0.0402, QRS count=5
2025-10-09 10:09:28,427 [DEBUG] Accepted segment [37888:38912], variance=0.0358, QRS count=6
2025-10-09 10:09:28,433 [DEBUG] Accepted segment [38400:39424], variance=0.0363, QRS count=5
2025-10-09 10:09:28,438 [DEBUG] Accepted segment [38912:39936], variance=0.0418, QRS count=5
2025-10-09 10:09:28,443 [DEBUG] Accepted segment [39424:40448], variance=0.0436, QRS count=5
2025-10-09 10:09:28,449 [DEBUG] Accepted segment [39936:40960], variance=0.0433, QRS count=5
2025-10-09 10:09:28,454 [DEBUG] Accepted segment [40448:41472], variance=0.0420, QRS count=5
2025-10-09 10:09:28,459 [DEBUG] Accepted segment [40960:41984], variance=0.0409, QRS count=5
2025-10-09 10:09:28,465 [DEBUG] Accepted segment [41472:42496], variance=0.0399, QRS count=6
2025-10-09 10:09:28,472 [DEBUG] Accepted segment [41984:43008], variance=0.0410, QRS count=6
2025-10-09 10:09:28,479 [DEBUG] Accepted segment [42496:43520], variance=0.0423, QRS count=6
2025-10-09 10:09:28,486 [DEBUG] Accepted segment [43008:44032], variance=0.0413, QRS count=6
2025-10-09 10:09:28,493 [DEBUG] Accepted segment [43520:44544], variance=0.0393, QRS count=6
2025-10-09 10:09:28,499 [DEBUG] Accepted segment [44032:45056], variance=0.0401, QRS count=6
2025-10-09 10:09:28,505 [DEBUG] Accepted segment [44544:45568], variance=0.0421, QRS count=6
2025-10-09 10:09:28,511 [DEBUG] Accepted segment [45056:46080], variance=0.0420, QRS count=6
2025-10-09 10:09:28,516 [DEBUG] Accepted segment [45568:46592], variance=0.0406, QRS count=6
2025-10-09 10:09:28,522 [DEBUG] Accepted segment [46080:47104], variance=0.0402, QRS count=6
2025-10-09 10:09:28,528 [DEBUG] Accepted segment [46592:47616], variance=0.0409, QRS count=6
2025-10-09 10:09:28,534 [DEBUG] Accepted segment [47104:48128], variance=0.0409, QRS count=6
2025-10-09 10:09:28,539 [DEBUG] Accepted segment [47616:48640], variance=0.0406, QRS count=6
2025-10-09 10:09:28,544 [DEBUG] Accepted segment [48128:49152], variance=0.0408, QRS count=5
2025-10-09 10:09:28,550 [DEBUG] Accepted segment [48640:49664], variance=0.0422, QRS count=5
2025-10-09 10:09:28,555 [DEBUG] Accepted segment [49152:50176], variance=0.0407, QRS count=5
2025-10-09 10:09:28,560 [DEBUG] Accepted segment [49664:50688], variance=0.0342, QRS count=6
2025-10-09 10:09:28,565 [DEBUG] Accepted segment [50176:51200], variance=0.0361, QRS count=5
2025-10-09 10:09:28,570 [DEBUG] Accepted segment [50688:51712], variance=0.0422, QRS count=5
2025-10-09 10:09:28,575 [DEBUG] Accepted segment [51200:52224], variance=0.0421, QRS count=5
2025-10-09 10:09:28,581 [DEBUG] Accepted segment [51712:52736], variance=0.0413, QRS count=5
2025-10-09 10:09:28,586 [DEBUG] Accepted segment [52224:53248], variance=0.0424, QRS count=5
2025-10-09 10:09:28,591 [DEBUG] Accepted segment [52736:53760], variance=0.0428, QRS count=5
2025-10-09 10:09:28,597 [DEBUG] Accepted segment [53248:54272], variance=0.0407, QRS count=6
2025-10-09 10:09:28,602 [DEBUG] Accepted segment [53760:54784], variance=0.0401, QRS count=6
2025-10-09 10:09:28,607 [DEBUG] Accepted segment [54272:55296], variance=0.0403, QRS count=6
2025-10-09 10:09:28,612 [DEBUG] Accepted segment [54784:55808], variance=0.0409, QRS count=6
2025-10-09 10:09:28,617 [DEBUG] Accepted segment [55296:56320], variance=0.0409, QRS count=5
2025-10-09 10:09:28,622 [DEBUG] Accepted segment [55808:56832], variance=0.0340, QRS count=6
2025-10-09 10:09:28,628 [DEBUG] Accepted segment [56320:57344], variance=0.0343, QRS count=5
2025-10-09 10:09:28,633 [DEBUG] Accepted segment [56832:57856], variance=0.0403, QRS count=5
2025-10-09 10:09:28,638 [DEBUG] Accepted segment [57344:58368], variance=0.0385, QRS count=5
2025-10-09 10:09:28,643 [DEBUG] Accepted segment [57856:58880], variance=0.0381, QRS count=5
2025-10-09 10:09:28,648 [DEBUG] Accepted segment [58368:59392], variance=0.0402, QRS count=5
2025-10-09 10:09:28,653 [DEBUG] Accepted segment [58880:59904], variance=0.0411, QRS count=5
2025-10-09 10:09:28,658 [DEBUG] Accepted segment [59392:60416], variance=0.0399, QRS count=5
2025-10-09 10:09:28,663 [DEBUG] Accepted segment [59904:60928], variance=0.0400, QRS count=6
2025-10-09 10:09:28,668 [DEBUG] Accepted segment [60416:61440], variance=0.0408, QRS count=6
2025-10-09 10:09:28,673 [DEBUG] Accepted segment [60928:61952], variance=0.0404, QRS count=6
2025-10-09 10:09:28,678 [DEBUG] Accepted segment [61440:62464], variance=0.0402, QRS count=6
2025-10-09 10:09:28,683 [DEBUG] Accepted segment [61952:62976], variance=0.0393, QRS count=5
2025-10-09 10:09:28,689 [DEBUG] Accepted segment [62464:63488], variance=0.0352, QRS count=6
2025-10-09 10:09:28,695 [DEBUG] Accepted segment [62976:64000], variance=0.0403, QRS count=5
2025-10-09 10:09:28,700 [DEBUG] Accepted segment [63488:64512], variance=0.0450, QRS count=6
2025-10-09 10:09:28,706 [DEBUG] Accepted segment [64000:65024], variance=0.0414, QRS count=6
2025-10-09 10:09:28,711 [DEBUG] Accepted segment [64512:65536], variance=0.0425, QRS count=6
2025-10-09 10:09:28,717 [DEBUG] Accepted segment [65024:66048], variance=0.0414, QRS count=6
2025-10-09 10:09:28,722 [DEBUG] Accepted segment [65536:66560], variance=0.0358, QRS count=6
2025-10-09 10:09:28,728 [DEBUG] Accepted segment [66048:67072], variance=0.0355, QRS count=6
2025-10-09 10:09:28,733 [DEBUG] Accepted segment [66560:67584], variance=0.0398, QRS count=5
2025-10-09 10:09:28,738 [DEBUG] Accepted segment [67072:68096], variance=0.0410, QRS count=5
2025-10-09 10:09:28,743 [DEBUG] Accepted segment [67584:68608], variance=0.0393, QRS count=5
2025-10-09 10:09:28,748 [DEBUG] Accepted segment [68096:69120], variance=0.0400, QRS count=5
2025-10-09 10:09:28,753 [DEBUG] Accepted segment [68608:69632], variance=0.0419, QRS count=5
2025-10-09 10:09:28,758 [DEBUG] Accepted segment [69120:70144], variance=0.0409, QRS count=5
2025-10-09 10:09:28,763 [DEBUG] Accepted segment [69632:70656], variance=0.0407, QRS count=5
2025-10-09 10:09:28,768 [DEBUG] Accepted segment [70144:71168], variance=0.0428, QRS count=6
2025-10-09 10:09:28,773 [DEBUG] Accepted segment [70656:71680], variance=0.0434, QRS count=6
2025-10-09 10:09:28,777 [DEBUG] Accepted segment [71168:72192], variance=0.1024, QRS count=6
2025-10-09 10:09:28,782 [DEBUG] Accepted segment [71680:72704], variance=0.1012, QRS count=6
2025-10-09 10:09:28,787 [DEBUG] Accepted segment [72192:73216], variance=0.0421, QRS count=6
2025-10-09 10:09:28,792 [DEBUG] Accepted segment [72704:73728], variance=0.0443, QRS count=6
2025-10-09 10:09:28,797 [DEBUG] Accepted segment [73216:74240], variance=0.0363, QRS count=5
2025-10-09 10:09:28,802 [DEBUG] Accepted segment [73728:74752], variance=0.0346, QRS count=5
2025-10-09 10:09:28,807 [DEBUG] Accepted segment [74240:75264], variance=0.0419, QRS count=5
2025-10-09 10:09:28,811 [DEBUG] Accepted segment [74752:75776], variance=0.0424, QRS count=5
2025-10-09 10:09:28,816 [DEBUG] Accepted segment [75264:76288], variance=0.0417, QRS count=6
2025-10-09 10:09:28,821 [DEBUG] Accepted segment [75776:76800], variance=0.0351, QRS count=5
2025-10-09 10:09:28,826 [DEBUG] Accepted segment [76288:77312], variance=0.0362, QRS count=5
2025-10-09 10:09:28,831 [DEBUG] Accepted segment [76800:77824], variance=0.0426, QRS count=5
2025-10-09 10:09:28,835 [DEBUG] Accepted segment [77312:78336], variance=0.0413, QRS count=5
2025-10-09 10:09:28,840 [DEBUG] Accepted segment [77824:78848], variance=0.0425, QRS count=6
2025-10-09 10:09:28,845 [DEBUG] Accepted segment [78336:79360], variance=0.0376, QRS count=6
2025-10-09 10:09:28,850 [DEBUG] Accepted segment [78848:79872], variance=0.0357, QRS count=5
2025-10-09 10:09:28,855 [DEBUG] Accepted segment [79360:80384], variance=0.0419, QRS count=5
2025-10-09 10:09:28,859 [DEBUG] Accepted segment [79872:80896], variance=0.0437, QRS count=5
2025-10-09 10:09:28,864 [DEBUG] Accepted segment [80384:81408], variance=0.0438, QRS count=6
2025-10-09 10:09:28,869 [DEBUG] Accepted segment [80896:81920], variance=0.0365, QRS count=5
2025-10-09 10:09:28,874 [DEBUG] Accepted segment [81408:82432], variance=0.0377, QRS count=5
2025-10-09 10:09:28,879 [DEBUG] Accepted segment [81920:82944], variance=0.0453, QRS count=5
2025-10-09 10:09:28,884 [DEBUG] Accepted segment [82432:83456], variance=0.0444, QRS count=5
2025-10-09 10:09:28,889 [DEBUG] Accepted segment [82944:83968], variance=0.0439, QRS count=6
2025-10-09 10:09:28,894 [DEBUG] Accepted segment [83456:84480], variance=0.0381, QRS count=6
2025-10-09 10:09:28,899 [DEBUG] Accepted segment [83968:84992], variance=0.0375, QRS count=5
2025-10-09 10:09:28,903 [DEBUG] Accepted segment [84480:85504], variance=0.0438, QRS count=5
2025-10-09 10:09:28,908 [DEBUG] Accepted segment [84992:86016], variance=0.0450, QRS count=5
2025-10-09 10:09:28,914 [DEBUG] Accepted segment [85504:86528], variance=0.0438, QRS count=6
2025-10-09 10:09:28,919 [DEBUG] Accepted segment [86016:87040], variance=0.0395, QRS count=6
2025-10-09 10:09:28,923 [DEBUG] Accepted segment [86528:87552], variance=0.0371, QRS count=6
2025-10-09 10:09:28,928 [DEBUG] Accepted segment [87040:88064], variance=0.0333, QRS count=5
2025-10-09 10:09:28,933 [DEBUG] Accepted segment [87552:88576], variance=0.0367, QRS count=5
2025-10-09 10:09:28,937 [DEBUG] Accepted segment [88064:89088], variance=0.0441, QRS count=6
2025-10-09 10:09:28,942 [DEBUG] Accepted segment [88576:89600], variance=0.0408, QRS count=5
2025-10-09 10:09:28,946 [DEBUG] Accepted segment [89088:90112], variance=0.0355, QRS count=5
2025-10-09 10:09:28,951 [DEBUG] Accepted segment [89600:90624], variance=0.0369, QRS count=5
2025-10-09 10:09:28,956 [DEBUG] Accepted segment [90112:91136], variance=0.0406, QRS count=5
2025-10-09 10:09:28,960 [DEBUG] Accepted segment [90624:91648], variance=0.0398, QRS count=5
2025-10-09 10:09:28,965 [DEBUG] Accepted segment [91136:92160], variance=0.0410, QRS count=5
2025-10-09 10:09:28,970 [DEBUG] Accepted segment [91648:92672], variance=0.0432, QRS count=5
2025-10-09 10:09:28,975 [DEBUG] Accepted segment [92160:93184], variance=0.0428, QRS count=6
2025-10-09 10:09:28,980 [DEBUG] Accepted segment [92672:93696], variance=0.1231, QRS count=6
2025-10-09 10:09:28,984 [DEBUG] Accepted segment [93184:94208], variance=0.1247, QRS count=6
2025-10-09 10:09:28,989 [DEBUG] Accepted segment [93696:94720], variance=0.0461, QRS count=6
2025-10-09 10:09:28,993 [DEBUG] Accepted segment [94208:95232], variance=0.0474, QRS count=6
2025-10-09 10:09:28,998 [DEBUG] Accepted segment [94720:95744], variance=0.0470, QRS count=6
2025-10-09 10:09:29,002 [DEBUG] Accepted segment [95232:96256], variance=0.0389, QRS count=5
2025-10-09 10:09:29,007 [DEBUG] Accepted segment [95744:96768], variance=0.0370, QRS count=5
2025-10-09 10:09:29,012 [DEBUG] Accepted segment [96256:97280], variance=0.0435, QRS count=5
2025-10-09 10:09:29,016 [DEBUG] Accepted segment [96768:97792], variance=0.0446, QRS count=6
2025-10-09 10:09:29,021 [DEBUG] Accepted segment [97280:98304], variance=0.0436, QRS count=5
2025-10-09 10:09:29,025 [DEBUG] Accepted segment [97792:98816], variance=0.0419, QRS count=5
2025-10-09 10:09:29,030 [DEBUG] Accepted segment [98304:99328], variance=0.0424, QRS count=5
2025-10-09 10:09:29,035 [DEBUG] Accepted segment [98816:99840], variance=0.0469, QRS count=5
2025-10-09 10:09:29,039 [DEBUG] Accepted segment [99328:100352], variance=0.0437, QRS count=5
2025-10-09 10:09:29,044 [DEBUG] Accepted segment [99840:100864], variance=0.0338, QRS count=6
2025-10-09 10:09:29,049 [DEBUG] Accepted segment [100352:101376], variance=0.0349, QRS count=6
2025-10-09 10:09:29,054 [DEBUG] Accepted segment [100864:101888], variance=0.0390, QRS count=5
2025-10-09 10:09:29,060 [DEBUG] Accepted segment [101376:102400], variance=0.0407, QRS count=5
2025-10-09 10:09:29,064 [DEBUG] Accepted segment [101888:102912], variance=0.0429, QRS count=5
2025-10-09 10:09:29,069 [DEBUG] Accepted segment [102400:103424], variance=0.0422, QRS count=5
2025-10-09 10:09:29,074 [DEBUG] Accepted segment [102912:103936], variance=0.0401, QRS count=6
2025-10-09 10:09:29,079 [DEBUG] Accepted segment [103424:104448], variance=0.0405, QRS count=6
2025-10-09 10:09:29,084 [DEBUG] Accepted segment [103936:104960], variance=0.0415, QRS count=6
2025-10-09 10:09:29,089 [DEBUG] Accepted segment [104448:105472], variance=0.0408, QRS count=6
2025-10-09 10:09:29,094 [DEBUG] Accepted segment [104960:105984], variance=0.0404, QRS count=6
2025-10-09 10:09:29,094 [DEBUG] Skipping segment [105472:106496] due to overlap with noise [106400:107000]
2025-10-09 10:09:29,094 [DEBUG] Skipping segment [105984:107008] due to overlap with noise [106400:107000]
2025-10-09 10:09:29,094 [DEBUG] Skipping segment [106496:107520] due to overlap with noise [106400:107000]
2025-10-09 10:09:29,099 [DEBUG] Accepted segment [107008:108032], variance=0.0702, QRS count=6
2025-10-09 10:09:29,104 [DEBUG] Accepted segment [107520:108544], variance=0.0616, QRS count=6
2025-10-09 10:09:29,108 [DEBUG] Accepted segment [108032:109056], variance=0.0688, QRS count=7
2025-10-09 10:09:29,113 [DEBUG] Accepted segment [108544:109568], variance=0.0644, QRS count=6
2025-10-09 10:09:29,118 [DEBUG] Accepted segment [109056:110080], variance=0.0488, QRS count=6
2025-10-09 10:09:29,123 [DEBUG] Accepted segment [109568:110592], variance=0.0477, QRS count=6
2025-10-09 10:09:29,127 [DEBUG] Accepted segment [110080:111104], variance=0.0440, QRS count=6
2025-10-09 10:09:29,132 [DEBUG] Accepted segment [110592:111616], variance=0.0451, QRS count=7
2025-10-09 10:09:29,137 [DEBUG] Accepted segment [111104:112128], variance=0.0552, QRS count=6
2025-10-09 10:09:29,141 [DEBUG] Accepted segment [111616:112640], variance=0.0556, QRS count=6
2025-10-09 10:09:29,146 [DEBUG] Accepted segment [112128:113152], variance=0.0543, QRS count=6
2025-10-09 10:09:29,150 [DEBUG] Accepted segment [112640:113664], variance=0.0555, QRS count=6
2025-10-09 10:09:29,155 [DEBUG] Accepted segment [113152:114176], variance=0.0560, QRS count=5
2025-10-09 10:09:29,159 [DEBUG] Accepted segment [113664:114688], variance=0.0558, QRS count=5
2025-10-09 10:09:29,163 [DEBUG] Accepted segment [114176:115200], variance=0.0667, QRS count=5
2025-10-09 10:09:29,168 [DEBUG] Accepted segment [114688:115712], variance=0.0741, QRS count=6
2025-10-09 10:09:29,172 [DEBUG] Accepted segment [115200:116224], variance=0.0637, QRS count=6
2025-10-09 10:09:29,177 [DEBUG] Accepted segment [115712:116736], variance=0.0559, QRS count=6
2025-10-09 10:09:29,181 [DEBUG] Accepted segment [116224:117248], variance=0.0528, QRS count=6
2025-10-09 10:09:29,186 [DEBUG] Accepted segment [116736:117760], variance=0.0522, QRS count=5
2025-10-09 10:09:29,190 [DEBUG] Accepted segment [117248:118272], variance=0.0472, QRS count=6
2025-10-09 10:09:29,195 [DEBUG] Accepted segment [117760:118784], variance=0.0471, QRS count=5
2025-10-09 10:09:29,199 [DEBUG] Accepted segment [118272:119296], variance=0.0569, QRS count=5
2025-10-09 10:09:29,203 [DEBUG] Accepted segment [118784:119808], variance=0.0603, QRS count=5
2025-10-09 10:09:29,208 [DEBUG] Accepted segment [119296:120320], variance=0.0607, QRS count=5
2025-10-09 10:09:29,213 [DEBUG] Accepted segment [119808:120832], variance=0.0601, QRS count=6
2025-10-09 10:09:29,219 [DEBUG] Accepted segment [120320:121344], variance=0.0600, QRS count=6
2025-10-09 10:09:29,224 [DEBUG] Accepted segment [120832:121856], variance=0.0599, QRS count=6
2025-10-09 10:09:29,229 [DEBUG] Accepted segment [121344:122368], variance=0.0489, QRS count=5
2025-10-09 10:09:29,234 [DEBUG] Accepted segment [121856:122880], variance=0.0471, QRS count=5
2025-10-09 10:09:29,238 [DEBUG] Accepted segment [122368:123392], variance=0.0592, QRS count=5
2025-10-09 10:09:29,243 [DEBUG] Accepted segment [122880:123904], variance=0.0606, QRS count=5
2025-10-09 10:09:29,247 [DEBUG] Accepted segment [123392:124416], variance=0.0582, QRS count=5
2025-10-09 10:09:29,252 [DEBUG] Accepted segment [123904:124928], variance=0.0582, QRS count=6
2025-10-09 10:09:29,257 [DEBUG] Accepted segment [124416:125440], variance=0.0592, QRS count=6
2025-10-09 10:09:29,261 [DEBUG] Accepted segment [124928:125952], variance=0.0585, QRS count=5
2025-10-09 10:09:29,266 [DEBUG] Accepted segment [125440:126464], variance=0.0485, QRS count=5
2025-10-09 10:09:29,271 [DEBUG] Accepted segment [125952:126976], variance=0.0503, QRS count=5
2025-10-09 10:09:29,275 [DEBUG] Accepted segment [126464:127488], variance=0.0614, QRS count=5
2025-10-09 10:09:29,280 [DEBUG] Accepted segment [126976:128000], variance=0.0608, QRS count=5
2025-10-09 10:09:29,280 [INFO] Segmented signal of length 128000 into 246 valid segments
2025-10-09 10:09:29,280 [DEBUG] ECG signal length: 128000, segments: 246
2025-10-09 10:09:29,280 [INFO] Total segments counted: 492
2025-10-09 10:09:29,281 [INFO] Training segments: 492
2025-10-09 10:09:29,290 [DEBUG] Skipping segment [0:1024] due to overlap with noise [0:400]
2025-10-09 10:09:29,295 [DEBUG] Accepted segment [512:1536], variance=0.0713, QRS count=4
2025-10-09 10:09:29,301 [DEBUG] Accepted segment [1024:2048], variance=0.0615, QRS count=4
2025-10-09 10:09:29,301 [DEBUG] Skipping segment [1536:2560] due to overlap with noise [2400:3800]
2025-10-09 10:09:29,301 [DEBUG] Skipping segment [2048:3072] due to overlap with noise [2400:3800]
2025-10-09 10:09:29,301 [DEBUG] Skipping segment [2560:3584] due to overlap with noise [2400:3800]
2025-10-09 10:09:29,301 [DEBUG] Skipping segment [3072:4096] due to overlap with noise [2400:3800]
2025-10-09 10:09:29,301 [DEBUG] Skipping segment [3584:4608] due to overlap with noise [2400:3800]
2025-10-09 10:09:29,307 [DEBUG] Accepted segment [4096:5120], variance=0.0638, QRS count=4
2025-10-09 10:09:29,311 [DEBUG] Accepted segment [4608:5632], variance=0.0595, QRS count=4
2025-10-09 10:09:29,316 [DEBUG] Accepted segment [5120:6144], variance=0.0630, QRS count=5
2025-10-09 10:09:29,320 [DEBUG] Accepted segment [5632:6656], variance=0.0667, QRS count=4
2025-10-09 10:09:29,325 [DEBUG] Accepted segment [6144:7168], variance=0.0610, QRS count=4
2025-10-09 10:09:29,329 [DEBUG] Accepted segment [6656:7680], variance=0.0560, QRS count=4
2025-10-09 10:09:29,334 [DEBUG] Accepted segment [7168:8192], variance=0.0571, QRS count=4
2025-10-09 10:09:29,339 [DEBUG] Accepted segment [7680:8704], variance=0.0666, QRS count=4
2025-10-09 10:09:29,343 [DEBUG] Accepted segment [8192:9216], variance=0.0678, QRS count=4
2025-10-09 10:09:29,348 [DEBUG] Accepted segment [8704:9728], variance=0.0588, QRS count=4
2025-10-09 10:09:29,353 [DEBUG] Accepted segment [9216:10240], variance=0.0635, QRS count=5
2025-10-09 10:09:29,358 [DEBUG] Accepted segment [9728:10752], variance=0.0676, QRS count=4
2025-10-09 10:09:29,362 [DEBUG] Accepted segment [10240:11264], variance=0.0598, QRS count=4
2025-10-09 10:09:29,367 [DEBUG] Accepted segment [10752:11776], variance=0.0615, QRS count=4
2025-10-09 10:09:29,372 [DEBUG] Accepted segment [11264:12288], variance=0.0670, QRS count=5
2025-10-09 10:09:29,376 [DEBUG] Accepted segment [11776:12800], variance=0.0617, QRS count=4
2025-10-09 10:09:29,381 [DEBUG] Accepted segment [12288:13312], variance=0.0684, QRS count=5
2025-10-09 10:09:29,385 [DEBUG] Accepted segment [12800:13824], variance=0.0672, QRS count=4
2025-10-09 10:09:29,390 [DEBUG] Accepted segment [13312:14336], variance=0.0669, QRS count=5
2025-10-09 10:09:29,394 [DEBUG] Accepted segment [13824:14848], variance=0.0698, QRS count=4
2025-10-09 10:09:29,399 [DEBUG] Accepted segment [14336:15360], variance=0.0721, QRS count=5
2025-10-09 10:09:29,403 [DEBUG] Accepted segment [14848:15872], variance=0.0806, QRS count=5
2025-10-09 10:09:29,408 [DEBUG] Accepted segment [15360:16384], variance=0.0725, QRS count=6
2025-10-09 10:09:29,413 [DEBUG] Accepted segment [15872:16896], variance=0.0769, QRS count=5
2025-10-09 10:09:29,418 [DEBUG] Accepted segment [16384:17408], variance=0.0851, QRS count=5
2025-10-09 10:09:29,423 [DEBUG] Accepted segment [16896:17920], variance=0.0787, QRS count=6
2025-10-09 10:09:29,428 [DEBUG] Accepted segment [17408:18432], variance=0.0684, QRS count=5
2025-10-09 10:09:29,432 [DEBUG] Accepted segment [17920:18944], variance=0.0600, QRS count=4
2025-10-09 10:09:29,437 [DEBUG] Accepted segment [18432:19456], variance=0.0654, QRS count=5
2025-10-09 10:09:29,441 [DEBUG] Accepted segment [18944:19968], variance=0.0706, QRS count=4
2025-10-09 10:09:29,446 [DEBUG] Accepted segment [19456:20480], variance=0.0615, QRS count=4
2025-10-09 10:09:29,451 [DEBUG] Accepted segment [19968:20992], variance=0.0565, QRS count=4
2025-10-09 10:09:29,455 [DEBUG] Accepted segment [20480:21504], variance=0.0658, QRS count=5
2025-10-09 10:09:29,460 [DEBUG] Accepted segment [20992:22016], variance=0.0707, QRS count=4
2025-10-09 10:09:29,465 [DEBUG] Accepted segment [21504:22528], variance=0.0634, QRS count=4
2025-10-09 10:09:29,469 [DEBUG] Accepted segment [22016:23040], variance=0.0587, QRS count=4
2025-10-09 10:09:29,474 [DEBUG] Accepted segment [22528:23552], variance=0.0665, QRS count=5
2025-10-09 10:09:29,474 [DEBUG] Skipping segment [23040:24064] due to overlap with noise [24000:24800]
2025-10-09 10:09:29,474 [DEBUG] Skipping segment [23552:24576] due to overlap with noise [24000:24800]
2025-10-09 10:09:29,474 [DEBUG] Skipping segment [24064:25088] due to overlap with noise [24000:24800]
2025-10-09 10:09:29,475 [DEBUG] Skipping segment [24576:25600] due to overlap with noise [24000:24800]
2025-10-09 10:09:29,480 [DEBUG] Accepted segment [25088:26112], variance=0.0705, QRS count=6
2025-10-09 10:09:29,485 [DEBUG] Accepted segment [25600:26624], variance=0.0701, QRS count=5
2025-10-09 10:09:29,489 [DEBUG] Accepted segment [26112:27136], variance=0.0624, QRS count=5
2025-10-09 10:09:29,495 [DEBUG] Accepted segment [26624:27648], variance=0.0628, QRS count=6
2025-10-09 10:09:29,500 [DEBUG] Accepted segment [27136:28160], variance=0.0622, QRS count=5
2025-10-09 10:09:29,504 [DEBUG] Accepted segment [27648:28672], variance=0.0545, QRS count=5
2025-10-09 10:09:29,509 [DEBUG] Accepted segment [28160:29184], variance=0.0639, QRS count=5
2025-10-09 10:09:29,514 [DEBUG] Accepted segment [28672:29696], variance=0.0645, QRS count=4
2025-10-09 10:09:29,518 [DEBUG] Accepted segment [29184:30208], variance=0.0619, QRS count=5
2025-10-09 10:09:29,523 [DEBUG] Accepted segment [29696:30720], variance=0.0662, QRS count=5
2025-10-09 10:09:29,528 [DEBUG] Accepted segment [30208:31232], variance=0.0584, QRS count=4
2025-10-09 10:09:29,532 [DEBUG] Accepted segment [30720:31744], variance=0.0632, QRS count=5
2025-10-09 10:09:29,536 [DEBUG] Accepted segment [31232:32256], variance=0.0687, QRS count=4
2025-10-09 10:09:29,541 [DEBUG] Accepted segment [31744:32768], variance=0.0606, QRS count=4
2025-10-09 10:09:29,545 [DEBUG] Accepted segment [32256:33280], variance=0.0556, QRS count=5
2025-10-09 10:09:29,550 [DEBUG] Accepted segment [32768:33792], variance=0.0653, QRS count=5
2025-10-09 10:09:29,554 [DEBUG] Accepted segment [33280:34304], variance=0.0680, QRS count=4
2025-10-09 10:09:29,558 [DEBUG] Accepted segment [33792:34816], variance=0.0583, QRS count=4
2025-10-09 10:09:29,563 [DEBUG] Accepted segment [34304:35328], variance=0.0639, QRS count=5
2025-10-09 10:09:29,567 [DEBUG] Accepted segment [34816:35840], variance=0.0667, QRS count=4
2025-10-09 10:09:29,572 [DEBUG] Accepted segment [35328:36352], variance=0.0591, QRS count=5
2025-10-09 10:09:29,576 [DEBUG] Accepted segment [35840:36864], variance=0.0674, QRS count=5
2025-10-09 10:09:29,581 [DEBUG] Accepted segment [36352:37376], variance=0.0672, QRS count=4
2025-10-09 10:09:29,585 [DEBUG] Accepted segment [36864:37888], variance=0.0556, QRS count=4
2025-10-09 10:09:29,589 [DEBUG] Accepted segment [37376:38400], variance=0.0645, QRS count=4
2025-10-09 10:09:29,594 [DEBUG] Accepted segment [37888:38912], variance=0.0696, QRS count=4
2025-10-09 10:09:29,599 [DEBUG] Accepted segment [38400:39424], variance=0.0600, QRS count=4
2025-10-09 10:09:29,603 [DEBUG] Accepted segment [38912:39936], variance=0.0560, QRS count=4
2025-10-09 10:09:29,608 [DEBUG] Accepted segment [39424:40448], variance=0.0663, QRS count=5
2025-10-09 10:09:29,613 [DEBUG] Accepted segment [39936:40960], variance=0.0676, QRS count=4
2025-10-09 10:09:29,617 [DEBUG] Accepted segment [40448:41472], variance=0.0587, QRS count=4
2025-10-09 10:09:29,622 [DEBUG] Accepted segment [40960:41984], variance=0.0638, QRS count=5
2025-10-09 10:09:29,626 [DEBUG] Accepted segment [41472:42496], variance=0.0685, QRS count=4
2025-10-09 10:09:29,631 [DEBUG] Accepted segment [41984:43008], variance=0.0633, QRS count=4
2025-10-09 10:09:29,636 [DEBUG] Accepted segment [42496:43520], variance=0.0641, QRS count=5
2025-10-09 10:09:29,640 [DEBUG] Accepted segment [43008:44032], variance=0.0666, QRS count=5
2025-10-09 10:09:29,645 [DEBUG] Accepted segment [43520:44544], variance=0.0613, QRS count=4
2025-10-09 10:09:29,649 [DEBUG] Accepted segment [44032:45056], variance=0.0696, QRS count=5
2025-10-09 10:09:29,654 [DEBUG] Accepted segment [44544:45568], variance=0.0793, QRS count=5
2025-10-09 10:09:29,658 [DEBUG] Accepted segment [45056:46080], variance=0.0745, QRS count=5
2025-10-09 10:09:29,663 [DEBUG] Accepted segment [45568:46592], variance=0.0689, QRS count=5
2025-10-09 10:09:29,668 [DEBUG] Accepted segment [46080:47104], variance=0.0612, QRS count=5
2025-10-09 10:09:29,672 [DEBUG] Accepted segment [46592:47616], variance=0.0675, QRS count=5
2025-10-09 10:09:29,677 [DEBUG] Accepted segment [47104:48128], variance=0.0667, QRS count=4
2025-10-09 10:09:29,681 [DEBUG] Accepted segment [47616:48640], variance=0.0650, QRS count=5
2025-10-09 10:09:29,686 [DEBUG] Accepted segment [48128:49152], variance=0.0693, QRS count=4
2025-10-09 10:09:29,691 [DEBUG] Accepted segment [48640:49664], variance=0.0693, QRS count=5
2025-10-09 10:09:29,695 [DEBUG] Accepted segment [49152:50176], variance=0.0686, QRS count=5
2025-10-09 10:09:29,700 [DEBUG] Accepted segment [49664:50688], variance=0.0699, QRS count=5
2025-10-09 10:09:29,704 [DEBUG] Accepted segment [50176:51200], variance=0.0716, QRS count=6
2025-10-09 10:09:29,708 [DEBUG] Accepted segment [50688:51712], variance=0.0602, QRS count=5
2025-10-09 10:09:29,713 [DEBUG] Accepted segment [51200:52224], variance=0.0649, QRS count=5
2025-10-09 10:09:29,717 [DEBUG] Accepted segment [51712:52736], variance=0.0633, QRS count=4
2025-10-09 10:09:29,722 [DEBUG] Accepted segment [52224:53248], variance=0.0603, QRS count=5
2025-10-09 10:09:29,727 [DEBUG] Accepted segment [52736:53760], variance=0.0668, QRS count=5
2025-10-09 10:09:29,732 [DEBUG] Accepted segment [53248:54272], variance=0.0604, QRS count=5
2025-10-09 10:09:29,736 [DEBUG] Accepted segment [53760:54784], variance=0.0667, QRS count=5
2025-10-09 10:09:29,740 [DEBUG] Accepted segment [54272:55296], variance=0.0659, QRS count=4
2025-10-09 10:09:29,745 [DEBUG] Accepted segment [54784:55808], variance=0.0629, QRS count=5
2025-10-09 10:09:29,749 [DEBUG] Accepted segment [55296:56320], variance=0.0680, QRS count=5
2025-10-09 10:09:29,754 [DEBUG] Accepted segment [55808:56832], variance=0.0606, QRS count=4
2025-10-09 10:09:29,758 [DEBUG] Accepted segment [56320:57344], variance=0.0672, QRS count=5
2025-10-09 10:09:29,763 [DEBUG] Accepted segment [56832:57856], variance=0.0676, QRS count=4
2025-10-09 10:09:29,767 [DEBUG] Accepted segment [57344:58368], variance=0.0666, QRS count=5
2025-10-09 10:09:29,772 [DEBUG] Accepted segment [57856:58880], variance=0.0669, QRS count=4
2025-10-09 10:09:29,777 [DEBUG] Accepted segment [58368:59392], variance=0.0631, QRS count=5
2025-10-09 10:09:29,781 [DEBUG] Accepted segment [58880:59904], variance=0.0658, QRS count=4
2025-10-09 10:09:29,786 [DEBUG] Accepted segment [59392:60416], variance=0.0663, QRS count=5
2025-10-09 10:09:29,791 [DEBUG] Accepted segment [59904:60928], variance=0.0609, QRS count=5
2025-10-09 10:09:29,795 [DEBUG] Accepted segment [60416:61440], variance=0.0636, QRS count=5
2025-10-09 10:09:29,800 [DEBUG] Accepted segment [60928:61952], variance=0.0645, QRS count=4
2025-10-09 10:09:29,804 [DEBUG] Accepted segment [61440:62464], variance=0.0635, QRS count=5
2025-10-09 10:09:29,809 [DEBUG] Accepted segment [61952:62976], variance=0.0681, QRS count=5
2025-10-09 10:09:29,814 [DEBUG] Accepted segment [62464:63488], variance=0.0672, QRS count=5
2025-10-09 10:09:29,818 [DEBUG] Accepted segment [62976:64000], variance=0.0674, QRS count=5
2025-10-09 10:09:29,823 [DEBUG] Accepted segment [63488:64512], variance=0.0614, QRS count=4
2025-10-09 10:09:29,827 [DEBUG] Accepted segment [64000:65024], variance=0.0665, QRS count=4
2025-10-09 10:09:29,832 [DEBUG] Accepted segment [64512:65536], variance=0.0698, QRS count=4
2025-10-09 10:09:29,836 [DEBUG] Accepted segment [65024:66048], variance=0.0600, QRS count=4
2025-10-09 10:09:29,841 [DEBUG] Accepted segment [65536:66560], variance=0.0562, QRS count=4
2025-10-09 10:09:29,845 [DEBUG] Accepted segment [66048:67072], variance=0.0646, QRS count=5
2025-10-09 10:09:29,850 [DEBUG] Accepted segment [66560:67584], variance=0.0682, QRS count=4
2025-10-09 10:09:29,854 [DEBUG] Accepted segment [67072:68096], variance=0.0609, QRS count=4
2025-10-09 10:09:29,859 [DEBUG] Accepted segment [67584:68608], variance=0.0569, QRS count=4
2025-10-09 10:09:29,863 [DEBUG] Accepted segment [68096:69120], variance=0.0652, QRS count=5
2025-10-09 10:09:29,867 [DEBUG] Accepted segment [68608:69632], variance=0.0696, QRS count=4
2025-10-09 10:09:29,872 [DEBUG] Accepted segment [69120:70144], variance=0.0609, QRS count=4
2025-10-09 10:09:29,876 [DEBUG] Accepted segment [69632:70656], variance=0.0629, QRS count=5
2025-10-09 10:09:29,881 [DEBUG] Accepted segment [70144:71168], variance=0.0675, QRS count=4
2025-10-09 10:09:29,885 [DEBUG] Accepted segment [70656:71680], variance=0.0603, QRS count=4
2025-10-09 10:09:29,889 [DEBUG] Accepted segment [71168:72192], variance=0.0674, QRS count=5
2025-10-09 10:09:29,894 [DEBUG] Accepted segment [71680:72704], variance=0.0668, QRS count=4
2025-10-09 10:09:29,898 [DEBUG] Accepted segment [72192:73216], variance=0.0556, QRS count=4
2025-10-09 10:09:29,903 [DEBUG] Accepted segment [72704:73728], variance=0.0672, QRS count=5
2025-10-09 10:09:29,907 [DEBUG] Accepted segment [73216:74240], variance=0.0669, QRS count=4
2025-10-09 10:09:29,911 [DEBUG] Accepted segment [73728:74752], variance=0.0551, QRS count=5
2025-10-09 10:09:29,916 [DEBUG] Accepted segment [74240:75264], variance=0.0668, QRS count=5
2025-10-09 10:09:29,920 [DEBUG] Accepted segment [74752:75776], variance=0.0669, QRS count=4
2025-10-09 10:09:29,925 [DEBUG] Accepted segment [75264:76288], variance=0.0631, QRS count=4
2025-10-09 10:09:29,929 [DEBUG] Accepted segment [75776:76800], variance=0.0682, QRS count=5
2025-10-09 10:09:29,933 [DEBUG] Accepted segment [76288:77312], variance=0.0602, QRS count=4
2025-10-09 10:09:29,937 [DEBUG] Accepted segment [76800:77824], variance=0.0663, QRS count=5
2025-10-09 10:09:29,942 [DEBUG] Accepted segment [77312:78336], variance=0.0746, QRS count=5
2025-10-09 10:09:29,946 [DEBUG] Accepted segment [77824:78848], variance=0.0747, QRS count=5
2025-10-09 10:09:29,951 [DEBUG] Accepted segment [78336:79360], variance=0.0700, QRS count=5
2025-10-09 10:09:29,955 [DEBUG] Accepted segment [78848:79872], variance=0.0689, QRS count=5
2025-10-09 10:09:29,960 [DEBUG] Accepted segment [79360:80384], variance=0.0664, QRS count=4
2025-10-09 10:09:29,964 [DEBUG] Accepted segment [79872:80896], variance=0.0676, QRS count=5
2025-10-09 10:09:29,968 [DEBUG] Accepted segment [80384:81408], variance=0.0665, QRS count=4
2025-10-09 10:09:29,973 [DEBUG] Accepted segment [80896:81920], variance=0.0647, QRS count=5
2025-10-09 10:09:29,977 [DEBUG] Accepted segment [81408:82432], variance=0.0655, QRS count=4
2025-10-09 10:09:29,982 [DEBUG] Accepted segment [81920:82944], variance=0.0642, QRS count=5
2025-10-09 10:09:29,986 [DEBUG] Accepted segment [82432:83456], variance=0.0676, QRS count=5
2025-10-09 10:09:29,990 [DEBUG] Accepted segment [82944:83968], variance=0.0592, QRS count=4
2025-10-09 10:09:29,994 [DEBUG] Accepted segment [83456:84480], variance=0.0646, QRS count=5
2025-10-09 10:09:29,999 [DEBUG] Accepted segment [83968:84992], variance=0.0657, QRS count=4
2025-10-09 10:09:30,003 [DEBUG] Accepted segment [84480:85504], variance=0.0633, QRS count=5
2025-10-09 10:09:30,007 [DEBUG] Accepted segment [84992:86016], variance=0.0668, QRS count=5
2025-10-09 10:09:30,011 [DEBUG] Accepted segment [85504:86528], variance=0.0680, QRS count=5
2025-10-09 10:09:30,016 [DEBUG] Accepted segment [86016:87040], variance=0.0652, QRS count=4
2025-10-09 10:09:30,020 [DEBUG] Accepted segment [86528:87552], variance=0.0649, QRS count=5
2025-10-09 10:09:30,024 [DEBUG] Accepted segment [87040:88064], variance=0.0665, QRS count=4
2025-10-09 10:09:30,028 [DEBUG] Accepted segment [87552:88576], variance=0.0640, QRS count=5
2025-10-09 10:09:30,033 [DEBUG] Accepted segment [88064:89088], variance=0.0637, QRS count=5
2025-10-09 10:09:30,037 [DEBUG] Accepted segment [88576:89600], variance=0.0630, QRS count=4
2025-10-09 10:09:30,041 [DEBUG] Accepted segment [89088:90112], variance=0.0606, QRS count=5
2025-10-09 10:09:30,045 [DEBUG] Accepted segment [89600:90624], variance=0.0560, QRS count=4
2025-10-09 10:09:30,049 [DEBUG] Accepted segment [90112:91136], variance=0.0542, QRS count=4
2025-10-09 10:09:30,053 [DEBUG] Accepted segment [90624:91648], variance=0.0615, QRS count=5
2025-10-09 10:09:30,057 [DEBUG] Accepted segment [91136:92160], variance=0.0635, QRS count=4
2025-10-09 10:09:30,062 [DEBUG] Accepted segment [91648:92672], variance=0.0539, QRS count=5
2025-10-09 10:09:30,066 [DEBUG] Accepted segment [92160:93184], variance=0.0651, QRS count=5
2025-10-09 10:09:30,070 [DEBUG] Accepted segment [92672:93696], variance=0.0662, QRS count=4
2025-10-09 10:09:30,074 [DEBUG] Accepted segment [93184:94208], variance=0.0542, QRS count=4
2025-10-09 10:09:30,079 [DEBUG] Accepted segment [93696:94720], variance=0.0644, QRS count=5
2025-10-09 10:09:30,083 [DEBUG] Accepted segment [94208:95232], variance=0.0639, QRS count=4
2025-10-09 10:09:30,087 [DEBUG] Accepted segment [94720:95744], variance=0.0533, QRS count=4
2025-10-09 10:09:30,091 [DEBUG] Accepted segment [95232:96256], variance=0.0611, QRS count=5
2025-10-09 10:09:30,095 [DEBUG] Accepted segment [95744:96768], variance=0.0647, QRS count=4
2025-10-09 10:09:30,099 [DEBUG] Accepted segment [96256:97280], variance=0.0575, QRS count=5
2025-10-09 10:09:30,104 [DEBUG] Accepted segment [96768:97792], variance=0.0637, QRS count=5
2025-10-09 10:09:30,104 [DEBUG] Skipping segment [97280:98304] due to overlap with noise [98200:101600]
2025-10-09 10:09:30,104 [DEBUG] Skipping segment [97792:98816] due to overlap with noise [98200:101600]
2025-10-09 10:09:30,104 [DEBUG] Skipping segment [98304:99328] due to overlap with noise [98200:101600]
2025-10-09 10:09:30,104 [DEBUG] Skipping segment [98816:99840] due to overlap with noise [98200:101600]
2025-10-09 10:09:30,104 [DEBUG] Skipping segment [99328:100352] due to overlap with noise [98200:101600]
2025-10-09 10:09:30,104 [DEBUG] Skipping segment [99840:100864] due to overlap with noise [98200:101600]
2025-10-09 10:09:30,104 [DEBUG] Skipping segment [100352:101376] due to overlap with noise [98200:101600]
2025-10-09 10:09:30,104 [DEBUG] Skipping segment [100864:101888] due to overlap with noise [98200:101600]
2025-10-09 10:09:30,104 [DEBUG] Skipping segment [101376:102400] due to overlap with noise [98200:101600]
2025-10-09 10:09:30,109 [DEBUG] Accepted segment [101888:102912], variance=0.0620, QRS count=5
2025-10-09 10:09:30,113 [DEBUG] Accepted segment [102400:103424], variance=0.0601, QRS count=5
2025-10-09 10:09:30,117 [DEBUG] Accepted segment [102912:103936], variance=0.0623, QRS count=4
2025-10-09 10:09:30,122 [DEBUG] Accepted segment [103424:104448], variance=0.0644, QRS count=5
2025-10-09 10:09:30,126 [DEBUG] Accepted segment [103936:104960], variance=0.0658, QRS count=5
2025-10-09 10:09:30,130 [DEBUG] Accepted segment [104448:105472], variance=0.0645, QRS count=5
2025-10-09 10:09:30,135 [DEBUG] Accepted segment [104960:105984], variance=0.0644, QRS count=5
2025-10-09 10:09:30,139 [DEBUG] Accepted segment [105472:106496], variance=0.0673, QRS count=5
2025-10-09 10:09:30,144 [DEBUG] Accepted segment [105984:107008], variance=0.0652, QRS count=5
2025-10-09 10:09:30,148 [DEBUG] Accepted segment [106496:107520], variance=0.0622, QRS count=5
2025-10-09 10:09:30,152 [DEBUG] Accepted segment [107008:108032], variance=0.0632, QRS count=4
2025-10-09 10:09:30,157 [DEBUG] Accepted segment [107520:108544], variance=0.0575, QRS count=4
2025-10-09 10:09:30,161 [DEBUG] Accepted segment [108032:109056], variance=0.0623, QRS count=5
2025-10-09 10:09:30,165 [DEBUG] Accepted segment [108544:109568], variance=0.0661, QRS count=4
2025-10-09 10:09:30,165 [DEBUG] Skipping segment [109056:110080] due to overlap with noise [110000:110800]
2025-10-09 10:09:30,165 [DEBUG] Skipping segment [109568:110592] due to overlap with noise [110000:110800]
2025-10-09 10:09:30,165 [DEBUG] Skipping segment [110080:111104] due to overlap with noise [110000:110800]
2025-10-09 10:09:30,165 [DEBUG] Skipping segment [110592:111616] due to overlap with noise [110000:110800]
2025-10-09 10:09:30,170 [DEBUG] Accepted segment [111104:112128], variance=0.0659, QRS count=5
2025-10-09 10:09:30,174 [DEBUG] Accepted segment [111616:112640], variance=0.0660, QRS count=4
2025-10-09 10:09:30,178 [DEBUG] Accepted segment [112128:113152], variance=0.0650, QRS count=5
2025-10-09 10:09:30,182 [DEBUG] Accepted segment [112640:113664], variance=0.0650, QRS count=4
2025-10-09 10:09:30,187 [DEBUG] Accepted segment [113152:114176], variance=0.0616, QRS count=5
2025-10-09 10:09:30,191 [DEBUG] Accepted segment [113664:114688], variance=0.0663, QRS count=4
2025-10-09 10:09:30,195 [DEBUG] Accepted segment [114176:115200], variance=0.0597, QRS count=4
2025-10-09 10:09:30,199 [DEBUG] Accepted segment [114688:115712], variance=0.0616, QRS count=5
2025-10-09 10:09:30,203 [DEBUG] Accepted segment [115200:116224], variance=0.0643, QRS count=4
2025-10-09 10:09:30,207 [DEBUG] Accepted segment [115712:116736], variance=0.0654, QRS count=5
2025-10-09 10:09:30,212 [DEBUG] Accepted segment [116224:117248], variance=0.0645, QRS count=5
2025-10-09 10:09:30,216 [DEBUG] Accepted segment [116736:117760], variance=0.0676, QRS count=5
2025-10-09 10:09:30,216 [DEBUG] Skipping segment [117248:118272] due to overlap with noise [118000:119600]
2025-10-09 10:09:30,216 [DEBUG] Skipping segment [117760:118784] due to overlap with noise [118000:119600]
2025-10-09 10:09:30,216 [DEBUG] Skipping segment [118272:119296] due to overlap with noise [118000:119600]
2025-10-09 10:09:30,216 [DEBUG] Skipping segment [118784:119808] due to overlap with noise [118000:119600]
2025-10-09 10:09:30,216 [DEBUG] Skipping segment [119296:120320] due to overlap with noise [118000:119600]
2025-10-09 10:09:30,220 [DEBUG] Accepted segment [119808:120832], variance=0.0673, QRS count=5
2025-10-09 10:09:30,225 [DEBUG] Accepted segment [120320:121344], variance=0.0726, QRS count=5
2025-10-09 10:09:30,230 [DEBUG] Accepted segment [120832:121856], variance=0.0690, QRS count=6
2025-10-09 10:09:30,235 [DEBUG] Accepted segment [121344:122368], variance=0.0672, QRS count=6
2025-10-09 10:09:30,239 [DEBUG] Accepted segment [121856:122880], variance=0.0585, QRS count=5
2025-10-09 10:09:30,243 [DEBUG] Accepted segment [122368:123392], variance=0.0596, QRS count=5
2025-10-09 10:09:30,247 [DEBUG] Accepted segment [122880:123904], variance=0.0629, QRS count=4
2025-10-09 10:09:30,251 [DEBUG] Accepted segment [123392:124416], variance=0.0610, QRS count=5
2025-10-09 10:09:30,256 [DEBUG] Accepted segment [123904:124928], variance=0.0617, QRS count=4
2025-10-09 10:09:30,260 [DEBUG] Accepted segment [124416:125440], variance=0.0623, QRS count=5
2025-10-09 10:09:30,264 [DEBUG] Accepted segment [124928:125952], variance=0.0606, QRS count=4
2025-10-09 10:09:30,268 [DEBUG] Accepted segment [125440:126464], variance=0.0610, QRS count=5
2025-10-09 10:09:30,273 [DEBUG] Accepted segment [125952:126976], variance=0.0600, QRS count=4
2025-10-09 10:09:30,278 [DEBUG] Accepted segment [126464:127488], variance=0.0591, QRS count=5
2025-10-09 10:09:30,278 [INFO] Segmented signal of length 127999 into 220 valid segments
2025-10-09 10:09:30,278 [DEBUG] ECG signal length: 127999, segments: 220
2025-10-09 10:09:30,278 [INFO] Total segments counted: 220
2025-10-09 10:09:30,278 [INFO] Test segments: 220
2025-10-09 10:09:30,279 [INFO] Training segments: 492, Test segments: 220
2025-10-09 10:09:30,279 [INFO] Creating TensorFlow dataset
2025-10-09 10:09:30,398 [DEBUG] Dataset created
2025-10-09 10:09:30,398 [INFO] Creating TensorFlow dataset
2025-10-09 10:09:30,442 [DEBUG] Dataset created
2025-10-09 10:09:30,442 [INFO] Steps per epoch: 15, Validation steps: 6
2025-10-09 10:09:30,443 [INFO] Validating dataset
2025-10-09 10:09:30,550 [DEBUG] Accepted segment [0:1024], variance=0.0485, QRS count=5
2025-10-09 10:09:30,555 [DEBUG] Accepted segment [512:1536], variance=0.0603, QRS count=5
2025-10-09 10:09:30,560 [DEBUG] Accepted segment [1024:2048], variance=0.0717, QRS count=5
2025-10-09 10:09:30,565 [DEBUG] Accepted segment [1536:2560], variance=0.0797, QRS count=6
2025-10-09 10:09:30,570 [DEBUG] Accepted segment [2048:3072], variance=0.0709, QRS count=6
2025-10-09 10:09:30,576 [DEBUG] Accepted segment [2560:3584], variance=0.0522, QRS count=5
2025-10-09 10:09:30,582 [DEBUG] Accepted segment [3072:4096], variance=0.0484, QRS count=5
2025-10-09 10:09:30,587 [DEBUG] Accepted segment [3584:4608], variance=0.0533, QRS count=5
2025-10-09 10:09:30,592 [DEBUG] Accepted segment [4096:5120], variance=0.0519, QRS count=6
2025-10-09 10:09:30,597 [DEBUG] Accepted segment [4608:5632], variance=0.0539, QRS count=6
2025-10-09 10:09:30,602 [DEBUG] Accepted segment [5120:6144], variance=0.0559, QRS count=5
2025-10-09 10:09:30,607 [DEBUG] Accepted segment [5632:6656], variance=0.0539, QRS count=5
2025-10-09 10:09:30,612 [DEBUG] Accepted segment [6144:7168], variance=0.0528, QRS count=5
2025-10-09 10:09:30,616 [DEBUG] Accepted segment [6656:7680], variance=0.0470, QRS count=5
2025-10-09 10:09:30,621 [DEBUG] Accepted segment [7168:8192], variance=0.0480, QRS count=5
2025-10-09 10:09:30,626 [DEBUG] Accepted segment [7680:8704], variance=0.0566, QRS count=5
2025-10-09 10:09:30,631 [DEBUG] Accepted segment [8192:9216], variance=0.0601, QRS count=5
2025-10-09 10:09:30,636 [DEBUG] Accepted segment [8704:9728], variance=0.0621, QRS count=6
2025-10-09 10:09:30,641 [DEBUG] Accepted segment [9216:10240], variance=0.0520, QRS count=5
2025-10-09 10:09:30,646 [DEBUG] Accepted segment [9728:10752], variance=0.0495, QRS count=5
2025-10-09 10:09:30,651 [DEBUG] Accepted segment [10240:11264], variance=0.0569, QRS count=5
2025-10-09 10:09:30,656 [DEBUG] Accepted segment [10752:11776], variance=0.0581, QRS count=5
2025-10-09 10:09:30,661 [DEBUG] Accepted segment [11264:12288], variance=0.0586, QRS count=6
2025-10-09 10:09:30,667 [DEBUG] Accepted segment [11776:12800], variance=0.0491, QRS count=6
2025-10-09 10:09:30,672 [DEBUG] Accepted segment [12288:13312], variance=0.0499, QRS count=5
2025-10-09 10:09:30,677 [DEBUG] Accepted segment [12800:13824], variance=0.0607, QRS count=5
2025-10-09 10:09:30,682 [DEBUG] Accepted segment [13312:14336], variance=0.0595, QRS count=5
2025-10-09 10:09:30,687 [DEBUG] Accepted segment [13824:14848], variance=0.0566, QRS count=6
2025-10-09 10:09:30,692 [DEBUG] Accepted segment [14336:15360], variance=0.0585, QRS count=6
2025-10-09 10:09:30,698 [DEBUG] Accepted segment [14848:15872], variance=0.0575, QRS count=6
2025-10-09 10:09:30,703 [DEBUG] Accepted segment [15360:16384], variance=0.0520, QRS count=5
2025-10-09 10:09:30,708 [DEBUG] Accepted segment [15872:16896], variance=0.0511, QRS count=5
2025-10-09 10:09:30,713 [DEBUG] Accepted segment [16384:17408], variance=0.0506, QRS count=5
2025-10-09 10:09:30,718 [DEBUG] Accepted segment [16896:17920], variance=0.0476, QRS count=5
2025-10-09 10:09:30,724 [DEBUG] Accepted segment [17408:18432], variance=0.0447, QRS count=5
2025-10-09 10:09:30,729 [DEBUG] Accepted segment [17920:18944], variance=0.0474, QRS count=6
2025-10-09 10:09:30,734 [DEBUG] Accepted segment [18432:19456], variance=0.0513, QRS count=6
2025-10-09 10:09:30,740 [DEBUG] Accepted segment [18944:19968], variance=0.0520, QRS count=5
2025-10-09 10:09:30,746 [DEBUG] Accepted segment [19456:20480], variance=0.0518, QRS count=5
2025-10-09 10:09:30,754 [DEBUG] Accepted segment [19968:20992], variance=0.0535, QRS count=5
2025-10-09 10:09:30,760 [DEBUG] Accepted segment [20480:21504], variance=0.0570, QRS count=5
2025-10-09 10:09:30,765 [DEBUG] Accepted segment [20992:22016], variance=0.0584, QRS count=5
2025-10-09 10:09:30,770 [DEBUG] Accepted segment [21504:22528], variance=0.0589, QRS count=5
2025-10-09 10:09:30,775 [DEBUG] Accepted segment [22016:23040], variance=0.0598, QRS count=6
2025-10-09 10:09:30,780 [DEBUG] Accepted segment [22528:23552], variance=0.0604, QRS count=6
2025-10-09 10:09:30,785 [DEBUG] Accepted segment [23040:24064], variance=0.0594, QRS count=5
2025-10-09 10:09:30,790 [DEBUG] Accepted segment [23552:24576], variance=0.0598, QRS count=6
2025-10-09 10:09:30,796 [DEBUG] Accepted segment [24064:25088], variance=0.0620, QRS count=6
2025-10-09 10:09:30,801 [DEBUG] Accepted segment [24576:25600], variance=0.1251, QRS count=6
2025-10-09 10:09:30,806 [DEBUG] Accepted segment [25088:26112], variance=0.1270, QRS count=6
2025-10-09 10:09:30,811 [DEBUG] Accepted segment [25600:26624], variance=0.0756, QRS count=6
2025-10-09 10:09:30,817 [DEBUG] Accepted segment [26112:27136], variance=0.0709, QRS count=6
2025-10-09 10:09:30,822 [DEBUG] Accepted segment [26624:27648], variance=0.0589, QRS count=6
2025-10-09 10:09:30,827 [DEBUG] Accepted segment [27136:28160], variance=0.0584, QRS count=6
2025-10-09 10:09:30,833 [DEBUG] Accepted segment [27648:28672], variance=0.0565, QRS count=6
2025-10-09 10:09:30,838 [DEBUG] Accepted segment [28160:29184], variance=0.0559, QRS count=6
2025-10-09 10:09:30,844 [DEBUG] Accepted segment [28672:29696], variance=0.0563, QRS count=6
2025-10-09 10:09:30,849 [DEBUG] Accepted segment [29184:30208], variance=0.0540, QRS count=6
2025-10-09 10:09:30,854 [DEBUG] Accepted segment [29696:30720], variance=0.0480, QRS count=6
2025-10-09 10:09:30,859 [DEBUG] Accepted segment [30208:31232], variance=0.0466, QRS count=5
2025-10-09 10:09:30,864 [DEBUG] Accepted segment [30720:31744], variance=0.0484, QRS count=5
2025-10-09 10:09:30,869 [DEBUG] Accepted segment [31232:32256], variance=0.0523, QRS count=6
2025-10-09 10:09:30,874 [DEBUG] Accepted segment [31744:32768], variance=0.0579, QRS count=6
2025-10-09 10:09:30,879 [DEBUG] Accepted segment [32256:33280], variance=0.0605, QRS count=5
2025-10-09 10:09:30,884 [DEBUG] Accepted segment [32768:33792], variance=0.0593, QRS count=5
2025-10-09 10:09:30,889 [DEBUG] Accepted segment [33280:34304], variance=0.0577, QRS count=5
2025-10-09 10:09:30,893 [DEBUG] Accepted segment [33792:34816], variance=0.0579, QRS count=6
2025-10-09 10:09:30,898 [DEBUG] Accepted segment [34304:35328], variance=0.0569, QRS count=6
2025-10-09 10:09:30,904 [DEBUG] Accepted segment [34816:35840], variance=0.0569, QRS count=6
2025-10-09 10:09:30,909 [DEBUG] Accepted segment [35328:36352], variance=0.0586, QRS count=6
2025-10-09 10:09:30,913 [DEBUG] Accepted segment [35840:36864], variance=0.0496, QRS count=6
2025-10-09 10:09:30,918 [DEBUG] Accepted segment [36352:37376], variance=0.0498, QRS count=5
2025-10-09 10:09:30,923 [DEBUG] Accepted segment [36864:37888], variance=0.0598, QRS count=5
2025-10-09 10:09:30,928 [DEBUG] Accepted segment [37376:38400], variance=0.0608, QRS count=5
2025-10-09 10:09:30,933 [DEBUG] Accepted segment [37888:38912], variance=0.0619, QRS count=5
2025-10-09 10:09:30,938 [DEBUG] Accepted segment [38400:39424], variance=0.0603, QRS count=6
2025-10-09 10:09:30,942 [DEBUG] Accepted segment [38912:39936], variance=0.0589, QRS count=6
2025-10-09 10:09:30,947 [DEBUG] Accepted segment [39424:40448], variance=0.0607, QRS count=6
2025-10-09 10:09:30,952 [DEBUG] Accepted segment [39936:40960], variance=0.0523, QRS count=6
2025-10-09 10:09:30,956 [DEBUG] Accepted segment [40448:41472], variance=0.0519, QRS count=5
2025-10-09 10:09:30,961 [DEBUG] Accepted segment [40960:41984], variance=0.0605, QRS count=5
2025-10-09 10:09:30,965 [DEBUG] Accepted segment [41472:42496], variance=0.0594, QRS count=5
2025-10-09 10:09:30,970 [DEBUG] Accepted segment [41984:43008], variance=0.0573, QRS count=6
2025-10-09 10:09:30,974 [DEBUG] Accepted segment [42496:43520], variance=0.0570, QRS count=6
2025-10-09 10:09:30,979 [DEBUG] Accepted segment [43008:44032], variance=0.0501, QRS count=5
2025-10-09 10:09:30,983 [DEBUG] Accepted segment [43520:44544], variance=0.0484, QRS count=5
2025-10-09 10:09:30,988 [DEBUG] Accepted segment [44032:45056], variance=0.0558, QRS count=5
2025-10-09 10:09:30,993 [DEBUG] Accepted segment [44544:45568], variance=0.0570, QRS count=5
2025-10-09 10:09:30,997 [DEBUG] Accepted segment [45056:46080], variance=0.0533, QRS count=5
2025-10-09 10:09:31,002 [DEBUG] Accepted segment [45568:46592], variance=0.0483, QRS count=6
2025-10-09 10:09:31,006 [DEBUG] Accepted segment [46080:47104], variance=0.0507, QRS count=6
2025-10-09 10:09:31,011 [DEBUG] Accepted segment [46592:47616], variance=0.0576, QRS count=6
2025-10-09 10:09:31,015 [DEBUG] Accepted segment [47104:48128], variance=0.0606, QRS count=6
2025-10-09 10:09:31,020 [DEBUG] Accepted segment [47616:48640], variance=0.0595, QRS count=6
2025-10-09 10:09:31,024 [DEBUG] Accepted segment [48128:49152], variance=0.0510, QRS count=6
2025-10-09 10:09:31,028 [DEBUG] Accepted segment [48640:49664], variance=0.0516, QRS count=5
2025-10-09 10:09:31,032 [DEBUG] Accepted segment [49152:50176], variance=0.0585, QRS count=5
2025-10-09 10:09:31,037 [DEBUG] Accepted segment [49664:50688], variance=0.0584, QRS count=5
2025-10-09 10:09:31,041 [DEBUG] Accepted segment [50176:51200], variance=0.0589, QRS count=6
2025-10-09 10:09:31,045 [DEBUG] Accepted segment [50688:51712], variance=0.0584, QRS count=6
2025-10-09 10:09:31,049 [DEBUG] Accepted segment [51200:52224], variance=0.0501, QRS count=5
2025-10-09 10:09:31,054 [DEBUG] Accepted segment [51712:52736], variance=0.0509, QRS count=5
2025-10-09 10:09:31,058 [DEBUG] Accepted segment [52224:53248], variance=0.0593, QRS count=5
2025-10-09 10:09:31,062 [DEBUG] Accepted segment [52736:53760], variance=0.0583, QRS count=6
2025-10-09 10:09:31,066 [DEBUG] Accepted segment [53248:54272], variance=0.0595, QRS count=5
2025-10-09 10:09:31,071 [DEBUG] Accepted segment [53760:54784], variance=0.0531, QRS count=5
2025-10-09 10:09:31,075 [DEBUG] Accepted segment [54272:55296], variance=0.0531, QRS count=5
2025-10-09 10:09:31,080 [DEBUG] Accepted segment [54784:55808], variance=0.0593, QRS count=5
2025-10-09 10:09:31,085 [DEBUG] Accepted segment [55296:56320], variance=0.0602, QRS count=5
2025-10-09 10:09:31,089 [DEBUG] Accepted segment [55808:56832], variance=0.0621, QRS count=5
2025-10-09 10:09:31,094 [DEBUG] Accepted segment [56320:57344], variance=0.0596, QRS count=5
2025-10-09 10:09:31,098 [DEBUG] Accepted segment [56832:57856], variance=0.0563, QRS count=6
2025-10-09 10:09:31,102 [DEBUG] Accepted segment [57344:58368], variance=0.0567, QRS count=6
2025-10-09 10:09:31,106 [DEBUG] Accepted segment [57856:58880], variance=0.0583, QRS count=5
2025-10-09 10:09:31,110 [DEBUG] Accepted segment [58368:59392], variance=0.0492, QRS count=5
2025-10-09 10:09:31,115 [DEBUG] Accepted segment [58880:59904], variance=0.0492, QRS count=5
2025-10-09 10:09:31,119 [DEBUG] Accepted segment [59392:60416], variance=0.0592, QRS count=5
2025-10-09 10:09:31,123 [DEBUG] Accepted segment [59904:60928], variance=0.0586, QRS count=5
2025-10-09 10:09:31,127 [DEBUG] Accepted segment [60416:61440], variance=0.0579, QRS count=6
2025-10-09 10:09:31,132 [DEBUG] Accepted segment [60928:61952], variance=0.0584, QRS count=6
2025-10-09 10:09:31,136 [DEBUG] Accepted segment [61440:62464], variance=0.0588, QRS count=5
2025-10-09 10:09:31,140 [DEBUG] Accepted segment [61952:62976], variance=0.0565, QRS count=5
2025-10-09 10:09:31,144 [DEBUG] Accepted segment [62464:63488], variance=0.0485, QRS count=6
2025-10-09 10:09:31,148 [DEBUG] Accepted segment [62976:64000], variance=0.0508, QRS count=5
2025-10-09 10:09:31,152 [DEBUG] Accepted segment [63488:64512], variance=0.0608, QRS count=5
2025-10-09 10:09:31,156 [DEBUG] Accepted segment [64000:65024], variance=0.0619, QRS count=5
2025-10-09 10:09:31,161 [DEBUG] Accepted segment [64512:65536], variance=0.0587, QRS count=5
2025-10-09 10:09:31,165 [DEBUG] Accepted segment [65024:66048], variance=0.0603, QRS count=5
2025-10-09 10:09:31,169 [DEBUG] Accepted segment [65536:66560], variance=0.0623, QRS count=5
2025-10-09 10:09:31,173 [DEBUG] Accepted segment [66048:67072], variance=0.0612, QRS count=5
2025-10-09 10:09:31,177 [DEBUG] Accepted segment [66560:67584], variance=0.0614, QRS count=6
2025-10-09 10:09:31,181 [DEBUG] Accepted segment [67072:68096], variance=0.0627, QRS count=6
2025-10-09 10:09:31,185 [DEBUG] Accepted segment [67584:68608], variance=0.0535, QRS count=5
2025-10-09 10:09:31,189 [DEBUG] Accepted segment [68096:69120], variance=0.0529, QRS count=5
2025-10-09 10:09:31,193 [DEBUG] Accepted segment [68608:69632], variance=0.0620, QRS count=5
2025-10-09 10:09:31,197 [DEBUG] Accepted segment [69120:70144], variance=0.0512, QRS count=6
2025-10-09 10:09:31,200 [DEBUG] Accepted segment [69632:70656], variance=0.0508, QRS count=5
2025-10-09 10:09:31,204 [DEBUG] Accepted segment [70144:71168], variance=0.0623, QRS count=5
2025-10-09 10:09:31,208 [DEBUG] Accepted segment [70656:71680], variance=0.0649, QRS count=5
2025-10-09 10:09:31,212 [DEBUG] Accepted segment [71168:72192], variance=0.0649, QRS count=6
2025-10-09 10:09:31,216 [DEBUG] Accepted segment [71680:72704], variance=0.0643, QRS count=6
2025-10-09 10:09:31,220 [DEBUG] Accepted segment [72192:73216], variance=0.0546, QRS count=6
2025-10-09 10:09:31,223 [DEBUG] Accepted segment [72704:73728], variance=0.0550, QRS count=5
2025-10-09 10:09:31,228 [DEBUG] Accepted segment [73216:74240], variance=0.0646, QRS count=5
2025-10-09 10:09:31,232 [DEBUG] Accepted segment [73728:74752], variance=0.0630, QRS count=5
2025-10-09 10:09:31,235 [DEBUG] Accepted segment [74240:75264], variance=0.0623, QRS count=6
2025-10-09 10:09:31,239 [DEBUG] Accepted segment [74752:75776], variance=0.0621, QRS count=6
2025-10-09 10:09:31,243 [DEBUG] Accepted segment [75264:76288], variance=0.0509, QRS count=6
2025-10-09 10:09:31,247 [DEBUG] Accepted segment [75776:76800], variance=0.0518, QRS count=5
2025-10-09 10:09:31,250 [DEBUG] Accepted segment [76288:77312], variance=0.0641, QRS count=5
2025-10-09 10:09:31,254 [DEBUG] Accepted segment [76800:77824], variance=0.0659, QRS count=5
2025-10-09 10:09:31,258 [DEBUG] Accepted segment [77312:78336], variance=0.0647, QRS count=6
2025-10-09 10:09:31,262 [DEBUG] Accepted segment [77824:78848], variance=0.0543, QRS count=5
2025-10-09 10:09:31,265 [DEBUG] Accepted segment [78336:79360], variance=0.0534, QRS count=5
2025-10-09 10:09:31,269 [DEBUG] Accepted segment [78848:79872], variance=0.0600, QRS count=5
2025-10-09 10:09:31,273 [DEBUG] Accepted segment [79360:80384], variance=0.0605, QRS count=6
2025-10-09 10:09:31,277 [DEBUG] Accepted segment [79872:80896], variance=0.0530, QRS count=5
2025-10-09 10:09:31,280 [DEBUG] Accepted segment [80384:81408], variance=0.0525, QRS count=5
2025-10-09 10:09:31,284 [DEBUG] Accepted segment [80896:81920], variance=0.0614, QRS count=5
2025-10-09 10:09:31,288 [DEBUG] Accepted segment [81408:82432], variance=0.0623, QRS count=6
2025-10-09 10:09:31,291 [DEBUG] Accepted segment [81920:82944], variance=0.0606, QRS count=5
2025-10-09 10:09:31,295 [DEBUG] Accepted segment [82432:83456], variance=0.0508, QRS count=5
2025-10-09 10:09:31,298 [DEBUG] Accepted segment [82944:83968], variance=0.0525, QRS count=5
2025-10-09 10:09:31,302 [DEBUG] Accepted segment [83456:84480], variance=0.0618, QRS count=5
2025-10-09 10:09:31,305 [DEBUG] Accepted segment [83968:84992], variance=0.0601, QRS count=5
2025-10-09 10:09:31,309 [DEBUG] Accepted segment [84480:85504], variance=0.0589, QRS count=5
2025-10-09 10:09:31,313 [DEBUG] Accepted segment [84992:86016], variance=0.0579, QRS count=6
2025-10-09 10:09:31,316 [DEBUG] Accepted segment [85504:86528], variance=0.0604, QRS count=6
2025-10-09 10:09:31,320 [DEBUG] Accepted segment [86016:87040], variance=0.0538, QRS count=5
2025-10-09 10:09:31,323 [DEBUG] Accepted segment [86528:87552], variance=0.0515, QRS count=5
2025-10-09 10:09:31,327 [DEBUG] Accepted segment [87040:88064], variance=0.0609, QRS count=5
2025-10-09 10:09:31,331 [DEBUG] Accepted segment [87552:88576], variance=0.0617, QRS count=5
2025-10-09 10:09:31,334 [DEBUG] Accepted segment [88064:89088], variance=0.0498, QRS count=5
2025-10-09 10:09:31,338 [DEBUG] Accepted segment [88576:89600], variance=0.0489, QRS count=5
2025-10-09 10:09:31,342 [DEBUG] Accepted segment [89088:90112], variance=0.0603, QRS count=5
2025-10-09 10:09:31,345 [DEBUG] Accepted segment [89600:90624], variance=0.0612, QRS count=6
2025-10-09 10:09:31,349 [DEBUG] Accepted segment [90112:91136], variance=0.0612, QRS count=6
2025-10-09 10:09:31,352 [DEBUG] Accepted segment [90624:91648], variance=0.0535, QRS count=5
2025-10-09 10:09:31,356 [DEBUG] Accepted segment [91136:92160], variance=0.0552, QRS count=5
2025-10-09 10:09:31,360 [DEBUG] Accepted segment [91648:92672], variance=0.0635, QRS count=5
2025-10-09 10:09:31,363 [DEBUG] Accepted segment [92160:93184], variance=0.0609, QRS count=5
2025-10-09 10:09:31,367 [DEBUG] Accepted segment [92672:93696], variance=0.0534, QRS count=6
2025-10-09 10:09:31,370 [DEBUG] Accepted segment [93184:94208], variance=0.0553, QRS count=5
2025-10-09 10:09:31,374 [DEBUG] Accepted segment [93696:94720], variance=0.0625, QRS count=5
2025-10-09 10:09:31,377 [DEBUG] Accepted segment [94208:95232], variance=0.0619, QRS count=5
2025-10-09 10:09:31,381 [DEBUG] Accepted segment [94720:95744], variance=0.0629, QRS count=6
2025-10-09 10:09:31,385 [DEBUG] Accepted segment [95232:96256], variance=0.0528, QRS count=5
2025-10-09 10:09:31,388 [DEBUG] Accepted segment [95744:96768], variance=0.0525, QRS count=5
2025-10-09 10:09:31,391 [DEBUG] Accepted segment [96256:97280], variance=0.0625, QRS count=5
2025-10-09 10:09:31,395 [DEBUG] Accepted segment [96768:97792], variance=0.0602, QRS count=6
2025-10-09 10:09:31,398 [DEBUG] Accepted segment [97280:98304], variance=0.0574, QRS count=6
2025-10-09 10:09:31,402 [DEBUG] Accepted segment [97792:98816], variance=0.0569, QRS count=6
2025-10-09 10:09:31,405 [DEBUG] Accepted segment [98304:99328], variance=0.0501, QRS count=6
2025-10-09 10:09:31,409 [DEBUG] Accepted segment [98816:99840], variance=0.0510, QRS count=5
2025-10-09 10:09:31,412 [DEBUG] Accepted segment [99328:100352], variance=0.0579, QRS count=5
2025-10-09 10:09:31,415 [DEBUG] Accepted segment [99840:100864], variance=0.0583, QRS count=5
2025-10-09 10:09:31,419 [DEBUG] Accepted segment [100352:101376], variance=0.0604, QRS count=5
2025-10-09 10:09:31,422 [DEBUG] Accepted segment [100864:101888], variance=0.0593, QRS count=6
2025-10-09 10:09:31,426 [DEBUG] Accepted segment [101376:102400], variance=0.0568, QRS count=6
2025-10-09 10:09:31,429 [DEBUG] Accepted segment [101888:102912], variance=0.0552, QRS count=6
2025-10-09 10:09:31,433 [DEBUG] Accepted segment [102400:103424], variance=0.0554, QRS count=6
2025-10-09 10:09:31,436 [DEBUG] Accepted segment [102912:103936], variance=0.0574, QRS count=6
2025-10-09 10:09:31,439 [DEBUG] Accepted segment [103424:104448], variance=0.0576, QRS count=5
2025-10-09 10:09:31,443 [DEBUG] Accepted segment [103936:104960], variance=0.0472, QRS count=6
2025-10-09 10:09:31,446 [DEBUG] Accepted segment [104448:105472], variance=0.0462, QRS count=5
2025-10-09 10:09:31,450 [DEBUG] Accepted segment [104960:105984], variance=0.0554, QRS count=5
2025-10-09 10:09:31,453 [DEBUG] Accepted segment [105472:106496], variance=0.0562, QRS count=5
2025-10-09 10:09:31,457 [DEBUG] Accepted segment [105984:107008], variance=0.0543, QRS count=5
2025-10-09 10:09:31,460 [DEBUG] Accepted segment [106496:107520], variance=0.0518, QRS count=5
2025-10-09 10:09:31,463 [DEBUG] Accepted segment [107008:108032], variance=0.0523, QRS count=5
2025-10-09 10:09:31,467 [DEBUG] Accepted segment [107520:108544], variance=0.0539, QRS count=5
2025-10-09 10:09:31,470 [DEBUG] Accepted segment [108032:109056], variance=0.0543, QRS count=5
2025-10-09 10:09:31,474 [DEBUG] Accepted segment [108544:109568], variance=0.0531, QRS count=6
2025-10-09 10:09:31,477 [DEBUG] Accepted segment [109056:110080], variance=0.0515, QRS count=6
2025-10-09 10:09:31,480 [DEBUG] Accepted segment [109568:110592], variance=0.0521, QRS count=6
2025-10-09 10:09:31,484 [DEBUG] Accepted segment [110080:111104], variance=0.1279, QRS count=6
2025-10-09 10:09:31,487 [DEBUG] Accepted segment [110592:111616], variance=0.1293, QRS count=5
2025-10-09 10:09:31,491 [DEBUG] Accepted segment [111104:112128], variance=0.0552, QRS count=6
2025-10-09 10:09:31,494 [DEBUG] Accepted segment [111616:112640], variance=0.0537, QRS count=6
2025-10-09 10:09:31,498 [DEBUG] Accepted segment [112128:113152], variance=0.0532, QRS count=6
2025-10-09 10:09:31,502 [DEBUG] Accepted segment [112640:113664], variance=0.0558, QRS count=6
2025-10-09 10:09:31,505 [DEBUG] Accepted segment [113152:114176], variance=0.0582, QRS count=5
2025-10-09 10:09:31,509 [DEBUG] Accepted segment [113664:114688], variance=0.0514, QRS count=6
2025-10-09 10:09:31,513 [DEBUG] Accepted segment [114176:115200], variance=0.0525, QRS count=5
2025-10-09 10:09:31,516 [DEBUG] Accepted segment [114688:115712], variance=0.0596, QRS count=5
2025-10-09 10:09:31,520 [DEBUG] Accepted segment [115200:116224], variance=0.0584, QRS count=5
2025-10-09 10:09:31,524 [DEBUG] Accepted segment [115712:116736], variance=0.0515, QRS count=6
2025-10-09 10:09:31,528 [DEBUG] Accepted segment [116224:117248], variance=0.0530, QRS count=5
2025-10-09 10:09:31,531 [DEBUG] Accepted segment [116736:117760], variance=0.0609, QRS count=5
2025-10-09 10:09:31,535 [DEBUG] Accepted segment [117248:118272], variance=0.0628, QRS count=5
2025-10-09 10:09:31,538 [DEBUG] Accepted segment [117760:118784], variance=0.0637, QRS count=6
2025-10-09 10:09:31,542 [DEBUG] Accepted segment [118272:119296], variance=0.0609, QRS count=6
2025-10-09 10:09:31,545 [DEBUG] Accepted segment [118784:119808], variance=0.0506, QRS count=6
2025-10-09 10:09:31,545 [DEBUG] Skipping segment [119296:120320] due to overlap with noise [120200:120500]
2025-10-09 10:09:31,545 [DEBUG] Skipping segment [119808:120832] due to overlap with noise [120200:120500]
2025-10-09 10:09:31,545 [DEBUG] Skipping segment [120320:121344] due to overlap with noise [120200:120500]
2025-10-09 10:09:31,549 [DEBUG] Accepted segment [120832:121856], variance=0.0428, QRS count=6
2025-10-09 10:09:31,552 [DEBUG] Accepted segment [121344:122368], variance=0.0406, QRS count=6
2025-10-09 10:09:31,556 [DEBUG] Accepted segment [121856:122880], variance=0.0365, QRS count=6
2025-10-09 10:09:31,559 [DEBUG] Accepted segment [122368:123392], variance=0.0401, QRS count=5
2025-10-09 10:09:31,563 [DEBUG] Accepted segment [122880:123904], variance=0.0464, QRS count=6
2025-10-09 10:09:31,566 [DEBUG] Accepted segment [123392:124416], variance=0.0520, QRS count=6
2025-10-09 10:09:31,570 [DEBUG] Accepted segment [123904:124928], variance=0.0439, QRS count=5
2025-10-09 10:09:31,573 [DEBUG] Accepted segment [124416:125440], variance=0.0354, QRS count=5
2025-10-09 10:09:31,577 [DEBUG] Accepted segment [124928:125952], variance=0.0386, QRS count=5
2025-10-09 10:09:31,581 [DEBUG] Accepted segment [125440:126464], variance=0.0365, QRS count=5
2025-10-09 10:09:31,584 [DEBUG] Accepted segment [125952:126976], variance=0.0365, QRS count=6
2025-10-09 10:09:31,588 [DEBUG] Accepted segment [126464:127488], variance=0.0327, QRS count=5
2025-10-09 10:09:31,591 [DEBUG] Accepted segment [126976:128000], variance=0.0324, QRS count=5
2025-10-09 10:09:31,591 [INFO] Segmented signal of length 128000 into 246 valid segments
2025-10-09 10:09:32,001 [DEBUG] Accepted segment [0:1024], variance=0.0401, QRS count=6
2025-10-09 10:09:32,005 [DEBUG] Accepted segment [512:1536], variance=0.0419, QRS count=6
2025-10-09 10:09:32,008 [DEBUG] Accepted segment [1024:2048], variance=0.0415, QRS count=6
2025-10-09 10:09:32,012 [DEBUG] Accepted segment [1536:2560], variance=0.0390, QRS count=6
2025-10-09 10:09:32,015 [DEBUG] Accepted segment [2048:3072], variance=0.0377, QRS count=6
2025-10-09 10:09:32,019 [DEBUG] Accepted segment [2560:3584], variance=0.0409, QRS count=6
2025-10-09 10:09:32,022 [DEBUG] Accepted segment [3072:4096], variance=0.0414, QRS count=5
2025-10-09 10:09:32,025 [DEBUG] Accepted segment [3584:4608], variance=0.0384, QRS count=5
2025-10-09 10:09:32,029 [DEBUG] Accepted segment [4096:5120], variance=0.0392, QRS count=5
2025-10-09 10:09:32,033 [DEBUG] Accepted segment [4608:5632], variance=0.0402, QRS count=5
2025-10-09 10:09:32,036 [DEBUG] Accepted segment [5120:6144], variance=0.0394, QRS count=5
2025-10-09 10:09:32,040 [DEBUG] Accepted segment [5632:6656], variance=0.0395, QRS count=5
2025-10-09 10:09:32,044 [DEBUG] Accepted segment [6144:7168], variance=0.0415, QRS count=5
2025-10-09 10:09:32,047 [DEBUG] Accepted segment [6656:7680], variance=0.0433, QRS count=5
2025-10-09 10:09:32,051 [DEBUG] Accepted segment [7168:8192], variance=0.0412, QRS count=5
2025-10-09 10:09:32,054 [DEBUG] Accepted segment [7680:8704], variance=0.0387, QRS count=6
2025-10-09 10:09:32,058 [DEBUG] Accepted segment [8192:9216], variance=0.0424, QRS count=6
2025-10-09 10:09:32,062 [DEBUG] Accepted segment [8704:9728], variance=0.0459, QRS count=6
2025-10-09 10:09:32,065 [DEBUG] Accepted segment [9216:10240], variance=0.0427, QRS count=5
2025-10-09 10:09:32,069 [DEBUG] Accepted segment [9728:10752], variance=0.0465, QRS count=5
2025-10-09 10:09:32,072 [DEBUG] Accepted segment [10240:11264], variance=0.0452, QRS count=6
2025-10-09 10:09:32,075 [DEBUG] Accepted segment [10752:11776], variance=0.0496, QRS count=6
2025-10-09 10:09:32,079 [DEBUG] Accepted segment [11264:12288], variance=0.0525, QRS count=6
2025-10-09 10:09:32,082 [DEBUG] Accepted segment [11776:12800], variance=0.0397, QRS count=6
2025-10-09 10:09:32,086 [DEBUG] Accepted segment [12288:13312], variance=0.0377, QRS count=6
2025-10-09 10:09:32,089 [DEBUG] Accepted segment [12800:13824], variance=0.0388, QRS count=6
2025-10-09 10:09:32,092 [DEBUG] Accepted segment [13312:14336], variance=0.0378, QRS count=6
2025-10-09 10:09:32,096 [DEBUG] Accepted segment [13824:14848], variance=0.0385, QRS count=6
2025-10-09 10:09:32,099 [DEBUG] Accepted segment [14336:15360], variance=0.0398, QRS count=6
2025-10-09 10:09:32,103 [DEBUG] Accepted segment [14848:15872], variance=0.0393, QRS count=5
2025-10-09 10:09:32,106 [DEBUG] Accepted segment [15360:16384], variance=0.0346, QRS count=6
2025-10-09 10:09:32,110 [DEBUG] Accepted segment [15872:16896], variance=0.0356, QRS count=5
2025-10-09 10:09:32,113 [DEBUG] Accepted segment [16384:17408], variance=0.0412, QRS count=5
2025-10-09 10:09:32,117 [DEBUG] Accepted segment [16896:17920], variance=0.0429, QRS count=5
2025-10-09 10:09:32,120 [DEBUG] Accepted segment [17408:18432], variance=0.0438, QRS count=5
2025-10-09 10:09:32,123 [DEBUG] Accepted segment [17920:18944], variance=0.0445, QRS count=5
2025-10-09 10:09:32,127 [DEBUG] Accepted segment [18432:19456], variance=0.0446, QRS count=5
2025-10-09 10:09:32,130 [DEBUG] Accepted segment [18944:19968], variance=0.0441, QRS count=5
2025-10-09 10:09:32,134 [DEBUG] Accepted segment [19456:20480], variance=0.0441, QRS count=5
2025-10-09 10:09:32,137 [DEBUG] Accepted segment [19968:20992], variance=0.0429, QRS count=5
2025-10-09 10:09:32,140 [DEBUG] Accepted segment [20480:21504], variance=0.0406, QRS count=5
2025-10-09 10:09:32,144 [DEBUG] Accepted segment [20992:22016], variance=0.0402, QRS count=5
2025-10-09 10:09:32,147 [DEBUG] Accepted segment [21504:22528], variance=0.0406, QRS count=5
2025-10-09 10:09:32,150 [DEBUG] Accepted segment [22016:23040], variance=0.0405, QRS count=5
2025-10-09 10:09:32,153 [DEBUG] Accepted segment [22528:23552], variance=0.0406, QRS count=5
2025-10-09 10:09:32,157 [DEBUG] Accepted segment [23040:24064], variance=0.0412, QRS count=5
2025-10-09 10:09:32,160 [DEBUG] Accepted segment [23552:24576], variance=0.0423, QRS count=5
2025-10-09 10:09:32,163 [DEBUG] Accepted segment [24064:25088], variance=0.0420, QRS count=6
2025-10-09 10:09:32,166 [DEBUG] Accepted segment [24576:25600], variance=0.0412, QRS count=6
2025-10-09 10:09:32,170 [DEBUG] Accepted segment [25088:26112], variance=0.0412, QRS count=6
2025-10-09 10:09:32,173 [DEBUG] Accepted segment [25600:26624], variance=0.0407, QRS count=6
2025-10-09 10:09:32,176 [DEBUG] Accepted segment [26112:27136], variance=0.0394, QRS count=6
2025-10-09 10:09:32,179 [DEBUG] Accepted segment [26624:27648], variance=0.0471, QRS count=6
2025-10-09 10:09:32,183 [DEBUG] Accepted segment [27136:28160], variance=0.0493, QRS count=6
2025-10-09 10:09:32,186 [DEBUG] Accepted segment [27648:28672], variance=0.0420, QRS count=6
2025-10-09 10:09:32,189 [DEBUG] Accepted segment [28160:29184], variance=0.0394, QRS count=5
2025-10-09 10:09:32,192 [DEBUG] Accepted segment [28672:29696], variance=0.0345, QRS count=5
2025-10-09 10:09:32,196 [DEBUG] Accepted segment [29184:30208], variance=0.0353, QRS count=5
2025-10-09 10:09:32,199 [DEBUG] Accepted segment [29696:30720], variance=0.0395, QRS count=5
2025-10-09 10:09:32,202 [DEBUG] Accepted segment [30208:31232], variance=0.0400, QRS count=5
2025-10-09 10:09:32,205 [DEBUG] Accepted segment [30720:31744], variance=0.0419, QRS count=5
2025-10-09 10:09:32,209 [DEBUG] Accepted segment [31232:32256], variance=0.0425, QRS count=5
2025-10-09 10:09:32,212 [DEBUG] Accepted segment [31744:32768], variance=0.0409, QRS count=5
2025-10-09 10:09:32,215 [DEBUG] Accepted segment [32256:33280], variance=0.0398, QRS count=5
2025-10-09 10:09:32,218 [DEBUG] Accepted segment [32768:33792], variance=0.0410, QRS count=5
2025-10-09 10:09:32,222 [DEBUG] Accepted segment [33280:34304], variance=0.0416, QRS count=5
2025-10-09 10:09:32,225 [DEBUG] Accepted segment [33792:34816], variance=0.0405, QRS count=5
2025-10-09 10:09:32,229 [DEBUG] Accepted segment [34304:35328], variance=0.0395, QRS count=6
2025-10-09 10:09:32,232 [DEBUG] Accepted segment [34816:35840], variance=0.0397, QRS count=6
2025-10-09 10:09:32,235 [DEBUG] Accepted segment [35328:36352], variance=0.0419, QRS count=6
2025-10-09 10:09:32,239 [DEBUG] Accepted segment [35840:36864], variance=0.0427, QRS count=6
2025-10-09 10:09:32,243 [DEBUG] Accepted segment [36352:37376], variance=0.0419, QRS count=6
2025-10-09 10:09:32,246 [DEBUG] Accepted segment [36864:37888], variance=0.0411, QRS count=6
2025-10-09 10:09:32,249 [DEBUG] Accepted segment [37376:38400], variance=0.0402, QRS count=5
2025-10-09 10:09:32,252 [DEBUG] Accepted segment [37888:38912], variance=0.0358, QRS count=6
2025-10-09 10:09:32,256 [DEBUG] Accepted segment [38400:39424], variance=0.0363, QRS count=5
2025-10-09 10:09:32,259 [DEBUG] Accepted segment [38912:39936], variance=0.0418, QRS count=5
2025-10-09 10:09:32,262 [DEBUG] Accepted segment [39424:40448], variance=0.0436, QRS count=5
2025-10-09 10:09:32,265 [DEBUG] Accepted segment [39936:40960], variance=0.0433, QRS count=5
2025-10-09 10:09:32,269 [DEBUG] Accepted segment [40448:41472], variance=0.0420, QRS count=5
2025-10-09 10:09:32,272 [DEBUG] Accepted segment [40960:41984], variance=0.0409, QRS count=5
2025-10-09 10:09:32,275 [DEBUG] Accepted segment [41472:42496], variance=0.0399, QRS count=6
2025-10-09 10:09:32,278 [DEBUG] Accepted segment [41984:43008], variance=0.0410, QRS count=6
2025-10-09 10:09:32,282 [DEBUG] Accepted segment [42496:43520], variance=0.0423, QRS count=6
2025-10-09 10:09:32,285 [DEBUG] Accepted segment [43008:44032], variance=0.0413, QRS count=6
2025-10-09 10:09:32,289 [DEBUG] Accepted segment [43520:44544], variance=0.0393, QRS count=6
2025-10-09 10:09:32,292 [DEBUG] Accepted segment [44032:45056], variance=0.0401, QRS count=6
2025-10-09 10:09:32,295 [DEBUG] Accepted segment [44544:45568], variance=0.0421, QRS count=6
2025-10-09 10:09:32,299 [DEBUG] Accepted segment [45056:46080], variance=0.0420, QRS count=6
2025-10-09 10:09:32,302 [DEBUG] Accepted segment [45568:46592], variance=0.0406, QRS count=6
2025-10-09 10:09:32,306 [DEBUG] Accepted segment [46080:47104], variance=0.0402, QRS count=6
2025-10-09 10:09:32,309 [DEBUG] Accepted segment [46592:47616], variance=0.0409, QRS count=6
2025-10-09 10:09:32,312 [DEBUG] Accepted segment [47104:48128], variance=0.0409, QRS count=6
2025-10-09 10:09:32,315 [DEBUG] Accepted segment [47616:48640], variance=0.0406, QRS count=6
2025-10-09 10:09:32,319 [DEBUG] Accepted segment [48128:49152], variance=0.0408, QRS count=5
2025-10-09 10:09:32,322 [DEBUG] Accepted segment [48640:49664], variance=0.0422, QRS count=5
2025-10-09 10:09:32,325 [DEBUG] Accepted segment [49152:50176], variance=0.0407, QRS count=5
2025-10-09 10:09:32,329 [DEBUG] Accepted segment [49664:50688], variance=0.0342, QRS count=6
2025-10-09 10:09:32,332 [DEBUG] Accepted segment [50176:51200], variance=0.0361, QRS count=5
2025-10-09 10:09:32,335 [DEBUG] Accepted segment [50688:51712], variance=0.0422, QRS count=5
2025-10-09 10:09:32,339 [DEBUG] Accepted segment [51200:52224], variance=0.0421, QRS count=5
2025-10-09 10:09:32,343 [DEBUG] Accepted segment [51712:52736], variance=0.0413, QRS count=5
2025-10-09 10:09:32,346 [DEBUG] Accepted segment [52224:53248], variance=0.0424, QRS count=5
2025-10-09 10:09:32,350 [DEBUG] Accepted segment [52736:53760], variance=0.0428, QRS count=5
2025-10-09 10:09:32,353 [DEBUG] Accepted segment [53248:54272], variance=0.0407, QRS count=6
2025-10-09 10:09:32,357 [DEBUG] Accepted segment [53760:54784], variance=0.0401, QRS count=6
2025-10-09 10:09:32,361 [DEBUG] Accepted segment [54272:55296], variance=0.0403, QRS count=6
2025-10-09 10:09:32,366 [DEBUG] Accepted segment [54784:55808], variance=0.0409, QRS count=6
2025-10-09 10:09:32,370 [DEBUG] Accepted segment [55296:56320], variance=0.0409, QRS count=5
2025-10-09 10:09:32,374 [DEBUG] Accepted segment [55808:56832], variance=0.0340, QRS count=6
2025-10-09 10:09:32,378 [DEBUG] Accepted segment [56320:57344], variance=0.0343, QRS count=5
2025-10-09 10:09:32,382 [DEBUG] Accepted segment [56832:57856], variance=0.0403, QRS count=5
2025-10-09 10:09:32,385 [DEBUG] Accepted segment [57344:58368], variance=0.0385, QRS count=5
2025-10-09 10:09:32,389 [DEBUG] Accepted segment [57856:58880], variance=0.0381, QRS count=5
2025-10-09 10:09:32,394 [DEBUG] Accepted segment [58368:59392], variance=0.0402, QRS count=5
2025-10-09 10:09:32,399 [DEBUG] Accepted segment [58880:59904], variance=0.0411, QRS count=5
2025-10-09 10:09:32,404 [DEBUG] Accepted segment [59392:60416], variance=0.0399, QRS count=5
2025-10-09 10:09:32,409 [DEBUG] Accepted segment [59904:60928], variance=0.0400, QRS count=6
2025-10-09 10:09:32,413 [DEBUG] Accepted segment [60416:61440], variance=0.0408, QRS count=6
2025-10-09 10:09:32,417 [DEBUG] Accepted segment [60928:61952], variance=0.0404, QRS count=6
2025-10-09 10:09:32,420 [DEBUG] Accepted segment [61440:62464], variance=0.0402, QRS count=6
2025-10-09 10:09:32,424 [DEBUG] Accepted segment [61952:62976], variance=0.0393, QRS count=5
2025-10-09 10:09:32,429 [DEBUG] Accepted segment [62464:63488], variance=0.0352, QRS count=6
2025-10-09 10:09:32,432 [DEBUG] Accepted segment [62976:64000], variance=0.0403, QRS count=5
2025-10-09 10:09:32,436 [DEBUG] Accepted segment [63488:64512], variance=0.0450, QRS count=6
2025-10-09 10:09:32,440 [DEBUG] Accepted segment [64000:65024], variance=0.0414, QRS count=6
2025-10-09 10:09:32,444 [DEBUG] Accepted segment [64512:65536], variance=0.0425, QRS count=6
2025-10-09 10:09:32,448 [DEBUG] Accepted segment [65024:66048], variance=0.0414, QRS count=6
2025-10-09 10:09:32,452 [DEBUG] Accepted segment [65536:66560], variance=0.0358, QRS count=6
2025-10-09 10:09:32,455 [DEBUG] Accepted segment [66048:67072], variance=0.0355, QRS count=6
2025-10-09 10:09:32,459 [DEBUG] Accepted segment [66560:67584], variance=0.0398, QRS count=5
2025-10-09 10:09:32,463 [DEBUG] Accepted segment [67072:68096], variance=0.0410, QRS count=5
2025-10-09 10:09:32,467 [DEBUG] Accepted segment [67584:68608], variance=0.0393, QRS count=5
2025-10-09 10:09:32,471 [DEBUG] Accepted segment [68096:69120], variance=0.0400, QRS count=5
2025-10-09 10:09:32,475 [DEBUG] Accepted segment [68608:69632], variance=0.0419, QRS count=5
2025-10-09 10:09:32,480 [DEBUG] Accepted segment [69120:70144], variance=0.0409, QRS count=5
2025-10-09 10:09:32,485 [DEBUG] Accepted segment [69632:70656], variance=0.0407, QRS count=5
2025-10-09 10:09:32,489 [DEBUG] Accepted segment [70144:71168], variance=0.0428, QRS count=6
2025-10-09 10:09:32,493 [DEBUG] Accepted segment [70656:71680], variance=0.0434, QRS count=6
2025-10-09 10:09:32,497 [DEBUG] Accepted segment [71168:72192], variance=0.1024, QRS count=6
2025-10-09 10:09:32,500 [DEBUG] Accepted segment [71680:72704], variance=0.1012, QRS count=6
2025-10-09 10:09:32,504 [DEBUG] Accepted segment [72192:73216], variance=0.0421, QRS count=6
2025-10-09 10:09:32,508 [DEBUG] Accepted segment [72704:73728], variance=0.0443, QRS count=6
2025-10-09 10:09:32,512 [DEBUG] Accepted segment [73216:74240], variance=0.0363, QRS count=5
2025-10-09 10:09:32,518 [DEBUG] Accepted segment [73728:74752], variance=0.0346, QRS count=5
2025-10-09 10:09:32,525 [DEBUG] Accepted segment [74240:75264], variance=0.0419, QRS count=5
2025-10-09 10:09:32,531 [DEBUG] Accepted segment [74752:75776], variance=0.0424, QRS count=5
2025-10-09 10:09:32,536 [DEBUG] Accepted segment [75264:76288], variance=0.0417, QRS count=6
2025-10-09 10:09:32,540 [DEBUG] Accepted segment [75776:76800], variance=0.0351, QRS count=5
2025-10-09 10:09:32,544 [DEBUG] Accepted segment [76288:77312], variance=0.0362, QRS count=5
2025-10-09 10:09:32,548 [DEBUG] Accepted segment [76800:77824], variance=0.0426, QRS count=5
2025-10-09 10:09:32,552 [DEBUG] Accepted segment [77312:78336], variance=0.0413, QRS count=5
2025-10-09 10:09:32,556 [DEBUG] Accepted segment [77824:78848], variance=0.0425, QRS count=6
2025-10-09 10:09:32,560 [DEBUG] Accepted segment [78336:79360], variance=0.0376, QRS count=6
2025-10-09 10:09:32,564 [DEBUG] Accepted segment [78848:79872], variance=0.0357, QRS count=5
2025-10-09 10:09:32,568 [DEBUG] Accepted segment [79360:80384], variance=0.0419, QRS count=5
2025-10-09 10:09:32,572 [DEBUG] Accepted segment [79872:80896], variance=0.0437, QRS count=5
2025-10-09 10:09:32,576 [DEBUG] Accepted segment [80384:81408], variance=0.0438, QRS count=6
2025-10-09 10:09:32,579 [DEBUG] Accepted segment [80896:81920], variance=0.0365, QRS count=5
2025-10-09 10:09:32,583 [DEBUG] Accepted segment [81408:82432], variance=0.0377, QRS count=5
2025-10-09 10:09:32,587 [DEBUG] Accepted segment [81920:82944], variance=0.0453, QRS count=5
2025-10-09 10:09:32,591 [DEBUG] Accepted segment [82432:83456], variance=0.0444, QRS count=5
2025-10-09 10:09:32,595 [DEBUG] Accepted segment [82944:83968], variance=0.0439, QRS count=6
2025-10-09 10:09:32,599 [DEBUG] Accepted segment [83456:84480], variance=0.0381, QRS count=6
2025-10-09 10:09:32,603 [DEBUG] Accepted segment [83968:84992], variance=0.0375, QRS count=5
2025-10-09 10:09:32,607 [DEBUG] Accepted segment [84480:85504], variance=0.0438, QRS count=5
2025-10-09 10:09:32,611 [DEBUG] Accepted segment [84992:86016], variance=0.0450, QRS count=5
2025-10-09 10:09:32,615 [DEBUG] Accepted segment [85504:86528], variance=0.0438, QRS count=6
2025-10-09 10:09:32,619 [DEBUG] Accepted segment [86016:87040], variance=0.0395, QRS count=6
2025-10-09 10:09:32,623 [DEBUG] Accepted segment [86528:87552], variance=0.0371, QRS count=6
2025-10-09 10:09:32,627 [DEBUG] Accepted segment [87040:88064], variance=0.0333, QRS count=5
2025-10-09 10:09:32,631 [DEBUG] Accepted segment [87552:88576], variance=0.0367, QRS count=5
2025-10-09 10:09:32,636 [DEBUG] Accepted segment [88064:89088], variance=0.0441, QRS count=6
2025-10-09 10:09:32,640 [DEBUG] Accepted segment [88576:89600], variance=0.0408, QRS count=5
2025-10-09 10:09:32,644 [DEBUG] Accepted segment [89088:90112], variance=0.0355, QRS count=5
2025-10-09 10:09:32,649 [DEBUG] Accepted segment [89600:90624], variance=0.0369, QRS count=5
2025-10-09 10:09:32,653 [DEBUG] Accepted segment [90112:91136], variance=0.0406, QRS count=5
2025-10-09 10:09:32,657 [DEBUG] Accepted segment [90624:91648], variance=0.0398, QRS count=5
2025-10-09 10:09:32,661 [DEBUG] Accepted segment [91136:92160], variance=0.0410, QRS count=5
2025-10-09 10:09:32,666 [DEBUG] Accepted segment [91648:92672], variance=0.0432, QRS count=5
2025-10-09 10:09:32,670 [DEBUG] Accepted segment [92160:93184], variance=0.0428, QRS count=6
2025-10-09 10:09:32,674 [DEBUG] Accepted segment [92672:93696], variance=0.1231, QRS count=6
2025-10-09 10:09:32,679 [DEBUG] Accepted segment [93184:94208], variance=0.1247, QRS count=6
2025-10-09 10:09:32,683 [DEBUG] Accepted segment [93696:94720], variance=0.0461, QRS count=6
2025-10-09 10:09:32,687 [DEBUG] Accepted segment [94208:95232], variance=0.0474, QRS count=6
2025-10-09 10:09:32,691 [DEBUG] Accepted segment [94720:95744], variance=0.0470, QRS count=6
2025-10-09 10:09:32,696 [DEBUG] Accepted segment [95232:96256], variance=0.0389, QRS count=5
2025-10-09 10:09:32,700 [DEBUG] Accepted segment [95744:96768], variance=0.0370, QRS count=5
2025-10-09 10:09:32,704 [DEBUG] Accepted segment [96256:97280], variance=0.0435, QRS count=5
2025-10-09 10:09:32,708 [DEBUG] Accepted segment [96768:97792], variance=0.0446, QRS count=6
2025-10-09 10:09:32,713 [DEBUG] Accepted segment [97280:98304], variance=0.0436, QRS count=5
2025-10-09 10:09:32,717 [DEBUG] Accepted segment [97792:98816], variance=0.0419, QRS count=5
2025-10-09 10:09:32,721 [DEBUG] Accepted segment [98304:99328], variance=0.0424, QRS count=5
2025-10-09 10:09:32,726 [DEBUG] Accepted segment [98816:99840], variance=0.0469, QRS count=5
2025-10-09 10:09:32,730 [DEBUG] Accepted segment [99328:100352], variance=0.0437, QRS count=5
2025-10-09 10:09:32,735 [DEBUG] Accepted segment [99840:100864], variance=0.0338, QRS count=6
2025-10-09 10:09:32,739 [DEBUG] Accepted segment [100352:101376], variance=0.0349, QRS count=6
2025-10-09 10:09:32,743 [DEBUG] Accepted segment [100864:101888], variance=0.0390, QRS count=5
2025-10-09 10:09:32,747 [DEBUG] Accepted segment [101376:102400], variance=0.0407, QRS count=5
2025-10-09 10:09:32,751 [DEBUG] Accepted segment [101888:102912], variance=0.0429, QRS count=5
2025-10-09 10:09:32,756 [DEBUG] Accepted segment [102400:103424], variance=0.0422, QRS count=5
2025-10-09 10:09:32,760 [DEBUG] Accepted segment [102912:103936], variance=0.0401, QRS count=6
2025-10-09 10:09:32,765 [DEBUG] Accepted segment [103424:104448], variance=0.0405, QRS count=6
2025-10-09 10:09:32,769 [DEBUG] Accepted segment [103936:104960], variance=0.0415, QRS count=6
2025-10-09 10:09:32,774 [DEBUG] Accepted segment [104448:105472], variance=0.0408, QRS count=6
2025-10-09 10:09:32,778 [DEBUG] Accepted segment [104960:105984], variance=0.0404, QRS count=6
2025-10-09 10:09:32,778 [DEBUG] Skipping segment [105472:106496] due to overlap with noise [106400:107000]
2025-10-09 10:09:32,778 [DEBUG] Skipping segment [105984:107008] due to overlap with noise [106400:107000]
2025-10-09 10:09:32,778 [DEBUG] Skipping segment [106496:107520] due to overlap with noise [106400:107000]
2025-10-09 10:09:32,782 [DEBUG] Accepted segment [107008:108032], variance=0.0702, QRS count=6
2025-10-09 10:09:32,787 [DEBUG] Accepted segment [107520:108544], variance=0.0616, QRS count=6
2025-10-09 10:09:32,791 [DEBUG] Accepted segment [108032:109056], variance=0.0688, QRS count=7
2025-10-09 10:09:32,796 [DEBUG] Accepted segment [108544:109568], variance=0.0644, QRS count=6
2025-10-09 10:09:32,800 [DEBUG] Accepted segment [109056:110080], variance=0.0488, QRS count=6
2025-10-09 10:09:32,805 [DEBUG] Accepted segment [109568:110592], variance=0.0477, QRS count=6
2025-10-09 10:09:32,809 [DEBUG] Accepted segment [110080:111104], variance=0.0440, QRS count=6
2025-10-09 10:09:32,814 [DEBUG] Accepted segment [110592:111616], variance=0.0451, QRS count=7
2025-10-09 10:09:32,818 [DEBUG] Accepted segment [111104:112128], variance=0.0552, QRS count=6
2025-10-09 10:09:32,822 [DEBUG] Accepted segment [111616:112640], variance=0.0556, QRS count=6
2025-10-09 10:09:32,827 [DEBUG] Accepted segment [112128:113152], variance=0.0543, QRS count=6
2025-10-09 10:09:32,831 [DEBUG] Accepted segment [112640:113664], variance=0.0555, QRS count=6
2025-10-09 10:09:32,835 [DEBUG] Accepted segment [113152:114176], variance=0.0560, QRS count=5
2025-10-09 10:09:32,840 [DEBUG] Accepted segment [113664:114688], variance=0.0558, QRS count=5
2025-10-09 10:09:32,844 [DEBUG] Accepted segment [114176:115200], variance=0.0667, QRS count=5
2025-10-09 10:09:32,848 [DEBUG] Accepted segment [114688:115712], variance=0.0741, QRS count=6
2025-10-09 10:09:32,853 [DEBUG] Accepted segment [115200:116224], variance=0.0637, QRS count=6
2025-10-09 10:09:32,857 [DEBUG] Accepted segment [115712:116736], variance=0.0559, QRS count=6
2025-10-09 10:09:32,861 [DEBUG] Accepted segment [116224:117248], variance=0.0528, QRS count=6
2025-10-09 10:09:32,866 [DEBUG] Accepted segment [116736:117760], variance=0.0522, QRS count=5
2025-10-09 10:09:32,870 [DEBUG] Accepted segment [117248:118272], variance=0.0472, QRS count=6
2025-10-09 10:09:32,876 [DEBUG] Accepted segment [117760:118784], variance=0.0471, QRS count=5
2025-10-09 10:09:32,882 [DEBUG] Accepted segment [118272:119296], variance=0.0569, QRS count=5
2025-10-09 10:09:32,887 [DEBUG] Accepted segment [118784:119808], variance=0.0603, QRS count=5
2025-10-09 10:09:32,893 [DEBUG] Accepted segment [119296:120320], variance=0.0607, QRS count=5
2025-10-09 10:09:32,898 [DEBUG] Accepted segment [119808:120832], variance=0.0601, QRS count=6
2025-10-09 10:09:32,902 [DEBUG] Accepted segment [120320:121344], variance=0.0600, QRS count=6
2025-10-09 10:09:32,908 [DEBUG] Accepted segment [120832:121856], variance=0.0599, QRS count=6
2025-10-09 10:09:32,913 [DEBUG] Accepted segment [121344:122368], variance=0.0489, QRS count=5
2025-10-09 10:09:32,918 [DEBUG] Accepted segment [121856:122880], variance=0.0471, QRS count=5
2025-10-09 10:09:32,923 [DEBUG] Accepted segment [122368:123392], variance=0.0592, QRS count=5
2025-10-09 10:09:32,928 [DEBUG] Accepted segment [122880:123904], variance=0.0606, QRS count=5
2025-10-09 10:09:32,933 [DEBUG] Accepted segment [123392:124416], variance=0.0582, QRS count=5
2025-10-09 10:09:32,938 [DEBUG] Accepted segment [123904:124928], variance=0.0582, QRS count=6
2025-10-09 10:09:32,943 [DEBUG] Accepted segment [124416:125440], variance=0.0592, QRS count=6
2025-10-09 10:09:32,948 [DEBUG] Accepted segment [124928:125952], variance=0.0585, QRS count=5
2025-10-09 10:09:32,953 [DEBUG] Accepted segment [125440:126464], variance=0.0485, QRS count=5
2025-10-09 10:09:32,959 [DEBUG] Accepted segment [125952:126976], variance=0.0503, QRS count=5
2025-10-09 10:09:32,965 [DEBUG] Accepted segment [126464:127488], variance=0.0614, QRS count=5
2025-10-09 10:09:32,970 [DEBUG] Accepted segment [126976:128000], variance=0.0608, QRS count=5
2025-10-09 10:09:32,970 [INFO] Segmented signal of length 128000 into 246 valid segments
2025-10-09 10:09:33,529 [DEBUG] Accepted segment [0:1024], variance=0.0485, QRS count=5
2025-10-09 10:09:33,534 [DEBUG] Accepted segment [512:1536], variance=0.0603, QRS count=5
2025-10-09 10:09:33,540 [DEBUG] Accepted segment [1024:2048], variance=0.0717, QRS count=5
2025-10-09 10:09:33,545 [DEBUG] Accepted segment [1536:2560], variance=0.0797, QRS count=6
2025-10-09 10:09:33,550 [DEBUG] Accepted segment [2048:3072], variance=0.0709, QRS count=6
2025-10-09 10:09:33,555 [DEBUG] Accepted segment [2560:3584], variance=0.0522, QRS count=5
2025-10-09 10:09:33,559 [DEBUG] Accepted segment [3072:4096], variance=0.0484, QRS count=5
2025-10-09 10:09:33,564 [DEBUG] Accepted segment [3584:4608], variance=0.0533, QRS count=5
2025-10-09 10:09:33,569 [DEBUG] Accepted segment [4096:5120], variance=0.0519, QRS count=6
2025-10-09 10:09:33,574 [DEBUG] Accepted segment [4608:5632], variance=0.0539, QRS count=6
2025-10-09 10:09:33,578 [DEBUG] Accepted segment [5120:6144], variance=0.0559, QRS count=5
2025-10-09 10:09:33,583 [DEBUG] Accepted segment [5632:6656], variance=0.0539, QRS count=5
2025-10-09 10:09:33,588 [DEBUG] Accepted segment [6144:7168], variance=0.0528, QRS count=5
2025-10-09 10:09:33,593 [DEBUG] Accepted segment [6656:7680], variance=0.0470, QRS count=5
2025-10-09 10:09:33,597 [DEBUG] Accepted segment [7168:8192], variance=0.0480, QRS count=5
2025-10-09 10:09:33,602 [DEBUG] Accepted segment [7680:8704], variance=0.0566, QRS count=5
2025-10-09 10:09:33,608 [DEBUG] Accepted segment [8192:9216], variance=0.0601, QRS count=5
2025-10-09 10:09:33,613 [DEBUG] Accepted segment [8704:9728], variance=0.0621, QRS count=6
2025-10-09 10:09:33,618 [DEBUG] Accepted segment [9216:10240], variance=0.0520, QRS count=5
2025-10-09 10:09:33,623 [DEBUG] Accepted segment [9728:10752], variance=0.0495, QRS count=5
2025-10-09 10:09:33,628 [DEBUG] Accepted segment [10240:11264], variance=0.0569, QRS count=5
2025-10-09 10:09:33,632 [DEBUG] Accepted segment [10752:11776], variance=0.0581, QRS count=5
2025-10-09 10:09:33,637 [DEBUG] Accepted segment [11264:12288], variance=0.0586, QRS count=6
2025-10-09 10:09:33,642 [DEBUG] Accepted segment [11776:12800], variance=0.0491, QRS count=6
2025-10-09 10:09:33,647 [DEBUG] Accepted segment [12288:13312], variance=0.0499, QRS count=5
2025-10-09 10:09:33,651 [DEBUG] Accepted segment [12800:13824], variance=0.0607, QRS count=5
2025-10-09 10:09:33,656 [DEBUG] Accepted segment [13312:14336], variance=0.0595, QRS count=5
2025-10-09 10:09:33,661 [DEBUG] Accepted segment [13824:14848], variance=0.0566, QRS count=6
2025-10-09 10:09:33,666 [DEBUG] Accepted segment [14336:15360], variance=0.0585, QRS count=6
2025-10-09 10:09:33,671 [DEBUG] Accepted segment [14848:15872], variance=0.0575, QRS count=6
2025-10-09 10:09:33,676 [DEBUG] Accepted segment [15360:16384], variance=0.0520, QRS count=5
2025-10-09 10:09:33,681 [DEBUG] Accepted segment [15872:16896], variance=0.0511, QRS count=5
2025-10-09 10:09:33,686 [DEBUG] Accepted segment [16384:17408], variance=0.0506, QRS count=5
2025-10-09 10:09:33,691 [DEBUG] Accepted segment [16896:17920], variance=0.0476, QRS count=5
2025-10-09 10:09:33,696 [DEBUG] Accepted segment [17408:18432], variance=0.0447, QRS count=5
2025-10-09 10:09:33,701 [DEBUG] Accepted segment [17920:18944], variance=0.0474, QRS count=6
2025-10-09 10:09:33,706 [DEBUG] Accepted segment [18432:19456], variance=0.0513, QRS count=6
2025-10-09 10:09:33,711 [DEBUG] Accepted segment [18944:19968], variance=0.0520, QRS count=5
2025-10-09 10:09:33,716 [DEBUG] Accepted segment [19456:20480], variance=0.0518, QRS count=5
2025-10-09 10:09:33,721 [DEBUG] Accepted segment [19968:20992], variance=0.0535, QRS count=5
2025-10-09 10:09:33,726 [DEBUG] Accepted segment [20480:21504], variance=0.0570, QRS count=5
2025-10-09 10:09:33,731 [DEBUG] Accepted segment [20992:22016], variance=0.0584, QRS count=5
2025-10-09 10:09:33,736 [DEBUG] Accepted segment [21504:22528], variance=0.0589, QRS count=5
2025-10-09 10:09:33,740 [DEBUG] Accepted segment [22016:23040], variance=0.0598, QRS count=6
2025-10-09 10:09:33,745 [DEBUG] Accepted segment [22528:23552], variance=0.0604, QRS count=6
2025-10-09 10:09:33,749 [DEBUG] Accepted segment [23040:24064], variance=0.0594, QRS count=5
2025-10-09 10:09:33,754 [DEBUG] Accepted segment [23552:24576], variance=0.0598, QRS count=6
2025-10-09 10:09:33,759 [DEBUG] Accepted segment [24064:25088], variance=0.0620, QRS count=6
2025-10-09 10:09:33,763 [DEBUG] Accepted segment [24576:25600], variance=0.1251, QRS count=6
2025-10-09 10:09:33,768 [DEBUG] Accepted segment [25088:26112], variance=0.1270, QRS count=6
2025-10-09 10:09:33,772 [DEBUG] Accepted segment [25600:26624], variance=0.0756, QRS count=6
2025-10-09 10:09:33,777 [DEBUG] Accepted segment [26112:27136], variance=0.0709, QRS count=6
2025-10-09 10:09:33,782 [DEBUG] Accepted segment [26624:27648], variance=0.0589, QRS count=6
2025-10-09 10:09:33,786 [DEBUG] Accepted segment [27136:28160], variance=0.0584, QRS count=6
2025-10-09 10:09:33,791 [DEBUG] Accepted segment [27648:28672], variance=0.0565, QRS count=6
2025-10-09 10:09:33,795 [DEBUG] Accepted segment [28160:29184], variance=0.0559, QRS count=6
2025-10-09 10:09:33,800 [DEBUG] Accepted segment [28672:29696], variance=0.0563, QRS count=6
2025-10-09 10:09:33,804 [DEBUG] Accepted segment [29184:30208], variance=0.0540, QRS count=6
2025-10-09 10:09:33,809 [DEBUG] Accepted segment [29696:30720], variance=0.0480, QRS count=6
2025-10-09 10:09:33,813 [DEBUG] Accepted segment [30208:31232], variance=0.0466, QRS count=5
2025-10-09 10:09:33,818 [DEBUG] Accepted segment [30720:31744], variance=0.0484, QRS count=5
2025-10-09 10:09:33,822 [DEBUG] Accepted segment [31232:32256], variance=0.0523, QRS count=6
2025-10-09 10:09:33,827 [DEBUG] Accepted segment [31744:32768], variance=0.0579, QRS count=6
2025-10-09 10:09:33,831 [DEBUG] Accepted segment [32256:33280], variance=0.0605, QRS count=5
2025-10-09 10:09:33,836 [DEBUG] Accepted segment [32768:33792], variance=0.0593, QRS count=5
2025-10-09 10:09:33,840 [DEBUG] Accepted segment [33280:34304], variance=0.0577, QRS count=5
2025-10-09 10:09:33,845 [DEBUG] Accepted segment [33792:34816], variance=0.0579, QRS count=6
2025-10-09 10:09:33,849 [DEBUG] Accepted segment [34304:35328], variance=0.0569, QRS count=6
2025-10-09 10:09:33,854 [DEBUG] Accepted segment [34816:35840], variance=0.0569, QRS count=6
2025-10-09 10:09:33,859 [DEBUG] Accepted segment [35328:36352], variance=0.0586, QRS count=6
2025-10-09 10:09:33,863 [DEBUG] Accepted segment [35840:36864], variance=0.0496, QRS count=6
2025-10-09 10:09:33,868 [DEBUG] Accepted segment [36352:37376], variance=0.0498, QRS count=5
2025-10-09 10:09:33,873 [DEBUG] Accepted segment [36864:37888], variance=0.0598, QRS count=5
2025-10-09 10:09:33,878 [DEBUG] Accepted segment [37376:38400], variance=0.0608, QRS count=5
2025-10-09 10:09:33,882 [DEBUG] Accepted segment [37888:38912], variance=0.0619, QRS count=5
2025-10-09 10:09:33,887 [DEBUG] Accepted segment [38400:39424], variance=0.0603, QRS count=6
2025-10-09 10:09:33,891 [DEBUG] Accepted segment [38912:39936], variance=0.0589, QRS count=6
2025-10-09 10:09:33,896 [DEBUG] Accepted segment [39424:40448], variance=0.0607, QRS count=6
2025-10-09 10:09:33,901 [DEBUG] Accepted segment [39936:40960], variance=0.0523, QRS count=6
2025-10-09 10:09:33,905 [DEBUG] Accepted segment [40448:41472], variance=0.0519, QRS count=5
2025-10-09 10:09:33,910 [DEBUG] Accepted segment [40960:41984], variance=0.0605, QRS count=5
2025-10-09 10:09:33,914 [DEBUG] Accepted segment [41472:42496], variance=0.0594, QRS count=5
2025-10-09 10:09:33,919 [DEBUG] Accepted segment [41984:43008], variance=0.0573, QRS count=6
2025-10-09 10:09:33,924 [DEBUG] Accepted segment [42496:43520], variance=0.0570, QRS count=6
2025-10-09 10:09:33,928 [DEBUG] Accepted segment [43008:44032], variance=0.0501, QRS count=5
2025-10-09 10:09:33,933 [DEBUG] Accepted segment [43520:44544], variance=0.0484, QRS count=5
2025-10-09 10:09:33,938 [DEBUG] Accepted segment [44032:45056], variance=0.0558, QRS count=5
2025-10-09 10:09:33,943 [DEBUG] Accepted segment [44544:45568], variance=0.0570, QRS count=5
2025-10-09 10:09:33,947 [DEBUG] Accepted segment [45056:46080], variance=0.0533, QRS count=5
2025-10-09 10:09:33,952 [DEBUG] Accepted segment [45568:46592], variance=0.0483, QRS count=6
2025-10-09 10:09:33,957 [DEBUG] Accepted segment [46080:47104], variance=0.0507, QRS count=6
2025-10-09 10:09:33,961 [DEBUG] Accepted segment [46592:47616], variance=0.0576, QRS count=6
2025-10-09 10:09:33,966 [DEBUG] Accepted segment [47104:48128], variance=0.0606, QRS count=6
2025-10-09 10:09:33,970 [DEBUG] Accepted segment [47616:48640], variance=0.0595, QRS count=6
2025-10-09 10:09:33,975 [DEBUG] Accepted segment [48128:49152], variance=0.0510, QRS count=6
2025-10-09 10:09:33,979 [DEBUG] Accepted segment [48640:49664], variance=0.0516, QRS count=5
2025-10-09 10:09:33,984 [DEBUG] Accepted segment [49152:50176], variance=0.0585, QRS count=5
2025-10-09 10:09:33,989 [DEBUG] Accepted segment [49664:50688], variance=0.0584, QRS count=5
2025-10-09 10:09:33,993 [DEBUG] Accepted segment [50176:51200], variance=0.0589, QRS count=6
2025-10-09 10:09:33,998 [DEBUG] Accepted segment [50688:51712], variance=0.0584, QRS count=6
2025-10-09 10:09:34,003 [DEBUG] Accepted segment [51200:52224], variance=0.0501, QRS count=5
2025-10-09 10:09:34,007 [DEBUG] Accepted segment [51712:52736], variance=0.0509, QRS count=5
2025-10-09 10:09:34,012 [DEBUG] Accepted segment [52224:53248], variance=0.0593, QRS count=5
2025-10-09 10:09:34,016 [DEBUG] Accepted segment [52736:53760], variance=0.0583, QRS count=6
2025-10-09 10:09:34,021 [DEBUG] Accepted segment [53248:54272], variance=0.0595, QRS count=5
2025-10-09 10:09:34,025 [DEBUG] Accepted segment [53760:54784], variance=0.0531, QRS count=5
2025-10-09 10:09:34,030 [DEBUG] Accepted segment [54272:55296], variance=0.0531, QRS count=5
2025-10-09 10:09:34,035 [DEBUG] Accepted segment [54784:55808], variance=0.0593, QRS count=5
2025-10-09 10:09:34,039 [DEBUG] Accepted segment [55296:56320], variance=0.0602, QRS count=5
2025-10-09 10:09:34,044 [DEBUG] Accepted segment [55808:56832], variance=0.0621, QRS count=5
2025-10-09 10:09:34,048 [DEBUG] Accepted segment [56320:57344], variance=0.0596, QRS count=5
2025-10-09 10:09:34,053 [DEBUG] Accepted segment [56832:57856], variance=0.0563, QRS count=6
2025-10-09 10:09:34,058 [DEBUG] Accepted segment [57344:58368], variance=0.0567, QRS count=6
2025-10-09 10:09:34,062 [DEBUG] Accepted segment [57856:58880], variance=0.0583, QRS count=5
2025-10-09 10:09:34,067 [DEBUG] Accepted segment [58368:59392], variance=0.0492, QRS count=5
2025-10-09 10:09:34,072 [DEBUG] Accepted segment [58880:59904], variance=0.0492, QRS count=5
2025-10-09 10:09:34,076 [DEBUG] Accepted segment [59392:60416], variance=0.0592, QRS count=5
2025-10-09 10:09:34,081 [DEBUG] Accepted segment [59904:60928], variance=0.0586, QRS count=5
2025-10-09 10:09:34,085 [DEBUG] Accepted segment [60416:61440], variance=0.0579, QRS count=6
2025-10-09 10:09:34,090 [DEBUG] Accepted segment [60928:61952], variance=0.0584, QRS count=6
2025-10-09 10:09:34,094 [DEBUG] Accepted segment [61440:62464], variance=0.0588, QRS count=5
2025-10-09 10:09:34,099 [DEBUG] Accepted segment [61952:62976], variance=0.0565, QRS count=5
2025-10-09 10:09:34,103 [DEBUG] Accepted segment [62464:63488], variance=0.0485, QRS count=6
2025-10-09 10:09:34,108 [DEBUG] Accepted segment [62976:64000], variance=0.0508, QRS count=5
2025-10-09 10:09:34,113 [DEBUG] Accepted segment [63488:64512], variance=0.0608, QRS count=5
2025-10-09 10:09:34,118 [DEBUG] Accepted segment [64000:65024], variance=0.0619, QRS count=5
2025-10-09 10:09:34,123 [DEBUG] Accepted segment [64512:65536], variance=0.0587, QRS count=5
2025-10-09 10:09:34,128 [DEBUG] Accepted segment [65024:66048], variance=0.0603, QRS count=5
2025-10-09 10:09:34,132 [DEBUG] Accepted segment [65536:66560], variance=0.0623, QRS count=5
2025-10-09 10:09:34,137 [DEBUG] Accepted segment [66048:67072], variance=0.0612, QRS count=5
2025-10-09 10:09:34,142 [DEBUG] Accepted segment [66560:67584], variance=0.0614, QRS count=6
2025-10-09 10:09:34,147 [DEBUG] Accepted segment [67072:68096], variance=0.0627, QRS count=6
2025-10-09 10:09:34,151 [DEBUG] Accepted segment [67584:68608], variance=0.0535, QRS count=5
2025-10-09 10:09:34,156 [DEBUG] Accepted segment [68096:69120], variance=0.0529, QRS count=5
2025-10-09 10:09:34,161 [DEBUG] Accepted segment [68608:69632], variance=0.0620, QRS count=5
2025-10-09 10:09:34,165 [DEBUG] Accepted segment [69120:70144], variance=0.0512, QRS count=6
2025-10-09 10:09:34,170 [DEBUG] Accepted segment [69632:70656], variance=0.0508, QRS count=5
2025-10-09 10:09:34,175 [DEBUG] Accepted segment [70144:71168], variance=0.0623, QRS count=5
2025-10-09 10:09:34,179 [DEBUG] Accepted segment [70656:71680], variance=0.0649, QRS count=5
2025-10-09 10:09:34,184 [DEBUG] Accepted segment [71168:72192], variance=0.0649, QRS count=6
2025-10-09 10:09:34,189 [DEBUG] Accepted segment [71680:72704], variance=0.0643, QRS count=6
2025-10-09 10:09:34,193 [DEBUG] Accepted segment [72192:73216], variance=0.0546, QRS count=6
2025-10-09 10:09:34,198 [DEBUG] Accepted segment [72704:73728], variance=0.0550, QRS count=5
2025-10-09 10:09:34,203 [DEBUG] Accepted segment [73216:74240], variance=0.0646, QRS count=5
2025-10-09 10:09:34,208 [DEBUG] Accepted segment [73728:74752], variance=0.0630, QRS count=5
2025-10-09 10:09:34,212 [DEBUG] Accepted segment [74240:75264], variance=0.0623, QRS count=6
2025-10-09 10:09:34,217 [DEBUG] Accepted segment [74752:75776], variance=0.0621, QRS count=6
2025-10-09 10:09:34,222 [DEBUG] Accepted segment [75264:76288], variance=0.0509, QRS count=6
2025-10-09 10:09:34,226 [DEBUG] Accepted segment [75776:76800], variance=0.0518, QRS count=5
2025-10-09 10:09:34,230 [DEBUG] Accepted segment [76288:77312], variance=0.0641, QRS count=5
2025-10-09 10:09:34,235 [DEBUG] Accepted segment [76800:77824], variance=0.0659, QRS count=5
2025-10-09 10:09:34,240 [DEBUG] Accepted segment [77312:78336], variance=0.0647, QRS count=6
2025-10-09 10:09:34,244 [DEBUG] Accepted segment [77824:78848], variance=0.0543, QRS count=5
2025-10-09 10:09:34,249 [DEBUG] Accepted segment [78336:79360], variance=0.0534, QRS count=5
2025-10-09 10:09:34,253 [DEBUG] Accepted segment [78848:79872], variance=0.0600, QRS count=5
2025-10-09 10:09:34,258 [DEBUG] Accepted segment [79360:80384], variance=0.0605, QRS count=6
2025-10-09 10:09:34,262 [DEBUG] Accepted segment [79872:80896], variance=0.0530, QRS count=5
2025-10-09 10:09:34,267 [DEBUG] Accepted segment [80384:81408], variance=0.0525, QRS count=5
2025-10-09 10:09:34,271 [DEBUG] Accepted segment [80896:81920], variance=0.0614, QRS count=5
2025-10-09 10:09:34,275 [DEBUG] Accepted segment [81408:82432], variance=0.0623, QRS count=6
2025-10-09 10:09:34,280 [DEBUG] Accepted segment [81920:82944], variance=0.0606, QRS count=5
2025-10-09 10:09:34,284 [DEBUG] Accepted segment [82432:83456], variance=0.0508, QRS count=5
2025-10-09 10:09:34,288 [DEBUG] Accepted segment [82944:83968], variance=0.0525, QRS count=5
2025-10-09 10:09:34,293 [DEBUG] Accepted segment [83456:84480], variance=0.0618, QRS count=5
2025-10-09 10:09:34,297 [DEBUG] Accepted segment [83968:84992], variance=0.0601, QRS count=5
2025-10-09 10:09:34,302 [DEBUG] Accepted segment [84480:85504], variance=0.0589, QRS count=5
2025-10-09 10:09:34,306 [DEBUG] Accepted segment [84992:86016], variance=0.0579, QRS count=6
2025-10-09 10:09:34,310 [DEBUG] Accepted segment [85504:86528], variance=0.0604, QRS count=6
2025-10-09 10:09:34,315 [DEBUG] Accepted segment [86016:87040], variance=0.0538, QRS count=5
2025-10-09 10:09:34,319 [DEBUG] Accepted segment [86528:87552], variance=0.0515, QRS count=5
2025-10-09 10:09:34,323 [DEBUG] Accepted segment [87040:88064], variance=0.0609, QRS count=5
2025-10-09 10:09:34,328 [DEBUG] Accepted segment [87552:88576], variance=0.0617, QRS count=5
2025-10-09 10:09:34,332 [DEBUG] Accepted segment [88064:89088], variance=0.0498, QRS count=5
2025-10-09 10:09:34,336 [DEBUG] Accepted segment [88576:89600], variance=0.0489, QRS count=5
2025-10-09 10:09:34,341 [DEBUG] Accepted segment [89088:90112], variance=0.0603, QRS count=5
2025-10-09 10:09:34,345 [DEBUG] Accepted segment [89600:90624], variance=0.0612, QRS count=6
2025-10-09 10:09:34,350 [DEBUG] Accepted segment [90112:91136], variance=0.0612, QRS count=6
2025-10-09 10:09:34,354 [DEBUG] Accepted segment [90624:91648], variance=0.0535, QRS count=5
2025-10-09 10:09:34,358 [DEBUG] Accepted segment [91136:92160], variance=0.0552, QRS count=5
2025-10-09 10:09:34,363 [DEBUG] Accepted segment [91648:92672], variance=0.0635, QRS count=5
2025-10-09 10:09:34,367 [DEBUG] Accepted segment [92160:93184], variance=0.0609, QRS count=5
2025-10-09 10:09:34,372 [DEBUG] Accepted segment [92672:93696], variance=0.0534, QRS count=6
2025-10-09 10:09:34,376 [DEBUG] Accepted segment [93184:94208], variance=0.0553, QRS count=5
2025-10-09 10:09:34,381 [DEBUG] Accepted segment [93696:94720], variance=0.0625, QRS count=5
2025-10-09 10:09:34,385 [DEBUG] Accepted segment [94208:95232], variance=0.0619, QRS count=5
2025-10-09 10:09:34,389 [DEBUG] Accepted segment [94720:95744], variance=0.0629, QRS count=6
2025-10-09 10:09:34,394 [DEBUG] Accepted segment [95232:96256], variance=0.0528, QRS count=5
2025-10-09 10:09:34,398 [DEBUG] Accepted segment [95744:96768], variance=0.0525, QRS count=5
2025-10-09 10:09:34,403 [DEBUG] Accepted segment [96256:97280], variance=0.0625, QRS count=5
2025-10-09 10:09:34,407 [DEBUG] Accepted segment [96768:97792], variance=0.0602, QRS count=6
2025-10-09 10:09:34,411 [DEBUG] Accepted segment [97280:98304], variance=0.0574, QRS count=6
2025-10-09 10:09:34,416 [DEBUG] Accepted segment [97792:98816], variance=0.0569, QRS count=6
2025-10-09 10:09:34,420 [DEBUG] Accepted segment [98304:99328], variance=0.0501, QRS count=6
2025-10-09 10:09:34,424 [DEBUG] Accepted segment [98816:99840], variance=0.0510, QRS count=5
2025-10-09 10:09:34,429 [DEBUG] Accepted segment [99328:100352], variance=0.0579, QRS count=5
2025-10-09 10:09:34,433 [DEBUG] Accepted segment [99840:100864], variance=0.0583, QRS count=5
2025-10-09 10:09:34,438 [DEBUG] Accepted segment [100352:101376], variance=0.0604, QRS count=5
2025-10-09 10:09:34,442 [DEBUG] Accepted segment [100864:101888], variance=0.0593, QRS count=6
2025-10-09 10:09:34,446 [DEBUG] Accepted segment [101376:102400], variance=0.0568, QRS count=6
2025-10-09 10:09:34,451 [DEBUG] Accepted segment [101888:102912], variance=0.0552, QRS count=6
2025-10-09 10:09:34,455 [DEBUG] Accepted segment [102400:103424], variance=0.0554, QRS count=6
2025-10-09 10:09:34,459 [DEBUG] Accepted segment [102912:103936], variance=0.0574, QRS count=6
2025-10-09 10:09:34,464 [DEBUG] Accepted segment [103424:104448], variance=0.0576, QRS count=5
2025-10-09 10:09:34,468 [DEBUG] Accepted segment [103936:104960], variance=0.0472, QRS count=6
2025-10-09 10:09:34,472 [DEBUG] Accepted segment [104448:105472], variance=0.0462, QRS count=5
2025-10-09 10:09:34,477 [DEBUG] Accepted segment [104960:105984], variance=0.0554, QRS count=5
2025-10-09 10:09:34,481 [DEBUG] Accepted segment [105472:106496], variance=0.0562, QRS count=5
2025-10-09 10:09:34,485 [DEBUG] Accepted segment [105984:107008], variance=0.0543, QRS count=5
2025-10-09 10:09:34,490 [DEBUG] Accepted segment [106496:107520], variance=0.0518, QRS count=5
2025-10-09 10:09:34,494 [DEBUG] Accepted segment [107008:108032], variance=0.0523, QRS count=5
2025-10-09 10:09:34,499 [DEBUG] Accepted segment [107520:108544], variance=0.0539, QRS count=5
2025-10-09 10:09:34,503 [DEBUG] Accepted segment [108032:109056], variance=0.0543, QRS count=5
2025-10-09 10:09:34,507 [DEBUG] Accepted segment [108544:109568], variance=0.0531, QRS count=6
2025-10-09 10:09:34,512 [DEBUG] Accepted segment [109056:110080], variance=0.0515, QRS count=6
2025-10-09 10:09:34,517 [DEBUG] Accepted segment [109568:110592], variance=0.0521, QRS count=6
2025-10-09 10:09:34,521 [DEBUG] Accepted segment [110080:111104], variance=0.1279, QRS count=6
2025-10-09 10:09:34,526 [DEBUG] Accepted segment [110592:111616], variance=0.1293, QRS count=5
2025-10-09 10:09:34,531 [DEBUG] Accepted segment [111104:112128], variance=0.0552, QRS count=6
2025-10-09 10:09:34,536 [DEBUG] Accepted segment [111616:112640], variance=0.0537, QRS count=6
2025-10-09 10:09:34,541 [DEBUG] Accepted segment [112128:113152], variance=0.0532, QRS count=6
2025-10-09 10:09:34,546 [DEBUG] Accepted segment [112640:113664], variance=0.0558, QRS count=6
2025-10-09 10:09:34,550 [DEBUG] Accepted segment [113152:114176], variance=0.0582, QRS count=5
2025-10-09 10:09:34,554 [DEBUG] Accepted segment [113664:114688], variance=0.0514, QRS count=6
2025-10-09 10:09:34,558 [DEBUG] Accepted segment [114176:115200], variance=0.0525, QRS count=5
2025-10-09 10:09:34,563 [DEBUG] Accepted segment [114688:115712], variance=0.0596, QRS count=5
2025-10-09 10:09:34,567 [DEBUG] Accepted segment [115200:116224], variance=0.0584, QRS count=5
2025-10-09 10:09:34,571 [DEBUG] Accepted segment [115712:116736], variance=0.0515, QRS count=6
2025-10-09 10:09:34,575 [DEBUG] Accepted segment [116224:117248], variance=0.0530, QRS count=5
2025-10-09 10:09:34,579 [DEBUG] Accepted segment [116736:117760], variance=0.0609, QRS count=5
2025-10-09 10:09:34,583 [DEBUG] Accepted segment [117248:118272], variance=0.0628, QRS count=5
2025-10-09 10:09:34,587 [DEBUG] Accepted segment [117760:118784], variance=0.0637, QRS count=6
2025-10-09 10:09:34,591 [DEBUG] Accepted segment [118272:119296], variance=0.0609, QRS count=6
2025-10-09 10:09:34,595 [DEBUG] Accepted segment [118784:119808], variance=0.0506, QRS count=6
2025-10-09 10:09:34,596 [DEBUG] Skipping segment [119296:120320] due to overlap with noise [120200:120500]
2025-10-09 10:09:34,596 [DEBUG] Skipping segment [119808:120832] due to overlap with noise [120200:120500]
2025-10-09 10:09:34,596 [DEBUG] Skipping segment [120320:121344] due to overlap with noise [120200:120500]
2025-10-09 10:09:34,600 [DEBUG] Accepted segment [120832:121856], variance=0.0428, QRS count=6
2025-10-09 10:09:34,604 [DEBUG] Accepted segment [121344:122368], variance=0.0406, QRS count=6
2025-10-09 10:09:34,608 [DEBUG] Accepted segment [121856:122880], variance=0.0365, QRS count=6
2025-10-09 10:09:34,613 [DEBUG] Accepted segment [122368:123392], variance=0.0401, QRS count=5
2025-10-09 10:09:34,618 [DEBUG] Accepted segment [122880:123904], variance=0.0464, QRS count=6
2025-10-09 10:09:34,623 [DEBUG] Accepted segment [123392:124416], variance=0.0520, QRS count=6
2025-10-09 10:09:34,627 [DEBUG] Accepted segment [123904:124928], variance=0.0439, QRS count=5
2025-10-09 10:09:34,631 [DEBUG] Accepted segment [124416:125440], variance=0.0354, QRS count=5
2025-10-09 10:09:34,635 [DEBUG] Accepted segment [124928:125952], variance=0.0386, QRS count=5
2025-10-09 10:09:34,639 [DEBUG] Accepted segment [125440:126464], variance=0.0365, QRS count=5
2025-10-09 10:09:34,643 [DEBUG] Accepted segment [125952:126976], variance=0.0365, QRS count=6
2025-10-09 10:09:34,647 [DEBUG] Accepted segment [126464:127488], variance=0.0327, QRS count=5
2025-10-09 10:09:34,652 [DEBUG] Accepted segment [126976:128000], variance=0.0324, QRS count=5
2025-10-09 10:09:34,652 [INFO] Segmented signal of length 128000 into 246 valid segments
2025-10-09 10:09:35,119 [DEBUG] Accepted segment [0:1024], variance=0.0401, QRS count=6
2025-10-09 10:09:35,123 [DEBUG] Accepted segment [512:1536], variance=0.0419, QRS count=6
2025-10-09 10:09:35,127 [DEBUG] Accepted segment [1024:2048], variance=0.0415, QRS count=6
2025-10-09 10:09:35,132 [DEBUG] Accepted segment [1536:2560], variance=0.0390, QRS count=6
2025-10-09 10:09:35,136 [DEBUG] Accepted segment [2048:3072], variance=0.0377, QRS count=6
2025-10-09 10:09:35,141 [DEBUG] Accepted segment [2560:3584], variance=0.0409, QRS count=6
2025-10-09 10:09:35,146 [DEBUG] Accepted segment [3072:4096], variance=0.0414, QRS count=5
2025-10-09 10:09:35,150 [DEBUG] Accepted segment [3584:4608], variance=0.0384, QRS count=5
2025-10-09 10:09:35,154 [DEBUG] Accepted segment [4096:5120], variance=0.0392, QRS count=5
2025-10-09 10:09:35,159 [DEBUG] Accepted segment [4608:5632], variance=0.0402, QRS count=5
2025-10-09 10:09:35,163 [DEBUG] Accepted segment [5120:6144], variance=0.0394, QRS count=5
2025-10-09 10:09:35,168 [DEBUG] Accepted segment [5632:6656], variance=0.0395, QRS count=5
2025-10-09 10:09:35,172 [DEBUG] Accepted segment [6144:7168], variance=0.0415, QRS count=5
2025-10-09 10:09:35,176 [DEBUG] Accepted segment [6656:7680], variance=0.0433, QRS count=5
2025-10-09 10:09:35,181 [DEBUG] Accepted segment [7168:8192], variance=0.0412, QRS count=5
2025-10-09 10:09:35,186 [DEBUG] Accepted segment [7680:8704], variance=0.0387, QRS count=6
2025-10-09 10:09:35,191 [DEBUG] Accepted segment [8192:9216], variance=0.0424, QRS count=6
2025-10-09 10:09:35,196 [DEBUG] Accepted segment [8704:9728], variance=0.0459, QRS count=6
2025-10-09 10:09:35,202 [DEBUG] Accepted segment [9216:10240], variance=0.0427, QRS count=5
2025-10-09 10:09:35,207 [DEBUG] Accepted segment [9728:10752], variance=0.0465, QRS count=5
2025-10-09 10:09:35,212 [DEBUG] Accepted segment [10240:11264], variance=0.0452, QRS count=6
2025-10-09 10:09:35,217 [DEBUG] Accepted segment [10752:11776], variance=0.0496, QRS count=6
2025-10-09 10:09:35,222 [DEBUG] Accepted segment [11264:12288], variance=0.0525, QRS count=6
2025-10-09 10:09:35,227 [DEBUG] Accepted segment [11776:12800], variance=0.0397, QRS count=6
2025-10-09 10:09:35,232 [DEBUG] Accepted segment [12288:13312], variance=0.0377, QRS count=6
2025-10-09 10:09:35,237 [DEBUG] Accepted segment [12800:13824], variance=0.0388, QRS count=6
2025-10-09 10:09:35,242 [DEBUG] Accepted segment [13312:14336], variance=0.0378, QRS count=6
2025-10-09 10:09:35,246 [DEBUG] Accepted segment [13824:14848], variance=0.0385, QRS count=6
2025-10-09 10:09:35,251 [DEBUG] Accepted segment [14336:15360], variance=0.0398, QRS count=6
2025-10-09 10:09:35,256 [DEBUG] Accepted segment [14848:15872], variance=0.0393, QRS count=5
2025-10-09 10:09:35,261 [DEBUG] Accepted segment [15360:16384], variance=0.0346, QRS count=6
2025-10-09 10:09:35,266 [DEBUG] Accepted segment [15872:16896], variance=0.0356, QRS count=5
2025-10-09 10:09:35,270 [DEBUG] Accepted segment [16384:17408], variance=0.0412, QRS count=5
2025-10-09 10:09:35,276 [DEBUG] Accepted segment [16896:17920], variance=0.0429, QRS count=5
2025-10-09 10:09:35,280 [DEBUG] Accepted segment [17408:18432], variance=0.0438, QRS count=5
2025-10-09 10:09:35,286 [DEBUG] Accepted segment [17920:18944], variance=0.0445, QRS count=5
2025-10-09 10:09:35,291 [DEBUG] Accepted segment [18432:19456], variance=0.0446, QRS count=5
2025-10-09 10:09:35,297 [DEBUG] Accepted segment [18944:19968], variance=0.0441, QRS count=5
2025-10-09 10:09:35,301 [DEBUG] Accepted segment [19456:20480], variance=0.0441, QRS count=5
2025-10-09 10:09:35,306 [DEBUG] Accepted segment [19968:20992], variance=0.0429, QRS count=5
2025-10-09 10:09:35,311 [DEBUG] Accepted segment [20480:21504], variance=0.0406, QRS count=5
2025-10-09 10:09:35,316 [DEBUG] Accepted segment [20992:22016], variance=0.0402, QRS count=5
2025-10-09 10:09:35,321 [DEBUG] Accepted segment [21504:22528], variance=0.0406, QRS count=5
2025-10-09 10:09:35,326 [DEBUG] Accepted segment [22016:23040], variance=0.0405, QRS count=5
2025-10-09 10:09:35,330 [DEBUG] Accepted segment [22528:23552], variance=0.0406, QRS count=5
2025-10-09 10:09:35,335 [DEBUG] Accepted segment [23040:24064], variance=0.0412, QRS count=5
2025-10-09 10:09:35,339 [DEBUG] Accepted segment [23552:24576], variance=0.0423, QRS count=5
2025-10-09 10:09:35,344 [DEBUG] Accepted segment [24064:25088], variance=0.0420, QRS count=6
2025-10-09 10:09:35,349 [DEBUG] Accepted segment [24576:25600], variance=0.0412, QRS count=6
2025-10-09 10:09:35,353 [DEBUG] Accepted segment [25088:26112], variance=0.0412, QRS count=6
2025-10-09 10:09:35,358 [DEBUG] Accepted segment [25600:26624], variance=0.0407, QRS count=6
2025-10-09 10:09:35,363 [DEBUG] Accepted segment [26112:27136], variance=0.0394, QRS count=6
2025-10-09 10:09:35,367 [DEBUG] Accepted segment [26624:27648], variance=0.0471, QRS count=6
2025-10-09 10:09:35,372 [DEBUG] Accepted segment [27136:28160], variance=0.0493, QRS count=6
2025-10-09 10:09:35,376 [DEBUG] Accepted segment [27648:28672], variance=0.0420, QRS count=6
2025-10-09 10:09:35,381 [DEBUG] Accepted segment [28160:29184], variance=0.0394, QRS count=5
2025-10-09 10:09:35,386 [DEBUG] Accepted segment [28672:29696], variance=0.0345, QRS count=5
2025-10-09 10:09:35,390 [DEBUG] Accepted segment [29184:30208], variance=0.0353, QRS count=5
2025-10-09 10:09:35,395 [DEBUG] Accepted segment [29696:30720], variance=0.0395, QRS count=5
2025-10-09 10:09:35,399 [DEBUG] Accepted segment [30208:31232], variance=0.0400, QRS count=5
2025-10-09 10:09:35,404 [DEBUG] Accepted segment [30720:31744], variance=0.0419, QRS count=5
2025-10-09 10:09:35,408 [DEBUG] Accepted segment [31232:32256], variance=0.0425, QRS count=5
2025-10-09 10:09:35,413 [DEBUG] Accepted segment [31744:32768], variance=0.0409, QRS count=5
2025-10-09 10:09:35,418 [DEBUG] Accepted segment [32256:33280], variance=0.0398, QRS count=5
2025-10-09 10:09:35,423 [DEBUG] Accepted segment [32768:33792], variance=0.0410, QRS count=5
2025-10-09 10:09:35,427 [DEBUG] Accepted segment [33280:34304], variance=0.0416, QRS count=5
2025-10-09 10:09:35,432 [DEBUG] Accepted segment [33792:34816], variance=0.0405, QRS count=5
2025-10-09 10:09:35,437 [DEBUG] Accepted segment [34304:35328], variance=0.0395, QRS count=6
2025-10-09 10:09:35,441 [DEBUG] Accepted segment [34816:35840], variance=0.0397, QRS count=6
2025-10-09 10:09:35,446 [DEBUG] Accepted segment [35328:36352], variance=0.0419, QRS count=6
2025-10-09 10:09:35,450 [DEBUG] Accepted segment [35840:36864], variance=0.0427, QRS count=6
2025-10-09 10:09:35,455 [DEBUG] Accepted segment [36352:37376], variance=0.0419, QRS count=6
2025-10-09 10:09:35,460 [DEBUG] Accepted segment [36864:37888], variance=0.0411, QRS count=6
2025-10-09 10:09:35,464 [DEBUG] Accepted segment [37376:38400], variance=0.0402, QRS count=5
2025-10-09 10:09:35,469 [DEBUG] Accepted segment [37888:38912], variance=0.0358, QRS count=6
2025-10-09 10:09:35,473 [DEBUG] Accepted segment [38400:39424], variance=0.0363, QRS count=5
2025-10-09 10:09:35,478 [DEBUG] Accepted segment [38912:39936], variance=0.0418, QRS count=5
2025-10-09 10:09:35,482 [DEBUG] Accepted segment [39424:40448], variance=0.0436, QRS count=5
2025-10-09 10:09:35,487 [DEBUG] Accepted segment [39936:40960], variance=0.0433, QRS count=5
2025-10-09 10:09:35,492 [DEBUG] Accepted segment [40448:41472], variance=0.0420, QRS count=5
2025-10-09 10:09:35,496 [DEBUG] Accepted segment [40960:41984], variance=0.0409, QRS count=5
2025-10-09 10:09:35,501 [DEBUG] Accepted segment [41472:42496], variance=0.0399, QRS count=6
2025-10-09 10:09:35,506 [DEBUG] Accepted segment [41984:43008], variance=0.0410, QRS count=6
2025-10-09 10:09:35,510 [DEBUG] Accepted segment [42496:43520], variance=0.0423, QRS count=6
2025-10-09 10:09:35,515 [DEBUG] Accepted segment [43008:44032], variance=0.0413, QRS count=6
2025-10-09 10:09:35,519 [DEBUG] Accepted segment [43520:44544], variance=0.0393, QRS count=6
2025-10-09 10:09:35,524 [DEBUG] Accepted segment [44032:45056], variance=0.0401, QRS count=6
2025-10-09 10:09:35,530 [DEBUG] Accepted segment [44544:45568], variance=0.0421, QRS count=6
2025-10-09 10:09:35,535 [DEBUG] Accepted segment [45056:46080], variance=0.0420, QRS count=6
2025-10-09 10:09:35,540 [DEBUG] Accepted segment [45568:46592], variance=0.0406, QRS count=6
2025-10-09 10:09:35,545 [DEBUG] Accepted segment [46080:47104], variance=0.0402, QRS count=6
2025-10-09 10:09:35,550 [DEBUG] Accepted segment [46592:47616], variance=0.0409, QRS count=6
2025-10-09 10:09:35,555 [DEBUG] Accepted segment [47104:48128], variance=0.0409, QRS count=6
2025-10-09 10:09:35,561 [DEBUG] Accepted segment [47616:48640], variance=0.0406, QRS count=6
2025-10-09 10:09:35,566 [DEBUG] Accepted segment [48128:49152], variance=0.0408, QRS count=5
2025-10-09 10:09:35,571 [DEBUG] Accepted segment [48640:49664], variance=0.0422, QRS count=5
2025-10-09 10:09:35,575 [DEBUG] Accepted segment [49152:50176], variance=0.0407, QRS count=5
2025-10-09 10:09:35,580 [DEBUG] Accepted segment [49664:50688], variance=0.0342, QRS count=6
2025-10-09 10:09:35,584 [DEBUG] Accepted segment [50176:51200], variance=0.0361, QRS count=5
2025-10-09 10:09:35,589 [DEBUG] Accepted segment [50688:51712], variance=0.0422, QRS count=5
2025-10-09 10:09:35,593 [DEBUG] Accepted segment [51200:52224], variance=0.0421, QRS count=5
2025-10-09 10:09:35,598 [DEBUG] Accepted segment [51712:52736], variance=0.0413, QRS count=5
2025-10-09 10:09:35,603 [DEBUG] Accepted segment [52224:53248], variance=0.0424, QRS count=5
2025-10-09 10:09:35,607 [DEBUG] Accepted segment [52736:53760], variance=0.0428, QRS count=5
2025-10-09 10:09:35,612 [DEBUG] Accepted segment [53248:54272], variance=0.0407, QRS count=6
2025-10-09 10:09:35,616 [DEBUG] Accepted segment [53760:54784], variance=0.0401, QRS count=6
2025-10-09 10:09:35,621 [DEBUG] Accepted segment [54272:55296], variance=0.0403, QRS count=6
2025-10-09 10:09:35,626 [DEBUG] Accepted segment [54784:55808], variance=0.0409, QRS count=6
2025-10-09 10:09:35,630 [DEBUG] Accepted segment [55296:56320], variance=0.0409, QRS count=5
2025-10-09 10:09:35,635 [DEBUG] Accepted segment [55808:56832], variance=0.0340, QRS count=6
2025-10-09 10:09:35,640 [DEBUG] Accepted segment [56320:57344], variance=0.0343, QRS count=5
2025-10-09 10:09:35,644 [DEBUG] Accepted segment [56832:57856], variance=0.0403, QRS count=5
2025-10-09 10:09:35,649 [DEBUG] Accepted segment [57344:58368], variance=0.0385, QRS count=5
2025-10-09 10:09:35,653 [DEBUG] Accepted segment [57856:58880], variance=0.0381, QRS count=5
2025-10-09 10:09:35,658 [DEBUG] Accepted segment [58368:59392], variance=0.0402, QRS count=5
2025-10-09 10:09:35,662 [DEBUG] Accepted segment [58880:59904], variance=0.0411, QRS count=5
2025-10-09 10:09:35,667 [DEBUG] Accepted segment [59392:60416], variance=0.0399, QRS count=5
2025-10-09 10:09:35,672 [DEBUG] Accepted segment [59904:60928], variance=0.0400, QRS count=6
2025-10-09 10:09:35,676 [DEBUG] Accepted segment [60416:61440], variance=0.0408, QRS count=6
2025-10-09 10:09:35,681 [DEBUG] Accepted segment [60928:61952], variance=0.0404, QRS count=6
2025-10-09 10:09:35,685 [DEBUG] Accepted segment [61440:62464], variance=0.0402, QRS count=6
2025-10-09 10:09:35,690 [DEBUG] Accepted segment [61952:62976], variance=0.0393, QRS count=5
2025-10-09 10:09:35,695 [DEBUG] Accepted segment [62464:63488], variance=0.0352, QRS count=6
2025-10-09 10:09:35,699 [DEBUG] Accepted segment [62976:64000], variance=0.0403, QRS count=5
2025-10-09 10:09:35,704 [DEBUG] Accepted segment [63488:64512], variance=0.0450, QRS count=6
2025-10-09 10:09:35,709 [DEBUG] Accepted segment [64000:65024], variance=0.0414, QRS count=6
2025-10-09 10:09:35,713 [DEBUG] Accepted segment [64512:65536], variance=0.0425, QRS count=6
2025-10-09 10:09:35,718 [DEBUG] Accepted segment [65024:66048], variance=0.0414, QRS count=6
2025-10-09 10:09:35,722 [DEBUG] Accepted segment [65536:66560], variance=0.0358, QRS count=6
2025-10-09 10:09:35,727 [DEBUG] Accepted segment [66048:67072], variance=0.0355, QRS count=6
2025-10-09 10:09:35,732 [DEBUG] Accepted segment [66560:67584], variance=0.0398, QRS count=5
2025-10-09 10:09:35,736 [DEBUG] Accepted segment [67072:68096], variance=0.0410, QRS count=5
2025-10-09 10:09:35,741 [DEBUG] Accepted segment [67584:68608], variance=0.0393, QRS count=5
2025-10-09 10:09:35,746 [DEBUG] Accepted segment [68096:69120], variance=0.0400, QRS count=5
2025-10-09 10:09:35,750 [DEBUG] Accepted segment [68608:69632], variance=0.0419, QRS count=5
2025-10-09 10:09:35,755 [DEBUG] Accepted segment [69120:70144], variance=0.0409, QRS count=5
2025-10-09 10:09:35,759 [DEBUG] Accepted segment [69632:70656], variance=0.0407, QRS count=5
2025-10-09 10:09:35,764 [DEBUG] Accepted segment [70144:71168], variance=0.0428, QRS count=6
2025-10-09 10:09:35,768 [DEBUG] Accepted segment [70656:71680], variance=0.0434, QRS count=6
2025-10-09 10:09:35,773 [DEBUG] Accepted segment [71168:72192], variance=0.1024, QRS count=6
2025-10-09 10:09:35,778 [DEBUG] Accepted segment [71680:72704], variance=0.1012, QRS count=6
2025-10-09 10:09:35,783 [DEBUG] Accepted segment [72192:73216], variance=0.0421, QRS count=6
2025-10-09 10:09:35,787 [DEBUG] Accepted segment [72704:73728], variance=0.0443, QRS count=6
2025-10-09 10:09:35,792 [DEBUG] Accepted segment [73216:74240], variance=0.0363, QRS count=5
2025-10-09 10:09:35,797 [DEBUG] Accepted segment [73728:74752], variance=0.0346, QRS count=5
2025-10-09 10:09:35,802 [DEBUG] Accepted segment [74240:75264], variance=0.0419, QRS count=5
2025-10-09 10:09:35,807 [DEBUG] Accepted segment [74752:75776], variance=0.0424, QRS count=5
2025-10-09 10:09:35,811 [DEBUG] Accepted segment [75264:76288], variance=0.0417, QRS count=6
2025-10-09 10:09:35,816 [DEBUG] Accepted segment [75776:76800], variance=0.0351, QRS count=5
2025-10-09 10:09:35,820 [DEBUG] Accepted segment [76288:77312], variance=0.0362, QRS count=5
2025-10-09 10:09:35,825 [DEBUG] Accepted segment [76800:77824], variance=0.0426, QRS count=5
2025-10-09 10:09:35,829 [DEBUG] Accepted segment [77312:78336], variance=0.0413, QRS count=5
2025-10-09 10:09:35,834 [DEBUG] Accepted segment [77824:78848], variance=0.0425, QRS count=6
2025-10-09 10:09:35,839 [DEBUG] Accepted segment [78336:79360], variance=0.0376, QRS count=6
2025-10-09 10:09:35,843 [DEBUG] Accepted segment [78848:79872], variance=0.0357, QRS count=5
2025-10-09 10:09:35,848 [DEBUG] Accepted segment [79360:80384], variance=0.0419, QRS count=5
2025-10-09 10:09:35,852 [DEBUG] Accepted segment [79872:80896], variance=0.0437, QRS count=5
2025-10-09 10:09:35,857 [DEBUG] Accepted segment [80384:81408], variance=0.0438, QRS count=6
2025-10-09 10:09:35,861 [DEBUG] Accepted segment [80896:81920], variance=0.0365, QRS count=5
2025-10-09 10:09:35,866 [DEBUG] Accepted segment [81408:82432], variance=0.0377, QRS count=5
2025-10-09 10:09:35,870 [DEBUG] Accepted segment [81920:82944], variance=0.0453, QRS count=5
2025-10-09 10:09:35,875 [DEBUG] Accepted segment [82432:83456], variance=0.0444, QRS count=5
2025-10-09 10:09:35,879 [DEBUG] Accepted segment [82944:83968], variance=0.0439, QRS count=6
2025-10-09 10:09:35,884 [DEBUG] Accepted segment [83456:84480], variance=0.0381, QRS count=6
2025-10-09 10:09:35,889 [DEBUG] Accepted segment [83968:84992], variance=0.0375, QRS count=5
2025-10-09 10:09:35,893 [DEBUG] Accepted segment [84480:85504], variance=0.0438, QRS count=5
2025-10-09 10:09:35,898 [DEBUG] Accepted segment [84992:86016], variance=0.0450, QRS count=5
2025-10-09 10:09:35,903 [DEBUG] Accepted segment [85504:86528], variance=0.0438, QRS count=6
2025-10-09 10:09:35,907 [DEBUG] Accepted segment [86016:87040], variance=0.0395, QRS count=6
2025-10-09 10:09:35,912 [DEBUG] Accepted segment [86528:87552], variance=0.0371, QRS count=6
2025-10-09 10:09:35,916 [DEBUG] Accepted segment [87040:88064], variance=0.0333, QRS count=5
2025-10-09 10:09:35,921 [DEBUG] Accepted segment [87552:88576], variance=0.0367, QRS count=5
2025-10-09 10:09:35,926 [DEBUG] Accepted segment [88064:89088], variance=0.0441, QRS count=6
2025-10-09 10:09:35,930 [DEBUG] Accepted segment [88576:89600], variance=0.0408, QRS count=5
2025-10-09 10:09:35,934 [DEBUG] Accepted segment [89088:90112], variance=0.0355, QRS count=5
2025-10-09 10:09:35,938 [DEBUG] Accepted segment [89600:90624], variance=0.0369, QRS count=5
2025-10-09 10:09:35,943 [DEBUG] Accepted segment [90112:91136], variance=0.0406, QRS count=5
2025-10-09 10:09:35,947 [DEBUG] Accepted segment [90624:91648], variance=0.0398, QRS count=5
2025-10-09 10:09:35,952 [DEBUG] Accepted segment [91136:92160], variance=0.0410, QRS count=5
2025-10-09 10:09:35,956 [DEBUG] Accepted segment [91648:92672], variance=0.0432, QRS count=5
2025-10-09 10:09:35,961 [DEBUG] Accepted segment [92160:93184], variance=0.0428, QRS count=6
2025-10-09 10:09:35,965 [DEBUG] Accepted segment [92672:93696], variance=0.1231, QRS count=6
2025-10-09 10:09:35,970 [DEBUG] Accepted segment [93184:94208], variance=0.1247, QRS count=6
2025-10-09 10:09:35,974 [DEBUG] Accepted segment [93696:94720], variance=0.0461, QRS count=6
2025-10-09 10:09:35,978 [DEBUG] Accepted segment [94208:95232], variance=0.0474, QRS count=6
2025-10-09 10:09:35,983 [DEBUG] Accepted segment [94720:95744], variance=0.0470, QRS count=6
2025-10-09 10:09:35,987 [DEBUG] Accepted segment [95232:96256], variance=0.0389, QRS count=5
2025-10-09 10:09:35,992 [DEBUG] Accepted segment [95744:96768], variance=0.0370, QRS count=5
2025-10-09 10:09:35,996 [DEBUG] Accepted segment [96256:97280], variance=0.0435, QRS count=5
2025-10-09 10:09:36,001 [DEBUG] Accepted segment [96768:97792], variance=0.0446, QRS count=6
2025-10-09 10:09:36,005 [DEBUG] Accepted segment [97280:98304], variance=0.0436, QRS count=5
2025-10-09 10:09:36,009 [DEBUG] Accepted segment [97792:98816], variance=0.0419, QRS count=5
2025-10-09 10:09:36,014 [DEBUG] Accepted segment [98304:99328], variance=0.0424, QRS count=5
2025-10-09 10:09:36,019 [DEBUG] Accepted segment [98816:99840], variance=0.0469, QRS count=5
2025-10-09 10:09:36,023 [DEBUG] Accepted segment [99328:100352], variance=0.0437, QRS count=5
2025-10-09 10:09:36,027 [DEBUG] Accepted segment [99840:100864], variance=0.0338, QRS count=6
2025-10-09 10:09:36,032 [DEBUG] Accepted segment [100352:101376], variance=0.0349, QRS count=6
2025-10-09 10:09:36,036 [DEBUG] Accepted segment [100864:101888], variance=0.0390, QRS count=5
2025-10-09 10:09:36,040 [DEBUG] Accepted segment [101376:102400], variance=0.0407, QRS count=5
2025-10-09 10:09:36,045 [DEBUG] Accepted segment [101888:102912], variance=0.0429, QRS count=5
2025-10-09 10:09:36,050 [DEBUG] Accepted segment [102400:103424], variance=0.0422, QRS count=5
2025-10-09 10:09:36,054 [DEBUG] Accepted segment [102912:103936], variance=0.0401, QRS count=6
2025-10-09 10:09:36,059 [DEBUG] Accepted segment [103424:104448], variance=0.0405, QRS count=6
2025-10-09 10:09:36,063 [DEBUG] Accepted segment [103936:104960], variance=0.0415, QRS count=6
2025-10-09 10:09:36,067 [DEBUG] Accepted segment [104448:105472], variance=0.0408, QRS count=6
2025-10-09 10:09:36,072 [DEBUG] Accepted segment [104960:105984], variance=0.0404, QRS count=6
2025-10-09 10:09:36,072 [DEBUG] Skipping segment [105472:106496] due to overlap with noise [106400:107000]
2025-10-09 10:09:36,072 [DEBUG] Skipping segment [105984:107008] due to overlap with noise [106400:107000]
2025-10-09 10:09:36,072 [DEBUG] Skipping segment [106496:107520] due to overlap with noise [106400:107000]
2025-10-09 10:09:36,076 [DEBUG] Accepted segment [107008:108032], variance=0.0702, QRS count=6
2025-10-09 10:09:36,081 [DEBUG] Accepted segment [107520:108544], variance=0.0616, QRS count=6
2025-10-09 10:09:36,085 [DEBUG] Accepted segment [108032:109056], variance=0.0688, QRS count=7
2025-10-09 10:09:36,089 [DEBUG] Accepted segment [108544:109568], variance=0.0644, QRS count=6
2025-10-09 10:09:36,094 [DEBUG] Accepted segment [109056:110080], variance=0.0488, QRS count=6
2025-10-09 10:09:36,098 [DEBUG] Accepted segment [109568:110592], variance=0.0477, QRS count=6
2025-10-09 10:09:36,103 [DEBUG] Accepted segment [110080:111104], variance=0.0440, QRS count=6
2025-10-09 10:09:36,107 [DEBUG] Accepted segment [110592:111616], variance=0.0451, QRS count=7
2025-10-09 10:09:36,112 [DEBUG] Accepted segment [111104:112128], variance=0.0552, QRS count=6
2025-10-09 10:09:36,116 [DEBUG] Accepted segment [111616:112640], variance=0.0556, QRS count=6
2025-10-09 10:09:36,120 [DEBUG] Accepted segment [112128:113152], variance=0.0543, QRS count=6
2025-10-09 10:09:36,125 [DEBUG] Accepted segment [112640:113664], variance=0.0555, QRS count=6
2025-10-09 10:09:36,130 [DEBUG] Accepted segment [113152:114176], variance=0.0560, QRS count=5
2025-10-09 10:09:36,134 [DEBUG] Accepted segment [113664:114688], variance=0.0558, QRS count=5
2025-10-09 10:09:36,138 [DEBUG] Accepted segment [114176:115200], variance=0.0667, QRS count=5
2025-10-09 10:09:36,143 [DEBUG] Accepted segment [114688:115712], variance=0.0741, QRS count=6
2025-10-09 10:09:36,148 [DEBUG] Accepted segment [115200:116224], variance=0.0637, QRS count=6
2025-10-09 10:09:36,152 [DEBUG] Accepted segment [115712:116736], variance=0.0559, QRS count=6
2025-10-09 10:09:36,157 [DEBUG] Accepted segment [116224:117248], variance=0.0528, QRS count=6
2025-10-09 10:09:36,161 [DEBUG] Accepted segment [116736:117760], variance=0.0522, QRS count=5
2025-10-09 10:09:36,165 [DEBUG] Accepted segment [117248:118272], variance=0.0472, QRS count=6
2025-10-09 10:09:36,170 [DEBUG] Accepted segment [117760:118784], variance=0.0471, QRS count=5
2025-10-09 10:09:36,174 [DEBUG] Accepted segment [118272:119296], variance=0.0569, QRS count=5
2025-10-09 10:09:36,178 [DEBUG] Accepted segment [118784:119808], variance=0.0603, QRS count=5
2025-10-09 10:09:36,183 [DEBUG] Accepted segment [119296:120320], variance=0.0607, QRS count=5
2025-10-09 10:09:36,187 [DEBUG] Accepted segment [119808:120832], variance=0.0601, QRS count=6
2025-10-09 10:09:36,191 [DEBUG] Accepted segment [120320:121344], variance=0.0600, QRS count=6
2025-10-09 10:09:36,196 [DEBUG] Accepted segment [120832:121856], variance=0.0599, QRS count=6
2025-10-09 10:09:36,200 [DEBUG] Accepted segment [121344:122368], variance=0.0489, QRS count=5
2025-10-09 10:09:36,204 [DEBUG] Accepted segment [121856:122880], variance=0.0471, QRS count=5
2025-10-09 10:09:36,208 [DEBUG] Accepted segment [122368:123392], variance=0.0592, QRS count=5
2025-10-09 10:09:36,213 [DEBUG] Accepted segment [122880:123904], variance=0.0606, QRS count=5
2025-10-09 10:09:36,217 [DEBUG] Accepted segment [123392:124416], variance=0.0582, QRS count=5
2025-10-09 10:09:36,222 [DEBUG] Accepted segment [123904:124928], variance=0.0582, QRS count=6
2025-10-09 10:09:36,226 [DEBUG] Accepted segment [124416:125440], variance=0.0592, QRS count=6
2025-10-09 10:09:36,231 [DEBUG] Accepted segment [124928:125952], variance=0.0585, QRS count=5
2025-10-09 10:09:36,235 [DEBUG] Accepted segment [125440:126464], variance=0.0485, QRS count=5
2025-10-09 10:09:36,239 [DEBUG] Accepted segment [125952:126976], variance=0.0503, QRS count=5
2025-10-09 10:09:36,244 [DEBUG] Accepted segment [126464:127488], variance=0.0614, QRS count=5
2025-10-09 10:09:36,249 [DEBUG] Accepted segment [126976:128000], variance=0.0608, QRS count=5
2025-10-09 10:09:36,249 [INFO] Segmented signal of length 128000 into 246 valid segments
2025-10-09 10:09:36,752 [DEBUG] Accepted segment [0:1024], variance=0.0485, QRS count=5
2025-10-09 10:09:36,756 [DEBUG] Accepted segment [512:1536], variance=0.0603, QRS count=5
2025-10-09 10:09:36,760 [DEBUG] Accepted segment [1024:2048], variance=0.0717, QRS count=5
2025-10-09 10:09:36,765 [DEBUG] Accepted segment [1536:2560], variance=0.0797, QRS count=6
2025-10-09 10:09:36,769 [DEBUG] Accepted segment [2048:3072], variance=0.0709, QRS count=6
2025-10-09 10:09:36,774 [DEBUG] Accepted segment [2560:3584], variance=0.0522, QRS count=5
2025-10-09 10:09:36,778 [DEBUG] Accepted segment [3072:4096], variance=0.0484, QRS count=5
2025-10-09 10:09:36,782 [DEBUG] Accepted segment [3584:4608], variance=0.0533, QRS count=5
2025-10-09 10:09:36,786 [DEBUG] Accepted segment [4096:5120], variance=0.0519, QRS count=6
2025-10-09 10:09:36,791 [DEBUG] Accepted segment [4608:5632], variance=0.0539, QRS count=6
2025-10-09 10:09:36,795 [DEBUG] Accepted segment [5120:6144], variance=0.0559, QRS count=5
2025-10-09 10:09:36,800 [DEBUG] Accepted segment [5632:6656], variance=0.0539, QRS count=5
2025-10-09 10:09:36,804 [DEBUG] Accepted segment [6144:7168], variance=0.0528, QRS count=5
2025-10-09 10:09:36,809 [DEBUG] Accepted segment [6656:7680], variance=0.0470, QRS count=5
2025-10-09 10:09:36,813 [DEBUG] Accepted segment [7168:8192], variance=0.0480, QRS count=5
2025-10-09 10:09:36,817 [DEBUG] Accepted segment [7680:8704], variance=0.0566, QRS count=5
2025-10-09 10:09:36,822 [DEBUG] Accepted segment [8192:9216], variance=0.0601, QRS count=5
2025-10-09 10:09:36,826 [DEBUG] Accepted segment [8704:9728], variance=0.0621, QRS count=6
2025-10-09 10:09:36,830 [DEBUG] Accepted segment [9216:10240], variance=0.0520, QRS count=5
2025-10-09 10:09:36,835 [DEBUG] Accepted segment [9728:10752], variance=0.0495, QRS count=5
2025-10-09 10:09:36,839 [DEBUG] Accepted segment [10240:11264], variance=0.0569, QRS count=5
2025-10-09 10:09:36,843 [DEBUG] Accepted segment [10752:11776], variance=0.0581, QRS count=5
2025-10-09 10:09:36,848 [DEBUG] Accepted segment [11264:12288], variance=0.0586, QRS count=6
2025-10-09 10:09:36,852 [DEBUG] Accepted segment [11776:12800], variance=0.0491, QRS count=6
2025-10-09 10:09:36,856 [DEBUG] Accepted segment [12288:13312], variance=0.0499, QRS count=5
2025-10-09 10:09:36,861 [DEBUG] Accepted segment [12800:13824], variance=0.0607, QRS count=5
2025-10-09 10:09:36,865 [DEBUG] Accepted segment [13312:14336], variance=0.0595, QRS count=5
2025-10-09 10:09:36,869 [DEBUG] Accepted segment [13824:14848], variance=0.0566, QRS count=6
2025-10-09 10:09:36,873 [DEBUG] Accepted segment [14336:15360], variance=0.0585, QRS count=6
2025-10-09 10:09:36,877 [DEBUG] Accepted segment [14848:15872], variance=0.0575, QRS count=6
2025-10-09 10:09:36,882 [DEBUG] Accepted segment [15360:16384], variance=0.0520, QRS count=5
2025-10-09 10:09:36,886 [DEBUG] Accepted segment [15872:16896], variance=0.0511, QRS count=5
2025-10-09 10:09:36,890 [DEBUG] Accepted segment [16384:17408], variance=0.0506, QRS count=5
2025-10-09 10:09:36,894 [DEBUG] Accepted segment [16896:17920], variance=0.0476, QRS count=5
2025-10-09 10:09:36,899 [DEBUG] Accepted segment [17408:18432], variance=0.0447, QRS count=5
2025-10-09 10:09:36,903 [DEBUG] Accepted segment [17920:18944], variance=0.0474, QRS count=6
2025-10-09 10:09:36,907 [DEBUG] Accepted segment [18432:19456], variance=0.0513, QRS count=6
2025-10-09 10:09:36,911 [DEBUG] Accepted segment [18944:19968], variance=0.0520, QRS count=5
2025-10-09 10:09:36,915 [DEBUG] Accepted segment [19456:20480], variance=0.0518, QRS count=5
2025-10-09 10:09:36,919 [DEBUG] Accepted segment [19968:20992], variance=0.0535, QRS count=5
2025-10-09 10:09:36,923 [DEBUG] Accepted segment [20480:21504], variance=0.0570, QRS count=5
2025-10-09 10:09:36,927 [DEBUG] Accepted segment [20992:22016], variance=0.0584, QRS count=5
2025-10-09 10:09:36,931 [DEBUG] Accepted segment [21504:22528], variance=0.0589, QRS count=5
2025-10-09 10:09:36,935 [DEBUG] Accepted segment [22016:23040], variance=0.0598, QRS count=6
2025-10-09 10:09:36,939 [DEBUG] Accepted segment [22528:23552], variance=0.0604, QRS count=6
2025-10-09 10:09:36,944 [DEBUG] Accepted segment [23040:24064], variance=0.0594, QRS count=5
2025-10-09 10:09:36,948 [DEBUG] Accepted segment [23552:24576], variance=0.0598, QRS count=6
2025-10-09 10:09:36,952 [DEBUG] Accepted segment [24064:25088], variance=0.0620, QRS count=6
2025-10-09 10:09:36,956 [DEBUG] Accepted segment [24576:25600], variance=0.1251, QRS count=6
2025-10-09 10:09:36,960 [DEBUG] Accepted segment [25088:26112], variance=0.1270, QRS count=6
2025-10-09 10:09:36,964 [DEBUG] Accepted segment [25600:26624], variance=0.0756, QRS count=6
2025-10-09 10:09:36,968 [DEBUG] Accepted segment [26112:27136], variance=0.0709, QRS count=6
2025-10-09 10:09:36,973 [DEBUG] Accepted segment [26624:27648], variance=0.0589, QRS count=6
2025-10-09 10:09:36,977 [DEBUG] Accepted segment [27136:28160], variance=0.0584, QRS count=6
2025-10-09 10:09:36,981 [DEBUG] Accepted segment [27648:28672], variance=0.0565, QRS count=6
2025-10-09 10:09:36,985 [DEBUG] Accepted segment [28160:29184], variance=0.0559, QRS count=6
2025-10-09 10:09:36,989 [DEBUG] Accepted segment [28672:29696], variance=0.0563, QRS count=6
2025-10-09 10:09:36,993 [DEBUG] Accepted segment [29184:30208], variance=0.0540, QRS count=6
2025-10-09 10:09:36,998 [DEBUG] Accepted segment [29696:30720], variance=0.0480, QRS count=6
2025-10-09 10:09:37,002 [DEBUG] Accepted segment [30208:31232], variance=0.0466, QRS count=5
2025-10-09 10:09:37,006 [DEBUG] Accepted segment [30720:31744], variance=0.0484, QRS count=5
2025-10-09 10:09:37,010 [DEBUG] Accepted segment [31232:32256], variance=0.0523, QRS count=6
2025-10-09 10:09:37,014 [DEBUG] Accepted segment [31744:32768], variance=0.0579, QRS count=6
2025-10-09 10:09:37,018 [DEBUG] Accepted segment [32256:33280], variance=0.0605, QRS count=5
2025-10-09 10:09:37,022 [DEBUG] Accepted segment [32768:33792], variance=0.0593, QRS count=5
2025-10-09 10:09:37,026 [DEBUG] Accepted segment [33280:34304], variance=0.0577, QRS count=5
2025-10-09 10:09:37,030 [DEBUG] Accepted segment [33792:34816], variance=0.0579, QRS count=6
2025-10-09 10:09:37,034 [DEBUG] Accepted segment [34304:35328], variance=0.0569, QRS count=6
2025-10-09 10:09:37,038 [DEBUG] Accepted segment [34816:35840], variance=0.0569, QRS count=6
2025-10-09 10:09:37,042 [DEBUG] Accepted segment [35328:36352], variance=0.0586, QRS count=6
2025-10-09 10:09:37,047 [DEBUG] Accepted segment [35840:36864], variance=0.0496, QRS count=6
2025-10-09 10:09:37,051 [DEBUG] Accepted segment [36352:37376], variance=0.0498, QRS count=5
2025-10-09 10:09:37,055 [DEBUG] Accepted segment [36864:37888], variance=0.0598, QRS count=5
2025-10-09 10:09:37,059 [DEBUG] Accepted segment [37376:38400], variance=0.0608, QRS count=5
2025-10-09 10:09:37,063 [DEBUG] Accepted segment [37888:38912], variance=0.0619, QRS count=5
2025-10-09 10:09:37,067 [DEBUG] Accepted segment [38400:39424], variance=0.0603, QRS count=6
2025-10-09 10:09:37,071 [DEBUG] Accepted segment [38912:39936], variance=0.0589, QRS count=6
2025-10-09 10:09:37,076 [DEBUG] Accepted segment [39424:40448], variance=0.0607, QRS count=6
2025-10-09 10:09:37,080 [DEBUG] Accepted segment [39936:40960], variance=0.0523, QRS count=6
2025-10-09 10:09:37,084 [DEBUG] Accepted segment [40448:41472], variance=0.0519, QRS count=5
2025-10-09 10:09:37,088 [DEBUG] Accepted segment [40960:41984], variance=0.0605, QRS count=5
2025-10-09 10:09:37,092 [DEBUG] Accepted segment [41472:42496], variance=0.0594, QRS count=5
2025-10-09 10:09:37,096 [DEBUG] Accepted segment [41984:43008], variance=0.0573, QRS count=6
2025-10-09 10:09:37,100 [DEBUG] Accepted segment [42496:43520], variance=0.0570, QRS count=6
2025-10-09 10:09:37,105 [DEBUG] Accepted segment [43008:44032], variance=0.0501, QRS count=5
2025-10-09 10:09:37,109 [DEBUG] Accepted segment [43520:44544], variance=0.0484, QRS count=5
2025-10-09 10:09:37,113 [DEBUG] Accepted segment [44032:45056], variance=0.0558, QRS count=5
2025-10-09 10:09:37,117 [DEBUG] Accepted segment [44544:45568], variance=0.0570, QRS count=5
2025-10-09 10:09:37,121 [DEBUG] Accepted segment [45056:46080], variance=0.0533, QRS count=5
2025-10-09 10:09:37,125 [DEBUG] Accepted segment [45568:46592], variance=0.0483, QRS count=6
2025-10-09 10:09:37,129 [DEBUG] Accepted segment [46080:47104], variance=0.0507, QRS count=6
2025-10-09 10:09:37,133 [DEBUG] Accepted segment [46592:47616], variance=0.0576, QRS count=6
2025-10-09 10:09:37,138 [DEBUG] Accepted segment [47104:48128], variance=0.0606, QRS count=6
2025-10-09 10:09:37,142 [DEBUG] Accepted segment [47616:48640], variance=0.0595, QRS count=6
2025-10-09 10:09:37,146 [DEBUG] Accepted segment [48128:49152], variance=0.0510, QRS count=6
2025-10-09 10:09:37,151 [DEBUG] Accepted segment [48640:49664], variance=0.0516, QRS count=5
2025-10-09 10:09:37,155 [DEBUG] Accepted segment [49152:50176], variance=0.0585, QRS count=5
2025-10-09 10:09:37,159 [DEBUG] Accepted segment [49664:50688], variance=0.0584, QRS count=5
2025-10-09 10:09:37,163 [DEBUG] Accepted segment [50176:51200], variance=0.0589, QRS count=6
2025-10-09 10:09:37,167 [DEBUG] Accepted segment [50688:51712], variance=0.0584, QRS count=6
2025-10-09 10:09:37,172 [DEBUG] Accepted segment [51200:52224], variance=0.0501, QRS count=5
2025-10-09 10:09:37,176 [DEBUG] Accepted segment [51712:52736], variance=0.0509, QRS count=5
2025-10-09 10:09:37,180 [DEBUG] Accepted segment [52224:53248], variance=0.0593, QRS count=5
2025-10-09 10:09:37,185 [DEBUG] Accepted segment [52736:53760], variance=0.0583, QRS count=6
2025-10-09 10:09:37,189 [DEBUG] Accepted segment [53248:54272], variance=0.0595, QRS count=5
2025-10-09 10:09:37,193 [DEBUG] Accepted segment [53760:54784], variance=0.0531, QRS count=5
2025-10-09 10:09:37,197 [DEBUG] Accepted segment [54272:55296], variance=0.0531, QRS count=5
2025-10-09 10:09:37,201 [DEBUG] Accepted segment [54784:55808], variance=0.0593, QRS count=5
2025-10-09 10:09:37,205 [DEBUG] Accepted segment [55296:56320], variance=0.0602, QRS count=5
2025-10-09 10:09:37,209 [DEBUG] Accepted segment [55808:56832], variance=0.0621, QRS count=5
2025-10-09 10:09:37,213 [DEBUG] Accepted segment [56320:57344], variance=0.0596, QRS count=5
2025-10-09 10:09:37,217 [DEBUG] Accepted segment [56832:57856], variance=0.0563, QRS count=6
2025-10-09 10:09:37,222 [DEBUG] Accepted segment [57344:58368], variance=0.0567, QRS count=6
2025-10-09 10:09:37,226 [DEBUG] Accepted segment [57856:58880], variance=0.0583, QRS count=5
2025-10-09 10:09:37,230 [DEBUG] Accepted segment [58368:59392], variance=0.0492, QRS count=5
2025-10-09 10:09:37,234 [DEBUG] Accepted segment [58880:59904], variance=0.0492, QRS count=5
2025-10-09 10:09:37,238 [DEBUG] Accepted segment [59392:60416], variance=0.0592, QRS count=5
2025-10-09 10:09:37,243 [DEBUG] Accepted segment [59904:60928], variance=0.0586, QRS count=5
2025-10-09 10:09:37,247 [DEBUG] Accepted segment [60416:61440], variance=0.0579, QRS count=6
2025-10-09 10:09:37,251 [DEBUG] Accepted segment [60928:61952], variance=0.0584, QRS count=6
2025-10-09 10:09:37,255 [DEBUG] Accepted segment [61440:62464], variance=0.0588, QRS count=5
2025-10-09 10:09:37,259 [DEBUG] Accepted segment [61952:62976], variance=0.0565, QRS count=5
2025-10-09 10:09:37,264 [DEBUG] Accepted segment [62464:63488], variance=0.0485, QRS count=6
2025-10-09 10:09:37,268 [DEBUG] Accepted segment [62976:64000], variance=0.0508, QRS count=5
2025-10-09 10:09:37,272 [DEBUG] Accepted segment [63488:64512], variance=0.0608, QRS count=5
2025-10-09 10:09:37,277 [DEBUG] Accepted segment [64000:65024], variance=0.0619, QRS count=5
2025-10-09 10:09:37,281 [DEBUG] Accepted segment [64512:65536], variance=0.0587, QRS count=5
2025-10-09 10:09:37,285 [DEBUG] Accepted segment [65024:66048], variance=0.0603, QRS count=5
2025-10-09 10:09:37,289 [DEBUG] Accepted segment [65536:66560], variance=0.0623, QRS count=5
2025-10-09 10:09:37,293 [DEBUG] Accepted segment [66048:67072], variance=0.0612, QRS count=5
2025-10-09 10:09:37,298 [DEBUG] Accepted segment [66560:67584], variance=0.0614, QRS count=6
2025-10-09 10:09:37,302 [DEBUG] Accepted segment [67072:68096], variance=0.0627, QRS count=6
2025-10-09 10:09:37,306 [DEBUG] Accepted segment [67584:68608], variance=0.0535, QRS count=5
2025-10-09 10:09:37,310 [DEBUG] Accepted segment [68096:69120], variance=0.0529, QRS count=5
2025-10-09 10:09:37,314 [DEBUG] Accepted segment [68608:69632], variance=0.0620, QRS count=5
2025-10-09 10:09:37,318 [DEBUG] Accepted segment [69120:70144], variance=0.0512, QRS count=6
2025-10-09 10:09:37,322 [DEBUG] Accepted segment [69632:70656], variance=0.0508, QRS count=5
2025-10-09 10:09:37,327 [DEBUG] Accepted segment [70144:71168], variance=0.0623, QRS count=5
2025-10-09 10:09:37,331 [DEBUG] Accepted segment [70656:71680], variance=0.0649, QRS count=5
2025-10-09 10:09:37,335 [DEBUG] Accepted segment [71168:72192], variance=0.0649, QRS count=6
2025-10-09 10:09:37,339 [DEBUG] Accepted segment [71680:72704], variance=0.0643, QRS count=6
2025-10-09 10:09:37,343 [DEBUG] Accepted segment [72192:73216], variance=0.0546, QRS count=6
2025-10-09 10:09:37,347 [DEBUG] Accepted segment [72704:73728], variance=0.0550, QRS count=5
2025-10-09 10:09:37,351 [DEBUG] Accepted segment [73216:74240], variance=0.0646, QRS count=5
2025-10-09 10:09:37,355 [DEBUG] Accepted segment [73728:74752], variance=0.0630, QRS count=5
2025-10-09 10:09:37,360 [DEBUG] Accepted segment [74240:75264], variance=0.0623, QRS count=6
2025-10-09 10:09:37,364 [DEBUG] Accepted segment [74752:75776], variance=0.0621, QRS count=6
2025-10-09 10:09:37,368 [DEBUG] Accepted segment [75264:76288], variance=0.0509, QRS count=6
2025-10-09 10:09:37,372 [DEBUG] Accepted segment [75776:76800], variance=0.0518, QRS count=5
2025-10-09 10:09:37,376 [DEBUG] Accepted segment [76288:77312], variance=0.0641, QRS count=5
2025-10-09 10:09:37,380 [DEBUG] Accepted segment [76800:77824], variance=0.0659, QRS count=5
2025-10-09 10:09:37,385 [DEBUG] Accepted segment [77312:78336], variance=0.0647, QRS count=6
2025-10-09 10:09:37,389 [DEBUG] Accepted segment [77824:78848], variance=0.0543, QRS count=5
2025-10-09 10:09:37,394 [DEBUG] Accepted segment [78336:79360], variance=0.0534, QRS count=5
2025-10-09 10:09:37,398 [DEBUG] Accepted segment [78848:79872], variance=0.0600, QRS count=5
2025-10-09 10:09:37,402 [DEBUG] Accepted segment [79360:80384], variance=0.0605, QRS count=6
2025-10-09 10:09:37,407 [DEBUG] Accepted segment [79872:80896], variance=0.0530, QRS count=5
2025-10-09 10:09:37,411 [DEBUG] Accepted segment [80384:81408], variance=0.0525, QRS count=5
2025-10-09 10:09:37,416 [DEBUG] Accepted segment [80896:81920], variance=0.0614, QRS count=5
2025-10-09 10:09:37,420 [DEBUG] Accepted segment [81408:82432], variance=0.0623, QRS count=6
2025-10-09 10:09:37,425 [DEBUG] Accepted segment [81920:82944], variance=0.0606, QRS count=5
2025-10-09 10:09:37,430 [DEBUG] Accepted segment [82432:83456], variance=0.0508, QRS count=5
2025-10-09 10:09:37,434 [DEBUG] Accepted segment [82944:83968], variance=0.0525, QRS count=5
2025-10-09 10:09:37,439 [DEBUG] Accepted segment [83456:84480], variance=0.0618, QRS count=5
2025-10-09 10:09:37,443 [DEBUG] Accepted segment [83968:84992], variance=0.0601, QRS count=5
2025-10-09 10:09:37,448 [DEBUG] Accepted segment [84480:85504], variance=0.0589, QRS count=5
2025-10-09 10:09:37,453 [DEBUG] Accepted segment [84992:86016], variance=0.0579, QRS count=6
2025-10-09 10:09:37,457 [DEBUG] Accepted segment [85504:86528], variance=0.0604, QRS count=6
2025-10-09 10:09:37,462 [DEBUG] Accepted segment [86016:87040], variance=0.0538, QRS count=5
2025-10-09 10:09:37,466 [DEBUG] Accepted segment [86528:87552], variance=0.0515, QRS count=5
2025-10-09 10:09:37,471 [DEBUG] Accepted segment [87040:88064], variance=0.0609, QRS count=5
2025-10-09 10:09:37,476 [DEBUG] Accepted segment [87552:88576], variance=0.0617, QRS count=5
2025-10-09 10:09:37,480 [DEBUG] Accepted segment [88064:89088], variance=0.0498, QRS count=5
2025-10-09 10:09:37,485 [DEBUG] Accepted segment [88576:89600], variance=0.0489, QRS count=5
2025-10-09 10:09:37,491 [DEBUG] Accepted segment [89088:90112], variance=0.0603, QRS count=5
2025-10-09 10:09:37,496 [DEBUG] Accepted segment [89600:90624], variance=0.0612, QRS count=6
2025-10-09 10:09:37,502 [DEBUG] Accepted segment [90112:91136], variance=0.0612, QRS count=6
2025-10-09 10:09:37,507 [DEBUG] Accepted segment [90624:91648], variance=0.0535, QRS count=5
2025-10-09 10:09:37,512 [DEBUG] Accepted segment [91136:92160], variance=0.0552, QRS count=5
2025-10-09 10:09:37,517 [DEBUG] Accepted segment [91648:92672], variance=0.0635, QRS count=5
2025-10-09 10:09:37,522 [DEBUG] Accepted segment [92160:93184], variance=0.0609, QRS count=5
2025-10-09 10:09:37,527 [DEBUG] Accepted segment [92672:93696], variance=0.0534, QRS count=6
2025-10-09 10:09:37,532 [DEBUG] Accepted segment [93184:94208], variance=0.0553, QRS count=5
2025-10-09 10:09:37,541 [DEBUG] Accepted segment [93696:94720], variance=0.0625, QRS count=5
2025-10-09 10:09:37,547 [DEBUG] Accepted segment [94208:95232], variance=0.0619, QRS count=5
2025-10-09 10:09:37,554 [DEBUG] Accepted segment [94720:95744], variance=0.0629, QRS count=6
2025-10-09 10:09:37,560 [DEBUG] Accepted segment [95232:96256], variance=0.0528, QRS count=5
2025-10-09 10:09:37,565 [DEBUG] Accepted segment [95744:96768], variance=0.0525, QRS count=5
2025-10-09 10:09:37,570 [DEBUG] Accepted segment [96256:97280], variance=0.0625, QRS count=5
2025-10-09 10:09:37,575 [DEBUG] Accepted segment [96768:97792], variance=0.0602, QRS count=6
2025-10-09 10:09:37,581 [DEBUG] Accepted segment [97280:98304], variance=0.0574, QRS count=6
2025-10-09 10:09:37,586 [DEBUG] Accepted segment [97792:98816], variance=0.0569, QRS count=6
2025-10-09 10:09:37,591 [DEBUG] Accepted segment [98304:99328], variance=0.0501, QRS count=6
2025-10-09 10:09:37,596 [DEBUG] Accepted segment [98816:99840], variance=0.0510, QRS count=5
2025-10-09 10:09:37,601 [DEBUG] Accepted segment [99328:100352], variance=0.0579, QRS count=5
2025-10-09 10:09:37,606 [DEBUG] Accepted segment [99840:100864], variance=0.0583, QRS count=5
2025-10-09 10:09:37,611 [DEBUG] Accepted segment [100352:101376], variance=0.0604, QRS count=5
2025-10-09 10:09:37,616 [DEBUG] Accepted segment [100864:101888], variance=0.0593, QRS count=6
2025-10-09 10:09:37,620 [DEBUG] Accepted segment [101376:102400], variance=0.0568, QRS count=6
2025-10-09 10:09:37,625 [DEBUG] Accepted segment [101888:102912], variance=0.0552, QRS count=6
2025-10-09 10:09:37,631 [DEBUG] Accepted segment [102400:103424], variance=0.0554, QRS count=6
2025-10-09 10:09:37,636 [DEBUG] Accepted segment [102912:103936], variance=0.0574, QRS count=6
2025-10-09 10:09:37,642 [DEBUG] Accepted segment [103424:104448], variance=0.0576, QRS count=5
2025-10-09 10:09:37,648 [DEBUG] Accepted segment [103936:104960], variance=0.0472, QRS count=6
2025-10-09 10:09:37,653 [DEBUG] Accepted segment [104448:105472], variance=0.0462, QRS count=5
2025-10-09 10:09:37,658 [DEBUG] Accepted segment [104960:105984], variance=0.0554, QRS count=5
2025-10-09 10:09:37,663 [DEBUG] Accepted segment [105472:106496], variance=0.0562, QRS count=5
2025-10-09 10:09:37,669 [DEBUG] Accepted segment [105984:107008], variance=0.0543, QRS count=5
2025-10-09 10:09:37,674 [DEBUG] Accepted segment [106496:107520], variance=0.0518, QRS count=5
2025-10-09 10:09:37,679 [DEBUG] Accepted segment [107008:108032], variance=0.0523, QRS count=5
2025-10-09 10:09:37,684 [DEBUG] Accepted segment [107520:108544], variance=0.0539, QRS count=5
2025-10-09 10:09:37,691 [DEBUG] Accepted segment [108032:109056], variance=0.0543, QRS count=5
2025-10-09 10:09:37,696 [DEBUG] Accepted segment [108544:109568], variance=0.0531, QRS count=6
2025-10-09 10:09:37,702 [DEBUG] Accepted segment [109056:110080], variance=0.0515, QRS count=6
2025-10-09 10:09:37,707 [DEBUG] Accepted segment [109568:110592], variance=0.0521, QRS count=6
2025-10-09 10:09:37,713 [DEBUG] Accepted segment [110080:111104], variance=0.1279, QRS count=6
2025-10-09 10:09:37,718 [DEBUG] Accepted segment [110592:111616], variance=0.1293, QRS count=5
2025-10-09 10:09:37,723 [DEBUG] Accepted segment [111104:112128], variance=0.0552, QRS count=6
2025-10-09 10:09:37,729 [DEBUG] Accepted segment [111616:112640], variance=0.0537, QRS count=6
2025-10-09 10:09:37,734 [DEBUG] Accepted segment [112128:113152], variance=0.0532, QRS count=6
2025-10-09 10:09:37,740 [DEBUG] Accepted segment [112640:113664], variance=0.0558, QRS count=6
2025-10-09 10:09:37,745 [DEBUG] Accepted segment [113152:114176], variance=0.0582, QRS count=5
2025-10-09 10:09:37,751 [DEBUG] Accepted segment [113664:114688], variance=0.0514, QRS count=6
2025-10-09 10:09:37,756 [DEBUG] Accepted segment [114176:115200], variance=0.0525, QRS count=5
2025-10-09 10:09:37,761 [DEBUG] Accepted segment [114688:115712], variance=0.0596, QRS count=5
2025-10-09 10:09:37,766 [DEBUG] Accepted segment [115200:116224], variance=0.0584, QRS count=5
2025-10-09 10:09:37,771 [DEBUG] Accepted segment [115712:116736], variance=0.0515, QRS count=6
2025-10-09 10:09:37,776 [DEBUG] Accepted segment [116224:117248], variance=0.0530, QRS count=5
2025-10-09 10:09:37,781 [DEBUG] Accepted segment [116736:117760], variance=0.0609, QRS count=5
2025-10-09 10:09:37,786 [DEBUG] Accepted segment [117248:118272], variance=0.0628, QRS count=5
2025-10-09 10:09:37,791 [DEBUG] Accepted segment [117760:118784], variance=0.0637, QRS count=6
2025-10-09 10:09:37,796 [DEBUG] Accepted segment [118272:119296], variance=0.0609, QRS count=6
2025-10-09 10:09:37,801 [DEBUG] Accepted segment [118784:119808], variance=0.0506, QRS count=6
2025-10-09 10:09:37,801 [DEBUG] Skipping segment [119296:120320] due to overlap with noise [120200:120500]
2025-10-09 10:09:37,801 [DEBUG] Skipping segment [119808:120832] due to overlap with noise [120200:120500]
2025-10-09 10:09:37,801 [DEBUG] Skipping segment [120320:121344] due to overlap with noise [120200:120500]
2025-10-09 10:09:37,806 [DEBUG] Accepted segment [120832:121856], variance=0.0428, QRS count=6
2025-10-09 10:09:37,811 [DEBUG] Accepted segment [121344:122368], variance=0.0406, QRS count=6
2025-10-09 10:09:37,816 [DEBUG] Accepted segment [121856:122880], variance=0.0365, QRS count=6
2025-10-09 10:09:37,821 [DEBUG] Accepted segment [122368:123392], variance=0.0401, QRS count=5
2025-10-09 10:09:37,826 [DEBUG] Accepted segment [122880:123904], variance=0.0464, QRS count=6
2025-10-09 10:09:37,830 [DEBUG] Accepted segment [123392:124416], variance=0.0520, QRS count=6
2025-10-09 10:09:37,835 [DEBUG] Accepted segment [123904:124928], variance=0.0439, QRS count=5
2025-10-09 10:09:37,840 [DEBUG] Accepted segment [124416:125440], variance=0.0354, QRS count=5
2025-10-09 10:09:37,845 [DEBUG] Accepted segment [124928:125952], variance=0.0386, QRS count=5
2025-10-09 10:09:37,850 [DEBUG] Accepted segment [125440:126464], variance=0.0365, QRS count=5
2025-10-09 10:09:37,855 [DEBUG] Accepted segment [125952:126976], variance=0.0365, QRS count=6
2025-10-09 10:09:37,859 [DEBUG] Accepted segment [126464:127488], variance=0.0327, QRS count=5
2025-10-09 10:09:37,864 [DEBUG] Accepted segment [126976:128000], variance=0.0324, QRS count=5
2025-10-09 10:09:37,864 [INFO] Segmented signal of length 128000 into 246 valid segments
2025-10-09 10:09:37,966 [INFO] Training batch shapes: X=(32, 1024, 1), Y=(32, 1024, 1)
2025-10-09 10:09:38,106 [DEBUG] Skipping segment [0:1024] due to overlap with noise [0:400]
2025-10-09 10:09:38,111 [DEBUG] Accepted segment [512:1536], variance=0.0713, QRS count=4
2025-10-09 10:09:38,116 [DEBUG] Accepted segment [1024:2048], variance=0.0615, QRS count=4
2025-10-09 10:09:38,117 [DEBUG] Skipping segment [1536:2560] due to overlap with noise [2400:3800]
2025-10-09 10:09:38,117 [DEBUG] Skipping segment [2048:3072] due to overlap with noise [2400:3800]
2025-10-09 10:09:38,117 [DEBUG] Skipping segment [2560:3584] due to overlap with noise [2400:3800]
2025-10-09 10:09:38,117 [DEBUG] Skipping segment [3072:4096] due to overlap with noise [2400:3800]
2025-10-09 10:09:38,117 [DEBUG] Skipping segment [3584:4608] due to overlap with noise [2400:3800]
2025-10-09 10:09:38,122 [DEBUG] Accepted segment [4096:5120], variance=0.0638, QRS count=4
2025-10-09 10:09:38,127 [DEBUG] Accepted segment [4608:5632], variance=0.0595, QRS count=4
2025-10-09 10:09:38,132 [DEBUG] Accepted segment [5120:6144], variance=0.0630, QRS count=5
2025-10-09 10:09:38,137 [DEBUG] Accepted segment [5632:6656], variance=0.0667, QRS count=4
2025-10-09 10:09:38,142 [DEBUG] Accepted segment [6144:7168], variance=0.0610, QRS count=4
2025-10-09 10:09:38,147 [DEBUG] Accepted segment [6656:7680], variance=0.0560, QRS count=4
2025-10-09 10:09:38,152 [DEBUG] Accepted segment [7168:8192], variance=0.0571, QRS count=4
2025-10-09 10:09:38,157 [DEBUG] Accepted segment [7680:8704], variance=0.0666, QRS count=4
2025-10-09 10:09:38,161 [DEBUG] Accepted segment [8192:9216], variance=0.0678, QRS count=4
2025-10-09 10:09:38,166 [DEBUG] Accepted segment [8704:9728], variance=0.0588, QRS count=4
2025-10-09 10:09:38,171 [DEBUG] Accepted segment [9216:10240], variance=0.0635, QRS count=5
2025-10-09 10:09:38,176 [DEBUG] Accepted segment [9728:10752], variance=0.0676, QRS count=4
2025-10-09 10:09:38,181 [DEBUG] Accepted segment [10240:11264], variance=0.0598, QRS count=4
2025-10-09 10:09:38,186 [DEBUG] Accepted segment [10752:11776], variance=0.0615, QRS count=4
2025-10-09 10:09:38,191 [DEBUG] Accepted segment [11264:12288], variance=0.0670, QRS count=5
2025-10-09 10:09:38,196 [DEBUG] Accepted segment [11776:12800], variance=0.0617, QRS count=4
2025-10-09 10:09:38,201 [DEBUG] Accepted segment [12288:13312], variance=0.0684, QRS count=5
2025-10-09 10:09:38,206 [DEBUG] Accepted segment [12800:13824], variance=0.0672, QRS count=4
2025-10-09 10:09:38,211 [DEBUG] Accepted segment [13312:14336], variance=0.0669, QRS count=5
2025-10-09 10:09:38,216 [DEBUG] Accepted segment [13824:14848], variance=0.0698, QRS count=4
2025-10-09 10:09:38,221 [DEBUG] Accepted segment [14336:15360], variance=0.0721, QRS count=5
2025-10-09 10:09:38,226 [DEBUG] Accepted segment [14848:15872], variance=0.0806, QRS count=5
2025-10-09 10:09:38,231 [DEBUG] Accepted segment [15360:16384], variance=0.0725, QRS count=6
2025-10-09 10:09:38,236 [DEBUG] Accepted segment [15872:16896], variance=0.0769, QRS count=5
2025-10-09 10:09:38,241 [DEBUG] Accepted segment [16384:17408], variance=0.0851, QRS count=5
2025-10-09 10:09:38,246 [DEBUG] Accepted segment [16896:17920], variance=0.0787, QRS count=6
2025-10-09 10:09:38,251 [DEBUG] Accepted segment [17408:18432], variance=0.0684, QRS count=5
2025-10-09 10:09:38,256 [DEBUG] Accepted segment [17920:18944], variance=0.0600, QRS count=4
2025-10-09 10:09:38,261 [DEBUG] Accepted segment [18432:19456], variance=0.0654, QRS count=5
2025-10-09 10:09:38,266 [DEBUG] Accepted segment [18944:19968], variance=0.0706, QRS count=4
2025-10-09 10:09:38,271 [DEBUG] Accepted segment [19456:20480], variance=0.0615, QRS count=4
2025-10-09 10:09:38,276 [DEBUG] Accepted segment [19968:20992], variance=0.0565, QRS count=4
2025-10-09 10:09:38,281 [DEBUG] Accepted segment [20480:21504], variance=0.0658, QRS count=5
2025-10-09 10:09:38,286 [DEBUG] Accepted segment [20992:22016], variance=0.0707, QRS count=4
2025-10-09 10:09:38,291 [DEBUG] Accepted segment [21504:22528], variance=0.0634, QRS count=4
2025-10-09 10:09:38,296 [DEBUG] Accepted segment [22016:23040], variance=0.0587, QRS count=4
2025-10-09 10:09:38,302 [DEBUG] Accepted segment [22528:23552], variance=0.0665, QRS count=5
2025-10-09 10:09:38,302 [DEBUG] Skipping segment [23040:24064] due to overlap with noise [24000:24800]
2025-10-09 10:09:38,302 [DEBUG] Skipping segment [23552:24576] due to overlap with noise [24000:24800]
2025-10-09 10:09:38,302 [DEBUG] Skipping segment [24064:25088] due to overlap with noise [24000:24800]
2025-10-09 10:09:38,302 [DEBUG] Skipping segment [24576:25600] due to overlap with noise [24000:24800]
2025-10-09 10:09:38,307 [DEBUG] Accepted segment [25088:26112], variance=0.0705, QRS count=6
2025-10-09 10:09:38,312 [DEBUG] Accepted segment [25600:26624], variance=0.0701, QRS count=5
2025-10-09 10:09:38,318 [DEBUG] Accepted segment [26112:27136], variance=0.0624, QRS count=5
2025-10-09 10:09:38,323 [DEBUG] Accepted segment [26624:27648], variance=0.0628, QRS count=6
2025-10-09 10:09:38,328 [DEBUG] Accepted segment [27136:28160], variance=0.0622, QRS count=5
2025-10-09 10:09:38,333 [DEBUG] Accepted segment [27648:28672], variance=0.0545, QRS count=5
2025-10-09 10:09:38,338 [DEBUG] Accepted segment [28160:29184], variance=0.0639, QRS count=5
2025-10-09 10:09:38,343 [DEBUG] Accepted segment [28672:29696], variance=0.0645, QRS count=4
2025-10-09 10:09:38,348 [DEBUG] Accepted segment [29184:30208], variance=0.0619, QRS count=5
2025-10-09 10:09:38,354 [DEBUG] Accepted segment [29696:30720], variance=0.0662, QRS count=5
2025-10-09 10:09:38,359 [DEBUG] Accepted segment [30208:31232], variance=0.0584, QRS count=4
2025-10-09 10:09:38,365 [DEBUG] Accepted segment [30720:31744], variance=0.0632, QRS count=5
2025-10-09 10:09:38,370 [DEBUG] Accepted segment [31232:32256], variance=0.0687, QRS count=4
2025-10-09 10:09:38,375 [DEBUG] Accepted segment [31744:32768], variance=0.0606, QRS count=4
2025-10-09 10:09:38,380 [DEBUG] Accepted segment [32256:33280], variance=0.0556, QRS count=5
2025-10-09 10:09:38,385 [DEBUG] Accepted segment [32768:33792], variance=0.0653, QRS count=5
2025-10-09 10:09:38,390 [DEBUG] Accepted segment [33280:34304], variance=0.0680, QRS count=4
2025-10-09 10:09:38,395 [DEBUG] Accepted segment [33792:34816], variance=0.0583, QRS count=4
2025-10-09 10:09:38,400 [DEBUG] Accepted segment [34304:35328], variance=0.0639, QRS count=5
2025-10-09 10:09:38,406 [DEBUG] Accepted segment [34816:35840], variance=0.0667, QRS count=4
2025-10-09 10:09:38,411 [DEBUG] Accepted segment [35328:36352], variance=0.0591, QRS count=5
2025-10-09 10:09:38,416 [DEBUG] Accepted segment [35840:36864], variance=0.0674, QRS count=5
2025-10-09 10:09:38,421 [DEBUG] Accepted segment [36352:37376], variance=0.0672, QRS count=4
2025-10-09 10:09:38,426 [DEBUG] Accepted segment [36864:37888], variance=0.0556, QRS count=4
2025-10-09 10:09:38,431 [DEBUG] Accepted segment [37376:38400], variance=0.0645, QRS count=4
2025-10-09 10:09:38,437 [DEBUG] Accepted segment [37888:38912], variance=0.0696, QRS count=4
2025-10-09 10:09:38,442 [DEBUG] Accepted segment [38400:39424], variance=0.0600, QRS count=4
2025-10-09 10:09:38,447 [DEBUG] Accepted segment [38912:39936], variance=0.0560, QRS count=4
2025-10-09 10:09:38,452 [DEBUG] Accepted segment [39424:40448], variance=0.0663, QRS count=5
2025-10-09 10:09:38,457 [DEBUG] Accepted segment [39936:40960], variance=0.0676, QRS count=4
2025-10-09 10:09:38,463 [DEBUG] Accepted segment [40448:41472], variance=0.0587, QRS count=4
2025-10-09 10:09:38,469 [DEBUG] Accepted segment [40960:41984], variance=0.0638, QRS count=5
2025-10-09 10:09:38,474 [DEBUG] Accepted segment [41472:42496], variance=0.0685, QRS count=4
2025-10-09 10:09:38,479 [DEBUG] Accepted segment [41984:43008], variance=0.0633, QRS count=4
2025-10-09 10:09:38,485 [DEBUG] Accepted segment [42496:43520], variance=0.0641, QRS count=5
2025-10-09 10:09:38,491 [DEBUG] Accepted segment [43008:44032], variance=0.0666, QRS count=5
2025-10-09 10:09:38,496 [DEBUG] Accepted segment [43520:44544], variance=0.0613, QRS count=4
2025-10-09 10:09:38,502 [DEBUG] Accepted segment [44032:45056], variance=0.0696, QRS count=5
2025-10-09 10:09:38,508 [DEBUG] Accepted segment [44544:45568], variance=0.0793, QRS count=5
2025-10-09 10:09:38,514 [DEBUG] Accepted segment [45056:46080], variance=0.0745, QRS count=5
2025-10-09 10:09:38,520 [DEBUG] Accepted segment [45568:46592], variance=0.0689, QRS count=5
2025-10-09 10:09:38,526 [DEBUG] Accepted segment [46080:47104], variance=0.0612, QRS count=5
2025-10-09 10:09:38,532 [DEBUG] Accepted segment [46592:47616], variance=0.0675, QRS count=5
2025-10-09 10:09:38,537 [DEBUG] Accepted segment [47104:48128], variance=0.0667, QRS count=4
2025-10-09 10:09:38,542 [DEBUG] Accepted segment [47616:48640], variance=0.0650, QRS count=5
2025-10-09 10:09:38,548 [DEBUG] Accepted segment [48128:49152], variance=0.0693, QRS count=4
2025-10-09 10:09:38,555 [DEBUG] Accepted segment [48640:49664], variance=0.0693, QRS count=5
2025-10-09 10:09:38,561 [DEBUG] Accepted segment [49152:50176], variance=0.0686, QRS count=5
2025-10-09 10:09:38,567 [DEBUG] Accepted segment [49664:50688], variance=0.0699, QRS count=5
2025-10-09 10:09:38,573 [DEBUG] Accepted segment [50176:51200], variance=0.0716, QRS count=6
2025-10-09 10:09:38,580 [DEBUG] Accepted segment [50688:51712], variance=0.0602, QRS count=5
2025-10-09 10:09:38,586 [DEBUG] Accepted segment [51200:52224], variance=0.0649, QRS count=5
2025-10-09 10:09:38,592 [DEBUG] Accepted segment [51712:52736], variance=0.0633, QRS count=4
2025-10-09 10:09:38,598 [DEBUG] Accepted segment [52224:53248], variance=0.0603, QRS count=5
2025-10-09 10:09:38,605 [DEBUG] Accepted segment [52736:53760], variance=0.0668, QRS count=5
2025-10-09 10:09:38,611 [DEBUG] Accepted segment [53248:54272], variance=0.0604, QRS count=5
2025-10-09 10:09:38,620 [DEBUG] Accepted segment [53760:54784], variance=0.0667, QRS count=5
2025-10-09 10:09:38,628 [DEBUG] Accepted segment [54272:55296], variance=0.0659, QRS count=4
2025-10-09 10:09:38,634 [DEBUG] Accepted segment [54784:55808], variance=0.0629, QRS count=5
2025-10-09 10:09:38,640 [DEBUG] Accepted segment [55296:56320], variance=0.0680, QRS count=5
2025-10-09 10:09:38,646 [DEBUG] Accepted segment [55808:56832], variance=0.0606, QRS count=4
2025-10-09 10:09:38,653 [DEBUG] Accepted segment [56320:57344], variance=0.0672, QRS count=5
2025-10-09 10:09:38,658 [DEBUG] Accepted segment [56832:57856], variance=0.0676, QRS count=4
2025-10-09 10:09:38,665 [DEBUG] Accepted segment [57344:58368], variance=0.0666, QRS count=5
2025-10-09 10:09:38,671 [DEBUG] Accepted segment [57856:58880], variance=0.0669, QRS count=4
2025-10-09 10:09:38,676 [DEBUG] Accepted segment [58368:59392], variance=0.0631, QRS count=5
2025-10-09 10:09:38,684 [DEBUG] Accepted segment [58880:59904], variance=0.0658, QRS count=4
2025-10-09 10:09:38,691 [DEBUG] Accepted segment [59392:60416], variance=0.0663, QRS count=5
2025-10-09 10:09:38,700 [DEBUG] Accepted segment [59904:60928], variance=0.0609, QRS count=5
2025-10-09 10:09:38,706 [DEBUG] Accepted segment [60416:61440], variance=0.0636, QRS count=5
2025-10-09 10:09:38,713 [DEBUG] Accepted segment [60928:61952], variance=0.0645, QRS count=4
2025-10-09 10:09:38,720 [DEBUG] Accepted segment [61440:62464], variance=0.0635, QRS count=5
2025-10-09 10:09:38,727 [DEBUG] Accepted segment [61952:62976], variance=0.0681, QRS count=5
2025-10-09 10:09:38,734 [DEBUG] Accepted segment [62464:63488], variance=0.0672, QRS count=5
2025-10-09 10:09:38,741 [DEBUG] Accepted segment [62976:64000], variance=0.0674, QRS count=5
2025-10-09 10:09:38,748 [DEBUG] Accepted segment [63488:64512], variance=0.0614, QRS count=4
2025-10-09 10:09:38,755 [DEBUG] Accepted segment [64000:65024], variance=0.0665, QRS count=4
2025-10-09 10:09:38,761 [DEBUG] Accepted segment [64512:65536], variance=0.0698, QRS count=4
2025-10-09 10:09:38,768 [DEBUG] Accepted segment [65024:66048], variance=0.0600, QRS count=4
2025-10-09 10:09:38,774 [DEBUG] Accepted segment [65536:66560], variance=0.0562, QRS count=4
2025-10-09 10:09:38,782 [DEBUG] Accepted segment [66048:67072], variance=0.0646, QRS count=5
2025-10-09 10:09:38,788 [DEBUG] Accepted segment [66560:67584], variance=0.0682, QRS count=4
2025-10-09 10:09:38,794 [DEBUG] Accepted segment [67072:68096], variance=0.0609, QRS count=4
2025-10-09 10:09:38,801 [DEBUG] Accepted segment [67584:68608], variance=0.0569, QRS count=4
2025-10-09 10:09:38,807 [DEBUG] Accepted segment [68096:69120], variance=0.0652, QRS count=5
2025-10-09 10:09:38,814 [DEBUG] Accepted segment [68608:69632], variance=0.0696, QRS count=4
2025-10-09 10:09:38,820 [DEBUG] Accepted segment [69120:70144], variance=0.0609, QRS count=4
2025-10-09 10:09:38,826 [DEBUG] Accepted segment [69632:70656], variance=0.0629, QRS count=5
2025-10-09 10:09:38,833 [DEBUG] Accepted segment [70144:71168], variance=0.0675, QRS count=4
2025-10-09 10:09:38,840 [DEBUG] Accepted segment [70656:71680], variance=0.0603, QRS count=4
2025-10-09 10:09:38,847 [DEBUG] Accepted segment [71168:72192], variance=0.0674, QRS count=5
2025-10-09 10:09:38,854 [DEBUG] Accepted segment [71680:72704], variance=0.0668, QRS count=4
2025-10-09 10:09:38,860 [DEBUG] Accepted segment [72192:73216], variance=0.0556, QRS count=4
2025-10-09 10:09:38,867 [DEBUG] Accepted segment [72704:73728], variance=0.0672, QRS count=5
2025-10-09 10:09:38,874 [DEBUG] Accepted segment [73216:74240], variance=0.0669, QRS count=4
2025-10-09 10:09:38,881 [DEBUG] Accepted segment [73728:74752], variance=0.0551, QRS count=5
2025-10-09 10:09:38,887 [DEBUG] Accepted segment [74240:75264], variance=0.0668, QRS count=5
2025-10-09 10:09:38,894 [DEBUG] Accepted segment [74752:75776], variance=0.0669, QRS count=4
2025-10-09 10:09:38,901 [DEBUG] Accepted segment [75264:76288], variance=0.0631, QRS count=4
2025-10-09 10:09:38,907 [DEBUG] Accepted segment [75776:76800], variance=0.0682, QRS count=5
2025-10-09 10:09:38,914 [DEBUG] Accepted segment [76288:77312], variance=0.0602, QRS count=4
2025-10-09 10:09:38,920 [DEBUG] Accepted segment [76800:77824], variance=0.0663, QRS count=5
2025-10-09 10:09:38,926 [DEBUG] Accepted segment [77312:78336], variance=0.0746, QRS count=5
2025-10-09 10:09:38,933 [DEBUG] Accepted segment [77824:78848], variance=0.0747, QRS count=5
2025-10-09 10:09:38,939 [DEBUG] Accepted segment [78336:79360], variance=0.0700, QRS count=5
2025-10-09 10:09:38,945 [DEBUG] Accepted segment [78848:79872], variance=0.0689, QRS count=5
2025-10-09 10:09:38,952 [DEBUG] Accepted segment [79360:80384], variance=0.0664, QRS count=4
2025-10-09 10:09:38,958 [DEBUG] Accepted segment [79872:80896], variance=0.0676, QRS count=5
2025-10-09 10:09:38,964 [DEBUG] Accepted segment [80384:81408], variance=0.0665, QRS count=4
2025-10-09 10:09:38,970 [DEBUG] Accepted segment [80896:81920], variance=0.0647, QRS count=5
2025-10-09 10:09:38,976 [DEBUG] Accepted segment [81408:82432], variance=0.0655, QRS count=4
2025-10-09 10:09:38,982 [DEBUG] Accepted segment [81920:82944], variance=0.0642, QRS count=5
2025-10-09 10:09:38,987 [DEBUG] Accepted segment [82432:83456], variance=0.0676, QRS count=5
2025-10-09 10:09:38,993 [DEBUG] Accepted segment [82944:83968], variance=0.0592, QRS count=4
2025-10-09 10:09:38,999 [DEBUG] Accepted segment [83456:84480], variance=0.0646, QRS count=5
2025-10-09 10:09:39,005 [DEBUG] Accepted segment [83968:84992], variance=0.0657, QRS count=4
2025-10-09 10:09:39,011 [DEBUG] Accepted segment [84480:85504], variance=0.0633, QRS count=5
2025-10-09 10:09:39,017 [DEBUG] Accepted segment [84992:86016], variance=0.0668, QRS count=5
2025-10-09 10:09:39,023 [DEBUG] Accepted segment [85504:86528], variance=0.0680, QRS count=5
2025-10-09 10:09:39,029 [DEBUG] Accepted segment [86016:87040], variance=0.0652, QRS count=4
2025-10-09 10:09:39,035 [DEBUG] Accepted segment [86528:87552], variance=0.0649, QRS count=5
2025-10-09 10:09:39,041 [DEBUG] Accepted segment [87040:88064], variance=0.0665, QRS count=4
2025-10-09 10:09:39,048 [DEBUG] Accepted segment [87552:88576], variance=0.0640, QRS count=5
2025-10-09 10:09:39,054 [DEBUG] Accepted segment [88064:89088], variance=0.0637, QRS count=5
2025-10-09 10:09:39,060 [DEBUG] Accepted segment [88576:89600], variance=0.0630, QRS count=4
2025-10-09 10:09:39,068 [DEBUG] Accepted segment [89088:90112], variance=0.0606, QRS count=5
2025-10-09 10:09:39,073 [DEBUG] Accepted segment [89600:90624], variance=0.0560, QRS count=4
2025-10-09 10:09:39,079 [DEBUG] Accepted segment [90112:91136], variance=0.0542, QRS count=4
2025-10-09 10:09:39,086 [DEBUG] Accepted segment [90624:91648], variance=0.0615, QRS count=5
2025-10-09 10:09:39,091 [DEBUG] Accepted segment [91136:92160], variance=0.0635, QRS count=4
2025-10-09 10:09:39,097 [DEBUG] Accepted segment [91648:92672], variance=0.0539, QRS count=5
2025-10-09 10:09:39,104 [DEBUG] Accepted segment [92160:93184], variance=0.0651, QRS count=5
2025-10-09 10:09:39,110 [DEBUG] Accepted segment [92672:93696], variance=0.0662, QRS count=4
2025-10-09 10:09:39,116 [DEBUG] Accepted segment [93184:94208], variance=0.0542, QRS count=4
2025-10-09 10:09:39,122 [DEBUG] Accepted segment [93696:94720], variance=0.0644, QRS count=5
2025-10-09 10:09:39,128 [DEBUG] Accepted segment [94208:95232], variance=0.0639, QRS count=4
2025-10-09 10:09:39,135 [DEBUG] Accepted segment [94720:95744], variance=0.0533, QRS count=4
2025-10-09 10:09:39,141 [DEBUG] Accepted segment [95232:96256], variance=0.0611, QRS count=5
2025-10-09 10:09:39,147 [DEBUG] Accepted segment [95744:96768], variance=0.0647, QRS count=4
2025-10-09 10:09:39,153 [DEBUG] Accepted segment [96256:97280], variance=0.0575, QRS count=5
2025-10-09 10:09:39,159 [DEBUG] Accepted segment [96768:97792], variance=0.0637, QRS count=5
2025-10-09 10:09:39,159 [DEBUG] Skipping segment [97280:98304] due to overlap with noise [98200:101600]
2025-10-09 10:09:39,159 [DEBUG] Skipping segment [97792:98816] due to overlap with noise [98200:101600]
2025-10-09 10:09:39,159 [DEBUG] Skipping segment [98304:99328] due to overlap with noise [98200:101600]
2025-10-09 10:09:39,159 [DEBUG] Skipping segment [98816:99840] due to overlap with noise [98200:101600]
2025-10-09 10:09:39,159 [DEBUG] Skipping segment [99328:100352] due to overlap with noise [98200:101600]
2025-10-09 10:09:39,159 [DEBUG] Skipping segment [99840:100864] due to overlap with noise [98200:101600]
2025-10-09 10:09:39,159 [DEBUG] Skipping segment [100352:101376] due to overlap with noise [98200:101600]
2025-10-09 10:09:39,159 [DEBUG] Skipping segment [100864:101888] due to overlap with noise [98200:101600]
2025-10-09 10:09:39,159 [DEBUG] Skipping segment [101376:102400] due to overlap with noise [98200:101600]
2025-10-09 10:09:39,166 [DEBUG] Accepted segment [101888:102912], variance=0.0620, QRS count=5
2025-10-09 10:09:39,172 [DEBUG] Accepted segment [102400:103424], variance=0.0601, QRS count=5
2025-10-09 10:09:39,177 [DEBUG] Accepted segment [102912:103936], variance=0.0623, QRS count=4
2025-10-09 10:09:39,184 [DEBUG] Accepted segment [103424:104448], variance=0.0644, QRS count=5
2025-10-09 10:09:39,190 [DEBUG] Accepted segment [103936:104960], variance=0.0658, QRS count=5
2025-10-09 10:09:39,196 [DEBUG] Accepted segment [104448:105472], variance=0.0645, QRS count=5
2025-10-09 10:09:39,203 [DEBUG] Accepted segment [104960:105984], variance=0.0644, QRS count=5
2025-10-09 10:09:39,209 [DEBUG] Accepted segment [105472:106496], variance=0.0673, QRS count=5
2025-10-09 10:09:39,215 [DEBUG] Accepted segment [105984:107008], variance=0.0652, QRS count=5
2025-10-09 10:09:39,221 [DEBUG] Accepted segment [106496:107520], variance=0.0622, QRS count=5
2025-10-09 10:09:39,226 [DEBUG] Accepted segment [107008:108032], variance=0.0632, QRS count=4
2025-10-09 10:09:39,232 [DEBUG] Accepted segment [107520:108544], variance=0.0575, QRS count=4
2025-10-09 10:09:39,238 [DEBUG] Accepted segment [108032:109056], variance=0.0623, QRS count=5
2025-10-09 10:09:39,244 [DEBUG] Accepted segment [108544:109568], variance=0.0661, QRS count=4
2025-10-09 10:09:39,244 [DEBUG] Skipping segment [109056:110080] due to overlap with noise [110000:110800]
2025-10-09 10:09:39,244 [DEBUG] Skipping segment [109568:110592] due to overlap with noise [110000:110800]
2025-10-09 10:09:39,244 [DEBUG] Skipping segment [110080:111104] due to overlap with noise [110000:110800]
2025-10-09 10:09:39,244 [DEBUG] Skipping segment [110592:111616] due to overlap with noise [110000:110800]
2025-10-09 10:09:39,250 [DEBUG] Accepted segment [111104:112128], variance=0.0659, QRS count=5
2025-10-09 10:09:39,256 [DEBUG] Accepted segment [111616:112640], variance=0.0660, QRS count=4
2025-10-09 10:09:39,262 [DEBUG] Accepted segment [112128:113152], variance=0.0650, QRS count=5
2025-10-09 10:09:39,268 [DEBUG] Accepted segment [112640:113664], variance=0.0650, QRS count=4
2025-10-09 10:09:39,274 [DEBUG] Accepted segment [113152:114176], variance=0.0616, QRS count=5
2025-10-09 10:09:39,280 [DEBUG] Accepted segment [113664:114688], variance=0.0663, QRS count=4
2025-10-09 10:09:39,285 [DEBUG] Accepted segment [114176:115200], variance=0.0597, QRS count=4
2025-10-09 10:09:39,291 [DEBUG] Accepted segment [114688:115712], variance=0.0616, QRS count=5
2025-10-09 10:09:39,297 [DEBUG] Accepted segment [115200:116224], variance=0.0643, QRS count=4
2025-10-09 10:09:39,303 [DEBUG] Accepted segment [115712:116736], variance=0.0654, QRS count=5
2025-10-09 10:09:39,308 [DEBUG] Accepted segment [116224:117248], variance=0.0645, QRS count=5
2025-10-09 10:09:39,315 [DEBUG] Accepted segment [116736:117760], variance=0.0676, QRS count=5
2025-10-09 10:09:39,315 [DEBUG] Skipping segment [117248:118272] due to overlap with noise [118000:119600]
2025-10-09 10:09:39,315 [DEBUG] Skipping segment [117760:118784] due to overlap with noise [118000:119600]
2025-10-09 10:09:39,315 [DEBUG] Skipping segment [118272:119296] due to overlap with noise [118000:119600]
2025-10-09 10:09:39,315 [DEBUG] Skipping segment [118784:119808] due to overlap with noise [118000:119600]
2025-10-09 10:09:39,316 [DEBUG] Skipping segment [119296:120320] due to overlap with noise [118000:119600]
2025-10-09 10:09:39,321 [DEBUG] Accepted segment [119808:120832], variance=0.0673, QRS count=5
2025-10-09 10:09:39,327 [DEBUG] Accepted segment [120320:121344], variance=0.0726, QRS count=5
2025-10-09 10:09:39,333 [DEBUG] Accepted segment [120832:121856], variance=0.0690, QRS count=6
2025-10-09 10:09:39,338 [DEBUG] Accepted segment [121344:122368], variance=0.0672, QRS count=6
2025-10-09 10:09:39,344 [DEBUG] Accepted segment [121856:122880], variance=0.0585, QRS count=5
2025-10-09 10:09:39,349 [DEBUG] Accepted segment [122368:123392], variance=0.0596, QRS count=5
2025-10-09 10:09:39,355 [DEBUG] Accepted segment [122880:123904], variance=0.0629, QRS count=4
2025-10-09 10:09:39,360 [DEBUG] Accepted segment [123392:124416], variance=0.0610, QRS count=5
2025-10-09 10:09:39,366 [DEBUG] Accepted segment [123904:124928], variance=0.0617, QRS count=4
2025-10-09 10:09:39,371 [DEBUG] Accepted segment [124416:125440], variance=0.0623, QRS count=5
2025-10-09 10:09:39,376 [DEBUG] Accepted segment [124928:125952], variance=0.0606, QRS count=4
2025-10-09 10:09:39,382 [DEBUG] Accepted segment [125440:126464], variance=0.0610, QRS count=5
2025-10-09 10:09:39,387 [DEBUG] Accepted segment [125952:126976], variance=0.0600, QRS count=4
2025-10-09 10:09:39,392 [DEBUG] Accepted segment [126464:127488], variance=0.0591, QRS count=5
2025-10-09 10:09:39,393 [INFO] Segmented signal of length 127999 into 220 valid segments
2025-10-09 10:09:39,886 [INFO] Test batch shapes: X=(32, 1024, 1), Y=(32, 1024, 1)
2025-10-09 10:09:39,891 [INFO] Building ResUNet Denoising Autoencoder
2025-10-09 10:09:40,640 [INFO] Model: "functional"
┏━━━━━━━━━━━━━━━━━━━━━━━━━━━━━━━┳━━━━━━━━━━━━━━━━━━━━━━━━━━━┳━━━━━━━━━━━━━━━━━┳━━━━━━━━━━━━━━━━━━━━━━━━━━━━┓
┃ Layer (type)                  ┃ Output Shape              ┃         Param # ┃ Connected to               ┃
┡━━━━━━━━━━━━━━━━━━━━━━━━━━━━━━━╇━━━━━━━━━━━━━━━━━━━━━━━━━━━╇━━━━━━━━━━━━━━━━━╇━━━━━━━━━━━━━━━━━━━━━━━━━━━━┩
│ input_layer (InputLayer)      │ (None, 1024, 1)           │               0 │ -                          │
├───────────────────────────────┼───────────────────────────┼─────────────────┼────────────────────────────┤
│ conv1d (Conv1D)               │ (None, 1024, 32)          │             128 │ input_layer[0][0]          │
├───────────────────────────────┼───────────────────────────┼─────────────────┼────────────────────────────┤
│ batch_normalization           │ (None, 1024, 32)          │             128 │ conv1d[0][0]               │
│ (BatchNormalization)          │                           │                 │                            │
├───────────────────────────────┼───────────────────────────┼─────────────────┼────────────────────────────┤
│ re_lu (ReLU)                  │ (None, 1024, 32)          │               0 │ batch_normalization[0][0]  │
├───────────────────────────────┼───────────────────────────┼─────────────────┼────────────────────────────┤
│ conv1d_1 (Conv1D)             │ (None, 1024, 32)          │           3,104 │ re_lu[0][0]                │
├───────────────────────────────┼───────────────────────────┼─────────────────┼────────────────────────────┤
│ batch_normalization_1         │ (None, 1024, 32)          │             128 │ conv1d_1[0][0]             │
│ (BatchNormalization)          │                           │                 │                            │
├───────────────────────────────┼───────────────────────────┼─────────────────┼────────────────────────────┤
│ conv1d_2 (Conv1D)             │ (None, 1024, 32)          │           1,056 │ batch_normalization_1[0][… │
├───────────────────────────────┼───────────────────────────┼─────────────────┼────────────────────────────┤
│ add (Add)                     │ (None, 1024, 32)          │               0 │ batch_normalization_1[0][… │
│                               │                           │                 │ conv1d_2[0][0]             │
├───────────────────────────────┼───────────────────────────┼─────────────────┼────────────────────────────┤
│ re_lu_1 (ReLU)                │ (None, 1024, 32)          │               0 │ add[0][0]                  │
├───────────────────────────────┼───────────────────────────┼─────────────────┼────────────────────────────┤
│ max_pooling1d (MaxPooling1D)  │ (None, 512, 32)           │               0 │ re_lu_1[0][0]              │
├───────────────────────────────┼───────────────────────────┼─────────────────┼────────────────────────────┤
│ conv1d_3 (Conv1D)             │ (None, 512, 64)           │           6,208 │ max_pooling1d[0][0]        │
├───────────────────────────────┼───────────────────────────┼─────────────────┼────────────────────────────┤
│ batch_normalization_2         │ (None, 512, 64)           │             256 │ conv1d_3[0][0]             │
│ (BatchNormalization)          │                           │                 │                            │
├───────────────────────────────┼───────────────────────────┼─────────────────┼────────────────────────────┤
│ re_lu_2 (ReLU)                │ (None, 512, 64)           │               0 │ batch_normalization_2[0][… │
├───────────────────────────────┼───────────────────────────┼─────────────────┼────────────────────────────┤
│ conv1d_4 (Conv1D)             │ (None, 512, 64)           │          12,352 │ re_lu_2[0][0]              │
├───────────────────────────────┼───────────────────────────┼─────────────────┼────────────────────────────┤
│ batch_normalization_3         │ (None, 512, 64)           │             256 │ conv1d_4[0][0]             │
│ (BatchNormalization)          │                           │                 │                            │
├───────────────────────────────┼───────────────────────────┼─────────────────┼────────────────────────────┤
│ conv1d_5 (Conv1D)             │ (None, 512, 64)           │           4,160 │ batch_normalization_3[0][… │
├───────────────────────────────┼───────────────────────────┼─────────────────┼────────────────────────────┤
│ add_1 (Add)                   │ (None, 512, 64)           │               0 │ batch_normalization_3[0][… │
│                               │                           │                 │ conv1d_5[0][0]             │
├───────────────────────────────┼───────────────────────────┼─────────────────┼────────────────────────────┤
│ re_lu_3 (ReLU)                │ (None, 512, 64)           │               0 │ add_1[0][0]                │
├───────────────────────────────┼───────────────────────────┼─────────────────┼────────────────────────────┤
│ max_pooling1d_1               │ (None, 256, 64)           │               0 │ re_lu_3[0][0]              │
│ (MaxPooling1D)                │                           │                 │                            │
├───────────────────────────────┼───────────────────────────┼─────────────────┼────────────────────────────┤
│ conv1d_6 (Conv1D)             │ (None, 256, 128)          │          24,704 │ max_pooling1d_1[0][0]      │
├───────────────────────────────┼───────────────────────────┼─────────────────┼────────────────────────────┤
│ batch_normalization_4         │ (None, 256, 128)          │             512 │ conv1d_6[0][0]             │
│ (BatchNormalization)          │                           │                 │                            │
├───────────────────────────────┼───────────────────────────┼─────────────────┼────────────────────────────┤
│ re_lu_4 (ReLU)                │ (None, 256, 128)          │               0 │ batch_normalization_4[0][… │
├───────────────────────────────┼───────────────────────────┼─────────────────┼────────────────────────────┤
│ conv1d_7 (Conv1D)             │ (None, 256, 128)          │          49,280 │ re_lu_4[0][0]              │
├───────────────────────────────┼───────────────────────────┼─────────────────┼────────────────────────────┤
│ batch_normalization_5         │ (None, 256, 128)          │             512 │ conv1d_7[0][0]             │
│ (BatchNormalization)          │                           │                 │                            │
├───────────────────────────────┼───────────────────────────┼─────────────────┼────────────────────────────┤
│ conv1d_8 (Conv1D)             │ (None, 256, 128)          │          16,512 │ batch_normalization_5[0][… │
├───────────────────────────────┼───────────────────────────┼─────────────────┼────────────────────────────┤
│ add_2 (Add)                   │ (None, 256, 128)          │               0 │ batch_normalization_5[0][… │
│                               │                           │                 │ conv1d_8[0][0]             │
├───────────────────────────────┼───────────────────────────┼─────────────────┼────────────────────────────┤
│ re_lu_5 (ReLU)                │ (None, 256, 128)          │               0 │ add_2[0][0]                │
├───────────────────────────────┼───────────────────────────┼─────────────────┼────────────────────────────┤
│ max_pooling1d_2               │ (None, 128, 128)          │               0 │ re_lu_5[0][0]              │
│ (MaxPooling1D)                │                           │                 │                            │
├───────────────────────────────┼───────────────────────────┼─────────────────┼────────────────────────────┤
│ conv1d_9 (Conv1D)             │ (None, 128, 256)          │          98,560 │ max_pooling1d_2[0][0]      │
├───────────────────────────────┼───────────────────────────┼─────────────────┼────────────────────────────┤
│ batch_normalization_6         │ (None, 128, 256)          │           1,024 │ conv1d_9[0][0]             │
│ (BatchNormalization)          │                           │                 │                            │
├───────────────────────────────┼───────────────────────────┼─────────────────┼────────────────────────────┤
│ re_lu_6 (ReLU)                │ (None, 128, 256)          │               0 │ batch_normalization_6[0][… │
├───────────────────────────────┼───────────────────────────┼─────────────────┼────────────────────────────┤
│ conv1d_10 (Conv1D)            │ (None, 128, 256)          │         196,864 │ re_lu_6[0][0]              │
├───────────────────────────────┼───────────────────────────┼─────────────────┼────────────────────────────┤
│ batch_normalization_7         │ (None, 128, 256)          │           1,024 │ conv1d_10[0][0]            │
│ (BatchNormalization)          │                           │                 │                            │
├───────────────────────────────┼───────────────────────────┼─────────────────┼────────────────────────────┤
│ conv1d_11 (Conv1D)            │ (None, 128, 256)          │          65,792 │ batch_normalization_7[0][… │
├───────────────────────────────┼───────────────────────────┼─────────────────┼────────────────────────────┤
│ add_3 (Add)                   │ (None, 128, 256)          │               0 │ batch_normalization_7[0][… │
│                               │                           │                 │ conv1d_11[0][0]            │
├───────────────────────────────┼───────────────────────────┼─────────────────┼────────────────────────────┤
│ re_lu_7 (ReLU)                │ (None, 128, 256)          │               0 │ add_3[0][0]                │
├───────────────────────────────┼───────────────────────────┼─────────────────┼────────────────────────────┤
│ up_sampling1d (UpSampling1D)  │ (None, 256, 256)          │               0 │ re_lu_7[0][0]              │
├───────────────────────────────┼───────────────────────────┼─────────────────┼────────────────────────────┤
│ concatenate (Concatenate)     │ (None, 256, 384)          │               0 │ up_sampling1d[0][0],       │
│                               │                           │                 │ re_lu_5[0][0]              │
├───────────────────────────────┼───────────────────────────┼─────────────────┼────────────────────────────┤
│ conv1d_12 (Conv1D)            │ (None, 256, 128)          │         147,584 │ concatenate[0][0]          │
├───────────────────────────────┼───────────────────────────┼─────────────────┼────────────────────────────┤
│ batch_normalization_8         │ (None, 256, 128)          │             512 │ conv1d_12[0][0]            │
│ (BatchNormalization)          │                           │                 │                            │
├───────────────────────────────┼───────────────────────────┼─────────────────┼────────────────────────────┤
│ re_lu_8 (ReLU)                │ (None, 256, 128)          │               0 │ batch_normalization_8[0][… │
├───────────────────────────────┼───────────────────────────┼─────────────────┼────────────────────────────┤
│ conv1d_13 (Conv1D)            │ (None, 256, 128)          │          49,280 │ re_lu_8[0][0]              │
├───────────────────────────────┼───────────────────────────┼─────────────────┼────────────────────────────┤
│ batch_normalization_9         │ (None, 256, 128)          │             512 │ conv1d_13[0][0]            │
│ (BatchNormalization)          │                           │                 │                            │
├───────────────────────────────┼───────────────────────────┼─────────────────┼────────────────────────────┤
│ conv1d_14 (Conv1D)            │ (None, 256, 128)          │          16,512 │ batch_normalization_9[0][… │
├───────────────────────────────┼───────────────────────────┼─────────────────┼────────────────────────────┤
│ add_4 (Add)                   │ (None, 256, 128)          │               0 │ batch_normalization_9[0][… │
│                               │                           │                 │ conv1d_14[0][0]            │
├───────────────────────────────┼───────────────────────────┼─────────────────┼────────────────────────────┤
│ re_lu_9 (ReLU)                │ (None, 256, 128)          │               0 │ add_4[0][0]                │
├───────────────────────────────┼───────────────────────────┼─────────────────┼────────────────────────────┤
│ up_sampling1d_1               │ (None, 512, 128)          │               0 │ re_lu_9[0][0]              │
│ (UpSampling1D)                │                           │                 │                            │
├───────────────────────────────┼───────────────────────────┼─────────────────┼────────────────────────────┤
│ concatenate_1 (Concatenate)   │ (None, 512, 192)          │               0 │ up_sampling1d_1[0][0],     │
│                               │                           │                 │ re_lu_3[0][0]              │
├───────────────────────────────┼───────────────────────────┼─────────────────┼────────────────────────────┤
│ conv1d_15 (Conv1D)            │ (None, 512, 64)           │          36,928 │ concatenate_1[0][0]        │
├───────────────────────────────┼───────────────────────────┼─────────────────┼────────────────────────────┤
│ batch_normalization_10        │ (None, 512, 64)           │             256 │ conv1d_15[0][0]            │
│ (BatchNormalization)          │                           │                 │                            │
├───────────────────────────────┼───────────────────────────┼─────────────────┼────────────────────────────┤
│ re_lu_10 (ReLU)               │ (None, 512, 64)           │               0 │ batch_normalization_10[0]… │
├───────────────────────────────┼───────────────────────────┼─────────────────┼────────────────────────────┤
│ conv1d_16 (Conv1D)            │ (None, 512, 64)           │          12,352 │ re_lu_10[0][0]             │
├───────────────────────────────┼───────────────────────────┼─────────────────┼────────────────────────────┤
│ batch_normalization_11        │ (None, 512, 64)           │             256 │ conv1d_16[0][0]            │
│ (BatchNormalization)          │                           │                 │                            │
├───────────────────────────────┼───────────────────────────┼─────────────────┼────────────────────────────┤
│ conv1d_17 (Conv1D)            │ (None, 512, 64)           │           4,160 │ batch_normalization_11[0]… │
├───────────────────────────────┼───────────────────────────┼─────────────────┼────────────────────────────┤
│ add_5 (Add)                   │ (None, 512, 64)           │               0 │ batch_normalization_11[0]… │
│                               │                           │                 │ conv1d_17[0][0]            │
├───────────────────────────────┼───────────────────────────┼─────────────────┼────────────────────────────┤
│ re_lu_11 (ReLU)               │ (None, 512, 64)           │               0 │ add_5[0][0]                │
├───────────────────────────────┼───────────────────────────┼─────────────────┼────────────────────────────┤
│ up_sampling1d_2               │ (None, 1024, 64)          │               0 │ re_lu_11[0][0]             │
│ (UpSampling1D)                │                           │                 │                            │
├───────────────────────────────┼───────────────────────────┼─────────────────┼────────────────────────────┤
│ concatenate_2 (Concatenate)   │ (None, 1024, 96)          │               0 │ up_sampling1d_2[0][0],     │
│                               │                           │                 │ re_lu_1[0][0]              │
├───────────────────────────────┼───────────────────────────┼─────────────────┼────────────────────────────┤
│ conv1d_18 (Conv1D)            │ (None, 1024, 32)          │           9,248 │ concatenate_2[0][0]        │
├───────────────────────────────┼───────────────────────────┼─────────────────┼────────────────────────────┤
│ batch_normalization_12        │ (None, 1024, 32)          │             128 │ conv1d_18[0][0]            │
│ (BatchNormalization)          │                           │                 │                            │
├───────────────────────────────┼───────────────────────────┼─────────────────┼────────────────────────────┤
│ re_lu_12 (ReLU)               │ (None, 1024, 32)          │               0 │ batch_normalization_12[0]… │
├───────────────────────────────┼───────────────────────────┼─────────────────┼────────────────────────────┤
│ conv1d_19 (Conv1D)            │ (None, 1024, 32)          │           3,104 │ re_lu_12[0][0]             │
├───────────────────────────────┼───────────────────────────┼─────────────────┼────────────────────────────┤
│ batch_normalization_13        │ (None, 1024, 32)          │             128 │ conv1d_19[0][0]            │
│ (BatchNormalization)          │                           │                 │                            │
├───────────────────────────────┼───────────────────────────┼─────────────────┼────────────────────────────┤
│ conv1d_20 (Conv1D)            │ (None, 1024, 32)          │           1,056 │ batch_normalization_13[0]… │
├───────────────────────────────┼───────────────────────────┼─────────────────┼────────────────────────────┤
│ add_6 (Add)                   │ (None, 1024, 32)          │               0 │ batch_normalization_13[0]… │
│                               │                           │                 │ conv1d_20[0][0]            │
├───────────────────────────────┼───────────────────────────┼─────────────────┼────────────────────────────┤
│ re_lu_13 (ReLU)               │ (None, 1024, 32)          │               0 │ add_6[0][0]                │
├───────────────────────────────┼───────────────────────────┼─────────────────┼────────────────────────────┤
│ conv1d_21 (Conv1D)            │ (None, 1024, 1)           │              33 │ re_lu_13[0][0]             │
└───────────────────────────────┴───────────────────────────┴─────────────────┴────────────────────────────┘
 Total params: 764,609 (2.92 MB)
 Trainable params: 761,793 (2.91 MB)
 Non-trainable params: 2,816 (11.00 KB)

