2025-10-09 11:01:02,682 [INFO] 


Starting ECG denoising script. Log file: /home/kesju/DI/2025_ZIVEO/S-ITP-25-9/TRAIN_UNET/logs/ecg_denoising_train_20251009_110102.log
2025-10-09 11:01:02,682 [INFO] TensorFlow version: 2.18.1
2025-10-09 11:01:02,684 [INFO] Arguments: {'ecg_records_dir': '/home/kesju/DI/2025_ZIVEO/S-ITP-25-9/DATA/ZIVE_DATA/ecg_selected_for_test', 'model_output': '/home/kesju/DI/2025_ZIVEO/S-ITP-25-9/UNET_MODELIS/resunet_ecg_1024_0_5_0_7.keras', 'vis_dir': '/home/kesju/DI/2025_ZIVEO/S-ITP-25-9/TRAIN_UNET/visualisations', 'train_split': 0.8, 'log_level': 'WARNING'}
2025-10-09 11:01:02,684 [INFO] Starting training workflow. ECG records dir: /home/kesju/DI/2025_ZIVEO/S-ITP-25-9/DATA/ZIVE_DATA/ecg_selected_for_test, Model output: /home/kesju/DI/2025_ZIVEO/S-ITP-25-9/UNET_MODELIS/resunet_ecg_1024_0_5_0_7.keras, Train split: 0.8
2025-10-09 11:01:02,684 [INFO] Loading ECG and noise indices from /home/kesju/DI/2025_ZIVEO/S-ITP-25-9/DATA/ZIVE_DATA/ecg_selected_for_test
2025-10-09 11:01:02,693 [DEBUG] Loaded annotated noise indices from /home/kesju/DI/2025_ZIVEO/S-ITP-25-9/DATA/ZIVE_DATA/ecg_selected_for_test/1001_6.json: [(120200, 120500)]
2025-10-09 11:01:02,693 [DEBUG] Loaded file: /home/kesju/DI/2025_ZIVEO/S-ITP-25-9/DATA/ZIVE_DATA/ecg_selected_for_test/1001_6.npy, shape: (128000,), noise indices: [(120200, 120500)], patient ID: 1001
2025-10-09 11:01:02,702 [DEBUG] Loaded annotated noise indices from /home/kesju/DI/2025_ZIVEO/S-ITP-25-9/DATA/ZIVE_DATA/ecg_selected_for_test/1001_8.json: [(106400, 107000)]
2025-10-09 11:01:02,702 [DEBUG] Loaded file: /home/kesju/DI/2025_ZIVEO/S-ITP-25-9/DATA/ZIVE_DATA/ecg_selected_for_test/1001_8.npy, shape: (128000,), noise indices: [(106400, 107000)], patient ID: 1001
2025-10-09 11:01:02,710 [DEBUG] Loaded annotated noise indices from /home/kesju/DI/2025_ZIVEO/S-ITP-25-9/DATA/ZIVE_DATA/ecg_selected_for_test/1004_0.json: [(0, 400), (2400, 3800), (24000, 24800), (98200, 101600), (110000, 110800), (118000, 119600)]
2025-10-09 11:01:02,710 [DEBUG] Loaded file: /home/kesju/DI/2025_ZIVEO/S-ITP-25-9/DATA/ZIVE_DATA/ecg_selected_for_test/1004_0.npy, shape: (127999,), noise indices: [(0, 400), (2400, 3800), (24000, 24800), (98200, 101600), (110000, 110800), (118000, 119600)], patient ID: 1004
2025-10-09 11:01:02,710 [INFO] Loaded 3 valid .npy files with corresponding noise indices from /home/kesju/DI/2025_ZIVEO/S-ITP-25-9/DATA/ZIVE_DATA/ecg_selected_for_test
2025-10-09 11:01:02,712 [INFO] Split 3 records from 2 patients into 2 training records (1 patients) and 1 test records (1 patients)
2025-10-09 11:01:02,713 [INFO] Training ECG files:
  - 1001_6.npy
  - 1001_8.npy
2025-10-09 11:01:02,713 [INFO] Test ECG files:
  - 1004_0.npy
2025-10-09 11:01:02,744 [DEBUG] Accepted segment [0:1024], variance=0.0485, QRS count=5
2025-10-09 11:01:02,750 [DEBUG] Accepted segment [512:1536], variance=0.0603, QRS count=5
2025-10-09 11:01:02,757 [DEBUG] Accepted segment [1024:2048], variance=0.0717, QRS count=5
2025-10-09 11:01:02,762 [DEBUG] Accepted segment [1536:2560], variance=0.0797, QRS count=6
2025-10-09 11:01:02,767 [DEBUG] Accepted segment [2048:3072], variance=0.0709, QRS count=6
2025-10-09 11:01:02,775 [DEBUG] Accepted segment [2560:3584], variance=0.0522, QRS count=5
2025-10-09 11:01:02,780 [DEBUG] Accepted segment [3072:4096], variance=0.0484, QRS count=5
2025-10-09 11:01:02,785 [DEBUG] Accepted segment [3584:4608], variance=0.0533, QRS count=5
2025-10-09 11:01:02,791 [DEBUG] Accepted segment [4096:5120], variance=0.0519, QRS count=6
2025-10-09 11:01:02,796 [DEBUG] Accepted segment [4608:5632], variance=0.0539, QRS count=6
2025-10-09 11:01:02,799 [DEBUG] Accepted segment [5120:6144], variance=0.0559, QRS count=5
2025-10-09 11:01:02,804 [DEBUG] Accepted segment [5632:6656], variance=0.0539, QRS count=5
2025-10-09 11:01:02,809 [DEBUG] Accepted segment [6144:7168], variance=0.0528, QRS count=5
2025-10-09 11:01:02,814 [DEBUG] Accepted segment [6656:7680], variance=0.0470, QRS count=5
2025-10-09 11:01:02,819 [DEBUG] Accepted segment [7168:8192], variance=0.0480, QRS count=5
2025-10-09 11:01:02,825 [DEBUG] Accepted segment [7680:8704], variance=0.0566, QRS count=5
2025-10-09 11:01:02,830 [DEBUG] Accepted segment [8192:9216], variance=0.0601, QRS count=5
2025-10-09 11:01:02,834 [DEBUG] Accepted segment [8704:9728], variance=0.0621, QRS count=6
2025-10-09 11:01:02,840 [DEBUG] Accepted segment [9216:10240], variance=0.0520, QRS count=5
2025-10-09 11:01:02,845 [DEBUG] Accepted segment [9728:10752], variance=0.0495, QRS count=5
2025-10-09 11:01:02,850 [DEBUG] Accepted segment [10240:11264], variance=0.0569, QRS count=5
2025-10-09 11:01:02,856 [DEBUG] Accepted segment [10752:11776], variance=0.0581, QRS count=5
2025-10-09 11:01:02,861 [DEBUG] Accepted segment [11264:12288], variance=0.0586, QRS count=6
2025-10-09 11:01:02,866 [DEBUG] Accepted segment [11776:12800], variance=0.0491, QRS count=6
2025-10-09 11:01:02,872 [DEBUG] Accepted segment [12288:13312], variance=0.0499, QRS count=5
2025-10-09 11:01:02,877 [DEBUG] Accepted segment [12800:13824], variance=0.0607, QRS count=5
2025-10-09 11:01:02,883 [DEBUG] Accepted segment [13312:14336], variance=0.0595, QRS count=5
2025-10-09 11:01:02,889 [DEBUG] Accepted segment [13824:14848], variance=0.0566, QRS count=6
2025-10-09 11:01:02,897 [DEBUG] Accepted segment [14336:15360], variance=0.0585, QRS count=6
2025-10-09 11:01:02,906 [DEBUG] Accepted segment [14848:15872], variance=0.0575, QRS count=6
2025-10-09 11:01:02,913 [DEBUG] Accepted segment [15360:16384], variance=0.0520, QRS count=5
2025-10-09 11:01:02,922 [DEBUG] Accepted segment [15872:16896], variance=0.0511, QRS count=5
2025-10-09 11:01:02,929 [DEBUG] Accepted segment [16384:17408], variance=0.0506, QRS count=5
2025-10-09 11:01:02,936 [DEBUG] Accepted segment [16896:17920], variance=0.0476, QRS count=5
2025-10-09 11:01:02,942 [DEBUG] Accepted segment [17408:18432], variance=0.0447, QRS count=5
2025-10-09 11:01:02,946 [DEBUG] Accepted segment [17920:18944], variance=0.0474, QRS count=6
2025-10-09 11:01:02,950 [DEBUG] Accepted segment [18432:19456], variance=0.0513, QRS count=6
2025-10-09 11:01:02,954 [DEBUG] Accepted segment [18944:19968], variance=0.0520, QRS count=5
2025-10-09 11:01:02,958 [DEBUG] Accepted segment [19456:20480], variance=0.0518, QRS count=5
2025-10-09 11:01:02,961 [DEBUG] Accepted segment [19968:20992], variance=0.0535, QRS count=5
2025-10-09 11:01:02,965 [DEBUG] Accepted segment [20480:21504], variance=0.0570, QRS count=5
2025-10-09 11:01:02,968 [DEBUG] Accepted segment [20992:22016], variance=0.0584, QRS count=5
2025-10-09 11:01:02,972 [DEBUG] Accepted segment [21504:22528], variance=0.0589, QRS count=5
2025-10-09 11:01:02,975 [DEBUG] Accepted segment [22016:23040], variance=0.0598, QRS count=6
2025-10-09 11:01:02,978 [DEBUG] Accepted segment [22528:23552], variance=0.0604, QRS count=6
2025-10-09 11:01:02,982 [DEBUG] Accepted segment [23040:24064], variance=0.0594, QRS count=5
2025-10-09 11:01:02,985 [DEBUG] Accepted segment [23552:24576], variance=0.0598, QRS count=6
2025-10-09 11:01:02,988 [DEBUG] Accepted segment [24064:25088], variance=0.0620, QRS count=6
2025-10-09 11:01:02,992 [DEBUG] Accepted segment [24576:25600], variance=0.1251, QRS count=6
2025-10-09 11:01:02,995 [DEBUG] Accepted segment [25088:26112], variance=0.1270, QRS count=6
2025-10-09 11:01:02,999 [DEBUG] Accepted segment [25600:26624], variance=0.0756, QRS count=6
2025-10-09 11:01:03,002 [DEBUG] Accepted segment [26112:27136], variance=0.0709, QRS count=6
2025-10-09 11:01:03,006 [DEBUG] Accepted segment [26624:27648], variance=0.0589, QRS count=6
2025-10-09 11:01:03,009 [DEBUG] Accepted segment [27136:28160], variance=0.0584, QRS count=6
2025-10-09 11:01:03,012 [DEBUG] Accepted segment [27648:28672], variance=0.0565, QRS count=6
2025-10-09 11:01:03,015 [DEBUG] Accepted segment [28160:29184], variance=0.0559, QRS count=6
2025-10-09 11:01:03,019 [DEBUG] Accepted segment [28672:29696], variance=0.0563, QRS count=6
2025-10-09 11:01:03,024 [DEBUG] Accepted segment [29184:30208], variance=0.0540, QRS count=6
2025-10-09 11:01:03,029 [DEBUG] Accepted segment [29696:30720], variance=0.0480, QRS count=6
2025-10-09 11:01:03,033 [DEBUG] Accepted segment [30208:31232], variance=0.0466, QRS count=5
2025-10-09 11:01:03,037 [DEBUG] Accepted segment [30720:31744], variance=0.0484, QRS count=5
2025-10-09 11:01:03,040 [DEBUG] Accepted segment [31232:32256], variance=0.0523, QRS count=6
2025-10-09 11:01:03,044 [DEBUG] Accepted segment [31744:32768], variance=0.0579, QRS count=6
2025-10-09 11:01:03,048 [DEBUG] Accepted segment [32256:33280], variance=0.0605, QRS count=5
2025-10-09 11:01:03,053 [DEBUG] Accepted segment [32768:33792], variance=0.0593, QRS count=5
2025-10-09 11:01:03,058 [DEBUG] Accepted segment [33280:34304], variance=0.0577, QRS count=5
2025-10-09 11:01:03,061 [DEBUG] Accepted segment [33792:34816], variance=0.0579, QRS count=6
2025-10-09 11:01:03,065 [DEBUG] Accepted segment [34304:35328], variance=0.0569, QRS count=6
2025-10-09 11:01:03,069 [DEBUG] Accepted segment [34816:35840], variance=0.0569, QRS count=6
2025-10-09 11:01:03,072 [DEBUG] Accepted segment [35328:36352], variance=0.0586, QRS count=6
2025-10-09 11:01:03,075 [DEBUG] Accepted segment [35840:36864], variance=0.0496, QRS count=6
2025-10-09 11:01:03,079 [DEBUG] Accepted segment [36352:37376], variance=0.0498, QRS count=5
2025-10-09 11:01:03,082 [DEBUG] Accepted segment [36864:37888], variance=0.0598, QRS count=5
2025-10-09 11:01:03,086 [DEBUG] Accepted segment [37376:38400], variance=0.0608, QRS count=5
2025-10-09 11:01:03,089 [DEBUG] Accepted segment [37888:38912], variance=0.0619, QRS count=5
2025-10-09 11:01:03,092 [DEBUG] Accepted segment [38400:39424], variance=0.0603, QRS count=6
2025-10-09 11:01:03,095 [DEBUG] Accepted segment [38912:39936], variance=0.0589, QRS count=6
2025-10-09 11:01:03,099 [DEBUG] Accepted segment [39424:40448], variance=0.0607, QRS count=6
2025-10-09 11:01:03,102 [DEBUG] Accepted segment [39936:40960], variance=0.0523, QRS count=6
2025-10-09 11:01:03,105 [DEBUG] Accepted segment [40448:41472], variance=0.0519, QRS count=5
2025-10-09 11:01:03,109 [DEBUG] Accepted segment [40960:41984], variance=0.0605, QRS count=5
2025-10-09 11:01:03,112 [DEBUG] Accepted segment [41472:42496], variance=0.0594, QRS count=5
2025-10-09 11:01:03,115 [DEBUG] Accepted segment [41984:43008], variance=0.0573, QRS count=6
2025-10-09 11:01:03,118 [DEBUG] Accepted segment [42496:43520], variance=0.0570, QRS count=6
2025-10-09 11:01:03,122 [DEBUG] Accepted segment [43008:44032], variance=0.0501, QRS count=5
2025-10-09 11:01:03,125 [DEBUG] Accepted segment [43520:44544], variance=0.0484, QRS count=5
2025-10-09 11:01:03,130 [DEBUG] Accepted segment [44032:45056], variance=0.0558, QRS count=5
2025-10-09 11:01:03,134 [DEBUG] Accepted segment [44544:45568], variance=0.0570, QRS count=5
2025-10-09 11:01:03,138 [DEBUG] Accepted segment [45056:46080], variance=0.0533, QRS count=5
2025-10-09 11:01:03,143 [DEBUG] Accepted segment [45568:46592], variance=0.0483, QRS count=6
2025-10-09 11:01:03,146 [DEBUG] Accepted segment [46080:47104], variance=0.0507, QRS count=6
2025-10-09 11:01:03,150 [DEBUG] Accepted segment [46592:47616], variance=0.0576, QRS count=6
2025-10-09 11:01:03,153 [DEBUG] Accepted segment [47104:48128], variance=0.0606, QRS count=6
2025-10-09 11:01:03,157 [DEBUG] Accepted segment [47616:48640], variance=0.0595, QRS count=6
2025-10-09 11:01:03,161 [DEBUG] Accepted segment [48128:49152], variance=0.0510, QRS count=6
2025-10-09 11:01:03,165 [DEBUG] Accepted segment [48640:49664], variance=0.0516, QRS count=5
2025-10-09 11:01:03,169 [DEBUG] Accepted segment [49152:50176], variance=0.0585, QRS count=5
2025-10-09 11:01:03,172 [DEBUG] Accepted segment [49664:50688], variance=0.0584, QRS count=5
2025-10-09 11:01:03,176 [DEBUG] Accepted segment [50176:51200], variance=0.0589, QRS count=6
2025-10-09 11:01:03,180 [DEBUG] Accepted segment [50688:51712], variance=0.0584, QRS count=6
2025-10-09 11:01:03,183 [DEBUG] Accepted segment [51200:52224], variance=0.0501, QRS count=5
2025-10-09 11:01:03,187 [DEBUG] Accepted segment [51712:52736], variance=0.0509, QRS count=5
2025-10-09 11:01:03,191 [DEBUG] Accepted segment [52224:53248], variance=0.0593, QRS count=5
2025-10-09 11:01:03,194 [DEBUG] Accepted segment [52736:53760], variance=0.0583, QRS count=6
2025-10-09 11:01:03,198 [DEBUG] Accepted segment [53248:54272], variance=0.0595, QRS count=5
2025-10-09 11:01:03,201 [DEBUG] Accepted segment [53760:54784], variance=0.0531, QRS count=5
2025-10-09 11:01:03,205 [DEBUG] Accepted segment [54272:55296], variance=0.0531, QRS count=5
2025-10-09 11:01:03,208 [DEBUG] Accepted segment [54784:55808], variance=0.0593, QRS count=5
2025-10-09 11:01:03,212 [DEBUG] Accepted segment [55296:56320], variance=0.0602, QRS count=5
2025-10-09 11:01:03,215 [DEBUG] Accepted segment [55808:56832], variance=0.0621, QRS count=5
2025-10-09 11:01:03,218 [DEBUG] Accepted segment [56320:57344], variance=0.0596, QRS count=5
2025-10-09 11:01:03,222 [DEBUG] Accepted segment [56832:57856], variance=0.0563, QRS count=6
2025-10-09 11:01:03,226 [DEBUG] Accepted segment [57344:58368], variance=0.0567, QRS count=6
2025-10-09 11:01:03,229 [DEBUG] Accepted segment [57856:58880], variance=0.0583, QRS count=5
2025-10-09 11:01:03,232 [DEBUG] Accepted segment [58368:59392], variance=0.0492, QRS count=5
2025-10-09 11:01:03,236 [DEBUG] Accepted segment [58880:59904], variance=0.0492, QRS count=5
2025-10-09 11:01:03,240 [DEBUG] Accepted segment [59392:60416], variance=0.0592, QRS count=5
2025-10-09 11:01:03,243 [DEBUG] Accepted segment [59904:60928], variance=0.0586, QRS count=5
2025-10-09 11:01:03,247 [DEBUG] Accepted segment [60416:61440], variance=0.0579, QRS count=6
2025-10-09 11:01:03,250 [DEBUG] Accepted segment [60928:61952], variance=0.0584, QRS count=6
2025-10-09 11:01:03,253 [DEBUG] Accepted segment [61440:62464], variance=0.0588, QRS count=5
2025-10-09 11:01:03,257 [DEBUG] Accepted segment [61952:62976], variance=0.0565, QRS count=5
2025-10-09 11:01:03,261 [DEBUG] Accepted segment [62464:63488], variance=0.0485, QRS count=6
2025-10-09 11:01:03,265 [DEBUG] Accepted segment [62976:64000], variance=0.0508, QRS count=5
2025-10-09 11:01:03,270 [DEBUG] Accepted segment [63488:64512], variance=0.0608, QRS count=5
2025-10-09 11:01:03,277 [DEBUG] Accepted segment [64000:65024], variance=0.0619, QRS count=5
2025-10-09 11:01:03,283 [DEBUG] Accepted segment [64512:65536], variance=0.0587, QRS count=5
2025-10-09 11:01:03,289 [DEBUG] Accepted segment [65024:66048], variance=0.0603, QRS count=5
2025-10-09 11:01:03,295 [DEBUG] Accepted segment [65536:66560], variance=0.0623, QRS count=5
2025-10-09 11:01:03,300 [DEBUG] Accepted segment [66048:67072], variance=0.0612, QRS count=5
2025-10-09 11:01:03,304 [DEBUG] Accepted segment [66560:67584], variance=0.0614, QRS count=6
2025-10-09 11:01:03,309 [DEBUG] Accepted segment [67072:68096], variance=0.0627, QRS count=6
2025-10-09 11:01:03,314 [DEBUG] Accepted segment [67584:68608], variance=0.0535, QRS count=5
2025-10-09 11:01:03,318 [DEBUG] Accepted segment [68096:69120], variance=0.0529, QRS count=5
2025-10-09 11:01:03,323 [DEBUG] Accepted segment [68608:69632], variance=0.0620, QRS count=5
2025-10-09 11:01:03,328 [DEBUG] Accepted segment [69120:70144], variance=0.0512, QRS count=6
2025-10-09 11:01:03,333 [DEBUG] Accepted segment [69632:70656], variance=0.0508, QRS count=5
2025-10-09 11:01:03,339 [DEBUG] Accepted segment [70144:71168], variance=0.0623, QRS count=5
2025-10-09 11:01:03,345 [DEBUG] Accepted segment [70656:71680], variance=0.0649, QRS count=5
2025-10-09 11:01:03,351 [DEBUG] Accepted segment [71168:72192], variance=0.0649, QRS count=6
2025-10-09 11:01:03,356 [DEBUG] Accepted segment [71680:72704], variance=0.0643, QRS count=6
2025-10-09 11:01:03,362 [DEBUG] Accepted segment [72192:73216], variance=0.0546, QRS count=6
2025-10-09 11:01:03,368 [DEBUG] Accepted segment [72704:73728], variance=0.0550, QRS count=5
2025-10-09 11:01:03,372 [DEBUG] Accepted segment [73216:74240], variance=0.0646, QRS count=5
2025-10-09 11:01:03,376 [DEBUG] Accepted segment [73728:74752], variance=0.0630, QRS count=5
2025-10-09 11:01:03,380 [DEBUG] Accepted segment [74240:75264], variance=0.0623, QRS count=6
2025-10-09 11:01:03,384 [DEBUG] Accepted segment [74752:75776], variance=0.0621, QRS count=6
2025-10-09 11:01:03,388 [DEBUG] Accepted segment [75264:76288], variance=0.0509, QRS count=6
2025-10-09 11:01:03,392 [DEBUG] Accepted segment [75776:76800], variance=0.0518, QRS count=5
2025-10-09 11:01:03,396 [DEBUG] Accepted segment [76288:77312], variance=0.0641, QRS count=5
2025-10-09 11:01:03,400 [DEBUG] Accepted segment [76800:77824], variance=0.0659, QRS count=5
2025-10-09 11:01:03,404 [DEBUG] Accepted segment [77312:78336], variance=0.0647, QRS count=6
2025-10-09 11:01:03,408 [DEBUG] Accepted segment [77824:78848], variance=0.0543, QRS count=5
2025-10-09 11:01:03,413 [DEBUG] Accepted segment [78336:79360], variance=0.0534, QRS count=5
2025-10-09 11:01:03,418 [DEBUG] Accepted segment [78848:79872], variance=0.0600, QRS count=5
2025-10-09 11:01:03,422 [DEBUG] Accepted segment [79360:80384], variance=0.0605, QRS count=6
2025-10-09 11:01:03,426 [DEBUG] Accepted segment [79872:80896], variance=0.0530, QRS count=5
2025-10-09 11:01:03,429 [DEBUG] Accepted segment [80384:81408], variance=0.0525, QRS count=5
2025-10-09 11:01:03,433 [DEBUG] Accepted segment [80896:81920], variance=0.0614, QRS count=5
2025-10-09 11:01:03,436 [DEBUG] Accepted segment [81408:82432], variance=0.0623, QRS count=6
2025-10-09 11:01:03,440 [DEBUG] Accepted segment [81920:82944], variance=0.0606, QRS count=5
2025-10-09 11:01:03,445 [DEBUG] Accepted segment [82432:83456], variance=0.0508, QRS count=5
2025-10-09 11:01:03,450 [DEBUG] Accepted segment [82944:83968], variance=0.0525, QRS count=5
2025-10-09 11:01:03,454 [DEBUG] Accepted segment [83456:84480], variance=0.0618, QRS count=5
2025-10-09 11:01:03,458 [DEBUG] Accepted segment [83968:84992], variance=0.0601, QRS count=5
2025-10-09 11:01:03,462 [DEBUG] Accepted segment [84480:85504], variance=0.0589, QRS count=5
2025-10-09 11:01:03,466 [DEBUG] Accepted segment [84992:86016], variance=0.0579, QRS count=6
2025-10-09 11:01:03,469 [DEBUG] Accepted segment [85504:86528], variance=0.0604, QRS count=6
2025-10-09 11:01:03,473 [DEBUG] Accepted segment [86016:87040], variance=0.0538, QRS count=5
2025-10-09 11:01:03,477 [DEBUG] Accepted segment [86528:87552], variance=0.0515, QRS count=5
2025-10-09 11:01:03,481 [DEBUG] Accepted segment [87040:88064], variance=0.0609, QRS count=5
2025-10-09 11:01:03,485 [DEBUG] Accepted segment [87552:88576], variance=0.0617, QRS count=5
2025-10-09 11:01:03,489 [DEBUG] Accepted segment [88064:89088], variance=0.0498, QRS count=5
2025-10-09 11:01:03,493 [DEBUG] Accepted segment [88576:89600], variance=0.0489, QRS count=5
2025-10-09 11:01:03,496 [DEBUG] Accepted segment [89088:90112], variance=0.0603, QRS count=5
2025-10-09 11:01:03,500 [DEBUG] Accepted segment [89600:90624], variance=0.0612, QRS count=6
2025-10-09 11:01:03,503 [DEBUG] Accepted segment [90112:91136], variance=0.0612, QRS count=6
2025-10-09 11:01:03,507 [DEBUG] Accepted segment [90624:91648], variance=0.0535, QRS count=5
2025-10-09 11:01:03,511 [DEBUG] Accepted segment [91136:92160], variance=0.0552, QRS count=5
2025-10-09 11:01:03,514 [DEBUG] Accepted segment [91648:92672], variance=0.0635, QRS count=5
2025-10-09 11:01:03,517 [DEBUG] Accepted segment [92160:93184], variance=0.0609, QRS count=5
2025-10-09 11:01:03,521 [DEBUG] Accepted segment [92672:93696], variance=0.0534, QRS count=6
2025-10-09 11:01:03,526 [DEBUG] Accepted segment [93184:94208], variance=0.0553, QRS count=5
2025-10-09 11:01:03,532 [DEBUG] Accepted segment [93696:94720], variance=0.0625, QRS count=5
2025-10-09 11:01:03,538 [DEBUG] Accepted segment [94208:95232], variance=0.0619, QRS count=5
2025-10-09 11:01:03,546 [DEBUG] Accepted segment [94720:95744], variance=0.0629, QRS count=6
2025-10-09 11:01:03,556 [DEBUG] Accepted segment [95232:96256], variance=0.0528, QRS count=5
2025-10-09 11:01:03,562 [DEBUG] Accepted segment [95744:96768], variance=0.0525, QRS count=5
2025-10-09 11:01:03,568 [DEBUG] Accepted segment [96256:97280], variance=0.0625, QRS count=5
2025-10-09 11:01:03,574 [DEBUG] Accepted segment [96768:97792], variance=0.0602, QRS count=6
2025-10-09 11:01:03,580 [DEBUG] Accepted segment [97280:98304], variance=0.0574, QRS count=6
2025-10-09 11:01:03,587 [DEBUG] Accepted segment [97792:98816], variance=0.0569, QRS count=6
2025-10-09 11:01:03,593 [DEBUG] Accepted segment [98304:99328], variance=0.0501, QRS count=6
2025-10-09 11:01:03,598 [DEBUG] Accepted segment [98816:99840], variance=0.0510, QRS count=5
2025-10-09 11:01:03,603 [DEBUG] Accepted segment [99328:100352], variance=0.0579, QRS count=5
2025-10-09 11:01:03,608 [DEBUG] Accepted segment [99840:100864], variance=0.0583, QRS count=5
2025-10-09 11:01:03,614 [DEBUG] Accepted segment [100352:101376], variance=0.0604, QRS count=5
2025-10-09 11:01:03,619 [DEBUG] Accepted segment [100864:101888], variance=0.0593, QRS count=6
2025-10-09 11:01:03,624 [DEBUG] Accepted segment [101376:102400], variance=0.0568, QRS count=6
2025-10-09 11:01:03,629 [DEBUG] Accepted segment [101888:102912], variance=0.0552, QRS count=6
2025-10-09 11:01:03,634 [DEBUG] Accepted segment [102400:103424], variance=0.0554, QRS count=6
2025-10-09 11:01:03,640 [DEBUG] Accepted segment [102912:103936], variance=0.0574, QRS count=6
2025-10-09 11:01:03,645 [DEBUG] Accepted segment [103424:104448], variance=0.0576, QRS count=5
2025-10-09 11:01:03,650 [DEBUG] Accepted segment [103936:104960], variance=0.0472, QRS count=6
2025-10-09 11:01:03,655 [DEBUG] Accepted segment [104448:105472], variance=0.0462, QRS count=5
2025-10-09 11:01:03,659 [DEBUG] Accepted segment [104960:105984], variance=0.0554, QRS count=5
2025-10-09 11:01:03,664 [DEBUG] Accepted segment [105472:106496], variance=0.0562, QRS count=5
2025-10-09 11:01:03,668 [DEBUG] Accepted segment [105984:107008], variance=0.0543, QRS count=5
2025-10-09 11:01:03,673 [DEBUG] Accepted segment [106496:107520], variance=0.0518, QRS count=5
2025-10-09 11:01:03,678 [DEBUG] Accepted segment [107008:108032], variance=0.0523, QRS count=5
2025-10-09 11:01:03,683 [DEBUG] Accepted segment [107520:108544], variance=0.0539, QRS count=5
2025-10-09 11:01:03,687 [DEBUG] Accepted segment [108032:109056], variance=0.0543, QRS count=5
2025-10-09 11:01:03,691 [DEBUG] Accepted segment [108544:109568], variance=0.0531, QRS count=6
2025-10-09 11:01:03,695 [DEBUG] Accepted segment [109056:110080], variance=0.0515, QRS count=6
2025-10-09 11:01:03,699 [DEBUG] Accepted segment [109568:110592], variance=0.0521, QRS count=6
2025-10-09 11:01:03,703 [DEBUG] Accepted segment [110080:111104], variance=0.1279, QRS count=6
2025-10-09 11:01:03,707 [DEBUG] Accepted segment [110592:111616], variance=0.1293, QRS count=5
2025-10-09 11:01:03,710 [DEBUG] Accepted segment [111104:112128], variance=0.0552, QRS count=6
2025-10-09 11:01:03,714 [DEBUG] Accepted segment [111616:112640], variance=0.0537, QRS count=6
2025-10-09 11:01:03,718 [DEBUG] Accepted segment [112128:113152], variance=0.0532, QRS count=6
2025-10-09 11:01:03,722 [DEBUG] Accepted segment [112640:113664], variance=0.0558, QRS count=6
2025-10-09 11:01:03,726 [DEBUG] Accepted segment [113152:114176], variance=0.0582, QRS count=5
2025-10-09 11:01:03,730 [DEBUG] Accepted segment [113664:114688], variance=0.0514, QRS count=6
2025-10-09 11:01:03,734 [DEBUG] Accepted segment [114176:115200], variance=0.0525, QRS count=5
2025-10-09 11:01:03,738 [DEBUG] Accepted segment [114688:115712], variance=0.0596, QRS count=5
2025-10-09 11:01:03,741 [DEBUG] Accepted segment [115200:116224], variance=0.0584, QRS count=5
2025-10-09 11:01:03,745 [DEBUG] Accepted segment [115712:116736], variance=0.0515, QRS count=6
2025-10-09 11:01:03,748 [DEBUG] Accepted segment [116224:117248], variance=0.0530, QRS count=5
2025-10-09 11:01:03,752 [DEBUG] Accepted segment [116736:117760], variance=0.0609, QRS count=5
2025-10-09 11:01:03,756 [DEBUG] Accepted segment [117248:118272], variance=0.0628, QRS count=5
2025-10-09 11:01:03,759 [DEBUG] Accepted segment [117760:118784], variance=0.0637, QRS count=6
2025-10-09 11:01:03,763 [DEBUG] Accepted segment [118272:119296], variance=0.0609, QRS count=6
2025-10-09 11:01:03,767 [DEBUG] Accepted segment [118784:119808], variance=0.0506, QRS count=6
2025-10-09 11:01:03,767 [DEBUG] Skipping segment [119296:120320] due to overlap with noise [120200:120500]
2025-10-09 11:01:03,767 [DEBUG] Skipping segment [119808:120832] due to overlap with noise [120200:120500]
2025-10-09 11:01:03,767 [DEBUG] Skipping segment [120320:121344] due to overlap with noise [120200:120500]
2025-10-09 11:01:03,772 [DEBUG] Accepted segment [120832:121856], variance=0.0428, QRS count=6
2025-10-09 11:01:03,777 [DEBUG] Accepted segment [121344:122368], variance=0.0406, QRS count=6
2025-10-09 11:01:03,781 [DEBUG] Accepted segment [121856:122880], variance=0.0365, QRS count=6
2025-10-09 11:01:03,785 [DEBUG] Accepted segment [122368:123392], variance=0.0401, QRS count=5
2025-10-09 11:01:03,789 [DEBUG] Accepted segment [122880:123904], variance=0.0464, QRS count=6
2025-10-09 11:01:03,793 [DEBUG] Accepted segment [123392:124416], variance=0.0520, QRS count=6
2025-10-09 11:01:03,796 [DEBUG] Accepted segment [123904:124928], variance=0.0439, QRS count=5
2025-10-09 11:01:03,800 [DEBUG] Accepted segment [124416:125440], variance=0.0354, QRS count=5
2025-10-09 11:01:03,805 [DEBUG] Accepted segment [124928:125952], variance=0.0386, QRS count=5
2025-10-09 11:01:03,809 [DEBUG] Accepted segment [125440:126464], variance=0.0365, QRS count=5
2025-10-09 11:01:03,813 [DEBUG] Accepted segment [125952:126976], variance=0.0365, QRS count=6
2025-10-09 11:01:03,817 [DEBUG] Accepted segment [126464:127488], variance=0.0327, QRS count=5
2025-10-09 11:01:03,820 [DEBUG] Accepted segment [126976:128000], variance=0.0324, QRS count=5
2025-10-09 11:01:03,820 [INFO] Segmented signal of length 128000 into 246 valid segments
2025-10-09 11:01:03,821 [DEBUG] ECG signal length: 128000, segments: 246
2025-10-09 11:01:03,831 [DEBUG] Accepted segment [0:1024], variance=0.0401, QRS count=6
2025-10-09 11:01:03,837 [DEBUG] Accepted segment [512:1536], variance=0.0419, QRS count=6
2025-10-09 11:01:03,842 [DEBUG] Accepted segment [1024:2048], variance=0.0415, QRS count=6
2025-10-09 11:01:03,849 [DEBUG] Accepted segment [1536:2560], variance=0.0390, QRS count=6
2025-10-09 11:01:03,855 [DEBUG] Accepted segment [2048:3072], variance=0.0377, QRS count=6
2025-10-09 11:01:03,861 [DEBUG] Accepted segment [2560:3584], variance=0.0409, QRS count=6
2025-10-09 11:01:03,867 [DEBUG] Accepted segment [3072:4096], variance=0.0414, QRS count=5
2025-10-09 11:01:03,873 [DEBUG] Accepted segment [3584:4608], variance=0.0384, QRS count=5
2025-10-09 11:01:03,879 [DEBUG] Accepted segment [4096:5120], variance=0.0392, QRS count=5
2025-10-09 11:01:03,883 [DEBUG] Accepted segment [4608:5632], variance=0.0402, QRS count=5
2025-10-09 11:01:03,889 [DEBUG] Accepted segment [5120:6144], variance=0.0394, QRS count=5
2025-10-09 11:01:03,893 [DEBUG] Accepted segment [5632:6656], variance=0.0395, QRS count=5
2025-10-09 11:01:03,897 [DEBUG] Accepted segment [6144:7168], variance=0.0415, QRS count=5
2025-10-09 11:01:03,902 [DEBUG] Accepted segment [6656:7680], variance=0.0433, QRS count=5
2025-10-09 11:01:03,906 [DEBUG] Accepted segment [7168:8192], variance=0.0412, QRS count=5
2025-10-09 11:01:03,910 [DEBUG] Accepted segment [7680:8704], variance=0.0387, QRS count=6
2025-10-09 11:01:03,914 [DEBUG] Accepted segment [8192:9216], variance=0.0424, QRS count=6
2025-10-09 11:01:03,918 [DEBUG] Accepted segment [8704:9728], variance=0.0459, QRS count=6
2025-10-09 11:01:03,923 [DEBUG] Accepted segment [9216:10240], variance=0.0427, QRS count=5
2025-10-09 11:01:03,928 [DEBUG] Accepted segment [9728:10752], variance=0.0465, QRS count=5
2025-10-09 11:01:03,932 [DEBUG] Accepted segment [10240:11264], variance=0.0452, QRS count=6
2025-10-09 11:01:03,936 [DEBUG] Accepted segment [10752:11776], variance=0.0496, QRS count=6
2025-10-09 11:01:03,940 [DEBUG] Accepted segment [11264:12288], variance=0.0525, QRS count=6
2025-10-09 11:01:03,944 [DEBUG] Accepted segment [11776:12800], variance=0.0397, QRS count=6
2025-10-09 11:01:03,947 [DEBUG] Accepted segment [12288:13312], variance=0.0377, QRS count=6
2025-10-09 11:01:03,951 [DEBUG] Accepted segment [12800:13824], variance=0.0388, QRS count=6
2025-10-09 11:01:03,955 [DEBUG] Accepted segment [13312:14336], variance=0.0378, QRS count=6
2025-10-09 11:01:03,959 [DEBUG] Accepted segment [13824:14848], variance=0.0385, QRS count=6
2025-10-09 11:01:03,963 [DEBUG] Accepted segment [14336:15360], variance=0.0398, QRS count=6
2025-10-09 11:01:03,966 [DEBUG] Accepted segment [14848:15872], variance=0.0393, QRS count=5
2025-10-09 11:01:03,970 [DEBUG] Accepted segment [15360:16384], variance=0.0346, QRS count=6
2025-10-09 11:01:03,973 [DEBUG] Accepted segment [15872:16896], variance=0.0356, QRS count=5
2025-10-09 11:01:03,977 [DEBUG] Accepted segment [16384:17408], variance=0.0412, QRS count=5
2025-10-09 11:01:03,980 [DEBUG] Accepted segment [16896:17920], variance=0.0429, QRS count=5
2025-10-09 11:01:03,984 [DEBUG] Accepted segment [17408:18432], variance=0.0438, QRS count=5
2025-10-09 11:01:03,989 [DEBUG] Accepted segment [17920:18944], variance=0.0445, QRS count=5
2025-10-09 11:01:03,993 [DEBUG] Accepted segment [18432:19456], variance=0.0446, QRS count=5
2025-10-09 11:01:03,996 [DEBUG] Accepted segment [18944:19968], variance=0.0441, QRS count=5
2025-10-09 11:01:04,000 [DEBUG] Accepted segment [19456:20480], variance=0.0441, QRS count=5
2025-10-09 11:01:04,003 [DEBUG] Accepted segment [19968:20992], variance=0.0429, QRS count=5
2025-10-09 11:01:04,008 [DEBUG] Accepted segment [20480:21504], variance=0.0406, QRS count=5
2025-10-09 11:01:04,012 [DEBUG] Accepted segment [20992:22016], variance=0.0402, QRS count=5
2025-10-09 11:01:04,016 [DEBUG] Accepted segment [21504:22528], variance=0.0406, QRS count=5
2025-10-09 11:01:04,020 [DEBUG] Accepted segment [22016:23040], variance=0.0405, QRS count=5
2025-10-09 11:01:04,024 [DEBUG] Accepted segment [22528:23552], variance=0.0406, QRS count=5
2025-10-09 11:01:04,030 [DEBUG] Accepted segment [23040:24064], variance=0.0412, QRS count=5
2025-10-09 11:01:04,034 [DEBUG] Accepted segment [23552:24576], variance=0.0423, QRS count=5
2025-10-09 11:01:04,038 [DEBUG] Accepted segment [24064:25088], variance=0.0420, QRS count=6
2025-10-09 11:01:04,042 [DEBUG] Accepted segment [24576:25600], variance=0.0412, QRS count=6
2025-10-09 11:01:04,045 [DEBUG] Accepted segment [25088:26112], variance=0.0412, QRS count=6
2025-10-09 11:01:04,049 [DEBUG] Accepted segment [25600:26624], variance=0.0407, QRS count=6
2025-10-09 11:01:04,053 [DEBUG] Accepted segment [26112:27136], variance=0.0394, QRS count=6
2025-10-09 11:01:04,057 [DEBUG] Accepted segment [26624:27648], variance=0.0471, QRS count=6
2025-10-09 11:01:04,060 [DEBUG] Accepted segment [27136:28160], variance=0.0493, QRS count=6
2025-10-09 11:01:04,064 [DEBUG] Accepted segment [27648:28672], variance=0.0420, QRS count=6
2025-10-09 11:01:04,068 [DEBUG] Accepted segment [28160:29184], variance=0.0394, QRS count=5
2025-10-09 11:01:04,071 [DEBUG] Accepted segment [28672:29696], variance=0.0345, QRS count=5
2025-10-09 11:01:04,076 [DEBUG] Accepted segment [29184:30208], variance=0.0353, QRS count=5
2025-10-09 11:01:04,080 [DEBUG] Accepted segment [29696:30720], variance=0.0395, QRS count=5
2025-10-09 11:01:04,083 [DEBUG] Accepted segment [30208:31232], variance=0.0400, QRS count=5
2025-10-09 11:01:04,087 [DEBUG] Accepted segment [30720:31744], variance=0.0419, QRS count=5
2025-10-09 11:01:04,090 [DEBUG] Accepted segment [31232:32256], variance=0.0425, QRS count=5
2025-10-09 11:01:04,094 [DEBUG] Accepted segment [31744:32768], variance=0.0409, QRS count=5
2025-10-09 11:01:04,097 [DEBUG] Accepted segment [32256:33280], variance=0.0398, QRS count=5
2025-10-09 11:01:04,101 [DEBUG] Accepted segment [32768:33792], variance=0.0410, QRS count=5
2025-10-09 11:01:04,105 [DEBUG] Accepted segment [33280:34304], variance=0.0416, QRS count=5
2025-10-09 11:01:04,108 [DEBUG] Accepted segment [33792:34816], variance=0.0405, QRS count=5
2025-10-09 11:01:04,112 [DEBUG] Accepted segment [34304:35328], variance=0.0395, QRS count=6
2025-10-09 11:01:04,116 [DEBUG] Accepted segment [34816:35840], variance=0.0397, QRS count=6
2025-10-09 11:01:04,119 [DEBUG] Accepted segment [35328:36352], variance=0.0419, QRS count=6
2025-10-09 11:01:04,123 [DEBUG] Accepted segment [35840:36864], variance=0.0427, QRS count=6
2025-10-09 11:01:04,127 [DEBUG] Accepted segment [36352:37376], variance=0.0419, QRS count=6
2025-10-09 11:01:04,130 [DEBUG] Accepted segment [36864:37888], variance=0.0411, QRS count=6
2025-10-09 11:01:04,134 [DEBUG] Accepted segment [37376:38400], variance=0.0402, QRS count=5
2025-10-09 11:01:04,137 [DEBUG] Accepted segment [37888:38912], variance=0.0358, QRS count=6
2025-10-09 11:01:04,141 [DEBUG] Accepted segment [38400:39424], variance=0.0363, QRS count=5
2025-10-09 11:01:04,144 [DEBUG] Accepted segment [38912:39936], variance=0.0418, QRS count=5
2025-10-09 11:01:04,148 [DEBUG] Accepted segment [39424:40448], variance=0.0436, QRS count=5
2025-10-09 11:01:04,152 [DEBUG] Accepted segment [39936:40960], variance=0.0433, QRS count=5
2025-10-09 11:01:04,156 [DEBUG] Accepted segment [40448:41472], variance=0.0420, QRS count=5
2025-10-09 11:01:04,161 [DEBUG] Accepted segment [40960:41984], variance=0.0409, QRS count=5
2025-10-09 11:01:04,166 [DEBUG] Accepted segment [41472:42496], variance=0.0399, QRS count=6
2025-10-09 11:01:04,170 [DEBUG] Accepted segment [41984:43008], variance=0.0410, QRS count=6
2025-10-09 11:01:04,173 [DEBUG] Accepted segment [42496:43520], variance=0.0423, QRS count=6
2025-10-09 11:01:04,177 [DEBUG] Accepted segment [43008:44032], variance=0.0413, QRS count=6
2025-10-09 11:01:04,181 [DEBUG] Accepted segment [43520:44544], variance=0.0393, QRS count=6
2025-10-09 11:01:04,184 [DEBUG] Accepted segment [44032:45056], variance=0.0401, QRS count=6
2025-10-09 11:01:04,187 [DEBUG] Accepted segment [44544:45568], variance=0.0421, QRS count=6
2025-10-09 11:01:04,191 [DEBUG] Accepted segment [45056:46080], variance=0.0420, QRS count=6
2025-10-09 11:01:04,195 [DEBUG] Accepted segment [45568:46592], variance=0.0406, QRS count=6
2025-10-09 11:01:04,198 [DEBUG] Accepted segment [46080:47104], variance=0.0402, QRS count=6
2025-10-09 11:01:04,201 [DEBUG] Accepted segment [46592:47616], variance=0.0409, QRS count=6
2025-10-09 11:01:04,205 [DEBUG] Accepted segment [47104:48128], variance=0.0409, QRS count=6
2025-10-09 11:01:04,208 [DEBUG] Accepted segment [47616:48640], variance=0.0406, QRS count=6
2025-10-09 11:01:04,212 [DEBUG] Accepted segment [48128:49152], variance=0.0408, QRS count=5
2025-10-09 11:01:04,216 [DEBUG] Accepted segment [48640:49664], variance=0.0422, QRS count=5
2025-10-09 11:01:04,220 [DEBUG] Accepted segment [49152:50176], variance=0.0407, QRS count=5
2025-10-09 11:01:04,223 [DEBUG] Accepted segment [49664:50688], variance=0.0342, QRS count=6
2025-10-09 11:01:04,227 [DEBUG] Accepted segment [50176:51200], variance=0.0361, QRS count=5
2025-10-09 11:01:04,231 [DEBUG] Accepted segment [50688:51712], variance=0.0422, QRS count=5
2025-10-09 11:01:04,234 [DEBUG] Accepted segment [51200:52224], variance=0.0421, QRS count=5
2025-10-09 11:01:04,238 [DEBUG] Accepted segment [51712:52736], variance=0.0413, QRS count=5
2025-10-09 11:01:04,241 [DEBUG] Accepted segment [52224:53248], variance=0.0424, QRS count=5
2025-10-09 11:01:04,245 [DEBUG] Accepted segment [52736:53760], variance=0.0428, QRS count=5
2025-10-09 11:01:04,249 [DEBUG] Accepted segment [53248:54272], variance=0.0407, QRS count=6
2025-10-09 11:01:04,252 [DEBUG] Accepted segment [53760:54784], variance=0.0401, QRS count=6
2025-10-09 11:01:04,256 [DEBUG] Accepted segment [54272:55296], variance=0.0403, QRS count=6
2025-10-09 11:01:04,259 [DEBUG] Accepted segment [54784:55808], variance=0.0409, QRS count=6
2025-10-09 11:01:04,262 [DEBUG] Accepted segment [55296:56320], variance=0.0409, QRS count=5
2025-10-09 11:01:04,266 [DEBUG] Accepted segment [55808:56832], variance=0.0340, QRS count=6
2025-10-09 11:01:04,270 [DEBUG] Accepted segment [56320:57344], variance=0.0343, QRS count=5
2025-10-09 11:01:04,275 [DEBUG] Accepted segment [56832:57856], variance=0.0403, QRS count=5
2025-10-09 11:01:04,280 [DEBUG] Accepted segment [57344:58368], variance=0.0385, QRS count=5
2025-10-09 11:01:04,284 [DEBUG] Accepted segment [57856:58880], variance=0.0381, QRS count=5
2025-10-09 11:01:04,288 [DEBUG] Accepted segment [58368:59392], variance=0.0402, QRS count=5
2025-10-09 11:01:04,291 [DEBUG] Accepted segment [58880:59904], variance=0.0411, QRS count=5
2025-10-09 11:01:04,295 [DEBUG] Accepted segment [59392:60416], variance=0.0399, QRS count=5
2025-10-09 11:01:04,298 [DEBUG] Accepted segment [59904:60928], variance=0.0400, QRS count=6
2025-10-09 11:01:04,302 [DEBUG] Accepted segment [60416:61440], variance=0.0408, QRS count=6
2025-10-09 11:01:04,305 [DEBUG] Accepted segment [60928:61952], variance=0.0404, QRS count=6
2025-10-09 11:01:04,308 [DEBUG] Accepted segment [61440:62464], variance=0.0402, QRS count=6
2025-10-09 11:01:04,312 [DEBUG] Accepted segment [61952:62976], variance=0.0393, QRS count=5
2025-10-09 11:01:04,316 [DEBUG] Accepted segment [62464:63488], variance=0.0352, QRS count=6
2025-10-09 11:01:04,319 [DEBUG] Accepted segment [62976:64000], variance=0.0403, QRS count=5
2025-10-09 11:01:04,323 [DEBUG] Accepted segment [63488:64512], variance=0.0450, QRS count=6
2025-10-09 11:01:04,326 [DEBUG] Accepted segment [64000:65024], variance=0.0414, QRS count=6
2025-10-09 11:01:04,330 [DEBUG] Accepted segment [64512:65536], variance=0.0425, QRS count=6
2025-10-09 11:01:04,333 [DEBUG] Accepted segment [65024:66048], variance=0.0414, QRS count=6
2025-10-09 11:01:04,337 [DEBUG] Accepted segment [65536:66560], variance=0.0358, QRS count=6
2025-10-09 11:01:04,340 [DEBUG] Accepted segment [66048:67072], variance=0.0355, QRS count=6
2025-10-09 11:01:04,344 [DEBUG] Accepted segment [66560:67584], variance=0.0398, QRS count=5
2025-10-09 11:01:04,348 [DEBUG] Accepted segment [67072:68096], variance=0.0410, QRS count=5
2025-10-09 11:01:04,351 [DEBUG] Accepted segment [67584:68608], variance=0.0393, QRS count=5
2025-10-09 11:01:04,354 [DEBUG] Accepted segment [68096:69120], variance=0.0400, QRS count=5
2025-10-09 11:01:04,358 [DEBUG] Accepted segment [68608:69632], variance=0.0419, QRS count=5
2025-10-09 11:01:04,362 [DEBUG] Accepted segment [69120:70144], variance=0.0409, QRS count=5
2025-10-09 11:01:04,365 [DEBUG] Accepted segment [69632:70656], variance=0.0407, QRS count=5
2025-10-09 11:01:04,369 [DEBUG] Accepted segment [70144:71168], variance=0.0428, QRS count=6
2025-10-09 11:01:04,372 [DEBUG] Accepted segment [70656:71680], variance=0.0434, QRS count=6
2025-10-09 11:01:04,376 [DEBUG] Accepted segment [71168:72192], variance=0.1024, QRS count=6
2025-10-09 11:01:04,379 [DEBUG] Accepted segment [71680:72704], variance=0.1012, QRS count=6
2025-10-09 11:01:04,382 [DEBUG] Accepted segment [72192:73216], variance=0.0421, QRS count=6
2025-10-09 11:01:04,386 [DEBUG] Accepted segment [72704:73728], variance=0.0443, QRS count=6
2025-10-09 11:01:04,389 [DEBUG] Accepted segment [73216:74240], variance=0.0363, QRS count=5
2025-10-09 11:01:04,393 [DEBUG] Accepted segment [73728:74752], variance=0.0346, QRS count=5
2025-10-09 11:01:04,396 [DEBUG] Accepted segment [74240:75264], variance=0.0419, QRS count=5
2025-10-09 11:01:04,400 [DEBUG] Accepted segment [74752:75776], variance=0.0424, QRS count=5
2025-10-09 11:01:04,404 [DEBUG] Accepted segment [75264:76288], variance=0.0417, QRS count=6
2025-10-09 11:01:04,407 [DEBUG] Accepted segment [75776:76800], variance=0.0351, QRS count=5
2025-10-09 11:01:04,410 [DEBUG] Accepted segment [76288:77312], variance=0.0362, QRS count=5
2025-10-09 11:01:04,414 [DEBUG] Accepted segment [76800:77824], variance=0.0426, QRS count=5
2025-10-09 11:01:04,419 [DEBUG] Accepted segment [77312:78336], variance=0.0413, QRS count=5
2025-10-09 11:01:04,423 [DEBUG] Accepted segment [77824:78848], variance=0.0425, QRS count=6
2025-10-09 11:01:04,427 [DEBUG] Accepted segment [78336:79360], variance=0.0376, QRS count=6
2025-10-09 11:01:04,430 [DEBUG] Accepted segment [78848:79872], variance=0.0357, QRS count=5
2025-10-09 11:01:04,434 [DEBUG] Accepted segment [79360:80384], variance=0.0419, QRS count=5
2025-10-09 11:01:04,437 [DEBUG] Accepted segment [79872:80896], variance=0.0437, QRS count=5
2025-10-09 11:01:04,441 [DEBUG] Accepted segment [80384:81408], variance=0.0438, QRS count=6
2025-10-09 11:01:04,444 [DEBUG] Accepted segment [80896:81920], variance=0.0365, QRS count=5
2025-10-09 11:01:04,448 [DEBUG] Accepted segment [81408:82432], variance=0.0377, QRS count=5
2025-10-09 11:01:04,451 [DEBUG] Accepted segment [81920:82944], variance=0.0453, QRS count=5
2025-10-09 11:01:04,455 [DEBUG] Accepted segment [82432:83456], variance=0.0444, QRS count=5
2025-10-09 11:01:04,458 [DEBUG] Accepted segment [82944:83968], variance=0.0439, QRS count=6
2025-10-09 11:01:04,461 [DEBUG] Accepted segment [83456:84480], variance=0.0381, QRS count=6
2025-10-09 11:01:04,465 [DEBUG] Accepted segment [83968:84992], variance=0.0375, QRS count=5
2025-10-09 11:01:04,468 [DEBUG] Accepted segment [84480:85504], variance=0.0438, QRS count=5
2025-10-09 11:01:04,471 [DEBUG] Accepted segment [84992:86016], variance=0.0450, QRS count=5
2025-10-09 11:01:04,475 [DEBUG] Accepted segment [85504:86528], variance=0.0438, QRS count=6
2025-10-09 11:01:04,479 [DEBUG] Accepted segment [86016:87040], variance=0.0395, QRS count=6
2025-10-09 11:01:04,483 [DEBUG] Accepted segment [86528:87552], variance=0.0371, QRS count=6
2025-10-09 11:01:04,486 [DEBUG] Accepted segment [87040:88064], variance=0.0333, QRS count=5
2025-10-09 11:01:04,490 [DEBUG] Accepted segment [87552:88576], variance=0.0367, QRS count=5
2025-10-09 11:01:04,495 [DEBUG] Accepted segment [88064:89088], variance=0.0441, QRS count=6
2025-10-09 11:01:04,499 [DEBUG] Accepted segment [88576:89600], variance=0.0408, QRS count=5
2025-10-09 11:01:04,503 [DEBUG] Accepted segment [89088:90112], variance=0.0355, QRS count=5
2025-10-09 11:01:04,506 [DEBUG] Accepted segment [89600:90624], variance=0.0369, QRS count=5
2025-10-09 11:01:04,509 [DEBUG] Accepted segment [90112:91136], variance=0.0406, QRS count=5
2025-10-09 11:01:04,513 [DEBUG] Accepted segment [90624:91648], variance=0.0398, QRS count=5
2025-10-09 11:01:04,517 [DEBUG] Accepted segment [91136:92160], variance=0.0410, QRS count=5
2025-10-09 11:01:04,520 [DEBUG] Accepted segment [91648:92672], variance=0.0432, QRS count=5
2025-10-09 11:01:04,524 [DEBUG] Accepted segment [92160:93184], variance=0.0428, QRS count=6
2025-10-09 11:01:04,528 [DEBUG] Accepted segment [92672:93696], variance=0.1231, QRS count=6
2025-10-09 11:01:04,533 [DEBUG] Accepted segment [93184:94208], variance=0.1247, QRS count=6
2025-10-09 11:01:04,537 [DEBUG] Accepted segment [93696:94720], variance=0.0461, QRS count=6
2025-10-09 11:01:04,540 [DEBUG] Accepted segment [94208:95232], variance=0.0474, QRS count=6
2025-10-09 11:01:04,544 [DEBUG] Accepted segment [94720:95744], variance=0.0470, QRS count=6
2025-10-09 11:01:04,548 [DEBUG] Accepted segment [95232:96256], variance=0.0389, QRS count=5
2025-10-09 11:01:04,551 [DEBUG] Accepted segment [95744:96768], variance=0.0370, QRS count=5
2025-10-09 11:01:04,555 [DEBUG] Accepted segment [96256:97280], variance=0.0435, QRS count=5
2025-10-09 11:01:04,559 [DEBUG] Accepted segment [96768:97792], variance=0.0446, QRS count=6
2025-10-09 11:01:04,563 [DEBUG] Accepted segment [97280:98304], variance=0.0436, QRS count=5
2025-10-09 11:01:04,566 [DEBUG] Accepted segment [97792:98816], variance=0.0419, QRS count=5
2025-10-09 11:01:04,570 [DEBUG] Accepted segment [98304:99328], variance=0.0424, QRS count=5
2025-10-09 11:01:04,574 [DEBUG] Accepted segment [98816:99840], variance=0.0469, QRS count=5
2025-10-09 11:01:04,578 [DEBUG] Accepted segment [99328:100352], variance=0.0437, QRS count=5
2025-10-09 11:01:04,581 [DEBUG] Accepted segment [99840:100864], variance=0.0338, QRS count=6
2025-10-09 11:01:04,585 [DEBUG] Accepted segment [100352:101376], variance=0.0349, QRS count=6
2025-10-09 11:01:04,590 [DEBUG] Accepted segment [100864:101888], variance=0.0390, QRS count=5
2025-10-09 11:01:04,594 [DEBUG] Accepted segment [101376:102400], variance=0.0407, QRS count=5
2025-10-09 11:01:04,599 [DEBUG] Accepted segment [101888:102912], variance=0.0429, QRS count=5
2025-10-09 11:01:04,602 [DEBUG] Accepted segment [102400:103424], variance=0.0422, QRS count=5
2025-10-09 11:01:04,605 [DEBUG] Accepted segment [102912:103936], variance=0.0401, QRS count=6
2025-10-09 11:01:04,608 [DEBUG] Accepted segment [103424:104448], variance=0.0405, QRS count=6
2025-10-09 11:01:04,611 [DEBUG] Accepted segment [103936:104960], variance=0.0415, QRS count=6
2025-10-09 11:01:04,614 [DEBUG] Accepted segment [104448:105472], variance=0.0408, QRS count=6
2025-10-09 11:01:04,616 [DEBUG] Accepted segment [104960:105984], variance=0.0404, QRS count=6
2025-10-09 11:01:04,616 [DEBUG] Skipping segment [105472:106496] due to overlap with noise [106400:107000]
2025-10-09 11:01:04,617 [DEBUG] Skipping segment [105984:107008] due to overlap with noise [106400:107000]
2025-10-09 11:01:04,617 [DEBUG] Skipping segment [106496:107520] due to overlap with noise [106400:107000]
2025-10-09 11:01:04,619 [DEBUG] Accepted segment [107008:108032], variance=0.0702, QRS count=6
2025-10-09 11:01:04,622 [DEBUG] Accepted segment [107520:108544], variance=0.0616, QRS count=6
2025-10-09 11:01:04,624 [DEBUG] Accepted segment [108032:109056], variance=0.0688, QRS count=7
2025-10-09 11:01:04,626 [DEBUG] Accepted segment [108544:109568], variance=0.0644, QRS count=6
2025-10-09 11:01:04,628 [DEBUG] Accepted segment [109056:110080], variance=0.0488, QRS count=6
2025-10-09 11:01:04,630 [DEBUG] Accepted segment [109568:110592], variance=0.0477, QRS count=6
2025-10-09 11:01:04,632 [DEBUG] Accepted segment [110080:111104], variance=0.0440, QRS count=6
2025-10-09 11:01:04,635 [DEBUG] Accepted segment [110592:111616], variance=0.0451, QRS count=7
2025-10-09 11:01:04,637 [DEBUG] Accepted segment [111104:112128], variance=0.0552, QRS count=6
2025-10-09 11:01:04,639 [DEBUG] Accepted segment [111616:112640], variance=0.0556, QRS count=6
2025-10-09 11:01:04,641 [DEBUG] Accepted segment [112128:113152], variance=0.0543, QRS count=6
2025-10-09 11:01:04,644 [DEBUG] Accepted segment [112640:113664], variance=0.0555, QRS count=6
2025-10-09 11:01:04,646 [DEBUG] Accepted segment [113152:114176], variance=0.0560, QRS count=5
2025-10-09 11:01:04,648 [DEBUG] Accepted segment [113664:114688], variance=0.0558, QRS count=5
2025-10-09 11:01:04,651 [DEBUG] Accepted segment [114176:115200], variance=0.0667, QRS count=5
2025-10-09 11:01:04,654 [DEBUG] Accepted segment [114688:115712], variance=0.0741, QRS count=6
2025-10-09 11:01:04,657 [DEBUG] Accepted segment [115200:116224], variance=0.0637, QRS count=6
2025-10-09 11:01:04,659 [DEBUG] Accepted segment [115712:116736], variance=0.0559, QRS count=6
2025-10-09 11:01:04,663 [DEBUG] Accepted segment [116224:117248], variance=0.0528, QRS count=6
2025-10-09 11:01:04,666 [DEBUG] Accepted segment [116736:117760], variance=0.0522, QRS count=5
2025-10-09 11:01:04,669 [DEBUG] Accepted segment [117248:118272], variance=0.0472, QRS count=6
2025-10-09 11:01:04,672 [DEBUG] Accepted segment [117760:118784], variance=0.0471, QRS count=5
2025-10-09 11:01:04,674 [DEBUG] Accepted segment [118272:119296], variance=0.0569, QRS count=5
2025-10-09 11:01:04,677 [DEBUG] Accepted segment [118784:119808], variance=0.0603, QRS count=5
2025-10-09 11:01:04,679 [DEBUG] Accepted segment [119296:120320], variance=0.0607, QRS count=5
2025-10-09 11:01:04,681 [DEBUG] Accepted segment [119808:120832], variance=0.0601, QRS count=6
2025-10-09 11:01:04,684 [DEBUG] Accepted segment [120320:121344], variance=0.0600, QRS count=6
2025-10-09 11:01:04,686 [DEBUG] Accepted segment [120832:121856], variance=0.0599, QRS count=6
2025-10-09 11:01:04,688 [DEBUG] Accepted segment [121344:122368], variance=0.0489, QRS count=5
2025-10-09 11:01:04,691 [DEBUG] Accepted segment [121856:122880], variance=0.0471, QRS count=5
2025-10-09 11:01:04,693 [DEBUG] Accepted segment [122368:123392], variance=0.0592, QRS count=5
2025-10-09 11:01:04,695 [DEBUG] Accepted segment [122880:123904], variance=0.0606, QRS count=5
2025-10-09 11:01:04,697 [DEBUG] Accepted segment [123392:124416], variance=0.0582, QRS count=5
2025-10-09 11:01:04,700 [DEBUG] Accepted segment [123904:124928], variance=0.0582, QRS count=6
2025-10-09 11:01:04,702 [DEBUG] Accepted segment [124416:125440], variance=0.0592, QRS count=6
2025-10-09 11:01:04,704 [DEBUG] Accepted segment [124928:125952], variance=0.0585, QRS count=5
2025-10-09 11:01:04,707 [DEBUG] Accepted segment [125440:126464], variance=0.0485, QRS count=5
2025-10-09 11:01:04,709 [DEBUG] Accepted segment [125952:126976], variance=0.0503, QRS count=5
2025-10-09 11:01:04,711 [DEBUG] Accepted segment [126464:127488], variance=0.0614, QRS count=5
2025-10-09 11:01:04,714 [DEBUG] Accepted segment [126976:128000], variance=0.0608, QRS count=5
2025-10-09 11:01:04,714 [INFO] Segmented signal of length 128000 into 246 valid segments
2025-10-09 11:01:04,714 [DEBUG] ECG signal length: 128000, segments: 246
2025-10-09 11:01:04,714 [INFO] Total segments counted: 492
2025-10-09 11:01:04,714 [INFO] Training segments: 492
2025-10-09 11:01:04,720 [DEBUG] Skipping segment [0:1024] due to overlap with noise [0:400]
2025-10-09 11:01:04,722 [DEBUG] Accepted segment [512:1536], variance=0.0713, QRS count=4
2025-10-09 11:01:04,726 [DEBUG] Accepted segment [1024:2048], variance=0.0615, QRS count=4
2025-10-09 11:01:04,726 [DEBUG] Skipping segment [1536:2560] due to overlap with noise [2400:3800]
2025-10-09 11:01:04,726 [DEBUG] Skipping segment [2048:3072] due to overlap with noise [2400:3800]
2025-10-09 11:01:04,726 [DEBUG] Skipping segment [2560:3584] due to overlap with noise [2400:3800]
2025-10-09 11:01:04,726 [DEBUG] Skipping segment [3072:4096] due to overlap with noise [2400:3800]
2025-10-09 11:01:04,726 [DEBUG] Skipping segment [3584:4608] due to overlap with noise [2400:3800]
2025-10-09 11:01:04,730 [DEBUG] Accepted segment [4096:5120], variance=0.0638, QRS count=4
2025-10-09 11:01:04,733 [DEBUG] Accepted segment [4608:5632], variance=0.0595, QRS count=4
2025-10-09 11:01:04,739 [DEBUG] Accepted segment [5120:6144], variance=0.0630, QRS count=5
2025-10-09 11:01:04,743 [DEBUG] Accepted segment [5632:6656], variance=0.0667, QRS count=4
2025-10-09 11:01:04,747 [DEBUG] Accepted segment [6144:7168], variance=0.0610, QRS count=4
2025-10-09 11:01:04,750 [DEBUG] Accepted segment [6656:7680], variance=0.0560, QRS count=4
2025-10-09 11:01:04,754 [DEBUG] Accepted segment [7168:8192], variance=0.0571, QRS count=4
2025-10-09 11:01:04,756 [DEBUG] Accepted segment [7680:8704], variance=0.0666, QRS count=4
2025-10-09 11:01:04,759 [DEBUG] Accepted segment [8192:9216], variance=0.0678, QRS count=4
2025-10-09 11:01:04,762 [DEBUG] Accepted segment [8704:9728], variance=0.0588, QRS count=4
2025-10-09 11:01:04,764 [DEBUG] Accepted segment [9216:10240], variance=0.0635, QRS count=5
2025-10-09 11:01:04,767 [DEBUG] Accepted segment [9728:10752], variance=0.0676, QRS count=4
2025-10-09 11:01:04,769 [DEBUG] Accepted segment [10240:11264], variance=0.0598, QRS count=4
2025-10-09 11:01:04,772 [DEBUG] Accepted segment [10752:11776], variance=0.0615, QRS count=4
2025-10-09 11:01:04,775 [DEBUG] Accepted segment [11264:12288], variance=0.0670, QRS count=5
2025-10-09 11:01:04,778 [DEBUG] Accepted segment [11776:12800], variance=0.0617, QRS count=4
2025-10-09 11:01:04,781 [DEBUG] Accepted segment [12288:13312], variance=0.0684, QRS count=5
2025-10-09 11:01:04,784 [DEBUG] Accepted segment [12800:13824], variance=0.0672, QRS count=4
2025-10-09 11:01:04,788 [DEBUG] Accepted segment [13312:14336], variance=0.0669, QRS count=5
2025-10-09 11:01:04,790 [DEBUG] Accepted segment [13824:14848], variance=0.0698, QRS count=4
2025-10-09 11:01:04,793 [DEBUG] Accepted segment [14336:15360], variance=0.0721, QRS count=5
2025-10-09 11:01:04,795 [DEBUG] Accepted segment [14848:15872], variance=0.0806, QRS count=5
2025-10-09 11:01:04,798 [DEBUG] Accepted segment [15360:16384], variance=0.0725, QRS count=6
2025-10-09 11:01:04,800 [DEBUG] Accepted segment [15872:16896], variance=0.0769, QRS count=5
2025-10-09 11:01:04,802 [DEBUG] Accepted segment [16384:17408], variance=0.0851, QRS count=5
2025-10-09 11:01:04,804 [DEBUG] Accepted segment [16896:17920], variance=0.0787, QRS count=6
2025-10-09 11:01:04,806 [DEBUG] Accepted segment [17408:18432], variance=0.0684, QRS count=5
2025-10-09 11:01:04,808 [DEBUG] Accepted segment [17920:18944], variance=0.0600, QRS count=4
2025-10-09 11:01:04,810 [DEBUG] Accepted segment [18432:19456], variance=0.0654, QRS count=5
2025-10-09 11:01:04,812 [DEBUG] Accepted segment [18944:19968], variance=0.0706, QRS count=4
2025-10-09 11:01:04,815 [DEBUG] Accepted segment [19456:20480], variance=0.0615, QRS count=4
2025-10-09 11:01:04,817 [DEBUG] Accepted segment [19968:20992], variance=0.0565, QRS count=4
2025-10-09 11:01:04,820 [DEBUG] Accepted segment [20480:21504], variance=0.0658, QRS count=5
2025-10-09 11:01:04,823 [DEBUG] Accepted segment [20992:22016], variance=0.0707, QRS count=4
2025-10-09 11:01:04,826 [DEBUG] Accepted segment [21504:22528], variance=0.0634, QRS count=4
2025-10-09 11:01:04,828 [DEBUG] Accepted segment [22016:23040], variance=0.0587, QRS count=4
2025-10-09 11:01:04,831 [DEBUG] Accepted segment [22528:23552], variance=0.0665, QRS count=5
2025-10-09 11:01:04,831 [DEBUG] Skipping segment [23040:24064] due to overlap with noise [24000:24800]
2025-10-09 11:01:04,831 [DEBUG] Skipping segment [23552:24576] due to overlap with noise [24000:24800]
2025-10-09 11:01:04,831 [DEBUG] Skipping segment [24064:25088] due to overlap with noise [24000:24800]
2025-10-09 11:01:04,831 [DEBUG] Skipping segment [24576:25600] due to overlap with noise [24000:24800]
2025-10-09 11:01:04,833 [DEBUG] Accepted segment [25088:26112], variance=0.0705, QRS count=6
2025-10-09 11:01:04,835 [DEBUG] Accepted segment [25600:26624], variance=0.0701, QRS count=5
2025-10-09 11:01:04,838 [DEBUG] Accepted segment [26112:27136], variance=0.0624, QRS count=5
2025-10-09 11:01:04,840 [DEBUG] Accepted segment [26624:27648], variance=0.0628, QRS count=6
2025-10-09 11:01:04,842 [DEBUG] Accepted segment [27136:28160], variance=0.0622, QRS count=5
2025-10-09 11:01:04,844 [DEBUG] Accepted segment [27648:28672], variance=0.0545, QRS count=5
2025-10-09 11:01:04,846 [DEBUG] Accepted segment [28160:29184], variance=0.0639, QRS count=5
2025-10-09 11:01:04,848 [DEBUG] Accepted segment [28672:29696], variance=0.0645, QRS count=4
2025-10-09 11:01:04,850 [DEBUG] Accepted segment [29184:30208], variance=0.0619, QRS count=5
2025-10-09 11:01:04,853 [DEBUG] Accepted segment [29696:30720], variance=0.0662, QRS count=5
2025-10-09 11:01:04,856 [DEBUG] Accepted segment [30208:31232], variance=0.0584, QRS count=4
2025-10-09 11:01:04,858 [DEBUG] Accepted segment [30720:31744], variance=0.0632, QRS count=5
2025-10-09 11:01:04,861 [DEBUG] Accepted segment [31232:32256], variance=0.0687, QRS count=4
2025-10-09 11:01:04,864 [DEBUG] Accepted segment [31744:32768], variance=0.0606, QRS count=4
2025-10-09 11:01:04,867 [DEBUG] Accepted segment [32256:33280], variance=0.0556, QRS count=5
2025-10-09 11:01:04,870 [DEBUG] Accepted segment [32768:33792], variance=0.0653, QRS count=5
2025-10-09 11:01:04,873 [DEBUG] Accepted segment [33280:34304], variance=0.0680, QRS count=4
2025-10-09 11:01:04,877 [DEBUG] Accepted segment [33792:34816], variance=0.0583, QRS count=4
2025-10-09 11:01:04,881 [DEBUG] Accepted segment [34304:35328], variance=0.0639, QRS count=5
2025-10-09 11:01:04,884 [DEBUG] Accepted segment [34816:35840], variance=0.0667, QRS count=4
2025-10-09 11:01:04,886 [DEBUG] Accepted segment [35328:36352], variance=0.0591, QRS count=5
2025-10-09 11:01:04,889 [DEBUG] Accepted segment [35840:36864], variance=0.0674, QRS count=5
2025-10-09 11:01:04,891 [DEBUG] Accepted segment [36352:37376], variance=0.0672, QRS count=4
2025-10-09 11:01:04,893 [DEBUG] Accepted segment [36864:37888], variance=0.0556, QRS count=4
2025-10-09 11:01:04,895 [DEBUG] Accepted segment [37376:38400], variance=0.0645, QRS count=4
2025-10-09 11:01:04,898 [DEBUG] Accepted segment [37888:38912], variance=0.0696, QRS count=4
2025-10-09 11:01:04,900 [DEBUG] Accepted segment [38400:39424], variance=0.0600, QRS count=4
2025-10-09 11:01:04,902 [DEBUG] Accepted segment [38912:39936], variance=0.0560, QRS count=4
2025-10-09 11:01:04,904 [DEBUG] Accepted segment [39424:40448], variance=0.0663, QRS count=5
2025-10-09 11:01:04,906 [DEBUG] Accepted segment [39936:40960], variance=0.0676, QRS count=4
2025-10-09 11:01:04,908 [DEBUG] Accepted segment [40448:41472], variance=0.0587, QRS count=4
2025-10-09 11:01:04,910 [DEBUG] Accepted segment [40960:41984], variance=0.0638, QRS count=5
2025-10-09 11:01:04,912 [DEBUG] Accepted segment [41472:42496], variance=0.0685, QRS count=4
2025-10-09 11:01:04,915 [DEBUG] Accepted segment [41984:43008], variance=0.0633, QRS count=4
2025-10-09 11:01:04,917 [DEBUG] Accepted segment [42496:43520], variance=0.0641, QRS count=5
2025-10-09 11:01:04,920 [DEBUG] Accepted segment [43008:44032], variance=0.0666, QRS count=5
2025-10-09 11:01:04,922 [DEBUG] Accepted segment [43520:44544], variance=0.0613, QRS count=4
2025-10-09 11:01:04,924 [DEBUG] Accepted segment [44032:45056], variance=0.0696, QRS count=5
2025-10-09 11:01:04,926 [DEBUG] Accepted segment [44544:45568], variance=0.0793, QRS count=5
2025-10-09 11:01:04,928 [DEBUG] Accepted segment [45056:46080], variance=0.0745, QRS count=5
2025-10-09 11:01:04,930 [DEBUG] Accepted segment [45568:46592], variance=0.0689, QRS count=5
2025-10-09 11:01:04,932 [DEBUG] Accepted segment [46080:47104], variance=0.0612, QRS count=5
2025-10-09 11:01:04,934 [DEBUG] Accepted segment [46592:47616], variance=0.0675, QRS count=5
2025-10-09 11:01:04,936 [DEBUG] Accepted segment [47104:48128], variance=0.0667, QRS count=4
2025-10-09 11:01:04,939 [DEBUG] Accepted segment [47616:48640], variance=0.0650, QRS count=5
2025-10-09 11:01:04,941 [DEBUG] Accepted segment [48128:49152], variance=0.0693, QRS count=4
2025-10-09 11:01:04,943 [DEBUG] Accepted segment [48640:49664], variance=0.0693, QRS count=5
2025-10-09 11:01:04,946 [DEBUG] Accepted segment [49152:50176], variance=0.0686, QRS count=5
2025-10-09 11:01:04,948 [DEBUG] Accepted segment [49664:50688], variance=0.0699, QRS count=5
2025-10-09 11:01:04,950 [DEBUG] Accepted segment [50176:51200], variance=0.0716, QRS count=6
2025-10-09 11:01:04,952 [DEBUG] Accepted segment [50688:51712], variance=0.0602, QRS count=5
2025-10-09 11:01:04,954 [DEBUG] Accepted segment [51200:52224], variance=0.0649, QRS count=5
2025-10-09 11:01:04,956 [DEBUG] Accepted segment [51712:52736], variance=0.0633, QRS count=4
2025-10-09 11:01:04,959 [DEBUG] Accepted segment [52224:53248], variance=0.0603, QRS count=5
2025-10-09 11:01:04,961 [DEBUG] Accepted segment [52736:53760], variance=0.0668, QRS count=5
2025-10-09 11:01:04,963 [DEBUG] Accepted segment [53248:54272], variance=0.0604, QRS count=5
2025-10-09 11:01:04,965 [DEBUG] Accepted segment [53760:54784], variance=0.0667, QRS count=5
2025-10-09 11:01:04,967 [DEBUG] Accepted segment [54272:55296], variance=0.0659, QRS count=4
2025-10-09 11:01:04,969 [DEBUG] Accepted segment [54784:55808], variance=0.0629, QRS count=5
2025-10-09 11:01:04,971 [DEBUG] Accepted segment [55296:56320], variance=0.0680, QRS count=5
2025-10-09 11:01:04,974 [DEBUG] Accepted segment [55808:56832], variance=0.0606, QRS count=4
2025-10-09 11:01:04,976 [DEBUG] Accepted segment [56320:57344], variance=0.0672, QRS count=5
2025-10-09 11:01:04,978 [DEBUG] Accepted segment [56832:57856], variance=0.0676, QRS count=4
2025-10-09 11:01:04,981 [DEBUG] Accepted segment [57344:58368], variance=0.0666, QRS count=5
2025-10-09 11:01:04,983 [DEBUG] Accepted segment [57856:58880], variance=0.0669, QRS count=4
2025-10-09 11:01:04,985 [DEBUG] Accepted segment [58368:59392], variance=0.0631, QRS count=5
2025-10-09 11:01:04,988 [DEBUG] Accepted segment [58880:59904], variance=0.0658, QRS count=4
2025-10-09 11:01:04,990 [DEBUG] Accepted segment [59392:60416], variance=0.0663, QRS count=5
2025-10-09 11:01:04,993 [DEBUG] Accepted segment [59904:60928], variance=0.0609, QRS count=5
2025-10-09 11:01:04,995 [DEBUG] Accepted segment [60416:61440], variance=0.0636, QRS count=5
2025-10-09 11:01:04,997 [DEBUG] Accepted segment [60928:61952], variance=0.0645, QRS count=4
2025-10-09 11:01:05,000 [DEBUG] Accepted segment [61440:62464], variance=0.0635, QRS count=5
2025-10-09 11:01:05,002 [DEBUG] Accepted segment [61952:62976], variance=0.0681, QRS count=5
2025-10-09 11:01:05,004 [DEBUG] Accepted segment [62464:63488], variance=0.0672, QRS count=5
2025-10-09 11:01:05,006 [DEBUG] Accepted segment [62976:64000], variance=0.0674, QRS count=5
2025-10-09 11:01:05,008 [DEBUG] Accepted segment [63488:64512], variance=0.0614, QRS count=4
2025-10-09 11:01:05,011 [DEBUG] Accepted segment [64000:65024], variance=0.0665, QRS count=4
2025-10-09 11:01:05,013 [DEBUG] Accepted segment [64512:65536], variance=0.0698, QRS count=4
2025-10-09 11:01:05,015 [DEBUG] Accepted segment [65024:66048], variance=0.0600, QRS count=4
2025-10-09 11:01:05,017 [DEBUG] Accepted segment [65536:66560], variance=0.0562, QRS count=4
2025-10-09 11:01:05,020 [DEBUG] Accepted segment [66048:67072], variance=0.0646, QRS count=5
2025-10-09 11:01:05,022 [DEBUG] Accepted segment [66560:67584], variance=0.0682, QRS count=4
2025-10-09 11:01:05,026 [DEBUG] Accepted segment [67072:68096], variance=0.0609, QRS count=4
2025-10-09 11:01:05,029 [DEBUG] Accepted segment [67584:68608], variance=0.0569, QRS count=4
2025-10-09 11:01:05,032 [DEBUG] Accepted segment [68096:69120], variance=0.0652, QRS count=5
2025-10-09 11:01:05,035 [DEBUG] Accepted segment [68608:69632], variance=0.0696, QRS count=4
2025-10-09 11:01:05,038 [DEBUG] Accepted segment [69120:70144], variance=0.0609, QRS count=4
2025-10-09 11:01:05,041 [DEBUG] Accepted segment [69632:70656], variance=0.0629, QRS count=5
2025-10-09 11:01:05,044 [DEBUG] Accepted segment [70144:71168], variance=0.0675, QRS count=4
2025-10-09 11:01:05,047 [DEBUG] Accepted segment [70656:71680], variance=0.0603, QRS count=4
2025-10-09 11:01:05,049 [DEBUG] Accepted segment [71168:72192], variance=0.0674, QRS count=5
2025-10-09 11:01:05,051 [DEBUG] Accepted segment [71680:72704], variance=0.0668, QRS count=4
2025-10-09 11:01:05,053 [DEBUG] Accepted segment [72192:73216], variance=0.0556, QRS count=4
2025-10-09 11:01:05,056 [DEBUG] Accepted segment [72704:73728], variance=0.0672, QRS count=5
2025-10-09 11:01:05,059 [DEBUG] Accepted segment [73216:74240], variance=0.0669, QRS count=4
2025-10-09 11:01:05,062 [DEBUG] Accepted segment [73728:74752], variance=0.0551, QRS count=5
2025-10-09 11:01:05,064 [DEBUG] Accepted segment [74240:75264], variance=0.0668, QRS count=5
2025-10-09 11:01:05,068 [DEBUG] Accepted segment [74752:75776], variance=0.0669, QRS count=4
2025-10-09 11:01:05,071 [DEBUG] Accepted segment [75264:76288], variance=0.0631, QRS count=4
2025-10-09 11:01:05,074 [DEBUG] Accepted segment [75776:76800], variance=0.0682, QRS count=5
2025-10-09 11:01:05,077 [DEBUG] Accepted segment [76288:77312], variance=0.0602, QRS count=4
2025-10-09 11:01:05,080 [DEBUG] Accepted segment [76800:77824], variance=0.0663, QRS count=5
2025-10-09 11:01:05,083 [DEBUG] Accepted segment [77312:78336], variance=0.0746, QRS count=5
2025-10-09 11:01:05,086 [DEBUG] Accepted segment [77824:78848], variance=0.0747, QRS count=5
2025-10-09 11:01:05,090 [DEBUG] Accepted segment [78336:79360], variance=0.0700, QRS count=5
2025-10-09 11:01:05,094 [DEBUG] Accepted segment [78848:79872], variance=0.0689, QRS count=5
2025-10-09 11:01:05,096 [DEBUG] Accepted segment [79360:80384], variance=0.0664, QRS count=4
2025-10-09 11:01:05,099 [DEBUG] Accepted segment [79872:80896], variance=0.0676, QRS count=5
2025-10-09 11:01:05,102 [DEBUG] Accepted segment [80384:81408], variance=0.0665, QRS count=4
2025-10-09 11:01:05,105 [DEBUG] Accepted segment [80896:81920], variance=0.0647, QRS count=5
2025-10-09 11:01:05,108 [DEBUG] Accepted segment [81408:82432], variance=0.0655, QRS count=4
2025-10-09 11:01:05,111 [DEBUG] Accepted segment [81920:82944], variance=0.0642, QRS count=5
2025-10-09 11:01:05,114 [DEBUG] Accepted segment [82432:83456], variance=0.0676, QRS count=5
2025-10-09 11:01:05,117 [DEBUG] Accepted segment [82944:83968], variance=0.0592, QRS count=4
2025-10-09 11:01:05,120 [DEBUG] Accepted segment [83456:84480], variance=0.0646, QRS count=5
2025-10-09 11:01:05,123 [DEBUG] Accepted segment [83968:84992], variance=0.0657, QRS count=4
2025-10-09 11:01:05,126 [DEBUG] Accepted segment [84480:85504], variance=0.0633, QRS count=5
2025-10-09 11:01:05,129 [DEBUG] Accepted segment [84992:86016], variance=0.0668, QRS count=5
2025-10-09 11:01:05,132 [DEBUG] Accepted segment [85504:86528], variance=0.0680, QRS count=5
2025-10-09 11:01:05,136 [DEBUG] Accepted segment [86016:87040], variance=0.0652, QRS count=4
2025-10-09 11:01:05,139 [DEBUG] Accepted segment [86528:87552], variance=0.0649, QRS count=5
2025-10-09 11:01:05,142 [DEBUG] Accepted segment [87040:88064], variance=0.0665, QRS count=4
2025-10-09 11:01:05,145 [DEBUG] Accepted segment [87552:88576], variance=0.0640, QRS count=5
2025-10-09 11:01:05,148 [DEBUG] Accepted segment [88064:89088], variance=0.0637, QRS count=5
2025-10-09 11:01:05,152 [DEBUG] Accepted segment [88576:89600], variance=0.0630, QRS count=4
2025-10-09 11:01:05,157 [DEBUG] Accepted segment [89088:90112], variance=0.0606, QRS count=5
2025-10-09 11:01:05,160 [DEBUG] Accepted segment [89600:90624], variance=0.0560, QRS count=4
2025-10-09 11:01:05,164 [DEBUG] Accepted segment [90112:91136], variance=0.0542, QRS count=4
2025-10-09 11:01:05,166 [DEBUG] Accepted segment [90624:91648], variance=0.0615, QRS count=5
2025-10-09 11:01:05,169 [DEBUG] Accepted segment [91136:92160], variance=0.0635, QRS count=4
2025-10-09 11:01:05,172 [DEBUG] Accepted segment [91648:92672], variance=0.0539, QRS count=5
2025-10-09 11:01:05,175 [DEBUG] Accepted segment [92160:93184], variance=0.0651, QRS count=5
2025-10-09 11:01:05,177 [DEBUG] Accepted segment [92672:93696], variance=0.0662, QRS count=4
2025-10-09 11:01:05,179 [DEBUG] Accepted segment [93184:94208], variance=0.0542, QRS count=4
2025-10-09 11:01:05,181 [DEBUG] Accepted segment [93696:94720], variance=0.0644, QRS count=5
2025-10-09 11:01:05,184 [DEBUG] Accepted segment [94208:95232], variance=0.0639, QRS count=4
2025-10-09 11:01:05,186 [DEBUG] Accepted segment [94720:95744], variance=0.0533, QRS count=4
2025-10-09 11:01:05,188 [DEBUG] Accepted segment [95232:96256], variance=0.0611, QRS count=5
2025-10-09 11:01:05,190 [DEBUG] Accepted segment [95744:96768], variance=0.0647, QRS count=4
2025-10-09 11:01:05,193 [DEBUG] Accepted segment [96256:97280], variance=0.0575, QRS count=5
2025-10-09 11:01:05,195 [DEBUG] Accepted segment [96768:97792], variance=0.0637, QRS count=5
2025-10-09 11:01:05,195 [DEBUG] Skipping segment [97280:98304] due to overlap with noise [98200:101600]
2025-10-09 11:01:05,195 [DEBUG] Skipping segment [97792:98816] due to overlap with noise [98200:101600]
2025-10-09 11:01:05,195 [DEBUG] Skipping segment [98304:99328] due to overlap with noise [98200:101600]
2025-10-09 11:01:05,195 [DEBUG] Skipping segment [98816:99840] due to overlap with noise [98200:101600]
2025-10-09 11:01:05,195 [DEBUG] Skipping segment [99328:100352] due to overlap with noise [98200:101600]
2025-10-09 11:01:05,195 [DEBUG] Skipping segment [99840:100864] due to overlap with noise [98200:101600]
2025-10-09 11:01:05,195 [DEBUG] Skipping segment [100352:101376] due to overlap with noise [98200:101600]
2025-10-09 11:01:05,195 [DEBUG] Skipping segment [100864:101888] due to overlap with noise [98200:101600]
2025-10-09 11:01:05,195 [DEBUG] Skipping segment [101376:102400] due to overlap with noise [98200:101600]
2025-10-09 11:01:05,197 [DEBUG] Accepted segment [101888:102912], variance=0.0620, QRS count=5
2025-10-09 11:01:05,200 [DEBUG] Accepted segment [102400:103424], variance=0.0601, QRS count=5
2025-10-09 11:01:05,202 [DEBUG] Accepted segment [102912:103936], variance=0.0623, QRS count=4
2025-10-09 11:01:05,204 [DEBUG] Accepted segment [103424:104448], variance=0.0644, QRS count=5
2025-10-09 11:01:05,206 [DEBUG] Accepted segment [103936:104960], variance=0.0658, QRS count=5
2025-10-09 11:01:05,208 [DEBUG] Accepted segment [104448:105472], variance=0.0645, QRS count=5
2025-10-09 11:01:05,211 [DEBUG] Accepted segment [104960:105984], variance=0.0644, QRS count=5
2025-10-09 11:01:05,213 [DEBUG] Accepted segment [105472:106496], variance=0.0673, QRS count=5
2025-10-09 11:01:05,215 [DEBUG] Accepted segment [105984:107008], variance=0.0652, QRS count=5
2025-10-09 11:01:05,217 [DEBUG] Accepted segment [106496:107520], variance=0.0622, QRS count=5
2025-10-09 11:01:05,219 [DEBUG] Accepted segment [107008:108032], variance=0.0632, QRS count=4
2025-10-09 11:01:05,221 [DEBUG] Accepted segment [107520:108544], variance=0.0575, QRS count=4
2025-10-09 11:01:05,224 [DEBUG] Accepted segment [108032:109056], variance=0.0623, QRS count=5
2025-10-09 11:01:05,226 [DEBUG] Accepted segment [108544:109568], variance=0.0661, QRS count=4
2025-10-09 11:01:05,226 [DEBUG] Skipping segment [109056:110080] due to overlap with noise [110000:110800]
2025-10-09 11:01:05,226 [DEBUG] Skipping segment [109568:110592] due to overlap with noise [110000:110800]
2025-10-09 11:01:05,226 [DEBUG] Skipping segment [110080:111104] due to overlap with noise [110000:110800]
2025-10-09 11:01:05,226 [DEBUG] Skipping segment [110592:111616] due to overlap with noise [110000:110800]
2025-10-09 11:01:05,228 [DEBUG] Accepted segment [111104:112128], variance=0.0659, QRS count=5
2025-10-09 11:01:05,230 [DEBUG] Accepted segment [111616:112640], variance=0.0660, QRS count=4
2025-10-09 11:01:05,232 [DEBUG] Accepted segment [112128:113152], variance=0.0650, QRS count=5
2025-10-09 11:01:05,235 [DEBUG] Accepted segment [112640:113664], variance=0.0650, QRS count=4
2025-10-09 11:01:05,237 [DEBUG] Accepted segment [113152:114176], variance=0.0616, QRS count=5
2025-10-09 11:01:05,239 [DEBUG] Accepted segment [113664:114688], variance=0.0663, QRS count=4
2025-10-09 11:01:05,241 [DEBUG] Accepted segment [114176:115200], variance=0.0597, QRS count=4
2025-10-09 11:01:05,243 [DEBUG] Accepted segment [114688:115712], variance=0.0616, QRS count=5
2025-10-09 11:01:05,246 [DEBUG] Accepted segment [115200:116224], variance=0.0643, QRS count=4
2025-10-09 11:01:05,248 [DEBUG] Accepted segment [115712:116736], variance=0.0654, QRS count=5
2025-10-09 11:01:05,250 [DEBUG] Accepted segment [116224:117248], variance=0.0645, QRS count=5
2025-10-09 11:01:05,253 [DEBUG] Accepted segment [116736:117760], variance=0.0676, QRS count=5
2025-10-09 11:01:05,253 [DEBUG] Skipping segment [117248:118272] due to overlap with noise [118000:119600]
2025-10-09 11:01:05,253 [DEBUG] Skipping segment [117760:118784] due to overlap with noise [118000:119600]
2025-10-09 11:01:05,253 [DEBUG] Skipping segment [118272:119296] due to overlap with noise [118000:119600]
2025-10-09 11:01:05,253 [DEBUG] Skipping segment [118784:119808] due to overlap with noise [118000:119600]
2025-10-09 11:01:05,253 [DEBUG] Skipping segment [119296:120320] due to overlap with noise [118000:119600]
2025-10-09 11:01:05,255 [DEBUG] Accepted segment [119808:120832], variance=0.0673, QRS count=5
2025-10-09 11:01:05,258 [DEBUG] Accepted segment [120320:121344], variance=0.0726, QRS count=5
2025-10-09 11:01:05,261 [DEBUG] Accepted segment [120832:121856], variance=0.0690, QRS count=6
2025-10-09 11:01:05,265 [DEBUG] Accepted segment [121344:122368], variance=0.0672, QRS count=6
2025-10-09 11:01:05,268 [DEBUG] Accepted segment [121856:122880], variance=0.0585, QRS count=5
2025-10-09 11:01:05,273 [DEBUG] Accepted segment [122368:123392], variance=0.0596, QRS count=5
2025-10-09 11:01:05,277 [DEBUG] Accepted segment [122880:123904], variance=0.0629, QRS count=4
2025-10-09 11:01:05,280 [DEBUG] Accepted segment [123392:124416], variance=0.0610, QRS count=5
2025-10-09 11:01:05,283 [DEBUG] Accepted segment [123904:124928], variance=0.0617, QRS count=4
2025-10-09 11:01:05,285 [DEBUG] Accepted segment [124416:125440], variance=0.0623, QRS count=5
2025-10-09 11:01:05,288 [DEBUG] Accepted segment [124928:125952], variance=0.0606, QRS count=4
2025-10-09 11:01:05,290 [DEBUG] Accepted segment [125440:126464], variance=0.0610, QRS count=5
2025-10-09 11:01:05,292 [DEBUG] Accepted segment [125952:126976], variance=0.0600, QRS count=4
2025-10-09 11:01:05,295 [DEBUG] Accepted segment [126464:127488], variance=0.0591, QRS count=5
2025-10-09 11:01:05,295 [INFO] Segmented signal of length 127999 into 220 valid segments
2025-10-09 11:01:05,295 [DEBUG] ECG signal length: 127999, segments: 220
2025-10-09 11:01:05,295 [INFO] Total segments counted: 220
2025-10-09 11:01:05,295 [INFO] Test segments: 220
2025-10-09 11:01:05,295 [INFO] Training segments: 492, Test segments: 220
2025-10-09 11:01:05,295 [INFO] Creating TensorFlow dataset
2025-10-09 11:01:05,372 [DEBUG] Dataset created
2025-10-09 11:01:05,372 [INFO] Creating TensorFlow dataset
2025-10-09 11:01:05,401 [DEBUG] Dataset created
2025-10-09 11:01:05,401 [INFO] Steps per epoch: 15, Validation steps: 6
2025-10-09 11:01:05,401 [INFO] Validating dataset
2025-10-09 11:01:05,461 [DEBUG] Accepted segment [0:1024], variance=0.0485, QRS count=5
2025-10-09 11:01:05,464 [DEBUG] Accepted segment [512:1536], variance=0.0603, QRS count=5
2025-10-09 11:01:05,466 [DEBUG] Accepted segment [1024:2048], variance=0.0717, QRS count=5
2025-10-09 11:01:05,468 [DEBUG] Accepted segment [1536:2560], variance=0.0797, QRS count=6
2025-10-09 11:01:05,470 [DEBUG] Accepted segment [2048:3072], variance=0.0709, QRS count=6
2025-10-09 11:01:05,474 [DEBUG] Accepted segment [2560:3584], variance=0.0522, QRS count=5
2025-10-09 11:01:05,478 [DEBUG] Accepted segment [3072:4096], variance=0.0484, QRS count=5
2025-10-09 11:01:05,480 [DEBUG] Accepted segment [3584:4608], variance=0.0533, QRS count=5
2025-10-09 11:01:05,483 [DEBUG] Accepted segment [4096:5120], variance=0.0519, QRS count=6
2025-10-09 11:01:05,485 [DEBUG] Accepted segment [4608:5632], variance=0.0539, QRS count=6
2025-10-09 11:01:05,487 [DEBUG] Accepted segment [5120:6144], variance=0.0559, QRS count=5
2025-10-09 11:01:05,489 [DEBUG] Accepted segment [5632:6656], variance=0.0539, QRS count=5
2025-10-09 11:01:05,492 [DEBUG] Accepted segment [6144:7168], variance=0.0528, QRS count=5
2025-10-09 11:01:05,494 [DEBUG] Accepted segment [6656:7680], variance=0.0470, QRS count=5
2025-10-09 11:01:05,496 [DEBUG] Accepted segment [7168:8192], variance=0.0480, QRS count=5
2025-10-09 11:01:05,498 [DEBUG] Accepted segment [7680:8704], variance=0.0566, QRS count=5
2025-10-09 11:01:05,500 [DEBUG] Accepted segment [8192:9216], variance=0.0601, QRS count=5
2025-10-09 11:01:05,502 [DEBUG] Accepted segment [8704:9728], variance=0.0621, QRS count=6
2025-10-09 11:01:05,504 [DEBUG] Accepted segment [9216:10240], variance=0.0520, QRS count=5
2025-10-09 11:01:05,508 [DEBUG] Accepted segment [9728:10752], variance=0.0495, QRS count=5
2025-10-09 11:01:05,510 [DEBUG] Accepted segment [10240:11264], variance=0.0569, QRS count=5
2025-10-09 11:01:05,512 [DEBUG] Accepted segment [10752:11776], variance=0.0581, QRS count=5
2025-10-09 11:01:05,515 [DEBUG] Accepted segment [11264:12288], variance=0.0586, QRS count=6
2025-10-09 11:01:05,517 [DEBUG] Accepted segment [11776:12800], variance=0.0491, QRS count=6
2025-10-09 11:01:05,519 [DEBUG] Accepted segment [12288:13312], variance=0.0499, QRS count=5
2025-10-09 11:01:05,521 [DEBUG] Accepted segment [12800:13824], variance=0.0607, QRS count=5
2025-10-09 11:01:05,523 [DEBUG] Accepted segment [13312:14336], variance=0.0595, QRS count=5
2025-10-09 11:01:05,526 [DEBUG] Accepted segment [13824:14848], variance=0.0566, QRS count=6
2025-10-09 11:01:05,528 [DEBUG] Accepted segment [14336:15360], variance=0.0585, QRS count=6
2025-10-09 11:01:05,530 [DEBUG] Accepted segment [14848:15872], variance=0.0575, QRS count=6
2025-10-09 11:01:05,533 [DEBUG] Accepted segment [15360:16384], variance=0.0520, QRS count=5
2025-10-09 11:01:05,536 [DEBUG] Accepted segment [15872:16896], variance=0.0511, QRS count=5
2025-10-09 11:01:05,539 [DEBUG] Accepted segment [16384:17408], variance=0.0506, QRS count=5
2025-10-09 11:01:05,541 [DEBUG] Accepted segment [16896:17920], variance=0.0476, QRS count=5
2025-10-09 11:01:05,543 [DEBUG] Accepted segment [17408:18432], variance=0.0447, QRS count=5
2025-10-09 11:01:05,546 [DEBUG] Accepted segment [17920:18944], variance=0.0474, QRS count=6
2025-10-09 11:01:05,548 [DEBUG] Accepted segment [18432:19456], variance=0.0513, QRS count=6
2025-10-09 11:01:05,550 [DEBUG] Accepted segment [18944:19968], variance=0.0520, QRS count=5
2025-10-09 11:01:05,552 [DEBUG] Accepted segment [19456:20480], variance=0.0518, QRS count=5
2025-10-09 11:01:05,554 [DEBUG] Accepted segment [19968:20992], variance=0.0535, QRS count=5
2025-10-09 11:01:05,556 [DEBUG] Accepted segment [20480:21504], variance=0.0570, QRS count=5
2025-10-09 11:01:05,559 [DEBUG] Accepted segment [20992:22016], variance=0.0584, QRS count=5
2025-10-09 11:01:05,561 [DEBUG] Accepted segment [21504:22528], variance=0.0589, QRS count=5
2025-10-09 11:01:05,563 [DEBUG] Accepted segment [22016:23040], variance=0.0598, QRS count=6
2025-10-09 11:01:05,565 [DEBUG] Accepted segment [22528:23552], variance=0.0604, QRS count=6
2025-10-09 11:01:05,567 [DEBUG] Accepted segment [23040:24064], variance=0.0594, QRS count=5
2025-10-09 11:01:05,569 [DEBUG] Accepted segment [23552:24576], variance=0.0598, QRS count=6
2025-10-09 11:01:05,571 [DEBUG] Accepted segment [24064:25088], variance=0.0620, QRS count=6
2025-10-09 11:01:05,574 [DEBUG] Accepted segment [24576:25600], variance=0.1251, QRS count=6
2025-10-09 11:01:05,576 [DEBUG] Accepted segment [25088:26112], variance=0.1270, QRS count=6
2025-10-09 11:01:05,578 [DEBUG] Accepted segment [25600:26624], variance=0.0756, QRS count=6
2025-10-09 11:01:05,580 [DEBUG] Accepted segment [26112:27136], variance=0.0709, QRS count=6
2025-10-09 11:01:05,582 [DEBUG] Accepted segment [26624:27648], variance=0.0589, QRS count=6
2025-10-09 11:01:05,585 [DEBUG] Accepted segment [27136:28160], variance=0.0584, QRS count=6
2025-10-09 11:01:05,587 [DEBUG] Accepted segment [27648:28672], variance=0.0565, QRS count=6
2025-10-09 11:01:05,589 [DEBUG] Accepted segment [28160:29184], variance=0.0559, QRS count=6
2025-10-09 11:01:05,591 [DEBUG] Accepted segment [28672:29696], variance=0.0563, QRS count=6
2025-10-09 11:01:05,593 [DEBUG] Accepted segment [29184:30208], variance=0.0540, QRS count=6
2025-10-09 11:01:05,596 [DEBUG] Accepted segment [29696:30720], variance=0.0480, QRS count=6
2025-10-09 11:01:05,598 [DEBUG] Accepted segment [30208:31232], variance=0.0466, QRS count=5
2025-10-09 11:01:05,600 [DEBUG] Accepted segment [30720:31744], variance=0.0484, QRS count=5
2025-10-09 11:01:05,602 [DEBUG] Accepted segment [31232:32256], variance=0.0523, QRS count=6
2025-10-09 11:01:05,604 [DEBUG] Accepted segment [31744:32768], variance=0.0579, QRS count=6
2025-10-09 11:01:05,606 [DEBUG] Accepted segment [32256:33280], variance=0.0605, QRS count=5
2025-10-09 11:01:05,608 [DEBUG] Accepted segment [32768:33792], variance=0.0593, QRS count=5
2025-10-09 11:01:05,611 [DEBUG] Accepted segment [33280:34304], variance=0.0577, QRS count=5
2025-10-09 11:01:05,613 [DEBUG] Accepted segment [33792:34816], variance=0.0579, QRS count=6
2025-10-09 11:01:05,615 [DEBUG] Accepted segment [34304:35328], variance=0.0569, QRS count=6
2025-10-09 11:01:05,617 [DEBUG] Accepted segment [34816:35840], variance=0.0569, QRS count=6
2025-10-09 11:01:05,619 [DEBUG] Accepted segment [35328:36352], variance=0.0586, QRS count=6
2025-10-09 11:01:05,621 [DEBUG] Accepted segment [35840:36864], variance=0.0496, QRS count=6
2025-10-09 11:01:05,623 [DEBUG] Accepted segment [36352:37376], variance=0.0498, QRS count=5
2025-10-09 11:01:05,626 [DEBUG] Accepted segment [36864:37888], variance=0.0598, QRS count=5
2025-10-09 11:01:05,628 [DEBUG] Accepted segment [37376:38400], variance=0.0608, QRS count=5
2025-10-09 11:01:05,630 [DEBUG] Accepted segment [37888:38912], variance=0.0619, QRS count=5
2025-10-09 11:01:05,632 [DEBUG] Accepted segment [38400:39424], variance=0.0603, QRS count=6
2025-10-09 11:01:05,634 [DEBUG] Accepted segment [38912:39936], variance=0.0589, QRS count=6
2025-10-09 11:01:05,636 [DEBUG] Accepted segment [39424:40448], variance=0.0607, QRS count=6
2025-10-09 11:01:05,639 [DEBUG] Accepted segment [39936:40960], variance=0.0523, QRS count=6
2025-10-09 11:01:05,641 [DEBUG] Accepted segment [40448:41472], variance=0.0519, QRS count=5
2025-10-09 11:01:05,643 [DEBUG] Accepted segment [40960:41984], variance=0.0605, QRS count=5
2025-10-09 11:01:05,645 [DEBUG] Accepted segment [41472:42496], variance=0.0594, QRS count=5
2025-10-09 11:01:05,647 [DEBUG] Accepted segment [41984:43008], variance=0.0573, QRS count=6
2025-10-09 11:01:05,649 [DEBUG] Accepted segment [42496:43520], variance=0.0570, QRS count=6
2025-10-09 11:01:05,651 [DEBUG] Accepted segment [43008:44032], variance=0.0501, QRS count=5
2025-10-09 11:01:05,653 [DEBUG] Accepted segment [43520:44544], variance=0.0484, QRS count=5
2025-10-09 11:01:05,655 [DEBUG] Accepted segment [44032:45056], variance=0.0558, QRS count=5
2025-10-09 11:01:05,658 [DEBUG] Accepted segment [44544:45568], variance=0.0570, QRS count=5
2025-10-09 11:01:05,660 [DEBUG] Accepted segment [45056:46080], variance=0.0533, QRS count=5
2025-10-09 11:01:05,662 [DEBUG] Accepted segment [45568:46592], variance=0.0483, QRS count=6
2025-10-09 11:01:05,664 [DEBUG] Accepted segment [46080:47104], variance=0.0507, QRS count=6
2025-10-09 11:01:05,666 [DEBUG] Accepted segment [46592:47616], variance=0.0576, QRS count=6
2025-10-09 11:01:05,668 [DEBUG] Accepted segment [47104:48128], variance=0.0606, QRS count=6
2025-10-09 11:01:05,671 [DEBUG] Accepted segment [47616:48640], variance=0.0595, QRS count=6
2025-10-09 11:01:05,673 [DEBUG] Accepted segment [48128:49152], variance=0.0510, QRS count=6
2025-10-09 11:01:05,675 [DEBUG] Accepted segment [48640:49664], variance=0.0516, QRS count=5
2025-10-09 11:01:05,677 [DEBUG] Accepted segment [49152:50176], variance=0.0585, QRS count=5
2025-10-09 11:01:05,679 [DEBUG] Accepted segment [49664:50688], variance=0.0584, QRS count=5
2025-10-09 11:01:05,681 [DEBUG] Accepted segment [50176:51200], variance=0.0589, QRS count=6
2025-10-09 11:01:05,683 [DEBUG] Accepted segment [50688:51712], variance=0.0584, QRS count=6
2025-10-09 11:01:05,686 [DEBUG] Accepted segment [51200:52224], variance=0.0501, QRS count=5
2025-10-09 11:01:05,688 [DEBUG] Accepted segment [51712:52736], variance=0.0509, QRS count=5
2025-10-09 11:01:05,690 [DEBUG] Accepted segment [52224:53248], variance=0.0593, QRS count=5
2025-10-09 11:01:05,692 [DEBUG] Accepted segment [52736:53760], variance=0.0583, QRS count=6
2025-10-09 11:01:05,694 [DEBUG] Accepted segment [53248:54272], variance=0.0595, QRS count=5
2025-10-09 11:01:05,696 [DEBUG] Accepted segment [53760:54784], variance=0.0531, QRS count=5
2025-10-09 11:01:05,698 [DEBUG] Accepted segment [54272:55296], variance=0.0531, QRS count=5
2025-10-09 11:01:05,701 [DEBUG] Accepted segment [54784:55808], variance=0.0593, QRS count=5
2025-10-09 11:01:05,705 [DEBUG] Accepted segment [55296:56320], variance=0.0602, QRS count=5
2025-10-09 11:01:05,707 [DEBUG] Accepted segment [55808:56832], variance=0.0621, QRS count=5
2025-10-09 11:01:05,710 [DEBUG] Accepted segment [56320:57344], variance=0.0596, QRS count=5
2025-10-09 11:01:05,712 [DEBUG] Accepted segment [56832:57856], variance=0.0563, QRS count=6
2025-10-09 11:01:05,714 [DEBUG] Accepted segment [57344:58368], variance=0.0567, QRS count=6
2025-10-09 11:01:05,717 [DEBUG] Accepted segment [57856:58880], variance=0.0583, QRS count=5
2025-10-09 11:01:05,719 [DEBUG] Accepted segment [58368:59392], variance=0.0492, QRS count=5
2025-10-09 11:01:05,721 [DEBUG] Accepted segment [58880:59904], variance=0.0492, QRS count=5
2025-10-09 11:01:05,723 [DEBUG] Accepted segment [59392:60416], variance=0.0592, QRS count=5
2025-10-09 11:01:05,725 [DEBUG] Accepted segment [59904:60928], variance=0.0586, QRS count=5
2025-10-09 11:01:05,728 [DEBUG] Accepted segment [60416:61440], variance=0.0579, QRS count=6
2025-10-09 11:01:05,730 [DEBUG] Accepted segment [60928:61952], variance=0.0584, QRS count=6
2025-10-09 11:01:05,732 [DEBUG] Accepted segment [61440:62464], variance=0.0588, QRS count=5
2025-10-09 11:01:05,735 [DEBUG] Accepted segment [61952:62976], variance=0.0565, QRS count=5
2025-10-09 11:01:05,737 [DEBUG] Accepted segment [62464:63488], variance=0.0485, QRS count=6
2025-10-09 11:01:05,740 [DEBUG] Accepted segment [62976:64000], variance=0.0508, QRS count=5
2025-10-09 11:01:05,742 [DEBUG] Accepted segment [63488:64512], variance=0.0608, QRS count=5
2025-10-09 11:01:05,745 [DEBUG] Accepted segment [64000:65024], variance=0.0619, QRS count=5
2025-10-09 11:01:05,748 [DEBUG] Accepted segment [64512:65536], variance=0.0587, QRS count=5
2025-10-09 11:01:05,751 [DEBUG] Accepted segment [65024:66048], variance=0.0603, QRS count=5
2025-10-09 11:01:05,753 [DEBUG] Accepted segment [65536:66560], variance=0.0623, QRS count=5
2025-10-09 11:01:05,755 [DEBUG] Accepted segment [66048:67072], variance=0.0612, QRS count=5
2025-10-09 11:01:05,758 [DEBUG] Accepted segment [66560:67584], variance=0.0614, QRS count=6
2025-10-09 11:01:05,760 [DEBUG] Accepted segment [67072:68096], variance=0.0627, QRS count=6
2025-10-09 11:01:05,763 [DEBUG] Accepted segment [67584:68608], variance=0.0535, QRS count=5
2025-10-09 11:01:05,765 [DEBUG] Accepted segment [68096:69120], variance=0.0529, QRS count=5
2025-10-09 11:01:05,768 [DEBUG] Accepted segment [68608:69632], variance=0.0620, QRS count=5
2025-10-09 11:01:05,770 [DEBUG] Accepted segment [69120:70144], variance=0.0512, QRS count=6
2025-10-09 11:01:05,772 [DEBUG] Accepted segment [69632:70656], variance=0.0508, QRS count=5
2025-10-09 11:01:05,775 [DEBUG] Accepted segment [70144:71168], variance=0.0623, QRS count=5
2025-10-09 11:01:05,777 [DEBUG] Accepted segment [70656:71680], variance=0.0649, QRS count=5
2025-10-09 11:01:05,779 [DEBUG] Accepted segment [71168:72192], variance=0.0649, QRS count=6
2025-10-09 11:01:05,782 [DEBUG] Accepted segment [71680:72704], variance=0.0643, QRS count=6
2025-10-09 11:01:05,784 [DEBUG] Accepted segment [72192:73216], variance=0.0546, QRS count=6
2025-10-09 11:01:05,788 [DEBUG] Accepted segment [72704:73728], variance=0.0550, QRS count=5
2025-10-09 11:01:05,791 [DEBUG] Accepted segment [73216:74240], variance=0.0646, QRS count=5
2025-10-09 11:01:05,793 [DEBUG] Accepted segment [73728:74752], variance=0.0630, QRS count=5
2025-10-09 11:01:05,795 [DEBUG] Accepted segment [74240:75264], variance=0.0623, QRS count=6
2025-10-09 11:01:05,798 [DEBUG] Accepted segment [74752:75776], variance=0.0621, QRS count=6
2025-10-09 11:01:05,800 [DEBUG] Accepted segment [75264:76288], variance=0.0509, QRS count=6
2025-10-09 11:01:05,802 [DEBUG] Accepted segment [75776:76800], variance=0.0518, QRS count=5
2025-10-09 11:01:05,804 [DEBUG] Accepted segment [76288:77312], variance=0.0641, QRS count=5
2025-10-09 11:01:05,806 [DEBUG] Accepted segment [76800:77824], variance=0.0659, QRS count=5
2025-10-09 11:01:05,809 [DEBUG] Accepted segment [77312:78336], variance=0.0647, QRS count=6
2025-10-09 11:01:05,812 [DEBUG] Accepted segment [77824:78848], variance=0.0543, QRS count=5
2025-10-09 11:01:05,814 [DEBUG] Accepted segment [78336:79360], variance=0.0534, QRS count=5
2025-10-09 11:01:05,816 [DEBUG] Accepted segment [78848:79872], variance=0.0600, QRS count=5
2025-10-09 11:01:05,818 [DEBUG] Accepted segment [79360:80384], variance=0.0605, QRS count=6
2025-10-09 11:01:05,820 [DEBUG] Accepted segment [79872:80896], variance=0.0530, QRS count=5
2025-10-09 11:01:05,823 [DEBUG] Accepted segment [80384:81408], variance=0.0525, QRS count=5
2025-10-09 11:01:05,825 [DEBUG] Accepted segment [80896:81920], variance=0.0614, QRS count=5
2025-10-09 11:01:05,829 [DEBUG] Accepted segment [81408:82432], variance=0.0623, QRS count=6
2025-10-09 11:01:05,832 [DEBUG] Accepted segment [81920:82944], variance=0.0606, QRS count=5
2025-10-09 11:01:05,835 [DEBUG] Accepted segment [82432:83456], variance=0.0508, QRS count=5
2025-10-09 11:01:05,837 [DEBUG] Accepted segment [82944:83968], variance=0.0525, QRS count=5
2025-10-09 11:01:05,840 [DEBUG] Accepted segment [83456:84480], variance=0.0618, QRS count=5
2025-10-09 11:01:05,842 [DEBUG] Accepted segment [83968:84992], variance=0.0601, QRS count=5
2025-10-09 11:01:05,844 [DEBUG] Accepted segment [84480:85504], variance=0.0589, QRS count=5
2025-10-09 11:01:05,847 [DEBUG] Accepted segment [84992:86016], variance=0.0579, QRS count=6
2025-10-09 11:01:05,849 [DEBUG] Accepted segment [85504:86528], variance=0.0604, QRS count=6
2025-10-09 11:01:05,851 [DEBUG] Accepted segment [86016:87040], variance=0.0538, QRS count=5
2025-10-09 11:01:05,853 [DEBUG] Accepted segment [86528:87552], variance=0.0515, QRS count=5
2025-10-09 11:01:05,855 [DEBUG] Accepted segment [87040:88064], variance=0.0609, QRS count=5
2025-10-09 11:01:05,857 [DEBUG] Accepted segment [87552:88576], variance=0.0617, QRS count=5
2025-10-09 11:01:05,859 [DEBUG] Accepted segment [88064:89088], variance=0.0498, QRS count=5
2025-10-09 11:01:05,861 [DEBUG] Accepted segment [88576:89600], variance=0.0489, QRS count=5
2025-10-09 11:01:05,864 [DEBUG] Accepted segment [89088:90112], variance=0.0603, QRS count=5
2025-10-09 11:01:05,866 [DEBUG] Accepted segment [89600:90624], variance=0.0612, QRS count=6
2025-10-09 11:01:05,868 [DEBUG] Accepted segment [90112:91136], variance=0.0612, QRS count=6
2025-10-09 11:01:05,870 [DEBUG] Accepted segment [90624:91648], variance=0.0535, QRS count=5
2025-10-09 11:01:05,872 [DEBUG] Accepted segment [91136:92160], variance=0.0552, QRS count=5
2025-10-09 11:01:05,874 [DEBUG] Accepted segment [91648:92672], variance=0.0635, QRS count=5
2025-10-09 11:01:05,877 [DEBUG] Accepted segment [92160:93184], variance=0.0609, QRS count=5
2025-10-09 11:01:05,879 [DEBUG] Accepted segment [92672:93696], variance=0.0534, QRS count=6
2025-10-09 11:01:05,881 [DEBUG] Accepted segment [93184:94208], variance=0.0553, QRS count=5
2025-10-09 11:01:05,883 [DEBUG] Accepted segment [93696:94720], variance=0.0625, QRS count=5
2025-10-09 11:01:05,885 [DEBUG] Accepted segment [94208:95232], variance=0.0619, QRS count=5
2025-10-09 11:01:05,888 [DEBUG] Accepted segment [94720:95744], variance=0.0629, QRS count=6
2025-10-09 11:01:05,890 [DEBUG] Accepted segment [95232:96256], variance=0.0528, QRS count=5
2025-10-09 11:01:05,892 [DEBUG] Accepted segment [95744:96768], variance=0.0525, QRS count=5
2025-10-09 11:01:05,894 [DEBUG] Accepted segment [96256:97280], variance=0.0625, QRS count=5
2025-10-09 11:01:05,896 [DEBUG] Accepted segment [96768:97792], variance=0.0602, QRS count=6
2025-10-09 11:01:05,899 [DEBUG] Accepted segment [97280:98304], variance=0.0574, QRS count=6
2025-10-09 11:01:05,901 [DEBUG] Accepted segment [97792:98816], variance=0.0569, QRS count=6
2025-10-09 11:01:05,903 [DEBUG] Accepted segment [98304:99328], variance=0.0501, QRS count=6
2025-10-09 11:01:05,906 [DEBUG] Accepted segment [98816:99840], variance=0.0510, QRS count=5
2025-10-09 11:01:05,908 [DEBUG] Accepted segment [99328:100352], variance=0.0579, QRS count=5
2025-10-09 11:01:05,910 [DEBUG] Accepted segment [99840:100864], variance=0.0583, QRS count=5
2025-10-09 11:01:05,912 [DEBUG] Accepted segment [100352:101376], variance=0.0604, QRS count=5
2025-10-09 11:01:05,914 [DEBUG] Accepted segment [100864:101888], variance=0.0593, QRS count=6
2025-10-09 11:01:05,916 [DEBUG] Accepted segment [101376:102400], variance=0.0568, QRS count=6
2025-10-09 11:01:05,918 [DEBUG] Accepted segment [101888:102912], variance=0.0552, QRS count=6
2025-10-09 11:01:05,920 [DEBUG] Accepted segment [102400:103424], variance=0.0554, QRS count=6
2025-10-09 11:01:05,923 [DEBUG] Accepted segment [102912:103936], variance=0.0574, QRS count=6
2025-10-09 11:01:05,925 [DEBUG] Accepted segment [103424:104448], variance=0.0576, QRS count=5
2025-10-09 11:01:05,927 [DEBUG] Accepted segment [103936:104960], variance=0.0472, QRS count=6
2025-10-09 11:01:05,930 [DEBUG] Accepted segment [104448:105472], variance=0.0462, QRS count=5
2025-10-09 11:01:05,932 [DEBUG] Accepted segment [104960:105984], variance=0.0554, QRS count=5
2025-10-09 11:01:05,934 [DEBUG] Accepted segment [105472:106496], variance=0.0562, QRS count=5
2025-10-09 11:01:05,936 [DEBUG] Accepted segment [105984:107008], variance=0.0543, QRS count=5
2025-10-09 11:01:05,938 [DEBUG] Accepted segment [106496:107520], variance=0.0518, QRS count=5
2025-10-09 11:01:05,941 [DEBUG] Accepted segment [107008:108032], variance=0.0523, QRS count=5
2025-10-09 11:01:05,943 [DEBUG] Accepted segment [107520:108544], variance=0.0539, QRS count=5
2025-10-09 11:01:05,945 [DEBUG] Accepted segment [108032:109056], variance=0.0543, QRS count=5
2025-10-09 11:01:05,948 [DEBUG] Accepted segment [108544:109568], variance=0.0531, QRS count=6
2025-10-09 11:01:05,950 [DEBUG] Accepted segment [109056:110080], variance=0.0515, QRS count=6
2025-10-09 11:01:05,952 [DEBUG] Accepted segment [109568:110592], variance=0.0521, QRS count=6
2025-10-09 11:01:05,954 [DEBUG] Accepted segment [110080:111104], variance=0.1279, QRS count=6
2025-10-09 11:01:05,957 [DEBUG] Accepted segment [110592:111616], variance=0.1293, QRS count=5
2025-10-09 11:01:05,959 [DEBUG] Accepted segment [111104:112128], variance=0.0552, QRS count=6
2025-10-09 11:01:05,962 [DEBUG] Accepted segment [111616:112640], variance=0.0537, QRS count=6
2025-10-09 11:01:05,964 [DEBUG] Accepted segment [112128:113152], variance=0.0532, QRS count=6
2025-10-09 11:01:05,966 [DEBUG] Accepted segment [112640:113664], variance=0.0558, QRS count=6
2025-10-09 11:01:05,968 [DEBUG] Accepted segment [113152:114176], variance=0.0582, QRS count=5
2025-10-09 11:01:05,971 [DEBUG] Accepted segment [113664:114688], variance=0.0514, QRS count=6
2025-10-09 11:01:05,973 [DEBUG] Accepted segment [114176:115200], variance=0.0525, QRS count=5
2025-10-09 11:01:05,976 [DEBUG] Accepted segment [114688:115712], variance=0.0596, QRS count=5
2025-10-09 11:01:05,978 [DEBUG] Accepted segment [115200:116224], variance=0.0584, QRS count=5
2025-10-09 11:01:05,980 [DEBUG] Accepted segment [115712:116736], variance=0.0515, QRS count=6
2025-10-09 11:01:05,982 [DEBUG] Accepted segment [116224:117248], variance=0.0530, QRS count=5
2025-10-09 11:01:05,984 [DEBUG] Accepted segment [116736:117760], variance=0.0609, QRS count=5
2025-10-09 11:01:05,987 [DEBUG] Accepted segment [117248:118272], variance=0.0628, QRS count=5
2025-10-09 11:01:05,989 [DEBUG] Accepted segment [117760:118784], variance=0.0637, QRS count=6
2025-10-09 11:01:05,992 [DEBUG] Accepted segment [118272:119296], variance=0.0609, QRS count=6
2025-10-09 11:01:05,994 [DEBUG] Accepted segment [118784:119808], variance=0.0506, QRS count=6
2025-10-09 11:01:05,994 [DEBUG] Skipping segment [119296:120320] due to overlap with noise [120200:120500]
2025-10-09 11:01:05,994 [DEBUG] Skipping segment [119808:120832] due to overlap with noise [120200:120500]
2025-10-09 11:01:05,994 [DEBUG] Skipping segment [120320:121344] due to overlap with noise [120200:120500]
2025-10-09 11:01:05,996 [DEBUG] Accepted segment [120832:121856], variance=0.0428, QRS count=6
2025-10-09 11:01:05,999 [DEBUG] Accepted segment [121344:122368], variance=0.0406, QRS count=6
2025-10-09 11:01:06,001 [DEBUG] Accepted segment [121856:122880], variance=0.0365, QRS count=6
2025-10-09 11:01:06,003 [DEBUG] Accepted segment [122368:123392], variance=0.0401, QRS count=5
2025-10-09 11:01:06,006 [DEBUG] Accepted segment [122880:123904], variance=0.0464, QRS count=6
2025-10-09 11:01:06,009 [DEBUG] Accepted segment [123392:124416], variance=0.0520, QRS count=6
2025-10-09 11:01:06,011 [DEBUG] Accepted segment [123904:124928], variance=0.0439, QRS count=5
2025-10-09 11:01:06,013 [DEBUG] Accepted segment [124416:125440], variance=0.0354, QRS count=5
2025-10-09 11:01:06,015 [DEBUG] Accepted segment [124928:125952], variance=0.0386, QRS count=5
2025-10-09 11:01:06,017 [DEBUG] Accepted segment [125440:126464], variance=0.0365, QRS count=5
2025-10-09 11:01:06,019 [DEBUG] Accepted segment [125952:126976], variance=0.0365, QRS count=6
2025-10-09 11:01:06,022 [DEBUG] Accepted segment [126464:127488], variance=0.0327, QRS count=5
2025-10-09 11:01:06,024 [DEBUG] Accepted segment [126976:128000], variance=0.0324, QRS count=5
2025-10-09 11:01:06,024 [INFO] Segmented signal of length 128000 into 246 valid segments
2025-10-09 11:01:06,337 [DEBUG] Accepted segment [0:1024], variance=0.0401, QRS count=6
2025-10-09 11:01:06,339 [DEBUG] Accepted segment [512:1536], variance=0.0419, QRS count=6
2025-10-09 11:01:06,341 [DEBUG] Accepted segment [1024:2048], variance=0.0415, QRS count=6
2025-10-09 11:01:06,343 [DEBUG] Accepted segment [1536:2560], variance=0.0390, QRS count=6
2025-10-09 11:01:06,346 [DEBUG] Accepted segment [2048:3072], variance=0.0377, QRS count=6
2025-10-09 11:01:06,348 [DEBUG] Accepted segment [2560:3584], variance=0.0409, QRS count=6
2025-10-09 11:01:06,350 [DEBUG] Accepted segment [3072:4096], variance=0.0414, QRS count=5
2025-10-09 11:01:06,352 [DEBUG] Accepted segment [3584:4608], variance=0.0384, QRS count=5
2025-10-09 11:01:06,355 [DEBUG] Accepted segment [4096:5120], variance=0.0392, QRS count=5
2025-10-09 11:01:06,357 [DEBUG] Accepted segment [4608:5632], variance=0.0402, QRS count=5
2025-10-09 11:01:06,359 [DEBUG] Accepted segment [5120:6144], variance=0.0394, QRS count=5
2025-10-09 11:01:06,361 [DEBUG] Accepted segment [5632:6656], variance=0.0395, QRS count=5
2025-10-09 11:01:06,363 [DEBUG] Accepted segment [6144:7168], variance=0.0415, QRS count=5
2025-10-09 11:01:06,365 [DEBUG] Accepted segment [6656:7680], variance=0.0433, QRS count=5
2025-10-09 11:01:06,368 [DEBUG] Accepted segment [7168:8192], variance=0.0412, QRS count=5
2025-10-09 11:01:06,370 [DEBUG] Accepted segment [7680:8704], variance=0.0387, QRS count=6
2025-10-09 11:01:06,372 [DEBUG] Accepted segment [8192:9216], variance=0.0424, QRS count=6
2025-10-09 11:01:06,374 [DEBUG] Accepted segment [8704:9728], variance=0.0459, QRS count=6
2025-10-09 11:01:06,376 [DEBUG] Accepted segment [9216:10240], variance=0.0427, QRS count=5
2025-10-09 11:01:06,378 [DEBUG] Accepted segment [9728:10752], variance=0.0465, QRS count=5
2025-10-09 11:01:06,380 [DEBUG] Accepted segment [10240:11264], variance=0.0452, QRS count=6
2025-10-09 11:01:06,382 [DEBUG] Accepted segment [10752:11776], variance=0.0496, QRS count=6
2025-10-09 11:01:06,385 [DEBUG] Accepted segment [11264:12288], variance=0.0525, QRS count=6
2025-10-09 11:01:06,387 [DEBUG] Accepted segment [11776:12800], variance=0.0397, QRS count=6
2025-10-09 11:01:06,389 [DEBUG] Accepted segment [12288:13312], variance=0.0377, QRS count=6
2025-10-09 11:01:06,391 [DEBUG] Accepted segment [12800:13824], variance=0.0388, QRS count=6
2025-10-09 11:01:06,393 [DEBUG] Accepted segment [13312:14336], variance=0.0378, QRS count=6
2025-10-09 11:01:06,396 [DEBUG] Accepted segment [13824:14848], variance=0.0385, QRS count=6
2025-10-09 11:01:06,398 [DEBUG] Accepted segment [14336:15360], variance=0.0398, QRS count=6
2025-10-09 11:01:06,400 [DEBUG] Accepted segment [14848:15872], variance=0.0393, QRS count=5
2025-10-09 11:01:06,402 [DEBUG] Accepted segment [15360:16384], variance=0.0346, QRS count=6
2025-10-09 11:01:06,404 [DEBUG] Accepted segment [15872:16896], variance=0.0356, QRS count=5
2025-10-09 11:01:06,406 [DEBUG] Accepted segment [16384:17408], variance=0.0412, QRS count=5
2025-10-09 11:01:06,409 [DEBUG] Accepted segment [16896:17920], variance=0.0429, QRS count=5
2025-10-09 11:01:06,412 [DEBUG] Accepted segment [17408:18432], variance=0.0438, QRS count=5
2025-10-09 11:01:06,415 [DEBUG] Accepted segment [17920:18944], variance=0.0445, QRS count=5
2025-10-09 11:01:06,417 [DEBUG] Accepted segment [18432:19456], variance=0.0446, QRS count=5
2025-10-09 11:01:06,419 [DEBUG] Accepted segment [18944:19968], variance=0.0441, QRS count=5
2025-10-09 11:01:06,421 [DEBUG] Accepted segment [19456:20480], variance=0.0441, QRS count=5
2025-10-09 11:01:06,424 [DEBUG] Accepted segment [19968:20992], variance=0.0429, QRS count=5
2025-10-09 11:01:06,426 [DEBUG] Accepted segment [20480:21504], variance=0.0406, QRS count=5
2025-10-09 11:01:06,428 [DEBUG] Accepted segment [20992:22016], variance=0.0402, QRS count=5
2025-10-09 11:01:06,430 [DEBUG] Accepted segment [21504:22528], variance=0.0406, QRS count=5
2025-10-09 11:01:06,432 [DEBUG] Accepted segment [22016:23040], variance=0.0405, QRS count=5
2025-10-09 11:01:06,434 [DEBUG] Accepted segment [22528:23552], variance=0.0406, QRS count=5
2025-10-09 11:01:06,436 [DEBUG] Accepted segment [23040:24064], variance=0.0412, QRS count=5
2025-10-09 11:01:06,439 [DEBUG] Accepted segment [23552:24576], variance=0.0423, QRS count=5
2025-10-09 11:01:06,441 [DEBUG] Accepted segment [24064:25088], variance=0.0420, QRS count=6
2025-10-09 11:01:06,443 [DEBUG] Accepted segment [24576:25600], variance=0.0412, QRS count=6
2025-10-09 11:01:06,445 [DEBUG] Accepted segment [25088:26112], variance=0.0412, QRS count=6
2025-10-09 11:01:06,447 [DEBUG] Accepted segment [25600:26624], variance=0.0407, QRS count=6
2025-10-09 11:01:06,449 [DEBUG] Accepted segment [26112:27136], variance=0.0394, QRS count=6
2025-10-09 11:01:06,452 [DEBUG] Accepted segment [26624:27648], variance=0.0471, QRS count=6
2025-10-09 11:01:06,454 [DEBUG] Accepted segment [27136:28160], variance=0.0493, QRS count=6
2025-10-09 11:01:06,456 [DEBUG] Accepted segment [27648:28672], variance=0.0420, QRS count=6
2025-10-09 11:01:06,458 [DEBUG] Accepted segment [28160:29184], variance=0.0394, QRS count=5
2025-10-09 11:01:06,460 [DEBUG] Accepted segment [28672:29696], variance=0.0345, QRS count=5
2025-10-09 11:01:06,462 [DEBUG] Accepted segment [29184:30208], variance=0.0353, QRS count=5
2025-10-09 11:01:06,464 [DEBUG] Accepted segment [29696:30720], variance=0.0395, QRS count=5
2025-10-09 11:01:06,467 [DEBUG] Accepted segment [30208:31232], variance=0.0400, QRS count=5
2025-10-09 11:01:06,469 [DEBUG] Accepted segment [30720:31744], variance=0.0419, QRS count=5
2025-10-09 11:01:06,471 [DEBUG] Accepted segment [31232:32256], variance=0.0425, QRS count=5
2025-10-09 11:01:06,473 [DEBUG] Accepted segment [31744:32768], variance=0.0409, QRS count=5
2025-10-09 11:01:06,475 [DEBUG] Accepted segment [32256:33280], variance=0.0398, QRS count=5
2025-10-09 11:01:06,478 [DEBUG] Accepted segment [32768:33792], variance=0.0410, QRS count=5
2025-10-09 11:01:06,480 [DEBUG] Accepted segment [33280:34304], variance=0.0416, QRS count=5
2025-10-09 11:01:06,482 [DEBUG] Accepted segment [33792:34816], variance=0.0405, QRS count=5
2025-10-09 11:01:06,484 [DEBUG] Accepted segment [34304:35328], variance=0.0395, QRS count=6
2025-10-09 11:01:06,486 [DEBUG] Accepted segment [34816:35840], variance=0.0397, QRS count=6
2025-10-09 11:01:06,488 [DEBUG] Accepted segment [35328:36352], variance=0.0419, QRS count=6
2025-10-09 11:01:06,490 [DEBUG] Accepted segment [35840:36864], variance=0.0427, QRS count=6
2025-10-09 11:01:06,492 [DEBUG] Accepted segment [36352:37376], variance=0.0419, QRS count=6
2025-10-09 11:01:06,495 [DEBUG] Accepted segment [36864:37888], variance=0.0411, QRS count=6
2025-10-09 11:01:06,497 [DEBUG] Accepted segment [37376:38400], variance=0.0402, QRS count=5
2025-10-09 11:01:06,499 [DEBUG] Accepted segment [37888:38912], variance=0.0358, QRS count=6
2025-10-09 11:01:06,501 [DEBUG] Accepted segment [38400:39424], variance=0.0363, QRS count=5
2025-10-09 11:01:06,504 [DEBUG] Accepted segment [38912:39936], variance=0.0418, QRS count=5
2025-10-09 11:01:06,506 [DEBUG] Accepted segment [39424:40448], variance=0.0436, QRS count=5
2025-10-09 11:01:06,508 [DEBUG] Accepted segment [39936:40960], variance=0.0433, QRS count=5
2025-10-09 11:01:06,510 [DEBUG] Accepted segment [40448:41472], variance=0.0420, QRS count=5
2025-10-09 11:01:06,513 [DEBUG] Accepted segment [40960:41984], variance=0.0409, QRS count=5
2025-10-09 11:01:06,516 [DEBUG] Accepted segment [41472:42496], variance=0.0399, QRS count=6
2025-10-09 11:01:06,518 [DEBUG] Accepted segment [41984:43008], variance=0.0410, QRS count=6
2025-10-09 11:01:06,520 [DEBUG] Accepted segment [42496:43520], variance=0.0423, QRS count=6
2025-10-09 11:01:06,522 [DEBUG] Accepted segment [43008:44032], variance=0.0413, QRS count=6
2025-10-09 11:01:06,524 [DEBUG] Accepted segment [43520:44544], variance=0.0393, QRS count=6
2025-10-09 11:01:06,526 [DEBUG] Accepted segment [44032:45056], variance=0.0401, QRS count=6
2025-10-09 11:01:06,529 [DEBUG] Accepted segment [44544:45568], variance=0.0421, QRS count=6
2025-10-09 11:01:06,531 [DEBUG] Accepted segment [45056:46080], variance=0.0420, QRS count=6
2025-10-09 11:01:06,533 [DEBUG] Accepted segment [45568:46592], variance=0.0406, QRS count=6
2025-10-09 11:01:06,535 [DEBUG] Accepted segment [46080:47104], variance=0.0402, QRS count=6
2025-10-09 11:01:06,537 [DEBUG] Accepted segment [46592:47616], variance=0.0409, QRS count=6
2025-10-09 11:01:06,539 [DEBUG] Accepted segment [47104:48128], variance=0.0409, QRS count=6
2025-10-09 11:01:06,541 [DEBUG] Accepted segment [47616:48640], variance=0.0406, QRS count=6
2025-10-09 11:01:06,544 [DEBUG] Accepted segment [48128:49152], variance=0.0408, QRS count=5
2025-10-09 11:01:06,546 [DEBUG] Accepted segment [48640:49664], variance=0.0422, QRS count=5
2025-10-09 11:01:06,548 [DEBUG] Accepted segment [49152:50176], variance=0.0407, QRS count=5
2025-10-09 11:01:06,550 [DEBUG] Accepted segment [49664:50688], variance=0.0342, QRS count=6
2025-10-09 11:01:06,552 [DEBUG] Accepted segment [50176:51200], variance=0.0361, QRS count=5
2025-10-09 11:01:06,554 [DEBUG] Accepted segment [50688:51712], variance=0.0422, QRS count=5
2025-10-09 11:01:06,556 [DEBUG] Accepted segment [51200:52224], variance=0.0421, QRS count=5
2025-10-09 11:01:06,559 [DEBUG] Accepted segment [51712:52736], variance=0.0413, QRS count=5
2025-10-09 11:01:06,561 [DEBUG] Accepted segment [52224:53248], variance=0.0424, QRS count=5
2025-10-09 11:01:06,563 [DEBUG] Accepted segment [52736:53760], variance=0.0428, QRS count=5
2025-10-09 11:01:06,565 [DEBUG] Accepted segment [53248:54272], variance=0.0407, QRS count=6
2025-10-09 11:01:06,567 [DEBUG] Accepted segment [53760:54784], variance=0.0401, QRS count=6
2025-10-09 11:01:06,570 [DEBUG] Accepted segment [54272:55296], variance=0.0403, QRS count=6
2025-10-09 11:01:06,572 [DEBUG] Accepted segment [54784:55808], variance=0.0409, QRS count=6
2025-10-09 11:01:06,574 [DEBUG] Accepted segment [55296:56320], variance=0.0409, QRS count=5
2025-10-09 11:01:06,576 [DEBUG] Accepted segment [55808:56832], variance=0.0340, QRS count=6
2025-10-09 11:01:06,578 [DEBUG] Accepted segment [56320:57344], variance=0.0343, QRS count=5
2025-10-09 11:01:06,580 [DEBUG] Accepted segment [56832:57856], variance=0.0403, QRS count=5
2025-10-09 11:01:06,582 [DEBUG] Accepted segment [57344:58368], variance=0.0385, QRS count=5
2025-10-09 11:01:06,584 [DEBUG] Accepted segment [57856:58880], variance=0.0381, QRS count=5
2025-10-09 11:01:06,586 [DEBUG] Accepted segment [58368:59392], variance=0.0402, QRS count=5
2025-10-09 11:01:06,589 [DEBUG] Accepted segment [58880:59904], variance=0.0411, QRS count=5
2025-10-09 11:01:06,591 [DEBUG] Accepted segment [59392:60416], variance=0.0399, QRS count=5
2025-10-09 11:01:06,593 [DEBUG] Accepted segment [59904:60928], variance=0.0400, QRS count=6
2025-10-09 11:01:06,595 [DEBUG] Accepted segment [60416:61440], variance=0.0408, QRS count=6
2025-10-09 11:01:06,597 [DEBUG] Accepted segment [60928:61952], variance=0.0404, QRS count=6
2025-10-09 11:01:06,599 [DEBUG] Accepted segment [61440:62464], variance=0.0402, QRS count=6
2025-10-09 11:01:06,601 [DEBUG] Accepted segment [61952:62976], variance=0.0393, QRS count=5
2025-10-09 11:01:06,603 [DEBUG] Accepted segment [62464:63488], variance=0.0352, QRS count=6
2025-10-09 11:01:06,606 [DEBUG] Accepted segment [62976:64000], variance=0.0403, QRS count=5
2025-10-09 11:01:06,608 [DEBUG] Accepted segment [63488:64512], variance=0.0450, QRS count=6
2025-10-09 11:01:06,611 [DEBUG] Accepted segment [64000:65024], variance=0.0414, QRS count=6
2025-10-09 11:01:06,613 [DEBUG] Accepted segment [64512:65536], variance=0.0425, QRS count=6
2025-10-09 11:01:06,615 [DEBUG] Accepted segment [65024:66048], variance=0.0414, QRS count=6
2025-10-09 11:01:06,617 [DEBUG] Accepted segment [65536:66560], variance=0.0358, QRS count=6
2025-10-09 11:01:06,620 [DEBUG] Accepted segment [66048:67072], variance=0.0355, QRS count=6
2025-10-09 11:01:06,622 [DEBUG] Accepted segment [66560:67584], variance=0.0398, QRS count=5
2025-10-09 11:01:06,624 [DEBUG] Accepted segment [67072:68096], variance=0.0410, QRS count=5
2025-10-09 11:01:06,627 [DEBUG] Accepted segment [67584:68608], variance=0.0393, QRS count=5
2025-10-09 11:01:06,629 [DEBUG] Accepted segment [68096:69120], variance=0.0400, QRS count=5
2025-10-09 11:01:06,631 [DEBUG] Accepted segment [68608:69632], variance=0.0419, QRS count=5
2025-10-09 11:01:06,633 [DEBUG] Accepted segment [69120:70144], variance=0.0409, QRS count=5
2025-10-09 11:01:06,636 [DEBUG] Accepted segment [69632:70656], variance=0.0407, QRS count=5
2025-10-09 11:01:06,638 [DEBUG] Accepted segment [70144:71168], variance=0.0428, QRS count=6
2025-10-09 11:01:06,640 [DEBUG] Accepted segment [70656:71680], variance=0.0434, QRS count=6
2025-10-09 11:01:06,643 [DEBUG] Accepted segment [71168:72192], variance=0.1024, QRS count=6
2025-10-09 11:01:06,645 [DEBUG] Accepted segment [71680:72704], variance=0.1012, QRS count=6
2025-10-09 11:01:06,647 [DEBUG] Accepted segment [72192:73216], variance=0.0421, QRS count=6
2025-10-09 11:01:06,649 [DEBUG] Accepted segment [72704:73728], variance=0.0443, QRS count=6
2025-10-09 11:01:06,652 [DEBUG] Accepted segment [73216:74240], variance=0.0363, QRS count=5
2025-10-09 11:01:06,654 [DEBUG] Accepted segment [73728:74752], variance=0.0346, QRS count=5
2025-10-09 11:01:06,656 [DEBUG] Accepted segment [74240:75264], variance=0.0419, QRS count=5
2025-10-09 11:01:06,660 [DEBUG] Accepted segment [74752:75776], variance=0.0424, QRS count=5
2025-10-09 11:01:06,663 [DEBUG] Accepted segment [75264:76288], variance=0.0417, QRS count=6
2025-10-09 11:01:06,666 [DEBUG] Accepted segment [75776:76800], variance=0.0351, QRS count=5
2025-10-09 11:01:06,669 [DEBUG] Accepted segment [76288:77312], variance=0.0362, QRS count=5
2025-10-09 11:01:06,671 [DEBUG] Accepted segment [76800:77824], variance=0.0426, QRS count=5
2025-10-09 11:01:06,674 [DEBUG] Accepted segment [77312:78336], variance=0.0413, QRS count=5
2025-10-09 11:01:06,676 [DEBUG] Accepted segment [77824:78848], variance=0.0425, QRS count=6
2025-10-09 11:01:06,679 [DEBUG] Accepted segment [78336:79360], variance=0.0376, QRS count=6
2025-10-09 11:01:06,681 [DEBUG] Accepted segment [78848:79872], variance=0.0357, QRS count=5
2025-10-09 11:01:06,683 [DEBUG] Accepted segment [79360:80384], variance=0.0419, QRS count=5
2025-10-09 11:01:06,686 [DEBUG] Accepted segment [79872:80896], variance=0.0437, QRS count=5
2025-10-09 11:01:06,688 [DEBUG] Accepted segment [80384:81408], variance=0.0438, QRS count=6
2025-10-09 11:01:06,691 [DEBUG] Accepted segment [80896:81920], variance=0.0365, QRS count=5
2025-10-09 11:01:06,693 [DEBUG] Accepted segment [81408:82432], variance=0.0377, QRS count=5
2025-10-09 11:01:06,695 [DEBUG] Accepted segment [81920:82944], variance=0.0453, QRS count=5
2025-10-09 11:01:06,697 [DEBUG] Accepted segment [82432:83456], variance=0.0444, QRS count=5
2025-10-09 11:01:06,699 [DEBUG] Accepted segment [82944:83968], variance=0.0439, QRS count=6
2025-10-09 11:01:06,702 [DEBUG] Accepted segment [83456:84480], variance=0.0381, QRS count=6
2025-10-09 11:01:06,704 [DEBUG] Accepted segment [83968:84992], variance=0.0375, QRS count=5
2025-10-09 11:01:06,707 [DEBUG] Accepted segment [84480:85504], variance=0.0438, QRS count=5
2025-10-09 11:01:06,709 [DEBUG] Accepted segment [84992:86016], variance=0.0450, QRS count=5
2025-10-09 11:01:06,711 [DEBUG] Accepted segment [85504:86528], variance=0.0438, QRS count=6
2025-10-09 11:01:06,713 [DEBUG] Accepted segment [86016:87040], variance=0.0395, QRS count=6
2025-10-09 11:01:06,715 [DEBUG] Accepted segment [86528:87552], variance=0.0371, QRS count=6
2025-10-09 11:01:06,718 [DEBUG] Accepted segment [87040:88064], variance=0.0333, QRS count=5
2025-10-09 11:01:06,720 [DEBUG] Accepted segment [87552:88576], variance=0.0367, QRS count=5
2025-10-09 11:01:06,722 [DEBUG] Accepted segment [88064:89088], variance=0.0441, QRS count=6
2025-10-09 11:01:06,724 [DEBUG] Accepted segment [88576:89600], variance=0.0408, QRS count=5
2025-10-09 11:01:06,726 [DEBUG] Accepted segment [89088:90112], variance=0.0355, QRS count=5
2025-10-09 11:01:06,728 [DEBUG] Accepted segment [89600:90624], variance=0.0369, QRS count=5
2025-10-09 11:01:06,730 [DEBUG] Accepted segment [90112:91136], variance=0.0406, QRS count=5
2025-10-09 11:01:06,732 [DEBUG] Accepted segment [90624:91648], variance=0.0398, QRS count=5
2025-10-09 11:01:06,736 [DEBUG] Accepted segment [91136:92160], variance=0.0410, QRS count=5
2025-10-09 11:01:06,738 [DEBUG] Accepted segment [91648:92672], variance=0.0432, QRS count=5
2025-10-09 11:01:06,741 [DEBUG] Accepted segment [92160:93184], variance=0.0428, QRS count=6
2025-10-09 11:01:06,743 [DEBUG] Accepted segment [92672:93696], variance=0.1231, QRS count=6
2025-10-09 11:01:06,745 [DEBUG] Accepted segment [93184:94208], variance=0.1247, QRS count=6
2025-10-09 11:01:06,747 [DEBUG] Accepted segment [93696:94720], variance=0.0461, QRS count=6
2025-10-09 11:01:06,750 [DEBUG] Accepted segment [94208:95232], variance=0.0474, QRS count=6
2025-10-09 11:01:06,753 [DEBUG] Accepted segment [94720:95744], variance=0.0470, QRS count=6
2025-10-09 11:01:06,756 [DEBUG] Accepted segment [95232:96256], variance=0.0389, QRS count=5
2025-10-09 11:01:06,758 [DEBUG] Accepted segment [95744:96768], variance=0.0370, QRS count=5
2025-10-09 11:01:06,761 [DEBUG] Accepted segment [96256:97280], variance=0.0435, QRS count=5
2025-10-09 11:01:06,763 [DEBUG] Accepted segment [96768:97792], variance=0.0446, QRS count=6
2025-10-09 11:01:06,766 [DEBUG] Accepted segment [97280:98304], variance=0.0436, QRS count=5
2025-10-09 11:01:06,768 [DEBUG] Accepted segment [97792:98816], variance=0.0419, QRS count=5
2025-10-09 11:01:06,770 [DEBUG] Accepted segment [98304:99328], variance=0.0424, QRS count=5
2025-10-09 11:01:06,772 [DEBUG] Accepted segment [98816:99840], variance=0.0469, QRS count=5
2025-10-09 11:01:06,775 [DEBUG] Accepted segment [99328:100352], variance=0.0437, QRS count=5
2025-10-09 11:01:06,777 [DEBUG] Accepted segment [99840:100864], variance=0.0338, QRS count=6
2025-10-09 11:01:06,779 [DEBUG] Accepted segment [100352:101376], variance=0.0349, QRS count=6
2025-10-09 11:01:06,781 [DEBUG] Accepted segment [100864:101888], variance=0.0390, QRS count=5
2025-10-09 11:01:06,783 [DEBUG] Accepted segment [101376:102400], variance=0.0407, QRS count=5
2025-10-09 11:01:06,785 [DEBUG] Accepted segment [101888:102912], variance=0.0429, QRS count=5
2025-10-09 11:01:06,787 [DEBUG] Accepted segment [102400:103424], variance=0.0422, QRS count=5
2025-10-09 11:01:06,790 [DEBUG] Accepted segment [102912:103936], variance=0.0401, QRS count=6
2025-10-09 11:01:06,792 [DEBUG] Accepted segment [103424:104448], variance=0.0405, QRS count=6
2025-10-09 11:01:06,794 [DEBUG] Accepted segment [103936:104960], variance=0.0415, QRS count=6
2025-10-09 11:01:06,796 [DEBUG] Accepted segment [104448:105472], variance=0.0408, QRS count=6
2025-10-09 11:01:06,798 [DEBUG] Accepted segment [104960:105984], variance=0.0404, QRS count=6
2025-10-09 11:01:06,798 [DEBUG] Skipping segment [105472:106496] due to overlap with noise [106400:107000]
2025-10-09 11:01:06,798 [DEBUG] Skipping segment [105984:107008] due to overlap with noise [106400:107000]
2025-10-09 11:01:06,799 [DEBUG] Skipping segment [106496:107520] due to overlap with noise [106400:107000]
2025-10-09 11:01:06,801 [DEBUG] Accepted segment [107008:108032], variance=0.0702, QRS count=6
2025-10-09 11:01:06,803 [DEBUG] Accepted segment [107520:108544], variance=0.0616, QRS count=6
2025-10-09 11:01:06,805 [DEBUG] Accepted segment [108032:109056], variance=0.0688, QRS count=7
2025-10-09 11:01:06,807 [DEBUG] Accepted segment [108544:109568], variance=0.0644, QRS count=6
2025-10-09 11:01:06,809 [DEBUG] Accepted segment [109056:110080], variance=0.0488, QRS count=6
2025-10-09 11:01:06,811 [DEBUG] Accepted segment [109568:110592], variance=0.0477, QRS count=6
2025-10-09 11:01:06,814 [DEBUG] Accepted segment [110080:111104], variance=0.0440, QRS count=6
2025-10-09 11:01:06,816 [DEBUG] Accepted segment [110592:111616], variance=0.0451, QRS count=7
2025-10-09 11:01:06,819 [DEBUG] Accepted segment [111104:112128], variance=0.0552, QRS count=6
2025-10-09 11:01:06,821 [DEBUG] Accepted segment [111616:112640], variance=0.0556, QRS count=6
2025-10-09 11:01:06,823 [DEBUG] Accepted segment [112128:113152], variance=0.0543, QRS count=6
2025-10-09 11:01:06,826 [DEBUG] Accepted segment [112640:113664], variance=0.0555, QRS count=6
2025-10-09 11:01:06,828 [DEBUG] Accepted segment [113152:114176], variance=0.0560, QRS count=5
2025-10-09 11:01:06,830 [DEBUG] Accepted segment [113664:114688], variance=0.0558, QRS count=5
2025-10-09 11:01:06,834 [DEBUG] Accepted segment [114176:115200], variance=0.0667, QRS count=5
2025-10-09 11:01:06,837 [DEBUG] Accepted segment [114688:115712], variance=0.0741, QRS count=6
2025-10-09 11:01:06,840 [DEBUG] Accepted segment [115200:116224], variance=0.0637, QRS count=6
2025-10-09 11:01:06,843 [DEBUG] Accepted segment [115712:116736], variance=0.0559, QRS count=6
2025-10-09 11:01:06,846 [DEBUG] Accepted segment [116224:117248], variance=0.0528, QRS count=6
2025-10-09 11:01:06,848 [DEBUG] Accepted segment [116736:117760], variance=0.0522, QRS count=5
2025-10-09 11:01:06,851 [DEBUG] Accepted segment [117248:118272], variance=0.0472, QRS count=6
2025-10-09 11:01:06,853 [DEBUG] Accepted segment [117760:118784], variance=0.0471, QRS count=5
2025-10-09 11:01:06,856 [DEBUG] Accepted segment [118272:119296], variance=0.0569, QRS count=5
2025-10-09 11:01:06,858 [DEBUG] Accepted segment [118784:119808], variance=0.0603, QRS count=5
2025-10-09 11:01:06,860 [DEBUG] Accepted segment [119296:120320], variance=0.0607, QRS count=5
2025-10-09 11:01:06,862 [DEBUG] Accepted segment [119808:120832], variance=0.0601, QRS count=6
2025-10-09 11:01:06,865 [DEBUG] Accepted segment [120320:121344], variance=0.0600, QRS count=6
2025-10-09 11:01:06,868 [DEBUG] Accepted segment [120832:121856], variance=0.0599, QRS count=6
2025-10-09 11:01:06,870 [DEBUG] Accepted segment [121344:122368], variance=0.0489, QRS count=5
2025-10-09 11:01:06,873 [DEBUG] Accepted segment [121856:122880], variance=0.0471, QRS count=5
2025-10-09 11:01:06,875 [DEBUG] Accepted segment [122368:123392], variance=0.0592, QRS count=5
2025-10-09 11:01:06,877 [DEBUG] Accepted segment [122880:123904], variance=0.0606, QRS count=5
2025-10-09 11:01:06,880 [DEBUG] Accepted segment [123392:124416], variance=0.0582, QRS count=5
2025-10-09 11:01:06,882 [DEBUG] Accepted segment [123904:124928], variance=0.0582, QRS count=6
2025-10-09 11:01:06,884 [DEBUG] Accepted segment [124416:125440], variance=0.0592, QRS count=6
2025-10-09 11:01:06,887 [DEBUG] Accepted segment [124928:125952], variance=0.0585, QRS count=5
2025-10-09 11:01:06,889 [DEBUG] Accepted segment [125440:126464], variance=0.0485, QRS count=5
2025-10-09 11:01:06,891 [DEBUG] Accepted segment [125952:126976], variance=0.0503, QRS count=5
2025-10-09 11:01:06,893 [DEBUG] Accepted segment [126464:127488], variance=0.0614, QRS count=5
2025-10-09 11:01:06,896 [DEBUG] Accepted segment [126976:128000], variance=0.0608, QRS count=5
2025-10-09 11:01:06,896 [INFO] Segmented signal of length 128000 into 246 valid segments
2025-10-09 11:01:07,259 [DEBUG] Accepted segment [0:1024], variance=0.0485, QRS count=5
2025-10-09 11:01:07,261 [DEBUG] Accepted segment [512:1536], variance=0.0603, QRS count=5
2025-10-09 11:01:07,264 [DEBUG] Accepted segment [1024:2048], variance=0.0717, QRS count=5
2025-10-09 11:01:07,266 [DEBUG] Accepted segment [1536:2560], variance=0.0797, QRS count=6
2025-10-09 11:01:07,268 [DEBUG] Accepted segment [2048:3072], variance=0.0709, QRS count=6
2025-10-09 11:01:07,270 [DEBUG] Accepted segment [2560:3584], variance=0.0522, QRS count=5
2025-10-09 11:01:07,273 [DEBUG] Accepted segment [3072:4096], variance=0.0484, QRS count=5
2025-10-09 11:01:07,276 [DEBUG] Accepted segment [3584:4608], variance=0.0533, QRS count=5
2025-10-09 11:01:07,279 [DEBUG] Accepted segment [4096:5120], variance=0.0519, QRS count=6
2025-10-09 11:01:07,282 [DEBUG] Accepted segment [4608:5632], variance=0.0539, QRS count=6
2025-10-09 11:01:07,285 [DEBUG] Accepted segment [5120:6144], variance=0.0559, QRS count=5
2025-10-09 11:01:07,288 [DEBUG] Accepted segment [5632:6656], variance=0.0539, QRS count=5
2025-10-09 11:01:07,291 [DEBUG] Accepted segment [6144:7168], variance=0.0528, QRS count=5
2025-10-09 11:01:07,295 [DEBUG] Accepted segment [6656:7680], variance=0.0470, QRS count=5
2025-10-09 11:01:07,298 [DEBUG] Accepted segment [7168:8192], variance=0.0480, QRS count=5
2025-10-09 11:01:07,302 [DEBUG] Accepted segment [7680:8704], variance=0.0566, QRS count=5
2025-10-09 11:01:07,305 [DEBUG] Accepted segment [8192:9216], variance=0.0601, QRS count=5
2025-10-09 11:01:07,308 [DEBUG] Accepted segment [8704:9728], variance=0.0621, QRS count=6
2025-10-09 11:01:07,311 [DEBUG] Accepted segment [9216:10240], variance=0.0520, QRS count=5
2025-10-09 11:01:07,314 [DEBUG] Accepted segment [9728:10752], variance=0.0495, QRS count=5
2025-10-09 11:01:07,318 [DEBUG] Accepted segment [10240:11264], variance=0.0569, QRS count=5
2025-10-09 11:01:07,321 [DEBUG] Accepted segment [10752:11776], variance=0.0581, QRS count=5
2025-10-09 11:01:07,324 [DEBUG] Accepted segment [11264:12288], variance=0.0586, QRS count=6
2025-10-09 11:01:07,328 [DEBUG] Accepted segment [11776:12800], variance=0.0491, QRS count=6
2025-10-09 11:01:07,331 [DEBUG] Accepted segment [12288:13312], variance=0.0499, QRS count=5
2025-10-09 11:01:07,334 [DEBUG] Accepted segment [12800:13824], variance=0.0607, QRS count=5
2025-10-09 11:01:07,337 [DEBUG] Accepted segment [13312:14336], variance=0.0595, QRS count=5
2025-10-09 11:01:07,340 [DEBUG] Accepted segment [13824:14848], variance=0.0566, QRS count=6
2025-10-09 11:01:07,343 [DEBUG] Accepted segment [14336:15360], variance=0.0585, QRS count=6
2025-10-09 11:01:07,347 [DEBUG] Accepted segment [14848:15872], variance=0.0575, QRS count=6
2025-10-09 11:01:07,351 [DEBUG] Accepted segment [15360:16384], variance=0.0520, QRS count=5
2025-10-09 11:01:07,354 [DEBUG] Accepted segment [15872:16896], variance=0.0511, QRS count=5
2025-10-09 11:01:07,357 [DEBUG] Accepted segment [16384:17408], variance=0.0506, QRS count=5
2025-10-09 11:01:07,360 [DEBUG] Accepted segment [16896:17920], variance=0.0476, QRS count=5
2025-10-09 11:01:07,363 [DEBUG] Accepted segment [17408:18432], variance=0.0447, QRS count=5
2025-10-09 11:01:07,367 [DEBUG] Accepted segment [17920:18944], variance=0.0474, QRS count=6
2025-10-09 11:01:07,370 [DEBUG] Accepted segment [18432:19456], variance=0.0513, QRS count=6
2025-10-09 11:01:07,373 [DEBUG] Accepted segment [18944:19968], variance=0.0520, QRS count=5
2025-10-09 11:01:07,376 [DEBUG] Accepted segment [19456:20480], variance=0.0518, QRS count=5
2025-10-09 11:01:07,379 [DEBUG] Accepted segment [19968:20992], variance=0.0535, QRS count=5
2025-10-09 11:01:07,381 [DEBUG] Accepted segment [20480:21504], variance=0.0570, QRS count=5
2025-10-09 11:01:07,384 [DEBUG] Accepted segment [20992:22016], variance=0.0584, QRS count=5
2025-10-09 11:01:07,386 [DEBUG] Accepted segment [21504:22528], variance=0.0589, QRS count=5
2025-10-09 11:01:07,389 [DEBUG] Accepted segment [22016:23040], variance=0.0598, QRS count=6
2025-10-09 11:01:07,391 [DEBUG] Accepted segment [22528:23552], variance=0.0604, QRS count=6
2025-10-09 11:01:07,393 [DEBUG] Accepted segment [23040:24064], variance=0.0594, QRS count=5
2025-10-09 11:01:07,395 [DEBUG] Accepted segment [23552:24576], variance=0.0598, QRS count=6
2025-10-09 11:01:07,398 [DEBUG] Accepted segment [24064:25088], variance=0.0620, QRS count=6
2025-10-09 11:01:07,401 [DEBUG] Accepted segment [24576:25600], variance=0.1251, QRS count=6
2025-10-09 11:01:07,403 [DEBUG] Accepted segment [25088:26112], variance=0.1270, QRS count=6
2025-10-09 11:01:07,406 [DEBUG] Accepted segment [25600:26624], variance=0.0756, QRS count=6
2025-10-09 11:01:07,408 [DEBUG] Accepted segment [26112:27136], variance=0.0709, QRS count=6
2025-10-09 11:01:07,410 [DEBUG] Accepted segment [26624:27648], variance=0.0589, QRS count=6
2025-10-09 11:01:07,412 [DEBUG] Accepted segment [27136:28160], variance=0.0584, QRS count=6
2025-10-09 11:01:07,415 [DEBUG] Accepted segment [27648:28672], variance=0.0565, QRS count=6
2025-10-09 11:01:07,417 [DEBUG] Accepted segment [28160:29184], variance=0.0559, QRS count=6
2025-10-09 11:01:07,419 [DEBUG] Accepted segment [28672:29696], variance=0.0563, QRS count=6
2025-10-09 11:01:07,421 [DEBUG] Accepted segment [29184:30208], variance=0.0540, QRS count=6
2025-10-09 11:01:07,423 [DEBUG] Accepted segment [29696:30720], variance=0.0480, QRS count=6
2025-10-09 11:01:07,425 [DEBUG] Accepted segment [30208:31232], variance=0.0466, QRS count=5
2025-10-09 11:01:07,428 [DEBUG] Accepted segment [30720:31744], variance=0.0484, QRS count=5
2025-10-09 11:01:07,430 [DEBUG] Accepted segment [31232:32256], variance=0.0523, QRS count=6
2025-10-09 11:01:07,432 [DEBUG] Accepted segment [31744:32768], variance=0.0579, QRS count=6
2025-10-09 11:01:07,434 [DEBUG] Accepted segment [32256:33280], variance=0.0605, QRS count=5
2025-10-09 11:01:07,436 [DEBUG] Accepted segment [32768:33792], variance=0.0593, QRS count=5
2025-10-09 11:01:07,438 [DEBUG] Accepted segment [33280:34304], variance=0.0577, QRS count=5
2025-10-09 11:01:07,441 [DEBUG] Accepted segment [33792:34816], variance=0.0579, QRS count=6
2025-10-09 11:01:07,443 [DEBUG] Accepted segment [34304:35328], variance=0.0569, QRS count=6
2025-10-09 11:01:07,445 [DEBUG] Accepted segment [34816:35840], variance=0.0569, QRS count=6
2025-10-09 11:01:07,447 [DEBUG] Accepted segment [35328:36352], variance=0.0586, QRS count=6
2025-10-09 11:01:07,449 [DEBUG] Accepted segment [35840:36864], variance=0.0496, QRS count=6
2025-10-09 11:01:07,451 [DEBUG] Accepted segment [36352:37376], variance=0.0498, QRS count=5
2025-10-09 11:01:07,453 [DEBUG] Accepted segment [36864:37888], variance=0.0598, QRS count=5
2025-10-09 11:01:07,456 [DEBUG] Accepted segment [37376:38400], variance=0.0608, QRS count=5
2025-10-09 11:01:07,458 [DEBUG] Accepted segment [37888:38912], variance=0.0619, QRS count=5
2025-10-09 11:01:07,460 [DEBUG] Accepted segment [38400:39424], variance=0.0603, QRS count=6
2025-10-09 11:01:07,462 [DEBUG] Accepted segment [38912:39936], variance=0.0589, QRS count=6
2025-10-09 11:01:07,464 [DEBUG] Accepted segment [39424:40448], variance=0.0607, QRS count=6
2025-10-09 11:01:07,466 [DEBUG] Accepted segment [39936:40960], variance=0.0523, QRS count=6
2025-10-09 11:01:07,468 [DEBUG] Accepted segment [40448:41472], variance=0.0519, QRS count=5
2025-10-09 11:01:07,471 [DEBUG] Accepted segment [40960:41984], variance=0.0605, QRS count=5
2025-10-09 11:01:07,473 [DEBUG] Accepted segment [41472:42496], variance=0.0594, QRS count=5
2025-10-09 11:01:07,476 [DEBUG] Accepted segment [41984:43008], variance=0.0573, QRS count=6
2025-10-09 11:01:07,480 [DEBUG] Accepted segment [42496:43520], variance=0.0570, QRS count=6
2025-10-09 11:01:07,482 [DEBUG] Accepted segment [43008:44032], variance=0.0501, QRS count=5
2025-10-09 11:01:07,485 [DEBUG] Accepted segment [43520:44544], variance=0.0484, QRS count=5
2025-10-09 11:01:07,488 [DEBUG] Accepted segment [44032:45056], variance=0.0558, QRS count=5
2025-10-09 11:01:07,491 [DEBUG] Accepted segment [44544:45568], variance=0.0570, QRS count=5
2025-10-09 11:01:07,494 [DEBUG] Accepted segment [45056:46080], variance=0.0533, QRS count=5
2025-10-09 11:01:07,496 [DEBUG] Accepted segment [45568:46592], variance=0.0483, QRS count=6
2025-10-09 11:01:07,499 [DEBUG] Accepted segment [46080:47104], variance=0.0507, QRS count=6
2025-10-09 11:01:07,501 [DEBUG] Accepted segment [46592:47616], variance=0.0576, QRS count=6
2025-10-09 11:01:07,503 [DEBUG] Accepted segment [47104:48128], variance=0.0606, QRS count=6
2025-10-09 11:01:07,505 [DEBUG] Accepted segment [47616:48640], variance=0.0595, QRS count=6
2025-10-09 11:01:07,507 [DEBUG] Accepted segment [48128:49152], variance=0.0510, QRS count=6
2025-10-09 11:01:07,509 [DEBUG] Accepted segment [48640:49664], variance=0.0516, QRS count=5
2025-10-09 11:01:07,511 [DEBUG] Accepted segment [49152:50176], variance=0.0585, QRS count=5
2025-10-09 11:01:07,513 [DEBUG] Accepted segment [49664:50688], variance=0.0584, QRS count=5
2025-10-09 11:01:07,516 [DEBUG] Accepted segment [50176:51200], variance=0.0589, QRS count=6
2025-10-09 11:01:07,518 [DEBUG] Accepted segment [50688:51712], variance=0.0584, QRS count=6
2025-10-09 11:01:07,520 [DEBUG] Accepted segment [51200:52224], variance=0.0501, QRS count=5
2025-10-09 11:01:07,522 [DEBUG] Accepted segment [51712:52736], variance=0.0509, QRS count=5
2025-10-09 11:01:07,525 [DEBUG] Accepted segment [52224:53248], variance=0.0593, QRS count=5
2025-10-09 11:01:07,529 [DEBUG] Accepted segment [52736:53760], variance=0.0583, QRS count=6
2025-10-09 11:01:07,532 [DEBUG] Accepted segment [53248:54272], variance=0.0595, QRS count=5
2025-10-09 11:01:07,535 [DEBUG] Accepted segment [53760:54784], variance=0.0531, QRS count=5
2025-10-09 11:01:07,538 [DEBUG] Accepted segment [54272:55296], variance=0.0531, QRS count=5
2025-10-09 11:01:07,541 [DEBUG] Accepted segment [54784:55808], variance=0.0593, QRS count=5
2025-10-09 11:01:07,543 [DEBUG] Accepted segment [55296:56320], variance=0.0602, QRS count=5
2025-10-09 11:01:07,546 [DEBUG] Accepted segment [55808:56832], variance=0.0621, QRS count=5
2025-10-09 11:01:07,548 [DEBUG] Accepted segment [56320:57344], variance=0.0596, QRS count=5
2025-10-09 11:01:07,550 [DEBUG] Accepted segment [56832:57856], variance=0.0563, QRS count=6
2025-10-09 11:01:07,552 [DEBUG] Accepted segment [57344:58368], variance=0.0567, QRS count=6
2025-10-09 11:01:07,555 [DEBUG] Accepted segment [57856:58880], variance=0.0583, QRS count=5
2025-10-09 11:01:07,557 [DEBUG] Accepted segment [58368:59392], variance=0.0492, QRS count=5
2025-10-09 11:01:07,559 [DEBUG] Accepted segment [58880:59904], variance=0.0492, QRS count=5
2025-10-09 11:01:07,561 [DEBUG] Accepted segment [59392:60416], variance=0.0592, QRS count=5
2025-10-09 11:01:07,563 [DEBUG] Accepted segment [59904:60928], variance=0.0586, QRS count=5
2025-10-09 11:01:07,565 [DEBUG] Accepted segment [60416:61440], variance=0.0579, QRS count=6
2025-10-09 11:01:07,567 [DEBUG] Accepted segment [60928:61952], variance=0.0584, QRS count=6
2025-10-09 11:01:07,569 [DEBUG] Accepted segment [61440:62464], variance=0.0588, QRS count=5
2025-10-09 11:01:07,571 [DEBUG] Accepted segment [61952:62976], variance=0.0565, QRS count=5
2025-10-09 11:01:07,573 [DEBUG] Accepted segment [62464:63488], variance=0.0485, QRS count=6
2025-10-09 11:01:07,576 [DEBUG] Accepted segment [62976:64000], variance=0.0508, QRS count=5
2025-10-09 11:01:07,578 [DEBUG] Accepted segment [63488:64512], variance=0.0608, QRS count=5
2025-10-09 11:01:07,580 [DEBUG] Accepted segment [64000:65024], variance=0.0619, QRS count=5
2025-10-09 11:01:07,582 [DEBUG] Accepted segment [64512:65536], variance=0.0587, QRS count=5
2025-10-09 11:01:07,584 [DEBUG] Accepted segment [65024:66048], variance=0.0603, QRS count=5
2025-10-09 11:01:07,586 [DEBUG] Accepted segment [65536:66560], variance=0.0623, QRS count=5
2025-10-09 11:01:07,589 [DEBUG] Accepted segment [66048:67072], variance=0.0612, QRS count=5
2025-10-09 11:01:07,591 [DEBUG] Accepted segment [66560:67584], variance=0.0614, QRS count=6
2025-10-09 11:01:07,593 [DEBUG] Accepted segment [67072:68096], variance=0.0627, QRS count=6
2025-10-09 11:01:07,595 [DEBUG] Accepted segment [67584:68608], variance=0.0535, QRS count=5
2025-10-09 11:01:07,597 [DEBUG] Accepted segment [68096:69120], variance=0.0529, QRS count=5
2025-10-09 11:01:07,600 [DEBUG] Accepted segment [68608:69632], variance=0.0620, QRS count=5
2025-10-09 11:01:07,602 [DEBUG] Accepted segment [69120:70144], variance=0.0512, QRS count=6
2025-10-09 11:01:07,604 [DEBUG] Accepted segment [69632:70656], variance=0.0508, QRS count=5
2025-10-09 11:01:07,606 [DEBUG] Accepted segment [70144:71168], variance=0.0623, QRS count=5
2025-10-09 11:01:07,608 [DEBUG] Accepted segment [70656:71680], variance=0.0649, QRS count=5
2025-10-09 11:01:07,611 [DEBUG] Accepted segment [71168:72192], variance=0.0649, QRS count=6
2025-10-09 11:01:07,613 [DEBUG] Accepted segment [71680:72704], variance=0.0643, QRS count=6
2025-10-09 11:01:07,615 [DEBUG] Accepted segment [72192:73216], variance=0.0546, QRS count=6
2025-10-09 11:01:07,617 [DEBUG] Accepted segment [72704:73728], variance=0.0550, QRS count=5
2025-10-09 11:01:07,619 [DEBUG] Accepted segment [73216:74240], variance=0.0646, QRS count=5
2025-10-09 11:01:07,622 [DEBUG] Accepted segment [73728:74752], variance=0.0630, QRS count=5
2025-10-09 11:01:07,624 [DEBUG] Accepted segment [74240:75264], variance=0.0623, QRS count=6
2025-10-09 11:01:07,626 [DEBUG] Accepted segment [74752:75776], variance=0.0621, QRS count=6
2025-10-09 11:01:07,628 [DEBUG] Accepted segment [75264:76288], variance=0.0509, QRS count=6
2025-10-09 11:01:07,630 [DEBUG] Accepted segment [75776:76800], variance=0.0518, QRS count=5
2025-10-09 11:01:07,633 [DEBUG] Accepted segment [76288:77312], variance=0.0641, QRS count=5
2025-10-09 11:01:07,635 [DEBUG] Accepted segment [76800:77824], variance=0.0659, QRS count=5
2025-10-09 11:01:07,637 [DEBUG] Accepted segment [77312:78336], variance=0.0647, QRS count=6
2025-10-09 11:01:07,639 [DEBUG] Accepted segment [77824:78848], variance=0.0543, QRS count=5
2025-10-09 11:01:07,641 [DEBUG] Accepted segment [78336:79360], variance=0.0534, QRS count=5
2025-10-09 11:01:07,643 [DEBUG] Accepted segment [78848:79872], variance=0.0600, QRS count=5
2025-10-09 11:01:07,646 [DEBUG] Accepted segment [79360:80384], variance=0.0605, QRS count=6
2025-10-09 11:01:07,648 [DEBUG] Accepted segment [79872:80896], variance=0.0530, QRS count=5
2025-10-09 11:01:07,650 [DEBUG] Accepted segment [80384:81408], variance=0.0525, QRS count=5
2025-10-09 11:01:07,652 [DEBUG] Accepted segment [80896:81920], variance=0.0614, QRS count=5
2025-10-09 11:01:07,654 [DEBUG] Accepted segment [81408:82432], variance=0.0623, QRS count=6
2025-10-09 11:01:07,656 [DEBUG] Accepted segment [81920:82944], variance=0.0606, QRS count=5
2025-10-09 11:01:07,659 [DEBUG] Accepted segment [82432:83456], variance=0.0508, QRS count=5
2025-10-09 11:01:07,661 [DEBUG] Accepted segment [82944:83968], variance=0.0525, QRS count=5
2025-10-09 11:01:07,663 [DEBUG] Accepted segment [83456:84480], variance=0.0618, QRS count=5
2025-10-09 11:01:07,665 [DEBUG] Accepted segment [83968:84992], variance=0.0601, QRS count=5
2025-10-09 11:01:07,667 [DEBUG] Accepted segment [84480:85504], variance=0.0589, QRS count=5
2025-10-09 11:01:07,670 [DEBUG] Accepted segment [84992:86016], variance=0.0579, QRS count=6
2025-10-09 11:01:07,672 [DEBUG] Accepted segment [85504:86528], variance=0.0604, QRS count=6
2025-10-09 11:01:07,674 [DEBUG] Accepted segment [86016:87040], variance=0.0538, QRS count=5
2025-10-09 11:01:07,676 [DEBUG] Accepted segment [86528:87552], variance=0.0515, QRS count=5
2025-10-09 11:01:07,678 [DEBUG] Accepted segment [87040:88064], variance=0.0609, QRS count=5
2025-10-09 11:01:07,680 [DEBUG] Accepted segment [87552:88576], variance=0.0617, QRS count=5
2025-10-09 11:01:07,683 [DEBUG] Accepted segment [88064:89088], variance=0.0498, QRS count=5
2025-10-09 11:01:07,685 [DEBUG] Accepted segment [88576:89600], variance=0.0489, QRS count=5
2025-10-09 11:01:07,687 [DEBUG] Accepted segment [89088:90112], variance=0.0603, QRS count=5
2025-10-09 11:01:07,689 [DEBUG] Accepted segment [89600:90624], variance=0.0612, QRS count=6
2025-10-09 11:01:07,691 [DEBUG] Accepted segment [90112:91136], variance=0.0612, QRS count=6
2025-10-09 11:01:07,693 [DEBUG] Accepted segment [90624:91648], variance=0.0535, QRS count=5
2025-10-09 11:01:07,696 [DEBUG] Accepted segment [91136:92160], variance=0.0552, QRS count=5
2025-10-09 11:01:07,698 [DEBUG] Accepted segment [91648:92672], variance=0.0635, QRS count=5
2025-10-09 11:01:07,700 [DEBUG] Accepted segment [92160:93184], variance=0.0609, QRS count=5
2025-10-09 11:01:07,702 [DEBUG] Accepted segment [92672:93696], variance=0.0534, QRS count=6
2025-10-09 11:01:07,704 [DEBUG] Accepted segment [93184:94208], variance=0.0553, QRS count=5
2025-10-09 11:01:07,707 [DEBUG] Accepted segment [93696:94720], variance=0.0625, QRS count=5
2025-10-09 11:01:07,709 [DEBUG] Accepted segment [94208:95232], variance=0.0619, QRS count=5
2025-10-09 11:01:07,711 [DEBUG] Accepted segment [94720:95744], variance=0.0629, QRS count=6
2025-10-09 11:01:07,713 [DEBUG] Accepted segment [95232:96256], variance=0.0528, QRS count=5
2025-10-09 11:01:07,715 [DEBUG] Accepted segment [95744:96768], variance=0.0525, QRS count=5
2025-10-09 11:01:07,717 [DEBUG] Accepted segment [96256:97280], variance=0.0625, QRS count=5
2025-10-09 11:01:07,720 [DEBUG] Accepted segment [96768:97792], variance=0.0602, QRS count=6
2025-10-09 11:01:07,722 [DEBUG] Accepted segment [97280:98304], variance=0.0574, QRS count=6
2025-10-09 11:01:07,724 [DEBUG] Accepted segment [97792:98816], variance=0.0569, QRS count=6
2025-10-09 11:01:07,726 [DEBUG] Accepted segment [98304:99328], variance=0.0501, QRS count=6
2025-10-09 11:01:07,728 [DEBUG] Accepted segment [98816:99840], variance=0.0510, QRS count=5
2025-10-09 11:01:07,731 [DEBUG] Accepted segment [99328:100352], variance=0.0579, QRS count=5
2025-10-09 11:01:07,733 [DEBUG] Accepted segment [99840:100864], variance=0.0583, QRS count=5
2025-10-09 11:01:07,735 [DEBUG] Accepted segment [100352:101376], variance=0.0604, QRS count=5
2025-10-09 11:01:07,739 [DEBUG] Accepted segment [100864:101888], variance=0.0593, QRS count=6
2025-10-09 11:01:07,742 [DEBUG] Accepted segment [101376:102400], variance=0.0568, QRS count=6
2025-10-09 11:01:07,744 [DEBUG] Accepted segment [101888:102912], variance=0.0552, QRS count=6
2025-10-09 11:01:07,746 [DEBUG] Accepted segment [102400:103424], variance=0.0554, QRS count=6
2025-10-09 11:01:07,749 [DEBUG] Accepted segment [102912:103936], variance=0.0574, QRS count=6
2025-10-09 11:01:07,751 [DEBUG] Accepted segment [103424:104448], variance=0.0576, QRS count=5
2025-10-09 11:01:07,753 [DEBUG] Accepted segment [103936:104960], variance=0.0472, QRS count=6
2025-10-09 11:01:07,755 [DEBUG] Accepted segment [104448:105472], variance=0.0462, QRS count=5
2025-10-09 11:01:07,757 [DEBUG] Accepted segment [104960:105984], variance=0.0554, QRS count=5
2025-10-09 11:01:07,760 [DEBUG] Accepted segment [105472:106496], variance=0.0562, QRS count=5
2025-10-09 11:01:07,762 [DEBUG] Accepted segment [105984:107008], variance=0.0543, QRS count=5
2025-10-09 11:01:07,764 [DEBUG] Accepted segment [106496:107520], variance=0.0518, QRS count=5
2025-10-09 11:01:07,766 [DEBUG] Accepted segment [107008:108032], variance=0.0523, QRS count=5
2025-10-09 11:01:07,768 [DEBUG] Accepted segment [107520:108544], variance=0.0539, QRS count=5
2025-10-09 11:01:07,770 [DEBUG] Accepted segment [108032:109056], variance=0.0543, QRS count=5
2025-10-09 11:01:07,773 [DEBUG] Accepted segment [108544:109568], variance=0.0531, QRS count=6
2025-10-09 11:01:07,775 [DEBUG] Accepted segment [109056:110080], variance=0.0515, QRS count=6
2025-10-09 11:01:07,777 [DEBUG] Accepted segment [109568:110592], variance=0.0521, QRS count=6
2025-10-09 11:01:07,779 [DEBUG] Accepted segment [110080:111104], variance=0.1279, QRS count=6
2025-10-09 11:01:07,781 [DEBUG] Accepted segment [110592:111616], variance=0.1293, QRS count=5
2025-10-09 11:01:07,785 [DEBUG] Accepted segment [111104:112128], variance=0.0552, QRS count=6
2025-10-09 11:01:07,788 [DEBUG] Accepted segment [111616:112640], variance=0.0537, QRS count=6
2025-10-09 11:01:07,791 [DEBUG] Accepted segment [112128:113152], variance=0.0532, QRS count=6
2025-10-09 11:01:07,793 [DEBUG] Accepted segment [112640:113664], variance=0.0558, QRS count=6
2025-10-09 11:01:07,796 [DEBUG] Accepted segment [113152:114176], variance=0.0582, QRS count=5
2025-10-09 11:01:07,798 [DEBUG] Accepted segment [113664:114688], variance=0.0514, QRS count=6
2025-10-09 11:01:07,800 [DEBUG] Accepted segment [114176:115200], variance=0.0525, QRS count=5
2025-10-09 11:01:07,803 [DEBUG] Accepted segment [114688:115712], variance=0.0596, QRS count=5
2025-10-09 11:01:07,805 [DEBUG] Accepted segment [115200:116224], variance=0.0584, QRS count=5
2025-10-09 11:01:07,807 [DEBUG] Accepted segment [115712:116736], variance=0.0515, QRS count=6
2025-10-09 11:01:07,810 [DEBUG] Accepted segment [116224:117248], variance=0.0530, QRS count=5
2025-10-09 11:01:07,812 [DEBUG] Accepted segment [116736:117760], variance=0.0609, QRS count=5
2025-10-09 11:01:07,815 [DEBUG] Accepted segment [117248:118272], variance=0.0628, QRS count=5
2025-10-09 11:01:07,817 [DEBUG] Accepted segment [117760:118784], variance=0.0637, QRS count=6
2025-10-09 11:01:07,819 [DEBUG] Accepted segment [118272:119296], variance=0.0609, QRS count=6
2025-10-09 11:01:07,822 [DEBUG] Accepted segment [118784:119808], variance=0.0506, QRS count=6
2025-10-09 11:01:07,822 [DEBUG] Skipping segment [119296:120320] due to overlap with noise [120200:120500]
2025-10-09 11:01:07,822 [DEBUG] Skipping segment [119808:120832] due to overlap with noise [120200:120500]
2025-10-09 11:01:07,822 [DEBUG] Skipping segment [120320:121344] due to overlap with noise [120200:120500]
2025-10-09 11:01:07,824 [DEBUG] Accepted segment [120832:121856], variance=0.0428, QRS count=6
2025-10-09 11:01:07,826 [DEBUG] Accepted segment [121344:122368], variance=0.0406, QRS count=6
2025-10-09 11:01:07,829 [DEBUG] Accepted segment [121856:122880], variance=0.0365, QRS count=6
2025-10-09 11:01:07,831 [DEBUG] Accepted segment [122368:123392], variance=0.0401, QRS count=5
2025-10-09 11:01:07,833 [DEBUG] Accepted segment [122880:123904], variance=0.0464, QRS count=6
2025-10-09 11:01:07,836 [DEBUG] Accepted segment [123392:124416], variance=0.0520, QRS count=6
2025-10-09 11:01:07,838 [DEBUG] Accepted segment [123904:124928], variance=0.0439, QRS count=5
2025-10-09 11:01:07,841 [DEBUG] Accepted segment [124416:125440], variance=0.0354, QRS count=5
2025-10-09 11:01:07,845 [DEBUG] Accepted segment [124928:125952], variance=0.0386, QRS count=5
2025-10-09 11:01:07,848 [DEBUG] Accepted segment [125440:126464], variance=0.0365, QRS count=5
2025-10-09 11:01:07,851 [DEBUG] Accepted segment [125952:126976], variance=0.0365, QRS count=6
2025-10-09 11:01:07,853 [DEBUG] Accepted segment [126464:127488], variance=0.0327, QRS count=5
2025-10-09 11:01:07,856 [DEBUG] Accepted segment [126976:128000], variance=0.0324, QRS count=5
2025-10-09 11:01:07,856 [INFO] Segmented signal of length 128000 into 246 valid segments
2025-10-09 11:01:08,146 [DEBUG] Accepted segment [0:1024], variance=0.0401, QRS count=6
2025-10-09 11:01:08,148 [DEBUG] Accepted segment [512:1536], variance=0.0419, QRS count=6
2025-10-09 11:01:08,151 [DEBUG] Accepted segment [1024:2048], variance=0.0415, QRS count=6
2025-10-09 11:01:08,153 [DEBUG] Accepted segment [1536:2560], variance=0.0390, QRS count=6
2025-10-09 11:01:08,155 [DEBUG] Accepted segment [2048:3072], variance=0.0377, QRS count=6
2025-10-09 11:01:08,157 [DEBUG] Accepted segment [2560:3584], variance=0.0409, QRS count=6
2025-10-09 11:01:08,160 [DEBUG] Accepted segment [3072:4096], variance=0.0414, QRS count=5
2025-10-09 11:01:08,163 [DEBUG] Accepted segment [3584:4608], variance=0.0384, QRS count=5
2025-10-09 11:01:08,166 [DEBUG] Accepted segment [4096:5120], variance=0.0392, QRS count=5
2025-10-09 11:01:08,169 [DEBUG] Accepted segment [4608:5632], variance=0.0402, QRS count=5
2025-10-09 11:01:08,172 [DEBUG] Accepted segment [5120:6144], variance=0.0394, QRS count=5
2025-10-09 11:01:08,176 [DEBUG] Accepted segment [5632:6656], variance=0.0395, QRS count=5
2025-10-09 11:01:08,178 [DEBUG] Accepted segment [6144:7168], variance=0.0415, QRS count=5
2025-10-09 11:01:08,181 [DEBUG] Accepted segment [6656:7680], variance=0.0433, QRS count=5
2025-10-09 11:01:08,184 [DEBUG] Accepted segment [7168:8192], variance=0.0412, QRS count=5
2025-10-09 11:01:08,186 [DEBUG] Accepted segment [7680:8704], variance=0.0387, QRS count=6
2025-10-09 11:01:08,189 [DEBUG] Accepted segment [8192:9216], variance=0.0424, QRS count=6
2025-10-09 11:01:08,191 [DEBUG] Accepted segment [8704:9728], variance=0.0459, QRS count=6
2025-10-09 11:01:08,193 [DEBUG] Accepted segment [9216:10240], variance=0.0427, QRS count=5
2025-10-09 11:01:08,196 [DEBUG] Accepted segment [9728:10752], variance=0.0465, QRS count=5
2025-10-09 11:01:08,198 [DEBUG] Accepted segment [10240:11264], variance=0.0452, QRS count=6
2025-10-09 11:01:08,200 [DEBUG] Accepted segment [10752:11776], variance=0.0496, QRS count=6
2025-10-09 11:01:08,202 [DEBUG] Accepted segment [11264:12288], variance=0.0525, QRS count=6
2025-10-09 11:01:08,204 [DEBUG] Accepted segment [11776:12800], variance=0.0397, QRS count=6
2025-10-09 11:01:08,207 [DEBUG] Accepted segment [12288:13312], variance=0.0377, QRS count=6
2025-10-09 11:01:08,209 [DEBUG] Accepted segment [12800:13824], variance=0.0388, QRS count=6
2025-10-09 11:01:08,211 [DEBUG] Accepted segment [13312:14336], variance=0.0378, QRS count=6
2025-10-09 11:01:08,213 [DEBUG] Accepted segment [13824:14848], variance=0.0385, QRS count=6
2025-10-09 11:01:08,215 [DEBUG] Accepted segment [14336:15360], variance=0.0398, QRS count=6
2025-10-09 11:01:08,217 [DEBUG] Accepted segment [14848:15872], variance=0.0393, QRS count=5
2025-10-09 11:01:08,220 [DEBUG] Accepted segment [15360:16384], variance=0.0346, QRS count=6
2025-10-09 11:01:08,222 [DEBUG] Accepted segment [15872:16896], variance=0.0356, QRS count=5
2025-10-09 11:01:08,224 [DEBUG] Accepted segment [16384:17408], variance=0.0412, QRS count=5
2025-10-09 11:01:08,226 [DEBUG] Accepted segment [16896:17920], variance=0.0429, QRS count=5
2025-10-09 11:01:08,228 [DEBUG] Accepted segment [17408:18432], variance=0.0438, QRS count=5
2025-10-09 11:01:08,230 [DEBUG] Accepted segment [17920:18944], variance=0.0445, QRS count=5
2025-10-09 11:01:08,232 [DEBUG] Accepted segment [18432:19456], variance=0.0446, QRS count=5
2025-10-09 11:01:08,234 [DEBUG] Accepted segment [18944:19968], variance=0.0441, QRS count=5
2025-10-09 11:01:08,237 [DEBUG] Accepted segment [19456:20480], variance=0.0441, QRS count=5
2025-10-09 11:01:08,239 [DEBUG] Accepted segment [19968:20992], variance=0.0429, QRS count=5
2025-10-09 11:01:08,242 [DEBUG] Accepted segment [20480:21504], variance=0.0406, QRS count=5
2025-10-09 11:01:08,244 [DEBUG] Accepted segment [20992:22016], variance=0.0402, QRS count=5
2025-10-09 11:01:08,247 [DEBUG] Accepted segment [21504:22528], variance=0.0406, QRS count=5
2025-10-09 11:01:08,249 [DEBUG] Accepted segment [22016:23040], variance=0.0405, QRS count=5
2025-10-09 11:01:08,251 [DEBUG] Accepted segment [22528:23552], variance=0.0406, QRS count=5
2025-10-09 11:01:08,253 [DEBUG] Accepted segment [23040:24064], variance=0.0412, QRS count=5
2025-10-09 11:01:08,255 [DEBUG] Accepted segment [23552:24576], variance=0.0423, QRS count=5
2025-10-09 11:01:08,257 [DEBUG] Accepted segment [24064:25088], variance=0.0420, QRS count=6
2025-10-09 11:01:08,259 [DEBUG] Accepted segment [24576:25600], variance=0.0412, QRS count=6
2025-10-09 11:01:08,262 [DEBUG] Accepted segment [25088:26112], variance=0.0412, QRS count=6
2025-10-09 11:01:08,264 [DEBUG] Accepted segment [25600:26624], variance=0.0407, QRS count=6
2025-10-09 11:01:08,266 [DEBUG] Accepted segment [26112:27136], variance=0.0394, QRS count=6
2025-10-09 11:01:08,268 [DEBUG] Accepted segment [26624:27648], variance=0.0471, QRS count=6
2025-10-09 11:01:08,270 [DEBUG] Accepted segment [27136:28160], variance=0.0493, QRS count=6
2025-10-09 11:01:08,272 [DEBUG] Accepted segment [27648:28672], variance=0.0420, QRS count=6
2025-10-09 11:01:08,274 [DEBUG] Accepted segment [28160:29184], variance=0.0394, QRS count=5
2025-10-09 11:01:08,276 [DEBUG] Accepted segment [28672:29696], variance=0.0345, QRS count=5
2025-10-09 11:01:08,279 [DEBUG] Accepted segment [29184:30208], variance=0.0353, QRS count=5
2025-10-09 11:01:08,281 [DEBUG] Accepted segment [29696:30720], variance=0.0395, QRS count=5
2025-10-09 11:01:08,283 [DEBUG] Accepted segment [30208:31232], variance=0.0400, QRS count=5
2025-10-09 11:01:08,285 [DEBUG] Accepted segment [30720:31744], variance=0.0419, QRS count=5
2025-10-09 11:01:08,287 [DEBUG] Accepted segment [31232:32256], variance=0.0425, QRS count=5
2025-10-09 11:01:08,289 [DEBUG] Accepted segment [31744:32768], variance=0.0409, QRS count=5
2025-10-09 11:01:08,292 [DEBUG] Accepted segment [32256:33280], variance=0.0398, QRS count=5
2025-10-09 11:01:08,294 [DEBUG] Accepted segment [32768:33792], variance=0.0410, QRS count=5
2025-10-09 11:01:08,296 [DEBUG] Accepted segment [33280:34304], variance=0.0416, QRS count=5
2025-10-09 11:01:08,298 [DEBUG] Accepted segment [33792:34816], variance=0.0405, QRS count=5
2025-10-09 11:01:08,300 [DEBUG] Accepted segment [34304:35328], variance=0.0395, QRS count=6
2025-10-09 11:01:08,302 [DEBUG] Accepted segment [34816:35840], variance=0.0397, QRS count=6
2025-10-09 11:01:08,304 [DEBUG] Accepted segment [35328:36352], variance=0.0419, QRS count=6
2025-10-09 11:01:08,306 [DEBUG] Accepted segment [35840:36864], variance=0.0427, QRS count=6
2025-10-09 11:01:08,309 [DEBUG] Accepted segment [36352:37376], variance=0.0419, QRS count=6
2025-10-09 11:01:08,311 [DEBUG] Accepted segment [36864:37888], variance=0.0411, QRS count=6
2025-10-09 11:01:08,313 [DEBUG] Accepted segment [37376:38400], variance=0.0402, QRS count=5
2025-10-09 11:01:08,315 [DEBUG] Accepted segment [37888:38912], variance=0.0358, QRS count=6
2025-10-09 11:01:08,317 [DEBUG] Accepted segment [38400:39424], variance=0.0363, QRS count=5
2025-10-09 11:01:08,319 [DEBUG] Accepted segment [38912:39936], variance=0.0418, QRS count=5
2025-10-09 11:01:08,322 [DEBUG] Accepted segment [39424:40448], variance=0.0436, QRS count=5
2025-10-09 11:01:08,324 [DEBUG] Accepted segment [39936:40960], variance=0.0433, QRS count=5
2025-10-09 11:01:08,326 [DEBUG] Accepted segment [40448:41472], variance=0.0420, QRS count=5
2025-10-09 11:01:08,328 [DEBUG] Accepted segment [40960:41984], variance=0.0409, QRS count=5
2025-10-09 11:01:08,330 [DEBUG] Accepted segment [41472:42496], variance=0.0399, QRS count=6
2025-10-09 11:01:08,332 [DEBUG] Accepted segment [41984:43008], variance=0.0410, QRS count=6
2025-10-09 11:01:08,334 [DEBUG] Accepted segment [42496:43520], variance=0.0423, QRS count=6
2025-10-09 11:01:08,337 [DEBUG] Accepted segment [43008:44032], variance=0.0413, QRS count=6
2025-10-09 11:01:08,339 [DEBUG] Accepted segment [43520:44544], variance=0.0393, QRS count=6
2025-10-09 11:01:08,341 [DEBUG] Accepted segment [44032:45056], variance=0.0401, QRS count=6
2025-10-09 11:01:08,343 [DEBUG] Accepted segment [44544:45568], variance=0.0421, QRS count=6
2025-10-09 11:01:08,345 [DEBUG] Accepted segment [45056:46080], variance=0.0420, QRS count=6
2025-10-09 11:01:08,347 [DEBUG] Accepted segment [45568:46592], variance=0.0406, QRS count=6
2025-10-09 11:01:08,350 [DEBUG] Accepted segment [46080:47104], variance=0.0402, QRS count=6
2025-10-09 11:01:08,352 [DEBUG] Accepted segment [46592:47616], variance=0.0409, QRS count=6
2025-10-09 11:01:08,354 [DEBUG] Accepted segment [47104:48128], variance=0.0409, QRS count=6
2025-10-09 11:01:08,356 [DEBUG] Accepted segment [47616:48640], variance=0.0406, QRS count=6
2025-10-09 11:01:08,358 [DEBUG] Accepted segment [48128:49152], variance=0.0408, QRS count=5
2025-10-09 11:01:08,360 [DEBUG] Accepted segment [48640:49664], variance=0.0422, QRS count=5
2025-10-09 11:01:08,362 [DEBUG] Accepted segment [49152:50176], variance=0.0407, QRS count=5
2025-10-09 11:01:08,364 [DEBUG] Accepted segment [49664:50688], variance=0.0342, QRS count=6
2025-10-09 11:01:08,367 [DEBUG] Accepted segment [50176:51200], variance=0.0361, QRS count=5
2025-10-09 11:01:08,369 [DEBUG] Accepted segment [50688:51712], variance=0.0422, QRS count=5
2025-10-09 11:01:08,371 [DEBUG] Accepted segment [51200:52224], variance=0.0421, QRS count=5
2025-10-09 11:01:08,373 [DEBUG] Accepted segment [51712:52736], variance=0.0413, QRS count=5
2025-10-09 11:01:08,375 [DEBUG] Accepted segment [52224:53248], variance=0.0424, QRS count=5
2025-10-09 11:01:08,377 [DEBUG] Accepted segment [52736:53760], variance=0.0428, QRS count=5
2025-10-09 11:01:08,379 [DEBUG] Accepted segment [53248:54272], variance=0.0407, QRS count=6
2025-10-09 11:01:08,382 [DEBUG] Accepted segment [53760:54784], variance=0.0401, QRS count=6
2025-10-09 11:01:08,384 [DEBUG] Accepted segment [54272:55296], variance=0.0403, QRS count=6
2025-10-09 11:01:08,386 [DEBUG] Accepted segment [54784:55808], variance=0.0409, QRS count=6
2025-10-09 11:01:08,388 [DEBUG] Accepted segment [55296:56320], variance=0.0409, QRS count=5
2025-10-09 11:01:08,390 [DEBUG] Accepted segment [55808:56832], variance=0.0340, QRS count=6
2025-10-09 11:01:08,392 [DEBUG] Accepted segment [56320:57344], variance=0.0343, QRS count=5
2025-10-09 11:01:08,394 [DEBUG] Accepted segment [56832:57856], variance=0.0403, QRS count=5
2025-10-09 11:01:08,397 [DEBUG] Accepted segment [57344:58368], variance=0.0385, QRS count=5
2025-10-09 11:01:08,399 [DEBUG] Accepted segment [57856:58880], variance=0.0381, QRS count=5
2025-10-09 11:01:08,401 [DEBUG] Accepted segment [58368:59392], variance=0.0402, QRS count=5
2025-10-09 11:01:08,403 [DEBUG] Accepted segment [58880:59904], variance=0.0411, QRS count=5
2025-10-09 11:01:08,405 [DEBUG] Accepted segment [59392:60416], variance=0.0399, QRS count=5
2025-10-09 11:01:08,407 [DEBUG] Accepted segment [59904:60928], variance=0.0400, QRS count=6
2025-10-09 11:01:08,409 [DEBUG] Accepted segment [60416:61440], variance=0.0408, QRS count=6
2025-10-09 11:01:08,411 [DEBUG] Accepted segment [60928:61952], variance=0.0404, QRS count=6
2025-10-09 11:01:08,414 [DEBUG] Accepted segment [61440:62464], variance=0.0402, QRS count=6
2025-10-09 11:01:08,416 [DEBUG] Accepted segment [61952:62976], variance=0.0393, QRS count=5
2025-10-09 11:01:08,418 [DEBUG] Accepted segment [62464:63488], variance=0.0352, QRS count=6
2025-10-09 11:01:08,420 [DEBUG] Accepted segment [62976:64000], variance=0.0403, QRS count=5
2025-10-09 11:01:08,422 [DEBUG] Accepted segment [63488:64512], variance=0.0450, QRS count=6
2025-10-09 11:01:08,424 [DEBUG] Accepted segment [64000:65024], variance=0.0414, QRS count=6
2025-10-09 11:01:08,426 [DEBUG] Accepted segment [64512:65536], variance=0.0425, QRS count=6
2025-10-09 11:01:08,429 [DEBUG] Accepted segment [65024:66048], variance=0.0414, QRS count=6
2025-10-09 11:01:08,431 [DEBUG] Accepted segment [65536:66560], variance=0.0358, QRS count=6
2025-10-09 11:01:08,433 [DEBUG] Accepted segment [66048:67072], variance=0.0355, QRS count=6
2025-10-09 11:01:08,435 [DEBUG] Accepted segment [66560:67584], variance=0.0398, QRS count=5
2025-10-09 11:01:08,437 [DEBUG] Accepted segment [67072:68096], variance=0.0410, QRS count=5
2025-10-09 11:01:08,440 [DEBUG] Accepted segment [67584:68608], variance=0.0393, QRS count=5
2025-10-09 11:01:08,442 [DEBUG] Accepted segment [68096:69120], variance=0.0400, QRS count=5
2025-10-09 11:01:08,444 [DEBUG] Accepted segment [68608:69632], variance=0.0419, QRS count=5
2025-10-09 11:01:08,447 [DEBUG] Accepted segment [69120:70144], variance=0.0409, QRS count=5
2025-10-09 11:01:08,450 [DEBUG] Accepted segment [69632:70656], variance=0.0407, QRS count=5
2025-10-09 11:01:08,452 [DEBUG] Accepted segment [70144:71168], variance=0.0428, QRS count=6
2025-10-09 11:01:08,455 [DEBUG] Accepted segment [70656:71680], variance=0.0434, QRS count=6
2025-10-09 11:01:08,457 [DEBUG] Accepted segment [71168:72192], variance=0.1024, QRS count=6
2025-10-09 11:01:08,459 [DEBUG] Accepted segment [71680:72704], variance=0.1012, QRS count=6
2025-10-09 11:01:08,461 [DEBUG] Accepted segment [72192:73216], variance=0.0421, QRS count=6
2025-10-09 11:01:08,463 [DEBUG] Accepted segment [72704:73728], variance=0.0443, QRS count=6
2025-10-09 11:01:08,466 [DEBUG] Accepted segment [73216:74240], variance=0.0363, QRS count=5
2025-10-09 11:01:08,468 [DEBUG] Accepted segment [73728:74752], variance=0.0346, QRS count=5
2025-10-09 11:01:08,470 [DEBUG] Accepted segment [74240:75264], variance=0.0419, QRS count=5
2025-10-09 11:01:08,472 [DEBUG] Accepted segment [74752:75776], variance=0.0424, QRS count=5
2025-10-09 11:01:08,474 [DEBUG] Accepted segment [75264:76288], variance=0.0417, QRS count=6
2025-10-09 11:01:08,477 [DEBUG] Accepted segment [75776:76800], variance=0.0351, QRS count=5
2025-10-09 11:01:08,479 [DEBUG] Accepted segment [76288:77312], variance=0.0362, QRS count=5
2025-10-09 11:01:08,481 [DEBUG] Accepted segment [76800:77824], variance=0.0426, QRS count=5
2025-10-09 11:01:08,483 [DEBUG] Accepted segment [77312:78336], variance=0.0413, QRS count=5
2025-10-09 11:01:08,486 [DEBUG] Accepted segment [77824:78848], variance=0.0425, QRS count=6
2025-10-09 11:01:08,489 [DEBUG] Accepted segment [78336:79360], variance=0.0376, QRS count=6
2025-10-09 11:01:08,492 [DEBUG] Accepted segment [78848:79872], variance=0.0357, QRS count=5
2025-10-09 11:01:08,495 [DEBUG] Accepted segment [79360:80384], variance=0.0419, QRS count=5
2025-10-09 11:01:08,498 [DEBUG] Accepted segment [79872:80896], variance=0.0437, QRS count=5
2025-10-09 11:01:08,500 [DEBUG] Accepted segment [80384:81408], variance=0.0438, QRS count=6
2025-10-09 11:01:08,503 [DEBUG] Accepted segment [80896:81920], variance=0.0365, QRS count=5
2025-10-09 11:01:08,505 [DEBUG] Accepted segment [81408:82432], variance=0.0377, QRS count=5
2025-10-09 11:01:08,507 [DEBUG] Accepted segment [81920:82944], variance=0.0453, QRS count=5
2025-10-09 11:01:08,509 [DEBUG] Accepted segment [82432:83456], variance=0.0444, QRS count=5
2025-10-09 11:01:08,511 [DEBUG] Accepted segment [82944:83968], variance=0.0439, QRS count=6
2025-10-09 11:01:08,513 [DEBUG] Accepted segment [83456:84480], variance=0.0381, QRS count=6
2025-10-09 11:01:08,515 [DEBUG] Accepted segment [83968:84992], variance=0.0375, QRS count=5
2025-10-09 11:01:08,517 [DEBUG] Accepted segment [84480:85504], variance=0.0438, QRS count=5
2025-10-09 11:01:08,519 [DEBUG] Accepted segment [84992:86016], variance=0.0450, QRS count=5
2025-10-09 11:01:08,522 [DEBUG] Accepted segment [85504:86528], variance=0.0438, QRS count=6
2025-10-09 11:01:08,524 [DEBUG] Accepted segment [86016:87040], variance=0.0395, QRS count=6
2025-10-09 11:01:08,526 [DEBUG] Accepted segment [86528:87552], variance=0.0371, QRS count=6
2025-10-09 11:01:08,530 [DEBUG] Accepted segment [87040:88064], variance=0.0333, QRS count=5
2025-10-09 11:01:08,533 [DEBUG] Accepted segment [87552:88576], variance=0.0367, QRS count=5
2025-10-09 11:01:08,536 [DEBUG] Accepted segment [88064:89088], variance=0.0441, QRS count=6
2025-10-09 11:01:08,539 [DEBUG] Accepted segment [88576:89600], variance=0.0408, QRS count=5
2025-10-09 11:01:08,542 [DEBUG] Accepted segment [89088:90112], variance=0.0355, QRS count=5
2025-10-09 11:01:08,545 [DEBUG] Accepted segment [89600:90624], variance=0.0369, QRS count=5
2025-10-09 11:01:08,548 [DEBUG] Accepted segment [90112:91136], variance=0.0406, QRS count=5
2025-10-09 11:01:08,551 [DEBUG] Accepted segment [90624:91648], variance=0.0398, QRS count=5
2025-10-09 11:01:08,554 [DEBUG] Accepted segment [91136:92160], variance=0.0410, QRS count=5
2025-10-09 11:01:08,557 [DEBUG] Accepted segment [91648:92672], variance=0.0432, QRS count=5
2025-10-09 11:01:08,560 [DEBUG] Accepted segment [92160:93184], variance=0.0428, QRS count=6
2025-10-09 11:01:08,563 [DEBUG] Accepted segment [92672:93696], variance=0.1231, QRS count=6
2025-10-09 11:01:08,565 [DEBUG] Accepted segment [93184:94208], variance=0.1247, QRS count=6
2025-10-09 11:01:08,568 [DEBUG] Accepted segment [93696:94720], variance=0.0461, QRS count=6
2025-10-09 11:01:08,570 [DEBUG] Accepted segment [94208:95232], variance=0.0474, QRS count=6
2025-10-09 11:01:08,572 [DEBUG] Accepted segment [94720:95744], variance=0.0470, QRS count=6
2025-10-09 11:01:08,575 [DEBUG] Accepted segment [95232:96256], variance=0.0389, QRS count=5
2025-10-09 11:01:08,577 [DEBUG] Accepted segment [95744:96768], variance=0.0370, QRS count=5
2025-10-09 11:01:08,579 [DEBUG] Accepted segment [96256:97280], variance=0.0435, QRS count=5
2025-10-09 11:01:08,581 [DEBUG] Accepted segment [96768:97792], variance=0.0446, QRS count=6
2025-10-09 11:01:08,584 [DEBUG] Accepted segment [97280:98304], variance=0.0436, QRS count=5
2025-10-09 11:01:08,586 [DEBUG] Accepted segment [97792:98816], variance=0.0419, QRS count=5
2025-10-09 11:01:08,588 [DEBUG] Accepted segment [98304:99328], variance=0.0424, QRS count=5
2025-10-09 11:01:08,590 [DEBUG] Accepted segment [98816:99840], variance=0.0469, QRS count=5
2025-10-09 11:01:08,592 [DEBUG] Accepted segment [99328:100352], variance=0.0437, QRS count=5
2025-10-09 11:01:08,595 [DEBUG] Accepted segment [99840:100864], variance=0.0338, QRS count=6
2025-10-09 11:01:08,597 [DEBUG] Accepted segment [100352:101376], variance=0.0349, QRS count=6
2025-10-09 11:01:08,599 [DEBUG] Accepted segment [100864:101888], variance=0.0390, QRS count=5
2025-10-09 11:01:08,601 [DEBUG] Accepted segment [101376:102400], variance=0.0407, QRS count=5
2025-10-09 11:01:08,604 [DEBUG] Accepted segment [101888:102912], variance=0.0429, QRS count=5
2025-10-09 11:01:08,606 [DEBUG] Accepted segment [102400:103424], variance=0.0422, QRS count=5
2025-10-09 11:01:08,608 [DEBUG] Accepted segment [102912:103936], variance=0.0401, QRS count=6
2025-10-09 11:01:08,611 [DEBUG] Accepted segment [103424:104448], variance=0.0405, QRS count=6
2025-10-09 11:01:08,613 [DEBUG] Accepted segment [103936:104960], variance=0.0415, QRS count=6
2025-10-09 11:01:08,615 [DEBUG] Accepted segment [104448:105472], variance=0.0408, QRS count=6
2025-10-09 11:01:08,617 [DEBUG] Accepted segment [104960:105984], variance=0.0404, QRS count=6
2025-10-09 11:01:08,617 [DEBUG] Skipping segment [105472:106496] due to overlap with noise [106400:107000]
2025-10-09 11:01:08,617 [DEBUG] Skipping segment [105984:107008] due to overlap with noise [106400:107000]
2025-10-09 11:01:08,617 [DEBUG] Skipping segment [106496:107520] due to overlap with noise [106400:107000]
2025-10-09 11:01:08,620 [DEBUG] Accepted segment [107008:108032], variance=0.0702, QRS count=6
2025-10-09 11:01:08,622 [DEBUG] Accepted segment [107520:108544], variance=0.0616, QRS count=6
2025-10-09 11:01:08,624 [DEBUG] Accepted segment [108032:109056], variance=0.0688, QRS count=7
2025-10-09 11:01:08,626 [DEBUG] Accepted segment [108544:109568], variance=0.0644, QRS count=6
2025-10-09 11:01:08,628 [DEBUG] Accepted segment [109056:110080], variance=0.0488, QRS count=6
2025-10-09 11:01:08,631 [DEBUG] Accepted segment [109568:110592], variance=0.0477, QRS count=6
2025-10-09 11:01:08,633 [DEBUG] Accepted segment [110080:111104], variance=0.0440, QRS count=6
2025-10-09 11:01:08,635 [DEBUG] Accepted segment [110592:111616], variance=0.0451, QRS count=7
2025-10-09 11:01:08,637 [DEBUG] Accepted segment [111104:112128], variance=0.0552, QRS count=6
2025-10-09 11:01:08,640 [DEBUG] Accepted segment [111616:112640], variance=0.0556, QRS count=6
2025-10-09 11:01:08,642 [DEBUG] Accepted segment [112128:113152], variance=0.0543, QRS count=6
2025-10-09 11:01:08,644 [DEBUG] Accepted segment [112640:113664], variance=0.0555, QRS count=6
2025-10-09 11:01:08,646 [DEBUG] Accepted segment [113152:114176], variance=0.0560, QRS count=5
2025-10-09 11:01:08,648 [DEBUG] Accepted segment [113664:114688], variance=0.0558, QRS count=5
2025-10-09 11:01:08,650 [DEBUG] Accepted segment [114176:115200], variance=0.0667, QRS count=5
2025-10-09 11:01:08,653 [DEBUG] Accepted segment [114688:115712], variance=0.0741, QRS count=6
2025-10-09 11:01:08,655 [DEBUG] Accepted segment [115200:116224], variance=0.0637, QRS count=6
2025-10-09 11:01:08,657 [DEBUG] Accepted segment [115712:116736], variance=0.0559, QRS count=6
2025-10-09 11:01:08,659 [DEBUG] Accepted segment [116224:117248], variance=0.0528, QRS count=6
2025-10-09 11:01:08,661 [DEBUG] Accepted segment [116736:117760], variance=0.0522, QRS count=5
2025-10-09 11:01:08,663 [DEBUG] Accepted segment [117248:118272], variance=0.0472, QRS count=6
2025-10-09 11:01:08,666 [DEBUG] Accepted segment [117760:118784], variance=0.0471, QRS count=5
2025-10-09 11:01:08,668 [DEBUG] Accepted segment [118272:119296], variance=0.0569, QRS count=5
2025-10-09 11:01:08,670 [DEBUG] Accepted segment [118784:119808], variance=0.0603, QRS count=5
2025-10-09 11:01:08,672 [DEBUG] Accepted segment [119296:120320], variance=0.0607, QRS count=5
2025-10-09 11:01:08,674 [DEBUG] Accepted segment [119808:120832], variance=0.0601, QRS count=6
2025-10-09 11:01:08,676 [DEBUG] Accepted segment [120320:121344], variance=0.0600, QRS count=6
2025-10-09 11:01:08,679 [DEBUG] Accepted segment [120832:121856], variance=0.0599, QRS count=6
2025-10-09 11:01:08,681 [DEBUG] Accepted segment [121344:122368], variance=0.0489, QRS count=5
2025-10-09 11:01:08,683 [DEBUG] Accepted segment [121856:122880], variance=0.0471, QRS count=5
2025-10-09 11:01:08,685 [DEBUG] Accepted segment [122368:123392], variance=0.0592, QRS count=5
2025-10-09 11:01:08,687 [DEBUG] Accepted segment [122880:123904], variance=0.0606, QRS count=5
2025-10-09 11:01:08,689 [DEBUG] Accepted segment [123392:124416], variance=0.0582, QRS count=5
2025-10-09 11:01:08,692 [DEBUG] Accepted segment [123904:124928], variance=0.0582, QRS count=6
2025-10-09 11:01:08,694 [DEBUG] Accepted segment [124416:125440], variance=0.0592, QRS count=6
2025-10-09 11:01:08,696 [DEBUG] Accepted segment [124928:125952], variance=0.0585, QRS count=5
2025-10-09 11:01:08,698 [DEBUG] Accepted segment [125440:126464], variance=0.0485, QRS count=5
2025-10-09 11:01:08,700 [DEBUG] Accepted segment [125952:126976], variance=0.0503, QRS count=5
2025-10-09 11:01:08,702 [DEBUG] Accepted segment [126464:127488], variance=0.0614, QRS count=5
2025-10-09 11:01:08,705 [DEBUG] Accepted segment [126976:128000], variance=0.0608, QRS count=5
2025-10-09 11:01:08,705 [INFO] Segmented signal of length 128000 into 246 valid segments
2025-10-09 11:01:08,987 [DEBUG] Accepted segment [0:1024], variance=0.0485, QRS count=5
2025-10-09 11:01:08,989 [DEBUG] Accepted segment [512:1536], variance=0.0603, QRS count=5
2025-10-09 11:01:08,991 [DEBUG] Accepted segment [1024:2048], variance=0.0717, QRS count=5
2025-10-09 11:01:08,994 [DEBUG] Accepted segment [1536:2560], variance=0.0797, QRS count=6
2025-10-09 11:01:08,997 [DEBUG] Accepted segment [2048:3072], variance=0.0709, QRS count=6
2025-10-09 11:01:08,999 [DEBUG] Accepted segment [2560:3584], variance=0.0522, QRS count=5
2025-10-09 11:01:09,001 [DEBUG] Accepted segment [3072:4096], variance=0.0484, QRS count=5
2025-10-09 11:01:09,003 [DEBUG] Accepted segment [3584:4608], variance=0.0533, QRS count=5
2025-10-09 11:01:09,005 [DEBUG] Accepted segment [4096:5120], variance=0.0519, QRS count=6
2025-10-09 11:01:09,008 [DEBUG] Accepted segment [4608:5632], variance=0.0539, QRS count=6
2025-10-09 11:01:09,010 [DEBUG] Accepted segment [5120:6144], variance=0.0559, QRS count=5
2025-10-09 11:01:09,012 [DEBUG] Accepted segment [5632:6656], variance=0.0539, QRS count=5
2025-10-09 11:01:09,014 [DEBUG] Accepted segment [6144:7168], variance=0.0528, QRS count=5
2025-10-09 11:01:09,016 [DEBUG] Accepted segment [6656:7680], variance=0.0470, QRS count=5
2025-10-09 11:01:09,018 [DEBUG] Accepted segment [7168:8192], variance=0.0480, QRS count=5
2025-10-09 11:01:09,020 [DEBUG] Accepted segment [7680:8704], variance=0.0566, QRS count=5
2025-10-09 11:01:09,022 [DEBUG] Accepted segment [8192:9216], variance=0.0601, QRS count=5
2025-10-09 11:01:09,024 [DEBUG] Accepted segment [8704:9728], variance=0.0621, QRS count=6
2025-10-09 11:01:09,027 [DEBUG] Accepted segment [9216:10240], variance=0.0520, QRS count=5
2025-10-09 11:01:09,029 [DEBUG] Accepted segment [9728:10752], variance=0.0495, QRS count=5
2025-10-09 11:01:09,031 [DEBUG] Accepted segment [10240:11264], variance=0.0569, QRS count=5
2025-10-09 11:01:09,033 [DEBUG] Accepted segment [10752:11776], variance=0.0581, QRS count=5
2025-10-09 11:01:09,035 [DEBUG] Accepted segment [11264:12288], variance=0.0586, QRS count=6
2025-10-09 11:01:09,037 [DEBUG] Accepted segment [11776:12800], variance=0.0491, QRS count=6
2025-10-09 11:01:09,040 [DEBUG] Accepted segment [12288:13312], variance=0.0499, QRS count=5
2025-10-09 11:01:09,042 [DEBUG] Accepted segment [12800:13824], variance=0.0607, QRS count=5
2025-10-09 11:01:09,044 [DEBUG] Accepted segment [13312:14336], variance=0.0595, QRS count=5
2025-10-09 11:01:09,046 [DEBUG] Accepted segment [13824:14848], variance=0.0566, QRS count=6
2025-10-09 11:01:09,048 [DEBUG] Accepted segment [14336:15360], variance=0.0585, QRS count=6
2025-10-09 11:01:09,050 [DEBUG] Accepted segment [14848:15872], variance=0.0575, QRS count=6
2025-10-09 11:01:09,052 [DEBUG] Accepted segment [15360:16384], variance=0.0520, QRS count=5
2025-10-09 11:01:09,055 [DEBUG] Accepted segment [15872:16896], variance=0.0511, QRS count=5
2025-10-09 11:01:09,057 [DEBUG] Accepted segment [16384:17408], variance=0.0506, QRS count=5
2025-10-09 11:01:09,059 [DEBUG] Accepted segment [16896:17920], variance=0.0476, QRS count=5
2025-10-09 11:01:09,061 [DEBUG] Accepted segment [17408:18432], variance=0.0447, QRS count=5
2025-10-09 11:01:09,063 [DEBUG] Accepted segment [17920:18944], variance=0.0474, QRS count=6
2025-10-09 11:01:09,066 [DEBUG] Accepted segment [18432:19456], variance=0.0513, QRS count=6
2025-10-09 11:01:09,068 [DEBUG] Accepted segment [18944:19968], variance=0.0520, QRS count=5
2025-10-09 11:01:09,070 [DEBUG] Accepted segment [19456:20480], variance=0.0518, QRS count=5
2025-10-09 11:01:09,072 [DEBUG] Accepted segment [19968:20992], variance=0.0535, QRS count=5
2025-10-09 11:01:09,074 [DEBUG] Accepted segment [20480:21504], variance=0.0570, QRS count=5
2025-10-09 11:01:09,076 [DEBUG] Accepted segment [20992:22016], variance=0.0584, QRS count=5
2025-10-09 11:01:09,078 [DEBUG] Accepted segment [21504:22528], variance=0.0589, QRS count=5
2025-10-09 11:01:09,081 [DEBUG] Accepted segment [22016:23040], variance=0.0598, QRS count=6
2025-10-09 11:01:09,083 [DEBUG] Accepted segment [22528:23552], variance=0.0604, QRS count=6
2025-10-09 11:01:09,085 [DEBUG] Accepted segment [23040:24064], variance=0.0594, QRS count=5
2025-10-09 11:01:09,087 [DEBUG] Accepted segment [23552:24576], variance=0.0598, QRS count=6
2025-10-09 11:01:09,090 [DEBUG] Accepted segment [24064:25088], variance=0.0620, QRS count=6
2025-10-09 11:01:09,093 [DEBUG] Accepted segment [24576:25600], variance=0.1251, QRS count=6
2025-10-09 11:01:09,095 [DEBUG] Accepted segment [25088:26112], variance=0.1270, QRS count=6
2025-10-09 11:01:09,097 [DEBUG] Accepted segment [25600:26624], variance=0.0756, QRS count=6
2025-10-09 11:01:09,100 [DEBUG] Accepted segment [26112:27136], variance=0.0709, QRS count=6
2025-10-09 11:01:09,102 [DEBUG] Accepted segment [26624:27648], variance=0.0589, QRS count=6
2025-10-09 11:01:09,104 [DEBUG] Accepted segment [27136:28160], variance=0.0584, QRS count=6
2025-10-09 11:01:09,106 [DEBUG] Accepted segment [27648:28672], variance=0.0565, QRS count=6
2025-10-09 11:01:09,108 [DEBUG] Accepted segment [28160:29184], variance=0.0559, QRS count=6
2025-10-09 11:01:09,110 [DEBUG] Accepted segment [28672:29696], variance=0.0563, QRS count=6
2025-10-09 11:01:09,112 [DEBUG] Accepted segment [29184:30208], variance=0.0540, QRS count=6
2025-10-09 11:01:09,115 [DEBUG] Accepted segment [29696:30720], variance=0.0480, QRS count=6
2025-10-09 11:01:09,117 [DEBUG] Accepted segment [30208:31232], variance=0.0466, QRS count=5
2025-10-09 11:01:09,119 [DEBUG] Accepted segment [30720:31744], variance=0.0484, QRS count=5
2025-10-09 11:01:09,121 [DEBUG] Accepted segment [31232:32256], variance=0.0523, QRS count=6
2025-10-09 11:01:09,123 [DEBUG] Accepted segment [31744:32768], variance=0.0579, QRS count=6
2025-10-09 11:01:09,125 [DEBUG] Accepted segment [32256:33280], variance=0.0605, QRS count=5
2025-10-09 11:01:09,127 [DEBUG] Accepted segment [32768:33792], variance=0.0593, QRS count=5
2025-10-09 11:01:09,130 [DEBUG] Accepted segment [33280:34304], variance=0.0577, QRS count=5
2025-10-09 11:01:09,132 [DEBUG] Accepted segment [33792:34816], variance=0.0579, QRS count=6
2025-10-09 11:01:09,134 [DEBUG] Accepted segment [34304:35328], variance=0.0569, QRS count=6
2025-10-09 11:01:09,136 [DEBUG] Accepted segment [34816:35840], variance=0.0569, QRS count=6
2025-10-09 11:01:09,139 [DEBUG] Accepted segment [35328:36352], variance=0.0586, QRS count=6
2025-10-09 11:01:09,142 [DEBUG] Accepted segment [35840:36864], variance=0.0496, QRS count=6
2025-10-09 11:01:09,144 [DEBUG] Accepted segment [36352:37376], variance=0.0498, QRS count=5
2025-10-09 11:01:09,147 [DEBUG] Accepted segment [36864:37888], variance=0.0598, QRS count=5
2025-10-09 11:01:09,149 [DEBUG] Accepted segment [37376:38400], variance=0.0608, QRS count=5
2025-10-09 11:01:09,151 [DEBUG] Accepted segment [37888:38912], variance=0.0619, QRS count=5
2025-10-09 11:01:09,153 [DEBUG] Accepted segment [38400:39424], variance=0.0603, QRS count=6
2025-10-09 11:01:09,155 [DEBUG] Accepted segment [38912:39936], variance=0.0589, QRS count=6
2025-10-09 11:01:09,157 [DEBUG] Accepted segment [39424:40448], variance=0.0607, QRS count=6
2025-10-09 11:01:09,160 [DEBUG] Accepted segment [39936:40960], variance=0.0523, QRS count=6
2025-10-09 11:01:09,161 [DEBUG] Accepted segment [40448:41472], variance=0.0519, QRS count=5
2025-10-09 11:01:09,164 [DEBUG] Accepted segment [40960:41984], variance=0.0605, QRS count=5
2025-10-09 11:01:09,166 [DEBUG] Accepted segment [41472:42496], variance=0.0594, QRS count=5
2025-10-09 11:01:09,168 [DEBUG] Accepted segment [41984:43008], variance=0.0573, QRS count=6
2025-10-09 11:01:09,171 [DEBUG] Accepted segment [42496:43520], variance=0.0570, QRS count=6
2025-10-09 11:01:09,174 [DEBUG] Accepted segment [43008:44032], variance=0.0501, QRS count=5
2025-10-09 11:01:09,176 [DEBUG] Accepted segment [43520:44544], variance=0.0484, QRS count=5
2025-10-09 11:01:09,179 [DEBUG] Accepted segment [44032:45056], variance=0.0558, QRS count=5
2025-10-09 11:01:09,181 [DEBUG] Accepted segment [44544:45568], variance=0.0570, QRS count=5
2025-10-09 11:01:09,184 [DEBUG] Accepted segment [45056:46080], variance=0.0533, QRS count=5
2025-10-09 11:01:09,187 [DEBUG] Accepted segment [45568:46592], variance=0.0483, QRS count=6
2025-10-09 11:01:09,190 [DEBUG] Accepted segment [46080:47104], variance=0.0507, QRS count=6
2025-10-09 11:01:09,192 [DEBUG] Accepted segment [46592:47616], variance=0.0576, QRS count=6
2025-10-09 11:01:09,195 [DEBUG] Accepted segment [47104:48128], variance=0.0606, QRS count=6
2025-10-09 11:01:09,197 [DEBUG] Accepted segment [47616:48640], variance=0.0595, QRS count=6
2025-10-09 11:01:09,199 [DEBUG] Accepted segment [48128:49152], variance=0.0510, QRS count=6
2025-10-09 11:01:09,202 [DEBUG] Accepted segment [48640:49664], variance=0.0516, QRS count=5
2025-10-09 11:01:09,204 [DEBUG] Accepted segment [49152:50176], variance=0.0585, QRS count=5
2025-10-09 11:01:09,206 [DEBUG] Accepted segment [49664:50688], variance=0.0584, QRS count=5
2025-10-09 11:01:09,208 [DEBUG] Accepted segment [50176:51200], variance=0.0589, QRS count=6
2025-10-09 11:01:09,210 [DEBUG] Accepted segment [50688:51712], variance=0.0584, QRS count=6
2025-10-09 11:01:09,212 [DEBUG] Accepted segment [51200:52224], variance=0.0501, QRS count=5
2025-10-09 11:01:09,214 [DEBUG] Accepted segment [51712:52736], variance=0.0509, QRS count=5
2025-10-09 11:01:09,217 [DEBUG] Accepted segment [52224:53248], variance=0.0593, QRS count=5
2025-10-09 11:01:09,219 [DEBUG] Accepted segment [52736:53760], variance=0.0583, QRS count=6
2025-10-09 11:01:09,221 [DEBUG] Accepted segment [53248:54272], variance=0.0595, QRS count=5
2025-10-09 11:01:09,223 [DEBUG] Accepted segment [53760:54784], variance=0.0531, QRS count=5
2025-10-09 11:01:09,225 [DEBUG] Accepted segment [54272:55296], variance=0.0531, QRS count=5
2025-10-09 11:01:09,228 [DEBUG] Accepted segment [54784:55808], variance=0.0593, QRS count=5
2025-10-09 11:01:09,230 [DEBUG] Accepted segment [55296:56320], variance=0.0602, QRS count=5
2025-10-09 11:01:09,232 [DEBUG] Accepted segment [55808:56832], variance=0.0621, QRS count=5
2025-10-09 11:01:09,234 [DEBUG] Accepted segment [56320:57344], variance=0.0596, QRS count=5
2025-10-09 11:01:09,237 [DEBUG] Accepted segment [56832:57856], variance=0.0563, QRS count=6
2025-10-09 11:01:09,239 [DEBUG] Accepted segment [57344:58368], variance=0.0567, QRS count=6
2025-10-09 11:01:09,241 [DEBUG] Accepted segment [57856:58880], variance=0.0583, QRS count=5
2025-10-09 11:01:09,243 [DEBUG] Accepted segment [58368:59392], variance=0.0492, QRS count=5
2025-10-09 11:01:09,245 [DEBUG] Accepted segment [58880:59904], variance=0.0492, QRS count=5
2025-10-09 11:01:09,248 [DEBUG] Accepted segment [59392:60416], variance=0.0592, QRS count=5
2025-10-09 11:01:09,251 [DEBUG] Accepted segment [59904:60928], variance=0.0586, QRS count=5
2025-10-09 11:01:09,253 [DEBUG] Accepted segment [60416:61440], variance=0.0579, QRS count=6
2025-10-09 11:01:09,256 [DEBUG] Accepted segment [60928:61952], variance=0.0584, QRS count=6
2025-10-09 11:01:09,258 [DEBUG] Accepted segment [61440:62464], variance=0.0588, QRS count=5
2025-10-09 11:01:09,260 [DEBUG] Accepted segment [61952:62976], variance=0.0565, QRS count=5
2025-10-09 11:01:09,262 [DEBUG] Accepted segment [62464:63488], variance=0.0485, QRS count=6
2025-10-09 11:01:09,265 [DEBUG] Accepted segment [62976:64000], variance=0.0508, QRS count=5
2025-10-09 11:01:09,267 [DEBUG] Accepted segment [63488:64512], variance=0.0608, QRS count=5
2025-10-09 11:01:09,269 [DEBUG] Accepted segment [64000:65024], variance=0.0619, QRS count=5
2025-10-09 11:01:09,271 [DEBUG] Accepted segment [64512:65536], variance=0.0587, QRS count=5
2025-10-09 11:01:09,273 [DEBUG] Accepted segment [65024:66048], variance=0.0603, QRS count=5
2025-10-09 11:01:09,275 [DEBUG] Accepted segment [65536:66560], variance=0.0623, QRS count=5
2025-10-09 11:01:09,278 [DEBUG] Accepted segment [66048:67072], variance=0.0612, QRS count=5
2025-10-09 11:01:09,280 [DEBUG] Accepted segment [66560:67584], variance=0.0614, QRS count=6
2025-10-09 11:01:09,282 [DEBUG] Accepted segment [67072:68096], variance=0.0627, QRS count=6
2025-10-09 11:01:09,284 [DEBUG] Accepted segment [67584:68608], variance=0.0535, QRS count=5
2025-10-09 11:01:09,286 [DEBUG] Accepted segment [68096:69120], variance=0.0529, QRS count=5
2025-10-09 11:01:09,289 [DEBUG] Accepted segment [68608:69632], variance=0.0620, QRS count=5
2025-10-09 11:01:09,291 [DEBUG] Accepted segment [69120:70144], variance=0.0512, QRS count=6
2025-10-09 11:01:09,293 [DEBUG] Accepted segment [69632:70656], variance=0.0508, QRS count=5
2025-10-09 11:01:09,295 [DEBUG] Accepted segment [70144:71168], variance=0.0623, QRS count=5
2025-10-09 11:01:09,297 [DEBUG] Accepted segment [70656:71680], variance=0.0649, QRS count=5
2025-10-09 11:01:09,299 [DEBUG] Accepted segment [71168:72192], variance=0.0649, QRS count=6
2025-10-09 11:01:09,302 [DEBUG] Accepted segment [71680:72704], variance=0.0643, QRS count=6
2025-10-09 11:01:09,304 [DEBUG] Accepted segment [72192:73216], variance=0.0546, QRS count=6
2025-10-09 11:01:09,306 [DEBUG] Accepted segment [72704:73728], variance=0.0550, QRS count=5
2025-10-09 11:01:09,308 [DEBUG] Accepted segment [73216:74240], variance=0.0646, QRS count=5
2025-10-09 11:01:09,310 [DEBUG] Accepted segment [73728:74752], variance=0.0630, QRS count=5
2025-10-09 11:01:09,312 [DEBUG] Accepted segment [74240:75264], variance=0.0623, QRS count=6
2025-10-09 11:01:09,315 [DEBUG] Accepted segment [74752:75776], variance=0.0621, QRS count=6
2025-10-09 11:01:09,317 [DEBUG] Accepted segment [75264:76288], variance=0.0509, QRS count=6
2025-10-09 11:01:09,319 [DEBUG] Accepted segment [75776:76800], variance=0.0518, QRS count=5
2025-10-09 11:01:09,321 [DEBUG] Accepted segment [76288:77312], variance=0.0641, QRS count=5
2025-10-09 11:01:09,323 [DEBUG] Accepted segment [76800:77824], variance=0.0659, QRS count=5
2025-10-09 11:01:09,326 [DEBUG] Accepted segment [77312:78336], variance=0.0647, QRS count=6
2025-10-09 11:01:09,328 [DEBUG] Accepted segment [77824:78848], variance=0.0543, QRS count=5
2025-10-09 11:01:09,330 [DEBUG] Accepted segment [78336:79360], variance=0.0534, QRS count=5
2025-10-09 11:01:09,332 [DEBUG] Accepted segment [78848:79872], variance=0.0600, QRS count=5
2025-10-09 11:01:09,334 [DEBUG] Accepted segment [79360:80384], variance=0.0605, QRS count=6
2025-10-09 11:01:09,337 [DEBUG] Accepted segment [79872:80896], variance=0.0530, QRS count=5
2025-10-09 11:01:09,341 [DEBUG] Accepted segment [80384:81408], variance=0.0525, QRS count=5
2025-10-09 11:01:09,344 [DEBUG] Accepted segment [80896:81920], variance=0.0614, QRS count=5
2025-10-09 11:01:09,346 [DEBUG] Accepted segment [81408:82432], variance=0.0623, QRS count=6
2025-10-09 11:01:09,349 [DEBUG] Accepted segment [81920:82944], variance=0.0606, QRS count=5
2025-10-09 11:01:09,351 [DEBUG] Accepted segment [82432:83456], variance=0.0508, QRS count=5
2025-10-09 11:01:09,353 [DEBUG] Accepted segment [82944:83968], variance=0.0525, QRS count=5
2025-10-09 11:01:09,356 [DEBUG] Accepted segment [83456:84480], variance=0.0618, QRS count=5
2025-10-09 11:01:09,358 [DEBUG] Accepted segment [83968:84992], variance=0.0601, QRS count=5
2025-10-09 11:01:09,360 [DEBUG] Accepted segment [84480:85504], variance=0.0589, QRS count=5
2025-10-09 11:01:09,363 [DEBUG] Accepted segment [84992:86016], variance=0.0579, QRS count=6
2025-10-09 11:01:09,365 [DEBUG] Accepted segment [85504:86528], variance=0.0604, QRS count=6
2025-10-09 11:01:09,367 [DEBUG] Accepted segment [86016:87040], variance=0.0538, QRS count=5
2025-10-09 11:01:09,369 [DEBUG] Accepted segment [86528:87552], variance=0.0515, QRS count=5
2025-10-09 11:01:09,372 [DEBUG] Accepted segment [87040:88064], variance=0.0609, QRS count=5
2025-10-09 11:01:09,374 [DEBUG] Accepted segment [87552:88576], variance=0.0617, QRS count=5
2025-10-09 11:01:09,376 [DEBUG] Accepted segment [88064:89088], variance=0.0498, QRS count=5
2025-10-09 11:01:09,379 [DEBUG] Accepted segment [88576:89600], variance=0.0489, QRS count=5
2025-10-09 11:01:09,381 [DEBUG] Accepted segment [89088:90112], variance=0.0603, QRS count=5
2025-10-09 11:01:09,383 [DEBUG] Accepted segment [89600:90624], variance=0.0612, QRS count=6
2025-10-09 11:01:09,386 [DEBUG] Accepted segment [90112:91136], variance=0.0612, QRS count=6
2025-10-09 11:01:09,388 [DEBUG] Accepted segment [90624:91648], variance=0.0535, QRS count=5
2025-10-09 11:01:09,390 [DEBUG] Accepted segment [91136:92160], variance=0.0552, QRS count=5
2025-10-09 11:01:09,393 [DEBUG] Accepted segment [91648:92672], variance=0.0635, QRS count=5
2025-10-09 11:01:09,395 [DEBUG] Accepted segment [92160:93184], variance=0.0609, QRS count=5
2025-10-09 11:01:09,397 [DEBUG] Accepted segment [92672:93696], variance=0.0534, QRS count=6
2025-10-09 11:01:09,399 [DEBUG] Accepted segment [93184:94208], variance=0.0553, QRS count=5
2025-10-09 11:01:09,402 [DEBUG] Accepted segment [93696:94720], variance=0.0625, QRS count=5
2025-10-09 11:01:09,404 [DEBUG] Accepted segment [94208:95232], variance=0.0619, QRS count=5
2025-10-09 11:01:09,406 [DEBUG] Accepted segment [94720:95744], variance=0.0629, QRS count=6
2025-10-09 11:01:09,409 [DEBUG] Accepted segment [95232:96256], variance=0.0528, QRS count=5
2025-10-09 11:01:09,411 [DEBUG] Accepted segment [95744:96768], variance=0.0525, QRS count=5
2025-10-09 11:01:09,414 [DEBUG] Accepted segment [96256:97280], variance=0.0625, QRS count=5
2025-10-09 11:01:09,416 [DEBUG] Accepted segment [96768:97792], variance=0.0602, QRS count=6
2025-10-09 11:01:09,419 [DEBUG] Accepted segment [97280:98304], variance=0.0574, QRS count=6
2025-10-09 11:01:09,422 [DEBUG] Accepted segment [97792:98816], variance=0.0569, QRS count=6
2025-10-09 11:01:09,425 [DEBUG] Accepted segment [98304:99328], variance=0.0501, QRS count=6
2025-10-09 11:01:09,428 [DEBUG] Accepted segment [98816:99840], variance=0.0510, QRS count=5
2025-10-09 11:01:09,430 [DEBUG] Accepted segment [99328:100352], variance=0.0579, QRS count=5
2025-10-09 11:01:09,433 [DEBUG] Accepted segment [99840:100864], variance=0.0583, QRS count=5
2025-10-09 11:01:09,435 [DEBUG] Accepted segment [100352:101376], variance=0.0604, QRS count=5
2025-10-09 11:01:09,437 [DEBUG] Accepted segment [100864:101888], variance=0.0593, QRS count=6
2025-10-09 11:01:09,439 [DEBUG] Accepted segment [101376:102400], variance=0.0568, QRS count=6
2025-10-09 11:01:09,442 [DEBUG] Accepted segment [101888:102912], variance=0.0552, QRS count=6
2025-10-09 11:01:09,444 [DEBUG] Accepted segment [102400:103424], variance=0.0554, QRS count=6
2025-10-09 11:01:09,446 [DEBUG] Accepted segment [102912:103936], variance=0.0574, QRS count=6
2025-10-09 11:01:09,448 [DEBUG] Accepted segment [103424:104448], variance=0.0576, QRS count=5
2025-10-09 11:01:09,450 [DEBUG] Accepted segment [103936:104960], variance=0.0472, QRS count=6
2025-10-09 11:01:09,452 [DEBUG] Accepted segment [104448:105472], variance=0.0462, QRS count=5
2025-10-09 11:01:09,455 [DEBUG] Accepted segment [104960:105984], variance=0.0554, QRS count=5
2025-10-09 11:01:09,457 [DEBUG] Accepted segment [105472:106496], variance=0.0562, QRS count=5
2025-10-09 11:01:09,459 [DEBUG] Accepted segment [105984:107008], variance=0.0543, QRS count=5
2025-10-09 11:01:09,461 [DEBUG] Accepted segment [106496:107520], variance=0.0518, QRS count=5
2025-10-09 11:01:09,463 [DEBUG] Accepted segment [107008:108032], variance=0.0523, QRS count=5
2025-10-09 11:01:09,465 [DEBUG] Accepted segment [107520:108544], variance=0.0539, QRS count=5
2025-10-09 11:01:09,468 [DEBUG] Accepted segment [108032:109056], variance=0.0543, QRS count=5
2025-10-09 11:01:09,470 [DEBUG] Accepted segment [108544:109568], variance=0.0531, QRS count=6
2025-10-09 11:01:09,472 [DEBUG] Accepted segment [109056:110080], variance=0.0515, QRS count=6
2025-10-09 11:01:09,474 [DEBUG] Accepted segment [109568:110592], variance=0.0521, QRS count=6
2025-10-09 11:01:09,476 [DEBUG] Accepted segment [110080:111104], variance=0.1279, QRS count=6
2025-10-09 11:01:09,479 [DEBUG] Accepted segment [110592:111616], variance=0.1293, QRS count=5
2025-10-09 11:01:09,481 [DEBUG] Accepted segment [111104:112128], variance=0.0552, QRS count=6
2025-10-09 11:01:09,484 [DEBUG] Accepted segment [111616:112640], variance=0.0537, QRS count=6
2025-10-09 11:01:09,486 [DEBUG] Accepted segment [112128:113152], variance=0.0532, QRS count=6
2025-10-09 11:01:09,489 [DEBUG] Accepted segment [112640:113664], variance=0.0558, QRS count=6
2025-10-09 11:01:09,492 [DEBUG] Accepted segment [113152:114176], variance=0.0582, QRS count=5
2025-10-09 11:01:09,495 [DEBUG] Accepted segment [113664:114688], variance=0.0514, QRS count=6
2025-10-09 11:01:09,498 [DEBUG] Accepted segment [114176:115200], variance=0.0525, QRS count=5
2025-10-09 11:01:09,501 [DEBUG] Accepted segment [114688:115712], variance=0.0596, QRS count=5
2025-10-09 11:01:09,504 [DEBUG] Accepted segment [115200:116224], variance=0.0584, QRS count=5
2025-10-09 11:01:09,507 [DEBUG] Accepted segment [115712:116736], variance=0.0515, QRS count=6
2025-10-09 11:01:09,510 [DEBUG] Accepted segment [116224:117248], variance=0.0530, QRS count=5
2025-10-09 11:01:09,513 [DEBUG] Accepted segment [116736:117760], variance=0.0609, QRS count=5
2025-10-09 11:01:09,516 [DEBUG] Accepted segment [117248:118272], variance=0.0628, QRS count=5
2025-10-09 11:01:09,520 [DEBUG] Accepted segment [117760:118784], variance=0.0637, QRS count=6
2025-10-09 11:01:09,523 [DEBUG] Accepted segment [118272:119296], variance=0.0609, QRS count=6
2025-10-09 11:01:09,526 [DEBUG] Accepted segment [118784:119808], variance=0.0506, QRS count=6
2025-10-09 11:01:09,526 [DEBUG] Skipping segment [119296:120320] due to overlap with noise [120200:120500]
2025-10-09 11:01:09,526 [DEBUG] Skipping segment [119808:120832] due to overlap with noise [120200:120500]
2025-10-09 11:01:09,526 [DEBUG] Skipping segment [120320:121344] due to overlap with noise [120200:120500]
2025-10-09 11:01:09,529 [DEBUG] Accepted segment [120832:121856], variance=0.0428, QRS count=6
2025-10-09 11:01:09,532 [DEBUG] Accepted segment [121344:122368], variance=0.0406, QRS count=6
2025-10-09 11:01:09,537 [DEBUG] Accepted segment [121856:122880], variance=0.0365, QRS count=6
2025-10-09 11:01:09,540 [DEBUG] Accepted segment [122368:123392], variance=0.0401, QRS count=5
2025-10-09 11:01:09,543 [DEBUG] Accepted segment [122880:123904], variance=0.0464, QRS count=6
2025-10-09 11:01:09,546 [DEBUG] Accepted segment [123392:124416], variance=0.0520, QRS count=6
2025-10-09 11:01:09,550 [DEBUG] Accepted segment [123904:124928], variance=0.0439, QRS count=5
2025-10-09 11:01:09,553 [DEBUG] Accepted segment [124416:125440], variance=0.0354, QRS count=5
2025-10-09 11:01:09,556 [DEBUG] Accepted segment [124928:125952], variance=0.0386, QRS count=5
2025-10-09 11:01:09,560 [DEBUG] Accepted segment [125440:126464], variance=0.0365, QRS count=5
2025-10-09 11:01:09,564 [DEBUG] Accepted segment [125952:126976], variance=0.0365, QRS count=6
2025-10-09 11:01:09,569 [DEBUG] Accepted segment [126464:127488], variance=0.0327, QRS count=5
2025-10-09 11:01:09,573 [DEBUG] Accepted segment [126976:128000], variance=0.0324, QRS count=5
2025-10-09 11:01:09,574 [INFO] Segmented signal of length 128000 into 246 valid segments
2025-10-09 11:01:09,649 [INFO] Training batch shapes: X=(32, 1024, 1), Y=(32, 1024, 1)
2025-10-09 11:01:09,741 [DEBUG] Skipping segment [0:1024] due to overlap with noise [0:400]
2025-10-09 11:01:09,744 [DEBUG] Accepted segment [512:1536], variance=0.0713, QRS count=4
2025-10-09 11:01:09,747 [DEBUG] Accepted segment [1024:2048], variance=0.0615, QRS count=4
2025-10-09 11:01:09,747 [DEBUG] Skipping segment [1536:2560] due to overlap with noise [2400:3800]
2025-10-09 11:01:09,747 [DEBUG] Skipping segment [2048:3072] due to overlap with noise [2400:3800]
2025-10-09 11:01:09,747 [DEBUG] Skipping segment [2560:3584] due to overlap with noise [2400:3800]
2025-10-09 11:01:09,747 [DEBUG] Skipping segment [3072:4096] due to overlap with noise [2400:3800]
2025-10-09 11:01:09,747 [DEBUG] Skipping segment [3584:4608] due to overlap with noise [2400:3800]
2025-10-09 11:01:09,749 [DEBUG] Accepted segment [4096:5120], variance=0.0638, QRS count=4
2025-10-09 11:01:09,751 [DEBUG] Accepted segment [4608:5632], variance=0.0595, QRS count=4
2025-10-09 11:01:09,755 [DEBUG] Accepted segment [5120:6144], variance=0.0630, QRS count=5
2025-10-09 11:01:09,759 [DEBUG] Accepted segment [5632:6656], variance=0.0667, QRS count=4
2025-10-09 11:01:09,762 [DEBUG] Accepted segment [6144:7168], variance=0.0610, QRS count=4
2025-10-09 11:01:09,765 [DEBUG] Accepted segment [6656:7680], variance=0.0560, QRS count=4
2025-10-09 11:01:09,768 [DEBUG] Accepted segment [7168:8192], variance=0.0571, QRS count=4
2025-10-09 11:01:09,771 [DEBUG] Accepted segment [7680:8704], variance=0.0666, QRS count=4
2025-10-09 11:01:09,773 [DEBUG] Accepted segment [8192:9216], variance=0.0678, QRS count=4
2025-10-09 11:01:09,776 [DEBUG] Accepted segment [8704:9728], variance=0.0588, QRS count=4
2025-10-09 11:01:09,778 [DEBUG] Accepted segment [9216:10240], variance=0.0635, QRS count=5
2025-10-09 11:01:09,780 [DEBUG] Accepted segment [9728:10752], variance=0.0676, QRS count=4
2025-10-09 11:01:09,783 [DEBUG] Accepted segment [10240:11264], variance=0.0598, QRS count=4
2025-10-09 11:01:09,786 [DEBUG] Accepted segment [10752:11776], variance=0.0615, QRS count=4
2025-10-09 11:01:09,788 [DEBUG] Accepted segment [11264:12288], variance=0.0670, QRS count=5
2025-10-09 11:01:09,790 [DEBUG] Accepted segment [11776:12800], variance=0.0617, QRS count=4
2025-10-09 11:01:09,793 [DEBUG] Accepted segment [12288:13312], variance=0.0684, QRS count=5
2025-10-09 11:01:09,795 [DEBUG] Accepted segment [12800:13824], variance=0.0672, QRS count=4
2025-10-09 11:01:09,797 [DEBUG] Accepted segment [13312:14336], variance=0.0669, QRS count=5
2025-10-09 11:01:09,799 [DEBUG] Accepted segment [13824:14848], variance=0.0698, QRS count=4
2025-10-09 11:01:09,802 [DEBUG] Accepted segment [14336:15360], variance=0.0721, QRS count=5
2025-10-09 11:01:09,804 [DEBUG] Accepted segment [14848:15872], variance=0.0806, QRS count=5
2025-10-09 11:01:09,806 [DEBUG] Accepted segment [15360:16384], variance=0.0725, QRS count=6
2025-10-09 11:01:09,808 [DEBUG] Accepted segment [15872:16896], variance=0.0769, QRS count=5
2025-10-09 11:01:09,810 [DEBUG] Accepted segment [16384:17408], variance=0.0851, QRS count=5
2025-10-09 11:01:09,812 [DEBUG] Accepted segment [16896:17920], variance=0.0787, QRS count=6
2025-10-09 11:01:09,814 [DEBUG] Accepted segment [17408:18432], variance=0.0684, QRS count=5
2025-10-09 11:01:09,816 [DEBUG] Accepted segment [17920:18944], variance=0.0600, QRS count=4
2025-10-09 11:01:09,818 [DEBUG] Accepted segment [18432:19456], variance=0.0654, QRS count=5
2025-10-09 11:01:09,820 [DEBUG] Accepted segment [18944:19968], variance=0.0706, QRS count=4
2025-10-09 11:01:09,822 [DEBUG] Accepted segment [19456:20480], variance=0.0615, QRS count=4
2025-10-09 11:01:09,824 [DEBUG] Accepted segment [19968:20992], variance=0.0565, QRS count=4
2025-10-09 11:01:09,827 [DEBUG] Accepted segment [20480:21504], variance=0.0658, QRS count=5
2025-10-09 11:01:09,829 [DEBUG] Accepted segment [20992:22016], variance=0.0707, QRS count=4
2025-10-09 11:01:09,831 [DEBUG] Accepted segment [21504:22528], variance=0.0634, QRS count=4
2025-10-09 11:01:09,833 [DEBUG] Accepted segment [22016:23040], variance=0.0587, QRS count=4
2025-10-09 11:01:09,835 [DEBUG] Accepted segment [22528:23552], variance=0.0665, QRS count=5
2025-10-09 11:01:09,835 [DEBUG] Skipping segment [23040:24064] due to overlap with noise [24000:24800]
2025-10-09 11:01:09,835 [DEBUG] Skipping segment [23552:24576] due to overlap with noise [24000:24800]
2025-10-09 11:01:09,835 [DEBUG] Skipping segment [24064:25088] due to overlap with noise [24000:24800]
2025-10-09 11:01:09,835 [DEBUG] Skipping segment [24576:25600] due to overlap with noise [24000:24800]
2025-10-09 11:01:09,837 [DEBUG] Accepted segment [25088:26112], variance=0.0705, QRS count=6
2025-10-09 11:01:09,840 [DEBUG] Accepted segment [25600:26624], variance=0.0701, QRS count=5
2025-10-09 11:01:09,842 [DEBUG] Accepted segment [26112:27136], variance=0.0624, QRS count=5
2025-10-09 11:01:09,844 [DEBUG] Accepted segment [26624:27648], variance=0.0628, QRS count=6
2025-10-09 11:01:09,846 [DEBUG] Accepted segment [27136:28160], variance=0.0622, QRS count=5
2025-10-09 11:01:09,848 [DEBUG] Accepted segment [27648:28672], variance=0.0545, QRS count=5
2025-10-09 11:01:09,850 [DEBUG] Accepted segment [28160:29184], variance=0.0639, QRS count=5
2025-10-09 11:01:09,853 [DEBUG] Accepted segment [28672:29696], variance=0.0645, QRS count=4
2025-10-09 11:01:09,856 [DEBUG] Accepted segment [29184:30208], variance=0.0619, QRS count=5
2025-10-09 11:01:09,858 [DEBUG] Accepted segment [29696:30720], variance=0.0662, QRS count=5
2025-10-09 11:01:09,861 [DEBUG] Accepted segment [30208:31232], variance=0.0584, QRS count=4
2025-10-09 11:01:09,863 [DEBUG] Accepted segment [30720:31744], variance=0.0632, QRS count=5
2025-10-09 11:01:09,865 [DEBUG] Accepted segment [31232:32256], variance=0.0687, QRS count=4
2025-10-09 11:01:09,867 [DEBUG] Accepted segment [31744:32768], variance=0.0606, QRS count=4
2025-10-09 11:01:09,870 [DEBUG] Accepted segment [32256:33280], variance=0.0556, QRS count=5
2025-10-09 11:01:09,872 [DEBUG] Accepted segment [32768:33792], variance=0.0653, QRS count=5
2025-10-09 11:01:09,874 [DEBUG] Accepted segment [33280:34304], variance=0.0680, QRS count=4
2025-10-09 11:01:09,876 [DEBUG] Accepted segment [33792:34816], variance=0.0583, QRS count=4
2025-10-09 11:01:09,878 [DEBUG] Accepted segment [34304:35328], variance=0.0639, QRS count=5
2025-10-09 11:01:09,880 [DEBUG] Accepted segment [34816:35840], variance=0.0667, QRS count=4
2025-10-09 11:01:09,883 [DEBUG] Accepted segment [35328:36352], variance=0.0591, QRS count=5
2025-10-09 11:01:09,886 [DEBUG] Accepted segment [35840:36864], variance=0.0674, QRS count=5
2025-10-09 11:01:09,889 [DEBUG] Accepted segment [36352:37376], variance=0.0672, QRS count=4
2025-10-09 11:01:09,892 [DEBUG] Accepted segment [36864:37888], variance=0.0556, QRS count=4
2025-10-09 11:01:09,895 [DEBUG] Accepted segment [37376:38400], variance=0.0645, QRS count=4
2025-10-09 11:01:09,898 [DEBUG] Accepted segment [37888:38912], variance=0.0696, QRS count=4
2025-10-09 11:01:09,901 [DEBUG] Accepted segment [38400:39424], variance=0.0600, QRS count=4
2025-10-09 11:01:09,903 [DEBUG] Accepted segment [38912:39936], variance=0.0560, QRS count=4
2025-10-09 11:01:09,905 [DEBUG] Accepted segment [39424:40448], variance=0.0663, QRS count=5
2025-10-09 11:01:09,908 [DEBUG] Accepted segment [39936:40960], variance=0.0676, QRS count=4
2025-10-09 11:01:09,910 [DEBUG] Accepted segment [40448:41472], variance=0.0587, QRS count=4
2025-10-09 11:01:09,913 [DEBUG] Accepted segment [40960:41984], variance=0.0638, QRS count=5
2025-10-09 11:01:09,916 [DEBUG] Accepted segment [41472:42496], variance=0.0685, QRS count=4
2025-10-09 11:01:09,919 [DEBUG] Accepted segment [41984:43008], variance=0.0633, QRS count=4
2025-10-09 11:01:09,921 [DEBUG] Accepted segment [42496:43520], variance=0.0641, QRS count=5
2025-10-09 11:01:09,923 [DEBUG] Accepted segment [43008:44032], variance=0.0666, QRS count=5
2025-10-09 11:01:09,925 [DEBUG] Accepted segment [43520:44544], variance=0.0613, QRS count=4
2025-10-09 11:01:09,927 [DEBUG] Accepted segment [44032:45056], variance=0.0696, QRS count=5
2025-10-09 11:01:09,930 [DEBUG] Accepted segment [44544:45568], variance=0.0793, QRS count=5
2025-10-09 11:01:09,932 [DEBUG] Accepted segment [45056:46080], variance=0.0745, QRS count=5
2025-10-09 11:01:09,934 [DEBUG] Accepted segment [45568:46592], variance=0.0689, QRS count=5
2025-10-09 11:01:09,936 [DEBUG] Accepted segment [46080:47104], variance=0.0612, QRS count=5
2025-10-09 11:01:09,939 [DEBUG] Accepted segment [46592:47616], variance=0.0675, QRS count=5
2025-10-09 11:01:09,941 [DEBUG] Accepted segment [47104:48128], variance=0.0667, QRS count=4
2025-10-09 11:01:09,943 [DEBUG] Accepted segment [47616:48640], variance=0.0650, QRS count=5
2025-10-09 11:01:09,945 [DEBUG] Accepted segment [48128:49152], variance=0.0693, QRS count=4
2025-10-09 11:01:09,947 [DEBUG] Accepted segment [48640:49664], variance=0.0693, QRS count=5
2025-10-09 11:01:09,950 [DEBUG] Accepted segment [49152:50176], variance=0.0686, QRS count=5
2025-10-09 11:01:09,952 [DEBUG] Accepted segment [49664:50688], variance=0.0699, QRS count=5
2025-10-09 11:01:09,954 [DEBUG] Accepted segment [50176:51200], variance=0.0716, QRS count=6
2025-10-09 11:01:09,956 [DEBUG] Accepted segment [50688:51712], variance=0.0602, QRS count=5
2025-10-09 11:01:09,959 [DEBUG] Accepted segment [51200:52224], variance=0.0649, QRS count=5
2025-10-09 11:01:09,961 [DEBUG] Accepted segment [51712:52736], variance=0.0633, QRS count=4
2025-10-09 11:01:09,963 [DEBUG] Accepted segment [52224:53248], variance=0.0603, QRS count=5
2025-10-09 11:01:09,966 [DEBUG] Accepted segment [52736:53760], variance=0.0668, QRS count=5
2025-10-09 11:01:09,968 [DEBUG] Accepted segment [53248:54272], variance=0.0604, QRS count=5
2025-10-09 11:01:09,970 [DEBUG] Accepted segment [53760:54784], variance=0.0667, QRS count=5
2025-10-09 11:01:09,972 [DEBUG] Accepted segment [54272:55296], variance=0.0659, QRS count=4
2025-10-09 11:01:09,975 [DEBUG] Accepted segment [54784:55808], variance=0.0629, QRS count=5
2025-10-09 11:01:09,977 [DEBUG] Accepted segment [55296:56320], variance=0.0680, QRS count=5
2025-10-09 11:01:09,979 [DEBUG] Accepted segment [55808:56832], variance=0.0606, QRS count=4
2025-10-09 11:01:09,981 [DEBUG] Accepted segment [56320:57344], variance=0.0672, QRS count=5
2025-10-09 11:01:09,983 [DEBUG] Accepted segment [56832:57856], variance=0.0676, QRS count=4
2025-10-09 11:01:09,986 [DEBUG] Accepted segment [57344:58368], variance=0.0666, QRS count=5
2025-10-09 11:01:09,988 [DEBUG] Accepted segment [57856:58880], variance=0.0669, QRS count=4
2025-10-09 11:01:09,990 [DEBUG] Accepted segment [58368:59392], variance=0.0631, QRS count=5
2025-10-09 11:01:09,992 [DEBUG] Accepted segment [58880:59904], variance=0.0658, QRS count=4
2025-10-09 11:01:09,994 [DEBUG] Accepted segment [59392:60416], variance=0.0663, QRS count=5
2025-10-09 11:01:09,996 [DEBUG] Accepted segment [59904:60928], variance=0.0609, QRS count=5
2025-10-09 11:01:09,999 [DEBUG] Accepted segment [60416:61440], variance=0.0636, QRS count=5
2025-10-09 11:01:10,001 [DEBUG] Accepted segment [60928:61952], variance=0.0645, QRS count=4
2025-10-09 11:01:10,003 [DEBUG] Accepted segment [61440:62464], variance=0.0635, QRS count=5
2025-10-09 11:01:10,005 [DEBUG] Accepted segment [61952:62976], variance=0.0681, QRS count=5
2025-10-09 11:01:10,007 [DEBUG] Accepted segment [62464:63488], variance=0.0672, QRS count=5
2025-10-09 11:01:10,009 [DEBUG] Accepted segment [62976:64000], variance=0.0674, QRS count=5
2025-10-09 11:01:10,011 [DEBUG] Accepted segment [63488:64512], variance=0.0614, QRS count=4
2025-10-09 11:01:10,013 [DEBUG] Accepted segment [64000:65024], variance=0.0665, QRS count=4
2025-10-09 11:01:10,016 [DEBUG] Accepted segment [64512:65536], variance=0.0698, QRS count=4
2025-10-09 11:01:10,018 [DEBUG] Accepted segment [65024:66048], variance=0.0600, QRS count=4
2025-10-09 11:01:10,020 [DEBUG] Accepted segment [65536:66560], variance=0.0562, QRS count=4
2025-10-09 11:01:10,022 [DEBUG] Accepted segment [66048:67072], variance=0.0646, QRS count=5
2025-10-09 11:01:10,024 [DEBUG] Accepted segment [66560:67584], variance=0.0682, QRS count=4
2025-10-09 11:01:10,026 [DEBUG] Accepted segment [67072:68096], variance=0.0609, QRS count=4
2025-10-09 11:01:10,028 [DEBUG] Accepted segment [67584:68608], variance=0.0569, QRS count=4
2025-10-09 11:01:10,030 [DEBUG] Accepted segment [68096:69120], variance=0.0652, QRS count=5
2025-10-09 11:01:10,033 [DEBUG] Accepted segment [68608:69632], variance=0.0696, QRS count=4
2025-10-09 11:01:10,036 [DEBUG] Accepted segment [69120:70144], variance=0.0609, QRS count=4
2025-10-09 11:01:10,038 [DEBUG] Accepted segment [69632:70656], variance=0.0629, QRS count=5
2025-10-09 11:01:10,040 [DEBUG] Accepted segment [70144:71168], variance=0.0675, QRS count=4
2025-10-09 11:01:10,043 [DEBUG] Accepted segment [70656:71680], variance=0.0603, QRS count=4
2025-10-09 11:01:10,045 [DEBUG] Accepted segment [71168:72192], variance=0.0674, QRS count=5
2025-10-09 11:01:10,047 [DEBUG] Accepted segment [71680:72704], variance=0.0668, QRS count=4
2025-10-09 11:01:10,049 [DEBUG] Accepted segment [72192:73216], variance=0.0556, QRS count=4
2025-10-09 11:01:10,052 [DEBUG] Accepted segment [72704:73728], variance=0.0672, QRS count=5
2025-10-09 11:01:10,054 [DEBUG] Accepted segment [73216:74240], variance=0.0669, QRS count=4
2025-10-09 11:01:10,056 [DEBUG] Accepted segment [73728:74752], variance=0.0551, QRS count=5
2025-10-09 11:01:10,058 [DEBUG] Accepted segment [74240:75264], variance=0.0668, QRS count=5
2025-10-09 11:01:10,061 [DEBUG] Accepted segment [74752:75776], variance=0.0669, QRS count=4
2025-10-09 11:01:10,063 [DEBUG] Accepted segment [75264:76288], variance=0.0631, QRS count=4
2025-10-09 11:01:10,065 [DEBUG] Accepted segment [75776:76800], variance=0.0682, QRS count=5
2025-10-09 11:01:10,067 [DEBUG] Accepted segment [76288:77312], variance=0.0602, QRS count=4
2025-10-09 11:01:10,070 [DEBUG] Accepted segment [76800:77824], variance=0.0663, QRS count=5
2025-10-09 11:01:10,072 [DEBUG] Accepted segment [77312:78336], variance=0.0746, QRS count=5
2025-10-09 11:01:10,074 [DEBUG] Accepted segment [77824:78848], variance=0.0747, QRS count=5
2025-10-09 11:01:10,076 [DEBUG] Accepted segment [78336:79360], variance=0.0700, QRS count=5
2025-10-09 11:01:10,078 [DEBUG] Accepted segment [78848:79872], variance=0.0689, QRS count=5
2025-10-09 11:01:10,080 [DEBUG] Accepted segment [79360:80384], variance=0.0664, QRS count=4
2025-10-09 11:01:10,082 [DEBUG] Accepted segment [79872:80896], variance=0.0676, QRS count=5
2025-10-09 11:01:10,084 [DEBUG] Accepted segment [80384:81408], variance=0.0665, QRS count=4
2025-10-09 11:01:10,086 [DEBUG] Accepted segment [80896:81920], variance=0.0647, QRS count=5
2025-10-09 11:01:10,088 [DEBUG] Accepted segment [81408:82432], variance=0.0655, QRS count=4
2025-10-09 11:01:10,091 [DEBUG] Accepted segment [81920:82944], variance=0.0642, QRS count=5
2025-10-09 11:01:10,093 [DEBUG] Accepted segment [82432:83456], variance=0.0676, QRS count=5
2025-10-09 11:01:10,095 [DEBUG] Accepted segment [82944:83968], variance=0.0592, QRS count=4
2025-10-09 11:01:10,097 [DEBUG] Accepted segment [83456:84480], variance=0.0646, QRS count=5
2025-10-09 11:01:10,099 [DEBUG] Accepted segment [83968:84992], variance=0.0657, QRS count=4
2025-10-09 11:01:10,101 [DEBUG] Accepted segment [84480:85504], variance=0.0633, QRS count=5
2025-10-09 11:01:10,103 [DEBUG] Accepted segment [84992:86016], variance=0.0668, QRS count=5
2025-10-09 11:01:10,106 [DEBUG] Accepted segment [85504:86528], variance=0.0680, QRS count=5
2025-10-09 11:01:10,108 [DEBUG] Accepted segment [86016:87040], variance=0.0652, QRS count=4
2025-10-09 11:01:10,110 [DEBUG] Accepted segment [86528:87552], variance=0.0649, QRS count=5
2025-10-09 11:01:10,112 [DEBUG] Accepted segment [87040:88064], variance=0.0665, QRS count=4
2025-10-09 11:01:10,114 [DEBUG] Accepted segment [87552:88576], variance=0.0640, QRS count=5
2025-10-09 11:01:10,116 [DEBUG] Accepted segment [88064:89088], variance=0.0637, QRS count=5
2025-10-09 11:01:10,118 [DEBUG] Accepted segment [88576:89600], variance=0.0630, QRS count=4
2025-10-09 11:01:10,120 [DEBUG] Accepted segment [89088:90112], variance=0.0606, QRS count=5
2025-10-09 11:01:10,123 [DEBUG] Accepted segment [89600:90624], variance=0.0560, QRS count=4
2025-10-09 11:01:10,125 [DEBUG] Accepted segment [90112:91136], variance=0.0542, QRS count=4
2025-10-09 11:01:10,127 [DEBUG] Accepted segment [90624:91648], variance=0.0615, QRS count=5
2025-10-09 11:01:10,129 [DEBUG] Accepted segment [91136:92160], variance=0.0635, QRS count=4
2025-10-09 11:01:10,131 [DEBUG] Accepted segment [91648:92672], variance=0.0539, QRS count=5
2025-10-09 11:01:10,133 [DEBUG] Accepted segment [92160:93184], variance=0.0651, QRS count=5
2025-10-09 11:01:10,135 [DEBUG] Accepted segment [92672:93696], variance=0.0662, QRS count=4
2025-10-09 11:01:10,138 [DEBUG] Accepted segment [93184:94208], variance=0.0542, QRS count=4
2025-10-09 11:01:10,140 [DEBUG] Accepted segment [93696:94720], variance=0.0644, QRS count=5
2025-10-09 11:01:10,142 [DEBUG] Accepted segment [94208:95232], variance=0.0639, QRS count=4
2025-10-09 11:01:10,144 [DEBUG] Accepted segment [94720:95744], variance=0.0533, QRS count=4
2025-10-09 11:01:10,146 [DEBUG] Accepted segment [95232:96256], variance=0.0611, QRS count=5
2025-10-09 11:01:10,149 [DEBUG] Accepted segment [95744:96768], variance=0.0647, QRS count=4
2025-10-09 11:01:10,151 [DEBUG] Accepted segment [96256:97280], variance=0.0575, QRS count=5
2025-10-09 11:01:10,153 [DEBUG] Accepted segment [96768:97792], variance=0.0637, QRS count=5
2025-10-09 11:01:10,153 [DEBUG] Skipping segment [97280:98304] due to overlap with noise [98200:101600]
2025-10-09 11:01:10,153 [DEBUG] Skipping segment [97792:98816] due to overlap with noise [98200:101600]
2025-10-09 11:01:10,153 [DEBUG] Skipping segment [98304:99328] due to overlap with noise [98200:101600]
2025-10-09 11:01:10,153 [DEBUG] Skipping segment [98816:99840] due to overlap with noise [98200:101600]
2025-10-09 11:01:10,153 [DEBUG] Skipping segment [99328:100352] due to overlap with noise [98200:101600]
2025-10-09 11:01:10,153 [DEBUG] Skipping segment [99840:100864] due to overlap with noise [98200:101600]
2025-10-09 11:01:10,153 [DEBUG] Skipping segment [100352:101376] due to overlap with noise [98200:101600]
2025-10-09 11:01:10,153 [DEBUG] Skipping segment [100864:101888] due to overlap with noise [98200:101600]
2025-10-09 11:01:10,153 [DEBUG] Skipping segment [101376:102400] due to overlap with noise [98200:101600]
2025-10-09 11:01:10,155 [DEBUG] Accepted segment [101888:102912], variance=0.0620, QRS count=5
2025-10-09 11:01:10,158 [DEBUG] Accepted segment [102400:103424], variance=0.0601, QRS count=5
2025-10-09 11:01:10,161 [DEBUG] Accepted segment [102912:103936], variance=0.0623, QRS count=4
2025-10-09 11:01:10,163 [DEBUG] Accepted segment [103424:104448], variance=0.0644, QRS count=5
2025-10-09 11:01:10,165 [DEBUG] Accepted segment [103936:104960], variance=0.0658, QRS count=5
2025-10-09 11:01:10,168 [DEBUG] Accepted segment [104448:105472], variance=0.0645, QRS count=5
2025-10-09 11:01:10,170 [DEBUG] Accepted segment [104960:105984], variance=0.0644, QRS count=5
2025-10-09 11:01:10,174 [DEBUG] Accepted segment [105472:106496], variance=0.0673, QRS count=5
2025-10-09 11:01:10,177 [DEBUG] Accepted segment [105984:107008], variance=0.0652, QRS count=5
2025-10-09 11:01:10,180 [DEBUG] Accepted segment [106496:107520], variance=0.0622, QRS count=5
2025-10-09 11:01:10,183 [DEBUG] Accepted segment [107008:108032], variance=0.0632, QRS count=4
2025-10-09 11:01:10,186 [DEBUG] Accepted segment [107520:108544], variance=0.0575, QRS count=4
2025-10-09 11:01:10,189 [DEBUG] Accepted segment [108032:109056], variance=0.0623, QRS count=5
2025-10-09 11:01:10,192 [DEBUG] Accepted segment [108544:109568], variance=0.0661, QRS count=4
2025-10-09 11:01:10,192 [DEBUG] Skipping segment [109056:110080] due to overlap with noise [110000:110800]
2025-10-09 11:01:10,192 [DEBUG] Skipping segment [109568:110592] due to overlap with noise [110000:110800]
2025-10-09 11:01:10,192 [DEBUG] Skipping segment [110080:111104] due to overlap with noise [110000:110800]
2025-10-09 11:01:10,192 [DEBUG] Skipping segment [110592:111616] due to overlap with noise [110000:110800]
2025-10-09 11:01:10,195 [DEBUG] Accepted segment [111104:112128], variance=0.0659, QRS count=5
2025-10-09 11:01:10,197 [DEBUG] Accepted segment [111616:112640], variance=0.0660, QRS count=4
2025-10-09 11:01:10,200 [DEBUG] Accepted segment [112128:113152], variance=0.0650, QRS count=5
2025-10-09 11:01:10,202 [DEBUG] Accepted segment [112640:113664], variance=0.0650, QRS count=4
2025-10-09 11:01:10,204 [DEBUG] Accepted segment [113152:114176], variance=0.0616, QRS count=5
2025-10-09 11:01:10,206 [DEBUG] Accepted segment [113664:114688], variance=0.0663, QRS count=4
2025-10-09 11:01:10,208 [DEBUG] Accepted segment [114176:115200], variance=0.0597, QRS count=4
2025-10-09 11:01:10,211 [DEBUG] Accepted segment [114688:115712], variance=0.0616, QRS count=5
2025-10-09 11:01:10,213 [DEBUG] Accepted segment [115200:116224], variance=0.0643, QRS count=4
2025-10-09 11:01:10,215 [DEBUG] Accepted segment [115712:116736], variance=0.0654, QRS count=5
2025-10-09 11:01:10,218 [DEBUG] Accepted segment [116224:117248], variance=0.0645, QRS count=5
2025-10-09 11:01:10,220 [DEBUG] Accepted segment [116736:117760], variance=0.0676, QRS count=5
2025-10-09 11:01:10,220 [DEBUG] Skipping segment [117248:118272] due to overlap with noise [118000:119600]
2025-10-09 11:01:10,220 [DEBUG] Skipping segment [117760:118784] due to overlap with noise [118000:119600]
2025-10-09 11:01:10,220 [DEBUG] Skipping segment [118272:119296] due to overlap with noise [118000:119600]
2025-10-09 11:01:10,220 [DEBUG] Skipping segment [118784:119808] due to overlap with noise [118000:119600]
2025-10-09 11:01:10,220 [DEBUG] Skipping segment [119296:120320] due to overlap with noise [118000:119600]
2025-10-09 11:01:10,223 [DEBUG] Accepted segment [119808:120832], variance=0.0673, QRS count=5
2025-10-09 11:01:10,225 [DEBUG] Accepted segment [120320:121344], variance=0.0726, QRS count=5
2025-10-09 11:01:10,227 [DEBUG] Accepted segment [120832:121856], variance=0.0690, QRS count=6
2025-10-09 11:01:10,229 [DEBUG] Accepted segment [121344:122368], variance=0.0672, QRS count=6
2025-10-09 11:01:10,232 [DEBUG] Accepted segment [121856:122880], variance=0.0585, QRS count=5
2025-10-09 11:01:10,234 [DEBUG] Accepted segment [122368:123392], variance=0.0596, QRS count=5
2025-10-09 11:01:10,236 [DEBUG] Accepted segment [122880:123904], variance=0.0629, QRS count=4
2025-10-09 11:01:10,239 [DEBUG] Accepted segment [123392:124416], variance=0.0610, QRS count=5
2025-10-09 11:01:10,241 [DEBUG] Accepted segment [123904:124928], variance=0.0617, QRS count=4
2025-10-09 11:01:10,243 [DEBUG] Accepted segment [124416:125440], variance=0.0623, QRS count=5
2025-10-09 11:01:10,245 [DEBUG] Accepted segment [124928:125952], variance=0.0606, QRS count=4
2025-10-09 11:01:10,247 [DEBUG] Accepted segment [125440:126464], variance=0.0610, QRS count=5
2025-10-09 11:01:10,250 [DEBUG] Accepted segment [125952:126976], variance=0.0600, QRS count=4
2025-10-09 11:01:10,252 [DEBUG] Accepted segment [126464:127488], variance=0.0591, QRS count=5
2025-10-09 11:01:10,252 [INFO] Segmented signal of length 127999 into 220 valid segments
2025-10-09 11:01:10,486 [INFO] Test batch shapes: X=(32, 1024, 1), Y=(32, 1024, 1)
2025-10-09 11:01:10,489 [INFO] Building ResUNet Denoising Autoencoder
2025-10-09 11:01:10,802 [INFO] Model: "functional"
┏━━━━━━━━━━━━━━━━━━━━━━━━━━━━━━━┳━━━━━━━━━━━━━━━━━━━━━━━━━━━┳━━━━━━━━━━━━━━━━━┳━━━━━━━━━━━━━━━━━━━━━━━━━━━━┓
┃ Layer (type)                  ┃ Output Shape              ┃         Param # ┃ Connected to               ┃
┡━━━━━━━━━━━━━━━━━━━━━━━━━━━━━━━╇━━━━━━━━━━━━━━━━━━━━━━━━━━━╇━━━━━━━━━━━━━━━━━╇━━━━━━━━━━━━━━━━━━━━━━━━━━━━┩
│ input_layer (InputLayer)      │ (None, 1024, 1)           │               0 │ -                          │
├───────────────────────────────┼───────────────────────────┼─────────────────┼────────────────────────────┤
│ conv1d (Conv1D)               │ (None, 1024, 32)          │             128 │ input_layer[0][0]          │
├───────────────────────────────┼───────────────────────────┼─────────────────┼────────────────────────────┤
│ batch_normalization           │ (None, 1024, 32)          │             128 │ conv1d[0][0]               │
│ (BatchNormalization)          │                           │                 │                            │
├───────────────────────────────┼───────────────────────────┼─────────────────┼────────────────────────────┤
│ re_lu (ReLU)                  │ (None, 1024, 32)          │               0 │ batch_normalization[0][0]  │
├───────────────────────────────┼───────────────────────────┼─────────────────┼────────────────────────────┤
│ conv1d_1 (Conv1D)             │ (None, 1024, 32)          │           3,104 │ re_lu[0][0]                │
├───────────────────────────────┼───────────────────────────┼─────────────────┼────────────────────────────┤
│ batch_normalization_1         │ (None, 1024, 32)          │             128 │ conv1d_1[0][0]             │
│ (BatchNormalization)          │                           │                 │                            │
├───────────────────────────────┼───────────────────────────┼─────────────────┼────────────────────────────┤
│ conv1d_2 (Conv1D)             │ (None, 1024, 32)          │           1,056 │ batch_normalization_1[0][… │
├───────────────────────────────┼───────────────────────────┼─────────────────┼────────────────────────────┤
│ add (Add)                     │ (None, 1024, 32)          │               0 │ batch_normalization_1[0][… │
│                               │                           │                 │ conv1d_2[0][0]             │
├───────────────────────────────┼───────────────────────────┼─────────────────┼────────────────────────────┤
│ re_lu_1 (ReLU)                │ (None, 1024, 32)          │               0 │ add[0][0]                  │
├───────────────────────────────┼───────────────────────────┼─────────────────┼────────────────────────────┤
│ max_pooling1d (MaxPooling1D)  │ (None, 512, 32)           │               0 │ re_lu_1[0][0]              │
├───────────────────────────────┼───────────────────────────┼─────────────────┼────────────────────────────┤
│ conv1d_3 (Conv1D)             │ (None, 512, 64)           │           6,208 │ max_pooling1d[0][0]        │
├───────────────────────────────┼───────────────────────────┼─────────────────┼────────────────────────────┤
│ batch_normalization_2         │ (None, 512, 64)           │             256 │ conv1d_3[0][0]             │
│ (BatchNormalization)          │                           │                 │                            │
├───────────────────────────────┼───────────────────────────┼─────────────────┼────────────────────────────┤
│ re_lu_2 (ReLU)                │ (None, 512, 64)           │               0 │ batch_normalization_2[0][… │
├───────────────────────────────┼───────────────────────────┼─────────────────┼────────────────────────────┤
│ conv1d_4 (Conv1D)             │ (None, 512, 64)           │          12,352 │ re_lu_2[0][0]              │
├───────────────────────────────┼───────────────────────────┼─────────────────┼────────────────────────────┤
│ batch_normalization_3         │ (None, 512, 64)           │             256 │ conv1d_4[0][0]             │
│ (BatchNormalization)          │                           │                 │                            │
├───────────────────────────────┼───────────────────────────┼─────────────────┼────────────────────────────┤
│ conv1d_5 (Conv1D)             │ (None, 512, 64)           │           4,160 │ batch_normalization_3[0][… │
├───────────────────────────────┼───────────────────────────┼─────────────────┼────────────────────────────┤
│ add_1 (Add)                   │ (None, 512, 64)           │               0 │ batch_normalization_3[0][… │
│                               │                           │                 │ conv1d_5[0][0]             │
├───────────────────────────────┼───────────────────────────┼─────────────────┼────────────────────────────┤
│ re_lu_3 (ReLU)                │ (None, 512, 64)           │               0 │ add_1[0][0]                │
├───────────────────────────────┼───────────────────────────┼─────────────────┼────────────────────────────┤
│ max_pooling1d_1               │ (None, 256, 64)           │               0 │ re_lu_3[0][0]              │
│ (MaxPooling1D)                │                           │                 │                            │
├───────────────────────────────┼───────────────────────────┼─────────────────┼────────────────────────────┤
│ conv1d_6 (Conv1D)             │ (None, 256, 128)          │          24,704 │ max_pooling1d_1[0][0]      │
├───────────────────────────────┼───────────────────────────┼─────────────────┼────────────────────────────┤
│ batch_normalization_4         │ (None, 256, 128)          │             512 │ conv1d_6[0][0]             │
│ (BatchNormalization)          │                           │                 │                            │
├───────────────────────────────┼───────────────────────────┼─────────────────┼────────────────────────────┤
│ re_lu_4 (ReLU)                │ (None, 256, 128)          │               0 │ batch_normalization_4[0][… │
├───────────────────────────────┼───────────────────────────┼─────────────────┼────────────────────────────┤
│ conv1d_7 (Conv1D)             │ (None, 256, 128)          │          49,280 │ re_lu_4[0][0]              │
├───────────────────────────────┼───────────────────────────┼─────────────────┼────────────────────────────┤
│ batch_normalization_5         │ (None, 256, 128)          │             512 │ conv1d_7[0][0]             │
│ (BatchNormalization)          │                           │                 │                            │
├───────────────────────────────┼───────────────────────────┼─────────────────┼────────────────────────────┤
│ conv1d_8 (Conv1D)             │ (None, 256, 128)          │          16,512 │ batch_normalization_5[0][… │
├───────────────────────────────┼───────────────────────────┼─────────────────┼────────────────────────────┤
│ add_2 (Add)                   │ (None, 256, 128)          │               0 │ batch_normalization_5[0][… │
│                               │                           │                 │ conv1d_8[0][0]             │
├───────────────────────────────┼───────────────────────────┼─────────────────┼────────────────────────────┤
│ re_lu_5 (ReLU)                │ (None, 256, 128)          │               0 │ add_2[0][0]                │
├───────────────────────────────┼───────────────────────────┼─────────────────┼────────────────────────────┤
│ max_pooling1d_2               │ (None, 128, 128)          │               0 │ re_lu_5[0][0]              │
│ (MaxPooling1D)                │                           │                 │                            │
├───────────────────────────────┼───────────────────────────┼─────────────────┼────────────────────────────┤
│ conv1d_9 (Conv1D)             │ (None, 128, 256)          │          98,560 │ max_pooling1d_2[0][0]      │
├───────────────────────────────┼───────────────────────────┼─────────────────┼────────────────────────────┤
│ batch_normalization_6         │ (None, 128, 256)          │           1,024 │ conv1d_9[0][0]             │
│ (BatchNormalization)          │                           │                 │                            │
├───────────────────────────────┼───────────────────────────┼─────────────────┼────────────────────────────┤
│ re_lu_6 (ReLU)                │ (None, 128, 256)          │               0 │ batch_normalization_6[0][… │
├───────────────────────────────┼───────────────────────────┼─────────────────┼────────────────────────────┤
│ conv1d_10 (Conv1D)            │ (None, 128, 256)          │         196,864 │ re_lu_6[0][0]              │
├───────────────────────────────┼───────────────────────────┼─────────────────┼────────────────────────────┤
│ batch_normalization_7         │ (None, 128, 256)          │           1,024 │ conv1d_10[0][0]            │
│ (BatchNormalization)          │                           │                 │                            │
├───────────────────────────────┼───────────────────────────┼─────────────────┼────────────────────────────┤
│ conv1d_11 (Conv1D)            │ (None, 128, 256)          │          65,792 │ batch_normalization_7[0][… │
├───────────────────────────────┼───────────────────────────┼─────────────────┼────────────────────────────┤
│ add_3 (Add)                   │ (None, 128, 256)          │               0 │ batch_normalization_7[0][… │
│                               │                           │                 │ conv1d_11[0][0]            │
├───────────────────────────────┼───────────────────────────┼─────────────────┼────────────────────────────┤
│ re_lu_7 (ReLU)                │ (None, 128, 256)          │               0 │ add_3[0][0]                │
├───────────────────────────────┼───────────────────────────┼─────────────────┼────────────────────────────┤
│ up_sampling1d (UpSampling1D)  │ (None, 256, 256)          │               0 │ re_lu_7[0][0]              │
├───────────────────────────────┼───────────────────────────┼─────────────────┼────────────────────────────┤
│ concatenate (Concatenate)     │ (None, 256, 384)          │               0 │ up_sampling1d[0][0],       │
│                               │                           │                 │ re_lu_5[0][0]              │
├───────────────────────────────┼───────────────────────────┼─────────────────┼────────────────────────────┤
│ conv1d_12 (Conv1D)            │ (None, 256, 128)          │         147,584 │ concatenate[0][0]          │
├───────────────────────────────┼───────────────────────────┼─────────────────┼────────────────────────────┤
│ batch_normalization_8         │ (None, 256, 128)          │             512 │ conv1d_12[0][0]            │
│ (BatchNormalization)          │                           │                 │                            │
├───────────────────────────────┼───────────────────────────┼─────────────────┼────────────────────────────┤
│ re_lu_8 (ReLU)                │ (None, 256, 128)          │               0 │ batch_normalization_8[0][… │
├───────────────────────────────┼───────────────────────────┼─────────────────┼────────────────────────────┤
│ conv1d_13 (Conv1D)            │ (None, 256, 128)          │          49,280 │ re_lu_8[0][0]              │
├───────────────────────────────┼───────────────────────────┼─────────────────┼────────────────────────────┤
│ batch_normalization_9         │ (None, 256, 128)          │             512 │ conv1d_13[0][0]            │
│ (BatchNormalization)          │                           │                 │                            │
├───────────────────────────────┼───────────────────────────┼─────────────────┼────────────────────────────┤
│ conv1d_14 (Conv1D)            │ (None, 256, 128)          │          16,512 │ batch_normalization_9[0][… │
├───────────────────────────────┼───────────────────────────┼─────────────────┼────────────────────────────┤
│ add_4 (Add)                   │ (None, 256, 128)          │               0 │ batch_normalization_9[0][… │
│                               │                           │                 │ conv1d_14[0][0]            │
├───────────────────────────────┼───────────────────────────┼─────────────────┼────────────────────────────┤
│ re_lu_9 (ReLU)                │ (None, 256, 128)          │               0 │ add_4[0][0]                │
├───────────────────────────────┼───────────────────────────┼─────────────────┼────────────────────────────┤
│ up_sampling1d_1               │ (None, 512, 128)          │               0 │ re_lu_9[0][0]              │
│ (UpSampling1D)                │                           │                 │                            │
├───────────────────────────────┼───────────────────────────┼─────────────────┼────────────────────────────┤
│ concatenate_1 (Concatenate)   │ (None, 512, 192)          │               0 │ up_sampling1d_1[0][0],     │
│                               │                           │                 │ re_lu_3[0][0]              │
├───────────────────────────────┼───────────────────────────┼─────────────────┼────────────────────────────┤
│ conv1d_15 (Conv1D)            │ (None, 512, 64)           │          36,928 │ concatenate_1[0][0]        │
├───────────────────────────────┼───────────────────────────┼─────────────────┼────────────────────────────┤
│ batch_normalization_10        │ (None, 512, 64)           │             256 │ conv1d_15[0][0]            │
│ (BatchNormalization)          │                           │                 │                            │
├───────────────────────────────┼───────────────────────────┼─────────────────┼────────────────────────────┤
│ re_lu_10 (ReLU)               │ (None, 512, 64)           │               0 │ batch_normalization_10[0]… │
├───────────────────────────────┼───────────────────────────┼─────────────────┼────────────────────────────┤
│ conv1d_16 (Conv1D)            │ (None, 512, 64)           │          12,352 │ re_lu_10[0][0]             │
├───────────────────────────────┼───────────────────────────┼─────────────────┼────────────────────────────┤
│ batch_normalization_11        │ (None, 512, 64)           │             256 │ conv1d_16[0][0]            │
│ (BatchNormalization)          │                           │                 │                            │
├───────────────────────────────┼───────────────────────────┼─────────────────┼────────────────────────────┤
│ conv1d_17 (Conv1D)            │ (None, 512, 64)           │           4,160 │ batch_normalization_11[0]… │
├───────────────────────────────┼───────────────────────────┼─────────────────┼────────────────────────────┤
│ add_5 (Add)                   │ (None, 512, 64)           │               0 │ batch_normalization_11[0]… │
│                               │                           │                 │ conv1d_17[0][0]            │
├───────────────────────────────┼───────────────────────────┼─────────────────┼────────────────────────────┤
│ re_lu_11 (ReLU)               │ (None, 512, 64)           │               0 │ add_5[0][0]                │
├───────────────────────────────┼───────────────────────────┼─────────────────┼────────────────────────────┤
│ up_sampling1d_2               │ (None, 1024, 64)          │               0 │ re_lu_11[0][0]             │
│ (UpSampling1D)                │                           │                 │                            │
├───────────────────────────────┼───────────────────────────┼─────────────────┼────────────────────────────┤
│ concatenate_2 (Concatenate)   │ (None, 1024, 96)          │               0 │ up_sampling1d_2[0][0],     │
│                               │                           │                 │ re_lu_1[0][0]              │
├───────────────────────────────┼───────────────────────────┼─────────────────┼────────────────────────────┤
│ conv1d_18 (Conv1D)            │ (None, 1024, 32)          │           9,248 │ concatenate_2[0][0]        │
├───────────────────────────────┼───────────────────────────┼─────────────────┼────────────────────────────┤
│ batch_normalization_12        │ (None, 1024, 32)          │             128 │ conv1d_18[0][0]            │
│ (BatchNormalization)          │                           │                 │                            │
├───────────────────────────────┼───────────────────────────┼─────────────────┼────────────────────────────┤
│ re_lu_12 (ReLU)               │ (None, 1024, 32)          │               0 │ batch_normalization_12[0]… │
├───────────────────────────────┼───────────────────────────┼─────────────────┼────────────────────────────┤
│ conv1d_19 (Conv1D)            │ (None, 1024, 32)          │           3,104 │ re_lu_12[0][0]             │
├───────────────────────────────┼───────────────────────────┼─────────────────┼────────────────────────────┤
│ batch_normalization_13        │ (None, 1024, 32)          │             128 │ conv1d_19[0][0]            │
│ (BatchNormalization)          │                           │                 │                            │
├───────────────────────────────┼───────────────────────────┼─────────────────┼────────────────────────────┤
│ conv1d_20 (Conv1D)            │ (None, 1024, 32)          │           1,056 │ batch_normalization_13[0]… │
├───────────────────────────────┼───────────────────────────┼─────────────────┼────────────────────────────┤
│ add_6 (Add)                   │ (None, 1024, 32)          │               0 │ batch_normalization_13[0]… │
│                               │                           │                 │ conv1d_20[0][0]            │
├───────────────────────────────┼───────────────────────────┼─────────────────┼────────────────────────────┤
│ re_lu_13 (ReLU)               │ (None, 1024, 32)          │               0 │ add_6[0][0]                │
├───────────────────────────────┼───────────────────────────┼─────────────────┼────────────────────────────┤
│ conv1d_21 (Conv1D)            │ (None, 1024, 1)           │              33 │ re_lu_13[0][0]             │
└───────────────────────────────┴───────────────────────────┴─────────────────┴────────────────────────────┘
 Total params: 764,609 (2.92 MB)
 Trainable params: 761,793 (2.91 MB)
 Non-trainable params: 2,816 (11.00 KB)

